customer_id,current_mrr,annual_arr,churn_probability,predicted_risk_tier
CUST-107680,424.15,5089.8,0.0623,Low Risk
CUST-107911,424.15,5089.8,0.1006,Low Risk
CUST-112074,424.15,5089.8,0.0671,Low Risk
CUST-106174,126.65,1519.8,0.1124,Low Risk
CUST-103729,49.0,588.0,0.8413,High Risk
CUST-109408,41.65,499.8,0.2003,Low Risk
CUST-111035,1199.0,14388.0,0.2017,Low Risk
CUST-102797,424.15,5089.8,0.0787,Low Risk
CUST-106837,424.15,5089.8,0.061,Low Risk
CUST-110262,149.0,1788.0,0.2874,Low Risk
CUST-102366,41.65,499.8,0.1471,Low Risk
CUST-102540,424.15,5089.8,0.0499,Low Risk
CUST-100209,424.15,5089.8,0.1062,Low Risk
CUST-112237,149.0,1788.0,0.7028,High Risk
CUST-107020,126.65,1519.8,0.1136,Low Risk
CUST-108657,126.65,1519.8,0.1789,Low Risk
CUST-102228,149.0,1788.0,0.5303,Medium Risk
CUST-111473,499.0,5988.0,0.1302,Low Risk
CUST-102225,49.0,588.0,0.8477,High Risk
CUST-107051,126.65,1519.8,0.0765,Low Risk
CUST-106564,1199.0,14388.0,0.1927,Low Risk
CUST-110159,41.65,499.8,0.1486,Low Risk
CUST-103106,424.15,5089.8,0.0577,Low Risk
CUST-103345,49.0,588.0,0.6246,Medium Risk
CUST-109158,41.65,499.8,0.2529,Low Risk
CUST-108887,41.65,499.8,0.1199,Low Risk
CUST-105919,49.0,588.0,0.773,High Risk
CUST-111446,424.15,5089.8,0.0538,Low Risk
CUST-105099,499.0,5988.0,0.145,Low Risk
CUST-105627,126.65,1519.8,0.1553,Low Risk
CUST-106903,49.0,588.0,0.6674,High Risk
CUST-102598,41.65,499.8,0.2273,Low Risk
CUST-105216,149.0,1788.0,0.1933,Low Risk
CUST-109519,126.65,1519.8,0.1667,Low Risk
CUST-109165,49.0,588.0,0.5869,Medium Risk
CUST-100082,424.15,5089.8,0.1048,Low Risk
CUST-108919,41.65,499.8,0.1781,Low Risk
CUST-101153,424.15,5089.8,0.0973,Low Risk
CUST-105847,1019.15,12229.8,0.0866,Low Risk
CUST-111615,41.65,499.8,0.201,Low Risk
CUST-108549,49.0,588.0,0.8098,High Risk
CUST-102268,126.65,1519.8,0.1114,Low Risk
CUST-103348,41.65,499.8,0.2217,Low Risk
CUST-102597,49.0,588.0,0.7596,High Risk
CUST-104401,126.65,1519.8,0.1411,Low Risk
CUST-102572,424.15,5089.8,0.0666,Low Risk
CUST-100140,1199.0,14388.0,0.1662,Low Risk
CUST-100055,1019.15,12229.8,0.0653,Low Risk
CUST-106409,49.0,588.0,0.6807,High Risk
CUST-112250,49.0,588.0,0.6915,High Risk
CUST-104610,49.0,588.0,0.699,High Risk
CUST-102025,49.0,588.0,0.5415,Medium Risk
CUST-100371,499.0,5988.0,0.1587,Low Risk
CUST-100064,41.65,499.8,0.1678,Low Risk
CUST-102425,424.15,5089.8,0.0767,Low Risk
CUST-110188,424.15,5089.8,0.0929,Low Risk
CUST-111138,41.65,499.8,0.1945,Low Risk
CUST-104995,149.0,1788.0,0.5411,Medium Risk
CUST-106341,126.65,1519.8,0.1442,Low Risk
CUST-108118,126.65,1519.8,0.1678,Low Risk
CUST-108352,49.0,588.0,0.5953,Medium Risk
CUST-107922,126.65,1519.8,0.0929,Low Risk
CUST-111564,499.0,5988.0,0.179,Low Risk
CUST-107164,49.0,588.0,0.8081,High Risk
CUST-108134,499.0,5988.0,0.1501,Low Risk
CUST-111268,126.65,1519.8,0.1102,Low Risk
CUST-105117,149.0,1788.0,0.6612,High Risk
CUST-112426,149.0,1788.0,0.6699,High Risk
CUST-102402,41.65,499.8,0.168,Low Risk
CUST-101088,41.65,499.8,0.2083,Low Risk
CUST-109000,126.65,1519.8,0.1127,Low Risk
CUST-101449,41.65,499.8,0.1973,Low Risk
CUST-106530,49.0,588.0,0.7373,High Risk
CUST-111732,1019.15,12229.8,0.0828,Low Risk
CUST-112257,1199.0,14388.0,0.2065,Low Risk
CUST-100628,49.0,588.0,0.6288,Medium Risk
CUST-110704,424.15,5089.8,0.0971,Low Risk
CUST-101221,424.15,5089.8,0.0873,Low Risk
CUST-101750,126.65,1519.8,0.1424,Low Risk
CUST-102761,49.0,588.0,0.7649,High Risk
CUST-102107,149.0,1788.0,0.4344,Medium Risk
CUST-103682,424.15,5089.8,0.1116,Low Risk
CUST-105783,1019.15,12229.8,0.06,Low Risk
CUST-100061,41.65,499.8,0.2215,Low Risk
CUST-104253,126.65,1519.8,0.1302,Low Risk
CUST-102928,1019.15,12229.8,0.0828,Low Risk
CUST-112376,126.65,1519.8,0.1182,Low Risk
CUST-105826,126.65,1519.8,0.147,Low Risk
CUST-101957,126.65,1519.8,0.1741,Low Risk
CUST-103869,49.0,588.0,0.5289,Medium Risk
CUST-110672,49.0,588.0,0.6177,Medium Risk
CUST-102437,1019.15,12229.8,0.056,Low Risk
CUST-103552,1199.0,14388.0,0.1335,Low Risk
CUST-105913,41.65,499.8,0.1704,Low Risk
CUST-107727,49.0,588.0,0.5868,Medium Risk
CUST-103884,499.0,5988.0,0.1574,Low Risk
CUST-111165,149.0,1788.0,0.3545,Medium Risk
CUST-104996,424.15,5089.8,0.1006,Low Risk
CUST-100791,1199.0,14388.0,0.1928,Low Risk
CUST-100473,424.15,5089.8,0.0956,Low Risk
CUST-112284,41.65,499.8,0.1673,Low Risk
CUST-106701,49.0,588.0,0.6073,Medium Risk
CUST-103337,41.65,499.8,0.1892,Low Risk
CUST-108463,126.65,1519.8,0.1106,Low Risk
CUST-107134,424.15,5089.8,0.1124,Low Risk
CUST-105282,49.0,588.0,0.5524,Medium Risk
CUST-100835,126.65,1519.8,0.1166,Low Risk
CUST-111143,49.0,588.0,0.6222,Medium Risk
CUST-100687,149.0,1788.0,0.6938,High Risk
CUST-102726,41.65,499.8,0.1665,Low Risk
CUST-108223,126.65,1519.8,0.113,Low Risk
CUST-101932,424.15,5089.8,0.0945,Low Risk
CUST-110945,126.65,1519.8,0.1198,Low Risk
CUST-107049,49.0,588.0,0.7621,High Risk
CUST-111548,41.65,499.8,0.181,Low Risk
CUST-110071,41.65,499.8,0.2066,Low Risk
CUST-106623,149.0,1788.0,0.3381,Low Risk
CUST-111257,149.0,1788.0,0.5042,Medium Risk
CUST-110933,424.15,5089.8,0.078,Low Risk
CUST-109888,1019.15,12229.8,0.1051,Low Risk
CUST-107540,1019.15,12229.8,0.0806,Low Risk
CUST-111077,424.15,5089.8,0.0785,Low Risk
CUST-102622,149.0,1788.0,0.4643,Medium Risk
CUST-102173,126.65,1519.8,0.0997,Low Risk
CUST-105972,126.65,1519.8,0.1376,Low Risk
CUST-106162,41.65,499.8,0.1584,Low Risk
CUST-111898,424.15,5089.8,0.065,Low Risk
CUST-108750,126.65,1519.8,0.1546,Low Risk
CUST-111164,41.65,499.8,0.1525,Low Risk
CUST-111807,126.65,1519.8,0.1314,Low Risk
CUST-111317,126.65,1519.8,0.1759,Low Risk
CUST-111129,126.65,1519.8,0.1171,Low Risk
CUST-107989,126.65,1519.8,0.1575,Low Risk
CUST-112281,126.65,1519.8,0.0945,Low Risk
CUST-106016,149.0,1788.0,0.493,Medium Risk
CUST-110007,126.65,1519.8,0.1233,Low Risk
CUST-101170,149.0,1788.0,0.8008,High Risk
CUST-112159,149.0,1788.0,0.3863,Medium Risk
CUST-110751,424.15,5089.8,0.0632,Low Risk
CUST-101114,424.15,5089.8,0.0835,Low Risk
CUST-104782,424.15,5089.8,0.0578,Low Risk
CUST-107915,49.0,588.0,0.8812,High Risk
CUST-108602,149.0,1788.0,0.6925,High Risk
CUST-109104,149.0,1788.0,0.3426,Low Risk
CUST-102945,499.0,5988.0,0.2354,Low Risk
CUST-102438,499.0,5988.0,0.1468,Low Risk
CUST-107395,126.65,1519.8,0.1276,Low Risk
CUST-102136,149.0,1788.0,0.5366,Medium Risk
CUST-102737,41.65,499.8,0.2053,Low Risk
CUST-101947,41.65,499.8,0.136,Low Risk
CUST-109517,1019.15,12229.8,0.094,Low Risk
CUST-105201,126.65,1519.8,0.1028,Low Risk
CUST-102775,49.0,588.0,0.5961,Medium Risk
CUST-111981,1019.15,12229.8,0.0651,Low Risk
CUST-104202,149.0,1788.0,0.7178,High Risk
CUST-101873,126.65,1519.8,0.1198,Low Risk
CUST-100712,149.0,1788.0,0.342,Low Risk
CUST-106787,49.0,588.0,0.7967,High Risk
CUST-106517,49.0,588.0,0.7581,High Risk
CUST-106977,149.0,1788.0,0.7636,High Risk
CUST-112124,126.65,1519.8,0.1314,Low Risk
CUST-104859,41.65,499.8,0.1803,Low Risk
CUST-103549,126.65,1519.8,0.1065,Low Risk
CUST-105723,49.0,588.0,0.5833,Medium Risk
CUST-111340,149.0,1788.0,0.4678,Medium Risk
CUST-103542,126.65,1519.8,0.1033,Low Risk
CUST-108124,126.65,1519.8,0.1347,Low Risk
CUST-103546,424.15,5089.8,0.0841,Low Risk
CUST-107823,49.0,588.0,0.5669,Medium Risk
CUST-102613,424.15,5089.8,0.1165,Low Risk
CUST-105459,41.65,499.8,0.1641,Low Risk
CUST-100792,499.0,5988.0,0.1769,Low Risk
CUST-109015,49.0,588.0,0.5741,Medium Risk
CUST-103136,41.65,499.8,0.1554,Low Risk
CUST-106952,126.65,1519.8,0.0944,Low Risk
CUST-100692,126.65,1519.8,0.1732,Low Risk
CUST-100244,126.65,1519.8,0.1152,Low Risk
CUST-106884,41.65,499.8,0.1403,Low Risk
CUST-111818,126.65,1519.8,0.1655,Low Risk
CUST-108322,49.0,588.0,0.7634,High Risk
CUST-100704,49.0,588.0,0.7086,High Risk
CUST-100338,149.0,1788.0,0.5768,Medium Risk
CUST-103486,499.0,5988.0,0.1489,Low Risk
CUST-100395,126.65,1519.8,0.1023,Low Risk
CUST-105128,424.15,5089.8,0.0627,Low Risk
CUST-106993,49.0,588.0,0.5774,Medium Risk
CUST-104021,424.15,5089.8,0.0733,Low Risk
CUST-103351,424.15,5089.8,0.0593,Low Risk
CUST-107420,49.0,588.0,0.8415,High Risk
CUST-105056,126.65,1519.8,0.1098,Low Risk
CUST-104158,126.65,1519.8,0.08,Low Risk
CUST-105486,49.0,588.0,0.7542,High Risk
CUST-108658,126.65,1519.8,0.1035,Low Risk
CUST-102680,499.0,5988.0,0.2306,Low Risk
CUST-104203,49.0,588.0,0.781,High Risk
CUST-106355,49.0,588.0,0.7222,High Risk
CUST-104319,41.65,499.8,0.1766,Low Risk
CUST-109970,49.0,588.0,0.5846,Medium Risk
CUST-107887,49.0,588.0,0.7036,High Risk
CUST-100847,1019.15,12229.8,0.0774,Low Risk
CUST-100604,49.0,588.0,0.8058,High Risk
CUST-109174,49.0,588.0,0.7103,High Risk
CUST-101762,41.65,499.8,0.1497,Low Risk
CUST-100914,1019.15,12229.8,0.0365,Low Risk
CUST-101788,424.15,5089.8,0.0495,Low Risk
CUST-109326,424.15,5089.8,0.0444,Low Risk
CUST-104003,41.65,499.8,0.19,Low Risk
CUST-102057,41.65,499.8,0.1407,Low Risk
CUST-106075,424.15,5089.8,0.0813,Low Risk
CUST-111709,126.65,1519.8,0.1802,Low Risk
CUST-110522,41.65,499.8,0.1762,Low Risk
CUST-107326,424.15,5089.8,0.0774,Low Risk
CUST-110596,41.65,499.8,0.2016,Low Risk
CUST-112080,149.0,1788.0,0.4912,Medium Risk
CUST-103883,126.65,1519.8,0.1597,Low Risk
CUST-100906,149.0,1788.0,0.7992,High Risk
CUST-108050,1019.15,12229.8,0.0866,Low Risk
CUST-110869,41.65,499.8,0.2146,Low Risk
CUST-100063,149.0,1788.0,0.4704,Medium Risk
CUST-105918,424.15,5089.8,0.0872,Low Risk
CUST-105659,424.15,5089.8,0.0501,Low Risk
CUST-107943,1199.0,14388.0,0.2367,Low Risk
CUST-107185,149.0,1788.0,0.6875,High Risk
CUST-102207,499.0,5988.0,0.1393,Low Risk
CUST-111071,49.0,588.0,0.5941,Medium Risk
CUST-106898,424.15,5089.8,0.0811,Low Risk
CUST-111893,49.0,588.0,0.6206,Medium Risk
CUST-107677,149.0,1788.0,0.6444,Medium Risk
CUST-107969,49.0,588.0,0.7551,High Risk
CUST-104626,499.0,5988.0,0.1505,Low Risk
CUST-109225,149.0,1788.0,0.5693,Medium Risk
CUST-105520,149.0,1788.0,0.6275,Medium Risk
CUST-105186,126.65,1519.8,0.1687,Low Risk
CUST-108126,126.65,1519.8,0.133,Low Risk
CUST-112151,126.65,1519.8,0.1065,Low Risk
CUST-107597,424.15,5089.8,0.0762,Low Risk
CUST-110806,149.0,1788.0,0.5779,Medium Risk
CUST-108668,149.0,1788.0,0.2537,Low Risk
CUST-109885,499.0,5988.0,0.1576,Low Risk
CUST-103294,41.65,499.8,0.2122,Low Risk
CUST-106451,499.0,5988.0,0.2242,Low Risk
CUST-109261,499.0,5988.0,0.1563,Low Risk
CUST-106855,149.0,1788.0,0.2567,Low Risk
CUST-111278,49.0,588.0,0.8288,High Risk
CUST-101711,424.15,5089.8,0.0558,Low Risk
CUST-109515,126.65,1519.8,0.108,Low Risk
CUST-108477,49.0,588.0,0.5482,Medium Risk
CUST-100051,149.0,1788.0,0.8003,High Risk
CUST-101111,499.0,5988.0,0.237,Low Risk
CUST-100232,126.65,1519.8,0.1018,Low Risk
CUST-101418,499.0,5988.0,0.2176,Low Risk
CUST-111697,49.0,588.0,0.7581,High Risk
CUST-108995,126.65,1519.8,0.1119,Low Risk
CUST-108965,41.65,499.8,0.1597,Low Risk
CUST-102960,41.65,499.8,0.1645,Low Risk
CUST-107665,499.0,5988.0,0.1079,Low Risk
CUST-106773,49.0,588.0,0.6478,Medium Risk
CUST-110944,424.15,5089.8,0.0638,Low Risk
CUST-111177,424.15,5089.8,0.0898,Low Risk
CUST-101252,126.65,1519.8,0.1668,Low Risk
CUST-110805,149.0,1788.0,0.736,High Risk
CUST-110695,49.0,588.0,0.7186,High Risk
CUST-102760,126.65,1519.8,0.1165,Low Risk
CUST-103476,41.65,499.8,0.1446,Low Risk
CUST-104258,1019.15,12229.8,0.0754,Low Risk
CUST-105769,41.65,499.8,0.165,Low Risk
CUST-110563,126.65,1519.8,0.11,Low Risk
CUST-100679,1019.15,12229.8,0.0637,Low Risk
CUST-107759,41.65,499.8,0.2588,Low Risk
CUST-108183,49.0,588.0,0.6189,Medium Risk
CUST-106007,126.65,1519.8,0.1061,Low Risk
CUST-108114,126.65,1519.8,0.1025,Low Risk
CUST-109442,424.15,5089.8,0.065,Low Risk
CUST-109737,41.65,499.8,0.2126,Low Risk
CUST-105784,41.65,499.8,0.1852,Low Risk
CUST-111329,424.15,5089.8,0.0785,Low Risk
CUST-107294,49.0,588.0,0.8968,High Risk
CUST-105255,49.0,588.0,0.7151,High Risk
CUST-109103,49.0,588.0,0.8541,High Risk
CUST-108198,49.0,588.0,0.8519,High Risk
CUST-107853,424.15,5089.8,0.116,Low Risk
CUST-104168,49.0,588.0,0.7072,High Risk
CUST-107481,499.0,5988.0,0.1942,Low Risk
CUST-110825,424.15,5089.8,0.0704,Low Risk
CUST-102251,149.0,1788.0,0.5224,Medium Risk
CUST-111211,424.15,5089.8,0.0605,Low Risk
CUST-109028,49.0,588.0,0.6107,Medium Risk
CUST-102528,149.0,1788.0,0.4369,Medium Risk
CUST-103208,49.0,588.0,0.7829,High Risk
CUST-101967,49.0,588.0,0.674,High Risk
CUST-103039,49.0,588.0,0.6519,High Risk
CUST-106125,126.65,1519.8,0.1514,Low Risk
CUST-103096,41.65,499.8,0.2215,Low Risk
CUST-112371,41.65,499.8,0.2056,Low Risk
CUST-106103,49.0,588.0,0.6587,High Risk
CUST-104178,126.65,1519.8,0.1071,Low Risk
CUST-100633,49.0,588.0,0.7767,High Risk
CUST-109958,49.0,588.0,0.7526,High Risk
CUST-107268,499.0,5988.0,0.1287,Low Risk
CUST-110544,499.0,5988.0,0.1483,Low Risk
CUST-103356,149.0,1788.0,0.2681,Low Risk
CUST-110831,424.15,5089.8,0.1056,Low Risk
CUST-112488,424.15,5089.8,0.1289,Low Risk
CUST-104174,149.0,1788.0,0.328,Low Risk
CUST-107174,49.0,588.0,0.7644,High Risk
CUST-103640,149.0,1788.0,0.7774,High Risk
CUST-100760,1019.15,12229.8,0.0737,Low Risk
CUST-108634,126.65,1519.8,0.1732,Low Risk
CUST-105146,126.65,1519.8,0.0828,Low Risk
CUST-110710,41.65,499.8,0.1922,Low Risk
CUST-101105,126.65,1519.8,0.1271,Low Risk
CUST-105024,41.65,499.8,0.1484,Low Risk
CUST-109940,149.0,1788.0,0.6299,Medium Risk
CUST-109719,499.0,5988.0,0.1349,Low Risk
CUST-110324,49.0,588.0,0.7497,High Risk
CUST-101831,126.65,1519.8,0.1139,Low Risk
CUST-100598,126.65,1519.8,0.1371,Low Risk
CUST-102714,49.0,588.0,0.7762,High Risk
CUST-111111,424.15,5089.8,0.0632,Low Risk
CUST-102505,41.65,499.8,0.1634,Low Risk
CUST-106923,499.0,5988.0,0.2089,Low Risk
CUST-109099,126.65,1519.8,0.1437,Low Risk
CUST-107363,424.15,5089.8,0.0663,Low Risk
CUST-104664,126.65,1519.8,0.0812,Low Risk
CUST-106629,49.0,588.0,0.6525,High Risk
CUST-103248,41.65,499.8,0.2072,Low Risk
CUST-101818,41.65,499.8,0.1651,Low Risk
CUST-103604,41.65,499.8,0.1968,Low Risk
CUST-109904,126.65,1519.8,0.1313,Low Risk
CUST-108396,424.15,5089.8,0.0592,Low Risk
CUST-101870,49.0,588.0,0.7387,High Risk
CUST-104170,149.0,1788.0,0.2517,Low Risk
CUST-104063,149.0,1788.0,0.5388,Medium Risk
CUST-107544,149.0,1788.0,0.5594,Medium Risk
CUST-108790,424.15,5089.8,0.0596,Low Risk
CUST-110308,126.65,1519.8,0.1441,Low Risk
CUST-110797,424.15,5089.8,0.0746,Low Risk
CUST-101134,41.65,499.8,0.1318,Low Risk
CUST-103718,424.15,5089.8,0.069,Low Risk
CUST-108971,149.0,1788.0,0.8319,High Risk
CUST-111575,41.65,499.8,0.1796,Low Risk
CUST-110473,49.0,588.0,0.642,Medium Risk
CUST-106169,49.0,588.0,0.7044,High Risk
CUST-102676,41.65,499.8,0.2311,Low Risk
CUST-108611,41.65,499.8,0.1557,Low Risk
CUST-103186,126.65,1519.8,0.1239,Low Risk
CUST-103736,126.65,1519.8,0.1077,Low Risk
CUST-111756,149.0,1788.0,0.2648,Low Risk
CUST-105951,41.65,499.8,0.1625,Low Risk
CUST-108127,1019.15,12229.8,0.0636,Low Risk
CUST-107976,424.15,5089.8,0.0891,Low Risk
CUST-106320,149.0,1788.0,0.5439,Medium Risk
CUST-111113,126.65,1519.8,0.0891,Low Risk
CUST-103753,41.65,499.8,0.1684,Low Risk
CUST-101071,1199.0,14388.0,0.2486,Low Risk
CUST-108739,41.65,499.8,0.2242,Low Risk
CUST-100644,149.0,1788.0,0.6361,Medium Risk
CUST-102562,49.0,588.0,0.7281,High Risk
CUST-107153,49.0,588.0,0.6676,High Risk
CUST-101185,424.15,5089.8,0.058,Low Risk
CUST-105547,41.65,499.8,0.1949,Low Risk
CUST-110856,41.65,499.8,0.1624,Low Risk
CUST-101757,41.65,499.8,0.1371,Low Risk
CUST-107031,149.0,1788.0,0.2886,Low Risk
CUST-105299,126.65,1519.8,0.166,Low Risk
CUST-103284,41.65,499.8,0.1712,Low Risk
CUST-109810,49.0,588.0,0.7138,High Risk
CUST-108435,126.65,1519.8,0.1575,Low Risk
CUST-109455,499.0,5988.0,0.2207,Low Risk
CUST-101016,499.0,5988.0,0.2141,Low Risk
CUST-103428,1019.15,12229.8,0.0715,Low Risk
CUST-110768,424.15,5089.8,0.077,Low Risk
CUST-109108,149.0,1788.0,0.5616,Medium Risk
CUST-109073,499.0,5988.0,0.1463,Low Risk
CUST-103092,149.0,1788.0,0.4747,Medium Risk
CUST-112120,149.0,1788.0,0.5145,Medium Risk
CUST-106039,424.15,5089.8,0.0492,Low Risk
CUST-106586,424.15,5089.8,0.1012,Low Risk
CUST-107868,424.15,5089.8,0.0669,Low Risk
CUST-102282,49.0,588.0,0.5386,Medium Risk
CUST-103319,1019.15,12229.8,0.0812,Low Risk
CUST-112241,41.65,499.8,0.2003,Low Risk
CUST-109229,149.0,1788.0,0.603,Medium Risk
CUST-111030,149.0,1788.0,0.3268,Low Risk
CUST-103554,1019.15,12229.8,0.0763,Low Risk
CUST-108994,41.65,499.8,0.16,Low Risk
CUST-101553,149.0,1788.0,0.6215,Medium Risk
CUST-104824,49.0,588.0,0.6866,High Risk
CUST-104866,49.0,588.0,0.7577,High Risk
CUST-103424,499.0,5988.0,0.1709,Low Risk
CUST-106973,49.0,588.0,0.601,Medium Risk
CUST-100777,49.0,588.0,0.8433,High Risk
CUST-101754,49.0,588.0,0.6653,High Risk
CUST-105175,49.0,588.0,0.5646,Medium Risk
CUST-112369,126.65,1519.8,0.1282,Low Risk
CUST-109676,424.15,5089.8,0.0685,Low Risk
CUST-106144,424.15,5089.8,0.0833,Low Risk
CUST-100765,49.0,588.0,0.7343,High Risk
CUST-109748,149.0,1788.0,0.2901,Low Risk
CUST-101567,424.15,5089.8,0.0633,Low Risk
CUST-103704,49.0,588.0,0.7472,High Risk
CUST-102993,49.0,588.0,0.6952,High Risk
CUST-100549,126.65,1519.8,0.1652,Low Risk
CUST-103473,126.65,1519.8,0.0941,Low Risk
CUST-112258,126.65,1519.8,0.1508,Low Risk
CUST-104828,49.0,588.0,0.6513,High Risk
CUST-110283,126.65,1519.8,0.1379,Low Risk
CUST-105475,149.0,1788.0,0.1964,Low Risk
CUST-109699,424.15,5089.8,0.0784,Low Risk
CUST-100900,149.0,1788.0,0.6373,Medium Risk
CUST-103061,424.15,5089.8,0.0619,Low Risk
CUST-110492,1019.15,12229.8,0.07,Low Risk
CUST-109304,149.0,1788.0,0.2304,Low Risk
CUST-107416,1019.15,12229.8,0.0684,Low Risk
CUST-110875,49.0,588.0,0.6077,Medium Risk
CUST-109566,1019.15,12229.8,0.0454,Low Risk
CUST-100305,126.65,1519.8,0.1078,Low Risk
CUST-107241,49.0,588.0,0.6022,Medium Risk
CUST-105454,424.15,5089.8,0.0876,Low Risk
CUST-106440,49.0,588.0,0.741,High Risk
CUST-101966,49.0,588.0,0.6621,High Risk
CUST-102461,1019.15,12229.8,0.085,Low Risk
CUST-101258,499.0,5988.0,0.1401,Low Risk
CUST-112027,126.65,1519.8,0.1654,Low Risk
CUST-102767,1019.15,12229.8,0.0962,Low Risk
CUST-107872,41.65,499.8,0.2059,Low Risk
CUST-103197,49.0,588.0,0.5723,Medium Risk
CUST-103703,126.65,1519.8,0.1466,Low Risk
CUST-105866,126.65,1519.8,0.1335,Low Risk
CUST-103036,41.65,499.8,0.1918,Low Risk
CUST-100297,41.65,499.8,0.1347,Low Risk
CUST-111459,149.0,1788.0,0.3429,Low Risk
CUST-110585,149.0,1788.0,0.1839,Low Risk
CUST-100552,126.65,1519.8,0.1456,Low Risk
CUST-102633,126.65,1519.8,0.1293,Low Risk
CUST-107399,126.65,1519.8,0.1418,Low Risk
CUST-107446,149.0,1788.0,0.2744,Low Risk
CUST-110323,424.15,5089.8,0.0759,Low Risk
CUST-105867,424.15,5089.8,0.0844,Low Risk
CUST-101594,126.65,1519.8,0.1033,Low Risk
CUST-106066,41.65,499.8,0.2271,Low Risk
CUST-105887,41.65,499.8,0.2158,Low Risk
CUST-111855,126.65,1519.8,0.1258,Low Risk
CUST-109830,49.0,588.0,0.6439,Medium Risk
CUST-102176,424.15,5089.8,0.0534,Low Risk
CUST-102313,41.65,499.8,0.2183,Low Risk
CUST-109620,41.65,499.8,0.1128,Low Risk
CUST-110060,49.0,588.0,0.5749,Medium Risk
CUST-103835,49.0,588.0,0.5841,Medium Risk
CUST-101427,424.15,5089.8,0.0419,Low Risk
CUST-100756,424.15,5089.8,0.0565,Low Risk
CUST-101003,149.0,1788.0,0.5108,Medium Risk
CUST-105699,49.0,588.0,0.7618,High Risk
CUST-102544,126.65,1519.8,0.1115,Low Risk
CUST-107907,149.0,1788.0,0.7206,High Risk
CUST-105681,41.65,499.8,0.1602,Low Risk
CUST-104940,149.0,1788.0,0.5388,Medium Risk
CUST-101568,499.0,5988.0,0.1587,Low Risk
CUST-109828,41.65,499.8,0.1984,Low Risk
CUST-103553,149.0,1788.0,0.2397,Low Risk
CUST-111152,149.0,1788.0,0.816,High Risk
CUST-107223,126.65,1519.8,0.0822,Low Risk
CUST-101681,499.0,5988.0,0.1783,Low Risk
CUST-107362,49.0,588.0,0.8777,High Risk
CUST-101909,424.15,5089.8,0.0817,Low Risk
CUST-111571,126.65,1519.8,0.1509,Low Risk
CUST-106189,424.15,5089.8,0.0607,Low Risk
CUST-107666,49.0,588.0,0.6769,High Risk
CUST-100504,126.65,1519.8,0.119,Low Risk
CUST-102359,126.65,1519.8,0.1322,Low Risk
CUST-103780,126.65,1519.8,0.1667,Low Risk
CUST-107073,424.15,5089.8,0.0521,Low Risk
CUST-104229,41.65,499.8,0.1514,Low Risk
CUST-104411,41.65,499.8,0.1519,Low Risk
CUST-105478,49.0,588.0,0.5514,Medium Risk
CUST-100078,49.0,588.0,0.79,High Risk
CUST-104879,49.0,588.0,0.5958,Medium Risk
CUST-111682,499.0,5988.0,0.1284,Low Risk
CUST-109665,424.15,5089.8,0.0492,Low Risk
CUST-106369,149.0,1788.0,0.5131,Medium Risk
CUST-111187,424.15,5089.8,0.0973,Low Risk
CUST-103642,149.0,1788.0,0.435,Medium Risk
CUST-102195,424.15,5089.8,0.0552,Low Risk
CUST-104780,41.65,499.8,0.2069,Low Risk
CUST-103221,499.0,5988.0,0.1422,Low Risk
CUST-112005,1019.15,12229.8,0.07,Low Risk
CUST-104363,499.0,5988.0,0.1852,Low Risk
CUST-110559,126.65,1519.8,0.1128,Low Risk
CUST-110057,149.0,1788.0,0.7434,High Risk
CUST-100723,126.65,1519.8,0.118,Low Risk
CUST-100623,49.0,588.0,0.765,High Risk
CUST-106186,499.0,5988.0,0.1608,Low Risk
CUST-110990,126.65,1519.8,0.1045,Low Risk
CUST-108104,49.0,588.0,0.5736,Medium Risk
CUST-111044,499.0,5988.0,0.2241,Low Risk
CUST-104599,424.15,5089.8,0.0922,Low Risk
CUST-108798,126.65,1519.8,0.109,Low Risk
CUST-109705,149.0,1788.0,0.6628,High Risk
CUST-104638,41.65,499.8,0.2029,Low Risk
CUST-108534,149.0,1788.0,0.5135,Medium Risk
CUST-110491,41.65,499.8,0.1692,Low Risk
CUST-109241,126.65,1519.8,0.1154,Low Risk
CUST-101822,499.0,5988.0,0.2104,Low Risk
CUST-100159,49.0,588.0,0.583,Medium Risk
CUST-102987,49.0,588.0,0.6369,Medium Risk
CUST-103964,41.65,499.8,0.2656,Low Risk
CUST-109807,49.0,588.0,0.6663,High Risk
CUST-111837,126.65,1519.8,0.1264,Low Risk
CUST-103170,1019.15,12229.8,0.1028,Low Risk
CUST-101626,49.0,588.0,0.6956,High Risk
CUST-107961,424.15,5089.8,0.0845,Low Risk
CUST-101015,149.0,1788.0,0.6665,High Risk
CUST-100694,126.65,1519.8,0.1851,Low Risk
CUST-111982,149.0,1788.0,0.6683,High Risk
CUST-107407,149.0,1788.0,0.5601,Medium Risk
CUST-104829,424.15,5089.8,0.1133,Low Risk
CUST-103207,126.65,1519.8,0.1205,Low Risk
CUST-110964,149.0,1788.0,0.7836,High Risk
CUST-106328,49.0,588.0,0.6957,High Risk
CUST-109856,149.0,1788.0,0.7594,High Risk
CUST-107557,41.65,499.8,0.2066,Low Risk
CUST-100288,126.65,1519.8,0.1059,Low Risk
CUST-100886,49.0,588.0,0.6414,Medium Risk
CUST-107112,149.0,1788.0,0.6781,High Risk
CUST-106444,149.0,1788.0,0.5532,Medium Risk
CUST-109482,41.65,499.8,0.2006,Low Risk
CUST-101355,1019.15,12229.8,0.0629,Low Risk
CUST-109525,499.0,5988.0,0.184,Low Risk
CUST-111778,126.65,1519.8,0.1502,Low Risk
CUST-106957,424.15,5089.8,0.0539,Low Risk
CUST-106729,49.0,588.0,0.6642,High Risk
CUST-100683,149.0,1788.0,0.7,High Risk
CUST-108581,149.0,1788.0,0.6517,High Risk
CUST-108205,41.65,499.8,0.1972,Low Risk
CUST-108059,49.0,588.0,0.865,High Risk
CUST-106136,41.65,499.8,0.2348,Low Risk
CUST-109708,149.0,1788.0,0.5059,Medium Risk
CUST-110016,49.0,588.0,0.6638,High Risk
CUST-110879,424.15,5089.8,0.1022,Low Risk
CUST-104513,1019.15,12229.8,0.0899,Low Risk
CUST-102130,126.65,1519.8,0.1235,Low Risk
CUST-109473,149.0,1788.0,0.2409,Low Risk
CUST-105597,41.65,499.8,0.23,Low Risk
CUST-112220,41.65,499.8,0.1644,Low Risk
CUST-109887,49.0,588.0,0.6296,Medium Risk
CUST-108973,149.0,1788.0,0.71,High Risk
CUST-111662,149.0,1788.0,0.6659,High Risk
CUST-108876,149.0,1788.0,0.2425,Low Risk
CUST-110425,126.65,1519.8,0.1323,Low Risk
CUST-103992,424.15,5089.8,0.0892,Low Risk
CUST-106318,49.0,588.0,0.5457,Medium Risk
CUST-107192,499.0,5988.0,0.2183,Low Risk
CUST-106777,126.65,1519.8,0.1434,Low Risk
CUST-109956,149.0,1788.0,0.603,Medium Risk
CUST-102488,149.0,1788.0,0.5819,Medium Risk
CUST-102674,424.15,5089.8,0.046,Low Risk
CUST-108606,126.65,1519.8,0.1424,Low Risk
CUST-100290,424.15,5089.8,0.0766,Low Risk
CUST-111877,126.65,1519.8,0.122,Low Risk
CUST-110592,1019.15,12229.8,0.0576,Low Risk
CUST-111935,49.0,588.0,0.6607,High Risk
CUST-104600,424.15,5089.8,0.0962,Low Risk
CUST-107334,41.65,499.8,0.1577,Low Risk
CUST-105376,424.15,5089.8,0.0626,Low Risk
CUST-102477,149.0,1788.0,0.7212,High Risk
CUST-103334,126.65,1519.8,0.0706,Low Risk
CUST-103209,49.0,588.0,0.5733,Medium Risk
CUST-106533,126.65,1519.8,0.1361,Low Risk
CUST-109842,499.0,5988.0,0.1204,Low Risk
CUST-108735,49.0,588.0,0.5964,Medium Risk
CUST-105205,49.0,588.0,0.6263,Medium Risk
CUST-111624,424.15,5089.8,0.0698,Low Risk
CUST-100173,49.0,588.0,0.7045,High Risk
CUST-105564,41.65,499.8,0.1774,Low Risk
CUST-101722,424.15,5089.8,0.0609,Low Risk
CUST-104618,41.65,499.8,0.2096,Low Risk
CUST-110013,424.15,5089.8,0.0567,Low Risk
CUST-102014,499.0,5988.0,0.144,Low Risk
CUST-101378,41.65,499.8,0.1619,Low Risk
CUST-104041,1019.15,12229.8,0.0453,Low Risk
CUST-100010,49.0,588.0,0.5807,Medium Risk
CUST-108256,126.65,1519.8,0.1159,Low Risk
CUST-112266,49.0,588.0,0.5556,Medium Risk
CUST-108203,41.65,499.8,0.2083,Low Risk
CUST-106996,49.0,588.0,0.7061,High Risk
CUST-110848,49.0,588.0,0.6386,Medium Risk
CUST-109640,499.0,5988.0,0.173,Low Risk
CUST-101607,41.65,499.8,0.1506,Low Risk
CUST-100830,424.15,5089.8,0.0776,Low Risk
CUST-100378,424.15,5089.8,0.0611,Low Risk
CUST-108373,424.15,5089.8,0.0922,Low Risk
CUST-109558,424.15,5089.8,0.0768,Low Risk
CUST-106254,126.65,1519.8,0.1534,Low Risk
CUST-110884,41.65,499.8,0.1999,Low Risk
CUST-110500,41.65,499.8,0.2317,Low Risk
CUST-100193,126.65,1519.8,0.1665,Low Risk
CUST-108245,424.15,5089.8,0.058,Low Risk
CUST-104994,1019.15,12229.8,0.0639,Low Risk
CUST-109660,1019.15,12229.8,0.057,Low Risk
CUST-100249,41.65,499.8,0.1931,Low Risk
CUST-104863,149.0,1788.0,0.5646,Medium Risk
CUST-111382,126.65,1519.8,0.1164,Low Risk
CUST-102874,149.0,1788.0,0.5108,Medium Risk
CUST-105970,424.15,5089.8,0.065,Low Risk
CUST-103069,424.15,5089.8,0.0701,Low Risk
CUST-104437,149.0,1788.0,0.784,High Risk
CUST-109964,424.15,5089.8,0.0979,Low Risk
CUST-103301,424.15,5089.8,0.0808,Low Risk
CUST-101636,41.65,499.8,0.2227,Low Risk
CUST-102436,499.0,5988.0,0.1593,Low Risk
CUST-105035,499.0,5988.0,0.1295,Low Risk
CUST-108480,424.15,5089.8,0.0891,Low Risk
CUST-103253,1019.15,12229.8,0.113,Low Risk
CUST-100970,1019.15,12229.8,0.0606,Low Risk
CUST-100728,499.0,5988.0,0.2218,Low Risk
CUST-108073,149.0,1788.0,0.2708,Low Risk
CUST-102179,1019.15,12229.8,0.0891,Low Risk
CUST-104957,1019.15,12229.8,0.069,Low Risk
CUST-111414,149.0,1788.0,0.6094,Medium Risk
CUST-106159,424.15,5089.8,0.0803,Low Risk
CUST-106827,126.65,1519.8,0.1839,Low Risk
CUST-106262,49.0,588.0,0.7896,High Risk
CUST-108643,41.65,499.8,0.107,Low Risk
CUST-110206,126.65,1519.8,0.1551,Low Risk
CUST-102728,41.65,499.8,0.1593,Low Risk
CUST-111325,499.0,5988.0,0.1178,Low Risk
CUST-110741,424.15,5089.8,0.0827,Low Risk
CUST-105695,49.0,588.0,0.6415,Medium Risk
CUST-108384,149.0,1788.0,0.3078,Low Risk
CUST-107424,49.0,588.0,0.6076,Medium Risk
CUST-112422,41.65,499.8,0.1311,Low Risk
CUST-106540,49.0,588.0,0.6474,Medium Risk
CUST-100801,49.0,588.0,0.5855,Medium Risk
CUST-111345,424.15,5089.8,0.0937,Low Risk
CUST-108360,126.65,1519.8,0.0736,Low Risk
CUST-108271,126.65,1519.8,0.1282,Low Risk
CUST-108392,49.0,588.0,0.7749,High Risk
CUST-109770,41.65,499.8,0.2379,Low Risk
CUST-100366,126.65,1519.8,0.1387,Low Risk
CUST-105565,41.65,499.8,0.1735,Low Risk
CUST-104810,149.0,1788.0,0.677,High Risk
CUST-110697,49.0,588.0,0.8186,High Risk
CUST-107235,41.65,499.8,0.1663,Low Risk
CUST-108631,149.0,1788.0,0.2339,Low Risk
CUST-106677,149.0,1788.0,0.2824,Low Risk
CUST-102971,41.65,499.8,0.1276,Low Risk
CUST-106156,41.65,499.8,0.161,Low Risk
CUST-111677,424.15,5089.8,0.0594,Low Risk
CUST-108215,424.15,5089.8,0.0622,Low Risk
CUST-106219,424.15,5089.8,0.0833,Low Risk
CUST-101772,126.65,1519.8,0.1089,Low Risk
CUST-100448,126.65,1519.8,0.1502,Low Risk
CUST-105578,49.0,588.0,0.7672,High Risk
CUST-112123,49.0,588.0,0.6727,High Risk
CUST-105645,126.65,1519.8,0.1335,Low Risk
CUST-110349,126.65,1519.8,0.1661,Low Risk
CUST-112097,49.0,588.0,0.6274,Medium Risk
CUST-108258,49.0,588.0,0.5725,Medium Risk
CUST-105693,41.65,499.8,0.1568,Low Risk
CUST-105367,424.15,5089.8,0.0749,Low Risk
CUST-105144,149.0,1788.0,0.5427,Medium Risk
CUST-110689,424.15,5089.8,0.1025,Low Risk
CUST-111995,41.65,499.8,0.2027,Low Risk
CUST-112300,149.0,1788.0,0.761,High Risk
CUST-111815,126.65,1519.8,0.1432,Low Risk
CUST-100385,424.15,5089.8,0.0921,Low Risk
CUST-107910,49.0,588.0,0.5615,Medium Risk
CUST-109981,126.65,1519.8,0.1112,Low Risk
CUST-105388,1019.15,12229.8,0.0618,Low Risk
CUST-112069,499.0,5988.0,0.2632,Low Risk
CUST-106575,1019.15,12229.8,0.0634,Low Risk
CUST-111135,126.65,1519.8,0.123,Low Risk
CUST-110162,41.65,499.8,0.1465,Low Risk
CUST-106593,499.0,5988.0,0.177,Low Risk
CUST-105181,149.0,1788.0,0.2889,Low Risk
CUST-101888,126.65,1519.8,0.0982,Low Risk
CUST-107528,1019.15,12229.8,0.0725,Low Risk
CUST-101490,424.15,5089.8,0.0884,Low Risk
CUST-109806,149.0,1788.0,0.749,High Risk
CUST-105584,1019.15,12229.8,0.0792,Low Risk
CUST-112112,49.0,588.0,0.757,High Risk
CUST-104804,499.0,5988.0,0.1338,Low Risk
CUST-105266,499.0,5988.0,0.1416,Low Risk
CUST-101799,49.0,588.0,0.7166,High Risk
CUST-106411,49.0,588.0,0.7347,High Risk
CUST-103343,126.65,1519.8,0.1441,Low Risk
CUST-109511,149.0,1788.0,0.6953,High Risk
CUST-102453,149.0,1788.0,0.5932,Medium Risk
CUST-101019,41.65,499.8,0.18,Low Risk
CUST-100261,424.15,5089.8,0.0482,Low Risk
CUST-110711,49.0,588.0,0.7462,High Risk
CUST-105920,41.65,499.8,0.1996,Low Risk
CUST-110908,424.15,5089.8,0.0996,Low Risk
CUST-103829,126.65,1519.8,0.0953,Low Risk
CUST-102288,49.0,588.0,0.7325,High Risk
CUST-111626,149.0,1788.0,0.5383,Medium Risk
CUST-108458,49.0,588.0,0.7306,High Risk
CUST-106507,41.65,499.8,0.1713,Low Risk
CUST-106682,49.0,588.0,0.6039,Medium Risk
CUST-108597,126.65,1519.8,0.1227,Low Risk
CUST-112072,424.15,5089.8,0.0631,Low Risk
CUST-100666,149.0,1788.0,0.6923,High Risk
CUST-107748,149.0,1788.0,0.7595,High Risk
CUST-104908,149.0,1788.0,0.2973,Low Risk
CUST-101306,1199.0,14388.0,0.1668,Low Risk
CUST-101384,126.65,1519.8,0.1173,Low Risk
CUST-108566,149.0,1788.0,0.629,Medium Risk
CUST-103581,424.15,5089.8,0.0562,Low Risk
CUST-109544,424.15,5089.8,0.0919,Low Risk
CUST-100973,49.0,588.0,0.7625,High Risk
CUST-110243,41.65,499.8,0.1515,Low Risk
CUST-105467,1019.15,12229.8,0.074,Low Risk
CUST-103177,49.0,588.0,0.6565,High Risk
CUST-110038,149.0,1788.0,0.2702,Low Risk
CUST-108389,49.0,588.0,0.6707,High Risk
CUST-110719,49.0,588.0,0.6358,Medium Risk
CUST-105252,424.15,5089.8,0.0859,Low Risk
CUST-109168,41.65,499.8,0.1765,Low Risk
CUST-101250,149.0,1788.0,0.5581,Medium Risk
CUST-112285,49.0,588.0,0.6658,High Risk
CUST-108060,1019.15,12229.8,0.044,Low Risk
CUST-101396,126.65,1519.8,0.138,Low Risk
CUST-100759,424.15,5089.8,0.0795,Low Risk
CUST-102823,49.0,588.0,0.6157,Medium Risk
CUST-109507,126.65,1519.8,0.185,Low Risk
CUST-108760,499.0,5988.0,0.1848,Low Risk
CUST-105283,1019.15,12229.8,0.0656,Low Risk
CUST-103927,149.0,1788.0,0.2577,Low Risk
CUST-112441,49.0,588.0,0.705,High Risk
CUST-112117,424.15,5089.8,0.041,Low Risk
CUST-105696,149.0,1788.0,0.6142,Medium Risk
CUST-107165,424.15,5089.8,0.1108,Low Risk
CUST-104787,49.0,588.0,0.7341,High Risk
CUST-109635,41.65,499.8,0.2156,Low Risk
CUST-106545,149.0,1788.0,0.8046,High Risk
CUST-100544,149.0,1788.0,0.6588,High Risk
CUST-100019,49.0,588.0,0.613,Medium Risk
CUST-103420,424.15,5089.8,0.0771,Low Risk
CUST-106430,41.65,499.8,0.1985,Low Risk
CUST-111586,41.65,499.8,0.1862,Low Risk
CUST-103607,1199.0,14388.0,0.1345,Low Risk
CUST-105220,126.65,1519.8,0.1748,Low Risk
CUST-109437,149.0,1788.0,0.4947,Medium Risk
CUST-108101,41.65,499.8,0.1645,Low Risk
CUST-108916,424.15,5089.8,0.0508,Low Risk
CUST-106345,49.0,588.0,0.7689,High Risk
CUST-106829,49.0,588.0,0.5804,Medium Risk
CUST-105589,149.0,1788.0,0.6898,High Risk
CUST-104755,49.0,588.0,0.612,Medium Risk
CUST-100374,149.0,1788.0,0.349,Low Risk
CUST-106447,149.0,1788.0,0.7296,High Risk
CUST-105206,49.0,588.0,0.5768,Medium Risk
CUST-105177,1019.15,12229.8,0.0992,Low Risk
CUST-105569,424.15,5089.8,0.0929,Low Risk
CUST-108325,149.0,1788.0,0.4928,Medium Risk
CUST-106416,499.0,5988.0,0.1886,Low Risk
CUST-110992,126.65,1519.8,0.1044,Low Risk
CUST-104578,126.65,1519.8,0.0774,Low Risk
CUST-101896,41.65,499.8,0.1591,Low Risk
CUST-101340,424.15,5089.8,0.0454,Low Risk
CUST-111735,41.65,499.8,0.1836,Low Risk
CUST-104750,499.0,5988.0,0.183,Low Risk
CUST-107071,1019.15,12229.8,0.0978,Low Risk
CUST-100003,126.65,1519.8,0.1406,Low Risk
CUST-111704,49.0,588.0,0.7837,High Risk
CUST-100013,41.65,499.8,0.1789,Low Risk
CUST-102315,41.65,499.8,0.2141,Low Risk
CUST-107190,49.0,588.0,0.8316,High Risk
CUST-107120,424.15,5089.8,0.0682,Low Risk
CUST-108930,41.65,499.8,0.1648,Low Risk
CUST-104630,126.65,1519.8,0.1841,Low Risk
CUST-108461,149.0,1788.0,0.4998,Medium Risk
CUST-106423,424.15,5089.8,0.052,Low Risk
CUST-106097,41.65,499.8,0.1311,Low Risk
CUST-103169,41.65,499.8,0.1051,Low Risk
CUST-104897,499.0,5988.0,0.1418,Low Risk
CUST-100866,126.65,1519.8,0.1119,Low Risk
CUST-103411,424.15,5089.8,0.097,Low Risk
CUST-104328,149.0,1788.0,0.3742,Medium Risk
CUST-112105,1019.15,12229.8,0.0687,Low Risk
CUST-106303,41.65,499.8,0.1533,Low Risk
CUST-103160,424.15,5089.8,0.1103,Low Risk
CUST-108146,149.0,1788.0,0.6981,High Risk
CUST-111012,126.65,1519.8,0.1399,Low Risk
CUST-110504,126.65,1519.8,0.1951,Low Risk
CUST-106956,424.15,5089.8,0.0594,Low Risk
CUST-105348,41.65,499.8,0.1608,Low Risk
CUST-111140,49.0,588.0,0.6272,Medium Risk
CUST-111232,126.65,1519.8,0.0782,Low Risk
CUST-100301,424.15,5089.8,0.0694,Low Risk
CUST-102132,41.65,499.8,0.2625,Low Risk
CUST-102148,49.0,588.0,0.7046,High Risk
CUST-105879,49.0,588.0,0.6816,High Risk
CUST-105610,499.0,5988.0,0.2247,Low Risk
CUST-101447,424.15,5089.8,0.0751,Low Risk
CUST-101760,49.0,588.0,0.6585,High Risk
CUST-100978,149.0,1788.0,0.5032,Medium Risk
CUST-112043,41.65,499.8,0.1854,Low Risk
CUST-101333,424.15,5089.8,0.0802,Low Risk
CUST-110009,149.0,1788.0,0.6983,High Risk
CUST-102299,424.15,5089.8,0.0763,Low Risk
CUST-101961,149.0,1788.0,0.3223,Low Risk
CUST-108613,149.0,1788.0,0.605,Medium Risk
CUST-109469,126.65,1519.8,0.1186,Low Risk
CUST-105891,424.15,5089.8,0.0683,Low Risk
CUST-103721,41.65,499.8,0.2267,Low Risk
CUST-106720,1199.0,14388.0,0.1717,Low Risk
CUST-112233,424.15,5089.8,0.0695,Low Risk
CUST-102238,126.65,1519.8,0.0754,Low Risk
CUST-111434,126.65,1519.8,0.113,Low Risk
CUST-101520,41.65,499.8,0.2516,Low Risk
CUST-103447,424.15,5089.8,0.1176,Low Risk
CUST-108465,149.0,1788.0,0.8204,High Risk
CUST-110598,424.15,5089.8,0.0569,Low Risk
CUST-101495,424.15,5089.8,0.074,Low Risk
CUST-107422,41.65,499.8,0.2094,Low Risk
CUST-110272,126.65,1519.8,0.1148,Low Risk
CUST-111831,424.15,5089.8,0.0671,Low Risk
CUST-104570,126.65,1519.8,0.0942,Low Risk
CUST-109294,126.65,1519.8,0.1808,Low Risk
CUST-100147,149.0,1788.0,0.7764,High Risk
CUST-110289,126.65,1519.8,0.1756,Low Risk
CUST-109827,424.15,5089.8,0.0835,Low Risk
CUST-106927,126.65,1519.8,0.1128,Low Risk
CUST-100779,149.0,1788.0,0.1958,Low Risk
CUST-103213,49.0,588.0,0.6451,Medium Risk
CUST-100312,1199.0,14388.0,0.261,Low Risk
CUST-105196,41.65,499.8,0.1841,Low Risk
CUST-110005,126.65,1519.8,0.0979,Low Risk
CUST-100170,126.65,1519.8,0.0952,Low Risk
CUST-111545,49.0,588.0,0.5476,Medium Risk
CUST-103182,126.65,1519.8,0.176,Low Risk
CUST-101955,126.65,1519.8,0.1652,Low Risk
CUST-112292,424.15,5089.8,0.0677,Low Risk
CUST-110113,49.0,588.0,0.6686,High Risk
CUST-112218,1199.0,14388.0,0.219,Low Risk
CUST-106215,499.0,5988.0,0.2241,Low Risk
CUST-101034,49.0,588.0,0.7522,High Risk
CUST-104226,49.0,588.0,0.7152,High Risk
CUST-104607,149.0,1788.0,0.5498,Medium Risk
CUST-104985,41.65,499.8,0.1141,Low Risk
CUST-108868,49.0,588.0,0.8544,High Risk
CUST-100985,49.0,588.0,0.6348,Medium Risk
CUST-109178,126.65,1519.8,0.0829,Low Risk
CUST-106489,424.15,5089.8,0.0409,Low Risk
CUST-108838,149.0,1788.0,0.1824,Low Risk
CUST-100361,49.0,588.0,0.7778,High Risk
CUST-108155,126.65,1519.8,0.1147,Low Risk
CUST-111295,1019.15,12229.8,0.041,Low Risk
CUST-104798,424.15,5089.8,0.0691,Low Risk
CUST-104100,1019.15,12229.8,0.0549,Low Risk
CUST-103938,424.15,5089.8,0.0827,Low Risk
CUST-110619,424.15,5089.8,0.0723,Low Risk
CUST-107370,126.65,1519.8,0.1263,Low Risk
CUST-106385,49.0,588.0,0.586,Medium Risk
CUST-108848,149.0,1788.0,0.5807,Medium Risk
CUST-109712,499.0,5988.0,0.1363,Low Risk
CUST-105832,41.65,499.8,0.1845,Low Risk
CUST-109118,41.65,499.8,0.2066,Low Risk
CUST-105691,41.65,499.8,0.2166,Low Risk
CUST-104551,149.0,1788.0,0.2609,Low Risk
CUST-108244,149.0,1788.0,0.645,Medium Risk
CUST-102620,149.0,1788.0,0.2918,Low Risk
CUST-108707,41.65,499.8,0.1669,Low Risk
CUST-109545,149.0,1788.0,0.2527,Low Risk
CUST-109775,41.65,499.8,0.2183,Low Risk
CUST-111483,41.65,499.8,0.2085,Low Risk
CUST-112153,149.0,1788.0,0.5408,Medium Risk
CUST-107313,41.65,499.8,0.22,Low Risk
CUST-108604,149.0,1788.0,0.4279,Medium Risk
CUST-110138,41.65,499.8,0.2187,Low Risk
CUST-102700,1019.15,12229.8,0.1066,Low Risk
CUST-104614,49.0,588.0,0.7348,High Risk
CUST-106673,126.65,1519.8,0.1512,Low Risk
CUST-109135,126.65,1519.8,0.1574,Low Risk
CUST-108319,149.0,1788.0,0.3861,Medium Risk
CUST-107510,49.0,588.0,0.6466,Medium Risk
CUST-102348,49.0,588.0,0.653,High Risk
CUST-105844,126.65,1519.8,0.0792,Low Risk
CUST-106002,49.0,588.0,0.6613,High Risk
CUST-108144,49.0,588.0,0.5953,Medium Risk
CUST-107468,424.15,5089.8,0.0478,Low Risk
CUST-100487,149.0,1788.0,0.7895,High Risk
CUST-103132,1019.15,12229.8,0.0949,Low Risk
CUST-101021,149.0,1788.0,0.7817,High Risk
CUST-103894,41.65,499.8,0.1008,Low Risk
CUST-106681,49.0,588.0,0.8503,High Risk
CUST-100484,424.15,5089.8,0.0976,Low Risk
CUST-103781,49.0,588.0,0.7312,High Risk
CUST-106659,1199.0,14388.0,0.2034,Low Risk
CUST-105777,499.0,5988.0,0.1546,Low Risk
CUST-107482,424.15,5089.8,0.0778,Low Risk
CUST-110602,49.0,588.0,0.7593,High Risk
CUST-110354,499.0,5988.0,0.1784,Low Risk
CUST-105329,424.15,5089.8,0.1102,Low Risk
CUST-104776,126.65,1519.8,0.0902,Low Risk
CUST-102926,149.0,1788.0,0.7709,High Risk
CUST-107640,126.65,1519.8,0.0781,Low Risk
CUST-101364,126.65,1519.8,0.1197,Low Risk
CUST-108500,126.65,1519.8,0.08,Low Risk
CUST-111301,41.65,499.8,0.1577,Low Risk
CUST-101301,424.15,5089.8,0.0704,Low Risk
CUST-105679,424.15,5089.8,0.0772,Low Risk
CUST-103165,126.65,1519.8,0.106,Low Risk
CUST-103107,1199.0,14388.0,0.1448,Low Risk
CUST-112187,49.0,588.0,0.5864,Medium Risk
CUST-106206,126.65,1519.8,0.109,Low Risk
CUST-101866,49.0,588.0,0.6134,Medium Risk
CUST-107603,499.0,5988.0,0.1158,Low Risk
CUST-110352,126.65,1519.8,0.0921,Low Risk
CUST-108243,499.0,5988.0,0.1439,Low Risk
CUST-101620,49.0,588.0,0.6034,Medium Risk
CUST-112296,149.0,1788.0,0.4822,Medium Risk
CUST-108794,49.0,588.0,0.8336,High Risk
CUST-103004,149.0,1788.0,0.636,Medium Risk
CUST-108089,126.65,1519.8,0.1181,Low Risk
CUST-100137,49.0,588.0,0.7449,High Risk
CUST-111562,149.0,1788.0,0.6064,Medium Risk
CUST-109585,424.15,5089.8,0.0614,Low Risk
CUST-101347,424.15,5089.8,0.0861,Low Risk
CUST-108706,41.65,499.8,0.1737,Low Risk
CUST-108222,424.15,5089.8,0.0597,Low Risk
CUST-101339,41.65,499.8,0.2083,Low Risk
CUST-111751,41.65,499.8,0.1746,Low Risk
CUST-107115,499.0,5988.0,0.2282,Low Risk
CUST-102702,424.15,5089.8,0.0748,Low Risk
CUST-102355,424.15,5089.8,0.0711,Low Risk
CUST-100809,424.15,5089.8,0.0459,Low Risk
CUST-110267,1019.15,12229.8,0.0889,Low Risk
CUST-111443,1019.15,12229.8,0.0744,Low Risk
CUST-101670,41.65,499.8,0.1669,Low Risk
CUST-106362,149.0,1788.0,0.8525,High Risk
CUST-109523,41.65,499.8,0.2358,Low Risk
CUST-111862,499.0,5988.0,0.1939,Low Risk
CUST-111949,126.65,1519.8,0.106,Low Risk
CUST-101360,49.0,588.0,0.8901,High Risk
CUST-109521,41.65,499.8,0.1753,Low Risk
CUST-105137,126.65,1519.8,0.1163,Low Risk
CUST-109056,41.65,499.8,0.218,Low Risk
CUST-100129,149.0,1788.0,0.3883,Medium Risk
CUST-110867,1019.15,12229.8,0.0642,Low Risk
CUST-103013,424.15,5089.8,0.0585,Low Risk
CUST-102560,1019.15,12229.8,0.059,Low Risk
CUST-109019,126.65,1519.8,0.1201,Low Risk
CUST-107458,1019.15,12229.8,0.0953,Low Risk
CUST-110489,126.65,1519.8,0.1121,Low Risk
CUST-108711,41.65,499.8,0.2148,Low Risk
CUST-112000,499.0,5988.0,0.1919,Low Risk
CUST-102038,49.0,588.0,0.598,Medium Risk
CUST-107187,424.15,5089.8,0.0744,Low Risk
CUST-106913,41.65,499.8,0.1679,Low Risk
CUST-102056,41.65,499.8,0.1982,Low Risk
CUST-106413,149.0,1788.0,0.8266,High Risk
CUST-106476,424.15,5089.8,0.0761,Low Risk
CUST-108058,49.0,588.0,0.662,High Risk
CUST-108139,499.0,5988.0,0.1977,Low Risk
CUST-106905,424.15,5089.8,0.0844,Low Risk
CUST-100070,126.65,1519.8,0.1121,Low Risk
CUST-108911,424.15,5089.8,0.1006,Low Risk
CUST-102217,126.65,1519.8,0.1018,Low Risk
CUST-104733,41.65,499.8,0.137,Low Risk
CUST-104254,149.0,1788.0,0.7398,High Risk
CUST-100022,149.0,1788.0,0.6214,Medium Risk
CUST-101563,126.65,1519.8,0.0843,Low Risk
CUST-112070,49.0,588.0,0.8419,High Risk
CUST-110033,424.15,5089.8,0.0983,Low Risk
CUST-112102,126.65,1519.8,0.1053,Low Risk
CUST-104048,1019.15,12229.8,0.0455,Low Risk
CUST-101518,126.65,1519.8,0.1171,Low Risk
CUST-101094,424.15,5089.8,0.0777,Low Risk
CUST-110828,126.65,1519.8,0.1255,Low Risk
CUST-106394,126.65,1519.8,0.1706,Low Risk
CUST-107505,499.0,5988.0,0.1946,Low Risk
CUST-102978,49.0,588.0,0.7009,High Risk
CUST-100330,424.15,5089.8,0.0981,Low Risk
CUST-107437,49.0,588.0,0.5559,Medium Risk
CUST-108744,149.0,1788.0,0.5756,Medium Risk
CUST-110249,126.65,1519.8,0.1058,Low Risk
CUST-104396,126.65,1519.8,0.1699,Low Risk
CUST-100169,41.65,499.8,0.2138,Low Risk
CUST-108469,126.65,1519.8,0.067,Low Risk
CUST-111966,149.0,1788.0,0.7651,High Risk
CUST-108417,41.65,499.8,0.1526,Low Risk
CUST-106472,126.65,1519.8,0.1653,Low Risk
CUST-112385,424.15,5089.8,0.0654,Low Risk
CUST-100279,41.65,499.8,0.1541,Low Risk
CUST-106584,499.0,5988.0,0.2367,Low Risk
CUST-105556,499.0,5988.0,0.1141,Low Risk
CUST-100513,126.65,1519.8,0.1435,Low Risk
CUST-109690,41.65,499.8,0.2315,Low Risk
CUST-103831,149.0,1788.0,0.4808,Medium Risk
CUST-111876,1019.15,12229.8,0.0717,Low Risk
CUST-102873,424.15,5089.8,0.0554,Low Risk
CUST-112480,49.0,588.0,0.5619,Medium Risk
CUST-111376,149.0,1788.0,0.6639,High Risk
CUST-109409,1019.15,12229.8,0.1091,Low Risk
CUST-105470,424.15,5089.8,0.0832,Low Risk
CUST-102746,126.65,1519.8,0.0857,Low Risk
CUST-102208,126.65,1519.8,0.1466,Low Risk
CUST-105472,149.0,1788.0,0.5691,Medium Risk
CUST-104058,49.0,588.0,0.7806,High Risk
CUST-104132,149.0,1788.0,0.7923,High Risk
CUST-110364,424.15,5089.8,0.1015,Low Risk
CUST-102232,499.0,5988.0,0.1471,Low Risk
CUST-110298,126.65,1519.8,0.0805,Low Risk
CUST-102106,126.65,1519.8,0.0904,Low Risk
CUST-104324,49.0,588.0,0.7173,High Risk
CUST-110264,126.65,1519.8,0.1824,Low Risk
CUST-108388,49.0,588.0,0.642,Medium Risk
CUST-100755,41.65,499.8,0.1598,Low Risk
CUST-110275,149.0,1788.0,0.5617,Medium Risk
CUST-108828,126.65,1519.8,0.1694,Low Risk
CUST-101861,149.0,1788.0,0.5906,Medium Risk
CUST-102087,499.0,5988.0,0.1622,Low Risk
CUST-108249,499.0,5988.0,0.1291,Low Risk
CUST-102835,126.65,1519.8,0.097,Low Risk
CUST-104790,126.65,1519.8,0.0745,Low Risk
CUST-110048,49.0,588.0,0.6423,Medium Risk
CUST-101365,49.0,588.0,0.8184,High Risk
CUST-103569,49.0,588.0,0.7936,High Risk
CUST-106674,49.0,588.0,0.5803,Medium Risk
CUST-106479,424.15,5089.8,0.0499,Low Risk
CUST-106321,499.0,5988.0,0.1847,Low Risk
CUST-110025,126.65,1519.8,0.1209,Low Risk
CUST-101813,49.0,588.0,0.8478,High Risk
CUST-109920,149.0,1788.0,0.4002,Medium Risk
CUST-106832,149.0,1788.0,0.6622,High Risk
CUST-111273,126.65,1519.8,0.1507,Low Risk
CUST-108936,41.65,499.8,0.1647,Low Risk
CUST-104856,126.65,1519.8,0.1289,Low Risk
CUST-100884,41.65,499.8,0.1699,Low Risk
CUST-111322,49.0,588.0,0.5717,Medium Risk
CUST-110817,49.0,588.0,0.59,Medium Risk
CUST-109237,41.65,499.8,0.1538,Low Risk
CUST-102199,149.0,1788.0,0.2804,Low Risk
CUST-101686,499.0,5988.0,0.1671,Low Risk
CUST-111700,49.0,588.0,0.693,High Risk
CUST-106403,41.65,499.8,0.1524,Low Risk
CUST-104848,49.0,588.0,0.7718,High Risk
CUST-103850,49.0,588.0,0.7939,High Risk
CUST-101804,49.0,588.0,0.77,High Risk
CUST-102065,126.65,1519.8,0.1116,Low Risk
CUST-108471,126.65,1519.8,0.1107,Low Risk
CUST-108485,126.65,1519.8,0.1575,Low Risk
CUST-106308,1019.15,12229.8,0.0965,Low Risk
CUST-108844,149.0,1788.0,0.2768,Low Risk
CUST-105581,49.0,588.0,0.7794,High Risk
CUST-112414,41.65,499.8,0.2322,Low Risk
CUST-109522,49.0,588.0,0.5735,Medium Risk
CUST-109800,126.65,1519.8,0.1099,Low Risk
CUST-107549,149.0,1788.0,0.5999,Medium Risk
CUST-107250,499.0,5988.0,0.1392,Low Risk
CUST-102145,126.65,1519.8,0.138,Low Risk
CUST-108393,499.0,5988.0,0.1516,Low Risk
CUST-102611,1019.15,12229.8,0.0791,Low Risk
CUST-111727,41.65,499.8,0.2458,Low Risk
CUST-105903,424.15,5089.8,0.1105,Low Risk
CUST-107568,424.15,5089.8,0.0995,Low Risk
CUST-103516,126.65,1519.8,0.1245,Low Risk
CUST-107805,49.0,588.0,0.7542,High Risk
CUST-106918,49.0,588.0,0.8405,High Risk
CUST-111895,126.65,1519.8,0.1669,Low Risk
CUST-104149,49.0,588.0,0.5851,Medium Risk
CUST-106647,41.65,499.8,0.1319,Low Risk
CUST-110548,49.0,588.0,0.5369,Medium Risk
CUST-100045,49.0,588.0,0.5668,Medium Risk
CUST-111096,126.65,1519.8,0.145,Low Risk
CUST-104300,49.0,588.0,0.8622,High Risk
CUST-111011,499.0,5988.0,0.1602,Low Risk
CUST-109203,126.65,1519.8,0.1485,Low Risk
CUST-112225,126.65,1519.8,0.1209,Low Risk
CUST-102894,41.65,499.8,0.1711,Low Risk
CUST-107789,424.15,5089.8,0.1022,Low Risk
CUST-111956,149.0,1788.0,0.2911,Low Risk
CUST-103468,424.15,5089.8,0.0651,Low Risk
CUST-106535,149.0,1788.0,0.7032,High Risk
CUST-112199,126.65,1519.8,0.105,Low Risk
CUST-101944,149.0,1788.0,0.7721,High Risk
CUST-112403,1019.15,12229.8,0.0744,Low Risk
CUST-109548,49.0,588.0,0.6134,Medium Risk
CUST-100836,424.15,5089.8,0.0955,Low Risk
CUST-101601,499.0,5988.0,0.2195,Low Risk
CUST-101352,424.15,5089.8,0.0733,Low Risk
CUST-103399,499.0,5988.0,0.2326,Low Risk
CUST-110481,126.65,1519.8,0.1043,Low Risk
CUST-111233,1019.15,12229.8,0.081,Low Risk
CUST-108801,149.0,1788.0,0.7056,High Risk
CUST-107448,149.0,1788.0,0.6899,High Risk
CUST-106792,149.0,1788.0,0.4417,Medium Risk
CUST-101452,41.65,499.8,0.2019,Low Risk
CUST-102539,149.0,1788.0,0.2234,Low Risk
CUST-103677,126.65,1519.8,0.1098,Low Risk
CUST-104604,149.0,1788.0,0.2403,Low Risk
CUST-110840,499.0,5988.0,0.2081,Low Risk
CUST-106374,49.0,588.0,0.756,High Risk
CUST-110683,41.65,499.8,0.1804,Low Risk
CUST-109029,126.65,1519.8,0.1181,Low Risk
CUST-106928,424.15,5089.8,0.0764,Low Risk
CUST-106405,149.0,1788.0,0.347,Low Risk
CUST-108970,49.0,588.0,0.6786,High Risk
CUST-101919,126.65,1519.8,0.083,Low Risk
CUST-105248,49.0,588.0,0.8217,High Risk
CUST-107306,126.65,1519.8,0.1106,Low Risk
CUST-100929,126.65,1519.8,0.1309,Low Risk
CUST-103550,41.65,499.8,0.2004,Low Risk
CUST-110729,424.15,5089.8,0.0472,Low Risk
CUST-104881,424.15,5089.8,0.0564,Low Risk
CUST-106746,41.65,499.8,0.1434,Low Risk
CUST-102432,424.15,5089.8,0.065,Low Risk
CUST-106983,499.0,5988.0,0.1914,Low Risk
CUST-109472,1019.15,12229.8,0.0623,Low Risk
CUST-104858,126.65,1519.8,0.0749,Low Risk
CUST-104726,49.0,588.0,0.7014,High Risk
CUST-106515,49.0,588.0,0.7594,High Risk
CUST-109645,126.65,1519.8,0.1069,Low Risk
CUST-106056,424.15,5089.8,0.0744,Low Risk
CUST-101132,1199.0,14388.0,0.1315,Low Risk
CUST-102100,126.65,1519.8,0.131,Low Risk
CUST-106707,424.15,5089.8,0.1158,Low Risk
CUST-101206,49.0,588.0,0.8468,High Risk
CUST-111675,49.0,588.0,0.6862,High Risk
CUST-110558,49.0,588.0,0.7629,High Risk
CUST-107335,126.65,1519.8,0.124,Low Risk
CUST-106196,149.0,1788.0,0.515,Medium Risk
CUST-105775,149.0,1788.0,0.4559,Medium Risk
CUST-101915,149.0,1788.0,0.5463,Medium Risk
CUST-107990,49.0,588.0,0.7528,High Risk
CUST-109518,126.65,1519.8,0.152,Low Risk
CUST-101377,41.65,499.8,0.1442,Low Risk
CUST-102098,149.0,1788.0,0.6504,High Risk
CUST-101905,49.0,588.0,0.7736,High Risk
CUST-104747,499.0,5988.0,0.2458,Low Risk
CUST-102515,149.0,1788.0,0.4809,Medium Risk
CUST-106366,424.15,5089.8,0.0891,Low Risk
CUST-111447,424.15,5089.8,0.0587,Low Risk
CUST-111084,149.0,1788.0,0.7508,High Risk
CUST-109034,126.65,1519.8,0.1172,Low Risk
CUST-110930,49.0,588.0,0.8216,High Risk
CUST-110650,149.0,1788.0,0.667,High Risk
CUST-112181,49.0,588.0,0.6831,High Risk
CUST-101851,149.0,1788.0,0.5499,Medium Risk
CUST-110152,41.65,499.8,0.1971,Low Risk
CUST-103093,49.0,588.0,0.6076,Medium Risk
CUST-112255,49.0,588.0,0.8051,High Risk
CUST-110452,424.15,5089.8,0.0678,Low Risk
CUST-103322,41.65,499.8,0.2353,Low Risk
CUST-104103,499.0,5988.0,0.1967,Low Risk
CUST-102152,126.65,1519.8,0.1394,Low Risk
CUST-107455,424.15,5089.8,0.0677,Low Risk
CUST-104142,126.65,1519.8,0.1408,Low Risk
CUST-112115,49.0,588.0,0.6183,Medium Risk
CUST-110134,149.0,1788.0,0.4535,Medium Risk
CUST-102631,41.65,499.8,0.1749,Low Risk
CUST-112428,41.65,499.8,0.1716,Low Risk
CUST-110606,49.0,588.0,0.7903,High Risk
CUST-106294,49.0,588.0,0.6024,Medium Risk
CUST-107920,126.65,1519.8,0.1558,Low Risk
CUST-106710,149.0,1788.0,0.6447,Medium Risk
CUST-100218,149.0,1788.0,0.6255,Medium Risk
CUST-108113,424.15,5089.8,0.102,Low Risk
CUST-109078,149.0,1788.0,0.4625,Medium Risk
CUST-106617,41.65,499.8,0.1378,Low Risk
CUST-101001,1199.0,14388.0,0.1671,Low Risk
CUST-107885,499.0,5988.0,0.1754,Low Risk
CUST-106555,41.65,499.8,0.1804,Low Risk
CUST-100776,499.0,5988.0,0.1744,Low Risk
CUST-103597,1019.15,12229.8,0.0422,Low Risk
CUST-105969,499.0,5988.0,0.1303,Low Risk
CUST-105897,149.0,1788.0,0.5825,Medium Risk
CUST-102158,126.65,1519.8,0.1128,Low Risk
CUST-103576,41.65,499.8,0.2332,Low Risk
CUST-105513,49.0,588.0,0.7878,High Risk
CUST-110881,149.0,1788.0,0.288,Low Risk
CUST-111151,49.0,588.0,0.6237,Medium Risk
CUST-105240,49.0,588.0,0.8298,High Risk
CUST-111786,126.65,1519.8,0.0924,Low Risk
CUST-109413,126.65,1519.8,0.1112,Low Risk
CUST-107512,41.65,499.8,0.1097,Low Risk
CUST-107390,149.0,1788.0,0.6441,Medium Risk
CUST-108046,49.0,588.0,0.7888,High Risk
CUST-105237,126.65,1519.8,0.1537,Low Risk
CUST-112138,424.15,5089.8,0.0952,Low Risk
CUST-101073,424.15,5089.8,0.0789,Low Risk
CUST-106702,424.15,5089.8,0.0791,Low Risk
CUST-104162,41.65,499.8,0.1678,Low Risk
CUST-110019,126.65,1519.8,0.1239,Low Risk
CUST-104788,424.15,5089.8,0.0589,Low Risk
CUST-105835,41.65,499.8,0.2169,Low Risk
CUST-105408,149.0,1788.0,0.7935,High Risk
CUST-110184,126.65,1519.8,0.1629,Low Risk
CUST-102350,126.65,1519.8,0.1461,Low Risk
CUST-112164,1019.15,12229.8,0.069,Low Risk
CUST-108968,499.0,5988.0,0.1217,Low Risk
CUST-112338,126.65,1519.8,0.1339,Low Risk
CUST-100754,126.65,1519.8,0.1732,Low Risk
CUST-102914,149.0,1788.0,0.7433,High Risk
CUST-105863,149.0,1788.0,0.7144,High Risk
CUST-110426,1019.15,12229.8,0.0636,Low Risk
CUST-106822,499.0,5988.0,0.1391,Low Risk
CUST-101910,149.0,1788.0,0.2902,Low Risk
CUST-100015,499.0,5988.0,0.2164,Low Risk
CUST-107659,424.15,5089.8,0.0895,Low Risk
CUST-104749,126.65,1519.8,0.1307,Low Risk
CUST-100664,49.0,588.0,0.8537,High Risk
CUST-101227,424.15,5089.8,0.0815,Low Risk
CUST-106944,126.65,1519.8,0.0885,Low Risk
CUST-107246,1199.0,14388.0,0.2002,Low Risk
CUST-108160,1019.15,12229.8,0.0719,Low Risk
CUST-112243,499.0,5988.0,0.1884,Low Risk
CUST-102699,41.65,499.8,0.1094,Low Risk
CUST-106283,41.65,499.8,0.1759,Low Risk
CUST-111083,41.65,499.8,0.1879,Low Risk
CUST-103154,49.0,588.0,0.7641,High Risk
CUST-109907,49.0,588.0,0.6936,High Risk
CUST-103009,149.0,1788.0,0.5927,Medium Risk
CUST-108049,41.65,499.8,0.1959,Low Risk
CUST-106574,424.15,5089.8,0.0836,Low Risk
CUST-111738,41.65,499.8,0.1967,Low Risk
CUST-108321,41.65,499.8,0.1598,Low Risk
CUST-108682,424.15,5089.8,0.0679,Low Risk
CUST-101510,41.65,499.8,0.2203,Low Risk
CUST-108574,126.65,1519.8,0.0755,Low Risk
CUST-109407,149.0,1788.0,0.803,High Risk
CUST-102216,499.0,5988.0,0.2109,Low Risk
CUST-112381,126.65,1519.8,0.0776,Low Risk
CUST-107641,149.0,1788.0,0.5558,Medium Risk
CUST-104031,149.0,1788.0,0.5778,Medium Risk
CUST-108949,499.0,5988.0,0.1675,Low Risk
CUST-105326,126.65,1519.8,0.1534,Low Risk
CUST-106324,41.65,499.8,0.234,Low Risk
CUST-108703,149.0,1788.0,0.4769,Medium Risk
CUST-104491,41.65,499.8,0.2297,Low Risk
CUST-109312,126.65,1519.8,0.1679,Low Risk
CUST-111241,424.15,5089.8,0.0917,Low Risk
CUST-104819,499.0,5988.0,0.2225,Low Risk
CUST-105526,149.0,1788.0,0.215,Low Risk
CUST-108332,126.65,1519.8,0.1358,Low Risk
CUST-102487,149.0,1788.0,0.5257,Medium Risk
CUST-106332,41.65,499.8,0.1602,Low Risk
CUST-107087,126.65,1519.8,0.1458,Low Risk
CUST-107857,424.15,5089.8,0.0714,Low Risk
CUST-106656,126.65,1519.8,0.1151,Low Risk
CUST-103822,424.15,5089.8,0.0699,Low Risk
CUST-100414,424.15,5089.8,0.0838,Low Risk
CUST-106778,49.0,588.0,0.7205,High Risk
CUST-108667,49.0,588.0,0.5535,Medium Risk
CUST-107002,41.65,499.8,0.1362,Low Risk
CUST-108583,424.15,5089.8,0.0497,Low Risk
CUST-100392,149.0,1788.0,0.6509,High Risk
CUST-105263,149.0,1788.0,0.3197,Low Risk
CUST-111522,41.65,499.8,0.2023,Low Risk
CUST-111899,49.0,588.0,0.7744,High Risk
CUST-110056,424.15,5089.8,0.0816,Low Risk
CUST-106880,126.65,1519.8,0.1179,Low Risk
CUST-101810,41.65,499.8,0.1444,Low Risk
CUST-105457,1199.0,14388.0,0.1625,Low Risk
CUST-106465,41.65,499.8,0.1497,Low Risk
CUST-108620,424.15,5089.8,0.0992,Low Risk
CUST-102519,149.0,1788.0,0.2841,Low Risk
CUST-106177,126.65,1519.8,0.1454,Low Risk
CUST-100222,149.0,1788.0,0.5025,Medium Risk
CUST-102887,126.65,1519.8,0.1015,Low Risk
CUST-111763,1019.15,12229.8,0.0863,Low Risk
CUST-105433,49.0,588.0,0.5613,Medium Risk
CUST-111282,126.65,1519.8,0.132,Low Risk
CUST-104461,49.0,588.0,0.6904,High Risk
CUST-108257,126.65,1519.8,0.1088,Low Risk
CUST-103823,424.15,5089.8,0.0613,Low Risk
CUST-111207,1019.15,12229.8,0.0958,Low Risk
CUST-100806,1019.15,12229.8,0.0939,Low Risk
CUST-101023,49.0,588.0,0.7107,High Risk
CUST-112184,49.0,588.0,0.812,High Risk
CUST-107044,126.65,1519.8,0.0971,Low Risk
CUST-105125,49.0,588.0,0.7374,High Risk
CUST-102899,499.0,5988.0,0.181,Low Risk
CUST-104098,424.15,5089.8,0.0992,Low Risk
CUST-102861,149.0,1788.0,0.5522,Medium Risk
CUST-104318,41.65,499.8,0.1912,Low Risk
CUST-109978,49.0,588.0,0.794,High Risk
CUST-100178,424.15,5089.8,0.0582,Low Risk
CUST-111100,1019.15,12229.8,0.0464,Low Risk
CUST-103370,424.15,5089.8,0.0813,Low Risk
CUST-106491,149.0,1788.0,0.5482,Medium Risk
CUST-103392,41.65,499.8,0.1564,Low Risk
CUST-106811,424.15,5089.8,0.0779,Low Risk
CUST-103631,49.0,588.0,0.5546,Medium Risk
CUST-101123,126.65,1519.8,0.1062,Low Risk
CUST-103280,424.15,5089.8,0.0722,Low Risk
CUST-112390,1019.15,12229.8,0.0994,Low Risk
CUST-111824,41.65,499.8,0.2275,Low Risk
CUST-111370,149.0,1788.0,0.5098,Medium Risk
CUST-109720,49.0,588.0,0.5632,Medium Risk
CUST-110362,49.0,588.0,0.6621,High Risk
CUST-111683,149.0,1788.0,0.7418,High Risk
CUST-106234,49.0,588.0,0.8682,High Risk
CUST-103016,49.0,588.0,0.8135,High Risk
CUST-106025,126.65,1519.8,0.1515,Low Risk
CUST-109098,41.65,499.8,0.1351,Low Risk
CUST-107838,49.0,588.0,0.6329,Medium Risk
CUST-105895,1019.15,12229.8,0.1089,Low Risk
CUST-103759,149.0,1788.0,0.2796,Low Risk
CUST-104893,126.65,1519.8,0.1272,Low Risk
CUST-108762,149.0,1788.0,0.3837,Medium Risk
CUST-104936,126.65,1519.8,0.1315,Low Risk
CUST-100368,49.0,588.0,0.6179,Medium Risk
CUST-100784,424.15,5089.8,0.0611,Low Risk
CUST-109811,49.0,588.0,0.544,Medium Risk
CUST-101151,41.65,499.8,0.1775,Low Risk
CUST-110063,41.65,499.8,0.2344,Low Risk
CUST-101820,41.65,499.8,0.1453,Low Risk
CUST-103251,41.65,499.8,0.2142,Low Risk
CUST-104973,49.0,588.0,0.846,High Risk
CUST-100034,149.0,1788.0,0.2558,Low Risk
CUST-110036,41.65,499.8,0.1795,Low Risk
CUST-108575,49.0,588.0,0.6613,High Risk
CUST-110369,41.65,499.8,0.1057,Low Risk
CUST-105204,499.0,5988.0,0.2093,Low Risk
CUST-101445,424.15,5089.8,0.0616,Low Risk
CUST-109255,41.65,499.8,0.1789,Low Risk
CUST-110217,149.0,1788.0,0.4402,Medium Risk
CUST-111737,49.0,588.0,0.6499,Medium Risk
CUST-109897,126.65,1519.8,0.0959,Low Risk
CUST-103651,49.0,588.0,0.6979,High Risk
CUST-109177,499.0,5988.0,0.1688,Low Risk
CUST-102493,149.0,1788.0,0.627,Medium Risk
CUST-105789,49.0,588.0,0.7834,High Risk
CUST-103188,149.0,1788.0,0.774,High Risk
CUST-101345,41.65,499.8,0.1848,Low Risk
CUST-108145,424.15,5089.8,0.0836,Low Risk
CUST-107624,149.0,1788.0,0.806,High Risk
CUST-105884,41.65,499.8,0.2246,Low Risk
CUST-109242,41.65,499.8,0.1967,Low Risk
CUST-108141,49.0,588.0,0.7763,High Risk
CUST-109257,41.65,499.8,0.2016,Low Risk
CUST-102279,1019.15,12229.8,0.0727,Low Risk
CUST-102989,41.65,499.8,0.1087,Low Risk
CUST-108426,149.0,1788.0,0.482,Medium Risk
CUST-101231,126.65,1519.8,0.1127,Low Risk
CUST-100286,126.65,1519.8,0.1239,Low Risk
CUST-111593,49.0,588.0,0.8266,High Risk
CUST-107010,41.65,499.8,0.2199,Low Risk
CUST-102090,49.0,588.0,0.5546,Medium Risk
CUST-111064,499.0,5988.0,0.2227,Low Risk
CUST-101027,49.0,588.0,0.7622,High Risk
CUST-106901,41.65,499.8,0.2098,Low Risk
CUST-105391,424.15,5089.8,0.0567,Low Risk
CUST-110648,424.15,5089.8,0.074,Low Risk
CUST-109890,41.65,499.8,0.2115,Low Risk
CUST-112182,49.0,588.0,0.8273,High Risk
CUST-105595,149.0,1788.0,0.7238,High Risk
CUST-108530,149.0,1788.0,0.5113,Medium Risk
CUST-101666,41.65,499.8,0.2057,Low Risk
CUST-107773,41.65,499.8,0.1943,Low Risk
CUST-109944,1019.15,12229.8,0.0597,Low Risk
CUST-107016,126.65,1519.8,0.1525,Low Risk
CUST-112140,499.0,5988.0,0.2096,Low Risk
CUST-104081,41.65,499.8,0.2345,Low Risk
CUST-105981,41.65,499.8,0.1678,Low Risk
CUST-101303,49.0,588.0,0.7518,High Risk
CUST-107106,126.65,1519.8,0.1346,Low Risk
CUST-111911,126.65,1519.8,0.1018,Low Risk
CUST-102400,424.15,5089.8,0.0946,Low Risk
CUST-103766,126.65,1519.8,0.1338,Low Risk
CUST-102783,149.0,1788.0,0.7447,High Risk
CUST-107079,41.65,499.8,0.1678,Low Risk
CUST-107040,149.0,1788.0,0.7753,High Risk
CUST-100404,126.65,1519.8,0.1359,Low Risk
CUST-108823,1019.15,12229.8,0.0769,Low Risk
CUST-102863,499.0,5988.0,0.1528,Low Risk
CUST-104263,149.0,1788.0,0.4891,Medium Risk
CUST-105827,49.0,588.0,0.8239,High Risk
CUST-109520,126.65,1519.8,0.1623,Low Risk
CUST-101256,126.65,1519.8,0.1088,Low Risk
CUST-108286,149.0,1788.0,0.3043,Low Risk
CUST-106885,149.0,1788.0,0.6146,Medium Risk
CUST-101168,424.15,5089.8,0.0696,Low Risk
CUST-107053,424.15,5089.8,0.0831,Low Risk
CUST-101053,149.0,1788.0,0.7528,High Risk
CUST-107533,49.0,588.0,0.7389,High Risk
CUST-100098,41.65,499.8,0.1624,Low Risk
CUST-110986,126.65,1519.8,0.157,Low Risk
CUST-108339,49.0,588.0,0.6727,High Risk
CUST-102884,499.0,5988.0,0.2606,Low Risk
CUST-103800,499.0,5988.0,0.109,Low Risk
CUST-104457,424.15,5089.8,0.0676,Low Risk
CUST-102984,149.0,1788.0,0.5047,Medium Risk
CUST-105787,41.65,499.8,0.2344,Low Risk
CUST-109273,149.0,1788.0,0.6897,High Risk
CUST-108430,126.65,1519.8,0.1127,Low Risk
CUST-111305,424.15,5089.8,0.0681,Low Risk
CUST-106966,1019.15,12229.8,0.0727,Low Risk
CUST-102915,41.65,499.8,0.2028,Low Risk
CUST-102918,126.65,1519.8,0.1182,Low Risk
CUST-108593,424.15,5089.8,0.1212,Low Risk
CUST-105874,41.65,499.8,0.1767,Low Risk
CUST-101265,49.0,588.0,0.7681,High Risk
CUST-105160,126.65,1519.8,0.1364,Low Risk
CUST-111661,49.0,588.0,0.8054,High Risk
CUST-100678,424.15,5089.8,0.0713,Low Risk
CUST-107275,41.65,499.8,0.268,Low Risk
CUST-102645,499.0,5988.0,0.2253,Low Risk
CUST-101136,49.0,588.0,0.6138,Medium Risk
CUST-107866,149.0,1788.0,0.7387,High Risk
CUST-101619,41.65,499.8,0.1709,Low Risk
CUST-102554,49.0,588.0,0.8983,High Risk
CUST-106251,41.65,499.8,0.1958,Low Risk
CUST-106181,149.0,1788.0,0.4986,Medium Risk
CUST-103235,1199.0,14388.0,0.1767,Low Risk
CUST-110176,149.0,1788.0,0.3198,Low Risk
CUST-111710,424.15,5089.8,0.0952,Low Risk
CUST-103041,424.15,5089.8,0.0667,Low Risk
CUST-101852,149.0,1788.0,0.59,Medium Risk
CUST-110658,1199.0,14388.0,0.162,Low Risk
CUST-104971,126.65,1519.8,0.1125,Low Risk
CUST-107214,424.15,5089.8,0.0787,Low Risk
CUST-100276,126.65,1519.8,0.159,Low Risk
CUST-110580,424.15,5089.8,0.0825,Low Risk
CUST-112023,126.65,1519.8,0.1091,Low Risk
CUST-104281,499.0,5988.0,0.1941,Low Risk
CUST-101249,424.15,5089.8,0.0814,Low Risk
CUST-102883,41.65,499.8,0.1464,Low Risk
CUST-104079,1019.15,12229.8,0.0604,Low Risk
CUST-110545,424.15,5089.8,0.0872,Low Risk
CUST-108826,49.0,588.0,0.7395,High Risk
CUST-100164,149.0,1788.0,0.7602,High Risk
CUST-102341,126.65,1519.8,0.121,Low Risk
CUST-104266,149.0,1788.0,0.2604,Low Risk
CUST-110694,49.0,588.0,0.7925,High Risk
CUST-100486,149.0,1788.0,0.3389,Low Risk
CUST-108542,424.15,5089.8,0.077,Low Risk
CUST-108769,41.65,499.8,0.1694,Low Risk
CUST-105550,49.0,588.0,0.707,High Risk
CUST-103005,424.15,5089.8,0.1015,Low Risk
CUST-103708,499.0,5988.0,0.1821,Low Risk
CUST-103444,126.65,1519.8,0.1698,Low Risk
CUST-108143,126.65,1519.8,0.1756,Low Risk
CUST-106791,424.15,5089.8,0.0597,Low Risk
CUST-102043,424.15,5089.8,0.0621,Low Risk
CUST-110948,1019.15,12229.8,0.0916,Low Risk
CUST-107904,49.0,588.0,0.5661,Medium Risk
CUST-100335,499.0,5988.0,0.2182,Low Risk
CUST-104094,49.0,588.0,0.7481,High Risk
CUST-112318,424.15,5089.8,0.077,Low Risk
CUST-111879,41.65,499.8,0.2111,Low Risk
CUST-106261,149.0,1788.0,0.3263,Low Risk
CUST-108600,49.0,588.0,0.5953,Medium Risk
CUST-104207,126.65,1519.8,0.1112,Low Risk
CUST-106980,149.0,1788.0,0.6102,Medium Risk
CUST-111849,149.0,1788.0,0.3566,Medium Risk
CUST-109796,424.15,5089.8,0.0647,Low Risk
CUST-111227,49.0,588.0,0.6184,Medium Risk
CUST-109889,49.0,588.0,0.6117,Medium Risk
CUST-107036,149.0,1788.0,0.7064,High Risk
CUST-110591,41.65,499.8,0.1388,Low Risk
CUST-110625,149.0,1788.0,0.8132,High Risk
CUST-108869,1019.15,12229.8,0.0798,Low Risk
CUST-106633,424.15,5089.8,0.0583,Low Risk
CUST-101059,126.65,1519.8,0.1241,Low Risk
CUST-104538,424.15,5089.8,0.0743,Low Risk
CUST-105151,149.0,1788.0,0.7042,High Risk
CUST-102095,126.65,1519.8,0.1844,Low Risk
CUST-102215,126.65,1519.8,0.1085,Low Risk
CUST-102991,41.65,499.8,0.1842,Low Risk
CUST-109223,49.0,588.0,0.6682,High Risk
CUST-111481,126.65,1519.8,0.1404,Low Risk
CUST-102657,149.0,1788.0,0.6694,High Risk
CUST-112017,424.15,5089.8,0.048,Low Risk
CUST-109734,49.0,588.0,0.7079,High Risk
CUST-107701,499.0,5988.0,0.125,Low Risk
CUST-112330,424.15,5089.8,0.0722,Low Risk
CUST-109984,149.0,1788.0,0.2575,Low Risk
CUST-106864,126.65,1519.8,0.1101,Low Risk
CUST-109144,126.65,1519.8,0.119,Low Risk
CUST-101145,499.0,5988.0,0.1691,Low Risk
CUST-101409,424.15,5089.8,0.1006,Low Risk
CUST-109365,499.0,5988.0,0.1574,Low Risk
CUST-106463,41.65,499.8,0.2209,Low Risk
CUST-108200,126.65,1519.8,0.1472,Low Risk
CUST-102788,49.0,588.0,0.5959,Medium Risk
CUST-106313,126.65,1519.8,0.1124,Low Risk
CUST-107870,424.15,5089.8,0.0933,Low Risk
CUST-104440,49.0,588.0,0.636,Medium Risk
CUST-102941,49.0,588.0,0.7182,High Risk
CUST-109425,424.15,5089.8,0.097,Low Risk
CUST-107067,41.65,499.8,0.1255,Low Risk
CUST-111502,41.65,499.8,0.0981,Low Risk
CUST-108387,424.15,5089.8,0.0889,Low Risk
CUST-110915,424.15,5089.8,0.0787,Low Risk
CUST-111768,424.15,5089.8,0.0989,Low Risk
CUST-109714,126.65,1519.8,0.1079,Low Risk
CUST-104220,424.15,5089.8,0.0591,Low Risk
CUST-110852,499.0,5988.0,0.2372,Low Risk
CUST-106241,1019.15,12229.8,0.0648,Low Risk
CUST-105653,149.0,1788.0,0.3493,Low Risk
CUST-100121,149.0,1788.0,0.2376,Low Risk
CUST-109416,149.0,1788.0,0.6057,Medium Risk
CUST-107111,149.0,1788.0,0.7131,High Risk
CUST-108413,41.65,499.8,0.2133,Low Risk
CUST-100565,126.65,1519.8,0.1653,Low Risk
CUST-108001,499.0,5988.0,0.1911,Low Risk
CUST-106351,149.0,1788.0,0.5871,Medium Risk
CUST-102723,424.15,5089.8,0.077,Low Risk
CUST-101699,424.15,5089.8,0.0906,Low Risk
CUST-108636,49.0,588.0,0.7802,High Risk
CUST-101089,149.0,1788.0,0.4835,Medium Risk
CUST-111050,1019.15,12229.8,0.051,Low Risk
CUST-110388,49.0,588.0,0.7794,High Risk
CUST-104195,126.65,1519.8,0.1305,Low Risk
CUST-112091,424.15,5089.8,0.0728,Low Risk
CUST-100026,49.0,588.0,0.6053,Medium Risk
CUST-106454,126.65,1519.8,0.1106,Low Risk
CUST-106300,149.0,1788.0,0.4824,Medium Risk
CUST-105068,126.65,1519.8,0.1408,Low Risk
CUST-103344,41.65,499.8,0.1592,Low Risk
CUST-106462,424.15,5089.8,0.1037,Low Risk
CUST-106432,1019.15,12229.8,0.0929,Low Risk
CUST-104290,149.0,1788.0,0.5627,Medium Risk
CUST-104238,41.65,499.8,0.1953,Low Risk
CUST-109282,1019.15,12229.8,0.0716,Low Risk
CUST-108704,49.0,588.0,0.8216,High Risk
CUST-100431,49.0,588.0,0.671,High Risk
CUST-100171,126.65,1519.8,0.115,Low Risk
CUST-110230,41.65,499.8,0.2285,Low Risk
CUST-110943,41.65,499.8,0.2488,Low Risk
CUST-100454,149.0,1788.0,0.2729,Low Risk
CUST-100206,499.0,5988.0,0.1569,Low Risk
CUST-102893,41.65,499.8,0.1835,Low Risk
CUST-108152,149.0,1788.0,0.7741,High Risk
CUST-106683,424.15,5089.8,0.0501,Low Risk
CUST-107553,41.65,499.8,0.1078,Low Risk
CUST-101095,424.15,5089.8,0.0918,Low Risk
CUST-106047,499.0,5988.0,0.1494,Low Risk
CUST-101393,424.15,5089.8,0.0555,Low Risk
CUST-111819,49.0,588.0,0.7704,High Risk
CUST-111285,126.65,1519.8,0.1707,Low Risk
CUST-101763,49.0,588.0,0.7456,High Risk
CUST-101383,149.0,1788.0,0.6377,Medium Risk
CUST-105855,126.65,1519.8,0.1313,Low Risk
CUST-100649,499.0,5988.0,0.1454,Low Risk
CUST-104556,49.0,588.0,0.5534,Medium Risk
CUST-106848,424.15,5089.8,0.0705,Low Risk
CUST-109122,49.0,588.0,0.8256,High Risk
CUST-105476,149.0,1788.0,0.3243,Low Risk
CUST-100192,49.0,588.0,0.651,High Risk
CUST-109418,1019.15,12229.8,0.0764,Low Risk
CUST-109987,149.0,1788.0,0.5872,Medium Risk
CUST-102022,149.0,1788.0,0.1908,Low Risk
CUST-108865,149.0,1788.0,0.7332,High Risk
CUST-100817,41.65,499.8,0.1456,Low Risk
CUST-109228,49.0,588.0,0.745,High Risk
CUST-106365,41.65,499.8,0.1164,Low Risk
CUST-104623,149.0,1788.0,0.2673,Low Risk
CUST-110075,1019.15,12229.8,0.063,Low Risk
CUST-108082,149.0,1788.0,0.4429,Medium Risk
CUST-102672,49.0,588.0,0.7748,High Risk
CUST-102757,41.65,499.8,0.1562,Low Risk
CUST-106402,126.65,1519.8,0.1244,Low Risk
CUST-111745,49.0,588.0,0.7141,High Risk
CUST-103333,126.65,1519.8,0.0939,Low Risk
CUST-101918,1019.15,12229.8,0.0617,Low Risk
CUST-102690,41.65,499.8,0.1623,Low Risk
CUST-102929,126.65,1519.8,0.1279,Low Risk
CUST-103782,424.15,5089.8,0.0864,Low Risk
CUST-102407,149.0,1788.0,0.5281,Medium Risk
CUST-111167,49.0,588.0,0.6622,High Risk
CUST-101794,126.65,1519.8,0.1706,Low Risk
CUST-101408,149.0,1788.0,0.2473,Low Risk
CUST-106614,49.0,588.0,0.8807,High Risk
CUST-100787,41.65,499.8,0.1591,Low Risk
CUST-102974,41.65,499.8,0.1416,Low Risk
CUST-109516,49.0,588.0,0.5709,Medium Risk
CUST-105324,499.0,5988.0,0.1547,Low Risk
CUST-101836,424.15,5089.8,0.0529,Low Risk
CUST-107942,424.15,5089.8,0.07,Low Risk
CUST-103495,149.0,1788.0,0.606,Medium Risk
CUST-101938,499.0,5988.0,0.194,Low Risk
CUST-101708,41.65,499.8,0.17,Low Risk
CUST-112215,1019.15,12229.8,0.0762,Low Risk
CUST-106758,126.65,1519.8,0.1089,Low Risk
CUST-109672,49.0,588.0,0.7789,High Risk
CUST-103168,424.15,5089.8,0.0844,Low Risk
CUST-108329,424.15,5089.8,0.095,Low Risk
CUST-100248,149.0,1788.0,0.7545,High Risk
CUST-107445,49.0,588.0,0.7246,High Risk
CUST-112297,149.0,1788.0,0.5457,Medium Risk
CUST-110154,41.65,499.8,0.234,Low Risk
CUST-102968,41.65,499.8,0.1012,Low Risk
CUST-106158,41.65,499.8,0.2459,Low Risk
CUST-110490,41.65,499.8,0.2232,Low Risk
CUST-105298,126.65,1519.8,0.0924,Low Risk
CUST-103889,499.0,5988.0,0.1899,Low Risk
CUST-111333,149.0,1788.0,0.5893,Medium Risk
CUST-108621,49.0,588.0,0.7581,High Risk
CUST-112217,499.0,5988.0,0.2468,Low Risk
CUST-107719,49.0,588.0,0.5929,Medium Risk
CUST-108023,126.65,1519.8,0.1044,Low Risk
CUST-106208,499.0,5988.0,0.2368,Low Risk
CUST-102920,149.0,1788.0,0.2617,Low Risk
CUST-108853,424.15,5089.8,0.0538,Low Risk
CUST-108559,424.15,5089.8,0.0828,Low Risk
CUST-107970,49.0,588.0,0.6786,High Risk
CUST-104172,49.0,588.0,0.773,High Risk
CUST-106679,41.65,499.8,0.1479,Low Risk
CUST-102397,49.0,588.0,0.851,High Risk
CUST-111676,41.65,499.8,0.2507,Low Risk
CUST-101986,126.65,1519.8,0.1587,Low Risk
CUST-109005,126.65,1519.8,0.12,Low Risk
CUST-107346,424.15,5089.8,0.0954,Low Risk
CUST-100624,49.0,588.0,0.6,Medium Risk
CUST-104657,499.0,5988.0,0.1838,Low Risk
CUST-100089,424.15,5089.8,0.0865,Low Risk
CUST-110131,1019.15,12229.8,0.0923,Low Risk
CUST-101941,424.15,5089.8,0.0781,Low Risk
CUST-111358,424.15,5089.8,0.0564,Low Risk
CUST-106759,1019.15,12229.8,0.0565,Low Risk
CUST-103477,424.15,5089.8,0.1007,Low Risk
CUST-105768,149.0,1788.0,0.5553,Medium Risk
CUST-107545,149.0,1788.0,0.1855,Low Risk
CUST-111765,126.65,1519.8,0.108,Low Risk
CUST-100109,126.65,1519.8,0.0731,Low Risk
CUST-100770,41.65,499.8,0.2049,Low Risk
CUST-104224,424.15,5089.8,0.0655,Low Risk
CUST-107768,49.0,588.0,0.6269,Medium Risk
CUST-109505,49.0,588.0,0.5622,Medium Risk
CUST-106257,149.0,1788.0,0.5919,Medium Risk
CUST-105875,41.65,499.8,0.2135,Low Risk
CUST-104045,49.0,588.0,0.6429,Medium Risk
CUST-110110,126.65,1519.8,0.1615,Low Risk
CUST-103599,149.0,1788.0,0.7382,High Risk
CUST-110124,424.15,5089.8,0.0671,Low Risk
CUST-102533,1019.15,12229.8,0.0446,Low Risk
CUST-101240,41.65,499.8,0.1768,Low Risk
CUST-102833,49.0,588.0,0.7114,High Risk
CUST-112389,149.0,1788.0,0.4602,Medium Risk
CUST-104603,499.0,5988.0,0.1832,Low Risk
CUST-100703,149.0,1788.0,0.7302,High Risk
CUST-104409,424.15,5089.8,0.0642,Low Risk
CUST-106217,126.65,1519.8,0.0939,Low Risk
CUST-111057,126.65,1519.8,0.1623,Low Risk
CUST-108616,41.65,499.8,0.1521,Low Risk
CUST-109308,126.65,1519.8,0.1089,Low Risk
CUST-109266,49.0,588.0,0.8865,High Risk
CUST-110074,424.15,5089.8,0.0954,Low Risk
CUST-112210,49.0,588.0,0.7282,High Risk
CUST-105306,126.65,1519.8,0.1387,Low Risk
CUST-104714,41.65,499.8,0.2201,Low Risk
CUST-100766,126.65,1519.8,0.1693,Low Risk
CUST-105089,49.0,588.0,0.6941,High Risk
CUST-105098,49.0,588.0,0.8513,High Risk
CUST-101842,41.65,499.8,0.2056,Low Risk
CUST-102405,149.0,1788.0,0.4441,Medium Risk
CUST-107706,126.65,1519.8,0.1466,Low Risk
CUST-104770,126.65,1519.8,0.1078,Low Risk
CUST-110793,424.15,5089.8,0.0725,Low Risk
CUST-107944,424.15,5089.8,0.0883,Low Risk
CUST-107000,126.65,1519.8,0.1461,Low Risk
CUST-100735,49.0,588.0,0.8009,High Risk
CUST-101895,149.0,1788.0,0.293,Low Risk
CUST-111581,49.0,588.0,0.742,High Risk
CUST-100466,49.0,588.0,0.8868,High Risk
CUST-109338,149.0,1788.0,0.2744,Low Risk
CUST-110865,41.65,499.8,0.1726,Low Risk
CUST-105599,1199.0,14388.0,0.1441,Low Risk
CUST-104544,126.65,1519.8,0.1573,Low Risk
CUST-105704,499.0,5988.0,0.2195,Low Risk
CUST-101740,126.65,1519.8,0.1154,Low Risk
CUST-106949,499.0,5988.0,0.1406,Low Risk
CUST-103307,149.0,1788.0,0.5081,Medium Risk
CUST-112067,149.0,1788.0,0.2455,Low Risk
CUST-104159,49.0,588.0,0.6641,High Risk
CUST-111856,1019.15,12229.8,0.059,Low Risk
CUST-100324,149.0,1788.0,0.8005,High Risk
CUST-109347,126.65,1519.8,0.086,Low Risk
CUST-107880,49.0,588.0,0.7071,High Risk
CUST-111024,424.15,5089.8,0.07,Low Risk
CUST-102028,126.65,1519.8,0.1714,Low Risk
CUST-102652,1019.15,12229.8,0.072,Low Risk
CUST-100918,424.15,5089.8,0.0694,Low Risk
CUST-102770,49.0,588.0,0.8734,High Risk
CUST-105338,41.65,499.8,0.226,Low Risk
CUST-110333,424.15,5089.8,0.086,Low Risk
CUST-100165,499.0,5988.0,0.1894,Low Risk
CUST-107290,149.0,1788.0,0.6875,High Risk
CUST-106808,126.65,1519.8,0.1484,Low Risk
CUST-102514,49.0,588.0,0.7002,High Risk
CUST-104752,1019.15,12229.8,0.0689,Low Risk
CUST-105510,149.0,1788.0,0.3122,Low Risk
CUST-108067,41.65,499.8,0.1986,Low Risk
CUST-105380,49.0,588.0,0.6554,High Risk
CUST-106109,1199.0,14388.0,0.1875,Low Risk
CUST-109385,41.65,499.8,0.1328,Low Risk
CUST-100393,126.65,1519.8,0.1589,Low Risk
CUST-102805,126.65,1519.8,0.189,Low Risk
CUST-101270,149.0,1788.0,0.7268,High Risk
CUST-103014,49.0,588.0,0.8281,High Risk
CUST-110570,126.65,1519.8,0.1163,Low Risk
CUST-111184,49.0,588.0,0.7675,High Risk
CUST-102010,126.65,1519.8,0.1881,Low Risk
CUST-104765,1019.15,12229.8,0.0633,Low Risk
CUST-100493,41.65,499.8,0.1924,Low Risk
CUST-109181,49.0,588.0,0.6419,Medium Risk
CUST-105822,49.0,588.0,0.7943,High Risk
CUST-101167,424.15,5089.8,0.0812,Low Risk
CUST-100667,149.0,1788.0,0.5773,Medium Risk
CUST-106178,126.65,1519.8,0.1368,Low Risk
CUST-103632,49.0,588.0,0.7422,High Risk
CUST-100365,1019.15,12229.8,0.0673,Low Risk
CUST-100729,1019.15,12229.8,0.0609,Low Risk
CUST-108405,126.65,1519.8,0.1527,Low Risk
CUST-110192,424.15,5089.8,0.0636,Low Risk
CUST-109583,499.0,5988.0,0.1771,Low Risk
CUST-105719,49.0,588.0,0.627,Medium Risk
CUST-110984,41.65,499.8,0.1462,Low Risk
CUST-107908,41.65,499.8,0.239,Low Risk
CUST-111800,149.0,1788.0,0.7365,High Risk
CUST-100865,149.0,1788.0,0.2082,Low Risk
CUST-100529,41.65,499.8,0.2102,Low Risk
CUST-105849,126.65,1519.8,0.1383,Low Risk
CUST-106539,49.0,588.0,0.6499,Medium Risk
CUST-101855,424.15,5089.8,0.073,Low Risk
CUST-100179,126.65,1519.8,0.1246,Low Risk
CUST-111909,149.0,1788.0,0.6332,Medium Risk
CUST-108912,149.0,1788.0,0.4498,Medium Risk
CUST-109881,49.0,588.0,0.6203,Medium Risk
CUST-108051,424.15,5089.8,0.0559,Low Risk
CUST-111215,49.0,588.0,0.8464,High Risk
CUST-101859,149.0,1788.0,0.1744,Low Risk
CUST-107888,126.65,1519.8,0.1309,Low Risk
CUST-104221,499.0,5988.0,0.1844,Low Risk
CUST-111366,424.15,5089.8,0.0672,Low Risk
CUST-110270,49.0,588.0,0.6562,High Risk
CUST-101614,49.0,588.0,0.728,High Risk
CUST-103755,41.65,499.8,0.2076,Low Risk
CUST-102790,149.0,1788.0,0.6894,High Risk
CUST-101164,424.15,5089.8,0.0693,Low Risk
CUST-107769,49.0,588.0,0.9,High Risk
CUST-101346,49.0,588.0,0.6951,High Risk
CUST-100386,499.0,5988.0,0.1831,Low Risk
CUST-107351,499.0,5988.0,0.1872,Low Risk
CUST-106894,149.0,1788.0,0.2623,Low Risk
CUST-106501,49.0,588.0,0.8548,High Risk
CUST-106497,49.0,588.0,0.7941,High Risk
CUST-103723,149.0,1788.0,0.4851,Medium Risk
CUST-107402,149.0,1788.0,0.5467,Medium Risk
CUST-105748,49.0,588.0,0.6198,Medium Risk
CUST-110368,424.15,5089.8,0.0586,Low Risk
CUST-100834,126.65,1519.8,0.1935,Low Risk
CUST-100383,499.0,5988.0,0.2238,Low Risk
CUST-104975,41.65,499.8,0.2,Low Risk
CUST-100460,126.65,1519.8,0.173,Low Risk
CUST-101987,49.0,588.0,0.8156,High Risk
CUST-105480,149.0,1788.0,0.4861,Medium Risk
CUST-111774,126.65,1519.8,0.0988,Low Risk
CUST-101787,424.15,5089.8,0.0717,Low Risk
CUST-101913,126.65,1519.8,0.1517,Low Risk
CUST-111521,41.65,499.8,0.1134,Low Risk
CUST-100146,41.65,499.8,0.1662,Low Risk
CUST-107778,49.0,588.0,0.7134,High Risk
CUST-100773,49.0,588.0,0.6799,High Risk
CUST-100217,424.15,5089.8,0.0846,Low Risk
CUST-111835,126.65,1519.8,0.1678,Low Risk
CUST-109074,126.65,1519.8,0.1695,Low Risk
CUST-108986,126.65,1519.8,0.1612,Low Risk
CUST-100619,49.0,588.0,0.6281,Medium Risk
CUST-107881,424.15,5089.8,0.091,Low Risk
CUST-105643,424.15,5089.8,0.0648,Low Risk
CUST-105104,126.65,1519.8,0.19,Low Risk
CUST-104323,41.65,499.8,0.1254,Low Risk
CUST-102117,1019.15,12229.8,0.0917,Low Risk
CUST-110069,126.65,1519.8,0.1558,Low Risk
CUST-101078,126.65,1519.8,0.0962,Low Risk
CUST-107500,149.0,1788.0,0.6979,High Risk
CUST-105792,1019.15,12229.8,0.0929,Low Risk
CUST-107979,499.0,5988.0,0.1691,Low Risk
CUST-107841,149.0,1788.0,0.2316,Low Risk
CUST-109330,499.0,5988.0,0.1711,Low Risk
CUST-112427,41.65,499.8,0.1551,Low Risk
CUST-109602,1019.15,12229.8,0.0947,Low Risk
CUST-102172,126.65,1519.8,0.1297,Low Risk
CUST-110677,149.0,1788.0,0.4788,Medium Risk
CUST-111220,126.65,1519.8,0.1139,Low Risk
CUST-105987,149.0,1788.0,0.309,Low Risk
CUST-100540,41.65,499.8,0.1748,Low Risk
CUST-111896,499.0,5988.0,0.23,Low Risk
CUST-107971,126.65,1519.8,0.1006,Low Risk
CUST-110032,41.65,499.8,0.1761,Low Risk
CUST-109582,424.15,5089.8,0.0595,Low Risk
CUST-106305,424.15,5089.8,0.1069,Low Risk
CUST-102291,49.0,588.0,0.7645,High Risk
CUST-111711,49.0,588.0,0.7839,High Risk
CUST-101616,41.65,499.8,0.1862,Low Risk
CUST-110385,41.65,499.8,0.1703,Low Risk
CUST-110629,41.65,499.8,0.2199,Low Risk
CUST-102066,424.15,5089.8,0.0724,Low Risk
CUST-105393,149.0,1788.0,0.6192,Medium Risk
CUST-100021,424.15,5089.8,0.0885,Low Risk
CUST-105966,424.15,5089.8,0.0908,Low Risk
CUST-103317,499.0,5988.0,0.1261,Low Risk
CUST-102450,126.65,1519.8,0.1398,Low Risk
CUST-102483,126.65,1519.8,0.1071,Low Risk
CUST-108298,41.65,499.8,0.1509,Low Risk
CUST-105729,424.15,5089.8,0.0864,Low Risk
CUST-107945,41.65,499.8,0.1689,Low Risk
CUST-105430,126.65,1519.8,0.173,Low Risk
CUST-101570,149.0,1788.0,0.5127,Medium Risk
CUST-105112,1019.15,12229.8,0.0494,Low Risk
CUST-109281,499.0,5988.0,0.1817,Low Risk
CUST-107163,126.65,1519.8,0.0747,Low Risk
CUST-109160,41.65,499.8,0.1298,Low Risk
CUST-111708,49.0,588.0,0.8603,High Risk
CUST-108491,49.0,588.0,0.7701,High Risk
CUST-102530,126.65,1519.8,0.141,Low Risk
CUST-106557,126.65,1519.8,0.1037,Low Risk
CUST-110472,49.0,588.0,0.7406,High Risk
CUST-104948,424.15,5089.8,0.0917,Low Risk
CUST-109973,126.65,1519.8,0.1325,Low Risk
CUST-112172,424.15,5089.8,0.0587,Low Risk
CUST-109658,424.15,5089.8,0.065,Low Risk
CUST-104860,126.65,1519.8,0.159,Low Risk
CUST-111206,49.0,588.0,0.6759,High Risk
CUST-100533,126.65,1519.8,0.1253,Low Risk
CUST-107755,424.15,5089.8,0.0579,Low Risk
CUST-107400,424.15,5089.8,0.0615,Low Risk
CUST-111670,499.0,5988.0,0.1608,Low Risk
CUST-101090,41.65,499.8,0.1178,Low Risk
CUST-103669,49.0,588.0,0.7042,High Risk
CUST-108400,424.15,5089.8,0.0635,Low Risk
CUST-102759,424.15,5089.8,0.0842,Low Risk
CUST-105259,41.65,499.8,0.1658,Low Risk
CUST-108563,49.0,588.0,0.7001,High Risk
CUST-100057,424.15,5089.8,0.052,Low Risk
CUST-108169,126.65,1519.8,0.139,Low Risk
CUST-105791,149.0,1788.0,0.564,Medium Risk
CUST-111740,149.0,1788.0,0.3503,Medium Risk
CUST-110090,424.15,5089.8,0.0553,Low Risk
CUST-110464,126.65,1519.8,0.1138,Low Risk
CUST-108053,149.0,1788.0,0.2892,Low Risk
CUST-105845,149.0,1788.0,0.6121,Medium Risk
CUST-100812,41.65,499.8,0.1309,Low Risk
CUST-105341,49.0,588.0,0.807,High Risk
CUST-111665,499.0,5988.0,0.1997,Low Risk
CUST-102650,126.65,1519.8,0.1131,Low Risk
CUST-100094,41.65,499.8,0.1958,Low Risk
CUST-107284,424.15,5089.8,0.0741,Low Risk
CUST-105452,41.65,499.8,0.1681,Low Risk
CUST-109898,126.65,1519.8,0.1428,Low Risk
CUST-105991,499.0,5988.0,0.1844,Low Risk
CUST-104316,126.65,1519.8,0.1614,Low Risk
CUST-112047,126.65,1519.8,0.1276,Low Risk
CUST-103979,49.0,588.0,0.5932,Medium Risk
CUST-101154,149.0,1788.0,0.513,Medium Risk
CUST-103274,126.65,1519.8,0.172,Low Risk
CUST-107791,126.65,1519.8,0.1013,Low Risk
CUST-110791,41.65,499.8,0.1565,Low Risk
CUST-110999,424.15,5089.8,0.0545,Low Risk
CUST-107127,126.65,1519.8,0.0971,Low Risk
CUST-111378,49.0,588.0,0.7102,High Risk
CUST-108532,424.15,5089.8,0.0621,Low Risk
CUST-104791,424.15,5089.8,0.1024,Low Risk
CUST-105173,424.15,5089.8,0.0688,Low Risk
CUST-104761,49.0,588.0,0.7281,High Risk
CUST-102433,126.65,1519.8,0.1259,Low Risk
CUST-107403,126.65,1519.8,0.1084,Low Risk
CUST-100532,41.65,499.8,0.1979,Low Risk
CUST-105256,1019.15,12229.8,0.0693,Low Risk
CUST-109057,126.65,1519.8,0.1775,Low Risk
CUST-102922,1019.15,12229.8,0.068,Low Risk
CUST-101022,149.0,1788.0,0.728,High Risk
CUST-109035,149.0,1788.0,0.2307,Low Risk
CUST-100453,126.65,1519.8,0.1125,Low Risk
CUST-108629,1019.15,12229.8,0.0631,Low Risk
CUST-111719,149.0,1788.0,0.5932,Medium Risk
CUST-108527,49.0,588.0,0.7442,High Risk
CUST-110467,41.65,499.8,0.1435,Low Risk
CUST-100557,49.0,588.0,0.585,Medium Risk
CUST-104108,149.0,1788.0,0.4433,Medium Risk
CUST-107670,149.0,1788.0,0.5854,Medium Risk
CUST-106107,149.0,1788.0,0.7808,High Risk
CUST-110214,424.15,5089.8,0.0416,Low Risk
CUST-105973,49.0,588.0,0.6752,High Risk
CUST-112412,149.0,1788.0,0.5768,Medium Risk
CUST-106700,41.65,499.8,0.1415,Low Risk
CUST-106327,41.65,499.8,0.1821,Low Risk
CUST-111823,149.0,1788.0,0.2117,Low Risk
CUST-110462,424.15,5089.8,0.0645,Low Risk
CUST-105079,149.0,1788.0,0.6914,High Risk
CUST-107810,49.0,588.0,0.6232,Medium Risk
CUST-110437,49.0,588.0,0.8419,High Risk
CUST-102860,149.0,1788.0,0.6045,Medium Risk
CUST-110148,1019.15,12229.8,0.0883,Low Risk
CUST-112265,149.0,1788.0,0.7819,High Risk
CUST-108650,41.65,499.8,0.139,Low Risk
CUST-103445,499.0,5988.0,0.1505,Low Risk
CUST-101691,49.0,588.0,0.8226,High Risk
CUST-102013,49.0,588.0,0.5896,Medium Risk
CUST-106500,49.0,588.0,0.5665,Medium Risk
CUST-104832,149.0,1788.0,0.3417,Low Risk
CUST-107561,1019.15,12229.8,0.0736,Low Risk
CUST-101664,424.15,5089.8,0.0732,Low Risk
CUST-108607,126.65,1519.8,0.0786,Low Risk
CUST-106190,424.15,5089.8,0.0973,Low Risk
CUST-111902,126.65,1519.8,0.15,Low Risk
CUST-104200,424.15,5089.8,0.0766,Low Risk
CUST-112249,49.0,588.0,0.5968,Medium Risk
CUST-111013,149.0,1788.0,0.7273,High Risk
CUST-111115,149.0,1788.0,0.3382,Low Risk
CUST-104561,1199.0,14388.0,0.2264,Low Risk
CUST-110974,41.65,499.8,0.1617,Low Risk
CUST-104641,499.0,5988.0,0.2433,Low Risk
CUST-109047,49.0,588.0,0.9125,High Risk
CUST-103512,149.0,1788.0,0.6608,High Risk
CUST-104595,41.65,499.8,0.1501,Low Risk
CUST-100499,49.0,588.0,0.793,High Risk
CUST-105212,49.0,588.0,0.7472,High Risk
CUST-103786,1019.15,12229.8,0.0679,Low Risk
CUST-102617,424.15,5089.8,0.0751,Low Risk
CUST-104322,424.15,5089.8,0.0871,Low Risk
CUST-101575,126.65,1519.8,0.114,Low Risk
CUST-109534,41.65,499.8,0.1174,Low Risk
CUST-111318,149.0,1788.0,0.2684,Low Risk
CUST-104744,126.65,1519.8,0.1078,Low Risk
CUST-112272,499.0,5988.0,0.1932,Low Risk
CUST-108422,41.65,499.8,0.1939,Low Risk
CUST-107162,49.0,588.0,0.8583,High Risk
CUST-111591,149.0,1788.0,0.715,High Risk
CUST-104311,149.0,1788.0,0.5955,Medium Risk
CUST-109358,499.0,5988.0,0.2301,Low Risk
CUST-105808,41.65,499.8,0.2331,Low Risk
CUST-105074,149.0,1788.0,0.2153,Low Risk
CUST-103364,149.0,1788.0,0.7781,High Risk
CUST-106833,126.65,1519.8,0.1583,Low Risk
CUST-103602,126.65,1519.8,0.1538,Low Risk
CUST-107499,499.0,5988.0,0.1757,Low Risk
CUST-110681,49.0,588.0,0.7946,High Risk
CUST-108705,149.0,1788.0,0.3317,Low Risk
CUST-104056,41.65,499.8,0.252,Low Risk
CUST-102865,41.65,499.8,0.2091,Low Risk
CUST-101534,424.15,5089.8,0.0619,Low Risk
CUST-111010,1019.15,12229.8,0.0612,Low Risk
CUST-106160,149.0,1788.0,0.5726,Medium Risk
CUST-106804,126.65,1519.8,0.1676,Low Risk
CUST-108357,424.15,5089.8,0.0781,Low Risk
CUST-100437,126.65,1519.8,0.0848,Low Risk
CUST-104862,499.0,5988.0,0.1616,Low Risk
CUST-105613,49.0,588.0,0.7899,High Risk
CUST-107240,499.0,5988.0,0.1638,Low Risk
CUST-107293,126.65,1519.8,0.1211,Low Risk
CUST-105451,149.0,1788.0,0.7412,High Risk
CUST-101348,41.65,499.8,0.1465,Low Risk
CUST-105921,424.15,5089.8,0.0787,Low Risk
CUST-107687,41.65,499.8,0.1081,Low Risk
CUST-112141,499.0,5988.0,0.1604,Low Risk
CUST-107100,424.15,5089.8,0.0415,Low Risk
CUST-101031,126.65,1519.8,0.1235,Low Risk
CUST-106863,49.0,588.0,0.7663,High Risk
CUST-103815,499.0,5988.0,0.1918,Low Risk
CUST-108956,41.65,499.8,0.1835,Low Risk
CUST-102720,41.65,499.8,0.1599,Low Risk
CUST-108723,126.65,1519.8,0.1634,Low Risk
CUST-103821,149.0,1788.0,0.4431,Medium Risk
CUST-107387,1019.15,12229.8,0.0621,Low Risk
CUST-103008,49.0,588.0,0.6979,High Risk
CUST-105541,149.0,1788.0,0.7864,High Risk
CUST-100575,149.0,1788.0,0.7613,High Risk
CUST-111507,1019.15,12229.8,0.064,Low Risk
CUST-106893,424.15,5089.8,0.0586,Low Risk
CUST-109346,41.65,499.8,0.1495,Low Risk
CUST-112129,149.0,1788.0,0.5846,Medium Risk
CUST-105227,126.65,1519.8,0.0756,Low Risk
CUST-109320,49.0,588.0,0.597,Medium Risk
CUST-106106,149.0,1788.0,0.5546,Medium Risk
CUST-103672,49.0,588.0,0.6611,High Risk
CUST-100081,424.15,5089.8,0.0861,Low Risk
CUST-101990,49.0,588.0,0.7016,High Risk
CUST-104223,49.0,588.0,0.8168,High Risk
CUST-107158,49.0,588.0,0.701,High Risk
CUST-102639,149.0,1788.0,0.2499,Low Risk
CUST-108197,424.15,5089.8,0.0743,Low Risk
CUST-104194,1019.15,12229.8,0.0596,Low Risk
CUST-101058,149.0,1788.0,0.48,Medium Risk
CUST-104160,424.15,5089.8,0.0693,Low Risk
CUST-104713,149.0,1788.0,0.6444,Medium Risk
CUST-109040,149.0,1788.0,0.2787,Low Risk
CUST-110531,41.65,499.8,0.2346,Low Risk
CUST-109900,424.15,5089.8,0.0665,Low Risk
CUST-111529,126.65,1519.8,0.1771,Low Risk
CUST-112116,126.65,1519.8,0.0865,Low Risk
CUST-111312,41.65,499.8,0.1333,Low Risk
CUST-106005,41.65,499.8,0.215,Low Risk
CUST-111269,126.65,1519.8,0.1184,Low Risk
CUST-100113,1019.15,12229.8,0.0844,Low Risk
CUST-100614,49.0,588.0,0.8656,High Risk
CUST-101662,149.0,1788.0,0.2532,Low Risk
CUST-102462,126.65,1519.8,0.1174,Low Risk
CUST-102813,424.15,5089.8,0.0693,Low Risk
CUST-101175,1019.15,12229.8,0.0615,Low Risk
CUST-106922,499.0,5988.0,0.1485,Low Risk
CUST-101093,424.15,5089.8,0.0596,Low Risk
CUST-101689,41.65,499.8,0.1703,Low Risk
CUST-103465,126.65,1519.8,0.1223,Low Risk
CUST-104821,49.0,588.0,0.7107,High Risk
CUST-105840,41.65,499.8,0.1279,Low Risk
CUST-110317,126.65,1519.8,0.0787,Low Risk
CUST-104972,41.65,499.8,0.2108,Low Risk
CUST-107614,149.0,1788.0,0.8154,High Risk
CUST-100984,149.0,1788.0,0.826,High Risk
CUST-110458,149.0,1788.0,0.8173,High Risk
CUST-106514,49.0,588.0,0.7918,High Risk
CUST-100245,49.0,588.0,0.7114,High Risk
CUST-102567,49.0,588.0,0.6259,Medium Risk
CUST-102318,499.0,5988.0,0.2369,Low Risk
CUST-103828,41.65,499.8,0.2437,Low Risk
CUST-111940,126.65,1519.8,0.1356,Low Risk
CUST-105202,149.0,1788.0,0.5348,Medium Risk
CUST-108862,126.65,1519.8,0.1148,Low Risk
CUST-104937,1019.15,12229.8,0.0709,Low Risk
CUST-108541,149.0,1788.0,0.7044,High Risk
CUST-105335,41.65,499.8,0.1584,Low Risk
CUST-106810,41.65,499.8,0.1036,Low Risk
CUST-103940,41.65,499.8,0.1519,Low Risk
CUST-105330,126.65,1519.8,0.1499,Low Risk
CUST-106909,149.0,1788.0,0.6177,Medium Risk
CUST-111649,149.0,1788.0,0.257,Low Risk
CUST-100764,424.15,5089.8,0.0789,Low Risk
CUST-110743,149.0,1788.0,0.7954,High Risk
CUST-110295,1019.15,12229.8,0.0536,Low Risk
CUST-111503,41.65,499.8,0.1988,Low Risk
CUST-108184,424.15,5089.8,0.0737,Low Risk
CUST-108314,1199.0,14388.0,0.1879,Low Risk
CUST-100739,126.65,1519.8,0.1454,Low Risk
CUST-108365,424.15,5089.8,0.0705,Low Risk
CUST-107493,126.65,1519.8,0.0772,Low Risk
CUST-108776,424.15,5089.8,0.0896,Low Risk
CUST-104321,424.15,5089.8,0.0589,Low Risk
CUST-110517,424.15,5089.8,0.0764,Low Risk
CUST-110917,126.65,1519.8,0.1308,Low Risk
CUST-109452,149.0,1788.0,0.6029,Medium Risk
CUST-108637,424.15,5089.8,0.0693,Low Risk
CUST-107918,41.65,499.8,0.1857,Low Risk
CUST-101749,41.65,499.8,0.1845,Low Risk
CUST-111415,126.65,1519.8,0.1528,Low Risk
CUST-106477,49.0,588.0,0.6081,Medium Risk
CUST-101379,499.0,5988.0,0.1496,Low Risk
CUST-102368,49.0,588.0,0.6683,High Risk
CUST-111504,49.0,588.0,0.6774,High Risk
CUST-106359,424.15,5089.8,0.0768,Low Risk
CUST-106379,126.65,1519.8,0.065,Low Risk
CUST-109087,424.15,5089.8,0.0902,Low Risk
CUST-111479,149.0,1788.0,0.2027,Low Risk
CUST-110864,149.0,1788.0,0.6231,Medium Risk
CUST-103482,49.0,588.0,0.7967,High Risk
CUST-111773,126.65,1519.8,0.0778,Low Risk
CUST-106881,126.65,1519.8,0.1591,Low Risk
CUST-109166,49.0,588.0,0.7744,High Risk
CUST-109151,149.0,1788.0,0.5143,Medium Risk
CUST-100826,126.65,1519.8,0.0966,Low Risk
CUST-110281,126.65,1519.8,0.1103,Low Risk
CUST-105914,1019.15,12229.8,0.0964,Low Risk
CUST-101488,424.15,5089.8,0.0491,Low Risk
CUST-108888,424.15,5089.8,0.05,Low Risk
CUST-101390,49.0,588.0,0.7116,High Risk
CUST-109279,126.65,1519.8,0.1561,Low Risk
CUST-111679,499.0,5988.0,0.2043,Low Risk
CUST-110291,41.65,499.8,0.2333,Low Risk
CUST-106485,41.65,499.8,0.1285,Low Risk
CUST-105278,41.65,499.8,0.1767,Low Risk
CUST-102000,41.65,499.8,0.1037,Low Risk
CUST-109117,126.65,1519.8,0.0935,Low Risk
CUST-102345,49.0,588.0,0.8375,High Risk
CUST-109572,49.0,588.0,0.6999,High Risk
CUST-110995,126.65,1519.8,0.0781,Low Risk
CUST-102408,149.0,1788.0,0.2852,Low Risk
CUST-100083,149.0,1788.0,0.6649,High Risk
CUST-104812,424.15,5089.8,0.0468,Low Risk
CUST-107328,49.0,588.0,0.6186,Medium Risk
CUST-109265,126.65,1519.8,0.1235,Low Risk
CUST-104977,424.15,5089.8,0.0577,Low Risk
CUST-105941,149.0,1788.0,0.468,Medium Risk
CUST-110123,126.65,1519.8,0.1324,Low Risk
CUST-110998,49.0,588.0,0.756,High Risk
CUST-112065,126.65,1519.8,0.0963,Low Risk
CUST-105164,41.65,499.8,0.231,Low Risk
CUST-100080,424.15,5089.8,0.0775,Low Risk
CUST-108081,424.15,5089.8,0.0777,Low Risk
CUST-105685,49.0,588.0,0.8378,High Risk
CUST-100468,424.15,5089.8,0.0756,Low Risk
CUST-107425,41.65,499.8,0.1636,Low Risk
CUST-107076,41.65,499.8,0.1583,Low Risk
CUST-102818,126.65,1519.8,0.1523,Low Risk
CUST-110096,49.0,588.0,0.6119,Medium Risk
CUST-109212,49.0,588.0,0.7141,High Risk
CUST-104484,49.0,588.0,0.6425,Medium Risk
CUST-105698,49.0,588.0,0.6128,Medium Risk
CUST-106404,499.0,5988.0,0.2132,Low Risk
CUST-109857,49.0,588.0,0.8117,High Risk
CUST-111565,1019.15,12229.8,0.0832,Low Risk
CUST-110117,499.0,5988.0,0.163,Low Risk
CUST-104358,149.0,1788.0,0.1996,Low Risk
CUST-104849,41.65,499.8,0.1797,Low Risk
CUST-107427,126.65,1519.8,0.0934,Low Risk
CUST-102795,49.0,588.0,0.6278,Medium Risk
CUST-100220,424.15,5089.8,0.1004,Low Risk
CUST-102857,126.65,1519.8,0.1311,Low Risk
CUST-104611,126.65,1519.8,0.1416,Low Risk
CUST-106795,499.0,5988.0,0.2047,Low Risk
CUST-106019,41.65,499.8,0.1273,Low Risk
CUST-106140,149.0,1788.0,0.2738,Low Risk
CUST-104596,126.65,1519.8,0.1171,Low Risk
CUST-104052,49.0,588.0,0.7733,High Risk
CUST-100456,424.15,5089.8,0.0766,Low Risk
CUST-107526,41.65,499.8,0.1687,Low Risk
CUST-111888,424.15,5089.8,0.0604,Low Risk
CUST-105498,149.0,1788.0,0.7938,High Risk
CUST-102482,49.0,588.0,0.6568,High Risk
CUST-100294,41.65,499.8,0.251,Low Risk
CUST-105466,126.65,1519.8,0.1269,Low Risk
CUST-103687,49.0,588.0,0.794,High Risk
CUST-104695,126.65,1519.8,0.1291,Low Risk
CUST-108131,41.65,499.8,0.2257,Low Risk
CUST-108425,41.65,499.8,0.242,Low Risk
CUST-111472,499.0,5988.0,0.2273,Low Risk
CUST-107672,41.65,499.8,0.2263,Low Risk
CUST-104032,499.0,5988.0,0.1648,Low Risk
CUST-100789,424.15,5089.8,0.0671,Low Risk
CUST-111245,41.65,499.8,0.1449,Low Risk
CUST-110641,149.0,1788.0,0.5728,Medium Risk
CUST-105586,41.65,499.8,0.2224,Low Risk
CUST-104008,149.0,1788.0,0.5473,Medium Risk
CUST-109062,499.0,5988.0,0.2731,Low Risk
CUST-108345,149.0,1788.0,0.8089,High Risk
CUST-105701,149.0,1788.0,0.7325,High Risk
CUST-108649,149.0,1788.0,0.3765,Medium Risk
CUST-110593,126.65,1519.8,0.1365,Low Risk
CUST-108188,149.0,1788.0,0.6763,High Risk
CUST-109684,41.65,499.8,0.1695,Low Risk
CUST-106450,126.65,1519.8,0.1001,Low Risk
CUST-105232,149.0,1788.0,0.6766,High Risk
CUST-110642,41.65,499.8,0.2116,Low Risk
CUST-104482,126.65,1519.8,0.156,Low Risk
CUST-112307,149.0,1788.0,0.6185,Medium Risk
CUST-100833,499.0,5988.0,0.1417,Low Risk
CUST-101174,41.65,499.8,0.1749,Low Risk
CUST-106034,1019.15,12229.8,0.0929,Low Risk
CUST-108765,49.0,588.0,0.6329,Medium Risk
CUST-103247,126.65,1519.8,0.1499,Low Risk
CUST-110861,424.15,5089.8,0.0624,Low Risk
CUST-108075,424.15,5089.8,0.0736,Low Risk
CUST-103896,49.0,588.0,0.8161,High Risk
CUST-105268,424.15,5089.8,0.0735,Low Risk
CUST-101546,41.65,499.8,0.1326,Low Risk
CUST-110022,149.0,1788.0,0.6767,High Risk
CUST-107867,499.0,5988.0,0.2326,Low Risk
CUST-104924,126.65,1519.8,0.1093,Low Risk
CUST-102555,499.0,5988.0,0.1601,Low Risk
CUST-100947,424.15,5089.8,0.0629,Low Risk
CUST-102687,1019.15,12229.8,0.0411,Low Risk
CUST-107295,424.15,5089.8,0.0921,Low Risk
CUST-108080,499.0,5988.0,0.1706,Low Risk
CUST-109643,41.65,499.8,0.2426,Low Risk
CUST-103816,499.0,5988.0,0.2434,Low Risk
CUST-106672,149.0,1788.0,0.3736,Medium Risk
CUST-103338,126.65,1519.8,0.1163,Low Risk
CUST-101755,41.65,499.8,0.2281,Low Risk
CUST-106072,41.65,499.8,0.1558,Low Risk
CUST-102906,49.0,588.0,0.7894,High Risk
CUST-110360,424.15,5089.8,0.0835,Low Risk
CUST-103601,424.15,5089.8,0.1056,Low Risk
CUST-101516,41.65,499.8,0.1536,Low Risk
CUST-109110,1019.15,12229.8,0.0806,Low Risk
CUST-104667,1019.15,12229.8,0.0638,Low Risk
CUST-109618,49.0,588.0,0.8024,High Risk
CUST-112449,149.0,1788.0,0.7552,High Risk
CUST-101407,126.65,1519.8,0.125,Low Risk
CUST-101777,499.0,5988.0,0.1662,Low Risk
CUST-100114,49.0,588.0,0.814,High Risk
CUST-100559,424.15,5089.8,0.0749,Low Risk
CUST-101981,1019.15,12229.8,0.0914,Low Risk
CUST-105717,424.15,5089.8,0.0978,Low Risk
CUST-110023,149.0,1788.0,0.8198,High Risk
CUST-108845,149.0,1788.0,0.5601,Medium Risk
CUST-104648,41.65,499.8,0.2086,Low Risk
CUST-100239,149.0,1788.0,0.2434,Low Risk
CUST-108242,41.65,499.8,0.1901,Low Risk
CUST-104727,49.0,588.0,0.6699,High Risk
CUST-107070,499.0,5988.0,0.1696,Low Risk
CUST-101014,49.0,588.0,0.6021,Medium Risk
CUST-108264,499.0,5988.0,0.152,Low Risk
CUST-110698,49.0,588.0,0.8036,High Risk
CUST-110671,49.0,588.0,0.8048,High Risk
CUST-104751,41.65,499.8,0.1432,Low Risk
CUST-102072,1019.15,12229.8,0.06,Low Risk
CUST-100974,149.0,1788.0,0.7046,High Risk
CUST-109621,49.0,588.0,0.5951,Medium Risk
CUST-109541,149.0,1788.0,0.4951,Medium Risk
CUST-100268,41.65,499.8,0.2117,Low Risk
CUST-112435,41.65,499.8,0.172,Low Risk
CUST-101608,1019.15,12229.8,0.0603,Low Risk
CUST-100348,149.0,1788.0,0.4496,Medium Risk
CUST-104955,41.65,499.8,0.0959,Low Risk
CUST-112008,424.15,5089.8,0.0921,Low Risk
CUST-100636,424.15,5089.8,0.0515,Low Risk
CUST-100915,149.0,1788.0,0.4638,Medium Risk
CUST-109701,49.0,588.0,0.8219,High Risk
CUST-101856,126.65,1519.8,0.1737,Low Risk
CUST-107477,49.0,588.0,0.6103,Medium Risk
CUST-101054,424.15,5089.8,0.11,Low Risk
CUST-106123,499.0,5988.0,0.174,Low Risk
CUST-100235,41.65,499.8,0.154,Low Risk
CUST-102802,49.0,588.0,0.6137,Medium Risk
CUST-103620,149.0,1788.0,0.6214,Medium Risk
CUST-105258,41.65,499.8,0.1966,Low Risk
CUST-110190,126.65,1519.8,0.1518,Low Risk
CUST-103928,49.0,588.0,0.8704,High Risk
CUST-100142,1019.15,12229.8,0.0645,Low Risk
CUST-106902,126.65,1519.8,0.0726,Low Risk
CUST-100954,126.65,1519.8,0.1632,Low Risk
CUST-100933,41.65,499.8,0.1993,Low Risk
CUST-106793,126.65,1519.8,0.1129,Low Risk
CUST-101543,499.0,5988.0,0.1641,Low Risk
CUST-101811,126.65,1519.8,0.1218,Low Risk
CUST-108546,149.0,1788.0,0.7105,High Risk
CUST-101266,126.65,1519.8,0.1352,Low Risk
CUST-106380,41.65,499.8,0.1531,Low Risk
CUST-110660,49.0,588.0,0.8309,High Risk
CUST-108640,49.0,588.0,0.6343,Medium Risk
CUST-110656,424.15,5089.8,0.0541,Low Risk
CUST-103055,41.65,499.8,0.2217,Low Risk
CUST-102305,126.65,1519.8,0.1114,Low Risk
CUST-112377,49.0,588.0,0.8111,High Risk
CUST-109982,49.0,588.0,0.7073,High Risk
CUST-108459,424.15,5089.8,0.0805,Low Risk
CUST-102969,424.15,5089.8,0.0634,Low Risk
CUST-110348,41.65,499.8,0.2068,Low Risk
CUST-108921,49.0,588.0,0.7591,High Risk
CUST-100774,126.65,1519.8,0.1145,Low Risk
CUST-111116,41.65,499.8,0.1957,Low Risk
CUST-107257,41.65,499.8,0.1728,Low Risk
CUST-102389,49.0,588.0,0.5592,Medium Risk
CUST-100399,149.0,1788.0,0.6206,Medium Risk
CUST-102958,499.0,5988.0,0.237,Low Risk
CUST-105033,149.0,1788.0,0.7001,High Risk
CUST-100433,499.0,5988.0,0.1751,Low Risk
CUST-104463,149.0,1788.0,0.6077,Medium Risk
CUST-109797,126.65,1519.8,0.1014,Low Risk
CUST-111874,41.65,499.8,0.1689,Low Risk
CUST-108466,49.0,588.0,0.8709,High Risk
CUST-103057,149.0,1788.0,0.6965,High Risk
CUST-100979,41.65,499.8,0.218,Low Risk
CUST-104799,424.15,5089.8,0.0505,Low Risk
CUST-103936,149.0,1788.0,0.4678,Medium Risk
CUST-104039,49.0,588.0,0.7756,High Risk
CUST-106508,49.0,588.0,0.5877,Medium Risk
CUST-107733,49.0,588.0,0.6067,Medium Risk
CUST-108773,41.65,499.8,0.2431,Low Risk
CUST-110313,424.15,5089.8,0.0512,Low Risk
CUST-109922,424.15,5089.8,0.0673,Low Risk
CUST-101261,149.0,1788.0,0.6045,Medium Risk
CUST-100219,126.65,1519.8,0.1344,Low Risk
CUST-103796,126.65,1519.8,0.1056,Low Risk
CUST-106393,499.0,5988.0,0.1267,Low Risk
CUST-106459,49.0,588.0,0.7907,High Risk
CUST-103785,499.0,5988.0,0.1766,Low Risk
CUST-108519,149.0,1788.0,0.3605,Medium Risk
CUST-102239,49.0,588.0,0.7794,High Risk
CUST-102747,424.15,5089.8,0.0577,Low Risk
CUST-102484,49.0,588.0,0.5445,Medium Risk
CUST-101702,41.65,499.8,0.205,Low Risk
CUST-101176,149.0,1788.0,0.6718,High Risk
CUST-107978,126.65,1519.8,0.131,Low Risk
CUST-103393,424.15,5089.8,0.098,Low Risk
CUST-106752,126.65,1519.8,0.1753,Low Risk
CUST-105786,126.65,1519.8,0.146,Low Risk
CUST-111506,1019.15,12229.8,0.0832,Low Risk
CUST-103639,126.65,1519.8,0.1158,Low Risk
CUST-107964,149.0,1788.0,0.6232,Medium Risk
CUST-106053,41.65,499.8,0.1119,Low Risk
CUST-104468,41.65,499.8,0.1193,Low Risk
CUST-106667,49.0,588.0,0.5861,Medium Risk
CUST-111189,424.15,5089.8,0.0899,Low Risk
CUST-103163,41.65,499.8,0.1108,Low Risk
CUST-103503,424.15,5089.8,0.0857,Low Risk
CUST-109538,49.0,588.0,0.5742,Medium Risk
CUST-103256,499.0,5988.0,0.1527,Low Risk
CUST-103231,499.0,5988.0,0.1141,Low Risk
CUST-108093,149.0,1788.0,0.2438,Low Risk
CUST-103649,499.0,5988.0,0.224,Low Risk
CUST-106670,49.0,588.0,0.8688,High Risk
CUST-100684,149.0,1788.0,0.711,High Risk
CUST-106048,49.0,588.0,0.7187,High Risk
CUST-101598,126.65,1519.8,0.1177,Low Risk
CUST-100450,126.65,1519.8,0.169,Low Risk
CUST-104539,49.0,588.0,0.7528,High Risk
CUST-108150,49.0,588.0,0.7967,High Risk
CUST-106872,149.0,1788.0,0.3214,Low Risk
CUST-109447,126.65,1519.8,0.1621,Low Risk
CUST-100203,49.0,588.0,0.8855,High Risk
CUST-107011,1019.15,12229.8,0.0632,Low Risk
CUST-106195,126.65,1519.8,0.1321,Low Risk
CUST-109382,499.0,5988.0,0.1909,Low Risk
CUST-104553,149.0,1788.0,0.6236,Medium Risk
CUST-102713,424.15,5089.8,0.0994,Low Risk
CUST-104156,41.65,499.8,0.2077,Low Risk
CUST-110723,126.65,1519.8,0.091,Low Risk
CUST-112384,424.15,5089.8,0.1027,Low Risk
CUST-109341,49.0,588.0,0.8134,High Risk
CUST-112391,49.0,588.0,0.802,High Risk
CUST-106784,126.65,1519.8,0.1587,Low Risk
CUST-109145,49.0,588.0,0.5935,Medium Risk
CUST-105445,41.65,499.8,0.1469,Low Risk
CUST-108344,424.15,5089.8,0.0782,Low Risk
CUST-112006,126.65,1519.8,0.1157,Low Risk
CUST-101331,49.0,588.0,0.6574,High Risk
CUST-110331,149.0,1788.0,0.5824,Medium Risk
CUST-104589,49.0,588.0,0.6965,High Risk
CUST-109411,499.0,5988.0,0.1326,Low Risk
CUST-102596,424.15,5089.8,0.0526,Low Risk
CUST-110640,41.65,499.8,0.2078,Low Risk
CUST-105115,49.0,588.0,0.8747,High Risk
CUST-109854,1019.15,12229.8,0.0714,Low Risk
CUST-105648,126.65,1519.8,0.1477,Low Risk
CUST-110594,49.0,588.0,0.708,High Risk
CUST-110717,424.15,5089.8,0.0904,Low Risk
CUST-110724,49.0,588.0,0.5923,Medium Risk
CUST-109760,149.0,1788.0,0.23,Low Risk
CUST-102336,41.65,499.8,0.1547,Low Risk
CUST-111448,126.65,1519.8,0.1426,Low Risk
CUST-111840,149.0,1788.0,0.7504,High Risk
CUST-108642,126.65,1519.8,0.1254,Low Risk
CUST-111992,149.0,1788.0,0.2999,Low Risk
CUST-102360,126.65,1519.8,0.1451,Low Risk
CUST-103046,424.15,5089.8,0.0781,Low Risk
CUST-103966,149.0,1788.0,0.5673,Medium Risk
CUST-109963,49.0,588.0,0.7325,High Risk
CUST-101080,41.65,499.8,0.1458,Low Risk
CUST-105907,41.65,499.8,0.1861,Low Risk
CUST-111539,41.65,499.8,0.1969,Low Risk
CUST-103982,149.0,1788.0,0.6085,Medium Risk
CUST-102673,49.0,588.0,0.7762,High Risk
CUST-105078,424.15,5089.8,0.0666,Low Risk
CUST-108524,49.0,588.0,0.7295,High Risk
CUST-108253,424.15,5089.8,0.0987,Low Risk
CUST-104256,424.15,5089.8,0.0959,Low Risk
CUST-101903,424.15,5089.8,0.0985,Low Risk
CUST-102388,126.65,1519.8,0.1137,Low Risk
CUST-100175,126.65,1519.8,0.1556,Low Risk
CUST-103636,1019.15,12229.8,0.0704,Low Risk
CUST-111290,126.65,1519.8,0.1383,Low Risk
CUST-109903,41.65,499.8,0.2111,Low Risk
CUST-107985,41.65,499.8,0.1629,Low Risk
CUST-112042,149.0,1788.0,0.2911,Low Risk
CUST-100917,126.65,1519.8,0.1112,Low Risk
CUST-109565,49.0,588.0,0.7395,High Risk
CUST-100656,126.65,1519.8,0.1132,Low Risk
CUST-100537,49.0,588.0,0.6889,High Risk
CUST-112466,41.65,499.8,0.1864,Low Risk
CUST-105458,149.0,1788.0,0.3611,Medium Risk
CUST-104365,149.0,1788.0,0.2751,Low Risk
CUST-107296,424.15,5089.8,0.0673,Low Risk
CUST-107786,49.0,588.0,0.6509,High Risk
CUST-106664,424.15,5089.8,0.0681,Low Risk
CUST-107865,1019.15,12229.8,0.0857,Low Risk
CUST-109598,424.15,5089.8,0.0606,Low Risk
CUST-105725,499.0,5988.0,0.2194,Low Risk
CUST-103464,1019.15,12229.8,0.0434,Low Risk
CUST-102889,149.0,1788.0,0.2721,Low Risk
CUST-102625,49.0,588.0,0.9181,High Risk
CUST-101846,424.15,5089.8,0.0841,Low Risk
CUST-108247,424.15,5089.8,0.0617,Low Risk
CUST-111825,41.65,499.8,0.1854,Low Risk
CUST-109503,1019.15,12229.8,0.0894,Low Risk
CUST-106544,424.15,5089.8,0.1001,Low Risk
CUST-105300,41.65,499.8,0.1711,Low Risk
CUST-102743,41.65,499.8,0.1601,Low Risk
CUST-109231,41.65,499.8,0.206,Low Risk
CUST-100548,126.65,1519.8,0.1307,Low Risk
CUST-104577,1019.15,12229.8,0.0757,Low Risk
CUST-108833,149.0,1788.0,0.5712,Medium Risk
CUST-109702,49.0,588.0,0.7809,High Risk
CUST-100334,149.0,1788.0,0.3215,Low Risk
CUST-111511,424.15,5089.8,0.0711,Low Risk
CUST-102994,126.65,1519.8,0.1327,Low Risk
CUST-103137,1019.15,12229.8,0.0502,Low Risk
CUST-100663,41.65,499.8,0.1633,Low Risk
CUST-101696,126.65,1519.8,0.1615,Low Risk
CUST-111972,49.0,588.0,0.6071,Medium Risk
CUST-102727,41.65,499.8,0.1989,Low Risk
CUST-111613,499.0,5988.0,0.1417,Low Risk
CUST-108957,149.0,1788.0,0.2276,Low Risk
CUST-108726,149.0,1788.0,0.8418,High Risk
CUST-109546,126.65,1519.8,0.1409,Low Risk
CUST-107116,424.15,5089.8,0.0932,Low Risk
CUST-103320,499.0,5988.0,0.2067,Low Risk
CUST-105851,126.65,1519.8,0.1464,Low Risk
CUST-103726,49.0,588.0,0.704,High Risk
CUST-100199,49.0,588.0,0.7422,High Risk
CUST-103930,1019.15,12229.8,0.0698,Low Risk
CUST-108932,41.65,499.8,0.2156,Low Risk
CUST-111584,49.0,588.0,0.7137,High Risk
CUST-102936,49.0,588.0,0.7639,High Risk
CUST-108871,126.65,1519.8,0.152,Low Risk
CUST-109735,499.0,5988.0,0.1894,Low Risk
CUST-108805,126.65,1519.8,0.1179,Low Risk
CUST-104575,126.65,1519.8,0.1814,Low Risk
CUST-100680,49.0,588.0,0.8034,High Risk
CUST-103926,424.15,5089.8,0.0687,Low Risk
CUST-106045,499.0,5988.0,0.2009,Low Risk
CUST-106962,149.0,1788.0,0.7793,High Risk
CUST-108774,424.15,5089.8,0.086,Low Risk
CUST-105998,41.65,499.8,0.1492,Low Risk
CUST-110528,49.0,588.0,0.816,High Risk
CUST-106080,499.0,5988.0,0.1653,Low Risk
CUST-102030,126.65,1519.8,0.0866,Low Risk
CUST-102020,149.0,1788.0,0.7116,High Risk
CUST-100118,41.65,499.8,0.1163,Low Risk
CUST-110327,424.15,5089.8,0.0639,Low Risk
CUST-104274,424.15,5089.8,0.0639,Low Risk
CUST-107173,499.0,5988.0,0.2386,Low Risk
CUST-107808,49.0,588.0,0.7734,High Risk
CUST-107376,1019.15,12229.8,0.091,Low Risk
CUST-110497,126.65,1519.8,0.1201,Low Risk
CUST-103756,126.65,1519.8,0.1118,Low Risk
CUST-108758,41.65,499.8,0.1493,Low Risk
CUST-100910,149.0,1788.0,0.6286,Medium Risk
CUST-100262,424.15,5089.8,0.071,Low Risk
CUST-101590,41.65,499.8,0.2001,Low Risk
CUST-106610,49.0,588.0,0.7662,High Risk
CUST-108571,149.0,1788.0,0.716,High Risk
CUST-101187,1019.15,12229.8,0.0666,Low Risk
CUST-109855,499.0,5988.0,0.1972,Low Risk
CUST-107669,499.0,5988.0,0.155,Low Risk
CUST-110088,424.15,5089.8,0.0743,Low Risk
CUST-110877,49.0,588.0,0.7417,High Risk
CUST-111654,49.0,588.0,0.5802,Medium Risk
CUST-111186,149.0,1788.0,0.7507,High Risk
CUST-110733,49.0,588.0,0.8227,High Risk
CUST-108381,149.0,1788.0,0.5833,Medium Risk
CUST-105219,126.65,1519.8,0.1143,Low Risk
CUST-112471,149.0,1788.0,0.2051,Low Risk
CUST-112232,49.0,588.0,0.8446,High Risk
CUST-103973,41.65,499.8,0.2055,Low Risk
CUST-105512,41.65,499.8,0.168,Low Risk
CUST-101440,424.15,5089.8,0.1081,Low Risk
CUST-109188,41.65,499.8,0.1166,Low Risk
CUST-100429,49.0,588.0,0.6501,High Risk
CUST-103712,49.0,588.0,0.6819,High Risk
CUST-101716,126.65,1519.8,0.1249,Low Risk
CUST-107439,424.15,5089.8,0.0771,Low Risk
CUST-100442,424.15,5089.8,0.0641,Low Risk
CUST-111536,49.0,588.0,0.7628,High Risk
CUST-101308,424.15,5089.8,0.0909,Low Risk
CUST-109448,499.0,5988.0,0.2229,Low Risk
CUST-100923,49.0,588.0,0.7318,High Risk
CUST-105936,126.65,1519.8,0.1416,Low Risk
CUST-101704,49.0,588.0,0.7647,High Risk
CUST-112355,41.65,499.8,0.1861,Low Risk
CUST-104157,424.15,5089.8,0.0622,Low Risk
CUST-107131,149.0,1788.0,0.8224,High Risk
CUST-101572,41.65,499.8,0.1453,Low Risk
CUST-110080,49.0,588.0,0.5756,Medium Risk
CUST-100037,424.15,5089.8,0.1182,Low Risk
CUST-108326,49.0,588.0,0.5575,Medium Risk
CUST-107975,126.65,1519.8,0.1416,Low Risk
CUST-107198,149.0,1788.0,0.2736,Low Risk
CUST-106736,499.0,5988.0,0.2479,Low Risk
CUST-103375,126.65,1519.8,0.1409,Low Risk
CUST-107704,1019.15,12229.8,0.0966,Low Risk
CUST-101039,149.0,1788.0,0.5486,Medium Risk
CUST-109404,126.65,1519.8,0.1081,Low Risk
CUST-101469,424.15,5089.8,0.0658,Low Risk
CUST-106513,149.0,1788.0,0.5845,Medium Risk
CUST-112221,1019.15,12229.8,0.0703,Low Risk
CUST-104767,149.0,1788.0,0.5411,Medium Risk
CUST-101995,1019.15,12229.8,0.1029,Low Risk
CUST-103030,424.15,5089.8,0.0486,Low Risk
CUST-108822,499.0,5988.0,0.1985,Low Risk
CUST-105954,499.0,5988.0,0.1601,Low Risk
CUST-105821,41.65,499.8,0.1984,Low Risk
CUST-110087,149.0,1788.0,0.2361,Low Risk
CUST-105207,1019.15,12229.8,0.0624,Low Risk
CUST-100373,424.15,5089.8,0.0522,Low Risk
CUST-111411,1019.15,12229.8,0.052,Low Risk
CUST-107968,49.0,588.0,0.6525,High Risk
CUST-102656,126.65,1519.8,0.1052,Low Risk
CUST-106648,424.15,5089.8,0.0822,Low Risk
CUST-103491,149.0,1788.0,0.7649,High Risk
CUST-101660,49.0,588.0,0.8463,High Risk
CUST-109193,126.65,1519.8,0.1067,Low Risk
CUST-101806,126.65,1519.8,0.0879,Low Risk
CUST-104072,41.65,499.8,0.1104,Low Risk
CUST-100871,49.0,588.0,0.7971,High Risk
CUST-110939,424.15,5089.8,0.058,Low Risk
CUST-111943,424.15,5089.8,0.0977,Low Risk
CUST-108910,49.0,588.0,0.7564,High Risk
CUST-102517,424.15,5089.8,0.0598,Low Risk
CUST-112497,424.15,5089.8,0.0425,Low Risk
CUST-101411,126.65,1519.8,0.1054,Low Risk
CUST-112253,424.15,5089.8,0.0757,Low Risk
CUST-110330,126.65,1519.8,0.131,Low Risk
CUST-107983,126.65,1519.8,0.0759,Low Risk
CUST-112127,41.65,499.8,0.1257,Low Risk
CUST-105924,41.65,499.8,0.1873,Low Risk
CUST-109427,424.15,5089.8,0.0785,Low Risk
CUST-111477,126.65,1519.8,0.0983,Low Risk
CUST-100302,49.0,588.0,0.7944,High Risk
CUST-109661,126.65,1519.8,0.1475,Low Risk
CUST-101220,149.0,1788.0,0.5893,Medium Risk
CUST-107929,499.0,5988.0,0.1363,Low Risk
CUST-112240,126.65,1519.8,0.1212,Low Risk
CUST-102779,49.0,588.0,0.6759,High Risk
CUST-100303,41.65,499.8,0.2509,Low Risk
CUST-108236,424.15,5089.8,0.0537,Low Risk
CUST-109832,41.65,499.8,0.2011,Low Risk
CUST-102520,149.0,1788.0,0.4452,Medium Risk
CUST-100516,424.15,5089.8,0.0724,Low Risk
CUST-103184,49.0,588.0,0.7199,High Risk
CUST-104007,41.65,499.8,0.2317,Low Risk
CUST-101953,41.65,499.8,0.2033,Low Risk
CUST-100292,49.0,588.0,0.6122,Medium Risk
CUST-103587,424.15,5089.8,0.0772,Low Risk
CUST-100695,126.65,1519.8,0.1538,Low Risk
CUST-103985,126.65,1519.8,0.1529,Low Risk
CUST-111535,424.15,5089.8,0.1046,Low Risk
CUST-108858,149.0,1788.0,0.2704,Low Risk
CUST-103147,41.65,499.8,0.1012,Low Risk
CUST-100322,41.65,499.8,0.1719,Low Risk
CUST-111202,41.65,499.8,0.1534,Low Risk
CUST-109148,49.0,588.0,0.7264,High Risk
CUST-107766,49.0,588.0,0.5833,Medium Risk
CUST-102375,126.65,1519.8,0.0966,Low Risk
CUST-106904,49.0,588.0,0.8349,High Risk
CUST-109609,41.65,499.8,0.1738,Low Risk
CUST-106003,149.0,1788.0,0.5143,Medium Risk
CUST-109852,49.0,588.0,0.7275,High Risk
CUST-111977,149.0,1788.0,0.301,Low Risk
CUST-109280,149.0,1788.0,0.7576,High Risk
CUST-102731,424.15,5089.8,0.0393,Low Risk
CUST-102940,149.0,1788.0,0.2898,Low Risk
CUST-104385,41.65,499.8,0.2235,Low Risk
CUST-105287,49.0,588.0,0.5965,Medium Risk
CUST-103149,149.0,1788.0,0.4801,Medium Risk
CUST-100574,1019.15,12229.8,0.0513,Low Risk
CUST-108545,149.0,1788.0,0.3106,Low Risk
CUST-107656,424.15,5089.8,0.0515,Low Risk
CUST-108283,424.15,5089.8,0.0699,Low Risk
CUST-101241,424.15,5089.8,0.1062,Low Risk
CUST-102182,49.0,588.0,0.5908,Medium Risk
CUST-103198,424.15,5089.8,0.0903,Low Risk
CUST-106119,424.15,5089.8,0.0977,Low Risk
CUST-108125,149.0,1788.0,0.7543,High Risk
CUST-105357,149.0,1788.0,0.4358,Medium Risk
CUST-112459,149.0,1788.0,0.5723,Medium Risk
CUST-100285,424.15,5089.8,0.0486,Low Risk
CUST-103617,149.0,1788.0,0.2707,Low Risk
CUST-107984,41.65,499.8,0.1565,Low Risk
CUST-101178,424.15,5089.8,0.0607,Low Risk
CUST-110278,49.0,588.0,0.8495,High Risk
CUST-101643,49.0,588.0,0.6451,Medium Risk
CUST-108560,41.65,499.8,0.1754,Low Risk
CUST-103609,126.65,1519.8,0.2065,Low Risk
CUST-110686,424.15,5089.8,0.066,Low Risk
CUST-108687,424.15,5089.8,0.0572,Low Risk
CUST-105229,126.65,1519.8,0.1538,Low Risk
CUST-102271,126.65,1519.8,0.1285,Low Risk
CUST-111299,149.0,1788.0,0.6482,Medium Risk
CUST-111112,49.0,588.0,0.724,High Risk
CUST-102264,49.0,588.0,0.6636,High Risk
CUST-100620,41.65,499.8,0.1496,Low Risk
CUST-106194,41.65,499.8,0.1397,Low Risk
CUST-106388,49.0,588.0,0.7267,High Risk
CUST-111915,41.65,499.8,0.2219,Low Risk
CUST-109703,41.65,499.8,0.2112,Low Risk
CUST-101064,49.0,588.0,0.6672,High Risk
CUST-105795,149.0,1788.0,0.5889,Medium Risk
CUST-100707,49.0,588.0,0.6692,High Risk
CUST-109758,149.0,1788.0,0.7724,High Risk
CUST-104867,49.0,588.0,0.5813,Medium Risk
CUST-100465,1019.15,12229.8,0.1018,Low Risk
CUST-100278,424.15,5089.8,0.0531,Low Risk
CUST-101581,126.65,1519.8,0.1454,Low Risk
CUST-107576,424.15,5089.8,0.0574,Low Risk
CUST-105382,424.15,5089.8,0.0827,Low Risk
CUST-109356,41.65,499.8,0.2314,Low Risk
CUST-105322,126.65,1519.8,0.1617,Low Risk
CUST-108656,149.0,1788.0,0.6864,High Risk
CUST-107097,49.0,588.0,0.5326,Medium Risk
CUST-105824,126.65,1519.8,0.1299,Low Risk
CUST-100069,126.65,1519.8,0.0974,Low Risk
CUST-108334,41.65,499.8,0.1792,Low Risk
CUST-102566,424.15,5089.8,0.0739,Low Risk
CUST-104259,149.0,1788.0,0.3507,Medium Risk
CUST-101596,49.0,588.0,0.5833,Medium Risk
CUST-104822,149.0,1788.0,0.5218,Medium Risk
CUST-101980,126.65,1519.8,0.1132,Low Risk
CUST-111666,49.0,588.0,0.7785,High Risk
CUST-103204,49.0,588.0,0.6924,High Risk
CUST-107426,126.65,1519.8,0.0807,Low Risk
CUST-111766,424.15,5089.8,0.0597,Low Risk
CUST-100805,49.0,588.0,0.5515,Medium Risk
CUST-102744,49.0,588.0,0.6718,High Risk
CUST-109454,149.0,1788.0,0.4429,Medium Risk
CUST-105001,126.65,1519.8,0.0793,Low Risk
CUST-103537,499.0,5988.0,0.158,Low Risk
CUST-105560,424.15,5089.8,0.0806,Low Risk
CUST-104343,149.0,1788.0,0.5444,Medium Risk
CUST-106711,49.0,588.0,0.6678,High Risk
CUST-100097,126.65,1519.8,0.1098,Low Risk
CUST-106549,49.0,588.0,0.8081,High Risk
CUST-109962,149.0,1788.0,0.7346,High Risk
CUST-105839,149.0,1788.0,0.4949,Medium Risk
CUST-102151,41.65,499.8,0.1571,Low Risk
CUST-107950,126.65,1519.8,0.1882,Low Risk
CUST-108383,149.0,1788.0,0.6745,High Risk
CUST-105057,49.0,588.0,0.6546,High Risk
CUST-103901,49.0,588.0,0.8373,High Risk
CUST-111643,126.65,1519.8,0.1224,Low Risk
CUST-107463,41.65,499.8,0.1057,Low Risk
CUST-111648,149.0,1788.0,0.6983,High Risk
CUST-101727,149.0,1788.0,0.5472,Medium Risk
CUST-103605,49.0,588.0,0.5846,Medium Risk
CUST-104062,149.0,1788.0,0.4193,Medium Risk
CUST-112010,149.0,1788.0,0.5099,Medium Risk
CUST-104878,49.0,588.0,0.7164,High Risk
CUST-100691,126.65,1519.8,0.0893,Low Risk
CUST-108854,149.0,1788.0,0.5352,Medium Risk
CUST-110982,424.15,5089.8,0.0676,Low Risk
CUST-101238,149.0,1788.0,0.2161,Low Risk
CUST-111194,1019.15,12229.8,0.0966,Low Risk
CUST-104946,49.0,588.0,0.6271,Medium Risk
CUST-100913,126.65,1519.8,0.0751,Low Risk
CUST-102104,1019.15,12229.8,0.0624,Low Risk
CUST-105044,149.0,1788.0,0.3092,Low Risk
CUST-108084,149.0,1788.0,0.5887,Medium Risk
CUST-101038,149.0,1788.0,0.8091,High Risk
CUST-100675,1199.0,14388.0,0.1123,Low Risk
CUST-109782,126.65,1519.8,0.1045,Low Risk
CUST-108175,149.0,1788.0,0.6115,Medium Risk
CUST-100223,424.15,5089.8,0.0921,Low Risk
CUST-109476,49.0,588.0,0.8429,High Risk
CUST-104736,149.0,1788.0,0.5326,Medium Risk
CUST-106221,49.0,588.0,0.8279,High Risk
CUST-106651,149.0,1788.0,0.6716,High Risk
CUST-102413,149.0,1788.0,0.6363,Medium Risk
CUST-102891,149.0,1788.0,0.8507,High Risk
CUST-103448,41.65,499.8,0.1784,Low Risk
CUST-104701,126.65,1519.8,0.1482,Low Risk
CUST-108419,49.0,588.0,0.6533,High Risk
CUST-112021,424.15,5089.8,0.0985,Low Risk
CUST-109259,41.65,499.8,0.1078,Low Risk
CUST-104748,149.0,1788.0,0.816,High Risk
CUST-102008,149.0,1788.0,0.5403,Medium Risk
CUST-102289,126.65,1519.8,0.1592,Low Risk
CUST-104312,1019.15,12229.8,0.0547,Low Risk
CUST-109058,49.0,588.0,0.8015,High Risk
CUST-104753,41.65,499.8,0.1915,Low Risk
CUST-106030,126.65,1519.8,0.1208,Low Risk
CUST-103958,424.15,5089.8,0.0616,Low Risk
CUST-101939,1019.15,12229.8,0.0764,Low Risk
CUST-111744,424.15,5089.8,0.0832,Low Risk
CUST-111646,126.65,1519.8,0.1198,Low Risk
CUST-111566,149.0,1788.0,0.7763,High Risk
CUST-108194,49.0,588.0,0.7791,High Risk
CUST-111349,41.65,499.8,0.1932,Low Risk
CUST-110608,126.65,1519.8,0.1357,Low Risk
CUST-107045,49.0,588.0,0.6684,High Risk
CUST-103474,149.0,1788.0,0.5848,Medium Risk
CUST-111957,499.0,5988.0,0.1571,Low Risk
CUST-107114,41.65,499.8,0.2443,Low Risk
CUST-105561,424.15,5089.8,0.0502,Low Risk
CUST-103487,49.0,588.0,0.6658,High Risk
CUST-105316,499.0,5988.0,0.1763,Low Risk
CUST-103735,1199.0,14388.0,0.2168,Low Risk
CUST-103406,49.0,588.0,0.6978,High Risk
CUST-111962,149.0,1788.0,0.8026,High Risk
CUST-105503,49.0,588.0,0.6548,High Risk
CUST-103577,424.15,5089.8,0.0578,Low Risk
CUST-112086,149.0,1788.0,0.4835,Medium Risk
CUST-100587,49.0,588.0,0.6301,Medium Risk
CUST-109185,126.65,1519.8,0.1008,Low Risk
CUST-101028,499.0,5988.0,0.1297,Low Risk
CUST-101263,41.65,499.8,0.1494,Low Risk
CUST-112431,424.15,5089.8,0.054,Low Risk
CUST-109504,49.0,588.0,0.8467,High Risk
CUST-111148,41.65,499.8,0.2455,Low Risk
CUST-107593,1199.0,14388.0,0.2124,Low Risk
CUST-104834,126.65,1519.8,0.1159,Low Risk
CUST-103536,424.15,5089.8,0.0766,Low Risk
CUST-107660,149.0,1788.0,0.7726,High Risk
CUST-106457,49.0,588.0,0.842,High Risk
CUST-102942,126.65,1519.8,0.1365,Low Risk
CUST-104587,149.0,1788.0,0.6132,Medium Risk
CUST-100435,126.65,1519.8,0.1251,Low Risk
CUST-103024,49.0,588.0,0.6534,High Risk
CUST-100511,49.0,588.0,0.7099,High Risk
CUST-107742,126.65,1519.8,0.1429,Low Risk
CUST-106663,41.65,499.8,0.1941,Low Risk
CUST-105758,499.0,5988.0,0.1325,Low Risk
CUST-109651,126.65,1519.8,0.0838,Low Risk
CUST-103561,499.0,5988.0,0.1708,Low Risk
CUST-104671,499.0,5988.0,0.1555,Low Risk
CUST-109882,149.0,1788.0,0.6668,High Risk
CUST-101602,149.0,1788.0,0.755,High Risk
CUST-103663,126.65,1519.8,0.1222,Low Risk
CUST-107077,149.0,1788.0,0.5426,Medium Risk
CUST-105042,49.0,588.0,0.8788,High Risk
CUST-103194,149.0,1788.0,0.5905,Medium Risk
CUST-102387,126.65,1519.8,0.1792,Low Risk
CUST-103710,1019.15,12229.8,0.0912,Low Risk
CUST-101201,149.0,1788.0,0.3103,Low Risk
CUST-106143,126.65,1519.8,0.1733,Low Risk
CUST-108878,499.0,5988.0,0.1333,Low Risk
CUST-110337,424.15,5089.8,0.0488,Low Risk
CUST-109090,126.65,1519.8,0.1206,Low Risk
CUST-101782,41.65,499.8,0.1318,Low Risk
CUST-100503,49.0,588.0,0.6541,High Risk
CUST-106972,499.0,5988.0,0.1693,Low Risk
CUST-102682,49.0,588.0,0.7803,High Risk
CUST-105593,126.65,1519.8,0.0811,Low Risk
CUST-104900,424.15,5089.8,0.0802,Low Risk
CUST-105668,149.0,1788.0,0.6065,Medium Risk
CUST-110787,149.0,1788.0,0.2672,Low Risk
CUST-100799,41.65,499.8,0.1288,Low Risk
CUST-110094,41.65,499.8,0.1372,Low Risk
CUST-105360,49.0,588.0,0.551,Medium Risk
CUST-112156,424.15,5089.8,0.0628,Low Risk
CUST-108434,126.65,1519.8,0.1222,Low Risk
CUST-111642,49.0,588.0,0.7557,High Risk
CUST-101417,149.0,1788.0,0.4816,Medium Risk
CUST-105888,1019.15,12229.8,0.0603,Low Risk
CUST-112406,424.15,5089.8,0.0821,Low Risk
CUST-110846,49.0,588.0,0.547,Medium Risk
CUST-104841,49.0,588.0,0.7903,High Risk
CUST-108685,41.65,499.8,0.1683,Low Risk
CUST-102791,424.15,5089.8,0.0899,Low Risk
CUST-105774,149.0,1788.0,0.2597,Low Risk
CUST-101302,499.0,5988.0,0.2174,Low Risk
CUST-108483,49.0,588.0,0.8743,High Risk
CUST-105086,1019.15,12229.8,0.0449,Low Risk
CUST-103386,149.0,1788.0,0.4878,Medium Risk
CUST-111193,149.0,1788.0,0.2731,Low Risk
CUST-103776,49.0,588.0,0.8128,High Risk
CUST-100581,1019.15,12229.8,0.0605,Low Risk
CUST-104555,41.65,499.8,0.1633,Low Risk
CUST-106604,1199.0,14388.0,0.171,Low Risk
CUST-111223,149.0,1788.0,0.5846,Medium Risk
CUST-101043,424.15,5089.8,0.0984,Low Risk
CUST-104707,149.0,1788.0,0.6469,Medium Risk
CUST-102855,149.0,1788.0,0.6489,Medium Risk
CUST-102879,424.15,5089.8,0.0693,Low Risk
CUST-110601,41.65,499.8,0.2254,Low Risk
CUST-109252,126.65,1519.8,0.1296,Low Risk
CUST-100247,126.65,1519.8,0.1279,Low Risk
CUST-106662,49.0,588.0,0.6814,High Risk
CUST-102660,1199.0,14388.0,0.2327,Low Risk
CUST-102706,126.65,1519.8,0.1352,Low Risk
CUST-101177,49.0,588.0,0.6043,Medium Risk
CUST-101833,424.15,5089.8,0.0955,Low Risk
CUST-103854,126.65,1519.8,0.1333,Low Risk
CUST-103812,1019.15,12229.8,0.0594,Low Risk
CUST-108309,499.0,5988.0,0.2019,Low Risk
CUST-108100,41.65,499.8,0.1779,Low Risk
CUST-103732,424.15,5089.8,0.0578,Low Risk
CUST-108268,126.65,1519.8,0.1378,Low Risk
CUST-106417,41.65,499.8,0.1152,Low Risk
CUST-107653,41.65,499.8,0.1643,Low Risk
CUST-110549,126.65,1519.8,0.1357,Low Risk
CUST-107146,149.0,1788.0,0.6876,High Risk
CUST-110170,499.0,5988.0,0.1558,Low Risk
CUST-111993,49.0,588.0,0.7969,High Risk
CUST-107608,41.65,499.8,0.2555,Low Risk
CUST-104855,126.65,1519.8,0.1601,Low Risk
CUST-103142,41.65,499.8,0.1551,Low Risk
CUST-107796,126.65,1519.8,0.1418,Low Risk
CUST-105587,41.65,499.8,0.1791,Low Risk
CUST-100237,49.0,588.0,0.5697,Medium Risk
CUST-100415,1019.15,12229.8,0.0963,Low Risk
CUST-100583,499.0,5988.0,0.1831,Low Risk
CUST-104702,126.65,1519.8,0.1512,Low Risk
CUST-110165,49.0,588.0,0.8164,High Risk
CUST-110603,126.65,1519.8,0.1592,Low Risk
CUST-100937,424.15,5089.8,0.0842,Low Risk
CUST-107898,149.0,1788.0,0.5446,Medium Risk
CUST-105481,149.0,1788.0,0.3196,Low Risk
CUST-105662,149.0,1788.0,0.6205,Medium Risk
CUST-109254,149.0,1788.0,0.5923,Medium Risk
CUST-102614,424.15,5089.8,0.0913,Low Risk
CUST-108836,149.0,1788.0,0.7295,High Risk
CUST-110397,41.65,499.8,0.1871,Low Risk
CUST-101642,424.15,5089.8,0.0694,Low Risk
CUST-102628,41.65,499.8,0.1187,Low Risk
CUST-105579,149.0,1788.0,0.4653,Medium Risk
CUST-102557,41.65,499.8,0.1704,Low Risk
CUST-105859,424.15,5089.8,0.1073,Low Risk
CUST-110118,126.65,1519.8,0.1019,Low Risk
CUST-100377,49.0,588.0,0.8242,High Risk
CUST-110621,149.0,1788.0,0.658,High Risk
CUST-104868,1019.15,12229.8,0.066,Low Risk
CUST-100360,41.65,499.8,0.2007,Low Risk
CUST-100033,41.65,499.8,0.2509,Low Risk
CUST-103175,149.0,1788.0,0.2791,Low Risk
CUST-103763,41.65,499.8,0.1383,Low Risk
CUST-110416,499.0,5988.0,0.2258,Low Risk
CUST-101087,49.0,588.0,0.6726,High Risk
CUST-109263,424.15,5089.8,0.0954,Low Risk
CUST-102681,424.15,5089.8,0.0695,Low Risk
CUST-110355,126.65,1519.8,0.1085,Low Risk
CUST-102786,1019.15,12229.8,0.1141,Low Risk
CUST-104145,49.0,588.0,0.7483,High Risk
CUST-109275,424.15,5089.8,0.0544,Low Risk
CUST-105889,49.0,588.0,0.896,High Risk
CUST-102479,1019.15,12229.8,0.0956,Low Risk
CUST-103702,499.0,5988.0,0.1945,Low Risk
CUST-107329,424.15,5089.8,0.1159,Low Risk
CUST-108603,149.0,1788.0,0.3541,Medium Risk
CUST-102576,149.0,1788.0,0.485,Medium Risk
CUST-109414,424.15,5089.8,0.0822,Low Risk
CUST-112481,499.0,5988.0,0.2242,Low Risk
CUST-106247,149.0,1788.0,0.8492,High Risk
CUST-101359,126.65,1519.8,0.1012,Low Risk
CUST-106579,1019.15,12229.8,0.0753,Low Risk
CUST-111387,49.0,588.0,0.6609,High Risk
CUST-109484,49.0,588.0,0.6756,High Risk
CUST-107367,149.0,1788.0,0.6228,Medium Risk
CUST-102297,424.15,5089.8,0.09,Low Risk
CUST-107583,1019.15,12229.8,0.0688,Low Risk
CUST-104730,41.65,499.8,0.2106,Low Risk
CUST-105915,424.15,5089.8,0.0757,Low Risk
CUST-102452,49.0,588.0,0.6091,Medium Risk
CUST-108162,1019.15,12229.8,0.0942,Low Risk
CUST-106083,49.0,588.0,0.6977,High Risk
CUST-105537,149.0,1788.0,0.7381,High Risk
CUST-111811,49.0,588.0,0.8344,High Risk
CUST-111005,49.0,588.0,0.8822,High Risk
CUST-107001,126.65,1519.8,0.1733,Low Risk
CUST-107224,149.0,1788.0,0.3669,Medium Risk
CUST-109163,424.15,5089.8,0.0547,Low Risk
CUST-100291,149.0,1788.0,0.6082,Medium Risk
CUST-108028,499.0,5988.0,0.1404,Low Risk
CUST-108605,49.0,588.0,0.696,High Risk
CUST-110428,41.65,499.8,0.1986,Low Risk
CUST-108158,41.65,499.8,0.1749,Low Risk
CUST-103244,41.65,499.8,0.22,Low Risk
CUST-108190,424.15,5089.8,0.082,Low Risk
CUST-110286,499.0,5988.0,0.1847,Low Risk
CUST-106175,149.0,1788.0,0.28,Low Risk
CUST-110446,424.15,5089.8,0.1002,Low Risk
CUST-102521,41.65,499.8,0.1934,Low Risk
CUST-102084,424.15,5089.8,0.069,Low Risk
CUST-102307,49.0,588.0,0.7209,High Risk
CUST-106650,424.15,5089.8,0.0698,Low Risk
CUST-100092,424.15,5089.8,0.0686,Low Risk
CUST-111076,126.65,1519.8,0.1744,Low Risk
CUST-106055,424.15,5089.8,0.0816,Low Risk
CUST-108975,41.65,499.8,0.1492,Low Risk
CUST-105825,49.0,588.0,0.7435,High Risk
CUST-107229,49.0,588.0,0.7206,High Risk
CUST-100966,126.65,1519.8,0.1664,Low Risk
CUST-107707,499.0,5988.0,0.2222,Low Risk
CUST-106986,126.65,1519.8,0.1213,Low Risk
CUST-100012,49.0,588.0,0.6792,High Risk
CUST-107435,499.0,5988.0,0.1987,Low Risk
CUST-102379,49.0,588.0,0.7823,High Risk
CUST-106976,499.0,5988.0,0.2299,Low Risk
CUST-104034,41.65,499.8,0.2002,Low Risk
CUST-105176,1019.15,12229.8,0.0627,Low Risk
CUST-107074,126.65,1519.8,0.0992,Low Risk
CUST-108846,126.65,1519.8,0.184,Low Risk
CUST-105032,41.65,499.8,0.1232,Low Risk
CUST-102898,126.65,1519.8,0.096,Low Risk
CUST-110144,149.0,1788.0,0.6776,High Risk
CUST-107693,41.65,499.8,0.2307,Low Risk
CUST-102592,149.0,1788.0,0.3185,Low Risk
CUST-104987,49.0,588.0,0.6103,Medium Risk
CUST-110507,126.65,1519.8,0.0998,Low Risk
CUST-104954,126.65,1519.8,0.1091,Low Risk
CUST-107090,424.15,5089.8,0.0813,Low Risk
CUST-107735,149.0,1788.0,0.5448,Medium Risk
CUST-105750,424.15,5089.8,0.0501,Low Risk
CUST-100476,49.0,588.0,0.6684,High Risk
CUST-105964,126.65,1519.8,0.1311,Low Risk
CUST-104297,41.65,499.8,0.1858,Low Risk
CUST-102696,424.15,5089.8,0.0449,Low Risk
CUST-106419,424.15,5089.8,0.0734,Low Risk
CUST-100531,424.15,5089.8,0.0522,Low Risk
CUST-108066,424.15,5089.8,0.102,Low Risk
CUST-103500,49.0,588.0,0.8991,High Risk
CUST-109650,499.0,5988.0,0.2495,Low Risk
CUST-103104,149.0,1788.0,0.5469,Medium Risk
CUST-108529,41.65,499.8,0.1581,Low Risk
CUST-107364,126.65,1519.8,0.1349,Low Risk
CUST-105414,424.15,5089.8,0.0786,Low Risk
CUST-101321,149.0,1788.0,0.5513,Medium Risk
CUST-101460,126.65,1519.8,0.1221,Low Risk
CUST-100892,49.0,588.0,0.7338,High Risk
CUST-100401,1019.15,12229.8,0.0794,Low Risk
CUST-111275,49.0,588.0,0.6144,Medium Risk
CUST-106998,149.0,1788.0,0.5166,Medium Risk
CUST-112467,1019.15,12229.8,0.0683,Low Risk
CUST-105351,126.65,1519.8,0.1703,Low Risk
CUST-100451,49.0,588.0,0.7171,High Risk
CUST-109730,149.0,1788.0,0.8478,High Risk
CUST-111882,49.0,588.0,0.7785,High Risk
CUST-101700,41.65,499.8,0.2418,Low Risk
CUST-110842,41.65,499.8,0.1541,Low Risk
CUST-108009,49.0,588.0,0.7375,High Risk
CUST-102004,149.0,1788.0,0.3315,Low Risk
CUST-104916,149.0,1788.0,0.8201,High Risk
CUST-100650,424.15,5089.8,0.0881,Low Risk
CUST-106541,149.0,1788.0,0.5691,Medium Risk
CUST-103359,126.65,1519.8,0.1075,Low Risk
CUST-108915,126.65,1519.8,0.1878,Low Risk
CUST-107949,49.0,588.0,0.5682,Medium Risk
CUST-111970,126.65,1519.8,0.1449,Low Risk
CUST-104042,149.0,1788.0,0.3411,Low Risk
CUST-105762,499.0,5988.0,0.1593,Low Risk
CUST-100047,126.65,1519.8,0.1328,Low Risk
CUST-104084,49.0,588.0,0.7445,High Risk
CUST-106182,424.15,5089.8,0.0685,Low Risk
CUST-111563,126.65,1519.8,0.161,Low Risk
CUST-100963,126.65,1519.8,0.1141,Low Risk
CUST-111894,126.65,1519.8,0.1356,Low Risk
CUST-110913,41.65,499.8,0.2141,Low Risk
CUST-102523,499.0,5988.0,0.2065,Low Risk
CUST-111703,126.65,1519.8,0.0881,Low Risk
CUST-110161,499.0,5988.0,0.2218,Low Risk
CUST-101328,149.0,1788.0,0.5342,Medium Risk
CUST-108220,49.0,588.0,0.6662,High Risk
CUST-105402,41.65,499.8,0.1899,Low Risk
CUST-101399,126.65,1519.8,0.1131,Low Risk
CUST-103117,126.65,1519.8,0.1355,Low Risk
CUST-101309,149.0,1788.0,0.3449,Low Risk
CUST-100698,49.0,588.0,0.5456,Medium Risk
CUST-107515,424.15,5089.8,0.0588,Low Risk
CUST-100935,1019.15,12229.8,0.0413,Low Risk
CUST-100747,149.0,1788.0,0.2717,Low Risk
CUST-101012,149.0,1788.0,0.8415,High Risk
CUST-112132,49.0,588.0,0.7838,High Risk
CUST-112393,424.15,5089.8,0.0722,Low Risk
CUST-109550,41.65,499.8,0.1659,Low Risk
CUST-107287,49.0,588.0,0.8229,High Risk
CUST-106449,41.65,499.8,0.226,Low Risk
CUST-110732,499.0,5988.0,0.2519,Low Risk
CUST-108251,126.65,1519.8,0.1233,Low Risk
CUST-106239,126.65,1519.8,0.1597,Low Risk
CUST-103716,424.15,5089.8,0.0461,Low Risk
CUST-103693,424.15,5089.8,0.0726,Low Risk
CUST-106011,149.0,1788.0,0.578,Medium Risk
CUST-108436,126.65,1519.8,0.1648,Low Risk
CUST-110494,424.15,5089.8,0.0604,Low Risk
CUST-105960,41.65,499.8,0.2334,Low Risk
CUST-110173,424.15,5089.8,0.0696,Low Risk
CUST-110495,149.0,1788.0,0.7725,High Risk
CUST-100740,41.65,499.8,0.2064,Low Risk
CUST-105292,41.65,499.8,0.1716,Low Risk
CUST-101165,41.65,499.8,0.254,Low Risk
CUST-106714,424.15,5089.8,0.0447,Low Risk
CUST-105652,41.65,499.8,0.21,Low Risk
CUST-108713,149.0,1788.0,0.5779,Medium Risk
CUST-106268,126.65,1519.8,0.1379,Low Risk
CUST-102411,424.15,5089.8,0.061,Low Risk
CUST-101363,424.15,5089.8,0.0729,Low Risk
CUST-103779,424.15,5089.8,0.0636,Low Risk
CUST-102494,126.65,1519.8,0.1632,Low Risk
CUST-103600,41.65,499.8,0.1202,Low Risk
CUST-111244,41.65,499.8,0.1771,Low Risk
CUST-106518,126.65,1519.8,0.1161,Low Risk
CUST-110931,149.0,1788.0,0.5697,Medium Risk
CUST-103240,126.65,1519.8,0.1293,Low Risk
CUST-104249,126.65,1519.8,0.1033,Low Risk
CUST-108891,1019.15,12229.8,0.0781,Low Risk
CUST-111225,149.0,1788.0,0.2944,Low Risk
CUST-104302,1019.15,12229.8,0.0456,Low Risk
CUST-104392,41.65,499.8,0.1774,Low Risk
CUST-104685,126.65,1519.8,0.1285,Low Risk
CUST-107494,424.15,5089.8,0.0643,Low Risk
CUST-102563,49.0,588.0,0.6512,High Risk
CUST-103316,49.0,588.0,0.7695,High Risk
CUST-102021,149.0,1788.0,0.4736,Medium Risk
CUST-109443,1019.15,12229.8,0.0642,Low Risk
CUST-107754,41.65,499.8,0.1411,Low Risk
CUST-112395,149.0,1788.0,0.6518,High Risk
CUST-101675,49.0,588.0,0.8791,High Risk
CUST-108262,49.0,588.0,0.6528,High Risk
CUST-107443,126.65,1519.8,0.136,Low Risk
CUST-103383,424.15,5089.8,0.0648,Low Risk
CUST-102210,126.65,1519.8,0.1615,Low Risk
CUST-100122,149.0,1788.0,0.7472,High Risk
CUST-108460,424.15,5089.8,0.0839,Low Risk
CUST-107804,49.0,588.0,0.688,High Risk
CUST-101583,1199.0,14388.0,0.2662,Low Risk
CUST-109896,126.65,1519.8,0.1062,Low Risk
CUST-101126,424.15,5089.8,0.0943,Low Risk
CUST-108520,149.0,1788.0,0.5236,Medium Risk
CUST-107475,49.0,588.0,0.9084,High Risk
CUST-109318,126.65,1519.8,0.113,Low Risk
CUST-101098,126.65,1519.8,0.1152,Low Risk
CUST-103904,499.0,5988.0,0.1171,Low Risk
CUST-112134,424.15,5089.8,0.0551,Low Risk
CUST-105630,499.0,5988.0,0.1785,Low Risk
CUST-109610,49.0,588.0,0.5998,Medium Risk
CUST-112078,499.0,5988.0,0.1695,Low Risk
CUST-107228,49.0,588.0,0.6967,High Risk
CUST-111195,49.0,588.0,0.7497,High Risk
CUST-105013,49.0,588.0,0.5291,Medium Risk
CUST-101513,149.0,1788.0,0.673,High Risk
CUST-100874,41.65,499.8,0.1698,Low Risk
CUST-101539,499.0,5988.0,0.2296,Low Risk
CUST-102242,424.15,5089.8,0.0657,Low Risk
CUST-106474,126.65,1519.8,0.0803,Low Risk
CUST-103368,41.65,499.8,0.1225,Low Risk
CUST-110853,499.0,5988.0,0.2247,Low Risk
CUST-110199,126.65,1519.8,0.0866,Low Risk
CUST-111196,49.0,588.0,0.7793,High Risk
CUST-102601,126.65,1519.8,0.0825,Low Risk
CUST-104565,49.0,588.0,0.866,High Risk
CUST-106064,1019.15,12229.8,0.0619,Low Risk
CUST-106982,126.65,1519.8,0.1038,Low Risk
CUST-101189,424.15,5089.8,0.0806,Low Risk
CUST-101107,149.0,1788.0,0.7649,High Risk
CUST-112407,49.0,588.0,0.6821,High Risk
CUST-111082,49.0,588.0,0.7517,High Risk
CUST-101135,149.0,1788.0,0.5795,Medium Risk
CUST-110670,424.15,5089.8,0.0592,Low Risk
CUST-109576,126.65,1519.8,0.0991,Low Risk
CUST-107184,41.65,499.8,0.2333,Low Risk
CUST-110287,424.15,5089.8,0.063,Low Risk
CUST-106631,149.0,1788.0,0.5899,Medium Risk
CUST-110772,149.0,1788.0,0.6271,Medium Risk
CUST-109036,49.0,588.0,0.6884,High Risk
CUST-105623,41.65,499.8,0.1736,Low Risk
CUST-105124,41.65,499.8,0.2217,Low Risk
CUST-112096,149.0,1788.0,0.2632,Low Risk
CUST-101242,1019.15,12229.8,0.0714,Low Risk
CUST-108599,41.65,499.8,0.1479,Low Risk
CUST-103171,126.65,1519.8,0.1123,Low Risk
CUST-108815,1019.15,12229.8,0.0591,Low Risk
CUST-109687,41.65,499.8,0.2095,Low Risk
CUST-110837,126.65,1519.8,0.1399,Low Risk
CUST-102259,49.0,588.0,0.6606,High Risk
CUST-111029,41.65,499.8,0.1828,Low Risk
CUST-110496,126.65,1519.8,0.1377,Low Risk
CUST-106348,126.65,1519.8,0.1176,Low Risk
CUST-110970,126.65,1519.8,0.1612,Low Risk
CUST-102882,49.0,588.0,0.6092,Medium Risk
CUST-105605,126.65,1519.8,0.1244,Low Risk
CUST-102840,126.65,1519.8,0.1221,Low Risk
CUST-108170,424.15,5089.8,0.0581,Low Risk
CUST-101286,126.65,1519.8,0.1364,Low Risk
CUST-103222,126.65,1519.8,0.112,Low Risk
CUST-106243,126.65,1519.8,0.1458,Low Risk
CUST-102732,499.0,5988.0,0.2454,Low Risk
CUST-109111,126.65,1519.8,0.1129,Low Risk
CUST-110938,41.65,499.8,0.1592,Low Risk
CUST-110070,126.65,1519.8,0.1263,Low Risk
CUST-104354,126.65,1519.8,0.1308,Low Risk
CUST-111330,41.65,499.8,0.1756,Low Risk
CUST-110857,424.15,5089.8,0.099,Low Risk
CUST-107718,49.0,588.0,0.7812,High Risk
CUST-104165,149.0,1788.0,0.5917,Medium Risk
CUST-103118,49.0,588.0,0.5488,Medium Risk
CUST-101893,424.15,5089.8,0.0637,Low Risk
CUST-109194,126.65,1519.8,0.0992,Low Risk
CUST-105407,41.65,499.8,0.1583,Low Risk
CUST-105937,499.0,5988.0,0.2334,Low Risk
CUST-100545,41.65,499.8,0.1314,Low Risk
CUST-109564,126.65,1519.8,0.1866,Low Risk
CUST-111748,126.65,1519.8,0.1488,Low Risk
CUST-111491,41.65,499.8,0.1573,Low Risk
CUST-102326,49.0,588.0,0.7196,High Risk
CUST-111528,41.65,499.8,0.2049,Low Risk
CUST-107630,424.15,5089.8,0.0978,Low Risk
CUST-106925,126.65,1519.8,0.1188,Low Risk
CUST-100150,1019.15,12229.8,0.0902,Low Risk
CUST-105474,126.65,1519.8,0.1502,Low Risk
CUST-110765,49.0,588.0,0.6322,Medium Risk
CUST-105694,1019.15,12229.8,0.1045,Low Risk
CUST-105103,49.0,588.0,0.8687,High Risk
CUST-107927,126.65,1519.8,0.159,Low Risk
CUST-108832,499.0,5988.0,0.2179,Low Risk
CUST-107615,41.65,499.8,0.1252,Low Risk
CUST-109372,424.15,5089.8,0.0829,Low Risk
CUST-107675,149.0,1788.0,0.4524,Medium Risk
CUST-109721,149.0,1788.0,0.2972,Low Risk
CUST-103686,424.15,5089.8,0.1112,Low Risk
CUST-102499,41.65,499.8,0.2445,Low Risk
CUST-110141,424.15,5089.8,0.0665,Low Risk
CUST-105683,126.65,1519.8,0.1482,Low Risk
CUST-102812,41.65,499.8,0.1613,Low Risk
CUST-107782,424.15,5089.8,0.0643,Low Risk
CUST-105087,41.65,499.8,0.106,Low Risk
CUST-100446,126.65,1519.8,0.1668,Low Risk
CUST-108481,126.65,1519.8,0.1299,Low Risk
CUST-112404,149.0,1788.0,0.6684,High Risk
CUST-109742,126.65,1519.8,0.1833,Low Risk
CUST-107604,49.0,588.0,0.7954,High Risk
CUST-101912,49.0,588.0,0.6832,High Risk
CUST-112254,126.65,1519.8,0.1923,Low Risk
CUST-109288,126.65,1519.8,0.1658,Low Risk
CUST-107168,126.65,1519.8,0.1165,Low Risk
CUST-105048,49.0,588.0,0.7032,High Risk
CUST-101386,499.0,5988.0,0.1592,Low Risk
CUST-112485,126.65,1519.8,0.1051,Low Risk
CUST-107442,424.15,5089.8,0.0846,Low Risk
CUST-102822,41.65,499.8,0.1675,Low Risk
CUST-110221,41.65,499.8,0.2149,Low Risk
CUST-109451,1019.15,12229.8,0.0822,Low Risk
CUST-111797,424.15,5089.8,0.0703,Low Risk
CUST-109905,149.0,1788.0,0.8098,High Risk
CUST-104718,49.0,588.0,0.6723,High Risk
CUST-105609,49.0,588.0,0.6999,High Risk
CUST-106157,49.0,588.0,0.7625,High Risk
CUST-109101,41.65,499.8,0.1172,Low Risk
CUST-100586,424.15,5089.8,0.0717,Low Risk
CUST-108273,41.65,499.8,0.1542,Low Risk
CUST-109361,424.15,5089.8,0.0659,Low Risk
CUST-110483,424.15,5089.8,0.0942,Low Risk
CUST-111631,1019.15,12229.8,0.0609,Low Risk
CUST-109559,424.15,5089.8,0.1078,Low Risk
CUST-112247,126.65,1519.8,0.1632,Low Risk
CUST-107411,126.65,1519.8,0.1606,Low Risk
CUST-104110,149.0,1788.0,0.5543,Medium Risk
CUST-103264,49.0,588.0,0.5622,Medium Risk
CUST-112109,149.0,1788.0,0.4531,Medium Risk
CUST-103270,1019.15,12229.8,0.0752,Low Risk
CUST-107509,424.15,5089.8,0.0855,Low Risk
CUST-100403,126.65,1519.8,0.1362,Low Risk
CUST-100676,499.0,5988.0,0.1557,Low Risk
CUST-101082,149.0,1788.0,0.3473,Low Risk
CUST-101212,1019.15,12229.8,0.09,Low Risk
CUST-111039,149.0,1788.0,0.3238,Low Risk
CUST-100737,126.65,1519.8,0.1209,Low Risk
CUST-107806,49.0,588.0,0.7965,High Risk
CUST-110028,49.0,588.0,0.7639,High Risk
CUST-104875,126.65,1519.8,0.1401,Low Risk
CUST-106854,149.0,1788.0,0.7521,High Risk
CUST-101254,126.65,1519.8,0.0995,Low Risk
CUST-106235,126.65,1519.8,0.1457,Low Risk
CUST-105716,126.65,1519.8,0.105,Low Risk
CUST-104115,41.65,499.8,0.164,Low Risk
CUST-112402,126.65,1519.8,0.1394,Low Risk
CUST-112088,424.15,5089.8,0.0815,Low Risk
CUST-104627,1019.15,12229.8,0.0899,Low Risk
CUST-108757,1019.15,12229.8,0.0523,Low Risk
CUST-100337,499.0,5988.0,0.1165,Low Risk
CUST-109342,149.0,1788.0,0.7861,High Risk
CUST-106794,49.0,588.0,0.643,Medium Risk
CUST-103133,49.0,588.0,0.6788,High Risk
CUST-105178,149.0,1788.0,0.846,High Risk
CUST-110525,41.65,499.8,0.1855,Low Risk
CUST-102850,41.65,499.8,0.205,Low Risk
CUST-107201,126.65,1519.8,0.1384,Low Risk
CUST-109050,41.65,499.8,0.1901,Low Risk
CUST-100306,126.65,1519.8,0.1545,Low Risk
CUST-108948,41.65,499.8,0.2424,Low Risk
CUST-110047,424.15,5089.8,0.0529,Low Risk
CUST-100781,149.0,1788.0,0.4108,Medium Risk
CUST-110527,49.0,588.0,0.7277,High Risk
CUST-111052,49.0,588.0,0.7185,High Risk
CUST-103999,126.65,1519.8,0.1334,Low Risk
CUST-100632,49.0,588.0,0.6102,Medium Risk
CUST-101781,149.0,1788.0,0.5122,Medium Risk
CUST-104661,126.65,1519.8,0.1046,Low Risk
CUST-103275,41.65,499.8,0.1615,Low Risk
CUST-112174,49.0,588.0,0.616,Medium Risk
CUST-106133,149.0,1788.0,0.3622,Medium Risk
CUST-109510,49.0,588.0,0.6086,Medium Risk
CUST-110509,126.65,1519.8,0.1576,Low Risk
CUST-101278,49.0,588.0,0.6667,High Risk
CUST-102913,49.0,588.0,0.8011,High Risk
CUST-106987,424.15,5089.8,0.1013,Low Risk
CUST-100772,149.0,1788.0,0.6675,High Risk
CUST-104535,424.15,5089.8,0.0694,Low Risk
CUST-100177,126.65,1519.8,0.126,Low Risk
CUST-110859,424.15,5089.8,0.0717,Low Risk
CUST-109816,149.0,1788.0,0.5703,Medium Risk
CUST-102472,499.0,5988.0,0.211,Low Risk
CUST-111951,149.0,1788.0,0.3727,Medium Risk
CUST-110923,41.65,499.8,0.159,Low Risk
CUST-100283,499.0,5988.0,0.2365,Low Risk
CUST-112212,49.0,588.0,0.5758,Medium Risk
CUST-103665,49.0,588.0,0.8873,High Risk
CUST-109780,126.65,1519.8,0.1109,Low Risk
CUST-110571,149.0,1788.0,0.257,Low Risk
CUST-101971,126.65,1519.8,0.1604,Low Risk
CUST-102649,424.15,5089.8,0.0975,Low Risk
CUST-107485,126.65,1519.8,0.0829,Low Risk
CUST-112004,149.0,1788.0,0.7467,High Risk
CUST-102581,424.15,5089.8,0.059,Low Risk
CUST-102886,126.65,1519.8,0.1928,Low Risk
CUST-110713,149.0,1788.0,0.5805,Medium Risk
CUST-109360,424.15,5089.8,0.0558,Low Risk
CUST-111154,424.15,5089.8,0.0692,Low Risk
CUST-112335,424.15,5089.8,0.0929,Low Risk
CUST-108174,126.65,1519.8,0.131,Low Risk
CUST-100852,126.65,1519.8,0.0881,Low Risk
CUST-103498,499.0,5988.0,0.2389,Low Risk
CUST-108333,41.65,499.8,0.2209,Low Risk
CUST-105755,41.65,499.8,0.1933,Low Risk
CUST-105525,126.65,1519.8,0.1541,Low Risk
CUST-110227,126.65,1519.8,0.0998,Low Risk
CUST-100864,126.65,1519.8,0.1333,Low Risk
CUST-108860,49.0,588.0,0.6805,High Risk
CUST-104572,41.65,499.8,0.174,Low Risk
CUST-106137,41.65,499.8,0.1468,Low Risk
CUST-111656,1019.15,12229.8,0.0729,Low Risk
CUST-109989,126.65,1519.8,0.1141,Low Risk
CUST-112095,49.0,588.0,0.7849,High Risk
CUST-108659,41.65,499.8,0.1646,Low Risk
CUST-108181,149.0,1788.0,0.5357,Medium Risk
CUST-104310,149.0,1788.0,0.2831,Low Risk
CUST-104355,126.65,1519.8,0.1417,Low Risk
CUST-108598,1019.15,12229.8,0.0819,Low Risk
CUST-108809,149.0,1788.0,0.1971,Low Risk
CUST-100795,49.0,588.0,0.8131,High Risk
CUST-104255,149.0,1788.0,0.4987,Medium Risk
CUST-110988,126.65,1519.8,0.1497,Low Risk
CUST-100638,499.0,5988.0,0.1515,Low Risk
CUST-106015,49.0,588.0,0.6342,Medium Risk
CUST-110171,49.0,588.0,0.7877,High Risk
CUST-102177,424.15,5089.8,0.0749,Low Risk
CUST-107473,41.65,499.8,0.2072,Low Risk
CUST-105803,424.15,5089.8,0.1,Low Risk
CUST-110541,126.65,1519.8,0.1416,Low Risk
CUST-106090,126.65,1519.8,0.1063,Low Risk
CUST-100497,126.65,1519.8,0.1841,Low Risk
CUST-108678,41.65,499.8,0.1723,Low Risk
CUST-106608,499.0,5988.0,0.1798,Low Risk
CUST-105371,126.65,1519.8,0.1162,Low Risk
CUST-109374,1019.15,12229.8,0.0555,Low Risk
CUST-109030,126.65,1519.8,0.1046,Low Risk
CUST-111702,126.65,1519.8,0.1384,Low Risk
CUST-104013,499.0,5988.0,0.1397,Low Risk
CUST-103183,499.0,5988.0,0.1518,Low Risk
CUST-104677,424.15,5089.8,0.0752,Low Risk
CUST-101569,149.0,1788.0,0.237,Low Risk
CUST-103976,149.0,1788.0,0.206,Low Risk
CUST-109283,424.15,5089.8,0.1012,Low Risk
CUST-108709,49.0,588.0,0.7642,High Risk
CUST-100358,49.0,588.0,0.6703,High Risk
CUST-104286,41.65,499.8,0.1534,Low Risk
CUST-110833,424.15,5089.8,0.0749,Low Risk
CUST-105250,499.0,5988.0,0.2028,Low Risk
CUST-107712,149.0,1788.0,0.6589,High Risk
CUST-106757,49.0,588.0,0.5907,Medium Risk
CUST-108982,1019.15,12229.8,0.0857,Low Risk
CUST-104517,41.65,499.8,0.1924,Low Risk
CUST-104075,149.0,1788.0,0.2396,Low Risk
CUST-107280,149.0,1788.0,0.1763,Low Risk
CUST-105392,499.0,5988.0,0.2458,Low Risk
CUST-105906,49.0,588.0,0.7111,High Risk
CUST-111271,49.0,588.0,0.9167,High Risk
CUST-111224,1019.15,12229.8,0.0533,Low Risk
CUST-102982,424.15,5089.8,0.0567,Low Risk
CUST-105076,424.15,5089.8,0.0641,Low Risk
CUST-105226,41.65,499.8,0.153,Low Risk
CUST-110588,49.0,588.0,0.6074,Medium Risk
CUST-108544,126.65,1519.8,0.1206,Low Risk
CUST-106360,424.15,5089.8,0.0733,Low Risk
CUST-100564,499.0,5988.0,0.1655,Low Risk
CUST-101313,424.15,5089.8,0.0495,Low Risk
CUST-102651,149.0,1788.0,0.263,Low Risk
CUST-112189,149.0,1788.0,0.251,Low Risk
CUST-104014,424.15,5089.8,0.0919,Low Risk
CUST-109146,41.65,499.8,0.2045,Low Risk
CUST-110568,41.65,499.8,0.1866,Low Risk
CUST-108265,126.65,1519.8,0.1164,Low Risk
CUST-107452,424.15,5089.8,0.0934,Low Risk
CUST-102934,424.15,5089.8,0.1035,Low Risk
CUST-103094,49.0,588.0,0.8509,High Risk
CUST-102845,126.65,1519.8,0.1372,Low Risk
CUST-106198,424.15,5089.8,0.0446,Low Risk
CUST-106344,424.15,5089.8,0.0951,Low Risk
CUST-101906,149.0,1788.0,0.7452,High Risk
CUST-110595,126.65,1519.8,0.0762,Low Risk
CUST-101030,424.15,5089.8,0.0661,Low Risk
CUST-108354,149.0,1788.0,0.7893,High Risk
CUST-104393,126.65,1519.8,0.1617,Low Risk
CUST-105745,49.0,588.0,0.7813,High Risk
CUST-110916,1019.15,12229.8,0.0628,Low Risk
CUST-107013,126.65,1519.8,0.1076,Low Risk
CUST-111547,424.15,5089.8,0.0738,Low Risk
CUST-100748,149.0,1788.0,0.5857,Medium Risk
CUST-104095,424.15,5089.8,0.0456,Low Risk
CUST-111458,1019.15,12229.8,0.0953,Low Risk
CUST-106542,149.0,1788.0,0.339,Low Risk
CUST-106314,149.0,1788.0,0.8152,High Risk
CUST-107014,424.15,5089.8,0.0958,Low Risk
CUST-104884,424.15,5089.8,0.0616,Low Risk
CUST-110526,149.0,1788.0,0.5028,Medium Risk
CUST-110226,41.65,499.8,0.156,Low Risk
CUST-108208,499.0,5988.0,0.1674,Low Risk
CUST-103242,41.65,499.8,0.2019,Low Risk
CUST-100980,424.15,5089.8,0.0799,Low Risk
CUST-102261,424.15,5089.8,0.1035,Low Risk
CUST-105184,424.15,5089.8,0.0791,Low Risk
CUST-108137,126.65,1519.8,0.1165,Low Risk
CUST-101784,1019.15,12229.8,0.1196,Low Risk
CUST-107006,41.65,499.8,0.1459,Low Risk
CUST-102952,424.15,5089.8,0.0922,Low Risk
CUST-111067,149.0,1788.0,0.4701,Medium Risk
CUST-105230,499.0,5988.0,0.1088,Low Risk
CUST-101000,41.65,499.8,0.1868,Low Risk
CUST-107723,41.65,499.8,0.156,Low Risk
CUST-105965,126.65,1519.8,0.1335,Low Risk
CUST-101299,149.0,1788.0,0.2748,Low Risk
CUST-102556,499.0,5988.0,0.1759,Low Risk
CUST-108722,149.0,1788.0,0.5118,Medium Risk
CUST-107027,424.15,5089.8,0.0746,Low Risk
CUST-101707,126.65,1519.8,0.1478,Low Risk
CUST-108359,424.15,5089.8,0.0603,Low Risk
CUST-106597,49.0,588.0,0.7125,High Risk
CUST-103775,149.0,1788.0,0.6712,High Risk
CUST-108259,49.0,588.0,0.8028,High Risk
CUST-106317,49.0,588.0,0.6778,High Risk
CUST-112052,149.0,1788.0,0.261,Low Risk
CUST-106292,41.65,499.8,0.1802,Low Risk
CUST-111834,41.65,499.8,0.1128,Low Risk
CUST-101574,49.0,588.0,0.5391,Medium Risk
CUST-101487,41.65,499.8,0.2506,Low Risk
CUST-109673,41.65,499.8,0.1411,Low Risk
CUST-102183,41.65,499.8,0.1659,Low Risk
CUST-100459,424.15,5089.8,0.0712,Low Risk
CUST-106148,49.0,588.0,0.7632,High Risk
CUST-103042,41.65,499.8,0.2443,Low Risk
CUST-111583,126.65,1519.8,0.143,Low Risk
CUST-107414,499.0,5988.0,0.1093,Low Risk
CUST-102552,41.65,499.8,0.1518,Low Risk
CUST-102800,41.65,499.8,0.1533,Low Risk
CUST-104043,126.65,1519.8,0.1064,Low Risk
CUST-109285,126.65,1519.8,0.1146,Low Risk
CUST-101907,126.65,1519.8,0.1717,Low Risk
CUST-105956,499.0,5988.0,0.1817,Low Risk
CUST-103591,126.65,1519.8,0.1431,Low Risk
CUST-106649,41.65,499.8,0.2019,Low Risk
CUST-102205,126.65,1519.8,0.1571,Low Risk
CUST-101523,424.15,5089.8,0.0706,Low Risk
CUST-110215,424.15,5089.8,0.0805,Low Risk
CUST-112012,126.65,1519.8,0.1305,Low Risk
CUST-101246,49.0,588.0,0.7123,High Risk
CUST-112321,424.15,5089.8,0.0908,Low Risk
CUST-104030,149.0,1788.0,0.8109,High Risk
CUST-105101,149.0,1788.0,0.6093,Medium Risk
CUST-107896,49.0,588.0,0.6003,Medium Risk
CUST-111102,424.15,5089.8,0.0865,Low Risk
CUST-103730,41.65,499.8,0.2278,Low Risk
CUST-109718,126.65,1519.8,0.157,Low Risk
CUST-100904,49.0,588.0,0.7404,High Risk
CUST-102372,41.65,499.8,0.0985,Low Risk
CUST-100560,41.65,499.8,0.138,Low Risk
CUST-103382,41.65,499.8,0.2663,Low Risk
CUST-107288,126.65,1519.8,0.1777,Low Risk
CUST-108902,49.0,588.0,0.8209,High Risk
CUST-102227,49.0,588.0,0.7643,High Risk
CUST-110059,424.15,5089.8,0.0614,Low Risk
CUST-106263,424.15,5089.8,0.0636,Low Risk
CUST-107596,424.15,5089.8,0.0747,Low Risk
CUST-101962,424.15,5089.8,0.0613,Low Risk
CUST-102154,41.65,499.8,0.1723,Low Risk
CUST-101807,41.65,499.8,0.1614,Low Risk
CUST-103192,126.65,1519.8,0.1541,Low Risk
CUST-107480,149.0,1788.0,0.3159,Low Risk
CUST-106836,41.65,499.8,0.2212,Low Risk
CUST-108759,126.65,1519.8,0.1118,Low Risk
CUST-110554,424.15,5089.8,0.0961,Low Risk
CUST-102047,499.0,5988.0,0.2409,Low Risk
CUST-103233,126.65,1519.8,0.1541,Low Risk
CUST-101544,424.15,5089.8,0.0718,Low Risk
CUST-110431,41.65,499.8,0.2242,Low Risk
CUST-104490,126.65,1519.8,0.1651,Low Risk
CUST-100059,1019.15,12229.8,0.0526,Low Risk
CUST-103526,41.65,499.8,0.1516,Low Risk
CUST-108960,41.65,499.8,0.2673,Low Risk
CUST-100074,149.0,1788.0,0.6415,Medium Risk
CUST-107093,149.0,1788.0,0.5997,Medium Risk
CUST-106188,499.0,5988.0,0.1853,Low Risk
CUST-104383,126.65,1519.8,0.1216,Low Risk
CUST-102817,424.15,5089.8,0.0609,Low Risk
CUST-101116,49.0,588.0,0.648,Medium Risk
CUST-104287,126.65,1519.8,0.1714,Low Risk
CUST-100000,41.65,499.8,0.1713,Low Risk
CUST-102486,49.0,588.0,0.6521,High Risk
CUST-108016,49.0,588.0,0.7096,High Risk
CUST-109802,424.15,5089.8,0.065,Low Risk
CUST-110994,149.0,1788.0,0.7058,High Risk
CUST-111355,41.65,499.8,0.1496,Low Risk
CUST-100733,49.0,588.0,0.734,High Risk
CUST-101860,126.65,1519.8,0.1355,Low Risk
CUST-104420,126.65,1519.8,0.1689,Low Risk
CUST-107180,126.65,1519.8,0.0985,Low Risk
CUST-109187,41.65,499.8,0.1733,Low Risk
CUST-104372,1019.15,12229.8,0.0733,Low Risk
CUST-105239,424.15,5089.8,0.0798,Low Risk
CUST-110357,126.65,1519.8,0.1211,Low Risk
CUST-103563,424.15,5089.8,0.0875,Low Risk
CUST-105208,49.0,588.0,0.6098,Medium Risk
CUST-109838,424.15,5089.8,0.0858,Low Risk
CUST-106627,126.65,1519.8,0.133,Low Risk
CUST-106762,126.65,1519.8,0.0983,Low Risk
CUST-104428,41.65,499.8,0.2189,Low Risk
CUST-108875,41.65,499.8,0.1575,Low Risk
CUST-102923,126.65,1519.8,0.1221,Low Risk
CUST-100287,41.65,499.8,0.1387,Low Risk
CUST-100234,126.65,1519.8,0.1773,Low Risk
CUST-108662,1019.15,12229.8,0.0914,Low Risk
CUST-108580,49.0,588.0,0.6014,Medium Risk
CUST-108478,149.0,1788.0,0.5637,Medium Risk
CUST-105132,499.0,5988.0,0.1519,Low Risk
CUST-111392,424.15,5089.8,0.0681,Low Risk
CUST-102026,41.65,499.8,0.2311,Low Risk
CUST-102534,424.15,5089.8,0.0877,Low Risk
CUST-110203,149.0,1788.0,0.6129,Medium Risk
CUST-100690,499.0,5988.0,0.1837,Low Risk
CUST-108737,149.0,1788.0,0.7786,High Risk
CUST-102150,424.15,5089.8,0.0611,Low Risk
CUST-106605,424.15,5089.8,0.1023,Low Risk
CUST-112085,41.65,499.8,0.164,Low Risk
CUST-103876,424.15,5089.8,0.0697,Low Risk
CUST-100522,499.0,5988.0,0.2252,Low Risk
CUST-110523,41.65,499.8,0.1715,Low Risk
CUST-100843,499.0,5988.0,0.242,Low Risk
CUST-103252,424.15,5089.8,0.075,Low Risk
CUST-101367,149.0,1788.0,0.5715,Medium Risk
CUST-106989,41.65,499.8,0.1827,Low Risk
CUST-106749,1019.15,12229.8,0.0486,Low Risk
CUST-106093,149.0,1788.0,0.2372,Low Risk
CUST-105423,49.0,588.0,0.5206,Medium Risk
CUST-109711,126.65,1519.8,0.1175,Low Risk
CUST-105961,49.0,588.0,0.7408,High Risk
CUST-101024,424.15,5089.8,0.0897,Low Risk
CUST-100189,424.15,5089.8,0.0632,Low Risk
CUST-112291,49.0,588.0,0.7384,High Risk
CUST-110222,149.0,1788.0,0.2557,Low Risk
CUST-107024,41.65,499.8,0.2266,Low Risk
CUST-107763,1199.0,14388.0,0.2493,Low Risk
CUST-111999,424.15,5089.8,0.0587,Low Risk
CUST-108996,424.15,5089.8,0.1098,Low Risk
CUST-104959,49.0,588.0,0.6536,High Risk
CUST-108324,149.0,1788.0,0.5739,Medium Risk
CUST-111541,149.0,1788.0,0.4289,Medium Risk
CUST-105171,49.0,588.0,0.7133,High Risk
CUST-107421,126.65,1519.8,0.177,Low Risk
CUST-101372,149.0,1788.0,0.4957,Medium Risk
CUST-111173,126.65,1519.8,0.0847,Low Risk
CUST-108086,149.0,1788.0,0.1952,Low Risk
CUST-103121,41.65,499.8,0.1947,Low Risk
CUST-106820,149.0,1788.0,0.2763,Low Risk
CUST-103661,424.15,5089.8,0.1002,Low Risk
CUST-108925,499.0,5988.0,0.1768,Low Risk
CUST-107337,126.65,1519.8,0.1269,Low Risk
CUST-111270,49.0,588.0,0.6521,High Risk
CUST-106392,424.15,5089.8,0.0739,Low Risk
CUST-101429,49.0,588.0,0.6805,High Risk
CUST-109629,49.0,588.0,0.6141,Medium Risk
CUST-104725,41.65,499.8,0.1592,Low Risk
CUST-101629,41.65,499.8,0.168,Low Risk
CUST-112213,49.0,588.0,0.6298,Medium Risk
CUST-102819,499.0,5988.0,0.2664,Low Risk
CUST-110367,424.15,5089.8,0.0576,Low Risk
CUST-104590,49.0,588.0,0.627,Medium Risk
CUST-102951,149.0,1788.0,0.4643,Medium Risk
CUST-102957,41.65,499.8,0.1939,Low Risk
CUST-102128,499.0,5988.0,0.1652,Low Risk
CUST-102741,49.0,588.0,0.7119,High Risk
CUST-106099,49.0,588.0,0.5905,Medium Risk
CUST-111821,424.15,5089.8,0.0637,Low Risk
CUST-109997,149.0,1788.0,0.7184,High Risk
CUST-100491,41.65,499.8,0.1978,Low Risk
CUST-101338,41.65,499.8,0.2201,Low Risk
CUST-105656,149.0,1788.0,0.3921,Medium Risk
CUST-109210,49.0,588.0,0.7126,High Risk
CUST-102457,126.65,1519.8,0.0903,Low Risk
CUST-111191,126.65,1519.8,0.1784,Low Risk
CUST-106433,424.15,5089.8,0.0656,Low Risk
CUST-106867,49.0,588.0,0.6659,High Risk
CUST-105902,49.0,588.0,0.8422,High Risk
CUST-110387,126.65,1519.8,0.115,Low Risk
CUST-112198,424.15,5089.8,0.0631,Low Risk
CUST-110253,149.0,1788.0,0.2631,Low Risk
CUST-101446,126.65,1519.8,0.0936,Low Risk
CUST-108248,149.0,1788.0,0.2207,Low Risk
CUST-109182,41.65,499.8,0.2137,Low Risk
CUST-106050,41.65,499.8,0.1965,Low Risk
CUST-101194,1019.15,12229.8,0.092,Low Risk
CUST-101606,149.0,1788.0,0.5942,Medium Risk
CUST-103540,49.0,588.0,0.5783,Medium Risk
CUST-109297,424.15,5089.8,0.0849,Low Risk
CUST-111625,49.0,588.0,0.6392,Medium Risk
CUST-101872,126.65,1519.8,0.1274,Low Risk
CUST-105619,49.0,588.0,0.6668,High Risk
CUST-104717,149.0,1788.0,0.5242,Medium Risk
CUST-104680,424.15,5089.8,0.0908,Low Risk
CUST-101473,126.65,1519.8,0.1027,Low Risk
CUST-108831,1019.15,12229.8,0.0943,Low Risk
CUST-109218,126.65,1519.8,0.149,Low Risk
CUST-102990,499.0,5988.0,0.1668,Low Risk
CUST-103049,49.0,588.0,0.8257,High Risk
CUST-107664,424.15,5089.8,0.1021,Low Risk
CUST-104085,424.15,5089.8,0.0653,Low Risk
CUST-107691,499.0,5988.0,0.1988,Low Risk
CUST-102997,126.65,1519.8,0.1538,Low Risk
CUST-102810,499.0,5988.0,0.1399,Low Risk
CUST-107182,126.65,1519.8,0.1695,Low Risk
CUST-102206,126.65,1519.8,0.1488,Low Risk
CUST-101942,49.0,588.0,0.7216,High Risk
CUST-101533,126.65,1519.8,0.1178,Low Risk
CUST-105019,41.65,499.8,0.1436,Low Risk
CUST-110614,126.65,1519.8,0.1775,Low Risk
CUST-103108,1019.15,12229.8,0.0619,Low Risk
CUST-107906,149.0,1788.0,0.6454,Medium Risk
CUST-105522,149.0,1788.0,0.6526,High Risk
CUST-100068,126.65,1519.8,0.1356,Low Risk
CUST-109671,126.65,1519.8,0.1389,Low Risk
CUST-103745,499.0,5988.0,0.1985,Low Risk
CUST-108382,41.65,499.8,0.1838,Low Risk
CUST-103225,424.15,5089.8,0.0983,Low Risk
CUST-102844,126.65,1519.8,0.1576,Low Risk
CUST-109152,126.65,1519.8,0.1161,Low Risk
CUST-104429,499.0,5988.0,0.1674,Low Risk
CUST-110600,149.0,1788.0,0.6071,Medium Risk
CUST-104306,41.65,499.8,0.1502,Low Risk
CUST-100443,41.65,499.8,0.221,Low Risk
CUST-109968,424.15,5089.8,0.0726,Low Risk
CUST-101819,424.15,5089.8,0.0432,Low Risk
CUST-107897,424.15,5089.8,0.1015,Low Risk
CUST-101498,49.0,588.0,0.7519,High Risk
CUST-104020,41.65,499.8,0.1602,Low Risk
CUST-108343,149.0,1788.0,0.6605,High Risk
CUST-107980,126.65,1519.8,0.1458,Low Risk
CUST-102583,49.0,588.0,0.5575,Medium Risk
CUST-105084,49.0,588.0,0.5702,Medium Risk
CUST-107129,424.15,5089.8,0.0491,Low Risk
CUST-100346,126.65,1519.8,0.1243,Low Risk
CUST-104035,424.15,5089.8,0.0825,Low Risk
CUST-107676,149.0,1788.0,0.524,Medium Risk
CUST-108635,149.0,1788.0,0.7122,High Risk
CUST-111795,126.65,1519.8,0.1067,Low Risk
CUST-101277,126.65,1519.8,0.1733,Low Risk
CUST-102916,41.65,499.8,0.1897,Low Risk
CUST-109244,41.65,499.8,0.1454,Low Risk
CUST-112442,126.65,1519.8,0.1454,Low Risk
CUST-108654,126.65,1519.8,0.131,Low Risk
CUST-101877,126.65,1519.8,0.171,Low Risk
CUST-109871,424.15,5089.8,0.0547,Low Risk
CUST-109123,41.65,499.8,0.247,Low Risk
CUST-112264,1019.15,12229.8,0.0947,Low Risk
CUST-110112,149.0,1788.0,0.2835,Low Risk
CUST-108211,41.65,499.8,0.2202,Low Risk
CUST-108468,49.0,588.0,0.5393,Medium Risk
CUST-110950,149.0,1788.0,0.654,High Risk
CUST-105596,1019.15,12229.8,0.0886,Low Risk
CUST-108378,126.65,1519.8,0.1886,Low Risk
CUST-102204,424.15,5089.8,0.0936,Low Risk
CUST-102896,126.65,1519.8,0.123,Low Risk
CUST-107878,149.0,1788.0,0.7554,High Risk
CUST-103903,49.0,588.0,0.7363,High Risk
CUST-108489,126.65,1519.8,0.1454,Low Risk
CUST-100622,424.15,5089.8,0.0589,Low Risk
CUST-102801,1019.15,12229.8,0.0421,Low Risk
CUST-105518,41.65,499.8,0.1115,Low Risk
CUST-110454,149.0,1788.0,0.5716,Medium Risk
CUST-100761,499.0,5988.0,0.1395,Low Risk
CUST-110229,499.0,5988.0,0.1639,Low Risk
CUST-107899,149.0,1788.0,0.3368,Low Risk
CUST-106942,149.0,1788.0,0.3282,Low Risk
CUST-102586,149.0,1788.0,0.685,High Risk
CUST-101883,424.15,5089.8,0.0981,Low Risk
CUST-109219,41.65,499.8,0.1131,Low Risk
CUST-105545,149.0,1788.0,0.6663,High Risk
CUST-101805,126.65,1519.8,0.1145,Low Risk
CUST-107283,149.0,1788.0,0.7671,High Risk
CUST-100952,126.65,1519.8,0.0944,Low Risk
CUST-110014,149.0,1788.0,0.6094,Medium Risk
CUST-111364,499.0,5988.0,0.205,Low Risk
CUST-110457,1019.15,12229.8,0.0691,Low Risk
CUST-103774,1199.0,14388.0,0.1461,Low Risk
CUST-105583,149.0,1788.0,0.6172,Medium Risk
CUST-106205,1019.15,12229.8,0.077,Low Risk
CUST-101992,149.0,1788.0,0.7197,High Risk
CUST-106307,499.0,5988.0,0.1705,Low Risk
CUST-104613,126.65,1519.8,0.1511,Low Risk
CUST-103089,499.0,5988.0,0.145,Low Risk
CUST-106915,424.15,5089.8,0.0676,Low Risk
CUST-109927,49.0,588.0,0.7157,High Risk
CUST-106661,49.0,588.0,0.8132,High Risk
CUST-104406,424.15,5089.8,0.082,Low Risk
CUST-108411,499.0,5988.0,0.2305,Low Risk
CUST-104204,126.65,1519.8,0.1174,Low Risk
CUST-106577,49.0,588.0,0.7349,High Risk
CUST-104121,126.65,1519.8,0.1097,Low Risk
CUST-104576,49.0,588.0,0.8274,High Risk
CUST-111379,49.0,588.0,0.564,Medium Risk
CUST-103309,499.0,5988.0,0.1385,Low Risk
CUST-103725,49.0,588.0,0.7105,High Risk
CUST-101593,424.15,5089.8,0.0626,Low Risk
CUST-109715,149.0,1788.0,0.2806,Low Risk
CUST-101853,41.65,499.8,0.174,Low Risk
CUST-102265,49.0,588.0,0.5891,Medium Risk
CUST-111432,499.0,5988.0,0.2219,Low Risk
CUST-109677,149.0,1788.0,0.6028,Medium Risk
CUST-110561,49.0,588.0,0.8432,High Risk
CUST-111467,41.65,499.8,0.1705,Low Risk
CUST-100738,126.65,1519.8,0.1518,Low Risk
CUST-111594,41.65,499.8,0.187,Low Risk
CUST-107876,149.0,1788.0,0.7664,High Risk
CUST-111026,424.15,5089.8,0.0521,Low Risk
CUST-104241,49.0,588.0,0.6889,High Risk
CUST-109170,424.15,5089.8,0.0734,Low Risk
CUST-104801,126.65,1519.8,0.1083,Low Risk
CUST-105485,424.15,5089.8,0.0872,Low Risk
CUST-102892,41.65,499.8,0.1862,Low Risk
CUST-108240,41.65,499.8,0.1931,Low Risk
CUST-108487,49.0,588.0,0.778,High Risk
CUST-101959,126.65,1519.8,0.1205,Low Risk
CUST-108768,41.65,499.8,0.2129,Low Risk
CUST-100295,126.65,1519.8,0.1777,Low Risk
CUST-105521,424.15,5089.8,0.0476,Low Risk
CUST-105721,1019.15,12229.8,0.0671,Low Risk
CUST-110997,49.0,588.0,0.631,Medium Risk
CUST-104182,149.0,1788.0,0.3153,Low Risk
CUST-100275,41.65,499.8,0.1849,Low Risk
CUST-101595,126.65,1519.8,0.1586,Low Risk
CUST-107835,49.0,588.0,0.5985,Medium Risk
CUST-104244,41.65,499.8,0.1723,Low Risk
CUST-112269,126.65,1519.8,0.1208,Low Risk
CUST-101652,424.15,5089.8,0.0643,Low Risk
CUST-100087,149.0,1788.0,0.2777,Low Risk
CUST-104049,424.15,5089.8,0.0694,Low Risk
CUST-108372,424.15,5089.8,0.0853,Low Risk
CUST-104268,41.65,499.8,0.2145,Low Risk
CUST-109880,41.65,499.8,0.189,Low Risk
CUST-103037,41.65,499.8,0.1996,Low Risk
CUST-102155,41.65,499.8,0.1251,Low Risk
CUST-100524,49.0,588.0,0.5506,Medium Risk
CUST-112056,126.65,1519.8,0.1118,Low Risk
CUST-112163,49.0,588.0,0.6442,Medium Risk
CUST-104917,49.0,588.0,0.6907,High Risk
CUST-103863,126.65,1519.8,0.0772,Low Risk
CUST-100746,149.0,1788.0,0.6192,Medium Risk
CUST-106589,126.65,1519.8,0.101,Low Risk
CUST-111494,424.15,5089.8,0.0558,Low Risk
CUST-101316,41.65,499.8,0.2181,Low Risk
CUST-105790,126.65,1519.8,0.1643,Low Risk
CUST-109694,424.15,5089.8,0.0811,Low Risk
CUST-105710,149.0,1788.0,0.4943,Medium Risk
CUST-102772,424.15,5089.8,0.0558,Low Risk
CUST-109826,149.0,1788.0,0.2594,Low Risk
CUST-108342,126.65,1519.8,0.1437,Low Risk
CUST-107925,126.65,1519.8,0.1287,Low Risk
CUST-112155,49.0,588.0,0.8131,High Risk
CUST-107839,49.0,588.0,0.756,High Risk
CUST-109631,424.15,5089.8,0.0705,Low Risk
CUST-111948,424.15,5089.8,0.0947,Low Risk
CUST-106027,126.65,1519.8,0.131,Low Risk
CUST-110142,1019.15,12229.8,0.1039,Low Risk
CUST-105779,1019.15,12229.8,0.065,Low Risk
CUST-108569,149.0,1788.0,0.6423,Medium Risk
CUST-102820,1019.15,12229.8,0.0677,Low Risk
CUST-102512,49.0,588.0,0.6218,Medium Risk
CUST-112370,126.65,1519.8,0.1428,Low Risk
CUST-103032,149.0,1788.0,0.7045,High Risk
CUST-101464,41.65,499.8,0.1518,Low Risk
CUST-104567,1019.15,12229.8,0.0888,Low Risk
CUST-106420,49.0,588.0,0.8317,High Risk
CUST-109215,499.0,5988.0,0.2153,Low Risk
CUST-101668,126.65,1519.8,0.1088,Low Risk
CUST-109835,499.0,5988.0,0.2693,Low Risk
CUST-105575,126.65,1519.8,0.1244,Low Risk
CUST-102257,126.65,1519.8,0.112,Low Risk
CUST-105012,49.0,588.0,0.6055,Medium Risk
CUST-102995,41.65,499.8,0.1421,Low Risk
CUST-110419,49.0,588.0,0.8238,High Risk
CUST-104391,1199.0,14388.0,0.1673,Low Risk
CUST-102077,41.65,499.8,0.1702,Low Risk
CUST-101267,149.0,1788.0,0.4897,Medium Risk
CUST-100873,41.65,499.8,0.1938,Low Risk
CUST-107678,41.65,499.8,0.1581,Low Risk
CUST-110829,49.0,588.0,0.7445,High Risk
CUST-106588,126.65,1519.8,0.1012,Low Risk
CUST-105634,49.0,588.0,0.6662,High Risk
CUST-109037,49.0,588.0,0.7748,High Risk
CUST-108024,41.65,499.8,0.1878,Low Risk
CUST-103072,41.65,499.8,0.1219,Low Risk
CUST-111445,149.0,1788.0,0.8162,High Risk
CUST-100965,49.0,588.0,0.6789,High Risk
CUST-104734,49.0,588.0,0.7722,High Risk
CUST-112055,149.0,1788.0,0.5213,Medium Risk
CUST-108122,49.0,588.0,0.7866,High Risk
CUST-102111,126.65,1519.8,0.1236,Low Risk
CUST-103347,499.0,5988.0,0.1663,Low Risk
CUST-111209,149.0,1788.0,0.466,Medium Risk
CUST-108716,499.0,5988.0,0.1636,Low Risk
CUST-109877,424.15,5089.8,0.0438,Low Risk
CUST-107340,499.0,5988.0,0.1479,Low Risk
CUST-110914,424.15,5089.8,0.0989,Low Risk
CUST-106238,1019.15,12229.8,0.0671,Low Risk
CUST-110130,49.0,588.0,0.7251,High Risk
CUST-106591,126.65,1519.8,0.1019,Low Risk
CUST-106296,499.0,5988.0,0.2028,Low Risk
CUST-108997,126.65,1519.8,0.1676,Low Risk
CUST-111516,499.0,5988.0,0.1675,Low Risk
CUST-101879,41.65,499.8,0.1924,Low Risk
CUST-103514,126.65,1519.8,0.1591,Low Risk
CUST-104340,41.65,499.8,0.2454,Low Risk
CUST-105715,126.65,1519.8,0.1402,Low Risk
CUST-100355,49.0,588.0,0.7188,High Risk
CUST-103034,126.65,1519.8,0.0983,Low Risk
CUST-107987,126.65,1519.8,0.1394,Low Risk
CUST-109041,149.0,1788.0,0.5186,Medium Risk
CUST-109491,126.65,1519.8,0.1224,Low Risk
CUST-101067,126.65,1519.8,0.0795,Low Risk
CUST-111324,1019.15,12229.8,0.0568,Low Risk
CUST-112499,149.0,1788.0,0.7088,High Risk
CUST-109652,126.65,1519.8,0.149,Low Risk
CUST-110872,41.65,499.8,0.2201,Low Risk
CUST-109466,49.0,588.0,0.5325,Medium Risk
CUST-108778,149.0,1788.0,0.3135,Low Risk
CUST-111844,126.65,1519.8,0.0935,Low Risk
CUST-105036,1019.15,12229.8,0.0591,Low Risk
CUST-111021,49.0,588.0,0.7414,High Risk
CUST-109825,49.0,588.0,0.6108,Medium Risk
CUST-104960,499.0,5988.0,0.1574,Low Risk
CUST-111284,126.65,1519.8,0.12,Low Risk
CUST-109220,424.15,5089.8,0.0504,Low Risk
CUST-105606,41.65,499.8,0.2169,Low Risk
CUST-112033,149.0,1788.0,0.4796,Medium Risk
CUST-109979,424.15,5089.8,0.1067,Low Risk
CUST-110626,49.0,588.0,0.7525,High Risk
CUST-100135,49.0,588.0,0.6661,High Risk
CUST-111596,424.15,5089.8,0.0819,Low Risk
CUST-108551,49.0,588.0,0.6714,High Risk
CUST-103098,499.0,5988.0,0.2577,Low Risk
CUST-110905,149.0,1788.0,0.5548,Medium Risk
CUST-100563,49.0,588.0,0.5594,Medium Risk
CUST-105932,149.0,1788.0,0.7408,High Risk
CUST-101373,41.65,499.8,0.1301,Low Risk
CUST-102166,49.0,588.0,0.8354,High Risk
CUST-104184,424.15,5089.8,0.096,Low Risk
CUST-111410,41.65,499.8,0.2249,Low Risk
CUST-111105,49.0,588.0,0.697,High Risk
CUST-106721,49.0,588.0,0.6546,High Risk
CUST-111466,126.65,1519.8,0.1722,Low Risk
CUST-110255,49.0,588.0,0.7333,High Risk
CUST-109876,499.0,5988.0,0.1854,Low Risk
CUST-101797,1019.15,12229.8,0.0695,Low Risk
CUST-103861,49.0,588.0,0.8011,High Risk
CUST-101774,1019.15,12229.8,0.0558,Low Risk
CUST-100702,49.0,588.0,0.6731,High Risk
CUST-106728,126.65,1519.8,0.1133,Low Risk
CUST-108961,1019.15,12229.8,0.0565,Low Risk
CUST-110378,41.65,499.8,0.1804,Low Risk
CUST-108873,126.65,1519.8,0.1389,Low Risk
CUST-108816,41.65,499.8,0.1521,Low Risk
CUST-104199,41.65,499.8,0.1873,Low Risk
CUST-105157,149.0,1788.0,0.4567,Medium Risk
CUST-101319,424.15,5089.8,0.074,Low Risk
CUST-104852,149.0,1788.0,0.3785,Medium Risk
CUST-104698,149.0,1788.0,0.5723,Medium Risk
CUST-100183,499.0,5988.0,0.1572,Low Risk
CUST-110618,41.65,499.8,0.2517,Low Risk
CUST-109207,49.0,588.0,0.652,High Risk
CUST-107610,49.0,588.0,0.8516,High Risk
CUST-110261,49.0,588.0,0.692,High Risk
CUST-107643,424.15,5089.8,0.0814,Low Risk
CUST-107554,499.0,5988.0,0.2323,Low Risk
CUST-112283,1019.15,12229.8,0.0785,Low Risk
CUST-110045,424.15,5089.8,0.0669,Low Risk
CUST-111142,1019.15,12229.8,0.1135,Low Risk
CUST-105415,1199.0,14388.0,0.1941,Low Risk
CUST-107558,49.0,588.0,0.5723,Medium Risk
CUST-111900,1019.15,12229.8,0.0513,Low Risk
CUST-107737,424.15,5089.8,0.0682,Low Risk
CUST-101230,49.0,588.0,0.7591,High Risk
CUST-102300,49.0,588.0,0.6084,Medium Risk
CUST-109955,149.0,1788.0,0.2915,Low Risk
CUST-100631,149.0,1788.0,0.3074,Low Risk
CUST-101884,149.0,1788.0,0.6859,High Risk
CUST-103603,126.65,1519.8,0.1152,Low Risk
CUST-101138,41.65,499.8,0.1375,Low Risk
CUST-110207,149.0,1788.0,0.7275,High Risk
CUST-104111,49.0,588.0,0.7072,High Risk
CUST-100054,424.15,5089.8,0.1093,Low Risk
CUST-108048,41.65,499.8,0.1839,Low Risk
CUST-109950,49.0,588.0,0.8323,High Risk
CUST-104230,1019.15,12229.8,0.0878,Low Risk
CUST-101825,126.65,1519.8,0.1185,Low Risk
CUST-112288,126.65,1519.8,0.1803,Low Risk
CUST-111633,499.0,5988.0,0.2396,Low Risk
CUST-102992,499.0,5988.0,0.1585,Low Risk
CUST-103085,499.0,5988.0,0.1445,Low Risk
CUST-111555,424.15,5089.8,0.0851,Low Risk
CUST-102157,41.65,499.8,0.1237,Low Risk
CUST-110377,126.65,1519.8,0.1089,Low Risk
CUST-106839,424.15,5089.8,0.0672,Low Risk
CUST-111171,41.65,499.8,0.2104,Low Risk
CUST-111380,126.65,1519.8,0.172,Low Risk
CUST-102654,1019.15,12229.8,0.0598,Low Risk
CUST-107221,49.0,588.0,0.6148,Medium Risk
CUST-103724,49.0,588.0,0.7551,High Risk
CUST-103847,49.0,588.0,0.7005,High Risk
CUST-102959,126.65,1519.8,0.109,Low Risk
CUST-101693,149.0,1788.0,0.7363,High Risk
CUST-105477,149.0,1788.0,0.753,High Risk
CUST-101917,41.65,499.8,0.2046,Low Risk
CUST-109114,126.65,1519.8,0.1243,Low Risk
CUST-103994,424.15,5089.8,0.0628,Low Risk
CUST-109483,126.65,1519.8,0.1704,Low Risk
CUST-101792,49.0,588.0,0.7735,High Risk
CUST-110218,424.15,5089.8,0.0897,Low Risk
CUST-101197,1019.15,12229.8,0.0664,Low Risk
CUST-107145,126.65,1519.8,0.1306,Low Risk
CUST-110755,126.65,1519.8,0.1077,Low Risk
CUST-104639,149.0,1788.0,0.2591,Low Risk
CUST-103655,49.0,588.0,0.6607,High Risk
CUST-106203,49.0,588.0,0.5693,Medium Risk
CUST-106946,49.0,588.0,0.7925,High Risk
CUST-111782,424.15,5089.8,0.0684,Low Risk
CUST-110538,49.0,588.0,0.7681,High Risk
CUST-104113,49.0,588.0,0.5459,Medium Risk
CUST-102980,126.65,1519.8,0.0765,Low Risk
CUST-103250,126.65,1519.8,0.149,Low Risk
CUST-104181,424.15,5089.8,0.0951,Low Risk
CUST-102383,499.0,5988.0,0.1401,Low Risk
CUST-107021,499.0,5988.0,0.171,Low Risk
CUST-108272,41.65,499.8,0.2007,Low Risk
CUST-104830,41.65,499.8,0.2327,Low Risk
CUST-111095,149.0,1788.0,0.2315,Low Risk
CUST-107302,424.15,5089.8,0.0668,Low Risk
CUST-101829,41.65,499.8,0.1664,Low Risk
CUST-108191,1019.15,12229.8,0.071,Low Risk
CUST-107594,424.15,5089.8,0.0948,Low Risk
CUST-105356,424.15,5089.8,0.0445,Low Risk
CUST-103867,499.0,5988.0,0.177,Low Risk
CUST-104421,41.65,499.8,0.134,Low Risk
CUST-107323,499.0,5988.0,0.2259,Low Risk
CUST-104518,126.65,1519.8,0.0993,Low Risk
CUST-100300,126.65,1519.8,0.1201,Low Risk
CUST-101742,126.65,1519.8,0.1164,Low Risk
CUST-106301,126.65,1519.8,0.0784,Low Risk
CUST-103318,1019.15,12229.8,0.0614,Low Risk
CUST-111923,49.0,588.0,0.6222,Medium Risk
CUST-106657,424.15,5089.8,0.0626,Low Risk
CUST-104154,49.0,588.0,0.6744,High Risk
CUST-106959,149.0,1788.0,0.2544,Low Risk
CUST-110576,424.15,5089.8,0.1001,Low Risk
CUST-111627,424.15,5089.8,0.0511,Low Risk
CUST-112196,41.65,499.8,0.2193,Low Risk
CUST-102156,49.0,588.0,0.8128,High Risk
CUST-104412,1019.15,12229.8,0.0705,Low Risk
CUST-110326,49.0,588.0,0.6733,High Risk
CUST-100891,41.65,499.8,0.1936,Low Risk
CUST-103989,149.0,1788.0,0.4715,Medium Risk
CUST-102502,49.0,588.0,0.6324,Medium Risk
CUST-112192,49.0,588.0,0.6778,High Risk
CUST-109823,149.0,1788.0,0.7384,High Risk
CUST-109644,1199.0,14388.0,0.2671,Low Risk
CUST-109791,1199.0,14388.0,0.2265,Low Risk
CUST-106004,424.15,5089.8,0.0582,Low Risk
CUST-110887,41.65,499.8,0.1468,Low Risk
CUST-109353,49.0,588.0,0.8091,High Risk
CUST-102944,49.0,588.0,0.6164,Medium Risk
CUST-111673,499.0,5988.0,0.1884,Low Risk
CUST-112360,424.15,5089.8,0.0586,Low Risk
CUST-105249,1199.0,14388.0,0.1826,Low Risk
CUST-102016,49.0,588.0,0.6172,Medium Risk
CUST-102565,1019.15,12229.8,0.0629,Low Risk
CUST-100039,126.65,1519.8,0.1901,Low Risk
CUST-103508,41.65,499.8,0.1966,Low Risk
CUST-106616,149.0,1788.0,0.6412,Medium Risk
CUST-102985,49.0,588.0,0.6425,Medium Risk
CUST-104643,424.15,5089.8,0.0968,Low Risk
CUST-109902,499.0,5988.0,0.111,Low Risk
CUST-110754,424.15,5089.8,0.0707,Low Risk
CUST-110669,41.65,499.8,0.1546,Low Risk
CUST-102689,126.65,1519.8,0.1276,Low Risk
CUST-103980,1019.15,12229.8,0.0885,Low Risk
CUST-107743,49.0,588.0,0.6124,Medium Risk
CUST-105075,126.65,1519.8,0.1099,Low Risk
CUST-102335,149.0,1788.0,0.6947,High Risk
CUST-101921,424.15,5089.8,0.1063,Low Risk
CUST-101050,499.0,5988.0,0.1868,Low Risk
CUST-111974,49.0,588.0,0.8014,High Risk
CUST-108072,126.65,1519.8,0.11,Low Risk
CUST-100804,41.65,499.8,0.172,Low Risk
CUST-110306,149.0,1788.0,0.6791,High Risk
CUST-100551,41.65,499.8,0.117,Low Risk
CUST-102381,149.0,1788.0,0.3073,Low Risk
CUST-110445,126.65,1519.8,0.1325,Low Risk
CUST-105281,424.15,5089.8,0.0974,Low Risk
CUST-103778,49.0,588.0,0.7434,High Risk
CUST-106152,424.15,5089.8,0.0706,Low Risk
CUST-106974,49.0,588.0,0.7138,High Risk
CUST-100445,41.65,499.8,0.2001,Low Risk
CUST-106550,126.65,1519.8,0.1735,Low Risk
CUST-105496,424.15,5089.8,0.071,Low Risk
CUST-100938,149.0,1788.0,0.5486,Medium Risk
CUST-102070,149.0,1788.0,0.7818,High Risk
CUST-106838,49.0,588.0,0.6255,Medium Risk
CUST-101808,149.0,1788.0,0.5038,Medium Risk
CUST-101507,149.0,1788.0,0.6816,High Risk
CUST-107725,126.65,1519.8,0.1626,Low Risk
CUST-111713,41.65,499.8,0.2163,Low Risk
CUST-106975,149.0,1788.0,0.6794,High Risk
CUST-107418,424.15,5089.8,0.0691,Low Risk
CUST-110785,49.0,588.0,0.617,Medium Risk
CUST-102816,49.0,588.0,0.7141,High Risk
CUST-105946,49.0,588.0,0.732,High Risk
CUST-107401,424.15,5089.8,0.0767,Low Risk
CUST-101720,499.0,5988.0,0.194,Low Risk
CUST-111723,49.0,588.0,0.6138,Medium Risk
CUST-104485,41.65,499.8,0.0956,Low Risk
CUST-108505,49.0,588.0,0.7241,High Risk
CUST-104887,149.0,1788.0,0.7226,High Risk
CUST-100041,149.0,1788.0,0.4808,Medium Risk
CUST-107948,49.0,588.0,0.8508,High Risk
CUST-101158,41.65,499.8,0.1795,Low Risk
CUST-104547,126.65,1519.8,0.1449,Low Risk
CUST-107874,41.65,499.8,0.1464,Low Risk
CUST-100091,126.65,1519.8,0.13,Low Risk
CUST-105307,499.0,5988.0,0.2125,Low Risk
CUST-107103,126.65,1519.8,0.1254,Low Risk
CUST-108596,424.15,5089.8,0.0765,Low Risk
CUST-107488,41.65,499.8,0.1635,Low Risk
CUST-105548,149.0,1788.0,0.2731,Low Risk
CUST-111469,41.65,499.8,0.1514,Low Risk
CUST-110043,49.0,588.0,0.9059,High Risk
CUST-106958,424.15,5089.8,0.0786,Low Risk
CUST-108323,49.0,588.0,0.6611,High Risk
CUST-110097,126.65,1519.8,0.1039,Low Risk
CUST-106117,49.0,588.0,0.631,Medium Risk
CUST-101117,49.0,588.0,0.6277,Medium Risk
CUST-109691,424.15,5089.8,0.0885,Low Risk
CUST-104370,41.65,499.8,0.2057,Low Risk
CUST-101280,149.0,1788.0,0.198,Low Risk
CUST-111530,126.65,1519.8,0.1281,Low Risk
CUST-100252,49.0,588.0,0.7672,High Risk
CUST-111859,424.15,5089.8,0.0592,Low Risk
CUST-100708,126.65,1519.8,0.114,Low Risk
CUST-100869,49.0,588.0,0.737,High Risk
CUST-112342,41.65,499.8,0.1525,Low Risk
CUST-100594,499.0,5988.0,0.1646,Low Risk
CUST-109817,126.65,1519.8,0.1368,Low Risk
CUST-105741,41.65,499.8,0.1723,Low Risk
CUST-109821,41.65,499.8,0.1468,Low Risk
CUST-104797,49.0,588.0,0.5861,Medium Risk
CUST-108232,126.65,1519.8,0.0748,Low Risk
CUST-105065,1019.15,12229.8,0.0864,Low Risk
CUST-108978,149.0,1788.0,0.2696,Low Risk
CUST-109990,41.65,499.8,0.1745,Low Risk
CUST-103190,126.65,1519.8,0.126,Low Risk
CUST-103313,1199.0,14388.0,0.2355,Low Risk
CUST-105162,126.65,1519.8,0.1646,Low Risk
CUST-110597,424.15,5089.8,0.0762,Low Risk
CUST-103339,49.0,588.0,0.5716,Medium Risk
CUST-102118,499.0,5988.0,0.1881,Low Risk
CUST-112169,126.65,1519.8,0.0926,Low Risk
CUST-110310,149.0,1788.0,0.2037,Low Risk
CUST-110051,41.65,499.8,0.2578,Low Risk
CUST-108414,149.0,1788.0,0.5705,Medium Risk
CUST-110083,149.0,1788.0,0.2682,Low Risk
CUST-107977,49.0,588.0,0.8087,High Risk
CUST-112038,49.0,588.0,0.7004,High Risk
CUST-111397,41.65,499.8,0.2013,Low Risk
CUST-107197,49.0,588.0,0.6088,Medium Risk
CUST-106789,41.65,499.8,0.2208,Low Risk
CUST-106845,126.65,1519.8,0.0983,Low Risk
CUST-110140,1199.0,14388.0,0.1733,Low Risk
CUST-105156,126.65,1519.8,0.1525,Low Risk
CUST-111890,126.65,1519.8,0.1201,Low Risk
CUST-101726,49.0,588.0,0.7361,High Risk
CUST-111074,424.15,5089.8,0.091,Low Risk
CUST-100060,49.0,588.0,0.6624,High Risk
CUST-104368,499.0,5988.0,0.1497,Low Risk
CUST-104407,424.15,5089.8,0.0897,Low Risk
CUST-110259,49.0,588.0,0.5806,Medium Risk
CUST-109845,149.0,1788.0,0.5128,Medium Risk
CUST-108528,1019.15,12229.8,0.0536,Low Risk
CUST-107658,49.0,588.0,0.6686,High Risk
CUST-103071,41.65,499.8,0.153,Low Risk
CUST-110746,424.15,5089.8,0.0518,Low Risk
CUST-107465,424.15,5089.8,0.0782,Low Risk
CUST-112362,49.0,588.0,0.6555,High Risk
CUST-103161,49.0,588.0,0.7984,High Risk
CUST-100928,49.0,588.0,0.6064,Medium Risk
CUST-107902,424.15,5089.8,0.0777,Low Risk
CUST-103124,126.65,1519.8,0.1012,Low Risk
CUST-102629,49.0,588.0,0.7915,High Risk
CUST-107255,49.0,588.0,0.763,High Risk
CUST-108729,41.65,499.8,0.2043,Low Risk
CUST-101997,149.0,1788.0,0.4597,Medium Risk
CUST-105088,126.65,1519.8,0.0974,Low Risk
CUST-105261,1019.15,12229.8,0.0746,Low Risk
CUST-101968,149.0,1788.0,0.7285,High Risk
CUST-102834,49.0,588.0,0.5849,Medium Risk
CUST-110399,424.15,5089.8,0.0464,Low Risk
CUST-111461,149.0,1788.0,0.2452,Low Risk
CUST-105319,41.65,499.8,0.164,Low Risk
CUST-106747,424.15,5089.8,0.0714,Low Risk
CUST-109063,149.0,1788.0,0.7741,High Risk
CUST-111356,41.65,499.8,0.2343,Low Risk
CUST-108210,49.0,588.0,0.7714,High Risk
CUST-111554,49.0,588.0,0.8474,High Risk
CUST-103407,41.65,499.8,0.2235,Low Risk
CUST-111354,424.15,5089.8,0.0807,Low Risk
CUST-106441,424.15,5089.8,0.0898,Low Risk
CUST-110356,41.65,499.8,0.1319,Low Risk
CUST-108814,126.65,1519.8,0.1747,Low Risk
CUST-111027,499.0,5988.0,0.1566,Low Risk
CUST-105797,1019.15,12229.8,0.043,Low Risk
CUST-102933,424.15,5089.8,0.0715,Low Risk
CUST-102467,1019.15,12229.8,0.0699,Low Risk
CUST-106907,424.15,5089.8,0.0508,Low Risk
CUST-100416,149.0,1788.0,0.6814,High Risk
CUST-102642,49.0,588.0,0.6619,High Risk
CUST-107607,424.15,5089.8,0.0688,Low Risk
CUST-112130,424.15,5089.8,0.077,Low Risk
CUST-100327,1019.15,12229.8,0.0613,Low Risk
CUST-102089,41.65,499.8,0.1042,Low Risk
CUST-112173,499.0,5988.0,0.1556,Low Risk
CUST-104784,126.65,1519.8,0.1468,Low Risk
CUST-107817,1199.0,14388.0,0.2011,Low Risk
CUST-101065,49.0,588.0,0.7798,High Risk
CUST-104559,1019.15,12229.8,0.0937,Low Risk
CUST-112492,149.0,1788.0,0.5713,Medium Risk
CUST-100332,49.0,588.0,0.6558,High Risk
CUST-101423,49.0,588.0,0.8205,High Risk
CUST-109597,126.65,1519.8,0.1009,Low Risk
CUST-105592,1019.15,12229.8,0.0555,Low Risk
CUST-103676,126.65,1519.8,0.0989,Low Risk
CUST-112037,126.65,1519.8,0.1163,Low Risk
CUST-110889,126.65,1519.8,0.1446,Low Risk
CUST-111610,49.0,588.0,0.6278,Medium Risk
CUST-109753,126.65,1519.8,0.1105,Low Risk
CUST-105305,126.65,1519.8,0.1469,Low Risk
CUST-105812,424.15,5089.8,0.0768,Low Risk
CUST-110469,126.65,1519.8,0.1405,Low Risk
CUST-105191,1199.0,14388.0,0.1948,Low Risk
CUST-107466,49.0,588.0,0.7918,High Risk
CUST-109061,126.65,1519.8,0.14,Low Risk
CUST-106799,49.0,588.0,0.5727,Medium Risk
CUST-111001,424.15,5089.8,0.097,Low Risk
CUST-101663,149.0,1788.0,0.759,High Risk
CUST-102058,424.15,5089.8,0.0781,Low Risk
CUST-104523,424.15,5089.8,0.0594,Low Risk
CUST-106456,41.65,499.8,0.193,Low Risk
CUST-103412,1019.15,12229.8,0.0717,Low Risk
CUST-111919,41.65,499.8,0.1877,Low Risk
CUST-107589,424.15,5089.8,0.0615,Low Risk
CUST-109456,126.65,1519.8,0.1253,Low Risk
CUST-105676,149.0,1788.0,0.4555,Medium Risk
CUST-112363,49.0,588.0,0.7324,High Risk
CUST-104185,424.15,5089.8,0.0608,Low Risk
CUST-110151,424.15,5089.8,0.0914,Low Risk
CUST-111872,499.0,5988.0,0.1704,Low Risk
CUST-104597,41.65,499.8,0.1631,Low Risk
CUST-108763,424.15,5089.8,0.0491,Low Risk
CUST-111259,41.65,499.8,0.1635,Low Risk
CUST-105047,149.0,1788.0,0.3069,Low Risk
CUST-100839,41.65,499.8,0.1102,Low Risk
CUST-106668,126.65,1519.8,0.1348,Low Risk
CUST-100264,49.0,588.0,0.6525,High Risk
CUST-104433,41.65,499.8,0.1451,Low Risk
CUST-110064,149.0,1788.0,0.6964,High Risk
CUST-101671,499.0,5988.0,0.1856,Low Risk
CUST-111036,424.15,5089.8,0.0842,Low Risk
CUST-111728,1199.0,14388.0,0.1194,Low Risk
CUST-101199,1019.15,12229.8,0.0626,Low Risk
CUST-110634,424.15,5089.8,0.0778,Low Risk
CUST-110514,499.0,5988.0,0.1994,Low Risk
CUST-106145,41.65,499.8,0.2065,Low Risk
CUST-101637,41.65,499.8,0.1476,Low Risk
CUST-105490,126.65,1519.8,0.094,Low Risk
CUST-112476,424.15,5089.8,0.0742,Low Risk
CUST-109728,149.0,1788.0,0.2587,Low Risk
CUST-109003,424.15,5089.8,0.0601,Low Risk
CUST-104282,49.0,588.0,0.8153,High Risk
CUST-106621,126.65,1519.8,0.0901,Low Risk
CUST-107188,424.15,5089.8,0.0674,Low Risk
CUST-102342,126.65,1519.8,0.0923,Low Risk
CUST-104373,424.15,5089.8,0.0972,Low Risk
CUST-107322,424.15,5089.8,0.0873,Low Risk
CUST-109070,1019.15,12229.8,0.064,Low Risk
CUST-109952,149.0,1788.0,0.3622,Medium Risk
CUST-105817,49.0,588.0,0.6947,High Risk
CUST-105465,49.0,588.0,0.6788,High Risk
CUST-107722,149.0,1788.0,0.2989,Low Risk
CUST-104774,41.65,499.8,0.1688,Low Risk
CUST-110042,49.0,588.0,0.7671,High Risk
CUST-102640,41.65,499.8,0.1707,Low Risk
CUST-105217,499.0,5988.0,0.187,Low Risk
CUST-104127,149.0,1788.0,0.5451,Medium Risk
CUST-101456,1019.15,12229.8,0.0702,Low Risk
CUST-107850,126.65,1519.8,0.1622,Low Risk
CUST-110067,126.65,1519.8,0.1554,Low Risk
CUST-105508,149.0,1788.0,0.6988,High Risk
CUST-101717,424.15,5089.8,0.0982,Low Risk
CUST-101780,424.15,5089.8,0.0848,Low Risk
CUST-104534,126.65,1519.8,0.1163,Low Risk
CUST-105831,126.65,1519.8,0.1461,Low Risk
CUST-104487,499.0,5988.0,0.2155,Low Risk
CUST-105746,424.15,5089.8,0.0674,Low Risk
CUST-104935,149.0,1788.0,0.7584,High Risk
CUST-103381,41.65,499.8,0.179,Low Risk
CUST-101092,41.65,499.8,0.2012,Low Risk
CUST-111930,149.0,1788.0,0.5829,Medium Risk
CUST-107893,424.15,5089.8,0.0942,Low Risk
CUST-102241,149.0,1788.0,0.5948,Medium Risk
CUST-102033,126.65,1519.8,0.1736,Low Risk
CUST-106245,49.0,588.0,0.6858,High Risk
CUST-105673,499.0,5988.0,0.1879,Low Risk
CUST-107503,1019.15,12229.8,0.0753,Low Risk
CUST-103429,149.0,1788.0,0.492,Medium Risk
CUST-103151,41.65,499.8,0.2161,Low Risk
CUST-107220,41.65,499.8,0.1635,Low Risk
CUST-104129,1019.15,12229.8,0.0524,Low Risk
CUST-108638,499.0,5988.0,0.1619,Low Risk
CUST-109134,499.0,5988.0,0.2635,Low Risk
CUST-101051,41.65,499.8,0.138,Low Risk
CUST-111803,499.0,5988.0,0.1218,Low Risk
CUST-105984,41.65,499.8,0.1853,Low Risk
CUST-101422,41.65,499.8,0.1937,Low Risk
CUST-109784,126.65,1519.8,0.1232,Low Risk
CUST-104793,149.0,1788.0,0.4334,Medium Risk
CUST-108106,499.0,5988.0,0.1605,Low Risk
CUST-104532,126.65,1519.8,0.1245,Low Risk
CUST-100397,149.0,1788.0,0.2211,Low Risk
CUST-112178,424.15,5089.8,0.0821,Low Risk
CUST-104086,126.65,1519.8,0.1248,Low Risk
CUST-107895,41.65,499.8,0.2078,Low Risk
CUST-104130,126.65,1519.8,0.1042,Low Risk
CUST-107833,49.0,588.0,0.5536,Medium Risk
CUST-103746,149.0,1788.0,0.5801,Medium Risk
CUST-108142,126.65,1519.8,0.1031,Low Risk
CUST-111304,499.0,5988.0,0.1647,Low Risk
CUST-108577,499.0,5988.0,0.221,Low Risk
CUST-104823,49.0,588.0,0.6764,High Risk
CUST-105506,49.0,588.0,0.6071,Medium Risk
CUST-106860,424.15,5089.8,0.0615,Low Risk
CUST-105187,424.15,5089.8,0.0819,Low Risk
CUST-100380,41.65,499.8,0.2152,Low Risk
CUST-103395,41.65,499.8,0.243,Low Risk
CUST-100882,149.0,1788.0,0.5258,Medium Risk
CUST-105871,149.0,1788.0,0.6025,Medium Risk
CUST-101561,41.65,499.8,0.1136,Low Risk
CUST-106754,126.65,1519.8,0.1639,Low Risk
CUST-103744,126.65,1519.8,0.1319,Low Risk
CUST-101766,49.0,588.0,0.6968,High Risk
CUST-103218,41.65,499.8,0.1404,Low Risk
CUST-110409,41.65,499.8,0.1092,Low Risk
CUST-110247,424.15,5089.8,0.0937,Low Risk
CUST-112194,49.0,588.0,0.623,Medium Risk
CUST-102083,499.0,5988.0,0.2354,Low Risk
CUST-100876,149.0,1788.0,0.2645,Low Risk
CUST-103352,1019.15,12229.8,0.1038,Low Risk
CUST-110311,41.65,499.8,0.1893,Low Risk
CUST-105872,149.0,1788.0,0.293,Low Risk
CUST-100870,126.65,1519.8,0.1093,Low Risk
CUST-110886,424.15,5089.8,0.0701,Low Risk
CUST-103062,49.0,588.0,0.6392,Medium Risk
CUST-109653,149.0,1788.0,0.6902,High Risk
CUST-104486,149.0,1788.0,0.5474,Medium Risk
CUST-112379,424.15,5089.8,0.0673,Low Risk
CUST-110911,149.0,1788.0,0.2373,Low Risk
CUST-105190,41.65,499.8,0.1034,Low Risk
CUST-111336,424.15,5089.8,0.0797,Low Risk
CUST-109127,49.0,588.0,0.8472,High Risk
CUST-110516,424.15,5089.8,0.0984,Low Risk
CUST-108304,149.0,1788.0,0.2479,Low Risk
CUST-109025,41.65,499.8,0.1405,Low Risk
CUST-109578,41.65,499.8,0.1355,Low Risk
CUST-104588,41.65,499.8,0.1297,Low Risk
CUST-109217,49.0,588.0,0.6578,High Risk
CUST-101826,149.0,1788.0,0.4984,Medium Risk
CUST-112394,49.0,588.0,0.5888,Medium Risk
CUST-102976,41.65,499.8,0.2454,Low Risk
CUST-102792,424.15,5089.8,0.0714,Low Risk
CUST-112487,424.15,5089.8,0.0916,Low Risk
CUST-101694,126.65,1519.8,0.1149,Low Risk
CUST-109120,126.65,1519.8,0.1189,Low Risk
CUST-105071,149.0,1788.0,0.8245,High Risk
CUST-107890,49.0,588.0,0.5412,Medium Risk
CUST-110256,149.0,1788.0,0.5379,Medium Risk
CUST-111421,424.15,5089.8,0.0421,Low Risk
CUST-110904,424.15,5089.8,0.0661,Low Risk
CUST-110712,49.0,588.0,0.6266,Medium Risk
CUST-100840,149.0,1788.0,0.7067,High Risk
CUST-111157,149.0,1788.0,0.7126,High Risk
CUST-106104,126.65,1519.8,0.1446,Low Risk
CUST-109213,126.65,1519.8,0.1267,Low Risk
CUST-110237,126.65,1519.8,0.1186,Low Risk
CUST-104083,126.65,1519.8,0.1462,Low Risk
CUST-107017,1019.15,12229.8,0.08,Low Risk
CUST-103670,41.65,499.8,0.1784,Low Risk
CUST-110020,126.65,1519.8,0.158,Low Risk
CUST-103638,424.15,5089.8,0.0755,Low Risk
CUST-103760,41.65,499.8,0.1912,Low Risk
CUST-109915,41.65,499.8,0.1324,Low Risk
CUST-101925,1019.15,12229.8,0.0795,Low Risk
CUST-111493,126.65,1519.8,0.0971,Low Risk
CUST-108087,49.0,588.0,0.7591,High Risk
CUST-112498,126.65,1519.8,0.1242,Low Risk
CUST-102278,126.65,1519.8,0.1433,Low Risk
CUST-107947,49.0,588.0,0.759,High Risk
CUST-101973,126.65,1519.8,0.1026,Low Risk
CUST-110572,126.65,1519.8,0.1823,Low Risk
CUST-104027,126.65,1519.8,0.1311,Low Risk
CUST-106155,499.0,5988.0,0.156,Low Risk
CUST-108517,49.0,588.0,0.7303,High Risk
CUST-110213,499.0,5988.0,0.1657,Low Risk
CUST-106978,499.0,5988.0,0.1316,Low Risk
CUST-103844,424.15,5089.8,0.0751,Low Risk
CUST-107654,424.15,5089.8,0.0885,Low Risk
CUST-108091,49.0,588.0,0.7519,High Risk
CUST-111985,49.0,588.0,0.7049,High Risk
CUST-109649,126.65,1519.8,0.1787,Low Risk
CUST-105254,41.65,499.8,0.1665,Low Risk
CUST-105540,126.65,1519.8,0.1028,Low Risk
CUST-108554,49.0,588.0,0.6578,High Risk
CUST-103947,49.0,588.0,0.6722,High Risk
CUST-110396,126.65,1519.8,0.1202,Low Risk
CUST-105420,49.0,588.0,0.815,High Risk
CUST-111579,149.0,1788.0,0.7742,High Risk
CUST-105064,424.15,5089.8,0.0843,Low Risk
CUST-105739,49.0,588.0,0.6975,High Risk
CUST-105638,41.65,499.8,0.155,Low Risk
CUST-111761,41.65,499.8,0.1989,Low Risk
CUST-101834,499.0,5988.0,0.1801,Low Risk
CUST-105929,49.0,588.0,0.8482,High Risk
CUST-104723,49.0,588.0,0.5884,Medium Risk
CUST-106287,41.65,499.8,0.1592,Low Risk
CUST-110954,424.15,5089.8,0.0653,Low Risk
CUST-108630,499.0,5988.0,0.2335,Low Risk
CUST-102574,424.15,5089.8,0.0772,Low Risk
CUST-105365,499.0,5988.0,0.1763,Low Risk
CUST-112053,149.0,1788.0,0.4358,Medium Risk
CUST-100518,49.0,588.0,0.8134,High Risk
CUST-100376,1199.0,14388.0,0.1433,Low Risk
CUST-103610,49.0,588.0,0.6032,Medium Risk
CUST-107271,49.0,588.0,0.7823,High Risk
CUST-110411,149.0,1788.0,0.6715,High Risk
CUST-107974,424.15,5089.8,0.0922,Low Risk
CUST-106869,49.0,588.0,0.5793,Medium Risk
CUST-105607,149.0,1788.0,0.3458,Low Risk
CUST-100236,126.65,1519.8,0.1298,Low Risk
CUST-105007,41.65,499.8,0.1661,Low Risk
CUST-101484,49.0,588.0,0.5509,Medium Risk
CUST-105557,126.65,1519.8,0.1796,Low Risk
CUST-104660,49.0,588.0,0.7514,High Risk
CUST-112388,41.65,499.8,0.2203,Low Risk
CUST-107464,49.0,588.0,0.6349,Medium Risk
CUST-103408,49.0,588.0,0.7158,High Risk
CUST-100849,1019.15,12229.8,0.09,Low Risk
CUST-111614,149.0,1788.0,0.5279,Medium Risk
CUST-105950,424.15,5089.8,0.0778,Low Risk
CUST-101366,149.0,1788.0,0.6871,High Risk
CUST-103917,41.65,499.8,0.2169,Low Risk
CUST-106968,41.65,499.8,0.1577,Low Risk
CUST-109375,424.15,5089.8,0.0927,Low Risk
CUST-109960,149.0,1788.0,0.5254,Medium Risk
CUST-103739,126.65,1519.8,0.1357,Low Risk
CUST-103278,1019.15,12229.8,0.0575,Low Risk
CUST-101522,1019.15,12229.8,0.08,Low Risk
CUST-104395,126.65,1519.8,0.0945,Low Risk
CUST-107171,49.0,588.0,0.696,High Risk
CUST-105857,499.0,5988.0,0.188,Low Risk
CUST-105384,149.0,1788.0,0.6238,Medium Risk
CUST-112044,41.65,499.8,0.2255,Low Risk
CUST-100751,126.65,1519.8,0.1754,Low Risk
CUST-101556,1199.0,14388.0,0.1722,Low Risk
CUST-101898,41.65,499.8,0.1169,Low Risk
CUST-111384,424.15,5089.8,0.0921,Low Risk
CUST-102862,49.0,588.0,0.8218,High Risk
CUST-101635,149.0,1788.0,0.6297,Medium Risk
CUST-100820,126.65,1519.8,0.1353,Low Risk
CUST-112025,126.65,1519.8,0.1398,Low Risk
CUST-108521,41.65,499.8,0.1975,Low Risk
CUST-108933,424.15,5089.8,0.0702,Low Risk
CUST-103787,41.65,499.8,0.1478,Low Risk
CUST-104192,149.0,1788.0,0.2844,Low Risk
CUST-110398,149.0,1788.0,0.4403,Medium Risk
CUST-110191,499.0,5988.0,0.2323,Low Risk
CUST-110749,41.65,499.8,0.1824,Low Risk
CUST-101809,424.15,5089.8,0.0637,Low Risk
CUST-100208,49.0,588.0,0.8596,High Risk
CUST-103402,1199.0,14388.0,0.1516,Low Risk
CUST-111166,149.0,1788.0,0.6651,High Risk
CUST-106713,1019.15,12229.8,0.0798,Low Risk
CUST-103304,1199.0,14388.0,0.1504,Low Risk
CUST-103272,49.0,588.0,0.7459,High Risk
CUST-108154,424.15,5089.8,0.0997,Low Risk
CUST-106862,49.0,588.0,0.6938,High Risk
CUST-102247,49.0,588.0,0.5392,Medium Risk
CUST-104423,1199.0,14388.0,0.1833,Low Risk
CUST-109119,424.15,5089.8,0.0703,Low Risk
CUST-109071,149.0,1788.0,0.4801,Medium Risk
CUST-107772,424.15,5089.8,0.0724,Low Risk
CUST-104140,149.0,1788.0,0.4955,Medium Risk
CUST-112168,49.0,588.0,0.8882,High Risk
CUST-108490,41.65,499.8,0.1269,Low Risk
CUST-101897,41.65,499.8,0.1281,Low Risk
CUST-100323,424.15,5089.8,0.0691,Low Risk
CUST-100785,49.0,588.0,0.5255,Medium Risk
CUST-104190,49.0,588.0,0.8208,High Risk
CUST-100612,424.15,5089.8,0.0618,Low Risk
CUST-110578,424.15,5089.8,0.0652,Low Risk
CUST-102768,49.0,588.0,0.7771,High Risk
CUST-108267,424.15,5089.8,0.0814,Low Risk
CUST-108718,49.0,588.0,0.7769,High Risk
CUST-110827,41.65,499.8,0.1826,Low Risk
CUST-102149,1199.0,14388.0,0.1905,Low Risk
CUST-108969,149.0,1788.0,0.2259,Low Risk
CUST-103087,424.15,5089.8,0.0776,Low Risk
CUST-111672,149.0,1788.0,0.8613,High Risk
CUST-102192,499.0,5988.0,0.2485,Low Risk
CUST-111428,499.0,5988.0,0.2279,Low Risk
CUST-107469,126.65,1519.8,0.1127,Low Risk
CUST-104885,424.15,5089.8,0.0477,Low Risk
CUST-109685,149.0,1788.0,0.5855,Medium Risk
CUST-102736,41.65,499.8,0.1387,Low Risk
CUST-105015,499.0,5988.0,0.1413,Low Risk
CUST-108246,126.65,1519.8,0.141,Low Risk
CUST-101682,49.0,588.0,0.8881,High Risk
CUST-105113,499.0,5988.0,0.1789,Low Risk
CUST-105641,41.65,499.8,0.1555,Low Risk
CUST-103707,1019.15,12229.8,0.0667,Low Risk
CUST-104076,1019.15,12229.8,0.0765,Low Risk
CUST-111342,41.65,499.8,0.1726,Low Risk
CUST-109953,499.0,5988.0,0.2174,Low Risk
CUST-110622,424.15,5089.8,0.0424,Low Risk
CUST-100076,1019.15,12229.8,0.0745,Low Risk
CUST-107029,1019.15,12229.8,0.0607,Low Risk
CUST-108475,149.0,1788.0,0.3161,Low Risk
CUST-109082,41.65,499.8,0.1553,Low Risk
CUST-111400,41.65,499.8,0.2225,Low Risk
CUST-103430,41.65,499.8,0.1725,Low Risk
CUST-100077,41.65,499.8,0.1114,Low Risk
CUST-100950,49.0,588.0,0.7219,High Risk
CUST-109309,1019.15,12229.8,0.1069,Low Risk
CUST-102954,126.65,1519.8,0.1614,Low Risk
CUST-112126,499.0,5988.0,0.2571,Low Risk
CUST-109314,126.65,1519.8,0.0999,Low Risk
CUST-106704,149.0,1788.0,0.5997,Medium Risk
CUST-105614,424.15,5089.8,0.0568,Low Risk
CUST-103281,424.15,5089.8,0.0996,Low Risk
CUST-102470,149.0,1788.0,0.5193,Medium Risk
CUST-100885,1019.15,12229.8,0.0734,Low Risk
CUST-106768,149.0,1788.0,0.88,High Risk
CUST-106253,424.15,5089.8,0.0805,Low Risk
CUST-111348,149.0,1788.0,0.7981,High Risk
CUST-109549,499.0,5988.0,0.1469,Low Risk
CUST-104817,499.0,5988.0,0.1948,Low Risk
CUST-104269,424.15,5089.8,0.1125,Low Risk
CUST-106089,424.15,5089.8,0.1015,Low Risk
CUST-105428,126.65,1519.8,0.133,Low Risk
CUST-106889,49.0,588.0,0.6185,Medium Risk
CUST-105031,424.15,5089.8,0.0754,Low Risk
CUST-109209,1199.0,14388.0,0.1633,Low Risk
CUST-109109,149.0,1788.0,0.5057,Medium Risk
CUST-105499,424.15,5089.8,0.102,Low Risk
CUST-102096,41.65,499.8,0.2333,Low Risk
CUST-109357,49.0,588.0,0.7953,High Risk
CUST-102967,126.65,1519.8,0.0976,Low Risk
CUST-111237,1199.0,14388.0,0.1862,Low Risk
CUST-104918,424.15,5089.8,0.0764,Low Risk
CUST-111267,41.65,499.8,0.2073,Low Risk
CUST-111247,126.65,1519.8,0.1026,Low Risk
CUST-111668,126.65,1519.8,0.0793,Low Risk
CUST-110193,49.0,588.0,0.7652,High Risk
CUST-110342,126.65,1519.8,0.1224,Low Risk
CUST-100930,49.0,588.0,0.7986,High Risk
CUST-111618,499.0,5988.0,0.183,Low Risk
CUST-102456,149.0,1788.0,0.2202,Low Risk
CUST-103086,126.65,1519.8,0.1514,Low Risk
CUST-104895,149.0,1788.0,0.2665,Low Risk
CUST-108644,49.0,588.0,0.6804,High Risk
CUST-104536,41.65,499.8,0.1782,Low Risk
CUST-105509,41.65,499.8,0.2238,Low Risk
CUST-101045,126.65,1519.8,0.1195,Low Risk
CUST-107892,126.65,1519.8,0.1176,Low Risk
CUST-106131,1019.15,12229.8,0.0567,Low Risk
CUST-108380,149.0,1788.0,0.6125,Medium Risk
CUST-100120,41.65,499.8,0.1055,Low Risk
CUST-106506,1019.15,12229.8,0.0811,Low Risk
CUST-103575,149.0,1788.0,0.6826,High Risk
CUST-109604,149.0,1788.0,0.8513,High Risk
CUST-106168,149.0,1788.0,0.3671,Medium Risk
CUST-104511,49.0,588.0,0.5372,Medium Risk
CUST-109611,49.0,588.0,0.5888,Medium Risk
CUST-109097,41.65,499.8,0.1821,Low Risk
CUST-106709,149.0,1788.0,0.5656,Medium Risk
CUST-104408,424.15,5089.8,0.0765,Low Risk
CUST-103688,424.15,5089.8,0.0388,Low Risk
CUST-102669,424.15,5089.8,0.0832,Low Risk
CUST-110666,126.65,1519.8,0.1044,Low Risk
CUST-110763,126.65,1519.8,0.1636,Low Risk
CUST-111260,1019.15,12229.8,0.1018,Low Risk
CUST-104237,126.65,1519.8,0.1566,Low Risk
CUST-105730,1019.15,12229.8,0.0808,Low Risk
CUST-102909,49.0,588.0,0.7126,High Risk
CUST-107308,49.0,588.0,0.6958,High Risk
CUST-110663,1019.15,12229.8,0.0725,Low Risk
CUST-108504,424.15,5089.8,0.0813,Low Risk
CUST-100500,1019.15,12229.8,0.0967,Low Risk
CUST-107605,126.65,1519.8,0.1479,Low Risk
CUST-110108,149.0,1788.0,0.7509,High Risk
CUST-111884,126.65,1519.8,0.0891,Low Risk
CUST-105904,126.65,1519.8,0.144,Low Risk
CUST-110182,1019.15,12229.8,0.0571,Low Risk
CUST-111850,424.15,5089.8,0.0612,Low Risk
CUST-100541,49.0,588.0,0.5662,Medium Risk
CUST-104087,41.65,499.8,0.1923,Low Risk
CUST-109745,126.65,1519.8,0.1727,Low Risk
CUST-103288,1019.15,12229.8,0.0702,Low Risk
CUST-111090,424.15,5089.8,0.0862,Low Risk
CUST-106609,41.65,499.8,0.1398,Low Risk
CUST-105097,1019.15,12229.8,0.0421,Low Risk
CUST-101075,149.0,1788.0,0.2824,Low Risk
CUST-109884,41.65,499.8,0.204,Low Risk
CUST-109945,126.65,1519.8,0.1331,Low Risk
CUST-108732,424.15,5089.8,0.0907,Low Risk
CUST-110557,49.0,588.0,0.5817,Medium Risk
CUST-108462,149.0,1788.0,0.3419,Low Risk
CUST-107937,126.65,1519.8,0.1007,Low Risk
CUST-106671,424.15,5089.8,0.0969,Low Risk
CUST-111212,424.15,5089.8,0.1053,Low Risk
CUST-103079,149.0,1788.0,0.5904,Medium Risk
CUST-101462,149.0,1788.0,0.6214,Medium Risk
CUST-106828,1019.15,12229.8,0.1125,Low Risk
CUST-105257,424.15,5089.8,0.1148,Low Risk
CUST-110854,49.0,588.0,0.6602,High Risk
CUST-109772,1019.15,12229.8,0.0947,Low Risk
CUST-109573,126.65,1519.8,0.1284,Low Risk
CUST-105094,49.0,588.0,0.7734,High Risk
CUST-104965,126.65,1519.8,0.1193,Low Risk
CUST-105535,49.0,588.0,0.6037,Medium Risk
CUST-108895,126.65,1519.8,0.0875,Low Risk
CUST-107785,126.65,1519.8,0.1209,Low Risk
CUST-100807,49.0,588.0,0.6675,High Risk
CUST-110778,49.0,588.0,0.5997,Medium Risk
CUST-100635,499.0,5988.0,0.1724,Low Risk
CUST-106602,126.65,1519.8,0.1562,Low Risk
CUST-109976,126.65,1519.8,0.1726,Low Risk
CUST-107955,1019.15,12229.8,0.0821,Low Risk
CUST-101730,126.65,1519.8,0.1437,Low Risk
CUST-110006,41.65,499.8,0.1555,Low Risk
CUST-102428,149.0,1788.0,0.5986,Medium Risk
CUST-101843,149.0,1788.0,0.3,Low Risk
CUST-106874,41.65,499.8,0.1404,Low Risk
CUST-105343,126.65,1519.8,0.1075,Low Risk
CUST-112107,424.15,5089.8,0.0682,Low Risk
CUST-101097,41.65,499.8,0.2056,Low Risk
CUST-111816,1199.0,14388.0,0.1498,Low Risk
CUST-101283,1019.15,12229.8,0.0565,Low Risk
CUST-106936,49.0,588.0,0.7601,High Risk
CUST-108811,126.65,1519.8,0.103,Low Risk
CUST-103157,41.65,499.8,0.1325,Low Risk
CUST-102832,149.0,1788.0,0.7158,High Risk
CUST-101970,126.65,1519.8,0.0747,Low Risk
CUST-108467,49.0,588.0,0.6578,High Risk
CUST-106468,424.15,5089.8,0.0778,Low Risk
CUST-111519,49.0,588.0,0.5924,Medium Risk
CUST-106342,499.0,5988.0,0.2439,Low Risk
CUST-109530,149.0,1788.0,0.8179,High Risk
CUST-110149,149.0,1788.0,0.6877,High Risk
CUST-103706,49.0,588.0,0.5929,Medium Risk
CUST-111715,499.0,5988.0,0.1509,Low Risk
CUST-104313,49.0,588.0,0.6483,Medium Risk
CUST-109381,126.65,1519.8,0.1329,Low Risk
CUST-106052,126.65,1519.8,0.1433,Low Risk
CUST-106249,149.0,1788.0,0.3271,Low Risk
CUST-103029,499.0,5988.0,0.1882,Low Risk
CUST-106349,49.0,588.0,0.5541,Medium Risk
CUST-109556,424.15,5089.8,0.0743,Low Risk
CUST-107715,41.65,499.8,0.2445,Low Risk
CUST-101892,1199.0,14388.0,0.1372,Low Risk
CUST-101342,499.0,5988.0,0.1893,Low Risk
CUST-109492,126.65,1519.8,0.1239,Low Risk
CUST-102798,499.0,5988.0,0.202,Low Risk
CUST-100421,424.15,5089.8,0.0737,Low Risk
CUST-108694,126.65,1519.8,0.1312,Low Risk
CUST-101435,49.0,588.0,0.5874,Medium Risk
CUST-107005,49.0,588.0,0.7102,High Risk
CUST-105911,49.0,588.0,0.7959,High Risk
CUST-111560,424.15,5089.8,0.0397,Low Risk
CUST-108043,424.15,5089.8,0.0707,Low Risk
CUST-110607,424.15,5089.8,0.0603,Low Risk
CUST-104346,126.65,1519.8,0.119,Low Risk
CUST-103112,41.65,499.8,0.1739,Low Risk
CUST-105424,126.65,1519.8,0.1465,Low Risk
CUST-111500,41.65,499.8,0.2463,Low Risk
CUST-107113,149.0,1788.0,0.7142,High Risk
CUST-112219,49.0,588.0,0.564,Medium Risk
CUST-110252,424.15,5089.8,0.0911,Low Risk
CUST-110040,126.65,1519.8,0.1239,Low Risk
CUST-108820,424.15,5089.8,0.0818,Low Risk
CUST-106151,149.0,1788.0,0.5795,Medium Risk
CUST-110304,49.0,588.0,0.8354,High Risk
CUST-101715,149.0,1788.0,0.6882,High Risk
CUST-104278,424.15,5089.8,0.096,Low Risk
CUST-100547,49.0,588.0,0.6967,High Risk
CUST-112418,149.0,1788.0,0.5402,Medium Risk
CUST-107855,149.0,1788.0,0.4746,Medium Risk
CUST-105754,49.0,588.0,0.6633,High Risk
CUST-106204,424.15,5089.8,0.0598,Low Risk
CUST-106783,126.65,1519.8,0.1659,Low Risk
CUST-100788,41.65,499.8,0.2002,Low Risk
CUST-101770,49.0,588.0,0.7244,High Risk
CUST-104205,49.0,588.0,0.7205,High Risk
CUST-105742,49.0,588.0,0.7052,High Risk
CUST-103435,126.65,1519.8,0.1304,Low Risk
CUST-112101,41.65,499.8,0.1445,Low Risk
CUST-100186,424.15,5089.8,0.0797,Low Risk
CUST-105500,126.65,1519.8,0.1226,Low Risk
CUST-102750,126.65,1519.8,0.1426,Low Risk
CUST-112242,149.0,1788.0,0.8006,High Risk
CUST-101274,1019.15,12229.8,0.0672,Low Risk
CUST-111978,1019.15,12229.8,0.0805,Low Risk
CUST-102304,424.15,5089.8,0.0907,Low Risk
CUST-101705,499.0,5988.0,0.2247,Low Risk
CUST-103619,126.65,1519.8,0.109,Low Risk
CUST-106415,1199.0,14388.0,0.1752,Low Risk
CUST-102911,499.0,5988.0,0.1809,Low Risk
CUST-109918,41.65,499.8,0.1255,Low Risk
CUST-106199,49.0,588.0,0.6663,High Risk
CUST-102872,49.0,588.0,0.7379,High Risk
CUST-112493,49.0,588.0,0.7652,High Risk
CUST-105846,149.0,1788.0,0.5851,Medium Risk
CUST-111017,126.65,1519.8,0.0937,Low Risk
CUST-111843,1019.15,12229.8,0.0444,Low Risk
CUST-107157,49.0,588.0,0.5529,Medium Risk
CUST-102235,149.0,1788.0,0.236,Low Risk
CUST-101655,41.65,499.8,0.1818,Low Risk
CUST-109331,499.0,5988.0,0.1936,Low Risk
CUST-105978,41.65,499.8,0.1421,Low Risk
CUST-102320,49.0,588.0,0.8846,High Risk
CUST-111231,149.0,1788.0,0.4736,Medium Risk
CUST-109937,424.15,5089.8,0.0607,Low Risk
CUST-111546,149.0,1788.0,0.7148,High Risk
CUST-102137,424.15,5089.8,0.0815,Low Risk
CUST-103300,49.0,588.0,0.8619,High Risk
CUST-109147,49.0,588.0,0.7618,High Risk
CUST-101478,49.0,588.0,0.7138,High Risk
CUST-100621,126.65,1519.8,0.1778,Low Risk
CUST-108035,149.0,1788.0,0.5946,Medium Risk
CUST-105063,149.0,1788.0,0.6245,Medium Risk
CUST-108064,49.0,588.0,0.6042,Medium Risk
CUST-100462,499.0,5988.0,0.1927,Low Risk
CUST-105878,49.0,588.0,0.6432,Medium Risk
CUST-105210,424.15,5089.8,0.0625,Low Risk
CUST-112392,149.0,1788.0,0.4323,Medium Risk
CUST-111695,424.15,5089.8,0.0598,Low Risk
CUST-103813,49.0,588.0,0.6361,Medium Risk
CUST-105856,41.65,499.8,0.1645,Low Risk
CUST-110371,41.65,499.8,0.1513,Low Risk
CUST-107728,126.65,1519.8,0.1436,Low Risk
CUST-108989,126.65,1519.8,0.1264,Low Risk
CUST-111179,149.0,1788.0,0.6268,Medium Risk
CUST-109781,1019.15,12229.8,0.0755,Low Risk
CUST-102946,149.0,1788.0,0.2876,Low Risk
CUST-104430,499.0,5988.0,0.1943,Low Risk
CUST-108231,41.65,499.8,0.1602,Low Risk
CUST-105636,149.0,1788.0,0.7512,High Risk
CUST-105883,1199.0,14388.0,0.2053,Low Risk
CUST-112334,49.0,588.0,0.7778,High Risk
CUST-108614,49.0,588.0,0.8313,High Risk
CUST-109994,149.0,1788.0,0.5442,Medium Risk
CUST-109805,49.0,588.0,0.6876,High Risk
CUST-109002,499.0,5988.0,0.1092,Low Risk
CUST-111810,41.65,499.8,0.1746,Low Risk
CUST-111144,41.65,499.8,0.1712,Low Risk
CUST-109668,424.15,5089.8,0.0635,Low Risk
CUST-100567,49.0,588.0,0.6109,Medium Risk
CUST-107307,499.0,5988.0,0.2023,Low Risk
CUST-104585,424.15,5089.8,0.1138,Low Risk
CUST-103517,126.65,1519.8,0.1173,Low Risk
CUST-102831,126.65,1519.8,0.1283,Low Risk
CUST-109102,1019.15,12229.8,0.1167,Low Risk
CUST-108981,126.65,1519.8,0.1808,Low Risk
CUST-106471,149.0,1788.0,0.7911,High Risk
CUST-100699,1019.15,12229.8,0.0709,Low Risk
CUST-110216,149.0,1788.0,0.5838,Medium Risk
CUST-101506,126.65,1519.8,0.0679,Low Risk
CUST-103239,41.65,499.8,0.2406,Low Risk
CUST-101056,149.0,1788.0,0.7993,High Risk
CUST-100357,499.0,5988.0,0.2106,Low Risk
CUST-104240,41.65,499.8,0.1753,Low Risk
CUST-101376,424.15,5089.8,0.0612,Low Risk
CUST-100195,126.65,1519.8,0.1513,Low Risk
CUST-111372,41.65,499.8,0.2166,Low Risk
CUST-109497,126.65,1519.8,0.1091,Low Risk
CUST-107408,49.0,588.0,0.6845,High Risk
CUST-111608,1019.15,12229.8,0.0568,Low Risk
CUST-111750,49.0,588.0,0.6138,Medium Risk
CUST-104896,424.15,5089.8,0.0893,Low Risk
CUST-108412,499.0,5988.0,0.1175,Low Risk
CUST-106492,149.0,1788.0,0.51,Medium Risk
CUST-109129,126.65,1519.8,0.122,Low Risk
CUST-110981,126.65,1519.8,0.0951,Low Risk
CUST-110959,49.0,588.0,0.5948,Medium Risk
CUST-100660,41.65,499.8,0.1989,Low Risk
CUST-104984,499.0,5988.0,0.18,Low Risk
CUST-101481,1019.15,12229.8,0.1096,Low Risk
CUST-112139,499.0,5988.0,0.2714,Low Risk
CUST-104341,424.15,5089.8,0.0561,Low Risk
CUST-107591,1199.0,14388.0,0.1951,Low Risk
CUST-105051,1019.15,12229.8,0.1039,Low Risk
CUST-105870,499.0,5988.0,0.1438,Low Risk
CUST-108780,41.65,499.8,0.1759,Low Risk
CUST-101978,49.0,588.0,0.7136,High Risk
CUST-110863,41.65,499.8,0.1903,Low Risk
CUST-101731,49.0,588.0,0.7726,High Risk
CUST-112075,149.0,1788.0,0.5674,Medium Risk
CUST-101785,49.0,588.0,0.7333,High Risk
CUST-109450,41.65,499.8,0.1321,Low Risk
CUST-103321,126.65,1519.8,0.1245,Low Risk
CUST-101223,149.0,1788.0,0.7443,High Risk
CUST-103827,149.0,1788.0,0.7637,High Risk
CUST-104455,424.15,5089.8,0.0815,Low Risk
CUST-107417,499.0,5988.0,0.199,Low Risk
CUST-105345,126.65,1519.8,0.1478,Low Risk
CUST-105161,126.65,1519.8,0.0828,Low Risk
CUST-104276,126.65,1519.8,0.0901,Low Risk
CUST-102141,149.0,1788.0,0.54,Medium Risk
CUST-110401,1019.15,12229.8,0.0973,Low Risk
CUST-102187,1019.15,12229.8,0.0706,Low Risk
CUST-106102,41.65,499.8,0.2296,Low Risk
CUST-108515,499.0,5988.0,0.2611,Low Risk
CUST-104584,149.0,1788.0,0.2752,Low Risk
CUST-102332,49.0,588.0,0.7446,High Risk
CUST-110521,1019.15,12229.8,0.0567,Low Risk
CUST-108680,49.0,588.0,0.8426,High Risk
CUST-108988,424.15,5089.8,0.1089,Low Risk
CUST-108872,149.0,1788.0,0.4884,Medium Risk
CUST-100391,49.0,588.0,0.6866,High Risk
CUST-111020,424.15,5089.8,0.1082,Low Risk
CUST-103201,1019.15,12229.8,0.1009,Low Risk
CUST-108083,41.65,499.8,0.1348,Low Risk
CUST-106033,149.0,1788.0,0.5441,Medium Risk
CUST-107600,49.0,588.0,0.7929,High Risk
CUST-109709,49.0,588.0,0.6795,High Risk
CUST-104979,49.0,588.0,0.6709,High Risk
CUST-104777,126.65,1519.8,0.0973,Low Risk
CUST-103287,1019.15,12229.8,0.0555,Low Risk
CUST-100130,424.15,5089.8,0.0558,Low Risk
CUST-111346,49.0,588.0,0.7648,High Risk
CUST-109176,49.0,588.0,0.8321,High Risk
CUST-105090,149.0,1788.0,0.5143,Medium Risk
CUST-107620,149.0,1788.0,0.6085,Medium Risk
CUST-111678,41.65,499.8,0.1589,Low Risk
CUST-109862,149.0,1788.0,0.63,Medium Risk
CUST-108450,149.0,1788.0,0.2381,Low Risk
CUST-108225,126.65,1519.8,0.1235,Low Risk
CUST-109004,1019.15,12229.8,0.0835,Low Risk
CUST-104444,149.0,1788.0,0.656,High Risk
CUST-105241,149.0,1788.0,0.5425,Medium Risk
CUST-106819,126.65,1519.8,0.1243,Low Risk
CUST-109398,1199.0,14388.0,0.1635,Low Risk
CUST-111694,49.0,588.0,0.7053,High Risk
CUST-110552,1019.15,12229.8,0.0963,Low Risk
CUST-106870,41.65,499.8,0.2034,Low Risk
CUST-107729,424.15,5089.8,0.0994,Low Risk
CUST-111251,149.0,1788.0,0.6227,Medium Risk
CUST-104006,149.0,1788.0,0.7457,High Risk
CUST-100721,149.0,1788.0,0.813,High Risk
CUST-111976,149.0,1788.0,0.2399,Low Risk
CUST-104179,126.65,1519.8,0.1218,Low Risk
CUST-102577,126.65,1519.8,0.1243,Low Risk
CUST-106024,149.0,1788.0,0.679,High Risk
CUST-105900,41.65,499.8,0.1318,Low Risk
CUST-108368,126.65,1519.8,0.1854,Low Risk
CUST-101262,126.65,1519.8,0.1073,Low Risk
CUST-104308,126.65,1519.8,0.1085,Low Risk
CUST-101046,424.15,5089.8,0.057,Low Risk
CUST-104456,149.0,1788.0,0.778,High Risk
CUST-107034,1019.15,12229.8,0.0751,Low Risk
CUST-105488,49.0,588.0,0.6367,Medium Risk
CUST-100480,1199.0,14388.0,0.2318,Low Risk
CUST-102079,41.65,499.8,0.1935,Low Risk
CUST-109136,149.0,1788.0,0.5674,Medium Risk
CUST-108133,49.0,588.0,0.5893,Medium Risk
CUST-102684,499.0,5988.0,0.2055,Low Risk
CUST-110826,424.15,5089.8,0.0682,Low Risk
CUST-100901,41.65,499.8,0.2248,Low Risk
CUST-112421,126.65,1519.8,0.1031,Low Risk
CUST-107118,126.65,1519.8,0.1577,Low Risk
CUST-110316,41.65,499.8,0.2216,Low Risk
CUST-104005,499.0,5988.0,0.2592,Low Risk
CUST-100948,49.0,588.0,0.7633,High Risk
CUST-103909,424.15,5089.8,0.0703,Low Risk
CUST-110567,49.0,588.0,0.7862,High Risk
CUST-101083,149.0,1788.0,0.5632,Medium Risk
CUST-103329,424.15,5089.8,0.0781,Low Risk
CUST-108377,126.65,1519.8,0.1305,Low Risk
CUST-111040,424.15,5089.8,0.1071,Low Risk
CUST-105077,49.0,588.0,0.6364,Medium Risk
CUST-102501,41.65,499.8,0.1655,Low Risk
CUST-111128,126.65,1519.8,0.0851,Low Risk
CUST-109137,149.0,1788.0,0.5603,Medium Risk
CUST-109792,424.15,5089.8,0.0744,Low Risk
CUST-109866,149.0,1788.0,0.2833,Low Risk
CUST-108209,126.65,1519.8,0.1007,Low Risk
CUST-100652,49.0,588.0,0.7462,High Risk
CUST-111122,424.15,5089.8,0.0781,Low Risk
CUST-100225,126.65,1519.8,0.1084,Low Risk
CUST-110478,49.0,588.0,0.5941,Medium Risk
CUST-100273,1019.15,12229.8,0.0706,Low Risk
CUST-110239,149.0,1788.0,0.738,High Risk
CUST-107717,126.65,1519.8,0.1462,Low Risk
CUST-110260,424.15,5089.8,0.0595,Low Risk
CUST-105986,49.0,588.0,0.6436,Medium Risk
CUST-106895,1199.0,14388.0,0.1787,Low Risk
CUST-106337,149.0,1788.0,0.3992,Medium Risk
CUST-105185,49.0,588.0,0.7265,High Risk
CUST-109467,499.0,5988.0,0.1645,Low Risk
CUST-100197,1019.15,12229.8,0.0436,Low Risk
CUST-108655,126.65,1519.8,0.1205,Low Risk
CUST-112252,1019.15,12229.8,0.0617,Low Risk
CUST-108185,49.0,588.0,0.8614,High Risk
CUST-101847,499.0,5988.0,0.2536,Low Risk
CUST-106322,49.0,588.0,0.7923,High Risk
CUST-110180,149.0,1788.0,0.5749,Medium Risk
CUST-109706,126.65,1519.8,0.1848,Low Risk
CUST-100894,49.0,588.0,0.7032,High Risk
CUST-104842,49.0,588.0,0.5489,Medium Risk
CUST-106418,126.65,1519.8,0.139,Low Risk
CUST-110361,1019.15,12229.8,0.1107,Low Risk
CUST-103366,149.0,1788.0,0.7181,High Risk
CUST-104942,41.65,499.8,0.225,Low Risk
CUST-100439,41.65,499.8,0.2017,Low Risk
CUST-110604,126.65,1519.8,0.1358,Low Risk
CUST-111559,424.15,5089.8,0.0661,Low Risk
CUST-112007,49.0,588.0,0.5587,Medium Risk
CUST-110126,49.0,588.0,0.8925,High Risk
CUST-109678,41.65,499.8,0.262,Low Risk
CUST-110406,424.15,5089.8,0.0992,Low Risk
CUST-111869,49.0,588.0,0.5749,Medium Risk
CUST-111256,1019.15,12229.8,0.0471,Low Risk
CUST-101420,149.0,1788.0,0.7256,High Risk
CUST-109788,126.65,1519.8,0.1464,Low Risk
CUST-107248,424.15,5089.8,0.0917,Low Risk
CUST-103490,149.0,1788.0,0.4678,Medium Risk
CUST-111984,424.15,5089.8,0.0755,Low Risk
CUST-102688,49.0,588.0,0.6877,High Risk
CUST-110874,41.65,499.8,0.16,Low Risk
CUST-112375,149.0,1788.0,0.5658,Medium Risk
CUST-106270,126.65,1519.8,0.1402,Low Risk
CUST-110119,126.65,1519.8,0.123,Low Risk
CUST-101690,424.15,5089.8,0.0965,Low Risk
CUST-101678,424.15,5089.8,0.0687,Low Risk
CUST-101463,49.0,588.0,0.7176,High Risk
CUST-103751,499.0,5988.0,0.1586,Low Risk
CUST-112244,49.0,588.0,0.6785,High Risk
CUST-112110,499.0,5988.0,0.147,Low Risk
CUST-108510,149.0,1788.0,0.4249,Medium Risk
CUST-109196,49.0,588.0,0.716,High Risk
CUST-103496,49.0,588.0,0.5764,Medium Risk
CUST-110940,41.65,499.8,0.0989,Low Risk
CUST-111051,424.15,5089.8,0.1155,Low Risk
CUST-106493,49.0,588.0,0.5951,Medium Risk
CUST-100848,41.65,499.8,0.2311,Low Risk
CUST-101350,49.0,588.0,0.6118,Medium Risk
CUST-111442,49.0,588.0,0.8231,High Risk
CUST-105905,126.65,1519.8,0.0813,Low Risk
CUST-101529,126.65,1519.8,0.1097,Low Risk
CUST-104489,41.65,499.8,0.1929,Low Risk
CUST-102604,49.0,588.0,0.8199,High Risk
CUST-103314,149.0,1788.0,0.5467,Medium Risk
CUST-107230,49.0,588.0,0.6117,Medium Risk
CUST-111214,49.0,588.0,0.7115,High Risk
CUST-102035,49.0,588.0,0.7482,High Risk
CUST-110480,49.0,588.0,0.7549,High Risk
CUST-101631,126.65,1519.8,0.1696,Low Risk
CUST-105631,149.0,1788.0,0.2814,Low Risk
CUST-107951,126.65,1519.8,0.1221,Low Risk
CUST-108967,424.15,5089.8,0.0657,Low Risk
CUST-104646,424.15,5089.8,0.0717,Low Risk
CUST-104399,424.15,5089.8,0.0484,Low Risk
CUST-108105,149.0,1788.0,0.1962,Low Risk
CUST-103568,424.15,5089.8,0.0683,Low Risk
CUST-108756,424.15,5089.8,0.0703,Low Risk
CUST-101037,149.0,1788.0,0.5397,Medium Risk
CUST-111022,424.15,5089.8,0.089,Low Risk
CUST-107511,49.0,588.0,0.7678,High Risk
CUST-100040,49.0,588.0,0.6907,High Risk
CUST-111746,1019.15,12229.8,0.0656,Low Risk
CUST-111742,49.0,588.0,0.8253,High Risk
CUST-101525,49.0,588.0,0.7172,High Risk
CUST-101237,149.0,1788.0,0.7006,High Risk
CUST-106146,49.0,588.0,0.5946,Medium Risk
CUST-106786,499.0,5988.0,0.2214,Low Risk
CUST-104402,424.15,5089.8,0.0771,Low Risk
CUST-109230,49.0,588.0,0.6904,High Risk
CUST-102396,424.15,5089.8,0.0473,Low Risk
CUST-104090,424.15,5089.8,0.0713,Low Risk
CUST-102174,49.0,588.0,0.7163,High Risk
CUST-111829,126.65,1519.8,0.1113,Low Risk
CUST-100971,149.0,1788.0,0.5079,Medium Risk
CUST-101560,499.0,5988.0,0.1672,Low Risk
CUST-108428,41.65,499.8,0.2385,Low Risk
CUST-104740,424.15,5089.8,0.0691,Low Risk
CUST-105302,149.0,1788.0,0.6871,High Risk
CUST-102758,49.0,588.0,0.6592,High Risk
CUST-104605,41.65,499.8,0.1934,Low Risk
CUST-100972,41.65,499.8,0.2152,Low Risk
CUST-103390,1019.15,12229.8,0.0656,Low Risk
CUST-103385,49.0,588.0,0.6689,High Risk
CUST-105744,424.15,5089.8,0.0911,Low Risk
CUST-103438,424.15,5089.8,0.0757,Low Risk
CUST-101425,126.65,1519.8,0.1178,Low Risk
CUST-105711,41.65,499.8,0.2093,Low Risk
CUST-100528,149.0,1788.0,0.6277,Medium Risk
CUST-104877,126.65,1519.8,0.0988,Low Risk
CUST-112305,424.15,5089.8,0.0413,Low Risk
CUST-103580,49.0,588.0,0.5963,Medium Risk
CUST-108951,424.15,5089.8,0.0673,Low Risk
CUST-107231,49.0,588.0,0.5702,Medium Risk
CUST-100681,126.65,1519.8,0.1346,Low Risk
CUST-106010,41.65,499.8,0.1578,Low Risk
CUST-104389,126.65,1519.8,0.1114,Low Risk
CUST-109306,149.0,1788.0,0.6029,Medium Risk
CUST-101854,424.15,5089.8,0.0766,Low Risk
CUST-109006,424.15,5089.8,0.0923,Low Risk
CUST-111300,499.0,5988.0,0.1911,Low Risk
CUST-107492,149.0,1788.0,0.5907,Medium Risk
CUST-102755,41.65,499.8,0.1687,Low Risk
CUST-112104,41.65,499.8,0.1335,Low Risk
CUST-111471,499.0,5988.0,0.1471,Low Risk
CUST-104503,424.15,5089.8,0.0946,Low Risk
CUST-111780,49.0,588.0,0.7684,High Risk
CUST-109588,41.65,499.8,0.1837,Low Risk
CUST-102740,41.65,499.8,0.1987,Low Risk
CUST-108006,424.15,5089.8,0.0465,Low Risk
CUST-110407,149.0,1788.0,0.6716,High Risk
CUST-109200,1019.15,12229.8,0.0796,Low Risk
CUST-106290,126.65,1519.8,0.0792,Low Risk
CUST-103196,41.65,499.8,0.1534,Low Risk
CUST-111827,41.65,499.8,0.2198,Low Risk
CUST-105882,149.0,1788.0,0.6951,High Risk
CUST-111533,49.0,588.0,0.6449,Medium Risk
CUST-105154,126.65,1519.8,0.1418,Low Risk
CUST-103065,41.65,499.8,0.2277,Low Risk
CUST-102298,126.65,1519.8,0.1632,Low Risk
CUST-104732,41.65,499.8,0.1551,Low Risk
CUST-111326,149.0,1788.0,0.5246,Medium Risk
CUST-109091,49.0,588.0,0.7694,High Risk
CUST-109532,49.0,588.0,0.7905,High Risk
CUST-102258,49.0,588.0,0.5984,Medium Risk
CUST-106364,1019.15,12229.8,0.0623,Low Risk
CUST-108369,1019.15,12229.8,0.0635,Low Risk
CUST-102316,49.0,588.0,0.638,Medium Risk
CUST-110482,424.15,5089.8,0.0642,Low Risk
CUST-102999,49.0,588.0,0.5911,Medium Risk
CUST-111512,424.15,5089.8,0.0773,Low Risk
CUST-111176,49.0,588.0,0.823,High Risk
CUST-110652,424.15,5089.8,0.0606,Low Risk
CUST-102826,126.65,1519.8,0.0899,Low Risk
CUST-101871,424.15,5089.8,0.0803,Low Risk
CUST-108646,41.65,499.8,0.2211,Low Risk
CUST-105993,49.0,588.0,0.5603,Medium Risk
CUST-103063,49.0,588.0,0.5465,Medium Risk
CUST-109401,49.0,588.0,0.7698,High Risk
CUST-101667,499.0,5988.0,0.1815,Low Risk
CUST-103371,49.0,588.0,0.8706,High Risk
CUST-103519,49.0,588.0,0.6114,Medium Risk
CUST-106370,126.65,1519.8,0.1164,Low Risk
CUST-107037,149.0,1788.0,0.2433,Low Risk
CUST-107365,41.65,499.8,0.2251,Low Risk
CUST-110757,424.15,5089.8,0.0646,Low Risk
CUST-106481,149.0,1788.0,0.7035,High Risk
CUST-103053,149.0,1788.0,0.532,Medium Risk
CUST-103798,41.65,499.8,0.1632,Low Risk
CUST-107570,424.15,5089.8,0.0475,Low Risk
CUST-106985,499.0,5988.0,0.1646,Low Risk
CUST-111319,499.0,5988.0,0.1527,Low Risk
CUST-111028,41.65,499.8,0.1697,Low Risk
CUST-108454,1019.15,12229.8,0.0711,Low Risk
CUST-102692,424.15,5089.8,0.0874,Low Risk
CUST-109399,424.15,5089.8,0.0863,Low Risk
CUST-100370,126.65,1519.8,0.1407,Low Risk
CUST-101885,1019.15,12229.8,0.0757,Low Risk
CUST-104919,1019.15,12229.8,0.0705,Low Risk
CUST-101100,149.0,1788.0,0.6295,Medium Risk
CUST-101599,41.65,499.8,0.1969,Low Risk
CUST-107801,424.15,5089.8,0.0641,Low Risk
CUST-105706,126.65,1519.8,0.11,Low Risk
CUST-112317,149.0,1788.0,0.2967,Low Risk
CUST-112136,499.0,5988.0,0.157,Low Risk
CUST-103389,49.0,588.0,0.8368,High Risk
CUST-105620,149.0,1788.0,0.5328,Medium Risk
CUST-105110,126.65,1519.8,0.1102,Low Risk
CUST-101901,1019.15,12229.8,0.0595,Low Risk
CUST-101406,424.15,5089.8,0.0575,Low Risk
CUST-104840,424.15,5089.8,0.0898,Low Risk
CUST-107909,41.65,499.8,0.1827,Low Risk
CUST-100402,424.15,5089.8,0.073,Low Risk
CUST-105651,41.65,499.8,0.2033,Low Risk
CUST-102469,499.0,5988.0,0.1697,Low Risk
CUST-109746,424.15,5089.8,0.0894,Low Risk
CUST-106408,1019.15,12229.8,0.08,Low Risk
CUST-107303,1019.15,12229.8,0.0985,Low Risk
CUST-109142,41.65,499.8,0.1225,Low Risk
CUST-108499,49.0,588.0,0.8724,High Risk
CUST-108366,149.0,1788.0,0.807,High Risk
CUST-110565,49.0,588.0,0.721,High Risk
CUST-109692,41.65,499.8,0.1793,Low Risk
CUST-100172,49.0,588.0,0.5669,Medium Risk
CUST-101735,424.15,5089.8,0.0986,Low Risk
CUST-105432,126.65,1519.8,0.1234,Low Risk
CUST-111867,49.0,588.0,0.59,Medium Risk
CUST-109227,49.0,588.0,0.5391,Medium Risk
CUST-111254,41.65,499.8,0.1699,Low Risk
CUST-108796,41.65,499.8,0.1712,Low Risk
CUST-100602,126.65,1519.8,0.1262,Low Risk
CUST-108907,1019.15,12229.8,0.0813,Low Risk
CUST-108755,49.0,588.0,0.8506,High Risk
CUST-110880,49.0,588.0,0.7684,High Risk
CUST-107357,49.0,588.0,0.5848,Medium Risk
CUST-106176,126.65,1519.8,0.0811,Low Risk
CUST-112279,41.65,499.8,0.2364,Low Risk
CUST-110273,49.0,588.0,0.579,Medium Risk
CUST-102280,424.15,5089.8,0.0657,Low Risk
CUST-109667,49.0,588.0,0.5754,Medium Risk
CUST-104773,149.0,1788.0,0.2367,Low Risk
CUST-107563,126.65,1519.8,0.146,Low Risk
CUST-102947,424.15,5089.8,0.0759,Low Risk
CUST-108939,126.65,1519.8,0.1228,Low Risk
CUST-101865,1019.15,12229.8,0.0788,Low Risk
CUST-106437,49.0,588.0,0.9043,High Risk
CUST-110219,1019.15,12229.8,0.0541,Low Risk
CUST-102910,41.65,499.8,0.1666,Low Risk
CUST-112121,49.0,588.0,0.5524,Medium Risk
CUST-103290,424.15,5089.8,0.0685,Low Risk
CUST-110101,424.15,5089.8,0.0821,Low Risk
CUST-104922,49.0,588.0,0.5751,Medium Risk
CUST-110422,149.0,1788.0,0.7284,High Risk
CUST-105399,126.65,1519.8,0.1219,Low Risk
CUST-105443,424.15,5089.8,0.0725,Low Risk
CUST-106483,149.0,1788.0,0.2358,Low Risk
CUST-104991,424.15,5089.8,0.0676,Low Risk
CUST-108123,149.0,1788.0,0.3342,Low Risk
CUST-110234,149.0,1788.0,0.5643,Medium Risk
CUST-106899,126.65,1519.8,0.1445,Low Risk
CUST-104521,41.65,499.8,0.1723,Low Risk
CUST-107121,49.0,588.0,0.8012,High Risk
CUST-109682,424.15,5089.8,0.0586,Low Risk
CUST-104933,49.0,588.0,0.6446,Medium Risk
CUST-104405,149.0,1788.0,0.3814,Medium Risk
CUST-102274,424.15,5089.8,0.0744,Low Risk
CUST-102777,49.0,588.0,0.6288,Medium Risk
CUST-108537,126.65,1519.8,0.1797,Low Risk
CUST-103977,126.65,1519.8,0.1637,Low Risk
CUST-109167,149.0,1788.0,0.5653,Medium Risk
CUST-101387,424.15,5089.8,0.0511,Low Risk
CUST-106353,49.0,588.0,0.6028,Medium Risk
CUST-111611,49.0,588.0,0.6732,High Risk
CUST-105798,149.0,1788.0,0.7531,High Risk
CUST-101692,49.0,588.0,0.8249,High Risk
CUST-106685,126.65,1519.8,0.0906,Low Risk
CUST-108395,1019.15,12229.8,0.0706,Low Risk
CUST-109088,49.0,588.0,0.6049,Medium Risk
CUST-107353,49.0,588.0,0.6163,Medium Risk
CUST-107061,49.0,588.0,0.6487,Medium Risk
CUST-107286,424.15,5089.8,0.0731,Low Risk
CUST-112030,49.0,588.0,0.6066,Medium Risk
CUST-100085,499.0,5988.0,0.2347,Low Risk
CUST-101745,1019.15,12229.8,0.0756,Low Risk
CUST-105909,424.15,5089.8,0.0821,Low Risk
CUST-110616,41.65,499.8,0.1905,Low Risk
CUST-106225,126.65,1519.8,0.1388,Low Risk
CUST-104390,126.65,1519.8,0.1594,Low Risk
CUST-101344,49.0,588.0,0.6721,High Risk
CUST-104839,499.0,5988.0,0.1458,Low Risk
CUST-101404,49.0,588.0,0.8371,High Risk
CUST-112423,41.65,499.8,0.178,Low Risk
CUST-106150,149.0,1788.0,0.2782,Low Risk
CUST-109060,424.15,5089.8,0.0831,Low Risk
CUST-103737,41.65,499.8,0.2203,Low Risk
CUST-110696,424.15,5089.8,0.0907,Low Risk
CUST-100485,126.65,1519.8,0.1112,Low Risk
CUST-106499,424.15,5089.8,0.0728,Low Risk
CUST-105580,149.0,1788.0,0.5299,Medium Risk
CUST-111696,41.65,499.8,0.1673,Low Risk
CUST-103803,149.0,1788.0,0.6236,Medium Risk
CUST-105666,1019.15,12229.8,0.0616,Low Risk
CUST-106288,1019.15,12229.8,0.0778,Low Risk
CUST-105435,126.65,1519.8,0.0818,Low Risk
CUST-106375,424.15,5089.8,0.067,Low Risk
CUST-103939,41.65,499.8,0.1492,Low Risk
CUST-104903,499.0,5988.0,0.165,Low Risk
CUST-101260,424.15,5089.8,0.1057,Low Risk
CUST-106525,499.0,5988.0,0.2233,Low Risk
CUST-112011,149.0,1788.0,0.6707,High Risk
CUST-109232,126.65,1519.8,0.1173,Low Risk
CUST-104593,149.0,1788.0,0.5762,Medium Risk
CUST-100762,424.15,5089.8,0.0726,Low Risk
CUST-107790,149.0,1788.0,0.5394,Medium Risk
CUST-103463,49.0,588.0,0.8099,High Risk
CUST-103764,126.65,1519.8,0.1126,Low Risk
CUST-100697,499.0,5988.0,0.2089,Low Risk
CUST-109270,41.65,499.8,0.1356,Low Risk
CUST-102807,1019.15,12229.8,0.09,Low Risk
CUST-107798,126.65,1519.8,0.1003,Low Risk
CUST-109725,499.0,5988.0,0.222,Low Risk
CUST-106640,424.15,5089.8,0.1003,Low Risk
CUST-111814,424.15,5089.8,0.0691,Low Risk
CUST-109256,49.0,588.0,0.7911,High Risk
CUST-106112,41.65,499.8,0.1891,Low Risk
CUST-104379,126.65,1519.8,0.0939,Low Risk
CUST-111398,149.0,1788.0,0.6223,Medium Risk
CUST-108625,499.0,5988.0,0.2089,Low Risk
CUST-103144,41.65,499.8,0.1468,Low Risk
CUST-109750,149.0,1788.0,0.7626,High Risk
CUST-101578,499.0,5988.0,0.1408,Low Risk
CUST-112077,149.0,1788.0,0.7537,High Risk
CUST-107054,49.0,588.0,0.5987,Medium Risk
CUST-108228,49.0,588.0,0.8145,High Risk
CUST-100280,499.0,5988.0,0.147,Low Risk
CUST-104697,49.0,588.0,0.5928,Medium Risk
CUST-108777,1019.15,12229.8,0.0802,Low Risk
CUST-104501,424.15,5089.8,0.081,Low Risk
CUST-108719,424.15,5089.8,0.0604,Low Risk
CUST-107993,424.15,5089.8,0.0665,Low Risk
CUST-111201,499.0,5988.0,0.1601,Low Risk
CUST-112133,49.0,588.0,0.6343,Medium Risk
CUST-108285,49.0,588.0,0.5993,Medium Risk
CUST-100149,49.0,588.0,0.5307,Medium Risk
CUST-112143,49.0,588.0,0.7207,High Risk
CUST-103791,149.0,1788.0,0.4987,Medium Risk
CUST-101217,149.0,1788.0,0.5609,Medium Risk
CUST-100962,41.65,499.8,0.1725,Low Risk
CUST-110338,424.15,5089.8,0.0754,Low Risk
CUST-103015,126.65,1519.8,0.1338,Low Risk
CUST-108954,49.0,588.0,0.7689,High Risk
CUST-102773,424.15,5089.8,0.0951,Low Risk
CUST-108037,126.65,1519.8,0.1203,Low Risk
CUST-104216,424.15,5089.8,0.0626,Low Risk
CUST-105530,424.15,5089.8,0.0771,Low Risk
CUST-109021,41.65,499.8,0.1354,Low Risk
CUST-106223,499.0,5988.0,0.2435,Low Risk
CUST-105404,424.15,5089.8,0.0726,Low Risk
CUST-103214,149.0,1788.0,0.2791,Low Risk
CUST-102497,1019.15,12229.8,0.0515,Low Risk
CUST-104836,424.15,5089.8,0.0588,Low Risk
CUST-106841,149.0,1788.0,0.6886,High Risk
CUST-109488,49.0,588.0,0.6977,High Risk
CUST-109065,1019.15,12229.8,0.049,Low Risk
CUST-109934,126.65,1519.8,0.1506,Low Risk
CUST-102390,126.65,1519.8,0.1917,Low Risk
CUST-109216,49.0,588.0,0.7464,High Risk
CUST-105246,126.65,1519.8,0.1144,Low Risk
CUST-108401,126.65,1519.8,0.1256,Low Risk
CUST-109924,49.0,588.0,0.8199,High Risk
CUST-105886,126.65,1519.8,0.0901,Low Risk
CUST-108743,126.65,1519.8,0.1467,Low Risk
CUST-107639,41.65,499.8,0.2463,Low Risk
CUST-106236,49.0,588.0,0.6887,High Risk
CUST-109045,149.0,1788.0,0.6619,High Risk
CUST-111698,126.65,1519.8,0.1631,Low Risk
CUST-103350,149.0,1788.0,0.2368,Low Risk
CUST-103974,424.15,5089.8,0.0889,Low Risk
CUST-103113,126.65,1519.8,0.1553,Low Risk
CUST-112278,126.65,1519.8,0.1208,Low Risk
CUST-104967,149.0,1788.0,0.5531,Medium Risk
CUST-105455,126.65,1519.8,0.1662,Low Risk
CUST-107854,499.0,5988.0,0.1684,Low Risk
CUST-109156,49.0,588.0,0.8191,High Risk
CUST-103082,499.0,5988.0,0.1883,Low Risk
CUST-101192,49.0,588.0,0.7981,High Risk
CUST-100647,49.0,588.0,0.7686,High Risk
CUST-106179,424.15,5089.8,0.1008,Low Risk
CUST-104398,149.0,1788.0,0.7525,High Risk
CUST-108775,126.65,1519.8,0.128,Low Risk
CUST-101514,149.0,1788.0,0.6971,High Risk
CUST-101295,149.0,1788.0,0.5696,Medium Risk
CUST-111692,49.0,588.0,0.7124,High Risk
CUST-102196,499.0,5988.0,0.1534,Low Risk
CUST-108683,49.0,588.0,0.6224,Medium Risk
CUST-106761,149.0,1788.0,0.8358,High Risk
CUST-109214,126.65,1519.8,0.122,Low Risk
CUST-100944,149.0,1788.0,0.4824,Medium Risk
CUST-107586,1199.0,14388.0,0.1694,Low Risk
CUST-103948,149.0,1788.0,0.5254,Medium Risk
CUST-106821,499.0,5988.0,0.1874,Low Risk
CUST-108592,1019.15,12229.8,0.0688,Low Risk
CUST-105642,49.0,588.0,0.5477,Medium Risk
CUST-109107,126.65,1519.8,0.1095,Low Risk
CUST-102869,41.65,499.8,0.1722,Low Risk
CUST-112158,1019.15,12229.8,0.0927,Low Risk
CUST-104508,41.65,499.8,0.1634,Low Risk
CUST-104923,149.0,1788.0,0.6851,High Risk
CUST-103621,1199.0,14388.0,0.1178,Low Risk
CUST-111828,1019.15,12229.8,0.0747,Low Risk
CUST-104944,41.65,499.8,0.1515,Low Risk
CUST-103881,49.0,588.0,0.7956,High Risk
CUST-105253,149.0,1788.0,0.4555,Medium Risk
CUST-109438,149.0,1788.0,0.5889,Medium Risk
CUST-103836,149.0,1788.0,0.6783,High Risk
CUST-108255,1019.15,12229.8,0.1101,Low Risk
CUST-111072,126.65,1519.8,0.1561,Low Risk
CUST-110624,41.65,499.8,0.1898,Low Risk
CUST-103839,126.65,1519.8,0.115,Low Risk
CUST-107191,49.0,588.0,0.7022,High Risk
CUST-107314,149.0,1788.0,0.761,High Risk
CUST-100550,126.65,1519.8,0.1082,Low Risk
CUST-101653,424.15,5089.8,0.071,Low Risk
CUST-101102,41.65,499.8,0.1503,Low Risk
CUST-103376,1019.15,12229.8,0.0477,Low Risk
CUST-103943,41.65,499.8,0.2568,Low Risk
CUST-101848,424.15,5089.8,0.0619,Low Risk
CUST-103088,424.15,5089.8,0.0693,Low Risk
CUST-102541,499.0,5988.0,0.1723,Low Risk
CUST-107546,41.65,499.8,0.1543,Low Risk
CUST-106214,49.0,588.0,0.5503,Medium Risk
CUST-108715,149.0,1788.0,0.4697,Medium Risk
CUST-107585,149.0,1788.0,0.5461,Medium Risk
CUST-109974,41.65,499.8,0.104,Low Risk
CUST-100372,1019.15,12229.8,0.0859,Low Risk
CUST-102086,49.0,588.0,0.8566,High Risk
CUST-108664,41.65,499.8,0.1921,Low Risk
CUST-106439,424.15,5089.8,0.0579,Low Risk
CUST-102924,126.65,1519.8,0.1697,Low Risk
CUST-105697,424.15,5089.8,0.042,Low Risk
CUST-101314,499.0,5988.0,0.2119,Low Risk
CUST-106154,126.65,1519.8,0.118,Low Risk
CUST-107348,49.0,588.0,0.7788,High Risk
CUST-106266,41.65,499.8,0.1597,Low Risk
CUST-106135,149.0,1788.0,0.6278,Medium Risk
CUST-102218,424.15,5089.8,0.071,Low Risk
CUST-102948,126.65,1519.8,0.1696,Low Risk
CUST-100519,126.65,1519.8,0.1355,Low Risk
CUST-107734,49.0,588.0,0.5682,Medium Risk
CUST-100987,149.0,1788.0,0.6228,Medium Risk
CUST-106941,126.65,1519.8,0.118,Low Risk
CUST-110136,126.65,1519.8,0.0839,Low Risk
CUST-101196,126.65,1519.8,0.1279,Low Risk
CUST-103570,126.65,1519.8,0.1248,Low Risk
CUST-106487,126.65,1519.8,0.1131,Low Risk
CUST-100356,41.65,499.8,0.1548,Low Risk
CUST-105049,41.65,499.8,0.1493,Low Risk
CUST-109155,149.0,1788.0,0.5052,Medium Risk
CUST-109239,41.65,499.8,0.2189,Low Risk
CUST-111205,49.0,588.0,0.6542,High Risk
CUST-102161,499.0,5988.0,0.1179,Low Risk
CUST-107429,41.65,499.8,0.1844,Low Risk
CUST-112357,49.0,588.0,0.8181,High Risk
CUST-108008,499.0,5988.0,0.2007,Low Risk
CUST-111228,49.0,588.0,0.8409,High Risk
CUST-101904,41.65,499.8,0.1819,Low Risk
CUST-112049,424.15,5089.8,0.08,Low Risk
CUST-108525,424.15,5089.8,0.0457,Low Risk
CUST-102455,49.0,588.0,0.5673,Medium Risk
CUST-108792,424.15,5089.8,0.1065,Low Risk
CUST-109383,149.0,1788.0,0.371,Medium Risk
CUST-103312,424.15,5089.8,0.0933,Low Risk
CUST-108972,424.15,5089.8,0.0615,Low Risk
CUST-109243,499.0,5988.0,0.1296,Low Risk
CUST-101279,41.65,499.8,0.1192,Low Risk
CUST-108653,1199.0,14388.0,0.1402,Low Risk
CUST-109931,149.0,1788.0,0.454,Medium Risk
CUST-109761,41.65,499.8,0.1014,Low Risk
CUST-104054,149.0,1788.0,0.5508,Medium Risk
CUST-108806,149.0,1788.0,0.5762,Medium Risk
CUST-107714,499.0,5988.0,0.1779,Low Risk
CUST-106121,126.65,1519.8,0.0987,Low Risk
CUST-102509,126.65,1519.8,0.1592,Low Risk
CUST-103590,1019.15,12229.8,0.0577,Low Risk
CUST-106021,49.0,588.0,0.6536,High Risk
CUST-109951,126.65,1519.8,0.1155,Low Risk
CUST-101923,499.0,5988.0,0.1449,Low Risk
CUST-105095,49.0,588.0,0.652,High Risk
CUST-108233,499.0,5988.0,0.1584,Low Risk
CUST-110519,1019.15,12229.8,0.0988,Low Risk
CUST-105026,149.0,1788.0,0.5883,Medium Risk
CUST-101936,49.0,588.0,0.7415,High Risk
CUST-101017,41.65,499.8,0.1749,Low Risk
CUST-110761,126.65,1519.8,0.1541,Low Risk
CUST-100187,126.65,1519.8,0.1206,Low Risk
CUST-110928,126.65,1519.8,0.1378,Low Risk
CUST-112125,424.15,5089.8,0.1105,Low Risk
CUST-100111,424.15,5089.8,0.058,Low Risk
CUST-105301,41.65,499.8,0.1897,Low Risk
CUST-110055,41.65,499.8,0.1247,Low Risk
CUST-102303,49.0,588.0,0.6841,High Risk
CUST-103027,1019.15,12229.8,0.0432,Low Risk
CUST-106567,499.0,5988.0,0.1414,Low Risk
CUST-110484,1019.15,12229.8,0.1025,Low Risk
CUST-108442,126.65,1519.8,0.1337,Low Risk
CUST-109302,149.0,1788.0,0.2879,Low Risk
CUST-105523,41.65,499.8,0.2314,Low Risk
CUST-104215,49.0,588.0,0.7803,High Risk
CUST-107518,126.65,1519.8,0.1608,Low Risk
CUST-105417,126.65,1519.8,0.1735,Low Risk
CUST-101845,49.0,588.0,0.7699,High Risk
CUST-104470,424.15,5089.8,0.0812,Low Risk
CUST-110156,41.65,499.8,0.1387,Low Risk
CUST-102198,424.15,5089.8,0.1044,Low Risk
CUST-108092,1199.0,14388.0,0.2227,Low Risk
CUST-108901,49.0,588.0,0.7367,High Risk
CUST-107444,1019.15,12229.8,0.0431,Low Risk
CUST-105489,126.65,1519.8,0.1415,Low Risk
CUST-101758,126.65,1519.8,0.1464,Low Risk
CUST-109875,41.65,499.8,0.1565,Low Risk
CUST-109305,424.15,5089.8,0.1078,Low Risk
CUST-100151,1019.15,12229.8,0.072,Low Risk
CUST-108116,41.65,499.8,0.1641,Low Risk
CUST-110903,149.0,1788.0,0.6572,High Risk
CUST-100969,41.65,499.8,0.1863,Low Risk
CUST-107822,126.65,1519.8,0.1126,Low Risk
CUST-102587,126.65,1519.8,0.1111,Low Risk
CUST-112195,149.0,1788.0,0.788,High Risk
CUST-100084,149.0,1788.0,0.3106,Low Risk
CUST-111572,126.65,1519.8,0.1564,Low Risk
CUST-107739,149.0,1788.0,0.5552,Medium Risk
CUST-105411,126.65,1519.8,0.1376,Low Risk
CUST-106771,126.65,1519.8,0.1162,Low Risk
CUST-101641,424.15,5089.8,0.0654,Low Risk
CUST-112425,126.65,1519.8,0.1596,Low Risk
CUST-111520,126.65,1519.8,0.1649,Low Risk
CUST-108700,126.65,1519.8,0.1599,Low Risk
CUST-103972,1019.15,12229.8,0.0604,Low Risk
CUST-104450,424.15,5089.8,0.0847,Low Risk
CUST-109208,41.65,499.8,0.1604,Low Risk
CUST-104442,499.0,5988.0,0.158,Low Risk
CUST-111806,424.15,5089.8,0.0654,Low Risk
CUST-104201,149.0,1788.0,0.474,Medium Risk
CUST-107247,424.15,5089.8,0.0665,Low Risk
CUST-105674,41.65,499.8,0.2294,Low Risk
CUST-101294,126.65,1519.8,0.1551,Low Risk
CUST-110921,149.0,1788.0,0.7191,High Risk
CUST-100689,49.0,588.0,0.6543,High Risk
CUST-104758,41.65,499.8,0.2186,Low Risk
CUST-110912,149.0,1788.0,0.6888,High Risk
CUST-106220,49.0,588.0,0.6056,Medium Risk
CUST-108899,424.15,5089.8,0.0626,Low Risk
CUST-110524,126.65,1519.8,0.101,Low Risk
CUST-104715,149.0,1788.0,0.8309,High Risk
CUST-110305,49.0,588.0,0.5902,Medium Risk
CUST-108011,41.65,499.8,0.2233,Low Risk
CUST-104876,41.65,499.8,0.1688,Low Risk
CUST-103684,41.65,499.8,0.1265,Low Risk
CUST-104890,41.65,499.8,0.2155,Low Risk
CUST-104571,424.15,5089.8,0.0998,Low Risk
CUST-104038,149.0,1788.0,0.5995,Medium Risk
CUST-112433,126.65,1519.8,0.136,Low Risk
CUST-107932,126.65,1519.8,0.1508,Low Risk
CUST-108950,149.0,1788.0,0.4359,Medium Risk
CUST-107531,41.65,499.8,0.2134,Low Risk
CUST-105140,126.65,1519.8,0.1157,Low Risk
CUST-106173,424.15,5089.8,0.0499,Low Risk
CUST-108609,149.0,1788.0,0.6387,Medium Risk
CUST-111638,1199.0,14388.0,0.2017,Low Risk
CUST-112045,424.15,5089.8,0.06,Low Risk
CUST-103397,149.0,1788.0,0.3385,Low Risk
CUST-108498,126.65,1519.8,0.08,Low Risk
CUST-102262,49.0,588.0,0.6868,High Risk
CUST-111798,149.0,1788.0,0.6729,High Risk
CUST-112351,49.0,588.0,0.666,High Risk
CUST-100310,126.65,1519.8,0.1611,Low Risk
CUST-103125,49.0,588.0,0.6881,High Risk
CUST-100517,41.65,499.8,0.126,Low Risk
CUST-103968,424.15,5089.8,0.1031,Low Risk
CUST-102421,424.15,5089.8,0.0848,Low Risk
CUST-110816,149.0,1788.0,0.2657,Low Risk
CUST-108589,126.65,1519.8,0.1658,Low Risk
CUST-111994,149.0,1788.0,0.7079,High Risk
CUST-109477,126.65,1519.8,0.1663,Low Risk
CUST-104350,126.65,1519.8,0.1279,Low Risk
CUST-107775,49.0,588.0,0.8162,High Risk
CUST-109779,49.0,588.0,0.7818,High Risk
CUST-110716,126.65,1519.8,0.1512,Low Risk
CUST-109563,126.65,1519.8,0.1326,Low Risk
CUST-106824,49.0,588.0,0.6026,Medium Risk
CUST-100272,49.0,588.0,0.8296,High Risk
CUST-108025,126.65,1519.8,0.1636,Low Risk
CUST-108351,126.65,1519.8,0.1104,Low Risk
CUST-111641,126.65,1519.8,0.1601,Low Risk
CUST-104902,149.0,1788.0,0.6654,High Risk
CUST-112015,126.65,1519.8,0.137,Low Risk
CUST-105373,41.65,499.8,0.2181,Low Risk
CUST-111963,49.0,588.0,0.7636,High Risk
CUST-107487,424.15,5089.8,0.1045,Low Risk
CUST-111098,41.65,499.8,0.2038,Low Risk
CUST-111431,424.15,5089.8,0.0999,Low Risk
CUST-108193,126.65,1519.8,0.1286,Low Risk
CUST-106576,149.0,1788.0,0.499,Medium Risk
CUST-108341,41.65,499.8,0.2088,Low Risk
CUST-105990,149.0,1788.0,0.5239,Medium Risk
CUST-109139,499.0,5988.0,0.1891,Low Risk
CUST-105555,41.65,499.8,0.141,Low Risk
CUST-106453,149.0,1788.0,0.2685,Low Risk
CUST-102108,41.65,499.8,0.1824,Low Risk
CUST-110011,499.0,5988.0,0.1747,Low Risk
CUST-104582,41.65,499.8,0.151,Low Risk
CUST-109008,49.0,588.0,0.5754,Medium Risk
CUST-107378,41.65,499.8,0.1456,Low Risk
CUST-108261,126.65,1519.8,0.174,Low Risk
CUST-111086,424.15,5089.8,0.0749,Low Risk
CUST-105939,49.0,588.0,0.6781,High Risk
CUST-109343,126.65,1519.8,0.1435,Low Risk
CUST-100838,149.0,1788.0,0.3097,Low Risk
CUST-106563,41.65,499.8,0.1974,Low Risk
CUST-100741,49.0,588.0,0.6361,Medium Risk
CUST-111980,49.0,588.0,0.7832,High Risk
CUST-112079,126.65,1519.8,0.0961,Low Risk
CUST-107060,126.65,1519.8,0.0706,Low Risk
CUST-100133,424.15,5089.8,0.0917,Low Risk
CUST-108108,49.0,588.0,0.7683,High Risk
CUST-111136,126.65,1519.8,0.0782,Low Risk
CUST-111303,424.15,5089.8,0.098,Low Risk
CUST-103944,126.65,1519.8,0.1516,Low Risk
CUST-106442,126.65,1519.8,0.1667,Low Risk
CUST-101475,49.0,588.0,0.7156,High Risk
CUST-100379,1019.15,12229.8,0.0826,Low Risk
CUST-108148,149.0,1788.0,0.7811,High Risk
CUST-105055,424.15,5089.8,0.0494,Low Risk
CUST-108433,424.15,5089.8,0.0522,Low Risk
CUST-108163,424.15,5089.8,0.0634,Low Risk
CUST-105123,424.15,5089.8,0.0794,Low Risk
CUST-109464,126.65,1519.8,0.1693,Low Risk
CUST-105364,49.0,588.0,0.6798,High Risk
CUST-104067,49.0,588.0,0.7152,High Risk
CUST-104754,41.65,499.8,0.2068,Low Risk
CUST-107366,424.15,5089.8,0.0763,Low Risk
CUST-104382,424.15,5089.8,0.1121,Low Risk
CUST-102007,126.65,1519.8,0.1131,Low Risk
CUST-103960,41.65,499.8,0.2098,Low Risk
CUST-105228,149.0,1788.0,0.7056,High Risk
CUST-101739,1019.15,12229.8,0.0674,Low Risk
CUST-111073,149.0,1788.0,0.2699,Low Risk
CUST-102142,41.65,499.8,0.1593,Low Risk
CUST-110952,49.0,588.0,0.8229,High Risk
CUST-105658,1019.15,12229.8,0.1132,Low Risk
CUST-105231,41.65,499.8,0.237,Low Risk
CUST-105121,424.15,5089.8,0.0953,Low Risk
CUST-102353,49.0,588.0,0.7736,High Risk
CUST-111908,424.15,5089.8,0.0808,Low Risk
CUST-112331,126.65,1519.8,0.156,Low Risk
CUST-107609,424.15,5089.8,0.0776,Low Risk
CUST-106809,149.0,1788.0,0.6014,Medium Risk
CUST-107202,49.0,588.0,0.7488,High Risk
CUST-102589,149.0,1788.0,0.5373,Medium Risk
CUST-111916,49.0,588.0,0.5681,Medium Risk
CUST-107912,149.0,1788.0,0.7081,High Risk
CUST-104745,149.0,1788.0,0.6023,Medium Risk
CUST-112039,49.0,588.0,0.7387,High Risk
CUST-108159,49.0,588.0,0.6997,High Risk
CUST-100496,149.0,1788.0,0.6712,High Risk
CUST-110790,41.65,499.8,0.1448,Low Risk
CUST-110499,424.15,5089.8,0.0467,Low Risk
CUST-109373,149.0,1788.0,0.2307,Low Risk
CUST-103453,1199.0,14388.0,0.1649,Low Risk
CUST-104336,149.0,1788.0,0.2961,Low Risk
CUST-100464,1019.15,12229.8,0.1146,Low Risk
CUST-109234,41.65,499.8,0.1802,Low Risk
CUST-105531,424.15,5089.8,0.0658,Low Risk
CUST-110231,149.0,1788.0,0.2701,Low Risk
CUST-102804,424.15,5089.8,0.0951,Low Risk
CUST-109696,149.0,1788.0,0.8335,High Risk
CUST-111889,499.0,5988.0,0.1596,Low Risk
CUST-110066,424.15,5089.8,0.0771,Low Risk
CUST-110731,424.15,5089.8,0.0781,Low Risk
CUST-111478,126.65,1519.8,0.1567,Low Risk
CUST-111408,1199.0,14388.0,0.2269,Low Risk
CUST-104105,41.65,499.8,0.2311,Low Risk
CUST-101292,126.65,1519.8,0.1278,Low Risk
CUST-104653,49.0,588.0,0.7748,High Risk
CUST-108501,126.65,1519.8,0.0847,Low Risk
CUST-105286,149.0,1788.0,0.3211,Low Risk
CUST-102653,149.0,1788.0,0.5165,Medium Risk
CUST-111455,49.0,588.0,0.7683,High Risk
CUST-102507,41.65,499.8,0.1427,Low Risk
CUST-102034,424.15,5089.8,0.071,Low Risk
CUST-107088,41.65,499.8,0.1952,Low Risk
CUST-109630,149.0,1788.0,0.6104,Medium Risk
CUST-105644,49.0,588.0,0.7804,High Risk
CUST-108476,126.65,1519.8,0.1304,Low Risk
CUST-107632,126.65,1519.8,0.1366,Low Risk
CUST-105194,424.15,5089.8,0.0829,Low Risk
CUST-102053,126.65,1519.8,0.1454,Low Risk
CUST-101208,424.15,5089.8,0.079,Low Risk
CUST-106708,126.65,1519.8,0.0997,Low Risk
CUST-111933,49.0,588.0,0.6247,Medium Risk
CUST-108612,126.65,1519.8,0.1238,Low Risk
CUST-107842,424.15,5089.8,0.0422,Low Risk
CUST-111061,49.0,588.0,0.6987,High Risk
CUST-111934,1019.15,12229.8,0.0674,Low Risk
CUST-101077,424.15,5089.8,0.0382,Low Risk
CUST-102126,1199.0,14388.0,0.1443,Low Risk
CUST-112048,49.0,588.0,0.7491,High Risk
CUST-109077,49.0,588.0,0.6319,Medium Risk
CUST-111568,149.0,1788.0,0.7964,High Risk
CUST-108094,499.0,5988.0,0.1896,Low Risk
CUST-112016,49.0,588.0,0.8732,High Risk
CUST-102275,424.15,5089.8,0.0734,Low Risk
CUST-112235,149.0,1788.0,0.5138,Medium Risk
CUST-111733,126.65,1519.8,0.1388,Low Risk
CUST-108335,49.0,588.0,0.7809,High Risk
CUST-102852,499.0,5988.0,0.234,Low Risk
CUST-102580,149.0,1788.0,0.3636,Medium Risk
CUST-104914,1019.15,12229.8,0.0606,Low Risk
CUST-109011,41.65,499.8,0.2029,Low Risk
CUST-105692,149.0,1788.0,0.8211,High Risk
CUST-105236,41.65,499.8,0.1722,Low Risk
CUST-101438,499.0,5988.0,0.1792,Low Risk
CUST-107292,126.65,1519.8,0.0892,Low Risk
CUST-107406,499.0,5988.0,0.1439,Low Risk
CUST-111537,49.0,588.0,0.7601,High Risk
CUST-111754,126.65,1519.8,0.0959,Low Risk
CUST-103279,149.0,1788.0,0.6206,Medium Risk
CUST-110024,49.0,588.0,0.7102,High Risk
CUST-107311,424.15,5089.8,0.0639,Low Risk
CUST-101929,49.0,588.0,0.8564,High Risk
CUST-106340,49.0,588.0,0.8823,High Risk
CUST-103048,424.15,5089.8,0.0643,Low Risk
CUST-111359,126.65,1519.8,0.1433,Low Risk
CUST-104089,126.65,1519.8,0.1028,Low Risk
CUST-105150,149.0,1788.0,0.4984,Medium Risk
CUST-106012,126.65,1519.8,0.1718,Low Risk
CUST-108674,126.65,1519.8,0.1984,Low Risk
CUST-101259,126.65,1519.8,0.1331,Low Risk
CUST-107273,424.15,5089.8,0.1113,Low Risk
CUST-106077,149.0,1788.0,0.6442,Medium Risk
CUST-107371,49.0,588.0,0.6898,High Risk
CUST-106001,41.65,499.8,0.1838,Low Risk
CUST-103866,41.65,499.8,0.2023,Low Risk
CUST-100570,126.65,1519.8,0.0936,Low Risk
CUST-112093,424.15,5089.8,0.0653,Low Risk
CUST-109954,41.65,499.8,0.2329,Low Risk
CUST-105952,41.65,499.8,0.154,Low Risk
CUST-106655,49.0,588.0,0.8781,High Risk
CUST-111496,149.0,1788.0,0.5353,Medium Risk
CUST-100939,49.0,588.0,0.6131,Medium Risk
CUST-107126,149.0,1788.0,0.2038,Low Risk
CUST-110503,41.65,499.8,0.1932,Low Risk
CUST-105776,499.0,5988.0,0.1745,Low Risk
CUST-107325,49.0,588.0,0.5885,Medium Risk
CUST-105759,41.65,499.8,0.2071,Low Risk
CUST-107272,149.0,1788.0,0.3447,Low Risk
CUST-109873,149.0,1788.0,0.352,Medium Risk
CUST-111836,49.0,588.0,0.5618,Medium Risk
CUST-105021,41.65,499.8,0.2154,Low Risk
CUST-110577,424.15,5089.8,0.1054,Low Risk
CUST-105262,49.0,588.0,0.6027,Medium Risk
CUST-108937,41.65,499.8,0.2031,Low Risk
CUST-102956,41.65,499.8,0.1482,Low Risk
CUST-106955,149.0,1788.0,0.7958,High Risk
CUST-101353,424.15,5089.8,0.0664,Low Risk
CUST-108507,126.65,1519.8,0.1666,Low Risk
CUST-111066,149.0,1788.0,0.5406,Medium Risk
CUST-106334,49.0,588.0,0.6721,High Risk
CUST-107204,499.0,5988.0,0.1933,Low Risk
CUST-106553,499.0,5988.0,0.1946,Low Risk
CUST-107159,126.65,1519.8,0.1189,Low Risk
CUST-102039,149.0,1788.0,0.2369,Low Risk
CUST-104476,1199.0,14388.0,0.2354,Low Risk
CUST-105848,1019.15,12229.8,0.0823,Low Risk
CUST-108897,424.15,5089.8,0.0684,Low Risk
CUST-106524,424.15,5089.8,0.0851,Low Risk
CUST-105170,149.0,1788.0,0.2995,Low Risk
CUST-100686,499.0,5988.0,0.1427,Low Risk
CUST-103268,126.65,1519.8,0.0997,Low Risk
CUST-104807,41.65,499.8,0.1773,Low Risk
CUST-100605,41.65,499.8,0.1448,Low Risk
CUST-107498,1019.15,12229.8,0.0741,Low Risk
CUST-110350,126.65,1519.8,0.0879,Low Risk
CUST-107840,424.15,5089.8,0.0867,Low Risk
CUST-111848,149.0,1788.0,0.3076,Low Risk
CUST-111236,49.0,588.0,0.6317,Medium Risk
CUST-111281,126.65,1519.8,0.096,Low Risk
CUST-108945,49.0,588.0,0.6534,High Risk
CUST-111180,149.0,1788.0,0.7307,High Risk
CUST-100726,49.0,588.0,0.5658,Medium Risk
CUST-102185,424.15,5089.8,0.0552,Low Risk
CUST-103950,149.0,1788.0,0.8045,High Risk
CUST-105850,41.65,499.8,0.2355,Low Risk
CUST-104155,126.65,1519.8,0.1293,Low Risk
CUST-106116,149.0,1788.0,0.4911,Medium Risk
CUST-106338,41.65,499.8,0.1607,Low Risk
CUST-110414,1019.15,12229.8,0.1013,Low Risk
CUST-107702,424.15,5089.8,0.0575,Low Risk
CUST-106397,41.65,499.8,0.2269,Low Risk
CUST-109079,424.15,5089.8,0.0733,Low Risk
CUST-110962,1199.0,14388.0,0.1673,Low Risk
CUST-108914,424.15,5089.8,0.0603,Low Risk
CUST-105908,149.0,1788.0,0.5654,Medium Risk
CUST-111623,41.65,499.8,0.1704,Low Risk
CUST-106825,126.65,1519.8,0.168,Low Risk
CUST-103941,126.65,1519.8,0.1284,Low Risk
CUST-105780,1019.15,12229.8,0.0706,Low Risk
CUST-100025,49.0,588.0,0.6154,Medium Risk
CUST-104772,499.0,5988.0,0.2038,Low Risk
CUST-103963,49.0,588.0,0.5722,Medium Risk
CUST-110353,41.65,499.8,0.1808,Low Risk
CUST-100269,41.65,499.8,0.1935,Low Risk
CUST-108782,49.0,588.0,0.7322,High Risk
CUST-110841,49.0,588.0,0.8017,High Risk
CUST-107489,499.0,5988.0,0.1873,Low Risk
CUST-111208,41.65,499.8,0.223,Low Risk
CUST-110871,424.15,5089.8,0.0656,Low Risk
CUST-103906,424.15,5089.8,0.0516,Low Risk
CUST-104934,424.15,5089.8,0.0924,Low Risk
CUST-111485,126.65,1519.8,0.1502,Low Risk
CUST-106934,1019.15,12229.8,0.0589,Low Risk
CUST-108647,149.0,1788.0,0.2257,Low Risk
CUST-111809,424.15,5089.8,0.0399,Low Risk
CUST-108991,149.0,1788.0,0.7044,High Risk
CUST-102449,424.15,5089.8,0.054,Low Risk
CUST-110758,49.0,588.0,0.783,High Risk
CUST-101298,41.65,499.8,0.251,Low Risk
CUST-100086,149.0,1788.0,0.2057,Low Risk
CUST-110081,424.15,5089.8,0.0865,Low Risk
CUST-107349,149.0,1788.0,0.5972,Medium Risk
CUST-107685,41.65,499.8,0.1722,Low Risk
CUST-107740,126.65,1519.8,0.0831,Low Risk
CUST-111912,424.15,5089.8,0.0607,Low Risk
CUST-100627,1019.15,12229.8,0.0725,Low Risk
CUST-102392,126.65,1519.8,0.1255,Low Risk
CUST-105221,424.15,5089.8,0.0466,Low Risk
CUST-106142,49.0,588.0,0.705,High Risk
CUST-101337,126.65,1519.8,0.1578,Low Risk
CUST-103862,424.15,5089.8,0.0622,Low Risk
CUST-108224,41.65,499.8,0.16,Low Risk
CUST-111081,126.65,1519.8,0.103,Low Risk
CUST-100436,49.0,588.0,0.7321,High Risk
CUST-105727,424.15,5089.8,0.0476,Low Risk
CUST-107391,49.0,588.0,0.6003,Medium Risk
CUST-111883,126.65,1519.8,0.1351,Low Risk
CUST-108410,126.65,1519.8,0.1396,Low Risk
CUST-104469,424.15,5089.8,0.0577,Low Risk
CUST-102626,49.0,588.0,0.8164,High Risk
CUST-104670,49.0,588.0,0.8614,High Risk
CUST-102042,424.15,5089.8,0.0681,Low Risk
CUST-108452,41.65,499.8,0.1586,Low Risk
CUST-109085,49.0,588.0,0.8711,High Risk
CUST-106081,499.0,5988.0,0.1751,Low Risk
CUST-107873,49.0,588.0,0.5525,Medium Risk
CUST-110505,49.0,588.0,0.7327,High Risk
CUST-100854,41.65,499.8,0.1813,Low Risk
CUST-104096,41.65,499.8,0.1743,Low Risk
CUST-111813,499.0,5988.0,0.2023,Low Risk
CUST-109906,126.65,1519.8,0.1461,Low Risk
CUST-103271,49.0,588.0,0.8344,High Risk
CUST-106859,49.0,588.0,0.8138,High Risk
CUST-108641,41.65,499.8,0.1671,Low Risk
CUST-108239,424.15,5089.8,0.0989,Low Risk
CUST-106256,149.0,1788.0,0.6933,High Risk
CUST-112073,41.65,499.8,0.1795,Low Risk
CUST-107218,424.15,5089.8,0.0934,Low Risk
CUST-109345,49.0,588.0,0.7082,High Risk
CUST-106026,1019.15,12229.8,0.0976,Low Risk
CUST-103178,149.0,1788.0,0.2572,Low Risk
CUST-105070,49.0,588.0,0.7461,High Risk
CUST-103918,126.65,1519.8,0.1882,Low Risk
CUST-107355,41.65,499.8,0.1201,Low Risk
CUST-110003,49.0,588.0,0.8855,High Risk
CUST-107277,424.15,5089.8,0.0924,Low Risk
CUST-105968,149.0,1788.0,0.1792,Low Risk
CUST-110235,49.0,588.0,0.524,Medium Risk
CUST-102962,149.0,1788.0,0.5255,Medium Risk
CUST-102527,1019.15,12229.8,0.0525,Low Risk
CUST-106172,149.0,1788.0,0.636,Medium Risk
CUST-102147,499.0,5988.0,0.1233,Low Risk
CUST-112314,49.0,588.0,0.5875,Medium Risk
CUST-101657,499.0,5988.0,0.1419,Low Risk
CUST-101264,49.0,588.0,0.6776,High Risk
CUST-103711,149.0,1788.0,0.2316,Low Risk
CUST-103145,49.0,588.0,0.7326,High Risk
CUST-103509,499.0,5988.0,0.1006,Low Risk
CUST-108331,49.0,588.0,0.6581,High Risk
CUST-106937,424.15,5089.8,0.0493,Low Risk
CUST-101531,126.65,1519.8,0.1125,Low Risk
CUST-102093,41.65,499.8,0.1655,Low Risk
CUST-105381,149.0,1788.0,0.5268,Medium Risk
CUST-106171,49.0,588.0,0.6966,High Risk
CUST-101388,424.15,5089.8,0.0818,Low Risk
CUST-111462,49.0,588.0,0.7541,High Risk
CUST-102112,149.0,1788.0,0.5567,Medium Risk
CUST-105082,49.0,588.0,0.6859,High Risk
CUST-102317,424.15,5089.8,0.0729,Low Risk
CUST-109547,149.0,1788.0,0.6409,Medium Risk
CUST-105461,126.65,1519.8,0.1626,Low Risk
CUST-109874,49.0,588.0,0.6679,High Risk
CUST-104128,424.15,5089.8,0.0885,Low Risk
CUST-105401,424.15,5089.8,0.0801,Low Risk
CUST-105482,424.15,5089.8,0.0774,Low Risk
CUST-110605,424.15,5089.8,0.0676,Low Risk
CUST-100857,41.65,499.8,0.2243,Low Risk
CUST-106697,49.0,588.0,0.5442,Medium Risk
CUST-106347,149.0,1788.0,0.6373,Medium Risk
CUST-111331,424.15,5089.8,0.0697,Low Risk
CUST-102600,126.65,1519.8,0.1047,Low Risk
CUST-109991,424.15,5089.8,0.0463,Low Risk
CUST-108564,424.15,5089.8,0.0585,Low Risk
CUST-107199,499.0,5988.0,0.1041,Low Risk
CUST-104059,1019.15,12229.8,0.0722,Low Risk
CUST-101381,49.0,588.0,0.6842,High Risk
CUST-111492,424.15,5089.8,0.0796,Low Risk
CUST-109912,49.0,588.0,0.5965,Medium Risk
CUST-105267,499.0,5988.0,0.2094,Low Risk
CUST-109366,126.65,1519.8,0.0972,Low Risk
CUST-109508,149.0,1788.0,0.6582,High Risk
CUST-107581,1199.0,14388.0,0.1684,Low Risk
CUST-106299,424.15,5089.8,0.0428,Low Risk
CUST-110076,41.65,499.8,0.1491,Low Risk
CUST-111132,149.0,1788.0,0.3197,Low Risk
CUST-110562,1019.15,12229.8,0.0578,Low Risk
CUST-104703,424.15,5089.8,0.0977,Low Risk
CUST-106041,149.0,1788.0,0.8398,High Risk
CUST-107565,41.65,499.8,0.1521,Low Risk
CUST-108312,424.15,5089.8,0.0634,Low Risk
CUST-104961,49.0,588.0,0.7315,High Risk
CUST-110344,424.15,5089.8,0.0781,Low Risk
CUST-101118,1019.15,12229.8,0.0633,Low Risk
CUST-102473,126.65,1519.8,0.118,Low Risk
CUST-105295,49.0,588.0,0.7919,High Risk
CUST-110232,424.15,5089.8,0.0989,Low Risk
CUST-110408,126.65,1519.8,0.1644,Low Risk
CUST-110534,149.0,1788.0,0.6756,High Risk
CUST-109248,126.65,1519.8,0.1389,Low Risk
CUST-109236,126.65,1519.8,0.1246,Low Risk
CUST-107601,49.0,588.0,0.563,Medium Risk
CUST-108095,126.65,1519.8,0.1252,Low Risk
CUST-110288,149.0,1788.0,0.6077,Medium Risk
CUST-110739,424.15,5089.8,0.0844,Low Risk
CUST-104193,1019.15,12229.8,0.0975,Low Risk
CUST-112022,149.0,1788.0,0.7713,High Risk
CUST-110574,499.0,5988.0,0.229,Low Risk
CUST-103176,1019.15,12229.8,0.0664,Low Risk
CUST-108355,41.65,499.8,0.2243,Low Risk
CUST-108693,1019.15,12229.8,0.073,Low Risk
CUST-101868,49.0,588.0,0.6488,Medium Risk
CUST-110374,41.65,499.8,0.1698,Low Risk
CUST-102754,41.65,499.8,0.1124,Low Risk
CUST-105083,1019.15,12229.8,0.0744,Low Risk
CUST-108584,41.65,499.8,0.1795,Low Risk
CUST-101443,49.0,588.0,0.6265,Medium Risk
CUST-105928,49.0,588.0,0.7652,High Risk
CUST-110127,149.0,1788.0,0.6573,High Risk
CUST-102815,149.0,1788.0,0.5541,Medium Risk
CUST-110488,1199.0,14388.0,0.2355,Low Risk
CUST-101275,126.65,1519.8,0.1602,Low Risk
CUST-111667,424.15,5089.8,0.0926,Low Risk
CUST-107147,49.0,588.0,0.5388,Medium Risk
CUST-100693,126.65,1519.8,0.0965,Low Risk
CUST-108196,49.0,588.0,0.7153,High Risk
CUST-111182,424.15,5089.8,0.0722,Low Risk
CUST-102116,424.15,5089.8,0.0978,Low Risk
CUST-107055,424.15,5089.8,0.0635,Low Risk
CUST-100126,499.0,5988.0,0.2298,Low Risk
CUST-105375,149.0,1788.0,0.5408,Medium Risk
CUST-104742,126.65,1519.8,0.128,Low Risk
CUST-103460,126.65,1519.8,0.0993,Low Risk
CUST-104938,499.0,5988.0,0.1896,Low Risk
CUST-100125,41.65,499.8,0.1253,Low Risk
CUST-100897,49.0,588.0,0.5588,Medium Risk
CUST-106475,126.65,1519.8,0.1075,Low Risk
CUST-103612,41.65,499.8,0.1771,Low Risk
CUST-109717,149.0,1788.0,0.6741,High Risk
CUST-104640,41.65,499.8,0.2228,Low Risk
CUST-101816,49.0,588.0,0.788,High Risk
CUST-111910,49.0,588.0,0.7098,High Risk
CUST-105655,149.0,1788.0,0.578,Medium Risk
CUST-106785,149.0,1788.0,0.5512,Medium Risk
CUST-106947,149.0,1788.0,0.339,Low Risk
CUST-104458,499.0,5988.0,0.233,Low Risk
CUST-101336,49.0,588.0,0.8869,High Risk
CUST-102549,126.65,1519.8,0.124,Low Risk
CUST-101391,41.65,499.8,0.1883,Low Risk
CUST-109768,1019.15,12229.8,0.0615,Low Risk
CUST-109299,49.0,588.0,0.8135,High Risk
CUST-111250,1199.0,14388.0,0.1726,Low Risk
CUST-102578,126.65,1519.8,0.1464,Low Risk
CUST-106878,126.65,1519.8,0.1898,Low Risk
CUST-106163,424.15,5089.8,0.0654,Low Risk
CUST-101503,126.65,1519.8,0.0827,Low Risk
CUST-102324,424.15,5089.8,0.0877,Low Risk
CUST-105751,1019.15,12229.8,0.1082,Low Risk
CUST-105567,499.0,5988.0,0.2276,Low Risk
CUST-105062,149.0,1788.0,0.3575,Medium Risk
CUST-102955,41.65,499.8,0.1166,Low Risk
CUST-111252,41.65,499.8,0.1892,Low Risk
CUST-112313,126.65,1519.8,0.1043,Low Risk
CUST-100430,424.15,5089.8,0.0838,Low Risk
CUST-110052,49.0,588.0,0.8426,High Risk
CUST-110186,41.65,499.8,0.1359,Low Risk
CUST-111987,41.65,499.8,0.1577,Low Risk
CUST-101882,126.65,1519.8,0.0874,Low Risk
CUST-109113,499.0,5988.0,0.1714,Low Risk
CUST-101773,149.0,1788.0,0.2755,Low Risk
CUST-110759,49.0,588.0,0.6304,Medium Risk
CUST-103485,41.65,499.8,0.195,Low Risk
CUST-108313,49.0,588.0,0.5844,Medium Risk
CUST-112081,49.0,588.0,0.5816,Medium Risk
CUST-105761,499.0,5988.0,0.1461,Low Risk
CUST-111687,149.0,1788.0,0.7445,High Risk
CUST-111217,49.0,588.0,0.6773,High Risk
CUST-100842,149.0,1788.0,0.6099,Medium Risk
CUST-110900,424.15,5089.8,0.0675,Low Risk
CUST-105793,499.0,5988.0,0.1657,Low Risk
CUST-111309,41.65,499.8,0.1686,Low Risk
CUST-109202,49.0,588.0,0.6881,High Risk
CUST-100982,149.0,1788.0,0.2988,Low Risk
CUST-109115,1019.15,12229.8,0.0804,Low Risk
CUST-102131,49.0,588.0,0.6775,High Risk
CUST-107075,126.65,1519.8,0.1314,Low Risk
CUST-111361,49.0,588.0,0.6465,Medium Risk
CUST-101398,41.65,499.8,0.2014,Low Risk
CUST-111419,49.0,588.0,0.6732,High Risk
CUST-101099,41.65,499.8,0.1348,Low Risk
CUST-107770,41.65,499.8,0.1772,Low Risk
CUST-102500,424.15,5089.8,0.0555,Low Risk
CUST-106132,149.0,1788.0,0.482,Medium Risk
CUST-104176,149.0,1788.0,0.7186,High Risk
CUST-110897,49.0,588.0,0.6084,Medium Risk
CUST-105120,424.15,5089.8,0.0431,Low Risk
CUST-101557,49.0,588.0,0.6431,Medium Risk
CUST-106815,41.65,499.8,0.2076,Low Risk
CUST-107430,49.0,588.0,0.6505,High Risk
CUST-101624,499.0,5988.0,0.1743,Low Risk
CUST-107048,49.0,588.0,0.7662,High Risk
CUST-109919,49.0,588.0,0.7348,High Risk
CUST-108282,49.0,588.0,0.6198,Medium Risk
CUST-104831,1019.15,12229.8,0.0774,Low Risk
CUST-108692,49.0,588.0,0.7069,High Risk
CUST-109787,499.0,5988.0,0.1819,Low Risk
CUST-106240,49.0,588.0,0.7143,High Risk
CUST-105327,126.65,1519.8,0.1601,Low Risk
CUST-108984,1019.15,12229.8,0.105,Low Risk
CUST-111929,49.0,588.0,0.8056,High Risk
CUST-102067,1019.15,12229.8,0.0634,Low Risk
CUST-101076,424.15,5089.8,0.0439,Low Risk
CUST-105277,499.0,5988.0,0.1933,Low Risk
CUST-101323,126.65,1519.8,0.0727,Low Risk
CUST-101204,49.0,588.0,0.7598,High Risk
CUST-107267,126.65,1519.8,0.0776,Low Risk
CUST-108032,424.15,5089.8,0.0613,Low Risk
CUST-106580,149.0,1788.0,0.2506,Low Risk
CUST-100996,424.15,5089.8,0.095,Low Risk
CUST-100510,49.0,588.0,0.5683,Medium Risk
CUST-111689,126.65,1519.8,0.1428,Low Risk
CUST-110077,41.65,499.8,0.1947,Low Risk
CUST-108254,126.65,1519.8,0.1119,Low Risk
CUST-101786,126.65,1519.8,0.1381,Low Risk
CUST-109726,424.15,5089.8,0.1014,Low Risk
CUST-105931,49.0,588.0,0.704,High Risk
CUST-107344,126.65,1519.8,0.1581,Low Risk
CUST-101041,126.65,1519.8,0.1459,Low Risk
CUST-101862,499.0,5988.0,0.2026,Low Risk
CUST-108619,49.0,588.0,0.6763,High Risk
CUST-106897,49.0,588.0,0.8146,High Risk
CUST-102076,49.0,588.0,0.7644,High Risk
CUST-100858,41.65,499.8,0.1996,Low Risk
CUST-104347,149.0,1788.0,0.2952,Low Risk
CUST-102854,149.0,1788.0,0.3667,Medium Risk
CUST-100258,41.65,499.8,0.1516,Low Risk
CUST-102159,49.0,588.0,0.7449,High Risk
CUST-101801,41.65,499.8,0.1697,Low Risk
CUST-111085,499.0,5988.0,0.2049,Low Risk
CUST-102370,49.0,588.0,0.76,High Risk
CUST-104542,499.0,5988.0,0.133,Low Risk
CUST-100046,424.15,5089.8,0.0767,Low Risk
CUST-111276,499.0,5988.0,0.2502,Low Risk
CUST-103538,49.0,588.0,0.6854,High Risk
CUST-109080,149.0,1788.0,0.4657,Medium Risk
CUST-112473,424.15,5089.8,0.0918,Low Risk
CUST-103362,126.65,1519.8,0.1017,Low Risk
CUST-102063,49.0,588.0,0.6678,High Risk
CUST-103990,41.65,499.8,0.1844,Low Risk
CUST-100349,424.15,5089.8,0.0894,Low Risk
CUST-109783,49.0,588.0,0.7253,High Risk
CUST-110513,424.15,5089.8,0.0546,Low Risk
CUST-111635,49.0,588.0,0.549,Medium Risk
CUST-107450,149.0,1788.0,0.4647,Medium Risk
CUST-103109,49.0,588.0,0.5661,Medium Risk
CUST-100992,126.65,1519.8,0.142,Low Risk
CUST-105876,49.0,588.0,0.7428,High Risk
CUST-107264,149.0,1788.0,0.5267,Medium Risk
CUST-103559,126.65,1519.8,0.1725,Low Risk
CUST-106070,41.65,499.8,0.1563,Low Risk
CUST-100536,126.65,1519.8,0.1154,Low Risk
CUST-110086,424.15,5089.8,0.0852,Low Risk
CUST-108017,424.15,5089.8,0.0711,Low Risk
CUST-101622,41.65,499.8,0.1897,Low Risk
CUST-110730,149.0,1788.0,0.3244,Low Risk
CUST-111804,49.0,588.0,0.8053,High Risk
CUST-106866,424.15,5089.8,0.0654,Low Risk
CUST-108850,149.0,1788.0,0.7122,High Risk
CUST-110985,126.65,1519.8,0.1654,Low Risk
CUST-106367,149.0,1788.0,0.7189,High Risk
CUST-108807,126.65,1519.8,0.1785,Low Risk
CUST-101902,126.65,1519.8,0.0994,Low Risk
CUST-108071,499.0,5988.0,0.1586,Low Risk
CUST-106689,49.0,588.0,0.8651,High Risk
CUST-101035,126.65,1519.8,0.1031,Low Risk
CUST-110611,1019.15,12229.8,0.0759,Low Risk
CUST-109995,499.0,5988.0,0.2417,Low Risk
CUST-105374,49.0,588.0,0.761,High Risk
CUST-109198,126.65,1519.8,0.1209,Low Risk
CUST-110150,41.65,499.8,0.1717,Low Risk
CUST-100410,424.15,5089.8,0.0697,Low Risk
CUST-106242,49.0,588.0,0.5936,Medium Risk
CUST-112366,1019.15,12229.8,0.0933,Low Risk
CUST-104295,49.0,588.0,0.7602,High Risk
CUST-102024,1019.15,12229.8,0.0829,Low Risk
CUST-104332,41.65,499.8,0.2337,Low Risk
CUST-100228,126.65,1519.8,0.1048,Low Risk
CUST-106464,126.65,1519.8,0.136,Low Risk
CUST-101479,41.65,499.8,0.2057,Low Risk
CUST-105992,49.0,588.0,0.7262,High Risk
CUST-106511,149.0,1788.0,0.2588,Low Risk
CUST-103696,49.0,588.0,0.588,Medium Risk
CUST-102306,126.65,1519.8,0.1737,Low Risk
CUST-101233,149.0,1788.0,0.5335,Medium Risk
CUST-107673,41.65,499.8,0.1622,Low Risk
CUST-101886,149.0,1788.0,0.3561,Medium Risk
CUST-105549,126.65,1519.8,0.1132,Low Risk
CUST-111158,424.15,5089.8,0.077,Low Risk
CUST-107894,126.65,1519.8,0.1469,Low Risk
CUST-102695,49.0,588.0,0.6245,Medium Risk
CUST-104465,149.0,1788.0,0.3109,Low Risk
CUST-108221,41.65,499.8,0.1605,Low Risk
CUST-105994,49.0,588.0,0.6491,Medium Risk
CUST-111736,149.0,1788.0,0.4413,Medium Risk
CUST-102165,424.15,5089.8,0.0759,Low Risk
CUST-102877,499.0,5988.0,0.1852,Low Risk
CUST-104835,126.65,1519.8,0.0816,Low Risk
CUST-102153,499.0,5988.0,0.1536,Low Risk
CUST-112419,149.0,1788.0,0.337,Low Risk
CUST-107222,126.65,1519.8,0.0969,Low Risk
CUST-105061,424.15,5089.8,0.1061,Low Risk
CUST-100645,424.15,5089.8,0.0556,Low Risk
CUST-112353,49.0,588.0,0.696,High Risk
CUST-101591,424.15,5089.8,0.0634,Low Risk
CUST-102240,49.0,588.0,0.6328,Medium Risk
CUST-111104,424.15,5089.8,0.0907,Low Risk
CUST-104106,424.15,5089.8,0.0942,Low Risk
CUST-110172,499.0,5988.0,0.1109,Low Risk
CUST-110430,424.15,5089.8,0.0698,Low Risk
CUST-105772,126.65,1519.8,0.1089,Low Risk
CUST-108138,499.0,5988.0,0.196,Low Risk
CUST-100803,424.15,5089.8,0.0751,Low Risk
CUST-100132,126.65,1519.8,0.1192,Low Risk
CUST-110784,126.65,1519.8,0.1359,Low Risk
CUST-104837,499.0,5988.0,0.1407,Low Risk
CUST-109417,1199.0,14388.0,0.1729,Low Risk
CUST-109370,149.0,1788.0,0.671,High Risk
CUST-106248,149.0,1788.0,0.5464,Medium Risk
CUST-107916,41.65,499.8,0.1662,Low Risk
CUST-104949,149.0,1788.0,0.685,High Risk
CUST-104097,41.65,499.8,0.1516,Low Risk
CUST-104901,126.65,1519.8,0.1387,Low Risk
CUST-109626,126.65,1519.8,0.1389,Low Risk
CUST-108955,49.0,588.0,0.5722,Medium Risk
CUST-111101,149.0,1788.0,0.6877,High Risk
CUST-104712,424.15,5089.8,0.0929,Low Risk
CUST-107622,126.65,1519.8,0.1327,Low Risk
CUST-100153,1019.15,12229.8,0.0678,Low Risk
CUST-104183,424.15,5089.8,0.0445,Low Risk
CUST-107529,149.0,1788.0,0.6872,High Risk
CUST-104161,41.65,499.8,0.1392,Low Risk
CUST-110451,49.0,588.0,0.5574,Medium Risk
CUST-103804,149.0,1788.0,0.4796,Medium Risk
CUST-108153,126.65,1519.8,0.0959,Low Risk
CUST-111192,126.65,1519.8,0.1067,Low Risk
CUST-112002,424.15,5089.8,0.0687,Low Risk
CUST-109985,149.0,1788.0,0.7953,High Risk
CUST-102868,49.0,588.0,0.7923,High Risk
CUST-102785,49.0,588.0,0.7585,High Risk
CUST-111170,499.0,5988.0,0.2188,Low Risk
CUST-111685,424.15,5089.8,0.0478,Low Risk
CUST-104000,126.65,1519.8,0.094,Low Risk
CUST-106141,41.65,499.8,0.1818,Low Risk
CUST-105873,424.15,5089.8,0.0716,Low Risk
CUST-104806,424.15,5089.8,0.0996,Low Risk
CUST-100474,149.0,1788.0,0.224,Low Risk
CUST-104906,424.15,5089.8,0.0539,Low Risk
CUST-101646,499.0,5988.0,0.1738,Low Risk
CUST-110383,149.0,1788.0,0.6301,Medium Risk
CUST-112214,126.65,1519.8,0.1342,Low Risk
CUST-111569,49.0,588.0,0.8155,High Risk
CUST-104708,126.65,1519.8,0.1068,Low Risk
CUST-110340,49.0,588.0,0.7702,High Risk
CUST-103846,424.15,5089.8,0.0616,Low Risk
CUST-100588,424.15,5089.8,0.0434,Low Risk
CUST-108864,149.0,1788.0,0.5344,Medium Risk
CUST-107994,126.65,1519.8,0.147,Low Risk
CUST-108742,126.65,1519.8,0.0981,Low Risk
CUST-101315,49.0,588.0,0.6312,Medium Risk
CUST-106512,499.0,5988.0,0.2167,Low Risk
CUST-105546,49.0,588.0,0.7957,High Risk
CUST-107692,499.0,5988.0,0.2413,Low Risk
CUST-101225,149.0,1788.0,0.6851,High Risk
CUST-110727,41.65,499.8,0.1775,Low Risk
CUST-102361,41.65,499.8,0.1529,Low Risk
CUST-100251,126.65,1519.8,0.1637,Low Risk
CUST-108617,49.0,588.0,0.6179,Medium Risk
CUST-101644,41.65,499.8,0.1495,Low Risk
CUST-105439,41.65,499.8,0.1999,Low Risk
CUST-100606,149.0,1788.0,0.587,Medium Risk
CUST-108115,149.0,1788.0,0.3388,Low Risk
CUST-102492,49.0,588.0,0.6082,Medium Risk
CUST-110682,424.15,5089.8,0.072,Low Risk
CUST-106325,126.65,1519.8,0.1345,Low Risk
CUST-106246,126.65,1519.8,0.1802,Low Risk
CUST-112230,149.0,1788.0,0.6962,High Risk
CUST-106730,41.65,499.8,0.2165,Low Risk
CUST-103826,41.65,499.8,0.1638,Low Risk
CUST-106274,41.65,499.8,0.1533,Low Risk
CUST-103912,126.65,1519.8,0.0927,Low Risk
CUST-103090,424.15,5089.8,0.0787,Low Risk
CUST-107460,499.0,5988.0,0.2136,Low Risk
CUST-106180,1019.15,12229.8,0.0607,Low Risk
CUST-109042,424.15,5089.8,0.0655,Low Risk
CUST-105654,149.0,1788.0,0.7194,High Risk
CUST-108824,41.65,499.8,0.233,Low Risk
CUST-102434,49.0,588.0,0.6897,High Risk
CUST-108022,126.65,1519.8,0.1079,Low Risk
CUST-110812,49.0,588.0,0.8125,High Risk
CUST-109501,126.65,1519.8,0.1224,Low Risk
CUST-104891,49.0,588.0,0.5508,Medium Risk
CUST-100042,126.65,1519.8,0.146,Low Risk
CUST-104377,149.0,1788.0,0.741,High Risk
CUST-108318,49.0,588.0,0.7055,High Risk
CUST-106798,126.65,1519.8,0.1358,Low Risk
CUST-111628,126.65,1519.8,0.1833,Low Risk
CUST-103122,49.0,588.0,0.5737,Medium Risk
CUST-106284,126.65,1519.8,0.1794,Low Risk
CUST-109031,49.0,588.0,0.5268,Medium Risk
CUST-107483,41.65,499.8,0.1701,Low Risk
CUST-106807,49.0,588.0,0.9124,High Risk
CUST-108337,149.0,1788.0,0.2882,Low Risk
CUST-104781,424.15,5089.8,0.0595,Low Risk
CUST-102522,424.15,5089.8,0.0824,Low Risk
CUST-110612,49.0,588.0,0.5676,Medium Risk
CUST-101924,424.15,5089.8,0.0646,Low Risk
CUST-101858,126.65,1519.8,0.1784,Low Risk
CUST-112262,126.65,1519.8,0.0865,Low Risk
CUST-106684,149.0,1788.0,0.607,Medium Risk
CUST-109048,49.0,588.0,0.7436,High Risk
CUST-102594,126.65,1519.8,0.0711,Low Risk
CUST-110322,424.15,5089.8,0.0788,Low Risk
CUST-100472,149.0,1788.0,0.3328,Low Risk
CUST-107941,49.0,588.0,0.6318,Medium Risk
CUST-104719,49.0,588.0,0.6828,High Risk
CUST-102146,41.65,499.8,0.1691,Low Risk
CUST-110246,424.15,5089.8,0.0829,Low Risk
CUST-108167,149.0,1788.0,0.5088,Medium Risk
CUST-110201,424.15,5089.8,0.0939,Low Risk
CUST-105927,41.65,499.8,0.2066,Low Risk
CUST-108494,41.65,499.8,0.1831,Low Risk
CUST-103073,424.15,5089.8,0.0771,Low Risk
CUST-100888,424.15,5089.8,0.077,Low Risk
CUST-107569,126.65,1519.8,0.1123,Low Risk
CUST-108889,41.65,499.8,0.1714,Low Risk
CUST-100018,424.15,5089.8,0.0606,Low Risk
CUST-106622,424.15,5089.8,0.0612,Low Risk
CUST-101899,49.0,588.0,0.7337,High Risk
CUST-105296,41.65,499.8,0.2223,Low Risk
CUST-105153,424.15,5089.8,0.0515,Low Risk
CUST-107451,126.65,1519.8,0.0918,Low Risk
CUST-100601,424.15,5089.8,0.0518,Low Risk
CUST-106744,49.0,588.0,0.802,High Risk
CUST-105403,126.65,1519.8,0.0815,Low Risk
CUST-110979,149.0,1788.0,0.7034,High Risk
CUST-105260,424.15,5089.8,0.0712,Low Risk
CUST-105700,149.0,1788.0,0.6992,High Risk
CUST-101494,149.0,1788.0,0.4677,Medium Risk
CUST-111538,126.65,1519.8,0.1552,Low Risk
CUST-110400,126.65,1519.8,0.1148,Low Risk
CUST-109590,41.65,499.8,0.2126,Low Risk
CUST-102973,1019.15,12229.8,0.0535,Low Risk
CUST-112465,499.0,5988.0,0.1499,Low Risk
CUST-110674,1019.15,12229.8,0.0912,Low Risk
CUST-107708,126.65,1519.8,0.1158,Low Risk
CUST-104415,499.0,5988.0,0.1555,Low Risk
CUST-112248,149.0,1788.0,0.2614,Low Risk
CUST-104102,1199.0,14388.0,0.1744,Low Risk
CUST-101317,49.0,588.0,0.5763,Medium Risk
CUST-108090,41.65,499.8,0.1368,Low Risk
CUST-104460,126.65,1519.8,0.1796,Low Risk
CUST-106594,424.15,5089.8,0.0538,Low Risk
CUST-104982,424.15,5089.8,0.0973,Low Risk
CUST-107679,499.0,5988.0,0.243,Low Risk
CUST-107195,499.0,5988.0,0.1633,Low Risk
CUST-104728,49.0,588.0,0.8039,High Risk
CUST-112144,41.65,499.8,0.1649,Low Risk
CUST-102718,126.65,1519.8,0.1239,Low Risk
CUST-104352,149.0,1788.0,0.1984,Low Risk
CUST-110610,126.65,1519.8,0.1377,Low Risk
CUST-103683,49.0,588.0,0.6793,High Risk
CUST-108922,49.0,588.0,0.6453,Medium Risk
CUST-101880,49.0,588.0,0.8364,High Risk
CUST-111860,126.65,1519.8,0.1338,Low Risk
CUST-110832,49.0,588.0,0.6654,High Risk
CUST-104334,49.0,588.0,0.6683,High Risk
CUST-101166,499.0,5988.0,0.2391,Low Risk
CUST-107438,49.0,588.0,0.6177,Medium Risk
CUST-104632,126.65,1519.8,0.0892,Low Risk
CUST-104720,49.0,588.0,0.5594,Medium Risk
CUST-103792,149.0,1788.0,0.6924,High Risk
CUST-100534,126.65,1519.8,0.1816,Low Risk
CUST-107699,1019.15,12229.8,0.1032,Low Risk
CUST-111517,149.0,1788.0,0.7177,High Risk
CUST-100043,424.15,5089.8,0.0848,Low Risk
CUST-101229,49.0,588.0,0.8538,High Risk
CUST-109043,49.0,588.0,0.6024,Medium Risk
CUST-110820,424.15,5089.8,0.0924,Low Risk
CUST-103404,1019.15,12229.8,0.0903,Low Risk
CUST-101625,126.65,1519.8,0.1652,Low Risk
CUST-109988,424.15,5089.8,0.0839,Low Risk
CUST-105003,41.65,499.8,0.1586,Low Risk
CUST-107253,149.0,1788.0,0.2852,Low Risk
CUST-107381,149.0,1788.0,0.2708,Low Risk
CUST-108561,126.65,1519.8,0.1201,Low Risk
CUST-103697,424.15,5089.8,0.0939,Low Risk
CUST-110132,499.0,5988.0,0.2161,Low Risk
CUST-109766,424.15,5089.8,0.0888,Low Risk
CUST-109933,149.0,1788.0,0.7952,High Risk
CUST-104066,41.65,499.8,0.2307,Low Risk
CUST-101395,49.0,588.0,0.8073,High Risk
CUST-111913,49.0,588.0,0.8235,High Risk
CUST-102444,41.65,499.8,0.141,Low Risk
CUST-102485,49.0,588.0,0.658,High Risk
CUST-100878,424.15,5089.8,0.0726,Low Risk
CUST-111246,126.65,1519.8,0.158,Low Risk
CUST-109453,126.65,1519.8,0.1017,Low Risk
CUST-101213,1019.15,12229.8,0.0815,Low Risk
CUST-106565,424.15,5089.8,0.0454,Low Risk
CUST-101869,126.65,1519.8,0.1257,Low Risk
CUST-107827,499.0,5988.0,0.2023,Low Risk
CUST-104136,149.0,1788.0,0.3572,Medium Risk
CUST-100841,149.0,1788.0,0.2359,Low Risk
CUST-103020,126.65,1519.8,0.1081,Low Risk
CUST-105582,424.15,5089.8,0.048,Low Risk
CUST-107843,41.65,499.8,0.2362,Low Risk
CUST-107690,49.0,588.0,0.6336,Medium Risk
CUST-104658,424.15,5089.8,0.0659,Low Risk
CUST-109405,126.65,1519.8,0.0963,Low Risk
CUST-100200,149.0,1788.0,0.5068,Medium Risk
CUST-101680,424.15,5089.8,0.0572,Low Risk
CUST-110450,41.65,499.8,0.1861,Low Risk
CUST-111721,49.0,588.0,0.7558,High Risk
CUST-111426,1019.15,12229.8,0.1088,Low Risk
CUST-109066,126.65,1519.8,0.1766,Low Risk
CUST-104494,49.0,588.0,0.5357,Medium Risk
CUST-111764,126.65,1519.8,0.15,Low Risk
CUST-102939,424.15,5089.8,0.0813,Low Risk
CUST-103727,41.65,499.8,0.2253,Low Risk
CUST-101647,41.65,499.8,0.1719,Low Risk
CUST-109777,126.65,1519.8,0.1808,Low Risk
CUST-108595,41.65,499.8,0.2211,Low Risk
CUST-104530,499.0,5988.0,0.2035,Low Risk
CUST-103033,49.0,588.0,0.6881,High Risk
CUST-108779,424.15,5089.8,0.1078,Low Risk
CUST-105169,41.65,499.8,0.1951,Low Risk
CUST-101976,41.65,499.8,0.136,Low Risk
CUST-104438,424.15,5089.8,0.0933,Low Risk
CUST-107434,41.65,499.8,0.1795,Low Risk
CUST-105632,1199.0,14388.0,0.1891,Low Risk
CUST-106046,49.0,588.0,0.6306,Medium Risk
CUST-105016,126.65,1519.8,0.0954,Low Risk
CUST-103986,126.65,1519.8,0.1332,Low Risk
CUST-106625,126.65,1519.8,0.0776,Low Risk
CUST-103630,424.15,5089.8,0.0681,Low Risk
CUST-101524,1019.15,12229.8,0.0558,Low Risk
CUST-100282,149.0,1788.0,0.663,High Risk
CUST-108041,41.65,499.8,0.1526,Low Risk
CUST-110582,49.0,588.0,0.6804,High Risk
CUST-111314,49.0,588.0,0.7269,High Risk
CUST-103937,41.65,499.8,0.2182,Low Risk
CUST-112019,149.0,1788.0,0.5503,Medium Risk
CUST-100166,424.15,5089.8,0.0592,Low Risk
CUST-109106,41.65,499.8,0.2568,Low Risk
CUST-104526,149.0,1788.0,0.3704,Medium Risk
CUST-111488,49.0,588.0,0.5788,Medium Risk
CUST-104581,149.0,1788.0,0.6196,Medium Risk
CUST-105576,149.0,1788.0,0.5559,Medium Risk
CUST-103475,149.0,1788.0,0.78,High Risk
CUST-107988,424.15,5089.8,0.0468,Low Risk
CUST-108098,41.65,499.8,0.2095,Low Risk
CUST-110947,41.65,499.8,0.1651,Low Risk
CUST-109336,424.15,5089.8,0.1124,Low Risk
CUST-107613,424.15,5089.8,0.0627,Low Risk
CUST-107385,1199.0,14388.0,0.1686,Low Risk
CUST-101419,41.65,499.8,0.2175,Low Risk
CUST-107616,126.65,1519.8,0.1738,Low Risk
CUST-108817,499.0,5988.0,0.1696,Low Risk
CUST-104425,41.65,499.8,0.1878,Low Risk
CUST-110657,149.0,1788.0,0.6713,High Risk
CUST-108548,126.65,1519.8,0.1224,Low Risk
CUST-102885,49.0,588.0,0.5645,Medium Risk
CUST-100207,126.65,1519.8,0.1406,Low Risk
CUST-110609,499.0,5988.0,0.1967,Low Risk
CUST-108289,1019.15,12229.8,0.0803,Low Risk
CUST-106071,126.65,1519.8,0.0925,Low Risk
CUST-110838,499.0,5988.0,0.1486,Low Risk
CUST-105688,126.65,1519.8,0.11,Low Risk
CUST-100672,499.0,5988.0,0.1902,Low Risk
CUST-104941,49.0,588.0,0.5566,Medium Risk
CUST-101669,126.65,1519.8,0.1152,Low Risk
CUST-110276,1019.15,12229.8,0.0687,Low Risk
CUST-109700,49.0,588.0,0.7834,High Risk
CUST-103249,424.15,5089.8,0.1235,Low Risk
CUST-106498,41.65,499.8,0.2423,Low Risk
CUST-111921,49.0,588.0,0.6111,Medium Risk
CUST-109433,49.0,588.0,0.621,Medium Risk
CUST-112003,499.0,5988.0,0.1566,Low Risk
CUST-102683,1199.0,14388.0,0.1737,Low Risk
CUST-112337,149.0,1788.0,0.6361,Medium Risk
CUST-109949,149.0,1788.0,0.6556,High Risk
CUST-102749,126.65,1519.8,0.1583,Low Risk
CUST-106043,126.65,1519.8,0.1627,Low Risk
CUST-104198,41.65,499.8,0.2137,Low Risk
CUST-107619,499.0,5988.0,0.1333,Low Risk
CUST-103571,126.65,1519.8,0.1576,Low Risk
CUST-109240,424.15,5089.8,0.0673,Low Risk
CUST-101874,126.65,1519.8,0.164,Low Risk
CUST-110968,149.0,1788.0,0.4593,Medium Risk
CUST-107758,126.65,1519.8,0.1385,Low Risk
CUST-102496,41.65,499.8,0.2422,Low Risk
CUST-100333,424.15,5089.8,0.0567,Low Risk
CUST-103266,126.65,1519.8,0.1036,Low Risk
CUST-104051,126.65,1519.8,0.1566,Low Risk
CUST-100508,126.65,1519.8,0.1135,Low Risk
CUST-100659,149.0,1788.0,0.5578,Medium Risk
CUST-101124,149.0,1788.0,0.4921,Medium Risk
CUST-112308,41.65,499.8,0.1575,Low Risk
CUST-100317,49.0,588.0,0.6632,High Risk
CUST-104133,499.0,5988.0,0.185,Low Risk
CUST-104558,41.65,499.8,0.1804,Low Risk
CUST-111749,126.65,1519.8,0.1272,Low Risk
CUST-105529,49.0,588.0,0.8803,High Risk
CUST-107449,424.15,5089.8,0.0855,Low Risk
CUST-103467,126.65,1519.8,0.1471,Low Risk
CUST-111922,126.65,1519.8,0.1115,Low Risk
CUST-100823,49.0,588.0,0.6406,Medium Risk
CUST-102977,1019.15,12229.8,0.072,Low Risk
CUST-107564,41.65,499.8,0.1432,Low Risk
CUST-102223,499.0,5988.0,0.1771,Low Risk
CUST-107022,41.65,499.8,0.2233,Low Risk
CUST-110530,41.65,499.8,0.1797,Low Risk
CUST-110862,49.0,588.0,0.8007,High Risk
CUST-109246,499.0,5988.0,0.1321,Low Risk
CUST-109697,126.65,1519.8,0.1221,Low Risk
CUST-100441,41.65,499.8,0.2104,Low Risk
CUST-102704,49.0,588.0,0.5725,Medium Risk
CUST-110958,41.65,499.8,0.2176,Low Risk
CUST-105507,126.65,1519.8,0.113,Low Risk
CUST-106371,126.65,1519.8,0.1033,Low Risk
CUST-104471,49.0,588.0,0.8368,High Risk
CUST-103595,49.0,588.0,0.7008,High Risk
CUST-107999,41.65,499.8,0.197,Low Risk
CUST-108947,41.65,499.8,0.1756,Low Risk
CUST-106865,149.0,1788.0,0.2527,Low Risk
CUST-106389,424.15,5089.8,0.1046,Low Risk
CUST-104892,49.0,588.0,0.8487,High Risk
CUST-105763,41.65,499.8,0.1992,Low Risk
CUST-100096,424.15,5089.8,0.0613,Low Risk
CUST-107814,126.65,1519.8,0.1302,Low Risk
CUST-100320,499.0,5988.0,0.1886,Low Risk
CUST-106381,126.65,1519.8,0.1532,Low Risk
CUST-103388,424.15,5089.8,0.0986,Low Risk
CUST-105421,41.65,499.8,0.1814,Low Risk
CUST-106797,41.65,499.8,0.1348,Low Risk
CUST-101052,424.15,5089.8,0.0532,Low Risk
CUST-103505,149.0,1788.0,0.259,Low Risk
CUST-111573,499.0,5988.0,0.1695,Low Risk
CUST-102503,49.0,588.0,0.5642,Medium Risk
CUST-106275,49.0,588.0,0.6669,High Risk
CUST-103788,126.65,1519.8,0.1803,Low Risk
CUST-102267,126.65,1519.8,0.109,Low Risk
CUST-101320,149.0,1788.0,0.3437,Low Risk
CUST-104451,49.0,588.0,0.6733,High Risk
CUST-104499,41.65,499.8,0.1601,Low Risk
CUST-103919,149.0,1788.0,0.5496,Medium Risk
CUST-104543,49.0,588.0,0.6692,High Risk
CUST-110447,126.65,1519.8,0.1595,Low Risk
CUST-104050,49.0,588.0,0.6212,Medium Risk
CUST-104246,126.65,1519.8,0.1872,Low Risk
CUST-107373,126.65,1519.8,0.1447,Low Risk
CUST-102607,1019.15,12229.8,0.088,Low Risk
CUST-106991,49.0,588.0,0.8467,High Risk
CUST-111784,49.0,588.0,0.6615,High Risk
CUST-107251,499.0,5988.0,0.149,Low Risk
CUST-105198,41.65,499.8,0.2059,Low Risk
CUST-109755,126.65,1519.8,0.1094,Low Risk
CUST-108702,424.15,5089.8,0.0404,Low Risk
CUST-110937,424.15,5089.8,0.0755,Low Risk
CUST-102184,41.65,499.8,0.2116,Low Risk
CUST-101988,499.0,5988.0,0.2265,Low Risk
CUST-109132,126.65,1519.8,0.1249,Low Risk
CUST-100822,499.0,5988.0,0.161,Low Risk
CUST-107611,49.0,588.0,0.6458,Medium Risk
CUST-108486,149.0,1788.0,0.8179,High Risk
CUST-111401,49.0,588.0,0.8258,High Risk
CUST-102881,49.0,588.0,0.7102,High Risk
CUST-103585,1019.15,12229.8,0.0779,Low Risk
CUST-106965,149.0,1788.0,0.5391,Medium Risk
CUST-101746,41.65,499.8,0.1924,Low Risk
CUST-103997,149.0,1788.0,0.5094,Medium Risk
CUST-106547,149.0,1788.0,0.4901,Medium Risk
CUST-108099,126.65,1519.8,0.1198,Low Risk
CUST-111769,126.65,1519.8,0.0894,Low Risk
CUST-103185,126.65,1519.8,0.2008,Low Risk
CUST-110318,424.15,5089.8,0.0581,Low Risk
CUST-106790,126.65,1519.8,0.1118,Low Risk
CUST-101193,149.0,1788.0,0.3192,Low Risk
CUST-107784,424.15,5089.8,0.0582,Low Risk
CUST-100757,424.15,5089.8,0.0698,Low Risk
CUST-103680,126.65,1519.8,0.1424,Low Risk
CUST-110145,424.15,5089.8,0.0999,Low Risk
CUST-108445,126.65,1519.8,0.1304,Low Risk
CUST-104649,1019.15,12229.8,0.0464,Low Risk
CUST-110794,49.0,588.0,0.8561,High Risk
CUST-107752,41.65,499.8,0.1856,Low Risk
CUST-108375,126.65,1519.8,0.1222,Low Risk
CUST-103501,41.65,499.8,0.1998,Low Risk
CUST-111069,126.65,1519.8,0.1284,Low Risk
CUST-107618,41.65,499.8,0.2421,Low Risk
CUST-105279,424.15,5089.8,0.1158,Low Risk
CUST-110726,424.15,5089.8,0.1162,Low Risk
CUST-104700,424.15,5089.8,0.0668,Low Risk
CUST-104978,41.65,499.8,0.1511,Low Risk
CUST-100006,126.65,1519.8,0.1139,Low Risk
CUST-108977,49.0,588.0,0.902,High Risk
CUST-106653,149.0,1788.0,0.4725,Medium Risk
CUST-109324,424.15,5089.8,0.069,Low Risk
CUST-110084,1019.15,12229.8,0.0891,Low Risk
CUST-102851,424.15,5089.8,0.0743,Low Risk
CUST-110894,126.65,1519.8,0.1279,Low Risk
CUST-106888,126.65,1519.8,0.1322,Low Risk
CUST-103143,149.0,1788.0,0.7184,High Risk
CUST-104844,424.15,5089.8,0.0616,Low Risk
CUST-111423,126.65,1519.8,0.1362,Low Risk
CUST-106592,49.0,588.0,0.626,Medium Risk
CUST-110926,424.15,5089.8,0.0725,Low Risk
CUST-104920,41.65,499.8,0.2405,Low Risk
CUST-102041,1019.15,12229.8,0.088,Low Risk
CUST-110882,41.65,499.8,0.1642,Low Risk
CUST-101146,1019.15,12229.8,0.0705,Low Risk
CUST-107066,49.0,588.0,0.5611,Medium Risk
CUST-110987,126.65,1519.8,0.1122,Low Risk
CUST-111787,149.0,1788.0,0.7683,High Risk
CUST-111253,424.15,5089.8,0.07,Low Risk
CUST-108518,49.0,588.0,0.8007,High Risk
CUST-104173,126.65,1519.8,0.1099,Low Risk
CUST-109446,424.15,5089.8,0.0584,Low Risk
CUST-106311,499.0,5988.0,0.2054,Low Risk
CUST-101894,149.0,1788.0,0.5834,Medium Risk
CUST-108379,126.65,1519.8,0.131,Low Risk
CUST-107149,49.0,588.0,0.671,High Risk
CUST-105139,49.0,588.0,0.5795,Medium Risk
CUST-111936,41.65,499.8,0.237,Low Risk
CUST-107119,41.65,499.8,0.2366,Low Risk
CUST-109774,49.0,588.0,0.7863,High Risk
CUST-100626,126.65,1519.8,0.1513,Low Risk
CUST-102925,49.0,588.0,0.681,High Risk
CUST-104279,1019.15,12229.8,0.086,Low Risk
CUST-101889,149.0,1788.0,0.4855,Medium Risk
CUST-100452,499.0,5988.0,0.1677,Low Risk
CUST-105425,149.0,1788.0,0.3549,Medium Risk
CUST-112443,424.15,5089.8,0.0988,Low Risk
CUST-106548,424.15,5089.8,0.0583,Low Risk
CUST-110510,499.0,5988.0,0.1201,Low Risk
CUST-104573,49.0,588.0,0.7781,High Risk
CUST-104564,126.65,1519.8,0.1102,Low Risk
CUST-106528,424.15,5089.8,0.0897,Low Risk
CUST-103164,126.65,1519.8,0.1106,Low Risk
CUST-110813,149.0,1788.0,0.3745,Medium Risk
CUST-100387,499.0,5988.0,0.273,Low Risk
CUST-103728,41.65,499.8,0.1479,Low Risk
CUST-105000,424.15,5089.8,0.063,Low Risk
CUST-105728,49.0,588.0,0.6895,High Risk
CUST-103269,41.65,499.8,0.2552,Low Risk
CUST-103644,424.15,5089.8,0.0676,Low Risk
CUST-102608,149.0,1788.0,0.5389,Medium Risk
CUST-112333,424.15,5089.8,0.0761,Low Risk
CUST-110975,1019.15,12229.8,0.0656,Low Risk
CUST-105442,149.0,1788.0,0.2677,Low Risk
CUST-106755,41.65,499.8,0.1338,Low Risk
CUST-102900,149.0,1788.0,0.2696,Low Risk
CUST-102532,41.65,499.8,0.1965,Low Risk
CUST-110168,149.0,1788.0,0.3953,Medium Risk
CUST-112186,126.65,1519.8,0.1125,Low Risk
CUST-105794,49.0,588.0,0.8857,High Risk
CUST-101684,126.65,1519.8,0.1484,Low Risk
CUST-105862,126.65,1519.8,0.1576,Low Risk
CUST-105974,424.15,5089.8,0.0655,Low Risk
CUST-100685,126.65,1519.8,0.101,Low Risk
CUST-102088,126.65,1519.8,0.1502,Low Risk
CUST-109052,41.65,499.8,0.2242,Low Risk
CUST-109543,126.65,1519.8,0.1051,Low Risk
CUST-100590,149.0,1788.0,0.724,High Risk
CUST-102442,499.0,5988.0,0.1915,Low Risk
CUST-101232,126.65,1519.8,0.1808,Low Risk
CUST-112301,126.65,1519.8,0.144,Low Risk
CUST-109189,149.0,1788.0,0.5634,Medium Risk
CUST-111561,41.65,499.8,0.2512,Low Risk
CUST-102647,424.15,5089.8,0.0955,Low Risk
CUST-104291,424.15,5089.8,0.0981,Low Risk
CUST-102143,149.0,1788.0,0.7559,High Risk
CUST-100058,149.0,1788.0,0.6405,Medium Risk
CUST-104533,41.65,499.8,0.164,Low Risk
CUST-112222,424.15,5089.8,0.0977,Low Risk
CUST-100832,149.0,1788.0,0.2848,Low Risk
CUST-104114,499.0,5988.0,0.2231,Low Risk
CUST-108004,49.0,588.0,0.8579,High Risk
CUST-104325,424.15,5089.8,0.0551,Low Risk
CUST-110391,49.0,588.0,0.6586,High Risk
CUST-111263,424.15,5089.8,0.0453,Low Risk
CUST-103335,49.0,588.0,0.7075,High Risk
CUST-105617,41.65,499.8,0.1788,Low Risk
CUST-111757,126.65,1519.8,0.1182,Low Risk
CUST-109909,149.0,1788.0,0.4917,Medium Risk
CUST-102546,49.0,588.0,0.7774,High Risk
CUST-112341,126.65,1519.8,0.1096,Low Risk
CUST-101891,126.65,1519.8,0.1606,Low Risk
CUST-112447,49.0,588.0,0.6841,High Risk
CUST-102200,424.15,5089.8,0.0897,Low Risk
CUST-101697,41.65,499.8,0.1441,Low Risk
CUST-110868,424.15,5089.8,0.068,Low Risk
CUST-104905,126.65,1519.8,0.093,Low Risk
CUST-110942,499.0,5988.0,0.157,Low Risk
CUST-104956,149.0,1788.0,0.325,Low Risk
CUST-111526,126.65,1519.8,0.1329,Low Risk
CUST-107179,41.65,499.8,0.2184,Low Risk
CUST-104669,424.15,5089.8,0.076,Low Risk
CUST-106054,424.15,5089.8,0.0645,Low Risk
CUST-104002,126.65,1519.8,0.095,Low Risk
CUST-101127,126.65,1519.8,0.1299,Low Risk
CUST-102170,424.15,5089.8,0.0597,Low Risk
CUST-112176,149.0,1788.0,0.6655,High Risk
CUST-108288,126.65,1519.8,0.1367,Low Risk
CUST-108808,49.0,588.0,0.7683,High Risk
CUST-101638,424.15,5089.8,0.0874,Low Risk
CUST-100152,126.65,1519.8,0.1431,Low Risk
CUST-101188,41.65,499.8,0.2179,Low Risk
CUST-104915,49.0,588.0,0.6679,High Risk
CUST-110575,499.0,5988.0,0.1902,Low Risk
CUST-112270,126.65,1519.8,0.1238,Low Risk
CUST-102144,1199.0,14388.0,0.1868,Low Risk
CUST-106484,41.65,499.8,0.1801,Low Risk
CUST-104272,49.0,588.0,0.7357,High Risk
CUST-108565,126.65,1519.8,0.126,Low Risk
CUST-109260,424.15,5089.8,0.091,Low Risk
CUST-109740,424.15,5089.8,0.055,Low Risk
CUST-104033,149.0,1788.0,0.6706,High Risk
CUST-109333,499.0,5988.0,0.2403,Low Risk
CUST-101964,41.65,499.8,0.1992,Low Risk
CUST-111062,126.65,1519.8,0.1299,Low Risk
CUST-109749,499.0,5988.0,0.1461,Low Risk
CUST-101312,149.0,1788.0,0.5949,Medium Risk
CUST-100931,126.65,1519.8,0.1163,Low Risk
CUST-108238,49.0,588.0,0.8872,High Risk
CUST-107811,49.0,588.0,0.8221,High Risk
CUST-100821,424.15,5089.8,0.0813,Low Risk
CUST-105138,126.65,1519.8,0.1132,Low Risk
CUST-108883,149.0,1788.0,0.5208,Medium Risk
CUST-112054,149.0,1788.0,0.653,High Risk
CUST-109489,49.0,588.0,0.5647,Medium Risk
CUST-100958,126.65,1519.8,0.1281,Low Risk
CUST-107973,149.0,1788.0,0.3113,Low Risk
CUST-110844,424.15,5089.8,0.0474,Low Risk
CUST-111968,49.0,588.0,0.7655,High Risk
CUST-104673,149.0,1788.0,0.3211,Low Risk
CUST-104345,424.15,5089.8,0.0489,Low Risk
CUST-106396,41.65,499.8,0.1746,Low Risk
CUST-102697,49.0,588.0,0.7071,High Risk
CUST-100960,149.0,1788.0,0.2401,Low Risk
CUST-103502,149.0,1788.0,0.6908,High Risk
CUST-107886,126.65,1519.8,0.1632,Low Risk
CUST-106658,126.65,1519.8,0.1093,Low Risk
CUST-103872,126.65,1519.8,0.1364,Low Risk
CUST-101528,49.0,588.0,0.8923,High Risk
CUST-108856,424.15,5089.8,0.1086,Low Risk
CUST-100828,499.0,5988.0,0.1802,Low Risk
CUST-101604,126.65,1519.8,0.1047,Low Risk
CUST-107260,41.65,499.8,0.1945,Low Risk
CUST-101235,1019.15,12229.8,0.0453,Low Risk
CUST-104563,149.0,1788.0,0.3167,Low Risk
CUST-103006,149.0,1788.0,0.5548,Medium Risk
CUST-108786,41.65,499.8,0.1464,Low Risk
CUST-105559,499.0,5988.0,0.2419,Low Risk
CUST-111931,424.15,5089.8,0.0813,Low Risk
CUST-100993,424.15,5089.8,0.0826,Low Risk
CUST-110587,126.65,1519.8,0.1333,Low Risk
CUST-100887,126.65,1519.8,0.1561,Low Risk
CUST-107651,149.0,1788.0,0.3742,Medium Risk
CUST-106735,149.0,1788.0,0.229,Low Risk
CUST-105804,49.0,588.0,0.6382,Medium Risk
CUST-107062,126.65,1519.8,0.1354,Low Risk
CUST-101588,424.15,5089.8,0.0629,Low Risk
CUST-101545,149.0,1788.0,0.3293,Low Risk
CUST-103119,499.0,5988.0,0.2214,Low Risk
CUST-103981,49.0,588.0,0.6218,Medium Risk
CUST-107744,149.0,1788.0,0.4612,Medium Risk
CUST-109440,149.0,1788.0,0.597,Medium Risk
CUST-109355,149.0,1788.0,0.5339,Medium Risk
CUST-102167,126.65,1519.8,0.144,Low Risk
CUST-103510,149.0,1788.0,0.5524,Medium Risk
CUST-107953,49.0,588.0,0.6572,High Risk
CUST-103899,149.0,1788.0,0.6189,Medium Risk
CUST-108423,41.65,499.8,0.2638,Low Risk
CUST-101160,424.15,5089.8,0.0909,Low Risk
CUST-100514,126.65,1519.8,0.1138,Low Risk
CUST-103750,499.0,5988.0,0.1783,Low Risk
CUST-100964,149.0,1788.0,0.8096,High Risk
CUST-110339,424.15,5089.8,0.1355,Low Risk
CUST-111597,41.65,499.8,0.2331,Low Risk
CUST-100117,149.0,1788.0,0.52,Medium Risk
CUST-109641,49.0,588.0,0.7954,High Risk
CUST-103770,49.0,588.0,0.5336,Medium Risk
CUST-109075,499.0,5988.0,0.1639,Low Risk
CUST-100344,49.0,588.0,0.7132,High Risk
CUST-105539,49.0,588.0,0.8044,High Risk
CUST-101049,41.65,499.8,0.1448,Low Risk
CUST-101982,424.15,5089.8,0.0737,Low Risk
CUST-107177,49.0,588.0,0.7372,High Risk
CUST-106118,149.0,1788.0,0.352,Medium Risk
CUST-111004,149.0,1788.0,0.8691,High Risk
CUST-111680,149.0,1788.0,0.7523,High Risk
CUST-103295,49.0,588.0,0.5414,Medium Risk
CUST-111302,126.65,1519.8,0.1759,Low Risk
CUST-108835,41.65,499.8,0.1791,Low Risk
CUST-103470,424.15,5089.8,0.0718,Low Risk
CUST-106932,149.0,1788.0,0.6632,High Risk
CUST-108645,41.65,499.8,0.1337,Low Risk
CUST-109007,126.65,1519.8,0.1017,Low Risk
CUST-110809,149.0,1788.0,0.8282,High Risk
CUST-102060,41.65,499.8,0.2014,Low Risk
CUST-108727,424.15,5089.8,0.0594,Low Risk
CUST-101290,49.0,588.0,0.8845,High Risk
CUST-103923,41.65,499.8,0.2305,Low Risk
CUST-105038,126.65,1519.8,0.1713,Low Risk
CUST-105947,49.0,588.0,0.7134,High Risk
CUST-108005,126.65,1519.8,0.1945,Low Risk
CUST-109813,499.0,5988.0,0.1489,Low Risk
CUST-100009,126.65,1519.8,0.0849,Low Risk
CUST-108689,126.65,1519.8,0.1863,Low Risk
CUST-108837,126.65,1519.8,0.1084,Low Risk
CUST-102646,149.0,1788.0,0.6791,High Risk
CUST-112354,49.0,588.0,0.6882,High Risk
CUST-112319,41.65,499.8,0.1674,Low Risk
CUST-110468,424.15,5089.8,0.0601,Low Risk
CUST-108317,126.65,1519.8,0.1212,Low Risk
CUST-102927,424.15,5089.8,0.0629,Low Risk
CUST-104315,499.0,5988.0,0.1832,Low Risk
CUST-111791,424.15,5089.8,0.0677,Low Risk
CUST-111830,424.15,5089.8,0.0933,Low Risk
CUST-107433,49.0,588.0,0.8344,High Risk
CUST-102591,41.65,499.8,0.1901,Low Risk
CUST-101827,126.65,1519.8,0.1174,Low Risk
CUST-104371,49.0,588.0,0.8616,High Risk
CUST-111808,424.15,5089.8,0.0684,Low Risk
CUST-111145,149.0,1788.0,0.4488,Medium Risk
CUST-109064,41.65,499.8,0.1501,Low Risk
CUST-107668,149.0,1788.0,0.2618,Low Risk
CUST-106252,149.0,1788.0,0.5649,Medium Risk
CUST-106304,126.65,1519.8,0.1372,Low Risk
CUST-101040,424.15,5089.8,0.1022,Low Risk
CUST-106916,424.15,5089.8,0.0749,Low Risk
CUST-111149,49.0,588.0,0.7787,High Risk
CUST-101796,49.0,588.0,0.8273,High Risk
CUST-101489,149.0,1788.0,0.5221,Medium Risk
CUST-108085,41.65,499.8,0.1858,Low Risk
CUST-102266,41.65,499.8,0.2161,Low Risk
CUST-105930,149.0,1788.0,0.7151,High Risk
CUST-109577,1019.15,12229.8,0.1033,Low Risk
CUST-104304,126.65,1519.8,0.0953,Low Risk
CUST-102287,424.15,5089.8,0.0912,Low Risk
CUST-104339,49.0,588.0,0.8386,High Risk
CUST-102340,1019.15,12229.8,0.1097,Low Risk
CUST-110532,49.0,588.0,0.7397,High Risk
CUST-108179,49.0,588.0,0.6962,High Risk
CUST-110738,499.0,5988.0,0.1578,Low Risk
CUST-106572,49.0,588.0,0.5996,Medium Risk
CUST-105313,1019.15,12229.8,0.0504,Low Risk
CUST-111274,49.0,588.0,0.6092,Medium Risk
CUST-104422,41.65,499.8,0.1436,Low Risk
CUST-106216,126.65,1519.8,0.099,Low Risk
CUST-102677,424.15,5089.8,0.1133,Low Risk
CUST-110403,149.0,1788.0,0.6184,Medium Risk
CUST-109980,424.15,5089.8,0.0671,Low Risk
CUST-101169,1019.15,12229.8,0.0879,Low Risk
CUST-111199,126.65,1519.8,0.1282,Low Risk
CUST-111498,49.0,588.0,0.5555,Medium Risk
CUST-110980,499.0,5988.0,0.2106,Low Risk
CUST-103432,499.0,5988.0,0.1784,Low Risk
CUST-106065,424.15,5089.8,0.1128,Low Risk
CUST-105977,49.0,588.0,0.7087,High Risk
CUST-106227,499.0,5988.0,0.1836,Low Risk
CUST-101307,424.15,5089.8,0.0952,Low Risk
CUST-104741,149.0,1788.0,0.283,Low Risk
CUST-103733,49.0,588.0,0.5348,Medium Risk
CUST-110834,149.0,1788.0,0.7602,High Risk
CUST-100750,424.15,5089.8,0.0703,Low Risk
CUST-101139,49.0,588.0,0.8607,High Risk
CUST-111543,424.15,5089.8,0.0675,Low Risk
CUST-109459,424.15,5089.8,0.0693,Low Risk
CUST-110133,126.65,1519.8,0.1355,Low Risk
CUST-104803,49.0,588.0,0.7417,High Risk
CUST-106201,49.0,588.0,0.574,Medium Risk
CUST-102045,126.65,1519.8,0.1071,Low Risk
CUST-107527,49.0,588.0,0.5423,Medium Risk
CUST-100711,499.0,5988.0,0.1715,Low Risk
CUST-109891,49.0,588.0,0.5835,Medium Risk
CUST-105635,499.0,5988.0,0.1557,Low Risk
CUST-105881,126.65,1519.8,0.1158,Low Risk
CUST-101584,149.0,1788.0,0.6157,Medium Risk
CUST-105514,424.15,5089.8,0.0626,Low Risk
CUST-103527,41.65,499.8,0.1576,Low Risk
CUST-105574,424.15,5089.8,0.0597,Low Risk
CUST-112432,149.0,1788.0,0.2434,Low Risk
CUST-100106,1019.15,12229.8,0.0884,Low Risk
CUST-104557,1019.15,12229.8,0.0908,Low Risk
CUST-109654,424.15,5089.8,0.0761,Low Risk
CUST-108928,49.0,588.0,0.8115,High Risk
CUST-110647,41.65,499.8,0.1963,Low Risk
CUST-111731,41.65,499.8,0.1767,Low Risk
CUST-109195,41.65,499.8,0.161,Low Risk
CUST-100434,149.0,1788.0,0.6727,High Risk
CUST-109863,149.0,1788.0,0.3464,Low Risk
CUST-103811,49.0,588.0,0.8366,High Risk
CUST-103582,424.15,5089.8,0.0686,Low Risk
CUST-101535,1199.0,14388.0,0.1875,Low Risk
CUST-100488,424.15,5089.8,0.1154,Low Risk
CUST-109674,126.65,1519.8,0.0875,Low Risk
CUST-108935,49.0,588.0,0.8007,High Risk
CUST-111087,499.0,5988.0,0.1703,Low Risk
CUST-101679,424.15,5089.8,0.0708,Low Risk
CUST-104012,149.0,1788.0,0.2635,Low Risk
CUST-112149,149.0,1788.0,0.5811,Medium Risk
CUST-100409,149.0,1788.0,0.5434,Medium Risk
CUST-110476,49.0,588.0,0.8179,High Risk
