customer_id,health_score,risk_segment,monthly_active_days,feature_adoption_rate_pct,avg_daily_session_mins,api_calls_count,export_reports_count,total_tickets_logged,avg_resolution_time_hrs,escalated_tickets_count,csat_score
CUST-100000,72.4,Low Risk (Healthy),23,69.0,108.7,129,45,0,0.0,0,3.5
CUST-100001,21.6,High Risk (Critical),9,28.4,17.9,66,17,3,39.4,0,3.0
CUST-100002,25.2,High Risk (Critical),10,28.5,21.7,37,36,2,53.4,0,3.0
CUST-100003,63.8,Medium Risk (Warning),19,94.3,92.7,99,34,3,14.2,0,4.0
CUST-100004,11.5,High Risk (Critical),11,31.2,5.9,137,16,3,52.6,0,1.0
CUST-100005,6.5,High Risk (Critical),7,25.9,18.7,18,4,2,37.0,1,2.0
CUST-100006,70.0,Low Risk (Healthy),24,67.0,93.4,68,37,1,16.5,0,4.0
CUST-100007,12.7,High Risk (Critical),12,22.3,6.2,150,26,2,64.1,0,1.0
CUST-100008,5.0,High Risk (Critical),6,39.9,7.1,136,32,3,47.7,1,1.0
CUST-100009,78.5,Low Risk (Healthy),25,67.8,89.8,133,8,1,9.1,0,5.0
CUST-100010,44.7,High Risk (Critical),10,34.4,4.2,121,14,0,0.0,0,3.5
CUST-100011,9.0,High Risk (Critical),7,22.4,15.1,145,45,1,40.1,1,2.0
CUST-100012,25.7,High Risk (Critical),13,11.0,16.5,58,5,1,23.7,0,2.0
CUST-100013,74.8,Low Risk (Healthy),22,81.5,77.9,128,32,0,0.0,0,3.5
CUST-100014,33.3,High Risk (Critical),1,36.7,11.0,133,20,0,0.0,0,3.5
CUST-100015,72.2,Low Risk (Healthy),18,90.6,42.7,3245,45,0,0.0,0,3.5
CUST-100016,15.4,High Risk (Critical),8,28.0,13.9,130,11,2,29.4,1,3.0
CUST-100017,19.4,High Risk (Critical),5,11.6,18.0,128,44,1,38.3,0,3.0
CUST-100018,75.6,Low Risk (Healthy),29,85.6,100.2,2705,29,2,13.6,0,3.5
CUST-100019,29.9,High Risk (Critical),13,30.9,11.8,50,20,2,53.5,0,3.0
CUST-100020,13.2,High Risk (Critical),8,20.0,12.3,138,1,3,27.8,0,2.0
CUST-100021,70.0,Low Risk (Healthy),21,69.9,33.8,1858,17,0,0.0,0,3.5
CUST-100022,17.7,High Risk (Critical),14,17.7,8.4,138,34,4,18.2,0,2.0
CUST-100023,10.6,High Risk (Critical),4,15.3,10.6,128,18,2,26.5,0,2.0
CUST-100024,14.7,High Risk (Critical),2,38.2,21.6,106,42,3,43.1,0,3.0
CUST-100025,26.9,High Risk (Critical),14,30.4,17.3,126,37,3,54.9,0,3.0
CUST-100026,38.5,High Risk (Critical),12,33.8,13.6,60,44,1,13.0,0,3.0
CUST-100027,72.9,Low Risk (Healthy),16,90.7,41.1,38,45,1,13.2,0,5.0
CUST-100028,5.0,High Risk (Critical),5,40.6,20.7,133,33,4,50.7,0,1.0
CUST-100029,14.7,High Risk (Critical),14,38.9,17.5,57,19,2,29.2,1,1.0
CUST-100030,64.3,Medium Risk (Warning),16,93.6,98.5,118,11,1,16.9,0,3.5
CUST-100031,19.6,High Risk (Critical),14,20.4,4.6,45,9,3,41.5,0,2.0
CUST-100032,12.0,High Risk (Critical),14,21.1,14.3,21,15,3,66.9,1,2.0
CUST-100033,56.8,Medium Risk (Warning),15,52.7,70.7,71,9,0,0.0,0,3.5
CUST-100034,78.2,Low Risk (Healthy),28,66.3,56.1,44,0,0,0.0,0,3.5
CUST-100035,7.3,High Risk (Critical),9,14.7,6.3,124,3,3,25.2,0,1.0
CUST-100036,17.4,High Risk (Critical),5,10.1,17.6,57,42,2,18.5,0,3.0
CUST-100037,57.0,Medium Risk (Warning),15,53.5,35.8,1074,7,0,0.0,0,3.5
CUST-100038,20.7,High Risk (Critical),11,14.8,16.9,25,45,2,19.2,0,2.0
CUST-100039,56.1,Medium Risk (Warning),16,67.7,32.9,36,5,1,20.1,0,3.5
CUST-100040,20.3,High Risk (Critical),11,20.4,15.9,63,40,1,67.6,0,2.0
CUST-100041,44.1,High Risk (Critical),10,32.7,16.4,119,38,0,0.0,0,3.5
CUST-100042,70.8,Low Risk (Healthy),22,68.3,26.8,26,6,0,0.0,0,3.5
CUST-100043,63.8,Medium Risk (Warning),18,82.9,94.2,4521,43,2,8.4,0,4.0
CUST-100044,69.7,Medium Risk (Warning),25,65.7,105.9,3600,27,1,2.6,0,3.5
CUST-100045,47.6,Medium Risk (Warning),10,44.1,15.0,32,3,0,0.0,0,3.5
CUST-100046,65.1,Medium Risk (Warning),21,65.8,83.5,1586,9,1,21.4,0,4.0
CUST-100047,72.2,Low Risk (Healthy),24,64.0,48.0,89,36,0,0.0,0,3.5
CUST-100048,7.1,High Risk (Critical),4,18.7,17.4,130,30,2,14.6,0,1.0
CUST-100049,9.5,High Risk (Critical),14,12.1,16.1,109,24,2,54.1,1,2.0
CUST-100050,40.4,High Risk (Critical),6,37.9,17.5,29,39,0,0.0,0,3.5
CUST-100051,6.4,High Risk (Critical),5,21.6,15.6,87,42,1,38.3,1,2.0
CUST-100052,5.0,High Risk (Critical),11,13.4,12.7,57,12,1,45.8,1,1.0
CUST-100053,15.2,High Risk (Critical),11,14.8,14.8,92,25,2,15.0,0,1.0
CUST-100054,58.3,Medium Risk (Warning),18,61.6,29.4,588,37,1,9.8,0,3.5
CUST-100055,80.2,Low Risk (Healthy),27,77.3,54.4,2556,45,0,0.0,0,3.5
CUST-100056,5.8,High Risk (Critical),5,40.3,16.7,53,4,4,34.3,1,2.0
CUST-100057,74.9,Low Risk (Healthy),24,88.4,104.0,5408,42,3,13.3,0,5.0
CUST-100058,15.8,High Risk (Critical),8,43.3,20.3,87,1,3,63.1,0,2.0
CUST-100059,77.7,Low Risk (Healthy),25,67.1,49.2,885,0,1,14.2,0,5.0
CUST-100060,31.7,High Risk (Critical),3,22.2,7.0,72,24,0,0.0,0,3.5
CUST-100061,63.2,Medium Risk (Warning),16,69.5,100.9,94,24,0,0.0,0,3.5
CUST-100062,12.1,High Risk (Critical),14,17.8,4.9,117,42,3,46.9,0,1.0
CUST-100063,44.2,High Risk (Critical),12,24.1,9.1,113,13,0,0.0,0,3.5
CUST-100064,70.5,Low Risk (Healthy),17,81.1,41.6,117,16,1,19.9,0,5.0
CUST-100065,18.0,High Risk (Critical),14,41.0,20.6,114,7,4,12.8,1,2.0
CUST-100066,7.0,High Risk (Critical),7,26.1,11.0,44,32,2,65.5,0,1.0
CUST-100067,18.8,High Risk (Critical),12,28.4,22.0,14,7,2,29.4,0,1.0
CUST-100068,70.5,Low Risk (Healthy),21,71.5,90.7,85,2,0,0.0,0,3.5
CUST-100069,82.7,Low Risk (Healthy),28,81.1,107.6,92,19,0,0.0,0,3.5
CUST-100070,78.1,Low Risk (Healthy),25,91.0,29.7,126,24,1,20.6,0,4.0
CUST-100071,10.1,High Risk (Critical),6,40.0,20.2,137,27,2,63.1,0,1.0
CUST-100072,16.5,High Risk (Critical),10,43.9,6.6,11,31,2,32.2,1,2.0
CUST-100073,12.1,High Risk (Critical),3,42.4,16.0,120,40,2,68.6,0,2.0
CUST-100074,15.7,High Risk (Critical),3,15.5,6.0,86,28,2,23.7,0,3.0
CUST-100075,22.2,High Risk (Critical),2,25.9,8.9,122,32,1,17.8,0,3.0
CUST-100076,73.4,Low Risk (Healthy),23,78.7,26.4,1663,30,1,7.3,0,4.0
CUST-100077,85.7,Low Risk (Healthy),25,94.2,81.9,98,3,1,15.2,0,5.0
CUST-100078,16.1,High Risk (Critical),5,44.8,13.9,150,28,2,15.8,0,1.0
CUST-100079,17.7,High Risk (Critical),12,33.0,4.5,25,12,2,17.9,1,2.0
CUST-100080,71.4,Low Risk (Healthy),23,65.7,73.7,810,18,0,0.0,0,3.5
CUST-100081,69.3,Medium Risk (Warning),23,75.3,25.5,1836,23,1,7.8,0,3.5
CUST-100082,57.9,Medium Risk (Warning),17,63.5,75.1,2102,29,1,6.7,0,3.5
CUST-100083,16.3,High Risk (Critical),14,39.0,16.4,31,37,4,32.5,0,1.0
CUST-100084,70.8,Low Risk (Healthy),19,81.5,92.4,75,23,0,0.0,0,3.5
CUST-100085,65.9,Medium Risk (Warning),18,69.6,29.0,580,26,0,0.0,0,3.5
CUST-100086,76.6,Low Risk (Healthy),24,69.6,99.7,143,22,1,18.6,0,5.0
CUST-100087,78.3,Low Risk (Healthy),24,84.4,53.3,15,7,0,0.0,0,3.5
CUST-100088,5.0,High Risk (Critical),12,18.5,7.7,114,5,3,31.3,1,1.0
CUST-100089,69.5,Medium Risk (Warning),22,64.0,35.9,2297,0,0,0.0,0,3.5
CUST-100090,8.1,High Risk (Critical),10,25.8,6.4,30,43,2,71.0,1,2.0
CUST-100091,64.7,Medium Risk (Warning),26,52.5,27.5,67,14,2,14.1,0,4.0
CUST-100092,62.6,Medium Risk (Warning),18,62.5,106.0,6784,13,2,16.8,0,5.0
CUST-100093,26.8,High Risk (Critical),2,10.6,16.5,46,12,0,0.0,0,3.5
CUST-100094,67.5,Medium Risk (Warning),22,57.2,67.8,10,34,0,0.0,0,3.5
CUST-100095,11.9,High Risk (Critical),1,16.9,4.5,70,8,2,36.0,0,3.0
CUST-100096,86.5,Low Risk (Healthy),28,93.8,33.5,1273,37,0,0.0,0,3.5
CUST-100097,78.9,Low Risk (Healthy),29,64.1,45.9,135,28,0,0.0,0,3.5
CUST-100098,79.9,Low Risk (Healthy),26,80.7,47.5,123,27,0,0.0,0,3.5
CUST-100099,34.5,High Risk (Critical),3,31.6,5.0,129,28,0,0.0,0,3.5
CUST-100100,8.2,High Risk (Critical),7,39.7,8.8,86,22,2,63.1,1,2.0
CUST-100101,25.2,High Risk (Critical),11,27.9,21.1,116,37,1,14.8,1,3.0
CUST-100102,6.9,High Risk (Critical),4,10.2,6.2,146,14,2,44.1,0,2.0
CUST-100103,72.5,Low Risk (Healthy),27,93.0,91.6,4305,33,3,2.9,0,3.5
CUST-100104,15.2,High Risk (Critical),4,37.4,13.3,126,32,4,27.1,0,3.0
CUST-100105,91.4,Low Risk (Healthy),29,93.2,80.4,43,23,1,9.6,0,5.0
CUST-100106,68.7,Medium Risk (Warning),19,74.6,72.5,1595,41,0,0.0,0,3.5
CUST-100107,14.8,High Risk (Critical),13,34.9,10.2,98,20,3,55.8,0,1.0
CUST-100108,5.0,High Risk (Critical),8,41.5,16.2,108,13,4,36.1,1,1.0
CUST-100109,83.3,Low Risk (Healthy),29,83.9,83.1,98,26,2,20.6,0,5.0
CUST-100110,50.9,Medium Risk (Warning),14,37.3,7.9,42,17,0,0.0,0,3.5
CUST-100111,76.9,Low Risk (Healthy),20,89.6,66.0,1452,34,1,21.5,0,5.0
CUST-100112,5.0,High Risk (Critical),9,17.1,6.9,42,12,6,20.6,1,1.0
CUST-100113,67.4,Medium Risk (Warning),19,70.1,109.4,3610,8,0,0.0,0,3.5
CUST-100114,14.8,High Risk (Critical),13,27.1,9.7,114,4,2,37.6,1,2.0
CUST-100115,28.4,High Risk (Critical),8,25.5,19.0,118,32,1,31.0,0,3.0
CUST-100116,76.7,Low Risk (Healthy),23,83.6,30.6,68,2,0,0.0,0,3.5
CUST-100117,29.4,High Risk (Critical),12,38.7,16.0,54,23,2,65.9,0,3.0
CUST-100118,81.3,Low Risk (Healthy),27,72.9,51.8,92,40,1,20.6,0,5.0
CUST-100119,22.5,High Risk (Critical),8,23.6,12.4,54,37,1,25.7,0,2.0
CUST-100120,91.0,Low Risk (Healthy),28,94.8,42.0,77,3,1,6.1,0,5.0
CUST-100121,72.2,Low Risk (Healthy),19,75.3,106.8,59,22,1,13.5,0,5.0
CUST-100122,5.0,High Risk (Critical),6,26.7,16.0,3,20,4,21.8,0,1.0
CUST-100123,5.0,High Risk (Critical),1,11.2,14.3,90,25,2,57.2,1,1.0
CUST-100124,13.7,High Risk (Critical),7,38.0,19.1,112,3,5,67.0,0,3.0
CUST-100125,74.3,Low Risk (Healthy),24,90.8,107.9,135,8,3,23.4,0,5.0
CUST-100126,60.1,Medium Risk (Warning),19,81.0,64.0,3904,39,2,20.5,0,3.5
CUST-100127,19.0,High Risk (Critical),8,39.5,13.8,109,8,2,59.8,0,2.0
CUST-100128,31.3,High Risk (Critical),5,12.0,15.7,45,6,0,0.0,0,3.5
CUST-100129,48.4,Medium Risk (Warning),15,61.6,66.4,9,3,3,16.4,0,4.0
CUST-100130,78.0,Low Risk (Healthy),29,74.4,60.4,1208,3,1,23.6,0,4.0
CUST-100131,59.7,Medium Risk (Warning),19,57.8,65.0,2925,30,1,23.7,0,4.0
CUST-100132,60.9,Medium Risk (Warning),21,80.8,88.5,99,8,5,10.5,0,5.0
CUST-100133,63.9,Medium Risk (Warning),18,63.0,98.8,7212,27,0,0.0,0,3.5
CUST-100134,19.9,High Risk (Critical),10,27.5,22.0,49,23,1,45.1,1,3.0
CUST-100135,21.5,High Risk (Critical),9,16.5,11.7,36,19,2,43.5,0,3.0
CUST-100136,73.4,Low Risk (Healthy),24,73.4,70.4,132,10,1,4.6,0,4.0
CUST-100137,16.6,High Risk (Critical),14,26.0,9.5,85,44,3,31.1,0,1.0
CUST-100138,5.0,High Risk (Critical),3,20.3,6.0,30,17,2,60.7,1,1.0
CUST-100139,5.0,High Risk (Critical),2,26.5,13.9,77,21,2,56.4,0,1.0
CUST-100140,73.0,Low Risk (Healthy),28,66.6,64.6,2261,28,1,10.7,0,3.5
CUST-100141,9.1,High Risk (Critical),8,35.3,6.2,15,37,4,65.3,0,2.0
CUST-100142,74.7,Low Risk (Healthy),26,86.3,56.8,3124,15,2,15.2,0,4.0
CUST-100143,5.0,High Risk (Critical),5,11.2,7.7,97,38,2,62.0,0,1.0
CUST-100144,17.0,High Risk (Critical),6,35.2,14.3,6,20,1,44.7,1,3.0
CUST-100145,73.3,Low Risk (Healthy),20,85.3,53.3,84,26,0,0.0,0,3.5
CUST-100146,78.5,Low Risk (Healthy),22,94.0,100.7,10,3,0,0.0,0,3.5
CUST-100147,10.5,High Risk (Critical),8,38.2,21.5,67,0,2,45.4,1,2.0
CUST-100148,6.9,High Risk (Critical),11,17.4,18.1,150,33,3,71.2,1,2.0
CUST-100149,50.9,Medium Risk (Warning),14,37.6,12.3,64,6,0,0.0,0,3.5
CUST-100150,61.2,Medium Risk (Warning),21,74.8,36.7,2899,34,3,9.8,0,4.0
CUST-100151,71.9,Low Risk (Healthy),25,58.7,83.4,5838,35,0,0.0,0,3.5
CUST-100152,68.3,Medium Risk (Warning),21,64.2,72.1,1,2,0,0.0,0,3.5
CUST-100153,76.8,Low Risk (Healthy),29,57.2,26.8,1688,41,0,0.0,0,3.5
CUST-100154,68.4,Medium Risk (Warning),23,60.8,91.3,45,38,1,3.8,0,4.0
CUST-100155,5.0,High Risk (Critical),11,10.2,11.8,134,5,5,16.5,1,1.0
CUST-100156,18.0,High Risk (Critical),11,32.6,10.2,108,3,3,19.6,1,3.0
CUST-100157,5.0,High Risk (Critical),11,13.7,7.3,50,43,6,68.1,1,1.0
CUST-100158,9.7,High Risk (Critical),14,13.3,5.4,20,4,2,66.5,1,2.0
CUST-100159,44.4,High Risk (Critical),9,38.1,15.3,82,1,0,0.0,0,3.5
CUST-100160,16.9,High Risk (Critical),3,38.9,17.1,119,2,2,22.0,0,2.0
CUST-100161,7.0,High Risk (Critical),4,29.5,11.9,28,19,2,41.6,0,1.0
CUST-100162,21.6,High Risk (Critical),9,37.8,6.2,16,10,2,46.0,0,2.0
CUST-100163,5.0,High Risk (Critical),7,36.1,9.4,121,21,3,23.0,1,1.0
CUST-100164,12.3,High Risk (Critical),10,39.8,20.1,94,33,2,67.1,1,2.0
CUST-100165,71.7,Low Risk (Healthy),23,66.7,63.3,4177,28,0,0.0,0,3.5
CUST-100166,76.9,Low Risk (Healthy),29,69.5,36.2,506,18,1,20.7,0,4.0
CUST-100167,10.7,High Risk (Critical),1,26.5,20.6,5,0,2,20.6,0,2.0
CUST-100168,13.6,High Risk (Critical),9,23.4,6.1,112,19,2,43.2,1,3.0
CUST-100169,70.3,Low Risk (Healthy),18,84.3,47.3,102,25,0,0.0,0,3.5
CUST-100170,80.2,Low Risk (Healthy),24,90.2,33.1,77,5,2,7.0,0,5.0
CUST-100171,78.0,Low Risk (Healthy),24,83.3,97.3,116,5,0,0.0,0,3.5
CUST-100172,47.4,Medium Risk (Warning),10,43.7,15.6,5,3,0,0.0,0,3.5
CUST-100173,14.4,High Risk (Critical),4,38.8,21.8,134,41,3,68.6,0,3.0
CUST-100174,5.0,High Risk (Critical),10,12.0,18.0,47,40,1,31.2,1,1.0
CUST-100175,66.9,Medium Risk (Warning),19,68.4,57.7,0,26,0,0.0,0,3.5
CUST-100176,10.8,High Risk (Critical),13,41.4,18.7,148,1,5,39.6,0,1.0
CUST-100177,77.1,Low Risk (Healthy),21,93.6,91.0,34,12,0,0.0,0,3.5
CUST-100178,79.8,Low Risk (Healthy),22,84.3,27.7,664,43,1,6.9,0,5.0
CUST-100179,79.9,Low Risk (Healthy),23,94.2,49.0,81,2,0,0.0,0,3.5
CUST-100180,23.9,High Risk (Critical),13,25.7,20.5,25,20,2,41.3,0,2.0
CUST-100181,7.4,High Risk (Critical),9,17.8,13.2,81,9,1,15.3,1,1.0
CUST-100182,7.6,High Risk (Critical),8,33.1,16.2,114,9,2,60.6,1,2.0
CUST-100183,81.4,Low Risk (Healthy),28,76.8,45.8,3068,45,0,0.0,0,3.5
CUST-100184,23.6,High Risk (Critical),10,34.4,19.3,50,5,1,32.8,1,3.0
CUST-100185,18.4,High Risk (Critical),10,12.1,16.4,119,24,3,36.6,0,3.0
CUST-100186,66.4,Medium Risk (Warning),22,53.5,105.9,7095,22,0,0.0,0,3.5
CUST-100187,66.0,Medium Risk (Warning),24,55.3,82.0,14,35,1,20.4,0,4.0
CUST-100188,5.0,High Risk (Critical),5,17.2,5.1,96,43,4,69.6,1,2.0
CUST-100189,76.0,Low Risk (Healthy),28,58.8,87.9,6680,12,0,0.0,0,3.5
CUST-100190,13.6,High Risk (Critical),12,17.1,17.2,117,41,2,12.2,1,2.0
CUST-100191,16.7,High Risk (Critical),8,24.3,21.2,136,27,2,41.7,0,2.0
CUST-100192,36.3,High Risk (Critical),2,42.0,17.6,99,21,0,0.0,0,3.5
CUST-100193,66.7,Medium Risk (Warning),16,81.1,59.2,111,22,0,0.0,0,3.5
CUST-100194,56.4,Medium Risk (Warning),19,51.5,40.6,108,19,2,3.4,0,4.0
CUST-100195,69.8,Medium Risk (Warning),17,87.1,84.7,114,27,0,0.0,0,3.5
CUST-100196,6.1,High Risk (Critical),6,22.3,18.9,149,24,2,52.7,0,1.0
CUST-100197,78.9,Low Risk (Healthy),29,52.2,91.9,1102,31,1,11.5,0,5.0
CUST-100198,27.7,High Risk (Critical),4,43.1,4.5,36,31,1,36.4,0,3.0
CUST-100199,14.2,High Risk (Critical),5,27.2,7.0,93,17,1,69.0,0,2.0
CUST-100200,41.9,High Risk (Critical),8,34.0,4.8,139,5,0,0.0,0,3.5
CUST-100201,53.8,Medium Risk (Warning),16,67.3,74.8,3291,31,2,6.1,0,3.5
CUST-100202,65.3,Medium Risk (Warning),24,80.7,105.9,2223,24,3,23.5,0,4.0
CUST-100203,5.0,High Risk (Critical),9,16.3,6.5,145,36,3,40.9,1,1.0
CUST-100204,50.3,Medium Risk (Warning),12,44.3,14.9,149,41,0,0.0,0,3.5
CUST-100205,51.7,Medium Risk (Warning),17,62.4,95.2,5807,28,2,21.1,0,3.5
CUST-100206,75.0,Low Risk (Healthy),27,69.0,43.3,2598,15,1,13.2,0,4.0
CUST-100207,67.6,Medium Risk (Warning),22,57.6,72.8,100,4,0,0.0,0,3.5
CUST-100208,6.3,High Risk (Critical),6,19.9,9.1,79,3,2,13.2,1,2.0
CUST-100209,60.0,Medium Risk (Warning),15,63.2,81.5,3749,5,0,0.0,0,3.5
CUST-100210,6.9,High Risk (Critical),8,10.8,19.1,31,9,3,47.8,1,3.0
CUST-100211,5.0,High Risk (Critical),2,33.0,21.2,64,13,2,59.0,1,1.0
CUST-100212,5.0,High Risk (Critical),7,11.5,17.1,40,27,2,20.3,1,1.0
CUST-100213,76.7,Low Risk (Healthy),28,61.1,45.8,1694,11,0,0.0,0,3.5
CUST-100214,5.0,High Risk (Critical),6,23.1,13.0,129,44,3,52.9,0,1.0
CUST-100215,8.2,High Risk (Critical),2,35.1,14.3,111,14,1,55.9,0,1.0
CUST-100216,10.3,High Risk (Critical),3,14.8,16.5,45,39,1,49.2,0,2.0
CUST-100217,73.9,Low Risk (Healthy),20,87.4,48.4,2371,18,0,0.0,0,3.5
CUST-100218,30.2,High Risk (Critical),13,44.9,20.3,52,16,1,20.8,0,1.0
CUST-100219,69.3,Medium Risk (Warning),20,94.5,63.0,50,4,2,13.9,0,4.0
CUST-100220,58.8,Medium Risk (Warning),20,59.7,37.3,2051,28,1,22.6,0,3.5
CUST-100221,21.5,High Risk (Critical),14,26.8,10.5,95,21,2,25.8,0,1.0
CUST-100222,39.2,High Risk (Critical),9,20.7,17.7,66,5,0,0.0,0,3.5
CUST-100223,65.8,Medium Risk (Warning),18,87.0,36.8,2907,11,2,2.7,0,4.0
CUST-100224,10.9,High Risk (Critical),1,43.7,11.1,139,34,5,12.0,0,3.0
CUST-100225,78.9,Low Risk (Healthy),26,77.5,97.7,25,36,0,0.0,0,3.5
CUST-100226,70.4,Low Risk (Healthy),20,75.8,106.7,78,37,0,0.0,0,3.5
CUST-100227,19.2,High Risk (Critical),4,21.2,18.7,48,43,2,19.7,0,3.0
CUST-100228,76.6,Low Risk (Healthy),28,60.9,104.8,82,12,0,0.0,0,3.5
CUST-100229,34.8,High Risk (Critical),12,43.3,20.4,18,21,1,17.9,0,2.0
CUST-100230,27.0,High Risk (Critical),14,34.6,16.0,120,35,1,32.0,0,1.0
CUST-100231,36.1,High Risk (Critical),9,10.5,9.1,3,33,0,0.0,0,3.5
CUST-100232,75.8,Low Risk (Healthy),19,88.6,81.1,62,7,1,17.3,0,5.0
CUST-100233,29.0,High Risk (Critical),9,28.5,15.9,60,26,2,12.5,0,3.0
CUST-100234,58.4,Medium Risk (Warning),15,79.9,77.8,52,45,1,20.5,0,3.5
CUST-100235,75.6,Low Risk (Healthy),28,78.8,28.3,125,32,2,11.1,0,4.0
CUST-100236,70.9,Low Risk (Healthy),19,92.2,79.4,103,27,1,16.8,0,4.0
CUST-100237,47.4,Medium Risk (Warning),10,43.4,10.0,71,8,0,0.0,0,3.5
CUST-100238,12.8,High Risk (Critical),6,36.0,8.3,96,9,1,63.8,0,1.0
CUST-100239,78.2,Low Risk (Healthy),27,70.6,107.1,79,16,0,0.0,0,3.5
CUST-100240,9.7,High Risk (Critical),13,37.8,16.0,121,45,2,71.5,1,1.0
CUST-100241,8.8,High Risk (Critical),8,17.0,6.9,54,32,3,43.8,1,3.0
CUST-100242,15.8,High Risk (Critical),14,25.5,13.4,36,42,1,67.9,1,2.0
CUST-100243,42.7,High Risk (Critical),13,14.6,11.5,49,0,0,0.0,0,3.5
CUST-100244,76.6,Low Risk (Healthy),27,65.2,62.2,103,6,0,0.0,0,3.5
CUST-100245,20.9,High Risk (Critical),2,27.0,8.3,144,12,1,30.7,0,3.0
CUST-100246,20.0,High Risk (Critical),10,24.4,11.0,74,35,1,69.1,0,2.0
CUST-100247,70.8,Low Risk (Healthy),22,87.2,61.1,96,41,2,5.2,0,4.0
CUST-100248,9.8,High Risk (Critical),7,24.9,18.1,121,29,3,50.3,1,3.0
CUST-100249,74.7,Low Risk (Healthy),19,94.7,71.3,80,29,0,0.0,0,3.5
CUST-100250,36.1,High Risk (Critical),13,25.8,14.1,133,4,1,23.5,0,3.0
CUST-100251,70.5,Low Risk (Healthy),17,89.5,28.9,58,20,0,0.0,0,3.5
CUST-100252,11.1,High Risk (Critical),11,12.2,10.1,12,9,2,41.7,0,1.0
CUST-100253,5.0,High Risk (Critical),4,11.7,18.2,15,36,4,17.3,1,1.0
CUST-100254,45.8,Medium Risk (Warning),13,25.0,6.9,136,23,0,0.0,0,3.5
CUST-100255,5.0,High Risk (Critical),1,25.1,12.1,107,20,3,48.7,0,1.0
CUST-100256,5.0,High Risk (Critical),7,21.2,19.6,115,28,3,59.1,1,2.0
CUST-100257,5.0,High Risk (Critical),1,29.9,10.1,52,32,1,50.2,1,2.0
CUST-100258,77.4,Low Risk (Healthy),28,63.4,79.9,54,27,0,0.0,0,3.5
CUST-100259,27.5,High Risk (Critical),1,17.2,21.6,8,28,0,0.0,0,3.5
CUST-100260,5.0,High Risk (Critical),7,24.7,13.7,98,41,1,48.5,1,1.0
CUST-100261,80.3,Low Risk (Healthy),24,84.1,87.9,1582,41,1,23.6,0,5.0
CUST-100262,69.6,Medium Risk (Warning),17,85.6,62.3,3239,28,2,5.8,0,5.0
CUST-100263,19.0,High Risk (Critical),5,35.2,21.9,68,0,1,50.0,0,2.0
CUST-100264,36.2,High Risk (Critical),2,41.9,14.2,50,15,0,0.0,0,3.5
CUST-100265,33.9,High Risk (Critical),13,37.9,13.6,24,25,1,22.7,0,2.0
CUST-100266,9.2,High Risk (Critical),2,37.7,19.8,124,44,2,70.6,0,2.0
CUST-100267,49.3,Medium Risk (Warning),12,41.0,21.6,25,8,0,0.0,0,3.5
CUST-100268,59.8,Medium Risk (Warning),21,51.4,84.2,112,4,1,5.3,0,3.5
CUST-100269,70.0,Low Risk (Healthy),22,65.7,58.4,4,43,0,0.0,0,3.5
CUST-100270,10.0,High Risk (Critical),2,33.8,17.4,103,21,4,38.7,0,3.0
CUST-100271,5.0,High Risk (Critical),7,14.7,11.4,97,6,1,62.8,1,1.0
CUST-100272,14.6,High Risk (Critical),9,42.2,15.9,18,38,2,32.6,1,2.0
CUST-100273,73.1,Low Risk (Healthy),25,62.4,87.4,6992,2,0,0.0,0,3.5
CUST-100274,8.9,High Risk (Critical),11,14.7,18.2,10,22,1,17.6,1,1.0
CUST-100275,72.5,Low Risk (Healthy),21,78.5,86.3,53,5,0,0.0,0,3.5
CUST-100276,63.6,Medium Risk (Warning),19,76.3,61.0,32,6,1,13.2,0,3.5
CUST-100277,29.7,High Risk (Critical),3,15.8,15.1,20,5,0,0.0,0,3.5
CUST-100278,78.9,Low Risk (Healthy),22,86.8,74.5,5811,42,1,20.1,0,5.0
CUST-100279,77.0,Low Risk (Healthy),29,57.8,57.2,149,21,0,0.0,0,3.5
CUST-100280,81.6,Low Risk (Healthy),27,81.9,101.9,1936,8,0,0.0,0,3.5
CUST-100281,5.0,High Risk (Critical),10,17.3,12.2,106,17,2,12.2,1,1.0
CUST-100282,9.1,High Risk (Critical),1,30.5,4.9,139,12,3,58.7,0,3.0
CUST-100283,62.1,Medium Risk (Warning),19,52.5,34.8,417,5,0,0.0,0,3.5
CUST-100284,18.4,High Risk (Critical),1,42.8,12.4,125,9,2,46.5,0,3.0
CUST-100285,85.9,Low Risk (Healthy),24,94.5,61.6,3511,14,1,3.2,0,5.0
CUST-100286,71.3,Low Risk (Healthy),15,85.9,62.0,113,20,1,3.5,0,5.0
CUST-100287,72.7,Low Risk (Healthy),29,64.9,99.6,132,7,2,11.4,0,4.0
CUST-100288,79.2,Low Risk (Healthy),25,89.1,68.1,70,38,1,7.3,0,4.0
CUST-100289,16.1,High Risk (Critical),7,37.9,13.9,23,1,2,36.7,1,3.0
CUST-100290,66.2,Medium Risk (Warning),22,60.4,71.9,3810,21,1,9.9,0,4.0
CUST-100291,19.4,High Risk (Critical),5,12.4,8.1,58,41,1,39.8,0,3.0
CUST-100292,40.8,High Risk (Critical),6,39.3,18.4,88,39,0,0.0,0,3.5
CUST-100293,67.7,Medium Risk (Warning),27,55.3,55.6,4281,11,1,15.3,0,3.5
CUST-100294,60.3,Medium Risk (Warning),16,59.8,32.1,133,1,0,0.0,0,3.5
CUST-100295,58.1,Medium Risk (Warning),16,52.6,75.1,64,45,0,0.0,0,3.5
CUST-100296,5.0,High Risk (Critical),4,27.9,14.9,29,39,2,51.4,1,2.0
CUST-100297,85.7,Low Risk (Healthy),29,86.7,82.7,59,25,0,0.0,0,3.5
CUST-100298,27.2,High Risk (Critical),11,44.1,10.2,126,34,3,53.7,0,3.0
CUST-100299,5.0,High Risk (Critical),3,24.4,9.2,15,2,2,58.5,1,2.0
CUST-100300,72.8,Low Risk (Healthy),23,77.4,62.7,16,11,1,9.0,0,4.0
CUST-100301,72.9,Low Risk (Healthy),25,68.2,42.2,759,42,1,7.5,0,4.0
CUST-100302,8.4,High Risk (Critical),7,28.4,19.4,48,9,3,27.4,0,1.0
CUST-100303,51.8,Medium Risk (Warning),18,51.5,69.3,112,6,2,5.6,0,3.5
CUST-100304,63.9,Medium Risk (Warning),17,87.7,82.1,1231,7,1,16.6,0,3.5
CUST-100305,69.7,Medium Risk (Warning),19,78.1,102.1,28,0,2,8.5,0,5.0
CUST-100306,56.4,Medium Risk (Warning),22,51.4,93.2,76,29,2,11.1,0,3.5
CUST-100307,17.0,High Risk (Critical),8,19.6,20.5,141,11,1,12.1,0,1.0
CUST-100308,13.0,High Risk (Critical),3,26.9,18.1,77,23,1,56.4,0,2.0
CUST-100309,12.4,High Risk (Critical),6,28.0,17.1,120,17,1,64.2,1,3.0
CUST-100310,65.6,Medium Risk (Warning),19,64.1,44.1,28,23,0,0.0,0,3.5
CUST-100311,29.0,High Risk (Critical),7,27.5,7.9,74,24,1,20.7,0,3.0
CUST-100312,49.0,Medium Risk (Warning),17,63.0,91.0,2093,31,3,12.5,0,3.5
CUST-100313,30.0,High Risk (Critical),2,21.2,16.6,41,31,0,0.0,0,3.5
CUST-100314,8.4,High Risk (Critical),11,35.7,7.7,63,10,1,72.0,1,1.0
CUST-100315,7.3,High Risk (Critical),9,44.4,15.6,99,5,4,64.0,0,1.0
CUST-100316,15.3,High Risk (Critical),8,30.6,21.3,104,42,3,36.1,0,2.0
CUST-100317,22.3,High Risk (Critical),8,17.5,6.9,35,5,1,60.6,0,3.0
CUST-100318,23.9,High Risk (Critical),8,41.1,21.2,38,35,2,25.1,0,2.0
CUST-100319,30.1,High Risk (Critical),7,35.7,18.8,32,24,1,31.4,0,3.0
CUST-100320,61.5,Medium Risk (Warning),16,62.2,77.6,2017,31,2,4.2,0,5.0
CUST-100321,5.0,High Risk (Critical),6,30.9,8.2,40,7,3,65.2,0,1.0
CUST-100322,68.6,Medium Risk (Warning),17,81.8,58.2,80,24,2,5.0,0,5.0
CUST-100323,76.1,Low Risk (Healthy),23,81.6,108.0,7452,14,0,0.0,0,3.5
CUST-100324,10.2,High Risk (Critical),13,39.6,9.5,87,42,3,24.7,1,1.0
CUST-100325,7.1,High Risk (Critical),5,18.4,4.7,66,30,1,56.5,0,1.0
CUST-100326,36.0,High Risk (Critical),6,23.4,21.8,100,2,0,0.0,0,3.5
CUST-100327,80.0,Low Risk (Healthy),28,72.3,77.3,4251,26,0,0.0,0,3.5
CUST-100328,33.6,High Risk (Critical),2,33.0,18.3,86,37,0,0.0,0,3.5
CUST-100329,5.6,High Risk (Critical),1,43.6,15.5,75,13,2,22.3,1,2.0
CUST-100330,69.1,Medium Risk (Warning),15,93.8,65.9,2174,18,0,0.0,0,3.5
CUST-100331,5.4,High Risk (Critical),12,28.1,21.1,84,24,5,15.3,1,1.0
CUST-100332,31.1,High Risk (Critical),8,43.0,5.9,69,6,2,19.9,0,3.0
CUST-100333,82.0,Low Risk (Healthy),28,78.9,109.1,6873,16,0,0.0,0,3.5
CUST-100334,71.7,Low Risk (Healthy),18,88.9,73.6,30,36,0,0.0,0,3.5
CUST-100335,71.0,Low Risk (Healthy),19,82.2,30.2,1691,18,0,0.0,0,3.5
CUST-100336,34.1,High Risk (Critical),2,34.9,19.2,109,43,0,0.0,0,3.5
CUST-100337,80.7,Low Risk (Healthy),26,69.0,99.5,2189,29,1,5.0,0,5.0
CUST-100338,17.7,High Risk (Critical),12,11.5,15.0,29,44,4,29.9,0,3.0
CUST-100339,74.5,Low Risk (Healthy),25,67.2,64.5,130,30,0,0.0,0,3.5
CUST-100340,62.1,Medium Risk (Warning),19,62.0,103.8,1453,34,1,14.4,0,4.0
CUST-100341,8.4,High Risk (Critical),12,35.6,17.7,21,11,2,50.1,1,1.0
CUST-100342,15.3,High Risk (Critical),10,38.6,8.1,11,27,2,29.3,1,2.0
CUST-100343,5.0,High Risk (Critical),13,11.5,19.6,23,22,3,30.2,1,1.0
CUST-100344,15.9,High Risk (Critical),2,40.2,10.0,69,4,2,71.0,0,3.0
CUST-100345,22.6,High Risk (Critical),14,28.3,12.5,82,9,1,68.5,1,3.0
CUST-100346,64.4,Medium Risk (Warning),16,93.6,88.0,143,6,3,23.8,0,5.0
CUST-100347,5.4,High Risk (Critical),5,19.2,13.6,114,21,3,31.1,1,3.0
CUST-100348,49.3,Medium Risk (Warning),13,36.7,4.7,134,44,0,0.0,0,3.5
CUST-100349,65.1,Medium Risk (Warning),18,89.6,93.0,1953,27,1,22.5,0,3.5
CUST-100350,5.0,High Risk (Critical),7,16.2,16.3,2,0,2,56.9,1,1.0
CUST-100351,20.7,High Risk (Critical),14,30.0,6.7,92,21,6,53.6,0,3.0
CUST-100352,28.5,High Risk (Critical),10,33.9,12.9,95,39,1,72.0,0,3.0
CUST-100353,14.5,High Risk (Critical),12,29.3,19.2,34,44,3,34.6,0,1.0
CUST-100354,12.0,High Risk (Critical),2,22.7,8.5,107,35,2,12.0,0,2.0
CUST-100355,10.2,High Risk (Critical),5,13.1,13.1,126,10,3,51.3,0,3.0
CUST-100356,71.6,Low Risk (Healthy),20,65.8,54.0,146,5,1,6.5,0,5.0
CUST-100357,51.0,Medium Risk (Warning),15,52.4,80.5,3944,37,3,21.4,0,5.0
CUST-100358,21.9,High Risk (Critical),8,23.1,11.7,129,25,2,45.8,0,3.0
CUST-100359,23.3,High Risk (Critical),11,42.0,8.2,102,22,1,15.8,1,2.0
CUST-100360,69.5,Medium Risk (Warning),18,81.8,95.7,103,36,0,0.0,0,3.5
CUST-100361,7.3,High Risk (Critical),9,14.9,19.4,63,2,2,57.7,0,1.0
CUST-100362,40.3,High Risk (Critical),11,15.4,19.5,49,27,0,0.0,0,3.5
CUST-100363,45.1,Medium Risk (Warning),12,26.9,9.2,148,40,0,0.0,0,3.5
CUST-100364,21.6,High Risk (Critical),10,41.0,11.6,145,34,2,63.9,0,2.0
CUST-100365,77.8,Low Risk (Healthy),27,69.3,53.3,586,42,0,0.0,0,3.5
CUST-100366,74.2,Low Risk (Healthy),21,84.1,50.6,125,2,0,0.0,0,3.5
CUST-100367,5.0,High Risk (Critical),3,14.8,11.4,67,8,2,69.2,1,1.0
CUST-100368,40.8,High Risk (Critical),6,39.4,5.0,26,21,0,0.0,0,3.5
CUST-100369,5.0,High Risk (Critical),3,22.7,14.2,132,24,3,49.8,0,2.0
CUST-100370,72.2,Low Risk (Healthy),22,72.9,41.1,73,20,0,0.0,0,3.5
CUST-100371,71.5,Low Risk (Healthy),17,84.4,87.8,1141,37,1,19.8,0,5.0
CUST-100372,65.9,Medium Risk (Warning),22,51.9,65.0,1365,34,0,0.0,0,3.5
CUST-100373,85.5,Low Risk (Healthy),29,90.5,64.6,2648,41,1,2.9,0,4.0
CUST-100374,60.9,Medium Risk (Warning),17,57.4,95.2,56,9,0,0.0,0,3.5
CUST-100375,11.2,High Risk (Critical),5,37.2,15.4,149,20,1,69.4,0,1.0
CUST-100376,75.9,Low Risk (Healthy),28,64.4,86.9,1564,24,1,6.0,0,4.0
CUST-100377,10.5,High Risk (Critical),6,14.3,10.5,90,22,2,14.4,1,3.0
CUST-100378,76.9,Low Risk (Healthy),26,90.6,79.1,3322,17,2,7.9,0,4.0
CUST-100379,62.2,Medium Risk (Warning),20,59.5,76.7,1227,34,1,18.6,0,4.0
CUST-100380,65.8,Medium Risk (Warning),16,90.5,33.9,91,5,1,21.6,0,4.0
CUST-100381,5.0,High Risk (Critical),11,11.1,18.3,113,18,3,17.7,1,1.0
CUST-100382,5.0,High Risk (Critical),5,28.3,4.7,53,39,4,67.9,1,2.0
CUST-100383,70.5,Low Risk (Healthy),17,89.4,45.5,1638,24,0,0.0,0,3.5
CUST-100384,7.3,High Risk (Critical),6,19.4,16.2,134,23,1,67.9,0,1.0
CUST-100385,68.9,Medium Risk (Warning),20,70.8,32.4,550,30,0,0.0,0,3.5
CUST-100386,66.8,Medium Risk (Warning),24,55.8,40.8,2733,8,1,15.5,0,4.0
CUST-100387,53.6,Medium Risk (Warning),16,56.1,28.2,733,9,1,12.5,0,3.5
CUST-100388,38.2,High Risk (Critical),6,30.7,8.0,129,42,0,0.0,0,3.5
CUST-100389,20.0,High Risk (Critical),1,44.9,8.2,48,28,2,38.4,0,3.0
CUST-100390,77.9,Low Risk (Healthy),23,87.4,42.2,147,16,0,0.0,0,3.5
CUST-100391,23.2,High Risk (Critical),14,11.2,7.4,118,2,2,22.5,0,2.0
CUST-100392,19.8,High Risk (Critical),7,14.9,10.6,112,40,1,16.4,0,2.0
CUST-100393,63.0,Medium Risk (Warning),19,55.5,70.6,1,34,0,0.0,0,3.5
CUST-100394,31.0,High Risk (Critical),9,42.0,17.5,121,22,1,13.2,0,2.0
CUST-100395,82.9,Low Risk (Healthy),28,81.9,76.1,89,20,0,0.0,0,3.5
CUST-100396,5.0,High Risk (Critical),1,36.6,7.5,121,3,3,56.0,0,1.0
CUST-100397,85.3,Low Risk (Healthy),29,85.6,96.2,53,40,0,0.0,0,3.5
CUST-100398,15.1,High Risk (Critical),12,40.3,6.3,60,15,4,69.6,1,2.0
CUST-100399,15.0,High Risk (Critical),11,14.0,21.9,118,4,2,63.3,0,2.0
CUST-100400,16.1,High Risk (Critical),10,32.5,10.2,114,16,2,65.2,1,3.0
CUST-100401,74.0,Low Risk (Healthy),21,83.3,70.8,1345,3,0,0.0,0,3.5
CUST-100402,74.0,Low Risk (Healthy),23,81.1,33.4,1703,20,1,7.7,0,4.0
CUST-100403,73.7,Low Risk (Healthy),21,82.3,66.0,30,33,0,0.0,0,3.5
CUST-100404,69.5,Medium Risk (Warning),21,88.1,45.2,148,3,2,7.2,0,4.0
CUST-100405,15.9,High Risk (Critical),14,33.8,15.6,93,9,3,55.5,0,1.0
CUST-100406,6.5,High Risk (Critical),10,40.4,15.5,52,3,5,52.9,0,1.0
CUST-100407,19.9,High Risk (Critical),11,27.4,19.1,125,39,1,55.6,1,3.0
CUST-100408,70.6,Low Risk (Healthy),18,85.2,35.0,1155,43,0,0.0,0,3.5
CUST-100409,38.7,High Risk (Critical),4,41.3,5.4,43,6,0,0.0,0,3.5
CUST-100410,77.6,Low Risk (Healthy),23,86.3,93.7,5809,4,0,0.0,0,3.5
CUST-100411,5.0,High Risk (Critical),2,15.9,16.4,52,42,1,19.9,1,2.0
CUST-100412,5.0,High Risk (Critical),9,13.8,11.0,65,7,4,37.9,1,1.0
CUST-100413,40.1,High Risk (Critical),11,14.9,9.1,67,4,0,0.0,0,3.5
CUST-100414,72.6,Low Risk (Healthy),21,93.1,52.3,941,44,1,2.5,0,3.5
CUST-100415,62.4,Medium Risk (Warning),16,66.9,108.9,4464,29,0,0.0,0,3.5
CUST-100416,15.2,High Risk (Critical),12,27.9,12.5,112,28,3,25.4,0,1.0
CUST-100417,34.1,High Risk (Critical),6,17.1,9.4,31,12,0,0.0,0,3.5
CUST-100418,45.0,Medium Risk (Warning),9,39.9,16.2,34,16,0,0.0,0,3.5
CUST-100419,18.5,High Risk (Critical),14,10.1,17.5,26,44,1,57.6,1,3.0
CUST-100420,61.4,Medium Risk (Warning),17,67.3,29.2,1722,30,1,11.4,0,4.0
CUST-100421,74.3,Low Risk (Healthy),24,71.1,68.5,2329,6,0,0.0,0,3.5
CUST-100422,14.4,High Risk (Critical),10,44.2,16.5,21,31,1,33.8,1,1.0
CUST-100423,22.3,High Risk (Critical),5,28.3,16.4,25,20,1,54.8,0,3.0
CUST-100424,19.3,High Risk (Critical),12,44.1,15.4,64,1,1,15.1,1,1.0
CUST-100425,63.4,Medium Risk (Warning),16,70.3,42.6,113,15,0,0.0,0,3.5
CUST-100426,18.3,High Risk (Critical),3,20.0,12.6,102,30,1,45.4,0,3.0
CUST-100427,29.8,High Risk (Critical),13,23.6,12.0,9,29,1,68.7,0,3.0
CUST-100428,68.1,Medium Risk (Warning),16,75.7,102.4,6656,45,1,15.8,0,5.0
CUST-100429,28.7,High Risk (Critical),10,26.6,5.7,10,39,2,21.1,0,3.0
CUST-100430,66.9,Medium Risk (Warning),25,86.4,38.3,612,35,3,11.1,0,3.5
CUST-100431,29.3,High Risk (Critical),12,36.3,8.4,41,36,1,44.4,0,2.0
CUST-100432,71.7,Low Risk (Healthy),26,53.5,30.9,126,3,0,0.0,0,3.5
CUST-100433,65.8,Medium Risk (Warning),21,68.0,29.4,323,36,3,4.8,0,5.0
CUST-100434,10.3,High Risk (Critical),8,12.3,6.6,113,21,3,32.8,0,2.0
CUST-100435,62.6,Medium Risk (Warning),16,55.0,96.2,88,15,1,9.9,0,5.0
CUST-100436,15.6,High Risk (Critical),8,37.9,9.0,92,38,3,51.7,0,2.0
CUST-100437,78.0,Low Risk (Healthy),28,57.9,39.2,38,34,1,21.8,0,5.0
CUST-100438,5.0,High Risk (Critical),1,23.9,12.8,66,12,5,26.6,1,3.0
CUST-100439,68.2,Medium Risk (Warning),22,81.3,31.6,15,23,1,19.8,0,3.5
CUST-100440,77.4,Low Risk (Healthy),24,83.1,99.5,145,21,2,12.1,0,5.0
CUST-100441,71.4,Low Risk (Healthy),18,87.9,50.9,145,42,0,0.0,0,3.5
CUST-100442,75.9,Low Risk (Healthy),26,77.7,44.9,1751,20,1,16.9,0,4.0
CUST-100443,60.8,Medium Risk (Warning),17,77.6,95.7,17,18,1,17.2,0,3.5
CUST-100444,9.5,High Risk (Critical),2,22.2,11.4,100,18,1,62.7,0,2.0
CUST-100445,59.2,Medium Risk (Warning),22,52.7,96.0,27,38,1,23.3,0,3.5
CUST-100446,60.9,Medium Risk (Warning),19,69.9,43.2,130,1,1,19.0,0,3.5
CUST-100447,5.0,High Risk (Critical),2,18.5,4.2,5,21,2,28.2,1,1.0
CUST-100448,68.2,Medium Risk (Warning),22,59.7,26.7,17,14,0,0.0,0,3.5
CUST-100449,71.8,Low Risk (Healthy),28,58.2,52.0,29,14,1,24.0,0,4.0
CUST-100450,64.8,Medium Risk (Warning),16,75.0,61.8,78,5,0,0.0,0,3.5
CUST-100451,8.3,High Risk (Critical),8,15.6,8.5,18,40,5,59.7,0,3.0
CUST-100452,82.5,Low Risk (Healthy),26,89.3,25.8,1186,36,0,0.0,0,3.5
CUST-100453,79.8,Low Risk (Healthy),28,86.3,43.0,59,17,1,3.1,0,3.5
CUST-100454,71.6,Low Risk (Healthy),18,76.5,27.2,82,15,1,10.5,0,5.0
CUST-100455,6.2,High Risk (Critical),12,30.1,14.2,60,30,2,54.9,1,1.0
CUST-100456,68.2,Medium Risk (Warning),18,90.6,105.1,1891,12,1,24.0,0,4.0
CUST-100457,8.1,High Risk (Critical),8,27.7,4.5,93,19,1,70.9,1,2.0
CUST-100458,26.0,High Risk (Critical),12,40.6,19.9,145,31,3,17.5,0,2.0
CUST-100459,63.7,Medium Risk (Warning),17,57.3,85.4,4526,2,1,16.9,0,5.0
CUST-100460,58.4,Medium Risk (Warning),15,58.1,105.4,103,22,0,0.0,0,3.5
CUST-100461,5.0,High Risk (Critical),1,20.6,19.0,128,20,1,65.1,0,1.0
CUST-100462,64.0,Medium Risk (Warning),22,56.2,53.6,4288,43,1,17.9,0,4.0
CUST-100463,5.0,High Risk (Critical),10,17.9,10.9,144,31,2,17.9,1,1.0
CUST-100464,51.9,Medium Risk (Warning),18,78.4,66.9,2140,29,4,5.0,0,3.5
CUST-100465,62.3,Medium Risk (Warning),18,57.8,46.4,2830,32,0,0.0,0,3.5
CUST-100466,5.0,High Risk (Critical),6,12.1,12.4,131,7,1,32.9,1,1.0
CUST-100467,14.5,High Risk (Critical),5,35.4,16.0,31,44,2,22.5,1,3.0
CUST-100468,70.8,Low Risk (Healthy),22,68.3,106.8,4912,2,0,0.0,0,3.5
CUST-100469,10.8,High Risk (Critical),6,40.9,7.5,133,41,1,59.9,1,2.0
CUST-100470,19.2,High Risk (Critical),7,10.6,16.8,93,25,1,58.9,0,3.0
CUST-100471,77.6,Low Risk (Healthy),18,94.2,99.9,87,18,1,5.1,0,5.0
CUST-100472,69.3,Medium Risk (Warning),17,85.5,76.6,114,22,0,0.0,0,3.5
CUST-100473,61.0,Medium Risk (Warning),23,60.3,27.7,1939,40,2,6.2,0,3.5
CUST-100474,77.2,Low Risk (Healthy),24,71.8,36.2,31,9,1,18.6,0,5.0
CUST-100475,22.5,High Risk (Critical),11,10.3,8.1,111,1,2,42.1,0,3.0
CUST-100476,29.5,High Risk (Critical),7,39.6,6.1,126,30,2,13.5,0,3.0
CUST-100477,69.6,Medium Risk (Warning),18,74.7,41.3,120,10,1,22.3,0,5.0
CUST-100478,5.0,High Risk (Critical),1,38.5,8.8,137,27,2,70.0,1,1.0
CUST-100479,5.0,High Risk (Critical),1,30.1,13.7,6,16,2,19.9,1,2.0
CUST-100480,63.0,Medium Risk (Warning),18,59.9,57.9,1158,4,0,0.0,0,3.5
CUST-100481,15.4,High Risk (Critical),8,26.5,4.9,110,45,3,25.4,0,2.0
CUST-100482,11.5,High Risk (Critical),9,30.9,6.7,2,23,1,13.8,1,1.0
CUST-100483,12.6,High Risk (Critical),8,40.5,19.9,121,39,1,65.8,1,2.0
CUST-100484,63.2,Medium Risk (Warning),18,60.6,66.1,3437,28,0,0.0,0,3.5
CUST-100485,75.9,Low Risk (Healthy),27,80.9,84.8,136,45,1,10.9,0,3.5
CUST-100486,66.2,Medium Risk (Warning),17,92.8,80.3,99,13,1,10.1,0,3.5
CUST-100487,5.0,High Risk (Critical),5,16.5,8.6,104,14,4,27.2,1,3.0
CUST-100488,48.8,Medium Risk (Warning),15,61.3,102.1,1123,4,2,21.0,0,3.5
CUST-100489,5.0,High Risk (Critical),3,29.3,21.8,117,7,2,44.2,1,2.0
CUST-100490,5.0,High Risk (Critical),1,24.3,10.3,75,9,1,30.2,1,1.0
CUST-100491,68.8,Medium Risk (Warning),21,66.1,66.4,116,22,0,0.0,0,3.5
CUST-100492,5.0,High Risk (Critical),5,18.0,9.3,104,43,2,56.4,0,1.0
CUST-100493,65.6,Medium Risk (Warning),21,55.4,107.0,90,39,0,0.0,0,3.5
CUST-100494,18.4,High Risk (Critical),8,39.7,15.6,42,22,1,49.2,0,1.0
CUST-100495,21.5,High Risk (Critical),11,42.6,5.6,66,43,4,63.6,0,3.0
CUST-100496,8.4,High Risk (Critical),8,26.4,15.0,40,43,4,49.5,0,2.0
CUST-100497,60.9,Medium Risk (Warning),16,61.9,32.6,49,44,0,0.0,0,3.5
CUST-100498,77.6,Low Risk (Healthy),28,64.1,50.5,656,24,0,0.0,0,3.5
CUST-100499,19.0,High Risk (Critical),14,24.6,9.7,149,42,5,19.3,1,3.0
CUST-100500,61.5,Medium Risk (Warning),19,50.4,69.1,1934,5,0,0.0,0,3.5
CUST-100501,16.6,High Risk (Critical),8,24.8,11.4,51,29,2,43.9,0,2.0
CUST-100502,76.4,Low Risk (Healthy),22,87.0,95.3,120,28,0,0.0,0,3.5
CUST-100503,31.8,High Risk (Critical),4,18.3,11.4,23,10,0,0.0,0,3.5
CUST-100504,73.0,Low Risk (Healthy),22,86.7,73.3,50,21,1,18.6,0,4.0
CUST-100505,17.3,High Risk (Critical),1,43.4,13.5,140,29,2,56.8,0,3.0
CUST-100506,11.0,High Risk (Critical),3,37.6,13.3,9,5,2,18.0,0,1.0
CUST-100507,7.6,High Risk (Critical),6,16.8,17.5,9,32,1,59.2,0,1.0
CUST-100508,77.4,Low Risk (Healthy),25,86.0,32.3,66,16,1,14.0,0,4.0
CUST-100509,34.8,High Risk (Critical),12,22.6,14.4,88,12,1,15.8,0,3.0
CUST-100510,42.8,High Risk (Critical),12,19.4,14.9,142,25,0,0.0,0,3.5
CUST-100511,21.0,High Risk (Critical),10,42.3,12.3,116,44,3,40.1,0,2.0
CUST-100512,23.5,High Risk (Critical),14,31.5,10.9,89,9,1,68.6,1,3.0
CUST-100513,73.3,Low Risk (Healthy),18,94.4,79.4,96,17,0,0.0,0,3.5
CUST-100514,65.5,Medium Risk (Warning),23,51.1,29.4,96,19,2,19.6,0,5.0
CUST-100515,34.7,High Risk (Critical),13,41.0,10.6,88,8,1,71.1,0,3.0
CUST-100516,66.3,Medium Risk (Warning),22,61.0,103.2,7017,2,1,10.7,0,4.0
CUST-100517,81.3,Low Risk (Healthy),29,77.8,99.4,24,39,1,5.7,0,4.0
CUST-100518,12.7,High Risk (Critical),7,34.6,18.2,102,44,3,56.1,1,3.0
CUST-100519,61.7,Medium Risk (Warning),15,53.7,72.8,36,29,1,3.5,0,5.0
CUST-100520,5.0,High Risk (Critical),2,27.1,16.0,62,20,5,26.6,0,1.0
CUST-100521,33.2,High Risk (Critical),13,14.9,18.1,57,37,1,21.1,0,3.0
CUST-100522,67.6,Medium Risk (Warning),17,79.8,61.0,1220,11,0,0.0,0,3.5
CUST-100523,52.7,Medium Risk (Warning),15,50.4,95.1,50,4,1,19.0,0,4.0
CUST-100524,49.1,Medium Risk (Warning),12,40.2,11.0,51,35,0,0.0,0,3.5
CUST-100525,14.8,High Risk (Critical),6,44.9,9.0,87,35,3,53.3,0,2.0
CUST-100526,28.0,High Risk (Critical),13,37.1,10.9,4,37,1,20.0,0,1.0
CUST-100527,73.7,Low Risk (Healthy),19,91.8,51.5,1957,12,2,9.2,0,5.0
CUST-100528,21.7,High Risk (Critical),1,38.8,4.2,99,19,1,42.3,0,3.0
CUST-100529,65.0,Medium Risk (Warning),18,89.3,82.4,51,18,1,22.4,0,3.5
CUST-100530,27.5,High Risk (Critical),11,38.0,10.9,46,13,1,52.4,0,2.0
CUST-100531,76.4,Low Risk (Healthy),23,74.6,85.9,5068,35,1,21.3,0,5.0
CUST-100532,67.4,Medium Risk (Warning),18,87.1,50.5,130,39,1,21.9,0,4.0
CUST-100533,69.2,Medium Risk (Warning),24,72.7,100.1,62,45,1,13.0,0,3.5
CUST-100534,60.4,Medium Risk (Warning),15,64.8,59.5,91,10,0,0.0,0,3.5
CUST-100535,5.0,High Risk (Critical),7,22.3,7.2,4,17,4,26.6,0,1.0
CUST-100536,77.4,Low Risk (Healthy),28,83.0,34.3,11,39,1,14.4,0,3.5
CUST-100537,22.3,High Risk (Critical),7,15.0,5.8,85,16,2,12.6,0,3.0
CUST-100538,5.0,High Risk (Critical),3,18.2,12.9,80,39,1,71.6,1,2.0
CUST-100539,5.0,High Risk (Critical),6,13.1,13.6,143,42,2,66.7,1,2.0
CUST-100540,72.9,Low Risk (Healthy),22,75.1,106.4,126,8,0,0.0,0,3.5
CUST-100541,43.8,High Risk (Critical),12,22.5,13.3,2,43,0,0.0,0,3.5
CUST-100542,5.0,High Risk (Critical),4,13.4,7.5,132,39,3,20.9,1,1.0
CUST-100543,17.7,High Risk (Critical),10,34.3,4.8,129,21,1,31.0,1,2.0
CUST-100544,6.6,High Risk (Critical),2,18.7,15.7,22,27,3,61.3,0,3.0
CUST-100545,79.0,Low Risk (Healthy),24,72.9,47.8,135,18,1,7.2,0,5.0
CUST-100546,5.0,High Risk (Critical),2,26.1,17.1,65,41,4,16.0,0,1.0
CUST-100547,19.9,High Risk (Critical),4,23.5,6.2,55,4,1,51.9,0,3.0
CUST-100548,64.6,Medium Risk (Warning),23,54.9,57.0,100,6,1,20.2,0,4.0
CUST-100549,64.5,Medium Risk (Warning),17,69.4,64.6,90,4,0,0.0,0,3.5
CUST-100550,78.6,Low Risk (Healthy),26,89.9,29.8,73,18,1,24.0,0,4.0
CUST-100551,82.5,Low Risk (Healthy),23,89.5,109.4,139,4,1,7.8,0,5.0
CUST-100552,68.8,Medium Risk (Warning),21,86.3,49.1,39,20,1,16.8,0,3.5
CUST-100553,9.7,High Risk (Critical),6,31.8,17.6,53,35,2,46.9,0,1.0
CUST-100554,5.0,High Risk (Critical),10,18.8,17.4,132,2,4,57.0,0,1.0
CUST-100555,42.0,High Risk (Critical),10,25.5,19.2,48,27,0,0.0,0,3.5
CUST-100556,5.0,High Risk (Critical),3,13.6,16.3,82,42,4,68.1,0,1.0
CUST-100557,44.1,High Risk (Critical),9,37.0,13.0,135,37,0,0.0,0,3.5
CUST-100558,15.3,High Risk (Critical),12,17.8,17.5,147,36,4,16.0,0,2.0
CUST-100559,71.5,Low Risk (Healthy),24,61.6,78.5,4710,5,0,0.0,0,3.5
CUST-100560,86.2,Low Risk (Healthy),29,88.6,63.6,72,6,0,0.0,0,3.5
CUST-100561,62.1,Medium Risk (Warning),21,61.3,27.5,103,37,1,10.0,0,3.5
CUST-100562,75.8,Low Risk (Healthy),20,85.3,40.3,19,29,1,19.9,0,5.0
CUST-100563,46.4,Medium Risk (Warning),12,31.3,10.2,25,33,0,0.0,0,3.5
CUST-100564,75.6,Low Risk (Healthy),27,61.9,66.8,5143,31,0,0.0,0,3.5
CUST-100565,64.4,Medium Risk (Warning),15,78.1,93.9,88,26,0,0.0,0,3.5
CUST-100566,10.5,High Risk (Critical),7,40.0,4.9,105,15,3,38.6,0,1.0
CUST-100567,30.9,High Risk (Critical),13,29.1,20.3,135,4,2,41.6,0,3.0
CUST-100568,63.2,Medium Risk (Warning),15,62.5,38.9,1828,43,1,12.2,0,5.0
CUST-100569,11.2,High Risk (Critical),11,36.8,7.4,14,21,2,20.3,1,1.0
CUST-100570,78.0,Low Risk (Healthy),25,66.6,34.1,142,29,1,10.2,0,5.0
CUST-100571,20.7,High Risk (Critical),8,32.6,15.3,35,33,1,29.8,1,3.0
CUST-100572,17.7,High Risk (Critical),14,44.7,4.6,117,22,2,19.2,1,1.0
CUST-100573,18.9,High Risk (Critical),9,18.1,13.3,59,44,3,36.6,0,3.0
CUST-100574,77.5,Low Risk (Healthy),24,68.3,85.7,3513,15,1,8.2,0,5.0
CUST-100575,17.2,High Risk (Critical),9,33.5,19.8,148,30,1,22.9,1,2.0
CUST-100576,12.8,High Risk (Critical),9,38.5,21.6,66,27,3,38.3,0,1.0
CUST-100577,21.2,High Risk (Critical),12,10.7,20.0,44,40,1,16.3,1,3.0
CUST-100578,17.1,High Risk (Critical),7,33.7,7.4,106,43,2,50.4,0,2.0
CUST-100579,39.4,High Risk (Critical),6,34.5,21.2,23,20,0,0.0,0,3.5
CUST-100580,8.0,High Risk (Critical),2,33.4,17.4,76,14,2,21.4,0,1.0
CUST-100581,72.5,Low Risk (Healthy),27,60.1,90.6,6885,3,1,12.4,0,4.0
CUST-100582,28.5,High Risk (Critical),5,39.8,11.5,83,27,1,32.8,0,3.0
CUST-100583,66.0,Medium Risk (Warning),15,87.4,69.2,4498,8,2,17.5,0,5.0
CUST-100584,6.6,High Risk (Critical),11,19.9,18.2,113,25,2,16.5,1,1.0
CUST-100585,11.2,High Risk (Critical),11,10.2,4.2,48,22,3,52.1,0,2.0
CUST-100586,61.8,Medium Risk (Warning),17,62.3,104.5,1358,43,2,12.4,0,5.0
CUST-100587,38.7,High Risk (Critical),5,36.7,6.2,132,33,0,0.0,0,3.5
CUST-100588,81.2,Low Risk (Healthy),28,63.1,96.5,3184,24,1,8.3,0,5.0
CUST-100589,5.0,High Risk (Critical),1,35.5,9.7,105,26,2,58.6,0,1.0
CUST-100590,17.8,High Risk (Critical),9,12.5,14.4,110,32,1,16.0,1,3.0
CUST-100591,70.1,Low Risk (Healthy),21,89.6,109.3,111,23,1,14.0,0,3.5
CUST-100592,14.0,High Risk (Critical),8,39.0,6.0,60,32,2,18.9,1,2.0
CUST-100593,66.1,Medium Risk (Warning),22,52.6,97.3,123,5,0,0.0,0,3.5
CUST-100594,75.8,Low Risk (Healthy),27,62.5,69.1,2902,42,0,0.0,0,3.5
CUST-100595,24.6,High Risk (Critical),3,30.5,20.4,130,0,1,20.7,0,3.0
CUST-100596,5.0,High Risk (Critical),3,36.2,4.8,53,28,2,55.6,1,2.0
CUST-100597,65.8,Medium Risk (Warning),18,89.3,98.7,60,39,1,15.7,0,3.5
CUST-100598,71.1,Low Risk (Healthy),20,90.0,26.2,75,27,1,20.2,0,4.0
CUST-100599,9.0,High Risk (Critical),2,43.5,13.7,96,2,4,21.6,0,2.0
CUST-100600,5.0,High Risk (Critical),6,22.9,15.6,133,10,4,44.2,0,1.0
CUST-100601,82.2,Low Risk (Healthy),29,87.3,76.3,2212,16,1,21.5,0,4.0
CUST-100602,76.6,Low Risk (Healthy),22,87.6,78.6,18,38,0,0.0,0,3.5
CUST-100603,5.0,High Risk (Critical),8,11.1,13.9,101,4,2,60.4,1,1.0
CUST-100604,18.2,High Risk (Critical),9,43.9,11.7,118,8,4,32.6,1,3.0
CUST-100605,72.1,Low Risk (Healthy),20,84.2,92.3,22,18,2,14.8,0,5.0
CUST-100606,25.9,High Risk (Critical),4,43.8,15.0,136,26,1,52.6,0,3.0
CUST-100607,6.5,High Risk (Critical),2,39.9,5.5,26,34,3,16.9,0,1.0
CUST-100608,41.9,High Risk (Critical),13,11.8,11.2,122,42,0,0.0,0,3.5
CUST-100609,5.0,High Risk (Critical),4,43.7,4.3,62,38,1,55.2,1,1.0
CUST-100610,25.6,High Risk (Critical),14,18.5,14.5,147,6,1,52.8,0,2.0
CUST-100611,18.1,High Risk (Critical),11,36.6,19.9,120,42,1,44.6,1,2.0
CUST-100612,71.7,Low Risk (Healthy),23,70.2,31.8,1780,0,2,16.5,0,5.0
CUST-100613,42.1,High Risk (Critical),9,30.3,20.3,67,9,0,0.0,0,3.5
CUST-100614,5.0,High Risk (Critical),11,19.3,18.4,77,12,2,58.4,1,1.0
CUST-100615,48.3,Medium Risk (Warning),11,42.0,8.4,35,31,0,0.0,0,3.5
CUST-100616,5.0,High Risk (Critical),1,41.2,18.8,30,1,3,66.0,0,1.0
CUST-100617,9.8,High Risk (Critical),1,38.3,19.0,89,43,3,24.4,0,2.0
CUST-100618,7.5,High Risk (Critical),1,37.3,16.2,83,1,2,23.9,0,1.0
CUST-100619,39.4,High Risk (Critical),4,43.5,20.7,28,25,0,0.0,0,3.5
CUST-100620,76.1,Low Risk (Healthy),25,84.8,72.3,60,26,1,21.1,0,4.0
CUST-100621,59.3,Medium Risk (Warning),15,61.0,81.3,0,10,0,0.0,0,3.5
CUST-100622,69.4,Medium Risk (Warning),29,55.8,100.6,3319,38,2,16.0,0,4.0
CUST-100623,25.2,High Risk (Critical),12,27.1,5.5,67,0,1,23.2,1,3.0
CUST-100624,31.5,High Risk (Critical),14,29.5,20.5,113,4,2,48.4,0,3.0
CUST-100625,67.5,Medium Risk (Warning),17,90.2,37.3,1380,8,1,17.8,0,4.0
CUST-100626,63.5,Medium Risk (Warning),18,84.4,100.1,0,12,1,22.2,0,3.5
CUST-100627,68.0,Medium Risk (Warning),25,50.1,53.7,2953,9,1,2.6,0,4.0
CUST-100628,35.8,High Risk (Critical),6,22.5,14.7,1,27,0,0.0,0,3.5
CUST-100629,24.7,High Risk (Critical),11,37.6,8.8,107,8,1,25.9,0,1.0
CUST-100630,9.8,High Risk (Critical),12,30.5,21.3,98,31,1,58.4,1,1.0
CUST-100631,69.3,Medium Risk (Warning),24,54.3,37.4,92,25,0,0.0,0,3.5
CUST-100632,31.6,High Risk (Critical),13,20.8,5.3,41,39,1,47.4,0,3.0
CUST-100633,21.7,High Risk (Critical),12,42.2,5.9,136,32,3,65.2,1,3.0
CUST-100634,5.0,High Risk (Critical),1,16.4,13.8,92,45,1,57.6,1,2.0
CUST-100635,72.0,Low Risk (Healthy),24,88.5,47.2,519,15,2,20.4,0,4.0
CUST-100636,81.3,Low Risk (Healthy),23,85.2,71.8,789,8,1,7.1,0,5.0
CUST-100637,18.8,High Risk (Critical),1,41.7,13.9,73,27,1,24.2,0,2.0
CUST-100638,68.2,Medium Risk (Warning),21,55.5,81.6,4406,5,1,19.8,0,5.0
CUST-100639,26.9,High Risk (Critical),12,29.2,12.2,96,6,1,14.6,1,3.0
CUST-100640,5.0,High Risk (Critical),1,24.7,13.0,7,9,3,53.8,1,3.0
CUST-100641,50.2,Medium Risk (Warning),12,44.1,12.1,13,9,0,0.0,0,3.5
CUST-100642,5.0,High Risk (Critical),6,33.6,13.2,79,24,4,44.5,0,1.0
CUST-100643,5.0,High Risk (Critical),3,19.7,16.9,40,39,3,58.0,1,3.0
CUST-100644,17.5,High Risk (Critical),9,24.4,12.0,105,45,2,46.8,0,2.0
CUST-100645,75.3,Low Risk (Healthy),23,67.9,63.2,4171,7,1,13.6,0,5.0
CUST-100646,12.0,High Risk (Critical),8,34.3,9.1,116,16,1,55.9,1,2.0
CUST-100647,20.4,High Risk (Critical),13,25.5,7.8,56,25,2,37.0,1,3.0
CUST-100648,5.0,High Risk (Critical),3,11.6,21.6,71,5,5,49.7,0,2.0
CUST-100649,73.3,Low Risk (Healthy),20,77.0,87.3,1746,17,1,20.0,0,5.0
CUST-100650,59.9,Medium Risk (Warning),17,65.4,97.7,4787,13,1,19.1,0,4.0
CUST-100651,15.6,High Risk (Critical),12,23.4,16.1,35,45,4,27.1,0,2.0
CUST-100652,7.2,High Risk (Critical),9,18.6,19.0,122,25,4,50.8,0,2.0
CUST-100653,5.0,High Risk (Critical),10,13.7,19.9,117,37,1,64.2,1,1.0
CUST-100654,14.8,High Risk (Critical),11,13.7,5.1,30,30,1,63.6,1,3.0
CUST-100655,5.0,High Risk (Critical),9,20.1,4.3,125,7,1,66.0,1,1.0
CUST-100656,66.8,Medium Risk (Warning),26,58.2,101.0,102,17,2,11.0,0,4.0
CUST-100657,5.0,High Risk (Critical),1,20.0,9.8,124,19,1,56.9,0,1.0
CUST-100658,73.0,Low Risk (Healthy),23,94.9,106.9,30,14,2,17.3,0,4.0
CUST-100659,35.2,High Risk (Critical),3,34.0,12.8,73,20,0,0.0,0,3.5
CUST-100660,69.0,Medium Risk (Warning),23,85.5,42.4,22,1,2,2.4,0,3.5
CUST-100661,29.1,High Risk (Critical),14,26.6,15.0,72,0,2,12.1,0,2.0
CUST-100662,11.3,High Risk (Critical),6,26.8,11.7,72,9,1,69.7,1,3.0
CUST-100663,65.4,Medium Risk (Warning),19,51.7,72.4,19,15,1,11.8,0,5.0
CUST-100664,8.6,High Risk (Critical),12,18.6,15.9,98,6,1,39.6,1,1.0
CUST-100665,5.0,High Risk (Critical),10,11.6,19.3,90,1,1,66.8,1,1.0
CUST-100666,12.9,High Risk (Critical),1,33.5,13.3,61,14,1,51.6,0,2.0
CUST-100667,28.6,High Risk (Critical),3,11.9,15.2,134,38,0,0.0,0,3.5
CUST-100668,17.7,High Risk (Critical),9,22.2,4.4,100,38,4,23.6,0,3.0
CUST-100669,5.0,High Risk (Critical),2,10.5,11.7,42,11,1,55.6,0,1.0
CUST-100670,20.1,High Risk (Critical),6,33.8,21.7,137,28,1,48.7,0,2.0
CUST-100671,21.1,High Risk (Critical),6,40.3,18.9,131,40,3,39.9,0,3.0
CUST-100672,74.7,Low Risk (Healthy),24,72.3,25.1,928,8,0,0.0,0,3.5
CUST-100673,15.0,High Risk (Critical),10,28.9,10.8,126,22,3,70.4,1,3.0
CUST-100674,48.9,Medium Risk (Warning),13,35.2,9.4,22,22,0,0.0,0,3.5
CUST-100675,77.7,Low Risk (Healthy),29,50.3,88.9,4533,41,1,16.7,0,5.0
CUST-100676,64.2,Medium Risk (Warning),21,53.1,102.8,6887,24,2,13.5,0,5.0
CUST-100677,13.5,High Risk (Critical),4,16.5,10.5,38,16,2,54.0,0,3.0
CUST-100678,75.4,Low Risk (Healthy),27,80.9,29.4,294,4,1,14.6,0,3.5
CUST-100679,81.6,Low Risk (Healthy),26,86.3,73.8,3468,15,0,0.0,0,3.5
CUST-100680,7.1,High Risk (Critical),5,41.1,10.5,142,25,3,47.5,0,1.0
CUST-100681,70.3,Low Risk (Healthy),18,89.4,86.7,137,24,1,4.3,0,4.0
CUST-100682,16.8,High Risk (Critical),1,34.6,8.0,77,18,1,23.0,0,2.0
CUST-100683,10.0,High Risk (Critical),3,19.8,7.8,83,28,2,31.5,0,2.0
CUST-100684,12.0,High Risk (Critical),8,19.4,15.5,95,37,2,20.1,0,1.0
CUST-100685,83.2,Low Risk (Healthy),27,87.4,96.6,92,38,0,0.0,0,3.5
CUST-100686,73.1,Low Risk (Healthy),28,55.5,108.0,7992,38,1,7.4,0,4.0
CUST-100687,19.2,High Risk (Critical),14,11.7,10.2,23,7,2,24.1,1,3.0
CUST-100688,11.4,High Risk (Critical),10,39.8,10.4,116,32,2,15.0,1,1.0
CUST-100689,37.0,High Risk (Critical),2,44.5,4.4,59,28,0,0.0,0,3.5
CUST-100690,66.9,Medium Risk (Warning),25,65.6,28.6,629,26,2,17.0,0,4.0
CUST-100691,76.2,Low Risk (Healthy),25,70.7,87.4,17,39,2,2.7,0,5.0
CUST-100692,50.4,Medium Risk (Warning),16,51.0,85.4,137,6,2,18.1,0,4.0
CUST-100693,85.7,Low Risk (Healthy),28,91.2,92.2,90,10,0,0.0,0,3.5
CUST-100694,59.2,Medium Risk (Warning),16,77.0,31.7,76,29,1,17.7,0,3.5
CUST-100695,58.1,Medium Risk (Warning),17,56.3,94.2,19,29,1,11.9,0,4.0
CUST-100696,5.0,High Risk (Critical),1,44.2,20.7,4,29,1,61.2,1,1.0
CUST-100697,69.3,Medium Risk (Warning),20,72.2,57.3,2349,4,0,0.0,0,3.5
CUST-100698,46.1,Medium Risk (Warning),14,21.4,13.1,21,32,0,0.0,0,3.5
CUST-100699,72.1,Low Risk (Healthy),27,50.4,61.7,2591,17,0,0.0,0,3.5
CUST-100700,5.6,High Risk (Critical),7,12.9,12.8,11,8,1,44.5,1,2.0
CUST-100701,39.2,High Risk (Critical),4,42.8,16.9,90,17,0,0.0,0,3.5
CUST-100702,18.1,High Risk (Critical),9,10.8,6.4,101,3,2,57.2,0,3.0
CUST-100703,18.1,High Risk (Critical),14,41.3,7.4,47,9,2,69.0,1,2.0
CUST-100704,20.2,High Risk (Critical),9,19.9,18.2,38,14,1,46.4,0,2.0
CUST-100705,27.5,High Risk (Critical),1,17.3,6.8,11,43,0,0.0,0,3.5
CUST-100706,5.0,High Risk (Critical),6,12.3,4.8,4,30,4,22.8,0,2.0
CUST-100707,28.8,High Risk (Critical),3,12.5,10.5,39,7,0,0.0,0,3.5
CUST-100708,79.9,Low Risk (Healthy),24,89.7,89.5,77,7,0,0.0,0,3.5
CUST-100709,34.1,High Risk (Critical),5,21.3,19.2,134,9,0,0.0,0,3.5
CUST-100710,5.1,High Risk (Critical),11,31.5,13.4,3,0,5,38.6,1,1.0
CUST-100711,73.8,Low Risk (Healthy),28,51.5,41.1,2835,29,0,0.0,0,3.5
CUST-100712,70.6,Low Risk (Healthy),16,94.3,59.9,40,40,0,0.0,0,3.5
CUST-100713,28.6,High Risk (Critical),13,22.4,21.1,61,39,2,43.7,0,3.0
CUST-100714,24.2,High Risk (Critical),11,41.3,6.1,0,12,1,55.1,1,3.0
CUST-100715,5.0,High Risk (Critical),1,10.4,9.4,67,6,1,26.7,0,1.0
CUST-100716,34.3,High Risk (Critical),6,17.7,9.3,105,27,0,0.0,0,3.5
CUST-100717,19.2,High Risk (Critical),12,21.6,15.7,91,44,2,26.0,1,3.0
CUST-100718,7.6,High Risk (Critical),11,25.8,5.6,33,25,3,70.1,0,1.0
CUST-100719,44.0,High Risk (Critical),12,23.2,5.4,134,28,0,0.0,0,3.5
CUST-100720,15.2,High Risk (Critical),5,15.5,7.8,102,39,1,33.3,0,2.0
CUST-100721,6.0,High Risk (Critical),10,38.8,5.3,144,5,2,64.6,1,1.0
CUST-100722,18.2,High Risk (Critical),10,39.5,13.5,101,27,3,47.4,1,3.0
CUST-100723,73.4,Low Risk (Healthy),22,82.1,88.0,73,13,1,4.4,0,4.0
CUST-100724,27.4,High Risk (Critical),14,31.0,7.3,46,39,1,20.7,0,1.0
CUST-100725,15.2,High Risk (Critical),5,21.1,20.7,146,5,1,14.1,1,3.0
CUST-100726,43.9,High Risk (Critical),12,23.0,13.0,91,27,0,0.0,0,3.5
CUST-100727,30.1,High Risk (Critical),4,12.4,7.2,25,9,0,0.0,0,3.5
CUST-100728,65.1,Medium Risk (Warning),17,75.8,36.2,905,4,1,2.7,0,4.0
CUST-100729,78.5,Low Risk (Healthy),28,91.3,32.1,2568,16,2,17.8,0,4.0
CUST-100730,33.6,High Risk (Critical),9,36.3,12.5,55,10,1,26.3,0,3.0
CUST-100731,18.7,High Risk (Critical),5,42.2,4.5,102,9,1,69.3,0,2.0
CUST-100732,32.8,High Risk (Critical),14,43.5,5.9,41,32,1,55.5,0,2.0
CUST-100733,11.7,High Risk (Critical),9,21.1,14.6,38,28,3,53.2,0,2.0
CUST-100734,77.7,Low Risk (Healthy),28,79.0,44.1,125,2,1,2.9,0,3.5
CUST-100735,17.5,High Risk (Critical),8,29.0,15.8,0,8,2,15.0,1,3.0
CUST-100736,18.3,High Risk (Critical),14,26.9,21.1,115,30,2,19.5,1,2.0
CUST-100737,68.8,Medium Risk (Warning),22,69.5,98.8,140,21,1,10.9,0,4.0
CUST-100738,70.3,Low Risk (Healthy),19,80.0,49.4,129,32,0,0.0,0,3.5
CUST-100739,65.2,Medium Risk (Warning),18,72.6,72.5,45,31,1,4.3,0,4.0
CUST-100740,72.8,Low Risk (Healthy),18,92.7,54.2,23,44,0,0.0,0,3.5
CUST-100741,38.9,High Risk (Critical),4,41.8,5.6,27,35,0,0.0,0,3.5
CUST-100742,25.4,High Risk (Critical),14,44.7,7.9,96,32,3,53.3,0,2.0
CUST-100743,14.1,High Risk (Critical),5,16.2,9.5,89,5,1,43.8,0,2.0
CUST-100744,18.7,High Risk (Critical),14,16.2,13.6,128,29,1,23.0,1,2.0
CUST-100745,26.9,High Risk (Critical),11,37.4,12.4,47,2,1,55.8,0,2.0
CUST-100746,18.3,High Risk (Critical),11,33.7,18.2,138,0,3,52.1,0,2.0
CUST-100747,80.7,Low Risk (Healthy),25,87.8,38.6,64,43,0,0.0,0,3.5
CUST-100748,26.5,High Risk (Critical),13,29.5,21.5,133,7,2,29.3,0,2.0
CUST-100749,9.6,High Risk (Critical),4,37.7,11.7,82,35,3,66.7,1,3.0
CUST-100750,74.4,Low Risk (Healthy),24,76.2,42.0,2352,12,1,4.0,0,4.0
CUST-100751,58.4,Medium Risk (Warning),15,73.5,98.3,39,32,1,5.2,0,3.5
CUST-100752,42.5,High Risk (Critical),8,36.1,5.3,96,16,0,0.0,0,3.5
CUST-100753,5.0,High Risk (Critical),9,13.5,12.5,42,41,3,56.9,1,2.0
CUST-100754,67.3,Medium Risk (Warning),16,83.1,29.3,83,16,0,0.0,0,3.5
CUST-100755,63.0,Medium Risk (Warning),20,56.0,87.2,79,27,2,19.7,0,5.0
CUST-100756,82.8,Low Risk (Healthy),27,91.4,65.2,978,6,1,5.2,0,4.0
CUST-100757,76.7,Low Risk (Healthy),24,79.0,83.7,2929,29,0,0.0,0,3.5
CUST-100758,5.0,High Risk (Critical),11,18.3,8.1,97,45,6,50.4,0,1.0
CUST-100759,64.1,Medium Risk (Warning),17,53.4,28.4,1278,0,1,4.7,0,5.0
CUST-100760,66.9,Medium Risk (Warning),15,72.8,80.9,889,31,1,7.4,0,5.0
CUST-100761,85.7,Low Risk (Healthy),28,91.3,92.1,5341,17,0,0.0,0,3.5
CUST-100762,67.8,Medium Risk (Warning),26,56.8,92.5,4625,19,1,7.6,0,3.5
CUST-100763,16.8,High Risk (Critical),3,43.3,16.0,86,36,1,33.8,1,3.0
CUST-100764,68.9,Medium Risk (Warning),22,61.9,95.1,2377,9,0,0.0,0,3.5
CUST-100765,31.3,High Risk (Critical),14,42.2,15.5,131,23,1,32.4,1,3.0
CUST-100766,62.5,Medium Risk (Warning),16,67.2,76.7,141,38,0,0.0,0,3.5
CUST-100767,13.2,High Risk (Critical),7,23.9,18.7,86,7,1,42.1,0,1.0
CUST-100768,12.0,High Risk (Critical),9,14.1,10.3,1,33,1,50.0,0,1.0
CUST-100769,18.9,High Risk (Critical),13,23.7,15.0,66,36,1,60.0,0,1.0
CUST-100770,65.3,Medium Risk (Warning),21,54.4,66.4,130,8,0,0.0,0,3.5
CUST-100771,5.0,High Risk (Critical),2,18.4,14.1,56,43,4,12.7,1,1.0
CUST-100772,15.9,High Risk (Critical),12,40.6,20.5,73,0,3,50.1,0,1.0
CUST-100773,25.5,High Risk (Critical),14,20.0,6.1,59,16,2,25.5,0,2.0
CUST-100774,75.7,Low Risk (Healthy),29,53.6,42.2,59,36,0,0.0,0,3.5
CUST-100775,5.0,High Risk (Critical),10,14.0,7.1,140,4,1,41.2,1,1.0
CUST-100776,65.0,Medium Risk (Warning),16,62.9,94.5,4725,25,1,9.6,0,5.0
CUST-100777,5.0,High Risk (Critical),3,20.5,18.6,21,35,5,68.9,0,1.0
CUST-100778,5.0,High Risk (Critical),8,11.9,16.6,25,29,4,62.1,0,1.0
CUST-100779,84.0,Low Risk (Healthy),25,85.2,77.3,150,42,1,6.8,0,5.0
CUST-100780,28.5,High Risk (Critical),3,11.8,20.1,30,16,0,0.0,0,3.5
CUST-100781,48.2,Medium Risk (Warning),16,60.9,70.4,73,36,3,3.6,0,3.5
CUST-100782,15.8,High Risk (Critical),11,34.2,6.4,85,44,1,56.9,1,2.0
CUST-100783,35.2,High Risk (Critical),1,42.8,19.8,6,14,0,0.0,0,3.5
CUST-100784,85.1,Low Risk (Healthy),27,93.8,59.0,708,27,0,0.0,0,3.5
CUST-100785,52.3,Medium Risk (Warning),14,42.0,14.6,37,4,0,0.0,0,3.5
CUST-100786,5.0,High Risk (Critical),2,15.9,10.8,74,42,2,43.7,0,1.0
CUST-100787,68.8,Medium Risk (Warning),24,77.6,105.2,64,14,2,20.2,0,4.0
CUST-100788,64.3,Medium Risk (Warning),24,60.0,33.0,40,13,1,21.7,0,3.5
CUST-100789,66.2,Medium Risk (Warning),18,62.5,85.4,5636,6,1,20.4,0,5.0
CUST-100790,5.0,High Risk (Critical),3,25.5,20.1,134,2,3,40.5,1,2.0
CUST-100791,73.8,Low Risk (Healthy),20,87.0,81.2,4709,42,0,0.0,0,3.5
CUST-100792,66.6,Medium Risk (Warning),16,72.1,66.2,1721,13,1,18.6,0,5.0
CUST-100793,5.0,High Risk (Critical),5,19.0,8.7,3,15,1,56.2,1,1.0
CUST-100794,76.2,Low Risk (Healthy),25,72.8,91.5,108,12,0,0.0,0,3.5
CUST-100795,15.5,High Risk (Critical),14,32.8,10.8,77,19,3,48.7,1,2.0
CUST-100796,66.6,Medium Risk (Warning),22,54.2,81.4,134,32,0,0.0,0,3.5
CUST-100797,23.5,High Risk (Critical),10,44.5,6.3,131,9,2,57.3,0,2.0
CUST-100798,30.0,High Risk (Critical),10,34.0,8.8,121,38,1,12.2,0,2.0
CUST-100799,79.6,Low Risk (Healthy),21,87.4,101.8,29,25,1,5.0,0,5.0
CUST-100800,9.1,High Risk (Critical),13,15.9,13.0,110,12,2,60.8,1,2.0
CUST-100801,40.8,High Risk (Critical),11,17.0,5.5,103,2,0,0.0,0,3.5
CUST-100802,67.9,Medium Risk (Warning),24,62.9,30.8,117,23,1,23.9,0,4.0
CUST-100803,65.0,Medium Risk (Warning),22,60.6,82.7,827,43,1,20.0,0,4.0
CUST-100804,76.8,Low Risk (Healthy),22,88.3,89.7,147,24,0,0.0,0,3.5
CUST-100805,49.2,Medium Risk (Warning),12,40.6,8.2,34,23,0,0.0,0,3.5
CUST-100806,68.0,Medium Risk (Warning),16,85.4,86.2,2758,9,0,0.0,0,3.5
CUST-100807,22.9,High Risk (Critical),7,40.9,5.6,52,10,2,69.5,0,3.0
CUST-100808,49.3,Medium Risk (Warning),14,32.1,6.4,9,26,0,0.0,0,3.5
CUST-100809,80.3,Low Risk (Healthy),27,64.9,84.1,3027,42,1,9.7,0,5.0
CUST-100810,5.0,High Risk (Critical),8,12.8,11.1,28,33,1,55.6,1,1.0
CUST-100811,9.9,High Risk (Critical),1,41.8,18.4,28,23,2,63.8,0,2.0
CUST-100812,82.7,Low Risk (Healthy),27,90.4,97.1,66,21,1,3.3,0,4.0
CUST-100813,5.0,High Risk (Critical),6,13.0,11.3,15,12,2,51.2,1,2.0
CUST-100814,17.2,High Risk (Critical),6,21.6,14.9,106,45,2,58.2,0,3.0
CUST-100815,5.0,High Risk (Critical),3,39.8,19.3,25,5,3,60.1,1,1.0
CUST-100816,29.7,High Risk (Critical),3,15.7,21.8,126,16,0,0.0,0,3.5
CUST-100817,78.9,Low Risk (Healthy),26,88.1,58.9,20,25,1,17.5,0,4.0
CUST-100818,15.0,High Risk (Critical),6,30.4,10.9,55,36,2,49.3,0,2.0
CUST-100819,5.0,High Risk (Critical),1,30.9,14.6,15,33,4,33.0,1,3.0
CUST-100820,63.1,Medium Risk (Warning),20,59.0,98.1,51,40,1,10.0,0,4.0
CUST-100821,69.8,Medium Risk (Warning),23,60.3,56.6,2943,0,0,0.0,0,3.5
CUST-100822,70.8,Low Risk (Healthy),17,82.2,83.0,5146,7,1,19.9,0,5.0
CUST-100823,26.1,High Risk (Critical),10,30.4,20.3,133,37,2,51.1,0,3.0
CUST-100824,76.9,Low Risk (Healthy),25,75.3,60.0,49,3,0,0.0,0,3.5
CUST-100825,15.7,High Risk (Critical),7,19.8,20.3,49,9,1,28.3,1,3.0
CUST-100826,72.3,Low Risk (Healthy),21,67.8,108.2,40,38,1,16.3,0,5.0
CUST-100827,11.9,High Risk (Critical),7,31.6,4.4,29,45,1,71.2,0,1.0
CUST-100828,69.5,Medium Risk (Warning),25,50.4,82.6,5864,26,0,0.0,0,3.5
CUST-100829,5.0,High Risk (Critical),8,14.0,20.5,11,42,2,34.7,1,2.0
CUST-100830,75.4,Low Risk (Healthy),22,83.4,60.6,2666,15,0,0.0,0,3.5
CUST-100831,7.5,High Risk (Critical),13,15.2,11.0,88,2,1,51.5,1,1.0
CUST-100832,69.9,Medium Risk (Warning),21,88.9,86.5,133,18,2,6.0,0,4.0
CUST-100833,73.0,Low Risk (Healthy),24,59.0,45.7,1233,32,1,21.4,0,5.0
CUST-100834,57.9,Medium Risk (Warning),15,56.3,34.5,122,27,0,0.0,0,3.5
CUST-100835,70.3,Low Risk (Healthy),24,93.1,92.6,54,40,3,13.0,0,4.0
CUST-100836,66.9,Medium Risk (Warning),17,77.6,68.1,1634,33,0,0.0,0,3.5
CUST-100837,6.4,High Risk (Critical),4,38.0,4.2,27,35,3,34.5,0,1.0
CUST-100838,71.5,Low Risk (Healthy),22,70.7,45.4,65,40,0,0.0,0,3.5
CUST-100839,78.5,Low Risk (Healthy),27,64.2,102.8,68,43,1,22.0,0,5.0
CUST-100840,18.7,High Risk (Critical),12,21.5,4.3,41,20,2,30.2,1,3.0
CUST-100841,77.0,Low Risk (Healthy),29,57.9,107.9,96,16,0,0.0,0,3.5
CUST-100842,23.3,High Risk (Critical),11,43.9,18.6,28,9,3,35.9,0,2.0
CUST-100843,58.7,Medium Risk (Warning),16,54.6,85.8,3260,31,0,0.0,0,3.5
CUST-100844,26.3,High Risk (Critical),12,21.2,9.5,107,4,1,32.1,0,2.0
CUST-100845,5.0,High Risk (Critical),2,17.9,15.7,31,36,1,58.3,1,3.0
CUST-100846,15.2,High Risk (Critical),12,20.8,7.1,101,44,3,55.1,1,3.0
CUST-100847,74.6,Low Risk (Healthy),24,72.1,37.2,2046,20,0,0.0,0,3.5
CUST-100848,62.6,Medium Risk (Warning),17,63.1,60.5,80,34,0,0.0,0,3.5
CUST-100849,67.1,Medium Risk (Warning),22,56.0,29.1,1716,1,0,0.0,0,3.5
CUST-100850,5.4,High Risk (Critical),9,20.6,14.5,88,23,3,22.6,1,2.0
CUST-100851,7.1,High Risk (Critical),4,13.6,16.3,85,11,1,34.9,0,1.0
CUST-100852,78.5,Low Risk (Healthy),27,75.1,39.2,119,21,2,16.0,0,5.0
CUST-100853,5.0,High Risk (Critical),3,26.7,21.4,146,16,2,43.2,1,1.0
CUST-100854,71.2,Low Risk (Healthy),23,65.1,79.1,88,15,0,0.0,0,3.5
CUST-100855,5.0,High Risk (Critical),2,16.5,7.9,1,25,3,44.6,1,3.0
CUST-100856,8.7,High Risk (Critical),6,23.0,4.3,71,30,1,65.9,0,1.0
CUST-100857,61.8,Medium Risk (Warning),17,60.4,87.0,60,23,0,0.0,0,3.5
CUST-100858,65.2,Medium Risk (Warning),23,66.1,46.5,15,39,1,18.7,0,3.5
CUST-100859,20.0,High Risk (Critical),12,25.3,8.6,26,42,2,29.0,1,3.0
CUST-100860,63.0,Medium Risk (Warning),19,62.8,42.3,8,28,1,9.6,0,4.0
CUST-100861,72.9,Low Risk (Healthy),25,61.9,106.1,48,17,0,0.0,0,3.5
CUST-100862,71.6,Low Risk (Healthy),19,84.1,38.1,647,38,0,0.0,0,3.5
CUST-100863,8.3,High Risk (Critical),9,11.9,17.6,106,1,3,58.2,0,2.0
CUST-100864,72.5,Low Risk (Healthy),21,78.5,87.3,131,24,0,0.0,0,3.5
CUST-100865,80.6,Low Risk (Healthy),25,79.7,46.9,116,32,1,21.0,0,5.0
CUST-100866,75.5,Low Risk (Healthy),28,57.2,72.7,109,22,0,0.0,0,3.5
CUST-100867,5.0,High Risk (Critical),1,21.0,18.6,100,4,1,26.0,1,2.0
CUST-100868,7.4,High Risk (Critical),3,16.6,4.3,128,12,2,44.8,0,2.0
CUST-100869,15.3,High Risk (Critical),6,20.2,12.3,117,26,1,53.7,0,2.0
CUST-100870,76.5,Low Risk (Healthy),28,60.4,80.0,99,31,0,0.0,0,3.5
CUST-100871,13.1,High Risk (Critical),11,16.5,16.7,123,10,3,20.3,1,3.0
CUST-100872,16.0,High Risk (Critical),6,29.4,20.6,14,10,1,22.9,0,1.0
CUST-100873,59.6,Medium Risk (Warning),25,51.8,81.7,143,35,2,17.8,0,3.5
CUST-100874,64.8,Medium Risk (Warning),24,51.6,82.5,118,11,1,21.2,0,4.0
CUST-100875,5.0,High Risk (Critical),1,33.7,13.8,120,18,4,27.1,1,3.0
CUST-100876,81.4,Low Risk (Healthy),24,94.6,68.4,33,6,0,0.0,0,3.5
CUST-100877,12.6,High Risk (Critical),3,42.5,7.5,131,10,1,65.1,1,3.0
CUST-100878,68.3,Medium Risk (Warning),18,65.5,33.5,1708,24,1,11.0,0,5.0
CUST-100879,5.0,High Risk (Critical),3,18.7,10.1,85,25,6,30.5,0,3.0
CUST-100880,82.3,Low Risk (Healthy),28,91.6,72.0,4680,38,1,20.2,0,4.0
CUST-100881,8.9,High Risk (Critical),6,42.4,4.9,36,5,1,30.2,1,1.0
CUST-100882,29.1,High Risk (Critical),12,37.7,5.5,148,36,2,65.5,0,3.0
CUST-100883,32.9,High Risk (Critical),1,35.2,13.8,129,20,0,0.0,0,3.5
CUST-100884,67.5,Medium Risk (Warning),24,53.9,77.4,150,27,1,5.3,0,4.0
CUST-100885,72.4,Low Risk (Healthy),23,89.1,47.2,1180,21,2,8.0,0,4.0
CUST-100886,32.1,High Risk (Critical),6,10.5,9.9,3,41,0,0.0,0,3.5
CUST-100887,67.0,Medium Risk (Warning),16,92.8,33.2,59,19,1,17.1,0,4.0
CUST-100888,77.3,Low Risk (Healthy),21,94.5,66.1,3040,24,0,0.0,0,3.5
CUST-100889,19.7,High Risk (Critical),6,11.5,12.1,55,43,1,45.8,0,3.0
CUST-100890,13.2,High Risk (Critical),7,27.7,8.6,6,12,2,19.7,0,1.0
CUST-100891,74.1,Low Risk (Healthy),20,88.1,59.4,27,3,0,0.0,0,3.5
CUST-100892,16.4,High Risk (Critical),1,42.3,7.3,93,25,3,28.6,0,3.0
CUST-100893,32.5,High Risk (Critical),4,20.4,6.2,146,12,0,0.0,0,3.5
CUST-100894,20.1,High Risk (Critical),12,14.5,5.7,144,5,2,33.7,0,2.0
CUST-100895,9.0,High Risk (Critical),11,44.3,15.8,34,16,3,71.0,1,1.0
CUST-100896,86.2,Low Risk (Healthy),28,92.8,77.1,131,10,0,0.0,0,3.5
CUST-100897,43.6,High Risk (Critical),13,17.5,16.0,40,6,0,0.0,0,3.5
CUST-100898,67.0,Medium Risk (Warning),26,58.2,69.6,63,13,2,8.8,0,4.0
CUST-100899,8.0,High Risk (Critical),12,22.5,18.6,119,32,1,53.8,1,1.0
CUST-100900,16.1,High Risk (Critical),1,39.3,14.5,103,40,2,56.2,0,3.0
CUST-100901,65.4,Medium Risk (Warning),18,68.1,45.8,118,13,0,0.0,0,3.5
CUST-100902,24.6,High Risk (Critical),13,44.6,9.2,77,26,1,65.3,0,1.0
CUST-100903,7.2,High Risk (Critical),7,16.8,12.8,1,25,1,41.1,1,2.0
CUST-100904,22.2,High Risk (Critical),13,44.9,7.1,99,7,3,20.9,0,1.0
CUST-100905,38.9,High Risk (Critical),8,24.2,9.2,9,28,0,0.0,0,3.5
CUST-100906,9.2,High Risk (Critical),11,32.2,9.5,80,40,1,57.4,1,1.0
CUST-100907,37.4,High Risk (Critical),10,10.2,4.9,60,17,0,0.0,0,3.5
CUST-100908,76.2,Low Risk (Healthy),25,72.8,102.5,94,4,0,0.0,0,3.5
CUST-100909,9.7,High Risk (Critical),14,10.0,14.9,69,3,3,48.1,0,1.0
CUST-100910,15.4,High Risk (Critical),11,22.3,20.0,67,31,3,47.6,0,2.0
CUST-100911,23.2,High Risk (Critical),11,35.4,7.1,96,1,2,48.4,0,2.0
CUST-100912,69.0,Medium Risk (Warning),16,81.2,52.7,106,15,1,21.6,0,5.0
CUST-100913,87.1,Low Risk (Healthy),28,82.0,61.8,99,29,1,6.9,0,5.0
CUST-100914,91.7,Low Risk (Healthy),29,94.7,104.1,3747,12,1,10.9,0,5.0
CUST-100915,49.0,Medium Risk (Warning),11,44.3,5.6,66,32,0,0.0,0,3.5
CUST-100916,5.0,High Risk (Critical),7,15.0,17.4,49,9,3,37.7,1,2.0
CUST-100917,68.2,Medium Risk (Warning),21,66.9,58.5,113,40,2,15.2,0,5.0
CUST-100918,75.7,Low Risk (Healthy),22,94.0,60.1,901,34,1,14.4,0,4.0
CUST-100919,12.2,High Risk (Critical),9,30.6,8.2,116,35,2,56.2,0,1.0
CUST-100920,5.2,High Risk (Critical),3,16.4,13.2,59,30,3,29.6,0,2.0
CUST-100921,8.7,High Risk (Critical),11,23.6,14.6,68,35,3,51.4,1,2.0
CUST-100922,5.0,High Risk (Critical),6,15.8,18.8,96,21,1,48.1,1,1.0
CUST-100923,24.7,High Risk (Critical),12,31.7,14.8,118,32,1,22.7,0,1.0
CUST-100924,13.0,High Risk (Critical),3,28.4,12.8,91,18,1,60.3,0,2.0
CUST-100925,9.1,High Risk (Critical),8,25.3,11.3,67,27,4,41.1,0,2.0
CUST-100926,5.0,High Risk (Critical),2,19.4,21.8,63,2,2,21.5,0,1.0
CUST-100927,7.4,High Risk (Critical),7,36.8,10.6,109,39,4,18.5,1,2.0
CUST-100928,40.4,High Risk (Critical),7,33.4,19.9,115,41,0,0.0,0,3.5
CUST-100929,70.2,Low Risk (Healthy),19,88.5,82.2,63,41,1,13.4,0,4.0
CUST-100930,17.7,High Risk (Critical),11,33.3,10.6,9,12,4,33.5,1,3.0
CUST-100931,78.9,Low Risk (Healthy),25,82.0,69.1,70,33,0,0.0,0,3.5
CUST-100932,12.0,High Risk (Critical),7,21.2,13.2,63,34,2,61.3,0,2.0
CUST-100933,65.5,Medium Risk (Warning),22,50.7,69.3,48,3,0,0.0,0,3.5
CUST-100934,14.1,High Risk (Critical),2,13.9,6.7,121,39,1,53.6,0,3.0
CUST-100935,86.8,Low Risk (Healthy),29,79.0,67.5,675,22,1,12.9,0,5.0
CUST-100936,5.0,High Risk (Critical),1,43.5,5.1,137,35,2,36.0,1,1.0
CUST-100937,68.5,Medium Risk (Warning),24,51.8,29.6,1835,40,0,0.0,0,3.5
CUST-100938,34.3,High Risk (Critical),5,22.2,9.6,8,45,0,0.0,0,3.5
CUST-100939,33.1,High Risk (Critical),13,15.2,10.3,83,8,1,22.0,0,3.0
CUST-100940,29.4,High Risk (Critical),5,43.3,19.7,120,2,1,33.9,0,3.0
CUST-100941,24.6,High Risk (Critical),13,26.8,9.6,68,30,3,54.0,0,3.0
CUST-100942,17.9,High Risk (Critical),10,34.2,11.6,66,42,2,45.2,1,3.0
CUST-100943,14.4,High Risk (Critical),1,42.1,15.4,117,21,1,12.7,0,1.0
CUST-100944,43.1,High Risk (Critical),11,24.7,5.4,132,13,0,0.0,0,3.5
CUST-100945,5.0,High Risk (Critical),1,13.2,4.5,92,15,3,34.2,0,1.0
CUST-100946,5.0,High Risk (Critical),1,39.1,11.0,39,41,4,28.5,0,1.0
CUST-100947,70.4,Low Risk (Healthy),27,63.8,93.9,6666,30,2,6.2,0,4.0
CUST-100948,18.8,High Risk (Critical),9,41.9,8.1,45,24,2,30.1,0,1.0
CUST-100949,8.7,High Risk (Critical),5,30.7,10.6,43,9,1,41.1,1,2.0
CUST-100950,13.2,High Risk (Critical),10,14.2,4.6,134,9,2,66.8,0,2.0
CUST-100951,7.8,High Risk (Critical),3,25.4,14.4,59,6,2,14.6,0,1.0
CUST-100952,79.4,Low Risk (Healthy),24,87.4,43.6,43,14,2,6.8,0,5.0
CUST-100953,5.0,High Risk (Critical),3,28.4,17.5,136,26,4,50.4,0,2.0
CUST-100954,65.6,Medium Risk (Warning),19,64.1,35.5,19,33,0,0.0,0,3.5
CUST-100955,51.0,Medium Risk (Warning),13,42.3,15.8,87,42,0,0.0,0,3.5
CUST-100956,32.7,High Risk (Critical),6,44.0,12.3,61,27,1,19.7,0,3.0
CUST-100957,5.8,High Risk (Critical),3,31.3,9.5,119,10,2,44.7,0,1.0
CUST-100958,63.6,Medium Risk (Warning),16,59.4,72.4,62,25,1,12.7,0,5.0
CUST-100959,8.3,High Risk (Critical),14,28.9,13.1,71,45,4,17.2,1,1.0
CUST-100960,72.3,Low Risk (Healthy),22,62.8,53.5,125,16,1,14.6,0,5.0
CUST-100961,14.5,High Risk (Critical),3,40.5,4.9,72,22,1,29.2,0,1.0
CUST-100962,75.2,Low Risk (Healthy),27,60.5,26.1,98,36,0,0.0,0,3.5
CUST-100963,79.1,Low Risk (Healthy),25,82.5,79.9,21,23,0,0.0,0,3.5
CUST-100964,9.0,High Risk (Critical),9,32.8,19.9,109,41,1,39.1,1,1.0
CUST-100965,23.3,High Risk (Critical),13,16.0,6.8,74,21,1,54.9,0,2.0
CUST-100966,54.6,Medium Risk (Warning),17,71.0,80.3,103,18,3,11.2,0,4.0
CUST-100967,21.6,High Risk (Critical),1,42.0,4.7,22,11,1,50.7,0,3.0
CUST-100968,73.9,Low Risk (Healthy),21,83.1,107.6,25,41,0,0.0,0,3.5
CUST-100969,69.4,Medium Risk (Warning),20,85.0,48.0,126,19,1,22.0,0,4.0
CUST-100970,73.2,Low Risk (Healthy),20,70.3,80.8,4040,42,1,4.8,0,5.0
CUST-100971,34.1,High Risk (Critical),13,45.0,5.4,75,27,2,53.5,0,3.0
CUST-100972,66.7,Medium Risk (Warning),20,63.5,38.0,5,41,0,0.0,0,3.5
CUST-100973,5.0,High Risk (Critical),1,16.0,12.6,141,28,4,31.4,0,3.0
CUST-100974,9.5,High Risk (Critical),3,11.3,13.4,51,2,2,15.1,0,2.0
CUST-100975,54.8,Medium Risk (Warning),21,69.1,108.7,140,22,3,23.8,0,3.5
CUST-100976,13.6,High Risk (Critical),8,15.5,8.8,149,15,2,45.4,0,2.0
CUST-100977,30.6,High Risk (Critical),1,27.7,13.7,44,31,0,0.0,0,3.5
CUST-100978,42.0,High Risk (Critical),8,34.4,11.8,22,23,0,0.0,0,3.5
CUST-100979,56.4,Medium Risk (Warning),21,60.6,78.7,94,21,2,21.9,0,3.5
CUST-100980,68.1,Medium Risk (Warning),18,88.8,83.3,3498,1,1,20.3,0,4.0
CUST-100981,65.3,Medium Risk (Warning),21,76.2,58.9,1825,36,1,20.2,0,3.5
CUST-100982,72.1,Low Risk (Healthy),25,59.1,25.7,17,12,0,0.0,0,3.5
CUST-100983,32.1,High Risk (Critical),6,10.2,14.2,123,14,0,0.0,0,3.5
CUST-100984,5.0,High Risk (Critical),10,31.6,6.2,45,20,3,70.6,1,1.0
CUST-100985,35.4,High Risk (Critical),5,25.9,17.5,7,32,0,0.0,0,3.5
CUST-100986,16.6,High Risk (Critical),4,27.3,9.8,4,6,2,55.3,0,3.0
CUST-100987,14.1,High Risk (Critical),11,11.6,21.8,121,25,2,64.4,0,2.0
CUST-100988,8.0,High Risk (Critical),6,44.2,18.7,142,43,1,41.9,1,1.0
CUST-100989,15.6,High Risk (Critical),14,33.0,12.8,28,45,3,66.7,1,2.0
CUST-100990,76.7,Low Risk (Healthy),24,78.9,49.1,50,7,0,0.0,0,3.5
CUST-100991,48.0,Medium Risk (Warning),11,41.2,14.2,32,43,0,0.0,0,3.5
CUST-100992,73.3,Low Risk (Healthy),20,85.3,57.3,138,9,0,0.0,0,3.5
CUST-100993,74.8,Low Risk (Healthy),22,81.6,27.0,945,38,0,0.0,0,3.5
CUST-100994,32.2,High Risk (Critical),2,28.3,9.8,99,1,0,0.0,0,3.5
CUST-100995,8.0,High Risk (Critical),9,34.8,21.8,147,11,2,19.6,1,1.0
CUST-100996,66.2,Medium Risk (Warning),17,75.1,76.1,989,9,0,0.0,0,3.5
CUST-100997,21.1,High Risk (Critical),8,15.5,13.7,103,14,2,33.6,0,3.0
CUST-100998,5.0,High Risk (Critical),10,11.5,11.1,48,13,2,48.8,1,1.0
CUST-100999,6.1,High Risk (Critical),8,13.8,13.9,141,38,1,53.5,1,2.0
CUST-101000,71.6,Low Risk (Healthy),22,88.1,69.3,49,6,1,9.0,0,3.5
CUST-101001,72.4,Low Risk (Healthy),26,55.8,97.2,2818,0,0,0.0,0,3.5
CUST-101002,24.7,High Risk (Critical),7,42.1,19.4,3,37,1,42.2,0,2.0
CUST-101003,34.0,High Risk (Critical),14,13.9,5.7,122,41,1,22.4,0,3.0
CUST-101004,47.7,Medium Risk (Warning),10,44.7,11.3,61,45,0,0.0,0,3.5
CUST-101005,13.2,High Risk (Critical),7,41.5,11.6,104,27,2,52.5,0,1.0
CUST-101006,60.1,Medium Risk (Warning),16,59.2,104.7,1989,42,0,0.0,0,3.5
CUST-101007,10.7,High Risk (Critical),7,27.0,17.5,56,1,2,53.6,1,3.0
CUST-101008,5.0,High Risk (Critical),11,11.0,12.0,121,43,3,44.8,1,1.0
CUST-101009,5.0,High Risk (Critical),2,19.5,12.7,2,39,2,22.4,0,1.0
CUST-101010,75.3,Low Risk (Healthy),29,53.4,96.5,6851,15,2,11.0,0,5.0
CUST-101011,74.7,Low Risk (Healthy),23,76.8,30.4,516,8,0,0.0,0,3.5
CUST-101012,5.0,High Risk (Critical),1,12.5,11.1,40,15,2,16.2,1,2.0
CUST-101013,5.0,High Risk (Critical),7,31.9,9.1,12,44,4,59.9,1,1.0
CUST-101014,35.5,High Risk (Critical),13,43.7,10.3,104,38,2,39.3,0,3.0
CUST-101015,17.4,High Risk (Critical),10,32.4,20.2,86,44,1,61.4,0,1.0
CUST-101016,62.5,Medium Risk (Warning),19,59.8,46.1,645,27,1,5.8,0,4.0
CUST-101017,68.1,Medium Risk (Warning),22,82.2,81.7,12,41,2,15.5,0,4.0
CUST-101018,61.1,Medium Risk (Warning),16,68.5,57.7,97,31,1,6.4,0,4.0
CUST-101019,69.2,Medium Risk (Warning),27,62.3,28.0,45,40,1,20.0,0,3.5
CUST-101020,5.0,High Risk (Critical),11,12.2,11.9,136,36,3,37.1,1,1.0
CUST-101021,10.0,High Risk (Critical),8,21.0,20.6,43,35,6,21.3,1,3.0
CUST-101022,9.0,High Risk (Critical),3,36.3,20.4,43,11,1,63.0,0,1.0
CUST-101023,15.6,High Risk (Critical),2,24.4,15.4,117,0,1,67.1,0,3.0
CUST-101024,59.5,Medium Risk (Warning),18,60.8,73.0,2628,10,1,21.9,0,4.0
CUST-101025,25.8,High Risk (Critical),1,11.4,19.1,135,25,0,0.0,0,3.5
CUST-101026,16.4,High Risk (Critical),13,39.9,16.3,3,11,1,39.2,1,1.0
CUST-101027,12.0,High Risk (Critical),10,10.8,18.2,43,27,1,52.3,0,1.0
CUST-101028,80.8,Low Risk (Healthy),25,77.8,38.7,2786,18,1,14.7,0,5.0
CUST-101029,19.1,High Risk (Critical),2,36.1,10.9,2,26,1,66.8,0,3.0
CUST-101030,64.9,Medium Risk (Warning),18,55.3,109.0,1744,24,1,13.7,0,5.0
CUST-101031,66.0,Medium Risk (Warning),19,65.2,45.2,97,4,2,6.8,0,5.0
CUST-101032,5.0,High Risk (Critical),4,11.1,15.9,37,0,3,53.1,1,3.0
CUST-101033,24.9,High Risk (Critical),3,33.0,5.1,96,7,1,24.1,0,3.0
CUST-101034,17.5,High Risk (Critical),13,26.6,10.9,2,45,3,14.5,0,1.0
CUST-101035,71.6,Low Risk (Healthy),27,70.5,108.9,125,1,2,12.5,0,4.0
CUST-101036,25.9,High Risk (Critical),13,33.8,8.2,143,3,2,12.5,1,3.0
CUST-101037,30.4,High Risk (Critical),9,41.0,6.0,26,21,1,63.1,0,3.0
CUST-101038,8.1,High Risk (Critical),9,30.3,6.9,93,23,5,28.9,1,2.0
CUST-101039,29.1,High Risk (Critical),8,43.3,5.6,92,35,1,68.7,0,3.0
CUST-101040,57.4,Medium Risk (Warning),18,71.1,84.2,2778,16,2,7.6,0,3.5
CUST-101041,69.5,Medium Risk (Warning),21,68.2,51.5,68,9,0,0.0,0,3.5
CUST-101042,14.8,High Risk (Critical),10,10.8,5.9,110,29,2,14.4,1,3.0
CUST-101043,51.2,Medium Risk (Warning),17,62.3,105.6,3379,13,3,17.5,0,4.0
CUST-101044,5.0,High Risk (Critical),2,22.5,21.2,92,5,2,26.1,0,1.0
CUST-101045,77.9,Low Risk (Healthy),24,83.1,73.9,148,36,0,0.0,0,3.5
CUST-101046,76.4,Low Risk (Healthy),29,65.1,67.0,1541,27,1,14.1,0,4.0
CUST-101047,21.9,High Risk (Critical),2,38.3,7.6,50,44,1,50.0,0,3.0
CUST-101048,17.2,High Risk (Critical),6,40.7,8.8,141,11,1,55.7,1,3.0
CUST-101049,71.9,Low Risk (Healthy),28,83.8,90.9,142,19,3,20.4,0,4.0
CUST-101050,59.5,Medium Risk (Warning),15,78.8,107.4,7840,18,3,17.1,0,5.0
CUST-101051,71.3,Low Risk (Healthy),24,78.9,72.0,142,32,3,19.0,0,5.0
CUST-101052,76.1,Low Risk (Healthy),26,57.3,39.2,1999,14,1,14.3,0,5.0
CUST-101053,12.1,High Risk (Critical),12,16.8,7.8,19,28,1,55.4,1,2.0
CUST-101054,61.1,Medium Risk (Warning),16,77.3,40.8,1672,6,1,3.7,0,3.5
CUST-101055,25.2,High Risk (Critical),11,22.9,7.4,26,7,3,19.0,0,3.0
CUST-101056,5.0,High Risk (Critical),1,27.0,16.0,84,2,3,67.9,1,3.0
CUST-101057,17.8,High Risk (Critical),14,32.2,18.1,118,34,2,36.1,1,2.0
CUST-101058,43.5,High Risk (Critical),11,26.2,7.7,149,19,0,0.0,0,3.5
CUST-101059,76.8,Low Risk (Healthy),26,70.5,28.8,110,0,0,0.0,0,3.5
CUST-101060,12.1,High Risk (Critical),12,36.2,15.1,82,41,4,37.7,0,1.0
CUST-101061,5.0,High Risk (Critical),5,16.3,16.5,65,17,2,60.3,1,1.0
CUST-101062,60.2,Medium Risk (Warning),18,50.7,27.2,843,2,0,0.0,0,3.5
CUST-101063,5.0,High Risk (Critical),6,10.1,19.0,50,44,2,53.2,0,1.0
CUST-101064,24.4,High Risk (Critical),14,19.3,5.2,97,9,1,64.3,0,2.0
CUST-101065,20.9,High Risk (Critical),10,20.8,20.3,146,1,1,21.1,1,3.0
CUST-101066,5.0,High Risk (Critical),5,14.8,15.0,47,43,4,20.5,1,3.0
CUST-101067,86.1,Low Risk (Healthy),26,90.1,58.7,31,28,1,12.8,0,5.0
CUST-101068,13.8,High Risk (Critical),1,40.8,14.8,138,26,2,30.4,0,2.0
CUST-101069,5.0,High Risk (Critical),1,23.7,11.4,84,26,3,13.6,0,1.0
CUST-101070,5.0,High Risk (Critical),5,16.4,6.4,44,31,1,69.7,1,1.0
CUST-101071,62.7,Medium Risk (Warning),16,83.1,41.4,2649,7,1,4.2,0,3.5
CUST-101072,6.4,High Risk (Critical),3,21.1,19.2,136,26,1,47.8,0,1.0
CUST-101073,65.5,Medium Risk (Warning),22,71.5,65.3,3003,42,2,9.9,0,4.0
CUST-101074,16.9,High Risk (Critical),5,20.8,14.7,103,32,2,47.7,0,3.0
CUST-101075,67.9,Medium Risk (Warning),23,73.2,77.5,144,22,2,5.9,0,4.0
CUST-101076,89.1,Low Risk (Healthy),28,87.1,39.4,1379,2,1,2.6,0,5.0
CUST-101077,90.3,Low Risk (Healthy),29,88.2,92.3,1107,4,1,6.6,0,5.0
CUST-101078,85.7,Low Risk (Healthy),28,91.1,94.5,33,7,0,0.0,0,3.5
CUST-101079,26.9,High Risk (Critical),12,34.2,17.3,45,10,1,58.9,0,2.0
CUST-101080,76.7,Low Risk (Healthy),26,89.1,89.7,150,44,2,5.4,0,4.0
CUST-101081,5.0,High Risk (Critical),1,19.2,18.3,92,39,1,65.3,0,1.0
CUST-101082,64.4,Medium Risk (Warning),15,78.1,104.3,61,36,0,0.0,0,3.5
CUST-101083,34.8,High Risk (Critical),2,37.2,18.0,51,42,0,0.0,0,3.5
CUST-101084,11.6,High Risk (Critical),7,34.2,19.2,99,14,2,16.0,1,2.0
CUST-101085,31.5,High Risk (Critical),1,30.4,13.0,132,37,0,0.0,0,3.5
CUST-101086,5.0,High Risk (Critical),2,19.5,20.4,124,20,2,62.5,1,2.0
CUST-101087,22.6,High Risk (Critical),8,32.3,20.8,146,3,3,29.7,0,3.0
CUST-101088,67.6,Medium Risk (Warning),18,75.2,84.1,138,29,0,0.0,0,3.5
CUST-101089,39.9,High Risk (Critical),14,41.3,8.5,99,24,1,41.3,0,3.0
CUST-101090,79.1,Low Risk (Healthy),25,71.3,94.9,68,33,1,13.2,0,5.0
CUST-101091,23.1,High Risk (Critical),6,43.4,14.6,79,8,2,15.5,0,2.0
CUST-101092,71.1,Low Risk (Healthy),18,86.9,83.5,29,35,0,0.0,0,3.5
CUST-101093,84.4,Low Risk (Healthy),27,91.4,78.0,3354,2,0,0.0,0,3.5
CUST-101094,63.4,Medium Risk (Warning),16,69.5,66.4,796,14,2,6.1,0,5.0
CUST-101095,66.3,Medium Risk (Warning),17,75.5,96.2,3078,6,0,0.0,0,3.5
CUST-101096,70.1,Low Risk (Healthy),21,81.4,43.2,110,5,1,18.9,0,4.0
CUST-101097,61.6,Medium Risk (Warning),19,61.6,53.3,39,30,1,18.0,0,4.0
CUST-101098,78.4,Low Risk (Healthy),28,85.7,29.7,44,24,1,13.4,0,3.5
CUST-101099,78.9,Low Risk (Healthy),29,85.9,74.0,106,23,2,11.9,0,4.0
CUST-101100,12.1,High Risk (Critical),13,15.8,17.3,54,17,4,47.4,0,2.0
CUST-101101,31.0,High Risk (Critical),10,41.1,13.4,11,37,2,37.1,0,3.0
CUST-101102,78.5,Low Risk (Healthy),29,62.8,62.8,76,27,0,0.0,0,3.5
CUST-101103,15.9,High Risk (Critical),4,20.6,9.4,66,9,2,45.2,0,3.0
CUST-101104,5.0,High Risk (Critical),1,12.4,10.5,107,40,1,35.1,1,2.0
CUST-101105,63.4,Medium Risk (Warning),25,52.4,109.2,134,0,1,21.6,0,3.5
CUST-101106,37.5,High Risk (Critical),4,37.1,7.6,20,43,0,0.0,0,3.5
CUST-101107,11.2,High Risk (Critical),4,42.9,21.5,43,32,3,63.4,1,3.0
CUST-101108,5.0,High Risk (Critical),1,16.3,19.2,94,4,2,13.0,1,1.0
CUST-101109,20.0,High Risk (Critical),14,27.7,8.4,19,34,4,34.2,1,3.0
CUST-101110,13.9,High Risk (Critical),7,38.6,19.8,68,15,5,18.5,1,3.0
CUST-101111,61.9,Medium Risk (Warning),16,65.3,78.7,2754,12,0,0.0,0,3.5
CUST-101112,79.2,Low Risk (Healthy),21,87.8,29.7,2138,28,1,9.2,0,5.0
CUST-101113,39.0,High Risk (Critical),7,28.8,7.6,64,39,0,0.0,0,3.5
CUST-101114,68.5,Medium Risk (Warning),22,80.5,56.5,4520,10,1,16.2,0,3.5
CUST-101115,28.8,High Risk (Critical),12,24.1,6.6,10,15,1,19.1,0,2.0
CUST-101116,34.0,High Risk (Critical),4,25.5,11.1,80,20,0,0.0,0,3.5
CUST-101117,37.8,High Risk (Critical),5,33.7,18.0,132,41,0,0.0,0,3.5
CUST-101118,70.4,Low Risk (Healthy),22,58.7,31.3,626,3,1,20.3,0,5.0
CUST-101119,16.0,High Risk (Critical),6,39.2,14.4,96,12,1,13.8,1,2.0
CUST-101120,30.3,High Risk (Critical),13,21.9,6.4,110,5,1,61.2,0,3.0
CUST-101121,38.8,High Risk (Critical),4,41.6,6.0,91,34,0,0.0,0,3.5
CUST-101122,5.0,High Risk (Critical),5,28.4,6.8,104,45,4,69.3,1,1.0
CUST-101123,75.6,Low Risk (Healthy),20,86.0,37.1,81,11,1,22.8,0,5.0
CUST-101124,44.5,High Risk (Critical),8,42.9,18.4,100,44,0,0.0,0,3.5
CUST-101125,80.1,Low Risk (Healthy),28,92.6,91.7,23,15,1,15.8,0,3.5
CUST-101126,72.1,Low Risk (Healthy),17,94.7,40.1,2446,18,0,0.0,0,3.5
CUST-101127,66.1,Medium Risk (Warning),24,65.0,93.6,19,27,1,19.2,0,3.5
CUST-101128,21.5,High Risk (Critical),14,40.0,20.5,60,33,1,57.4,1,2.0
CUST-101129,5.0,High Risk (Critical),5,27.7,20.2,119,45,4,19.7,1,1.0
CUST-101130,5.0,High Risk (Critical),3,38.2,5.9,87,39,2,46.1,1,1.0
CUST-101131,7.8,High Risk (Critical),11,20.4,9.2,20,14,4,54.2,1,2.0
CUST-101132,74.7,Low Risk (Healthy),24,63.8,82.6,4625,10,1,19.7,0,5.0
CUST-101133,21.6,High Risk (Critical),10,26.3,14.5,22,20,1,61.2,0,2.0
CUST-101134,73.9,Low Risk (Healthy),24,57.6,77.5,40,23,1,11.0,0,5.0
CUST-101135,29.2,High Risk (Critical),13,23.0,14.9,85,42,1,24.4,0,2.0
CUST-101136,26.3,High Risk (Critical),13,11.1,17.1,138,25,1,67.1,0,3.0
CUST-101137,39.5,High Risk (Critical),9,21.5,4.4,56,18,0,0.0,0,3.5
CUST-101138,73.4,Low Risk (Healthy),28,60.5,104.3,17,15,1,16.6,0,4.0
CUST-101139,9.3,High Risk (Critical),10,28.8,11.4,70,32,1,37.0,1,1.0
CUST-101140,16.7,High Risk (Critical),10,44.9,18.6,8,20,1,16.9,1,1.0
CUST-101141,9.5,High Risk (Critical),4,24.5,20.1,16,45,2,57.1,0,2.0
CUST-101142,30.0,High Risk (Critical),10,31.4,4.8,142,29,2,22.3,0,3.0
CUST-101143,13.4,High Risk (Critical),14,20.7,20.7,78,16,3,43.9,0,1.0
CUST-101144,10.6,High Risk (Critical),11,21.9,12.9,40,28,2,69.0,0,1.0
CUST-101145,73.2,Low Risk (Healthy),25,80.3,96.5,1061,20,1,9.4,0,3.5
CUST-101146,67.6,Medium Risk (Warning),22,82.1,109.5,8541,45,2,18.8,0,4.0
CUST-101147,21.3,High Risk (Critical),1,40.8,19.9,25,8,1,50.5,0,3.0
CUST-101148,12.0,High Risk (Critical),12,20.0,14.6,30,24,1,15.9,1,1.0
CUST-101149,34.2,High Risk (Critical),6,17.4,21.9,150,24,0,0.0,0,3.5
CUST-101150,70.7,Low Risk (Healthy),20,81.8,77.9,6076,41,1,4.3,0,4.0
CUST-101151,72.5,Low Risk (Healthy),22,74.0,98.7,32,32,0,0.0,0,3.5
CUST-101152,27.6,High Risk (Critical),14,33.2,13.9,117,24,1,71.9,0,2.0
CUST-101153,58.9,Medium Risk (Warning),15,64.5,88.0,1848,5,1,3.8,0,4.0
CUST-101154,33.2,High Risk (Critical),11,44.3,9.7,149,27,1,69.7,0,3.0
CUST-101155,7.3,High Risk (Critical),13,30.0,4.2,108,17,4,70.4,1,1.0
CUST-101156,25.4,High Risk (Critical),14,26.8,7.8,123,3,1,26.3,0,1.0
CUST-101157,19.7,High Risk (Critical),11,33.0,13.1,74,14,1,22.9,1,2.0
CUST-101158,60.7,Medium Risk (Warning),15,56.8,95.0,69,3,1,18.9,0,5.0
CUST-101159,6.7,High Risk (Critical),14,16.9,14.1,80,40,2,40.0,1,1.0
CUST-101160,58.6,Medium Risk (Warning),16,64.5,104.8,6812,26,1,16.8,0,4.0
CUST-101161,5.0,High Risk (Critical),4,20.1,17.3,133,2,2,43.6,1,2.0
CUST-101162,5.0,High Risk (Critical),3,24.8,14.5,133,40,2,67.8,0,1.0
CUST-101163,7.3,High Risk (Critical),1,31.5,15.2,81,7,4,44.0,0,3.0
CUST-101164,71.4,Low Risk (Healthy),26,52.5,95.2,2094,13,0,0.0,0,3.5
CUST-101165,55.7,Medium Risk (Warning),17,57.4,38.1,70,39,1,9.5,0,3.5
CUST-101166,58.2,Medium Risk (Warning),15,82.5,50.7,963,12,2,20.0,0,4.0
CUST-101167,71.8,Low Risk (Healthy),24,62.8,28.2,1945,4,0,0.0,0,3.5
CUST-101168,69.9,Medium Risk (Warning),24,77.5,79.0,3318,22,2,10.6,0,4.0
CUST-101169,65.4,Medium Risk (Warning),21,54.7,69.2,2560,26,0,0.0,0,3.5
CUST-101170,5.0,High Risk (Critical),1,12.2,7.6,140,22,2,30.6,1,3.0
CUST-101171,5.6,High Risk (Critical),2,35.2,6.3,64,11,3,61.0,0,2.0
CUST-101172,9.2,High Risk (Critical),4,24.0,20.1,7,18,2,26.3,1,3.0
CUST-101173,13.4,High Risk (Critical),1,16.0,15.0,88,36,1,54.0,0,3.0
CUST-101174,71.9,Low Risk (Healthy),19,94.0,95.1,36,28,1,13.2,0,4.0
CUST-101175,71.1,Low Risk (Healthy),22,57.7,50.8,1981,13,1,12.7,0,5.0
CUST-101176,18.1,High Risk (Critical),11,31.7,18.5,39,8,2,32.6,0,1.0
CUST-101177,39.5,High Risk (Critical),8,26.0,16.0,136,2,0,0.0,0,3.5
CUST-101178,79.9,Low Risk (Healthy),28,88.4,83.7,6696,15,1,8.0,0,3.5
CUST-101179,74.9,Low Risk (Healthy),24,73.0,61.8,3151,41,0,0.0,0,3.5
CUST-101180,29.2,High Risk (Critical),12,40.9,4.4,86,0,1,24.5,1,3.0
CUST-101181,5.0,High Risk (Critical),8,42.7,4.1,100,20,4,44.2,1,1.0
CUST-101182,38.8,High Risk (Critical),9,19.3,16.5,69,18,0,0.0,0,3.5
CUST-101183,23.0,High Risk (Critical),13,15.5,17.9,62,42,2,71.8,0,3.0
CUST-101184,58.3,Medium Risk (Warning),25,72.9,68.4,3625,41,4,15.0,0,3.5
CUST-101185,74.5,Low Risk (Healthy),18,91.5,109.5,7008,40,1,23.4,0,5.0
CUST-101186,34.1,High Risk (Critical),7,12.6,12.2,124,26,0,0.0,0,3.5
CUST-101187,78.9,Low Risk (Healthy),26,77.3,66.5,3790,42,0,0.0,0,3.5
CUST-101188,59.1,Medium Risk (Warning),15,65.7,100.3,94,32,1,5.0,0,4.0
CUST-101189,62.1,Medium Risk (Warning),17,64.8,30.5,1738,41,2,16.3,0,5.0
CUST-101190,13.0,High Risk (Critical),5,25.2,16.2,50,0,3,57.5,0,3.0
CUST-101191,5.5,High Risk (Critical),3,37.4,9.4,43,31,1,13.5,1,1.0
CUST-101192,16.8,High Risk (Critical),8,16.2,17.9,67,18,1,22.0,1,3.0
CUST-101193,70.2,Low Risk (Healthy),21,90.9,37.4,142,18,1,16.9,0,3.5
CUST-101194,64.1,Medium Risk (Warning),20,76.0,56.0,1288,15,1,19.0,0,3.5
CUST-101195,80.0,Low Risk (Healthy),25,85.7,62.3,28,25,0,0.0,0,3.5
CUST-101196,61.8,Medium Risk (Warning),23,58.3,97.3,148,20,2,18.8,0,4.0
CUST-101197,82.4,Low Risk (Healthy),25,93.4,59.2,769,31,0,0.0,0,3.5
CUST-101198,14.9,High Risk (Critical),13,35.7,5.4,123,38,3,57.2,0,1.0
CUST-101199,79.5,Low Risk (Healthy),27,75.1,83.5,3757,37,0,0.0,0,3.5
CUST-101200,5.0,High Risk (Critical),1,22.9,19.8,36,10,2,42.7,1,3.0
CUST-101201,71.6,Low Risk (Healthy),20,79.8,72.8,21,4,0,0.0,0,3.5
CUST-101202,7.6,High Risk (Critical),1,39.0,16.5,141,1,2,43.5,1,3.0
CUST-101203,43.2,High Risk (Critical),7,42.8,21.4,96,31,0,0.0,0,3.5
CUST-101204,10.4,High Risk (Critical),5,30.1,17.2,75,29,3,42.0,0,2.0
CUST-101205,5.0,High Risk (Critical),2,23.0,5.4,34,2,2,49.0,0,1.0
CUST-101206,5.0,High Risk (Critical),1,20.1,19.0,129,19,4,56.2,0,1.0
CUST-101207,77.6,Low Risk (Healthy),23,86.3,54.0,120,23,0,0.0,0,3.5
CUST-101208,67.4,Medium Risk (Warning),22,66.2,41.7,959,39,1,14.5,0,4.0
CUST-101209,14.5,High Risk (Critical),14,18.8,17.1,50,3,2,62.2,0,1.0
CUST-101210,32.6,High Risk (Critical),11,38.7,20.3,58,32,1,13.4,0,2.0
CUST-101211,5.0,High Risk (Critical),8,19.2,16.8,44,14,3,33.8,1,1.0
CUST-101212,65.5,Medium Risk (Warning),19,63.8,84.2,2020,3,0,0.0,0,3.5
CUST-101213,64.2,Medium Risk (Warning),21,55.8,68.3,2868,5,1,4.5,0,4.0
CUST-101214,18.2,High Risk (Critical),9,41.8,16.4,26,39,2,50.6,1,3.0
CUST-101215,36.1,High Risk (Critical),8,14.9,18.0,33,23,0,0.0,0,3.5
CUST-101216,42.5,High Risk (Critical),10,27.2,11.3,54,0,0,0.0,0,3.5
CUST-101217,28.6,High Risk (Critical),9,33.4,8.9,93,42,2,27.7,0,3.0
CUST-101218,24.6,High Risk (Critical),9,32.5,19.8,116,39,1,41.6,0,2.0
CUST-101219,12.1,High Risk (Critical),12,30.3,5.3,110,14,3,52.0,1,2.0
CUST-101220,20.7,High Risk (Critical),8,27.6,15.5,22,25,3,34.2,0,3.0
CUST-101221,67.0,Medium Risk (Warning),21,60.0,62.4,2932,21,0,0.0,0,3.5
CUST-101222,14.4,High Risk (Critical),6,44.6,18.1,60,33,3,27.9,1,3.0
CUST-101223,7.5,High Risk (Critical),1,42.4,10.0,44,16,1,68.7,0,1.0
CUST-101224,24.3,High Risk (Critical),14,35.9,13.5,111,6,1,56.8,0,1.0
CUST-101225,6.9,High Risk (Critical),4,20.7,20.1,1,13,2,69.4,0,2.0
CUST-101226,15.9,High Risk (Critical),4,36.0,7.0,22,30,2,34.1,0,2.0
CUST-101227,59.4,Medium Risk (Warning),15,50.5,67.5,2767,3,1,14.4,0,5.0
CUST-101228,70.8,Low Risk (Healthy),21,72.5,93.4,14,29,0,0.0,0,3.5
CUST-101229,5.0,High Risk (Critical),1,13.5,12.3,149,13,2,19.3,1,3.0
CUST-101230,22.7,High Risk (Critical),14,27.9,7.5,69,5,2,34.4,1,3.0
CUST-101231,67.8,Medium Risk (Warning),22,56.4,48.1,17,12,2,3.8,0,5.0
CUST-101232,51.5,Medium Risk (Warning),16,66.3,102.9,117,35,2,21.8,0,3.5
CUST-101233,37.2,High Risk (Critical),6,27.3,8.2,47,23,0,0.0,0,3.5
CUST-101234,61.7,Medium Risk (Warning),19,51.3,39.7,68,23,0,0.0,0,3.5
CUST-101235,77.2,Low Risk (Healthy),29,62.6,82.2,1068,21,2,18.1,0,5.0
CUST-101236,31.7,High Risk (Critical),2,26.7,4.4,25,40,0,0.0,0,3.5
CUST-101237,11.3,High Risk (Critical),8,33.3,14.1,87,0,2,58.7,0,1.0
CUST-101238,75.7,Low Risk (Healthy),26,57.7,42.8,40,20,1,18.4,0,5.0
CUST-101239,22.6,High Risk (Critical),9,44.2,21.3,59,6,2,20.9,1,3.0
CUST-101240,66.5,Medium Risk (Warning),25,53.6,28.0,145,30,1,23.6,0,4.0
CUST-101241,61.6,Medium Risk (Warning),15,83.0,74.2,3858,3,1,2.2,0,3.5
CUST-101242,77.9,Low Risk (Healthy),23,87.6,77.0,2002,2,0,0.0,0,3.5
CUST-101243,7.0,High Risk (Critical),7,11.0,8.1,63,44,4,61.4,0,3.0
CUST-101244,8.0,High Risk (Critical),7,31.2,14.9,129,3,1,21.4,1,1.0
CUST-101245,30.5,High Risk (Critical),1,27.3,14.4,55,21,0,0.0,0,3.5
CUST-101246,12.7,High Risk (Critical),3,12.1,12.7,125,33,1,71.1,0,3.0
CUST-101247,8.5,High Risk (Critical),2,20.4,20.3,35,43,1,65.9,0,2.0
CUST-101248,5.0,High Risk (Critical),6,16.9,17.7,136,16,2,26.8,1,1.0
CUST-101249,74.7,Low Risk (Healthy),21,85.7,51.4,3906,21,0,0.0,0,3.5
CUST-101250,24.5,High Risk (Critical),9,31.5,19.0,145,15,2,55.9,0,3.0
CUST-101251,38.0,High Risk (Critical),3,43.4,20.8,20,4,0,0.0,0,3.5
CUST-101252,60.2,Medium Risk (Warning),15,70.2,60.7,28,5,1,6.5,0,4.0
CUST-101253,7.0,High Risk (Critical),6,17.3,4.6,37,28,2,33.3,0,1.0
CUST-101254,82.4,Low Risk (Healthy),29,75.7,82.0,70,0,0,0.0,0,3.5
CUST-101255,77.9,Low Risk (Healthy),26,74.0,35.9,20,2,0,0.0,0,3.5
CUST-101256,66.5,Medium Risk (Warning),19,55.7,108.7,63,14,1,12.4,0,5.0
CUST-101257,11.2,High Risk (Critical),6,24.5,7.3,111,42,2,65.6,0,2.0
CUST-101258,85.3,Low Risk (Healthy),29,85.6,77.1,4857,37,0,0.0,0,3.5
CUST-101259,73.4,Low Risk (Healthy),24,87.3,32.4,120,42,1,14.0,0,3.5
CUST-101260,62.7,Medium Risk (Warning),15,72.4,65.2,3846,17,0,0.0,0,3.5
CUST-101261,26.0,High Risk (Critical),11,39.8,5.4,71,32,2,37.1,0,2.0
CUST-101262,71.5,Low Risk (Healthy),22,61.4,33.8,89,36,1,18.2,0,5.0
CUST-101263,73.3,Low Risk (Healthy),25,72.4,98.8,108,41,1,14.4,0,4.0
CUST-101264,25.9,High Risk (Critical),12,23.2,19.1,95,29,1,40.1,0,2.0
CUST-101265,10.7,High Risk (Critical),3,29.6,7.3,39,15,2,49.2,0,2.0
CUST-101266,67.3,Medium Risk (Warning),26,58.1,35.1,149,42,1,14.3,0,3.5
CUST-101267,42.7,High Risk (Critical),9,32.2,21.8,62,38,0,0.0,0,3.5
CUST-101268,16.9,High Risk (Critical),6,31.7,21.3,72,23,1,21.1,0,1.0
CUST-101269,71.3,Low Risk (Healthy),26,54.9,31.3,32,15,2,14.5,0,5.0
CUST-101270,15.4,High Risk (Critical),7,29.4,19.6,145,27,1,54.2,1,3.0
CUST-101271,29.3,High Risk (Critical),13,44.9,9.9,72,13,1,44.3,1,3.0
CUST-101272,44.6,High Risk (Critical),12,25.4,4.1,92,43,0,0.0,0,3.5
CUST-101273,5.0,High Risk (Critical),7,35.7,19.0,144,4,3,64.9,1,1.0
CUST-101274,84.0,Low Risk (Healthy),26,94.6,26.2,1231,32,0,0.0,0,3.5
CUST-101275,67.7,Medium Risk (Warning),15,88.9,91.9,7,37,0,0.0,0,3.5
CUST-101276,18.1,High Risk (Critical),9,13.6,12.8,132,12,1,48.1,0,2.0
CUST-101277,65.1,Medium Risk (Warning),17,71.4,29.0,149,14,0,0.0,0,3.5
CUST-101278,24.9,High Risk (Critical),14,32.5,12.9,46,25,2,60.1,0,2.0
CUST-101279,79.9,Low Risk (Healthy),25,72.4,85.3,25,29,1,9.4,0,5.0
CUST-101280,75.5,Low Risk (Healthy),29,55.4,69.7,96,13,2,14.2,0,5.0
CUST-101281,40.6,High Risk (Critical),6,38.6,21.1,69,36,0,0.0,0,3.5
CUST-101282,42.2,High Risk (Critical),11,21.8,6.1,1,35,0,0.0,0,3.5
CUST-101283,78.6,Low Risk (Healthy),22,86.6,39.3,1375,31,1,21.6,0,5.0
CUST-101284,72.4,Low Risk (Healthy),28,81.1,61.2,1,12,2,17.8,0,3.5
CUST-101285,5.0,High Risk (Critical),2,37.1,7.3,107,31,2,71.1,1,2.0
CUST-101286,72.1,Low Risk (Healthy),23,68.2,46.3,116,15,0,0.0,0,3.5
CUST-101287,18.6,High Risk (Critical),14,28.3,4.8,42,19,2,20.4,1,2.0
CUST-101288,13.5,High Risk (Critical),13,33.4,17.2,74,36,4,30.7,0,1.0
CUST-101289,5.0,High Risk (Critical),8,34.6,21.1,9,38,4,27.4,1,1.0
CUST-101290,5.0,High Risk (Critical),10,25.0,4.0,2,26,4,53.0,1,1.0
CUST-101291,6.7,High Risk (Critical),3,30.5,11.7,101,5,1,67.8,0,1.0
CUST-101292,68.8,Medium Risk (Warning),23,66.1,47.8,3,43,1,13.2,0,4.0
CUST-101293,15.8,High Risk (Critical),5,26.9,9.4,70,12,1,23.8,1,3.0
CUST-101294,68.6,Medium Risk (Warning),18,78.8,62.0,126,43,0,0.0,0,3.5
CUST-101295,21.6,High Risk (Critical),8,13.4,21.1,11,27,1,57.0,0,3.0
CUST-101296,29.0,High Risk (Critical),2,17.8,17.4,135,20,0,0.0,0,3.5
CUST-101297,21.5,High Risk (Critical),12,19.3,21.2,141,32,2,34.3,0,2.0
CUST-101298,56.6,Medium Risk (Warning),16,70.0,44.7,9,1,1,21.5,0,3.5
CUST-101299,79.9,Low Risk (Healthy),24,89.6,50.4,121,16,0,0.0,0,3.5
CUST-101300,5.0,High Risk (Critical),4,18.9,12.0,89,27,2,52.2,1,2.0
CUST-101301,77.9,Low Risk (Healthy),23,87.6,84.9,1443,9,0,0.0,0,3.5
CUST-101302,67.6,Medium Risk (Warning),18,75.3,70.8,1840,6,0,0.0,0,3.5
CUST-101303,15.3,High Risk (Critical),11,12.5,21.5,122,10,1,40.9,0,1.0
CUST-101304,41.6,High Risk (Critical),7,37.6,18.6,32,38,0,0.0,0,3.5
CUST-101305,16.5,High Risk (Critical),1,43.8,19.3,107,40,2,15.8,0,2.0
CUST-101306,73.6,Low Risk (Healthy),21,92.8,97.4,5454,7,1,18.3,0,4.0
CUST-101307,65.4,Medium Risk (Warning),20,59.0,36.5,839,43,0,0.0,0,3.5
CUST-101308,60.4,Medium Risk (Warning),21,61.3,69.4,1110,31,1,23.9,0,3.5
CUST-101309,57.1,Medium Risk (Warning),15,76.0,104.5,1,8,2,13.6,0,4.0
CUST-101310,5.0,High Risk (Critical),3,16.9,16.3,115,38,3,18.5,1,1.0
CUST-101311,7.1,High Risk (Critical),5,13.8,21.9,148,45,1,13.4,1,2.0
CUST-101312,21.0,High Risk (Critical),14,42.9,16.9,30,18,4,51.9,0,2.0
CUST-101313,83.1,Low Risk (Healthy),26,77.4,39.6,2890,42,1,5.9,0,5.0
CUST-101314,63.1,Medium Risk (Warning),20,51.4,90.1,5225,42,0,0.0,0,3.5
CUST-101315,26.2,High Risk (Critical),12,21.4,13.3,52,16,2,49.9,0,3.0
CUST-101316,62.8,Medium Risk (Warning),20,50.5,55.6,101,12,0,0.0,0,3.5
CUST-101317,42.4,High Risk (Critical),11,22.5,14.7,52,30,0,0.0,0,3.5
CUST-101318,10.9,High Risk (Critical),5,20.9,16.0,1,18,1,32.2,0,1.0
CUST-101319,72.5,Low Risk (Healthy),27,51.8,34.2,2496,29,0,0.0,0,3.5
CUST-101320,66.7,Medium Risk (Warning),17,76.8,68.0,91,14,0,0.0,0,3.5
CUST-101321,23.6,High Risk (Critical),11,15.1,20.2,15,8,2,44.5,0,3.0
CUST-101322,22.6,High Risk (Critical),12,29.4,13.2,43,34,2,18.1,1,3.0
CUST-101323,84.4,Low Risk (Healthy),29,74.0,73.0,70,22,1,20.1,0,5.0
CUST-101324,75.6,Low Risk (Healthy),26,66.5,34.3,14,23,0,0.0,0,3.5
CUST-101325,6.0,High Risk (Critical),12,29.9,16.8,130,39,2,59.3,1,1.0
CUST-101326,5.0,High Risk (Critical),6,24.4,16.9,66,4,3,36.2,1,2.0
CUST-101327,27.4,High Risk (Critical),11,31.9,16.0,48,8,1,38.9,0,2.0
CUST-101328,35.4,High Risk (Critical),7,16.8,4.6,132,30,0,0.0,0,3.5
CUST-101329,5.0,High Risk (Critical),3,44.6,16.7,40,40,3,45.2,1,2.0
CUST-101330,38.5,High Risk (Critical),4,40.6,20.4,48,26,0,0.0,0,3.5
CUST-101331,33.1,High Risk (Critical),3,26.9,9.4,12,2,0,0.0,0,3.5
CUST-101332,35.2,High Risk (Critical),3,33.9,18.8,116,39,0,0.0,0,3.5
CUST-101333,68.8,Medium Risk (Warning),23,57.1,71.3,1426,28,0,0.0,0,3.5
CUST-101334,20.1,High Risk (Critical),9,34.7,16.3,79,43,1,34.5,0,1.0
CUST-101335,5.0,High Risk (Critical),8,20.7,8.4,71,39,1,37.5,1,1.0
CUST-101336,5.0,High Risk (Critical),3,22.4,8.4,45,12,4,30.8,1,2.0
CUST-101337,61.1,Medium Risk (Warning),17,64.4,60.7,57,6,1,7.0,0,4.0
CUST-101338,63.1,Medium Risk (Warning),20,51.6,46.7,9,31,0,0.0,0,3.5
CUST-101339,66.5,Medium Risk (Warning),22,53.9,32.4,140,24,0,0.0,0,3.5
CUST-101340,86.3,Low Risk (Healthy),29,88.2,28.3,566,6,2,6.3,0,5.0
CUST-101341,14.6,High Risk (Critical),12,16.3,15.6,133,24,2,34.0,0,1.0
CUST-101342,67.0,Medium Risk (Warning),23,83.6,96.5,4246,20,2,14.0,0,3.5
CUST-101343,68.5,Medium Risk (Warning),18,78.2,61.7,2221,22,0,0.0,0,3.5
CUST-101344,21.6,High Risk (Critical),6,25.9,15.3,51,31,1,65.3,0,3.0
CUST-101345,64.8,Medium Risk (Warning),19,73.5,100.8,33,1,1,20.9,0,4.0
CUST-101346,27.7,High Risk (Critical),2,44.2,15.3,89,44,1,17.9,0,3.0
CUST-101347,69.7,Medium Risk (Warning),19,77.9,81.4,2849,12,0,0.0,0,3.5
CUST-101348,77.5,Low Risk (Healthy),28,63.9,100.8,22,44,0,0.0,0,3.5
CUST-101349,14.0,High Risk (Critical),9,28.9,11.5,110,45,1,69.6,0,1.0
CUST-101350,36.2,High Risk (Critical),12,29.7,7.3,106,38,1,21.7,0,3.0
CUST-101351,20.5,High Risk (Critical),11,20.2,5.6,85,35,1,34.1,1,3.0
CUST-101352,64.4,Medium Risk (Warning),27,61.5,43.7,2578,7,3,16.6,0,4.0
CUST-101353,78.5,Low Risk (Healthy),28,67.3,41.7,3127,29,0,0.0,0,3.5
CUST-101354,5.0,High Risk (Critical),7,14.2,18.8,35,19,4,49.9,0,2.0
CUST-101355,83.3,Low Risk (Healthy),27,87.8,55.0,3740,12,0,0.0,0,3.5
CUST-101356,5.0,High Risk (Critical),5,22.2,15.1,43,4,2,40.1,1,2.0
CUST-101357,14.9,High Risk (Critical),12,25.5,10.8,91,39,2,22.2,1,2.0
CUST-101358,23.9,High Risk (Critical),11,29.0,17.0,25,31,1,60.1,0,2.0
CUST-101359,82.7,Low Risk (Healthy),29,76.9,69.4,35,9,0,0.0,0,3.5
CUST-101360,5.0,High Risk (Critical),4,44.7,8.6,61,1,2,38.3,1,1.0
CUST-101361,10.6,High Risk (Critical),1,42.7,18.4,71,3,1,60.3,1,3.0
CUST-101362,32.8,High Risk (Critical),8,40.5,15.4,46,21,1,32.3,0,3.0
CUST-101363,65.8,Medium Risk (Warning),19,63.8,44.5,1201,5,2,5.6,0,5.0
CUST-101364,75.0,Low Risk (Healthy),23,89.2,40.6,27,24,1,19.2,0,4.0
CUST-101365,5.9,High Risk (Critical),7,11.9,13.3,124,40,2,68.8,1,3.0
CUST-101366,18.2,High Risk (Critical),13,15.9,8.7,131,42,1,63.0,1,3.0
CUST-101367,34.1,High Risk (Critical),12,40.8,19.9,60,29,1,16.8,0,2.0
CUST-101368,5.0,High Risk (Critical),9,21.9,11.9,7,24,3,60.8,0,1.0
CUST-101369,5.0,High Risk (Critical),4,36.2,19.8,45,8,1,43.6,1,1.0
CUST-101370,64.8,Medium Risk (Warning),16,85.7,106.0,21,33,1,18.2,0,4.0
CUST-101371,25.9,High Risk (Critical),13,34.7,17.7,24,33,3,62.9,0,3.0
CUST-101372,31.6,High Risk (Critical),14,23.3,19.1,50,41,1,64.3,0,3.0
CUST-101373,78.4,Low Risk (Healthy),25,67.9,40.3,38,35,1,10.5,0,5.0
CUST-101374,13.1,High Risk (Critical),7,44.8,5.2,119,20,1,13.6,1,1.0
CUST-101375,15.8,High Risk (Critical),8,18.0,12.8,48,25,3,50.4,0,3.0
CUST-101376,73.7,Low Risk (Healthy),20,73.1,69.3,3257,19,1,7.0,0,5.0
CUST-101377,82.4,Low Risk (Healthy),26,89.1,106.6,64,9,0,0.0,0,3.5
CUST-101378,76.3,Low Risk (Healthy),24,77.6,103.7,107,32,0,0.0,0,3.5
CUST-101379,76.2,Low Risk (Healthy),29,55.1,98.2,6284,18,0,0.0,0,3.5
CUST-101380,5.0,High Risk (Critical),3,11.2,12.9,150,41,2,28.9,0,1.0
CUST-101381,26.0,High Risk (Critical),1,12.1,21.7,134,0,0,0.0,0,3.5
CUST-101382,17.2,High Risk (Critical),13,29.7,20.1,87,37,2,24.0,1,2.0
CUST-101383,18.5,High Risk (Critical),1,41.9,8.1,10,26,2,43.6,0,3.0
CUST-101384,76.3,Low Risk (Healthy),27,64.3,52.8,31,15,0,0.0,0,3.5
CUST-101385,5.0,High Risk (Critical),10,20.7,14.3,43,34,2,64.0,1,1.0
CUST-101386,79.4,Low Risk (Healthy),25,83.6,95.0,5605,21,0,0.0,0,3.5
CUST-101387,76.8,Low Risk (Healthy),26,74.7,59.8,598,13,2,18.6,0,5.0
CUST-101388,63.4,Medium Risk (Warning),20,61.0,79.2,3722,40,1,12.3,0,4.0
CUST-101389,11.6,High Risk (Critical),3,38.5,15.1,30,29,1,63.5,1,3.0
CUST-101390,17.5,High Risk (Critical),10,24.7,10.3,115,19,2,58.3,0,2.0
CUST-101391,63.3,Medium Risk (Warning),23,57.3,60.0,13,41,2,4.5,0,4.0
CUST-101392,5.0,High Risk (Critical),8,21.0,5.3,123,35,5,19.1,0,1.0
CUST-101393,79.0,Low Risk (Healthy),29,89.7,65.5,4519,39,2,20.4,0,4.0
CUST-101394,81.0,Low Risk (Healthy),28,75.6,75.7,63,9,0,0.0,0,3.5
CUST-101395,13.3,High Risk (Critical),7,15.2,12.2,41,35,1,36.6,1,3.0
CUST-101396,63.8,Medium Risk (Warning),27,66.5,48.2,55,36,3,9.6,0,3.5
CUST-101397,16.0,High Risk (Critical),1,30.7,10.5,129,20,1,20.3,0,2.0
CUST-101398,69.9,Medium Risk (Warning),18,83.0,90.8,57,30,0,0.0,0,3.5
CUST-101399,72.1,Low Risk (Healthy),28,71.8,26.0,52,32,2,22.5,0,4.0
CUST-101400,14.4,High Risk (Critical),10,27.0,17.4,22,33,6,13.8,0,3.0
CUST-101401,5.0,High Risk (Critical),5,26.4,12.8,44,3,3,61.9,1,2.0
CUST-101402,43.8,High Risk (Critical),14,13.9,8.2,80,2,0,0.0,0,3.5
CUST-101403,5.0,High Risk (Critical),3,19.9,9.3,117,10,1,59.9,0,1.0
CUST-101404,5.0,High Risk (Critical),1,22.3,20.1,7,25,3,44.3,0,1.0
CUST-101405,70.6,Low Risk (Healthy),23,62.8,42.0,3276,7,2,7.6,0,5.0
CUST-101406,71.5,Low Risk (Healthy),22,81.6,107.0,5136,37,3,2.9,0,5.0
CUST-101407,62.8,Medium Risk (Warning),23,62.7,102.1,14,41,2,21.2,0,4.0
CUST-101408,76.7,Low Risk (Healthy),27,83.8,102.0,103,22,1,11.5,0,3.5
CUST-101409,62.3,Medium Risk (Warning),18,57.8,53.9,3719,16,0,0.0,0,3.5
CUST-101410,18.4,High Risk (Critical),7,26.6,6.1,114,33,1,23.6,1,3.0
CUST-101411,79.3,Low Risk (Healthy),28,75.6,27.1,34,37,1,5.5,0,4.0
CUST-101412,17.1,High Risk (Critical),11,11.2,10.9,31,6,1,39.4,1,3.0
CUST-101413,12.2,High Risk (Critical),11,35.1,19.0,144,20,2,61.6,1,2.0
CUST-101414,7.9,High Risk (Critical),9,22.9,9.9,111,15,1,71.6,1,2.0
CUST-101415,69.3,Medium Risk (Warning),27,50.4,81.8,60,34,1,14.5,0,4.0
CUST-101416,5.0,High Risk (Critical),8,35.0,19.2,73,2,7,26.2,0,1.0
CUST-101417,44.5,High Risk (Critical),10,33.9,12.1,74,26,0,0.0,0,3.5
CUST-101418,68.4,Medium Risk (Warning),19,73.4,50.4,1008,19,0,0.0,0,3.5
CUST-101419,57.8,Medium Risk (Warning),19,64.2,43.1,38,17,2,22.0,0,4.0
CUST-101420,21.9,High Risk (Critical),14,34.2,14.8,91,42,6,64.9,1,3.0
CUST-101421,5.6,High Risk (Critical),3,20.5,12.7,84,41,2,36.7,1,3.0
CUST-101422,70.9,Low Risk (Healthy),19,81.8,96.0,69,3,0,0.0,0,3.5
CUST-101423,10.3,High Risk (Critical),7,26.6,9.1,17,6,3,70.3,1,3.0
CUST-101424,19.3,High Risk (Critical),3,39.0,7.4,59,37,3,19.0,0,3.0
CUST-101425,68.7,Medium Risk (Warning),24,71.5,97.0,84,26,2,5.8,0,4.0
CUST-101426,17.3,High Risk (Critical),11,32.2,14.4,74,17,3,52.3,1,3.0
CUST-101427,78.5,Low Risk (Healthy),29,55.9,106.3,5421,0,1,23.7,0,5.0
CUST-101428,5.0,High Risk (Critical),5,17.4,10.6,24,44,2,24.8,1,1.0
CUST-101429,27.5,High Risk (Critical),1,17.1,20.7,120,41,0,0.0,0,3.5
CUST-101430,64.1,Medium Risk (Warning),15,76.9,33.7,370,8,0,0.0,0,3.5
CUST-101431,18.9,High Risk (Critical),14,34.2,17.8,17,27,3,32.5,0,1.0
CUST-101432,5.0,High Risk (Critical),4,15.0,8.1,114,25,3,23.6,1,1.0
CUST-101433,27.0,High Risk (Critical),11,29.6,10.8,78,36,1,36.6,0,2.0
CUST-101434,20.1,High Risk (Critical),10,25.1,13.1,46,21,1,70.1,0,2.0
CUST-101435,44.3,High Risk (Critical),9,37.6,6.4,85,1,0,0.0,0,3.5
CUST-101436,20.6,High Risk (Critical),3,18.1,4.1,107,8,1,22.3,0,3.0
CUST-101437,5.0,High Risk (Critical),1,14.8,12.9,149,29,5,54.5,1,1.0
CUST-101438,74.1,Low Risk (Healthy),25,65.8,54.5,3651,19,0,0.0,0,3.5
CUST-101439,21.7,High Risk (Critical),14,23.6,9.6,95,5,1,48.2,0,1.0
CUST-101440,62.3,Medium Risk (Warning),17,62.0,25.4,1701,9,0,0.0,0,3.5
CUST-101441,63.1,Medium Risk (Warning),18,60.2,85.8,81,27,0,0.0,0,3.5
CUST-101442,38.5,High Risk (Critical),7,27.3,15.6,57,44,0,0.0,0,3.5
CUST-101443,40.1,High Risk (Critical),5,41.3,5.2,98,10,0,0.0,0,3.5
CUST-101444,31.7,High Risk (Critical),1,31.1,19.3,43,25,0,0.0,0,3.5
CUST-101445,83.3,Low Risk (Healthy),27,87.7,67.3,2759,26,0,0.0,0,3.5
CUST-101446,73.2,Low Risk (Healthy),24,60.2,70.9,95,37,1,22.9,0,5.0
CUST-101447,67.1,Medium Risk (Warning),24,53.6,49.8,1145,30,1,7.7,0,4.0
CUST-101448,66.9,Medium Risk (Warning),16,91.1,92.6,144,3,1,14.0,0,4.0
CUST-101449,72.7,Low Risk (Healthy),21,79.0,41.6,148,35,0,0.0,0,3.5
CUST-101450,9.9,High Risk (Critical),5,24.6,10.8,29,4,2,16.8,0,1.0
CUST-101451,13.8,High Risk (Critical),13,16.7,14.5,56,19,3,20.5,0,1.0
CUST-101452,67.0,Medium Risk (Warning),20,64.3,80.1,111,43,0,0.0,0,3.5
CUST-101453,19.4,High Risk (Critical),10,32.2,8.8,3,35,1,44.9,0,1.0
CUST-101454,20.6,High Risk (Critical),7,38.6,7.6,83,35,2,34.4,0,2.0
CUST-101455,5.0,High Risk (Critical),6,10.3,15.6,141,32,4,18.7,1,1.0
CUST-101456,70.3,Low Risk (Healthy),25,53.2,109.4,5251,37,0,0.0,0,3.5
CUST-101457,9.5,High Risk (Critical),2,23.3,19.2,130,21,1,33.3,1,3.0
CUST-101458,15.8,High Risk (Critical),9,31.8,8.7,77,12,4,61.9,0,3.0
CUST-101459,65.2,Medium Risk (Warning),15,71.2,100.2,1,7,1,17.6,0,5.0
CUST-101460,73.2,Low Risk (Healthy),25,63.0,78.5,95,31,0,0.0,0,3.5
CUST-101461,10.3,High Risk (Critical),10,26.0,6.9,27,24,2,38.6,1,2.0
CUST-101462,26.0,High Risk (Critical),9,26.9,7.3,57,38,1,16.4,0,2.0
CUST-101463,20.0,High Risk (Critical),9,11.7,11.2,8,15,1,27.9,0,2.0
CUST-101464,82.6,Low Risk (Healthy),28,81.0,42.6,1,3,0,0.0,0,3.5
CUST-101465,10.2,High Risk (Critical),6,38.8,11.9,131,34,1,59.6,1,2.0
CUST-101466,34.4,High Risk (Critical),6,18.1,8.2,5,45,0,0.0,0,3.5
CUST-101467,20.9,High Risk (Critical),6,44.0,20.7,44,32,2,34.4,0,2.0
CUST-101468,9.9,High Risk (Critical),5,37.3,11.7,130,2,4,31.8,0,2.0
CUST-101469,76.1,Low Risk (Healthy),26,68.0,93.3,5971,40,0,0.0,0,3.5
CUST-101470,57.9,Medium Risk (Warning),20,68.4,78.6,117,29,2,18.2,0,3.5
CUST-101471,15.6,High Risk (Critical),13,11.2,18.4,84,4,2,24.5,0,1.0
CUST-101472,8.9,High Risk (Critical),6,26.4,14.4,73,13,4,61.5,1,3.0
CUST-101473,73.8,Low Risk (Healthy),22,83.3,49.2,11,22,2,19.9,0,5.0
CUST-101474,5.0,High Risk (Critical),3,26.9,8.2,118,5,3,48.5,1,2.0
CUST-101475,18.6,High Risk (Critical),10,36.6,9.0,139,6,3,45.4,0,2.0
CUST-101476,20.5,High Risk (Critical),11,16.1,17.6,26,26,2,23.7,0,2.0
CUST-101477,10.5,High Risk (Critical),8,42.8,4.7,131,16,3,54.3,1,2.0
CUST-101478,15.2,High Risk (Critical),12,34.6,4.0,118,34,4,57.5,0,2.0
CUST-101479,64.8,Medium Risk (Warning),21,71.4,62.7,104,8,1,13.1,0,3.5
CUST-101480,26.7,High Risk (Critical),7,25.8,17.5,122,5,1,35.2,0,3.0
CUST-101481,58.8,Medium Risk (Warning),15,59.3,70.4,5561,39,0,0.0,0,3.5
CUST-101482,23.1,High Risk (Critical),8,12.7,14.1,69,24,1,42.9,0,3.0
CUST-101483,15.9,High Risk (Critical),6,36.8,5.2,137,5,1,41.1,0,1.0
CUST-101484,44.7,High Risk (Critical),14,16.7,11.3,26,45,0,0.0,0,3.5
CUST-101485,7.6,High Risk (Critical),7,17.4,21.7,128,38,2,60.0,1,3.0
CUST-101486,16.6,High Risk (Critical),14,38.1,18.1,104,30,4,27.8,0,1.0
CUST-101487,54.2,Medium Risk (Warning),16,55.7,75.4,127,39,1,6.7,0,3.5
CUST-101488,79.6,Low Risk (Healthy),24,77.3,91.5,3385,27,1,12.8,0,5.0
CUST-101489,30.1,High Risk (Critical),12,35.4,18.3,113,12,2,51.8,0,3.0
CUST-101490,66.3,Medium Risk (Warning),16,85.2,79.0,4503,14,1,5.1,0,4.0
CUST-101491,23.2,High Risk (Critical),12,43.7,17.8,124,32,1,63.4,0,1.0
CUST-101492,48.7,Medium Risk (Warning),13,34.6,12.5,33,12,0,0.0,0,3.5
CUST-101493,5.0,High Risk (Critical),11,31.0,20.6,15,5,3,38.6,1,1.0
CUST-101494,47.4,Medium Risk (Warning),11,39.0,8.0,114,38,0,0.0,0,3.5
CUST-101495,61.6,Medium Risk (Warning),19,65.3,66.3,3182,9,3,10.4,0,5.0
CUST-101496,5.0,High Risk (Critical),4,25.7,13.8,124,34,1,61.1,1,2.0
CUST-101497,17.0,High Risk (Critical),14,17.8,14.1,92,16,4,33.4,1,3.0
CUST-101498,16.7,High Risk (Critical),10,28.2,12.6,110,32,1,56.4,0,1.0
CUST-101499,21.2,High Risk (Critical),6,30.9,14.6,86,9,1,32.6,0,2.0
CUST-101500,8.6,High Risk (Critical),9,28.0,15.7,12,38,4,62.1,0,2.0
CUST-101501,55.3,Medium Risk (Warning),16,79.8,38.1,1600,32,2,23.5,0,3.5
CUST-101502,25.5,High Risk (Critical),5,23.0,16.6,54,36,1,16.8,0,3.0
CUST-101503,85.6,Low Risk (Healthy),26,86.4,43.0,72,42,1,7.5,0,5.0
CUST-101504,50.5,Medium Risk (Warning),16,50.8,80.9,62,24,2,16.9,0,4.0
CUST-101505,59.3,Medium Risk (Warning),15,65.1,26.2,143,22,2,18.1,0,5.0
CUST-101506,89.1,Low Risk (Healthy),29,84.4,91.4,63,15,1,6.8,0,5.0
CUST-101507,12.2,High Risk (Critical),11,34.6,22.0,90,36,3,54.7,0,1.0
CUST-101508,13.5,High Risk (Critical),1,19.8,11.1,40,44,2,30.2,0,3.0
CUST-101509,23.4,High Risk (Critical),1,35.2,14.4,25,22,1,20.2,0,3.0
CUST-101510,66.2,Medium Risk (Warning),16,79.5,84.2,37,38,0,0.0,0,3.5
CUST-101511,78.3,Low Risk (Healthy),27,71.0,104.6,76,31,0,0.0,0,3.5
CUST-101512,11.2,High Risk (Critical),3,38.4,6.5,139,33,1,66.3,1,3.0
CUST-101513,14.5,High Risk (Critical),11,14.5,17.2,101,6,1,51.9,0,1.0
CUST-101514,14.8,High Risk (Critical),13,14.8,19.1,12,9,2,61.4,1,3.0
CUST-101515,16.2,High Risk (Critical),4,35.2,10.0,63,34,1,29.8,1,3.0
CUST-101516,82.0,Low Risk (Healthy),26,87.9,68.8,19,5,0,0.0,0,3.5
CUST-101517,5.0,High Risk (Critical),3,26.6,4.2,54,10,3,43.3,0,1.0
CUST-101518,72.2,Low Risk (Healthy),19,71.7,30.7,97,14,1,5.3,0,5.0
CUST-101519,5.0,High Risk (Critical),1,41.7,16.0,118,7,2,50.0,1,2.0
CUST-101520,57.0,Medium Risk (Warning),15,53.4,67.3,57,2,0,0.0,0,3.5
CUST-101521,26.6,High Risk (Critical),3,44.5,19.0,73,32,1,38.2,0,3.0
CUST-101522,68.0,Medium Risk (Warning),21,63.4,107.2,6753,15,0,0.0,0,3.5
CUST-101523,69.9,Medium Risk (Warning),23,79.0,91.0,3549,27,2,3.4,0,4.0
CUST-101524,83.8,Low Risk (Healthy),28,94.0,42.9,2273,41,1,14.1,0,4.0
CUST-101525,17.0,High Risk (Critical),9,27.4,13.8,141,22,2,57.4,0,2.0
CUST-101526,5.0,High Risk (Critical),7,17.3,11.1,146,22,1,45.2,1,1.0
CUST-101527,16.5,High Risk (Critical),6,24.5,11.5,95,30,1,22.8,1,3.0
CUST-101528,5.0,High Risk (Critical),7,16.8,16.0,119,23,3,39.3,1,1.0
CUST-101529,80.4,Low Risk (Healthy),24,91.3,109.7,103,8,0,0.0,0,3.5
CUST-101530,26.7,High Risk (Critical),12,40.4,11.7,129,12,3,59.7,0,3.0
CUST-101531,70.5,Low Risk (Healthy),28,53.0,34.1,26,35,1,21.8,0,4.0
CUST-101532,28.8,High Risk (Critical),5,33.1,19.6,33,41,1,14.2,0,3.0
CUST-101533,70.5,Low Risk (Healthy),23,86.0,90.7,44,43,2,15.6,0,4.0
CUST-101534,68.9,Medium Risk (Warning),28,59.1,89.4,6705,22,2,17.7,0,4.0
CUST-101535,74.5,Low Risk (Healthy),22,80.6,65.3,1044,13,0,0.0,0,3.5
CUST-101536,9.1,High Risk (Critical),9,12.6,16.2,51,17,2,53.7,1,3.0
CUST-101537,5.0,High Risk (Critical),5,21.5,5.0,44,4,2,32.4,1,2.0
CUST-101538,19.2,High Risk (Critical),11,44.7,4.2,120,11,2,55.0,0,1.0
CUST-101539,66.4,Medium Risk (Warning),17,75.8,55.5,3885,11,0,0.0,0,3.5
CUST-101540,10.0,High Risk (Critical),5,20.8,7.8,17,43,1,39.1,0,1.0
CUST-101541,10.2,High Risk (Critical),10,19.9,21.8,37,12,2,56.7,0,1.0
CUST-101542,5.0,High Risk (Critical),5,25.1,18.8,39,40,3,42.0,1,2.0
CUST-101543,74.0,Low Risk (Healthy),22,90.9,88.3,6534,0,1,21.0,0,4.0
CUST-101544,77.3,Low Risk (Healthy),25,76.5,48.4,1452,30,0,0.0,0,3.5
CUST-101545,68.8,Medium Risk (Warning),19,74.8,59.5,37,11,0,0.0,0,3.5
CUST-101546,85.5,Low Risk (Healthy),28,90.4,108.9,48,25,0,0.0,0,3.5
CUST-101547,21.0,High Risk (Critical),3,38.8,21.2,22,38,2,37.3,0,3.0
CUST-101548,22.6,High Risk (Critical),3,40.1,14.5,150,11,2,27.4,0,3.0
CUST-101549,14.1,High Risk (Critical),10,43.1,7.0,130,25,3,17.3,1,2.0
CUST-101550,17.0,High Risk (Critical),12,13.4,6.5,47,29,1,40.0,0,1.0
CUST-101551,25.4,High Risk (Critical),12,31.6,4.3,103,4,2,32.6,0,2.0
CUST-101552,66.8,Medium Risk (Warning),22,54.9,31.9,109,45,0,0.0,0,3.5
CUST-101553,23.8,High Risk (Critical),8,39.3,5.4,97,36,1,53.6,0,2.0
CUST-101554,5.0,High Risk (Critical),2,11.0,14.0,55,26,4,48.5,0,3.0
CUST-101555,14.9,High Risk (Critical),12,19.5,10.4,149,0,3,64.3,1,3.0
CUST-101556,64.4,Medium Risk (Warning),25,59.4,84.0,1932,33,2,21.9,0,4.0
CUST-101557,24.7,High Risk (Critical),10,44.2,19.7,61,22,3,63.1,0,3.0
CUST-101558,5.0,High Risk (Critical),3,21.5,8.6,78,29,2,41.6,0,1.0
CUST-101559,9.5,High Risk (Critical),11,28.2,21.6,131,18,1,45.4,1,1.0
CUST-101560,73.5,Low Risk (Healthy),24,91.6,60.5,4537,34,2,15.9,0,4.0
CUST-101561,84.0,Low Risk (Healthy),26,82.0,71.5,28,33,1,10.4,0,5.0
CUST-101562,7.2,High Risk (Critical),9,34.7,9.6,111,13,1,57.3,1,1.0
CUST-101563,81.2,Low Risk (Healthy),25,78.6,71.5,53,34,1,13.6,0,5.0
CUST-101564,5.0,High Risk (Critical),2,35.0,4.9,97,25,1,43.7,1,1.0
CUST-101565,8.6,High Risk (Critical),6,13.4,20.8,103,26,1,43.5,0,1.0
CUST-101566,18.2,High Risk (Critical),3,22.8,6.0,90,3,2,21.0,0,3.0
CUST-101567,79.5,Low Risk (Healthy),28,90.4,55.0,3245,29,1,15.9,0,3.5
CUST-101568,68.7,Medium Risk (Warning),25,72.7,109.6,4384,43,2,19.6,0,4.0
CUST-101569,81.0,Low Risk (Healthy),28,75.4,92.4,76,3,0,0.0,0,3.5
CUST-101570,42.2,High Risk (Critical),7,39.5,4.6,63,20,0,0.0,0,3.5
CUST-101571,5.0,High Risk (Critical),7,32.8,11.7,85,30,4,60.3,0,1.0
CUST-101572,73.4,Low Risk (Healthy),18,87.0,98.3,105,10,1,21.2,0,5.0
CUST-101573,23.6,High Risk (Critical),12,12.4,21.0,50,12,1,32.9,0,2.0
CUST-101574,49.1,Medium Risk (Warning),13,35.8,21.5,147,17,0,0.0,0,3.5
CUST-101575,74.3,Low Risk (Healthy),29,72.1,40.2,25,27,1,23.7,0,3.5
CUST-101576,5.0,High Risk (Critical),3,38.9,17.4,85,23,2,59.1,1,1.0
CUST-101577,12.9,High Risk (Critical),14,16.3,11.8,23,43,2,69.6,0,1.0
CUST-101578,76.6,Low Risk (Healthy),23,83.3,57.0,684,9,2,8.4,0,5.0
CUST-101579,5.2,High Risk (Critical),12,17.7,9.8,33,5,2,32.8,1,1.0
CUST-101580,73.6,Low Risk (Healthy),26,65.0,66.5,78,7,1,4.9,0,4.0
CUST-101581,58.7,Medium Risk (Warning),19,63.6,101.1,139,12,2,13.8,0,4.0
CUST-101582,17.1,High Risk (Critical),10,30.8,21.2,147,42,1,60.1,0,1.0
CUST-101583,54.1,Medium Risk (Warning),15,65.0,52.6,841,16,1,19.4,0,3.5
CUST-101584,23.1,High Risk (Critical),11,20.0,20.9,45,1,2,12.2,0,2.0
CUST-101585,13.1,High Risk (Critical),2,14.8,12.2,107,24,2,31.8,0,3.0
CUST-101586,8.9,High Risk (Critical),8,10.6,17.4,123,5,1,23.6,1,2.0
CUST-101587,15.1,High Risk (Critical),6,21.7,18.1,50,30,2,27.3,0,2.0
CUST-101588,81.5,Low Risk (Healthy),25,90.6,96.3,7318,26,0,0.0,0,3.5
CUST-101589,7.3,High Risk (Critical),9,44.2,19.2,8,21,3,15.4,1,1.0
CUST-101590,65.7,Medium Risk (Warning),16,89.7,85.6,0,44,1,20.2,0,4.0
CUST-101591,74.9,Low Risk (Healthy),26,87.0,109.7,5485,8,1,22.7,0,3.5
CUST-101592,15.1,High Risk (Critical),4,40.9,13.0,51,17,1,52.2,1,3.0
CUST-101593,68.4,Medium Risk (Warning),20,68.7,98.7,3257,20,2,6.8,0,5.0
CUST-101594,77.6,Low Risk (Healthy),19,93.0,63.5,32,25,1,13.0,0,5.0
CUST-101595,54.4,Medium Risk (Warning),19,53.5,66.1,38,24,2,23.7,0,4.0
CUST-101596,38.8,High Risk (Critical),14,37.4,8.1,19,16,1,40.7,0,3.0
CUST-101597,11.6,High Risk (Critical),9,12.4,8.1,77,25,2,65.3,0,2.0
CUST-101598,73.7,Low Risk (Healthy),27,55.6,68.8,125,15,0,0.0,0,3.5
CUST-101599,68.6,Medium Risk (Warning),21,86.1,62.0,9,1,1,17.9,0,3.5
CUST-101600,18.9,High Risk (Critical),6,17.1,16.9,62,4,1,17.6,0,2.0
CUST-101601,64.7,Medium Risk (Warning),18,65.8,84.0,6300,4,0,0.0,0,3.5
CUST-101602,8.2,High Risk (Critical),2,32.0,10.3,73,26,2,16.2,0,1.0
CUST-101603,21.9,High Risk (Critical),14,38.9,9.9,135,43,1,51.5,1,2.0
CUST-101604,82.5,Low Risk (Healthy),29,76.1,50.1,76,34,0,0.0,0,3.5
CUST-101605,34.2,High Risk (Critical),3,30.8,22.0,27,3,0,0.0,0,3.5
CUST-101606,23.6,High Risk (Critical),5,38.6,19.6,137,0,2,36.9,0,3.0
CUST-101607,81.2,Low Risk (Healthy),29,71.7,43.2,67,8,0,0.0,0,3.5
CUST-101608,70.9,Low Risk (Healthy),20,82.5,92.4,3603,38,2,19.9,0,5.0
CUST-101609,13.7,High Risk (Critical),9,22.8,7.0,50,1,2,25.4,0,1.0
CUST-101610,21.2,High Risk (Critical),11,35.0,5.2,120,28,1,15.4,1,2.0
CUST-101611,13.9,High Risk (Critical),13,27.1,6.8,58,45,4,60.9,0,2.0
CUST-101612,5.0,High Risk (Critical),1,43.1,15.0,117,4,4,48.4,1,1.0
CUST-101613,25.7,High Risk (Critical),12,34.1,7.0,49,16,2,35.9,0,2.0
CUST-101614,24.4,High Risk (Critical),14,33.2,8.1,23,6,2,17.5,0,1.0
CUST-101615,5.0,High Risk (Critical),13,13.0,19.3,63,18,2,50.5,1,1.0
CUST-101616,74.3,Low Risk (Healthy),23,75.3,40.2,113,11,0,0.0,0,3.5
CUST-101617,14.0,High Risk (Critical),5,26.9,19.4,143,14,1,38.1,1,3.0
CUST-101618,15.4,High Risk (Critical),9,34.5,16.6,127,35,6,65.3,0,3.0
CUST-101619,62.7,Medium Risk (Warning),27,66.9,76.7,88,16,4,10.8,0,4.0
CUST-101620,31.8,High Risk (Critical),13,27.5,7.0,103,7,1,62.2,0,3.0
CUST-101621,5.0,High Risk (Critical),1,16.3,20.6,2,18,4,60.5,1,3.0
CUST-101622,69.3,Medium Risk (Warning),24,54.5,46.8,123,18,0,0.0,0,3.5
CUST-101623,69.1,Medium Risk (Warning),21,67.1,104.3,96,25,0,0.0,0,3.5
CUST-101624,74.1,Low Risk (Healthy),28,52.7,28.1,505,19,0,0.0,0,3.5
CUST-101625,53.8,Medium Risk (Warning),16,51.2,82.1,73,19,1,23.5,0,4.0
CUST-101626,24.2,High Risk (Critical),4,21.4,13.4,148,41,1,12.8,0,3.0
CUST-101627,68.5,Medium Risk (Warning),26,54.0,42.2,47,4,1,18.9,0,4.0
CUST-101628,15.8,High Risk (Critical),3,21.6,19.8,4,38,2,37.6,0,3.0
CUST-101629,73.5,Low Risk (Healthy),17,88.3,25.8,93,4,1,13.2,0,5.0
CUST-101630,5.0,High Risk (Critical),5,22.9,21.7,25,6,1,23.5,1,1.0
CUST-101631,60.5,Medium Risk (Warning),16,60.7,89.2,65,22,0,0.0,0,3.5
CUST-101632,20.1,High Risk (Critical),3,40.7,18.3,49,7,1,32.7,0,2.0
CUST-101633,21.9,High Risk (Critical),13,31.1,7.9,93,41,2,70.3,0,2.0
CUST-101634,5.0,High Risk (Critical),2,23.1,15.2,111,3,3,33.9,1,3.0
CUST-101635,18.2,High Risk (Critical),3,28.7,6.4,8,18,2,35.3,0,3.0
CUST-101636,60.4,Medium Risk (Warning),17,63.7,41.5,51,3,1,10.9,0,4.0
CUST-101637,69.9,Medium Risk (Warning),29,67.5,88.6,53,33,3,8.3,0,4.0
CUST-101638,57.2,Medium Risk (Warning),21,53.0,66.6,5061,38,2,22.0,0,4.0
CUST-101639,5.0,High Risk (Critical),4,18.1,16.7,120,25,1,34.5,1,1.0
CUST-101640,39.4,High Risk (Critical),11,12.5,13.7,4,31,0,0.0,0,3.5
CUST-101641,70.7,Low Risk (Healthy),18,69.8,85.6,5564,30,1,2.1,0,5.0
CUST-101642,73.8,Low Risk (Healthy),27,55.9,63.6,3752,31,0,0.0,0,3.5
CUST-101643,26.8,High Risk (Critical),10,28.4,13.9,123,45,2,40.4,0,3.0
CUST-101644,66.1,Medium Risk (Warning),24,62.0,56.3,32,19,3,19.9,0,5.0
CUST-101645,25.7,High Risk (Critical),6,31.0,10.9,10,7,2,12.6,0,3.0
CUST-101646,67.8,Medium Risk (Warning),23,71.8,99.9,6593,45,2,3.4,0,4.0
CUST-101647,67.8,Medium Risk (Warning),26,71.6,96.9,63,9,2,11.0,0,3.5
CUST-101648,19.9,High Risk (Critical),6,39.8,21.9,42,4,1,64.1,0,2.0
CUST-101649,17.9,High Risk (Critical),1,25.5,10.0,68,8,1,41.0,0,3.0
CUST-101650,22.9,High Risk (Critical),12,42.7,6.6,68,29,3,15.6,1,3.0
CUST-101651,5.0,High Risk (Critical),2,19.1,20.0,51,1,1,56.2,0,1.0
CUST-101652,75.0,Low Risk (Healthy),27,59.9,99.3,6951,21,0,0.0,0,3.5
CUST-101653,68.1,Medium Risk (Warning),25,56.2,52.9,1322,35,1,16.8,0,4.0
CUST-101654,75.7,Low Risk (Healthy),23,80.2,110.0,4950,22,0,0.0,0,3.5
CUST-101655,76.0,Low Risk (Healthy),23,81.2,44.0,29,4,0,0.0,0,3.5
CUST-101656,18.8,High Risk (Critical),1,21.1,12.9,135,7,1,22.8,0,3.0
CUST-101657,76.0,Low Risk (Healthy),29,60.2,77.7,6216,13,1,5.8,0,4.0
CUST-101658,42.5,High Risk (Critical),9,31.8,12.3,139,31,0,0.0,0,3.5
CUST-101659,6.9,High Risk (Critical),1,36.5,18.1,25,15,2,27.4,0,1.0
CUST-101660,5.0,High Risk (Critical),2,32.5,5.4,65,11,5,28.8,0,1.0
CUST-101661,34.6,High Risk (Critical),6,18.8,13.6,16,41,0,0.0,0,3.5
CUST-101662,68.2,Medium Risk (Warning),25,59.1,106.2,101,15,1,22.7,0,4.0
CUST-101663,13.8,High Risk (Critical),4,41.2,8.8,138,28,2,31.5,1,3.0
CUST-101664,78.0,Low Risk (Healthy),23,87.8,61.3,4168,42,0,0.0,0,3.5
CUST-101665,11.6,High Risk (Critical),3,19.8,5.6,123,29,2,67.0,0,3.0
CUST-101666,70.2,Low Risk (Healthy),17,88.6,88.9,58,21,0,0.0,0,3.5
CUST-101667,76.2,Low Risk (Healthy),22,86.3,75.3,4292,26,0,0.0,0,3.5
CUST-101668,70.3,Low Risk (Healthy),27,50.2,84.4,66,23,1,6.1,0,4.0
CUST-101669,71.0,Low Risk (Healthy),25,62.3,72.0,144,14,1,8.1,0,4.0
CUST-101670,78.7,Low Risk (Healthy),25,81.3,52.6,109,31,0,0.0,0,3.5
CUST-101671,63.9,Medium Risk (Warning),21,71.8,104.2,2709,33,2,13.4,0,4.0
CUST-101672,5.0,High Risk (Critical),3,21.3,18.9,1,17,3,33.1,1,2.0
CUST-101673,58.5,Medium Risk (Warning),17,89.0,46.5,64,2,3,22.6,0,4.0
CUST-101674,74.2,Low Risk (Healthy),23,75.0,89.1,3118,6,0,0.0,0,3.5
CUST-101675,5.0,High Risk (Critical),8,22.9,16.4,52,43,2,38.4,1,1.0
CUST-101676,28.5,High Risk (Critical),6,43.4,6.7,104,7,1,52.0,0,3.0
CUST-101677,5.0,High Risk (Critical),6,19.5,9.2,18,31,3,71.6,1,2.0
CUST-101678,69.5,Medium Risk (Warning),25,56.7,71.5,1358,0,1,6.9,0,4.0
CUST-101679,74.7,Low Risk (Healthy),23,92.3,105.4,1370,36,1,4.9,0,3.5
CUST-101680,80.4,Low Risk (Healthy),27,83.8,73.7,4348,22,1,6.3,0,4.0
CUST-101681,70.4,Low Risk (Healthy),29,64.3,32.8,2296,12,2,4.1,0,3.5
CUST-101682,5.0,High Risk (Critical),5,33.1,19.7,118,5,2,28.8,1,1.0
CUST-101683,7.8,High Risk (Critical),2,21.2,10.1,104,40,3,57.7,0,3.0
CUST-101684,61.5,Medium Risk (Warning),23,69.0,58.7,78,39,2,23.3,0,3.5
CUST-101685,14.1,High Risk (Critical),8,43.7,5.8,135,7,3,29.2,0,1.0
CUST-101686,73.3,Low Risk (Healthy),18,78.7,42.2,844,14,1,2.7,0,5.0
CUST-101687,78.5,Low Risk (Healthy),29,62.7,97.7,5862,31,0,0.0,0,3.5
CUST-101688,5.0,High Risk (Critical),10,13.6,9.2,64,25,4,53.6,1,1.0
CUST-101689,66.3,Medium Risk (Warning),24,63.1,90.6,48,26,2,4.8,0,4.0
CUST-101690,64.4,Medium Risk (Warning),19,60.1,50.2,3263,14,0,0.0,0,3.5
CUST-101691,5.0,High Risk (Critical),7,16.4,12.6,53,21,5,21.8,0,1.0
CUST-101692,5.0,High Risk (Critical),3,26.0,12.2,144,26,3,66.4,0,1.0
CUST-101693,20.9,High Risk (Critical),12,36.0,15.3,17,28,1,31.1,1,2.0
CUST-101694,80.0,Low Risk (Healthy),27,76.5,40.5,139,30,0,0.0,0,3.5
CUST-101695,16.7,High Risk (Critical),1,33.0,9.7,9,35,1,20.5,0,2.0
CUST-101696,62.0,Medium Risk (Warning),16,83.4,64.2,12,44,2,3.2,0,4.0
CUST-101697,78.2,Low Risk (Healthy),29,84.1,36.0,9,5,2,13.4,0,4.0
CUST-101698,5.2,High Risk (Critical),5,18.5,7.9,76,19,4,70.7,1,3.0
CUST-101699,69.6,Medium Risk (Warning),18,81.9,67.0,4623,42,0,0.0,0,3.5
CUST-101700,60.3,Medium Risk (Warning),17,74.5,38.4,136,32,1,13.7,0,3.5
CUST-101701,14.2,High Risk (Critical),8,34.9,11.0,55,31,1,71.7,0,1.0
CUST-101702,59.3,Medium Risk (Warning),21,51.8,105.5,132,39,1,9.9,0,3.5
CUST-101703,5.0,High Risk (Critical),1,27.2,13.2,25,34,1,71.5,1,3.0
CUST-101704,22.8,High Risk (Critical),13,41.7,20.1,146,2,3,58.1,1,3.0
CUST-101705,66.0,Medium Risk (Warning),15,83.4,102.7,2464,3,0,0.0,0,3.5
CUST-101706,5.7,High Risk (Critical),4,11.4,11.9,19,13,2,24.1,1,3.0
CUST-101707,68.9,Medium Risk (Warning),21,66.3,47.0,37,38,0,0.0,0,3.5
CUST-101708,72.0,Low Risk (Healthy),17,78.7,38.0,59,34,1,2.2,0,5.0
CUST-101709,5.0,High Risk (Critical),5,25.7,21.3,132,23,3,39.9,1,2.0
CUST-101710,21.6,High Risk (Critical),13,37.6,18.3,124,2,2,70.6,1,3.0
CUST-101711,83.3,Low Risk (Healthy),22,94.9,30.0,1740,43,1,4.4,0,5.0
CUST-101712,67.7,Medium Risk (Warning),15,74.2,45.0,3375,26,1,4.7,0,5.0
CUST-101713,5.0,High Risk (Critical),7,17.6,10.0,116,18,4,28.3,1,2.0
CUST-101714,9.6,High Risk (Critical),8,28.5,15.5,117,36,2,60.6,0,1.0
CUST-101715,17.1,High Risk (Critical),13,12.9,11.9,83,12,1,64.6,1,3.0
CUST-101716,72.0,Low Risk (Healthy),19,90.8,106.6,55,37,1,4.2,0,4.0
CUST-101717,61.9,Medium Risk (Warning),16,75.5,35.9,1400,2,1,17.0,0,4.0
CUST-101718,5.0,High Risk (Critical),8,21.7,17.0,24,43,2,60.3,1,1.0
CUST-101719,40.0,High Risk (Critical),6,36.6,19.4,18,38,0,0.0,0,3.5
CUST-101720,62.0,Medium Risk (Warning),16,68.1,46.4,1624,39,2,14.0,0,5.0
CUST-101721,15.5,High Risk (Critical),14,12.9,17.8,128,19,6,58.1,0,3.0
CUST-101722,83.1,Low Risk (Healthy),26,91.6,89.1,980,17,0,0.0,0,3.5
CUST-101723,10.8,High Risk (Critical),7,34.5,8.1,61,18,3,22.7,0,1.0
CUST-101724,24.8,High Risk (Critical),11,33.6,5.8,4,33,2,31.3,0,2.0
CUST-101725,21.8,High Risk (Critical),9,26.8,18.4,90,44,1,50.2,0,2.0
CUST-101726,17.9,High Risk (Critical),14,20.3,12.2,112,29,2,39.1,0,1.0
CUST-101727,34.2,High Risk (Critical),9,32.5,7.2,20,39,1,12.3,0,3.0
CUST-101728,71.8,Low Risk (Healthy),23,57.6,60.9,128,31,1,17.5,0,5.0
CUST-101729,5.0,High Risk (Critical),3,12.3,20.0,86,36,6,37.5,1,2.0
CUST-101730,61.3,Medium Risk (Warning),15,71.4,32.6,33,9,2,17.1,0,5.0
CUST-101731,11.6,High Risk (Critical),8,24.0,6.8,60,39,1,66.0,0,1.0
CUST-101732,24.6,High Risk (Critical),14,28.1,6.3,103,30,3,19.8,0,2.0
CUST-101733,75.1,Low Risk (Healthy),25,69.3,85.7,31,29,0,0.0,0,3.5
CUST-101734,10.3,High Risk (Critical),3,24.9,21.8,123,24,1,25.2,0,1.0
CUST-101735,62.7,Medium Risk (Warning),18,86.6,73.9,2660,32,2,2.1,0,3.5
CUST-101736,20.9,High Risk (Critical),12,31.3,14.7,42,37,2,19.9,0,1.0
CUST-101737,5.0,High Risk (Critical),7,13.8,9.0,74,3,5,58.2,0,2.0
CUST-101738,5.0,High Risk (Critical),7,22.3,9.2,96,25,4,54.1,1,1.0
CUST-101739,75.9,Low Risk (Healthy),25,71.9,94.9,6168,24,0,0.0,0,3.5
CUST-101740,75.2,Low Risk (Healthy),29,51.7,41.3,144,16,0,0.0,0,3.5
CUST-101741,24.8,High Risk (Critical),8,29.0,10.7,93,28,1,68.2,0,3.0
CUST-101742,70.0,Low Risk (Healthy),25,75.0,73.4,36,34,2,14.3,0,4.0
CUST-101743,5.0,High Risk (Critical),2,27.1,11.1,71,30,4,42.7,1,1.0
CUST-101744,6.1,High Risk (Critical),2,35.3,15.9,92,30,1,41.6,1,2.0
CUST-101745,63.3,Medium Risk (Warning),22,50.7,99.2,5555,35,1,10.0,0,4.0
CUST-101746,73.9,Low Risk (Healthy),20,87.3,65.2,45,24,0,0.0,0,3.5
CUST-101747,19.8,High Risk (Critical),5,34.4,9.9,143,17,2,57.2,0,3.0
CUST-101748,80.4,Low Risk (Healthy),29,80.1,42.8,84,25,1,18.7,0,4.0
CUST-101749,72.0,Low Risk (Healthy),24,63.4,47.2,40,5,0,0.0,0,3.5
CUST-101750,70.1,Low Risk (Healthy),23,61.6,32.6,105,6,0,0.0,0,3.5
CUST-101751,74.5,Low Risk (Healthy),20,75.6,101.9,3362,6,1,6.5,0,5.0
CUST-101752,23.8,High Risk (Critical),10,43.8,19.3,37,6,1,53.5,1,3.0
CUST-101753,5.0,High Risk (Critical),2,24.9,13.5,18,28,3,35.6,1,2.0
CUST-101754,27.3,High Risk (Critical),13,29.0,13.5,101,10,1,54.2,0,2.0
CUST-101755,63.1,Medium Risk (Warning),15,73.8,95.2,9,10,0,0.0,0,3.5
CUST-101756,11.1,High Risk (Critical),3,41.4,11.6,89,28,4,58.6,0,3.0
CUST-101757,76.0,Low Risk (Healthy),23,66.9,57.2,115,32,1,5.9,0,5.0
CUST-101758,67.9,Medium Risk (Warning),23,54.2,30.5,47,24,0,0.0,0,3.5
CUST-101759,72.2,Low Risk (Healthy),20,70.1,80.9,6229,43,1,11.8,0,5.0
CUST-101760,28.0,High Risk (Critical),9,26.8,8.9,116,21,2,16.0,0,3.0
CUST-101761,66.7,Medium Risk (Warning),21,59.0,41.6,2329,32,0,0.0,0,3.5
CUST-101762,82.6,Low Risk (Healthy),29,76.6,36.9,42,34,0,0.0,0,3.5
CUST-101763,19.4,High Risk (Critical),12,32.8,7.3,12,4,2,35.9,0,1.0
CUST-101764,40.5,High Risk (Critical),5,42.7,20.9,5,32,0,0.0,0,3.5
CUST-101765,19.1,High Risk (Critical),1,43.2,13.6,101,22,2,41.6,0,3.0
CUST-101766,19.8,High Risk (Critical),5,42.2,10.9,146,3,3,44.5,0,3.0
CUST-101767,22.3,High Risk (Critical),12,28.4,14.1,53,43,2,17.9,1,3.0
CUST-101768,11.3,High Risk (Critical),10,17.3,20.6,104,45,3,57.6,0,2.0
CUST-101769,16.8,High Risk (Critical),12,25.9,19.3,31,29,5,53.8,1,3.0
CUST-101770,9.7,High Risk (Critical),12,12.6,20.8,61,9,4,48.3,0,2.0
CUST-101771,18.8,High Risk (Critical),1,19.9,9.1,8,36,1,20.1,0,3.0
CUST-101772,79.6,Low Risk (Healthy),29,66.5,46.2,72,28,0,0.0,0,3.5
CUST-101773,65.2,Medium Risk (Warning),17,61.7,74.4,91,26,1,15.8,0,5.0
CUST-101774,79.9,Low Risk (Healthy),26,87.0,105.4,4953,15,1,7.2,0,4.0
CUST-101775,14.3,High Risk (Critical),13,22.6,6.8,137,23,1,14.5,1,1.0
CUST-101776,24.4,High Risk (Critical),9,39.3,19.0,137,40,1,59.3,0,2.0
CUST-101777,69.1,Medium Risk (Warning),24,65.7,84.2,2694,18,1,20.8,0,4.0
CUST-101778,69.5,Medium Risk (Warning),16,90.6,49.5,134,32,0,0.0,0,3.5
CUST-101779,17.7,High Risk (Critical),8,15.7,21.1,35,35,3,29.8,0,3.0
CUST-101780,68.7,Medium Risk (Warning),22,61.3,53.2,3617,23,0,0.0,0,3.5
CUST-101781,35.8,High Risk (Critical),12,29.0,19.3,136,5,1,23.1,0,3.0
CUST-101782,76.1,Low Risk (Healthy),25,65.7,36.5,98,11,1,23.3,0,5.0
CUST-101783,6.9,High Risk (Critical),12,13.0,5.9,126,27,3,67.8,1,2.0
CUST-101784,53.5,Medium Risk (Warning),15,57.9,53.2,2340,43,1,7.3,0,3.5
CUST-101785,12.8,High Risk (Critical),4,26.3,4.1,42,28,4,19.6,0,3.0
CUST-101786,72.5,Low Risk (Healthy),20,82.8,80.0,55,3,0,0.0,0,3.5
CUST-101787,73.5,Low Risk (Healthy),27,54.9,46.4,1670,30,0,0.0,0,3.5
CUST-101788,83.3,Low Risk (Healthy),24,90.7,59.1,4609,34,1,14.9,0,5.0
CUST-101789,59.2,Medium Risk (Warning),16,85.1,74.3,4978,43,2,5.2,0,3.5
CUST-101790,37.4,High Risk (Critical),7,23.7,8.2,126,6,0,0.0,0,3.5
CUST-101791,5.0,High Risk (Critical),9,12.0,11.5,56,45,1,54.6,1,1.0
CUST-101792,20.0,High Risk (Critical),13,32.1,12.7,134,4,3,55.0,1,3.0
CUST-101793,5.0,High Risk (Critical),3,11.1,5.8,131,32,5,64.4,1,1.0
CUST-101794,59.4,Medium Risk (Warning),15,61.3,107.8,5,34,0,0.0,0,3.5
CUST-101795,75.5,Low Risk (Healthy),28,57.1,25.6,15,37,0,0.0,0,3.5
CUST-101796,9.9,High Risk (Critical),7,25.2,20.1,22,43,4,69.4,1,3.0
CUST-101797,81.1,Low Risk (Healthy),24,93.8,55.8,2287,30,0,0.0,0,3.5
CUST-101798,76.8,Low Risk (Healthy),22,86.4,66.6,73,22,2,3.8,0,5.0
CUST-101799,19.8,High Risk (Critical),7,33.3,17.2,84,28,1,59.9,0,2.0
CUST-101800,18.4,High Risk (Critical),9,41.4,6.1,94,41,2,48.2,1,3.0
CUST-101801,65.6,Medium Risk (Warning),27,65.0,95.0,29,40,2,23.0,0,3.5
CUST-101802,40.5,High Risk (Critical),11,16.2,20.0,94,32,0,0.0,0,3.5
CUST-101803,36.3,High Risk (Critical),14,33.6,10.0,85,30,1,51.7,0,3.0
CUST-101804,8.2,High Risk (Critical),10,14.0,21.6,65,6,2,58.4,0,1.0
CUST-101805,72.5,Low Risk (Healthy),24,70.9,81.8,81,35,1,6.3,0,4.0
CUST-101806,74.8,Low Risk (Healthy),26,63.1,88.7,142,0,2,6.5,0,5.0
CUST-101807,74.7,Low Risk (Healthy),27,59.1,72.3,84,25,0,0.0,0,3.5
CUST-101808,40.4,High Risk (Critical),9,24.8,6.5,97,13,0,0.0,0,3.5
CUST-101809,80.2,Low Risk (Healthy),27,77.3,69.1,2902,35,0,0.0,0,3.5
CUST-101810,73.7,Low Risk (Healthy),21,75.1,55.3,29,5,1,22.7,0,5.0
CUST-101811,72.0,Low Risk (Healthy),25,58.8,88.6,62,14,0,0.0,0,3.5
CUST-101812,10.2,High Risk (Critical),11,27.7,13.2,31,36,1,38.5,1,1.0
CUST-101813,5.0,High Risk (Critical),1,24.6,14.9,79,20,2,48.0,1,3.0
CUST-101814,5.0,High Risk (Critical),6,13.8,10.7,62,18,2,26.3,1,1.0
CUST-101815,6.8,High Risk (Critical),4,16.9,19.9,31,6,1,45.1,0,1.0
CUST-101816,5.0,High Risk (Critical),2,26.1,9.5,49,13,3,62.9,0,2.0
CUST-101817,40.3,High Risk (Critical),8,28.7,11.2,125,18,0,0.0,0,3.5
CUST-101818,68.8,Medium Risk (Warning),24,74.4,87.7,60,14,2,12.3,0,4.0
CUST-101819,84.5,Low Risk (Healthy),28,75.8,71.8,5600,4,1,12.5,0,5.0
CUST-101820,76.6,Low Risk (Healthy),27,89.1,67.9,105,0,2,16.7,0,4.0
CUST-101821,5.0,High Risk (Critical),7,27.9,5.5,43,7,4,68.1,0,1.0
CUST-101822,64.5,Medium Risk (Warning),21,51.7,70.6,3812,5,0,0.0,0,3.5
CUST-101823,20.1,High Risk (Critical),9,43.5,7.9,55,20,2,39.7,1,3.0
CUST-101824,32.1,High Risk (Critical),1,32.5,7.9,79,34,0,0.0,0,3.5
CUST-101825,74.6,Low Risk (Healthy),22,86.7,76.1,71,21,1,5.9,0,4.0
CUST-101826,42.8,High Risk (Critical),8,37.1,16.7,7,9,0,0.0,0,3.5
CUST-101827,72.0,Low Risk (Healthy),16,88.6,66.1,134,44,1,15.0,0,5.0
CUST-101828,74.5,Low Risk (Healthy),27,80.8,46.6,142,35,2,14.3,0,4.0
CUST-101829,70.7,Low Risk (Healthy),25,54.6,109.4,92,40,0,0.0,0,3.5
CUST-101830,27.6,High Risk (Critical),6,39.5,12.7,100,9,2,18.1,0,3.0
CUST-101831,77.0,Low Risk (Healthy),25,84.2,33.7,9,3,1,12.5,0,4.0
CUST-101832,9.7,High Risk (Critical),3,34.7,6.7,36,7,5,21.3,0,3.0
CUST-101833,61.7,Medium Risk (Warning),15,78.7,69.9,3704,1,1,15.6,0,4.0
CUST-101834,73.0,Low Risk (Healthy),26,76.1,39.7,794,30,1,11.9,0,3.5
CUST-101835,6.3,High Risk (Critical),4,11.1,16.2,123,2,2,50.8,0,2.0
CUST-101836,77.4,Low Risk (Healthy),26,73.0,43.9,658,7,2,9.3,0,5.0
CUST-101837,5.0,High Risk (Critical),9,26.7,9.1,150,33,3,48.5,1,1.0
CUST-101838,29.6,High Risk (Critical),11,29.6,4.2,128,25,1,15.3,0,2.0
CUST-101839,5.0,High Risk (Critical),3,36.5,4.5,145,37,4,28.3,0,1.0
CUST-101840,66.5,Medium Risk (Warning),15,85.1,47.9,106,41,0,0.0,0,3.5
CUST-101841,28.8,High Risk (Critical),9,44.1,11.9,83,17,1,35.6,0,2.0
CUST-101842,69.9,Medium Risk (Warning),21,89.0,26.7,120,18,1,14.3,0,3.5
CUST-101843,59.1,Medium Risk (Warning),17,53.3,60.5,112,35,2,12.2,0,5.0
CUST-101844,13.2,High Risk (Critical),14,32.1,4.9,37,43,2,24.7,1,1.0
CUST-101845,12.8,High Risk (Critical),9,25.7,21.6,2,22,2,38.9,0,1.0
CUST-101846,68.9,Medium Risk (Warning),21,66.4,71.4,4141,9,0,0.0,0,3.5
CUST-101847,59.2,Medium Risk (Warning),16,56.1,48.9,1613,25,0,0.0,0,3.5
CUST-101848,77.7,Low Risk (Healthy),29,60.2,73.0,2993,28,0,0.0,0,3.5
CUST-101849,67.8,Medium Risk (Warning),18,65.7,93.2,4753,2,1,15.4,0,5.0
CUST-101850,15.3,High Risk (Critical),13,41.1,9.5,82,27,2,18.7,1,1.0
CUST-101851,37.7,High Risk (Critical),3,42.4,12.7,86,23,0,0.0,0,3.5
CUST-101852,22.2,High Risk (Critical),12,43.9,19.8,139,35,7,33.6,0,3.0
CUST-101853,78.4,Low Risk (Healthy),25,80.3,27.1,89,42,0,0.0,0,3.5
CUST-101854,72.3,Low Risk (Healthy),23,84.0,76.2,3962,1,1,4.5,0,3.5
CUST-101855,72.8,Low Risk (Healthy),23,91.9,44.5,3293,30,2,11.6,0,4.0
CUST-101856,63.6,Medium Risk (Warning),15,75.2,67.5,120,40,0,0.0,0,3.5
CUST-101857,35.7,High Risk (Critical),3,35.8,13.9,55,14,0,0.0,0,3.5
CUST-101858,63.1,Medium Risk (Warning),16,69.3,38.1,39,44,0,0.0,0,3.5
CUST-101859,90.4,Low Risk (Healthy),29,94.2,40.5,20,45,1,20.5,0,5.0
CUST-101860,64.0,Medium Risk (Warning),16,56.9,42.4,49,13,1,3.0,0,5.0
CUST-101861,23.2,High Risk (Critical),14,18.8,8.6,72,44,2,41.0,0,2.0
CUST-101862,70.3,Low Risk (Healthy),18,84.5,100.3,1504,28,0,0.0,0,3.5
CUST-101863,23.9,High Risk (Critical),12,28.1,16.3,127,28,4,20.2,0,3.0
CUST-101864,10.2,High Risk (Critical),6,35.8,14.0,78,34,2,52.5,0,1.0
CUST-101865,67.8,Medium Risk (Warning),21,89.2,53.2,3564,10,2,23.4,0,4.0
CUST-101866,40.8,High Risk (Critical),6,39.4,15.4,45,43,0,0.0,0,3.5
CUST-101867,28.5,High Risk (Critical),13,16.9,18.2,35,10,1,15.6,0,2.0
CUST-101868,29.4,High Risk (Critical),7,41.6,15.7,34,24,1,51.4,0,3.0
CUST-101869,72.3,Low Risk (Healthy),21,89.1,58.4,143,16,1,19.7,0,4.0
CUST-101870,7.9,High Risk (Critical),10,19.0,15.9,92,40,4,56.9,0,2.0
CUST-101871,67.8,Medium Risk (Warning),18,85.6,86.9,4431,20,1,15.2,0,4.0
CUST-101872,70.7,Low Risk (Healthy),15,86.7,43.3,72,43,1,10.4,0,5.0
CUST-101873,72.6,Low Risk (Healthy),24,65.3,109.3,93,29,0,0.0,0,3.5
CUST-101874,66.3,Medium Risk (Warning),17,75.3,57.2,107,2,0,0.0,0,3.5
CUST-101875,5.0,High Risk (Critical),2,40.9,14.6,67,31,4,55.7,0,1.0
CUST-101876,39.0,High Risk (Critical),6,33.5,4.3,80,28,0,0.0,0,3.5
CUST-101877,51.8,Medium Risk (Warning),17,61.3,82.4,99,15,3,10.3,0,4.0
CUST-101878,5.0,High Risk (Critical),6,32.6,10.8,12,30,2,43.3,1,1.0
CUST-101879,65.7,Medium Risk (Warning),22,68.9,45.4,67,29,2,2.7,0,4.0
CUST-101880,5.0,High Risk (Critical),2,16.1,12.0,131,30,3,26.6,0,1.0
CUST-101881,18.8,High Risk (Critical),9,40.7,4.5,9,17,2,43.2,1,3.0
CUST-101882,80.9,Low Risk (Healthy),22,89.8,99.0,123,34,1,10.7,0,5.0
CUST-101883,62.7,Medium Risk (Warning),19,54.4,51.9,2231,13,0,0.0,0,3.5
CUST-101884,11.5,High Risk (Critical),12,39.2,11.6,61,28,4,49.8,0,1.0
CUST-101885,71.0,Low Risk (Healthy),23,64.6,89.9,4405,41,0,0.0,0,3.5
CUST-101886,65.6,Medium Risk (Warning),15,82.0,75.3,112,22,0,0.0,0,3.5
CUST-101887,18.9,High Risk (Critical),8,40.9,16.8,69,34,1,16.5,1,2.0
CUST-101888,79.0,Low Risk (Healthy),28,87.7,78.8,71,32,2,5.3,0,4.0
CUST-101889,44.4,High Risk (Critical),9,37.9,19.2,46,2,0,0.0,0,3.5
CUST-101890,17.4,High Risk (Critical),12,39.8,10.4,35,36,1,68.2,1,2.0
CUST-101891,61.9,Medium Risk (Warning),16,72.0,57.6,140,22,1,8.6,0,4.0
CUST-101892,85.7,Low Risk (Healthy),29,86.7,88.1,1409,44,0,0.0,0,3.5
CUST-101893,71.6,Low Risk (Healthy),21,60.6,47.7,1431,0,1,4.3,0,5.0
CUST-101894,28.8,High Risk (Critical),6,28.8,6.3,43,3,1,15.1,0,3.0
CUST-101895,71.8,Low Risk (Healthy),22,71.5,86.8,95,12,0,0.0,0,3.5
CUST-101896,68.7,Medium Risk (Warning),20,68.9,63.4,131,34,2,4.7,0,5.0
CUST-101897,76.6,Low Risk (Healthy),24,67.5,74.5,46,27,1,13.0,0,5.0
CUST-101898,77.2,Low Risk (Healthy),26,58.2,102.6,21,45,1,7.3,0,5.0
CUST-101899,10.7,High Risk (Critical),1,25.7,8.1,52,20,2,66.8,0,3.0
CUST-101900,5.0,High Risk (Critical),6,41.9,6.5,101,43,5,36.3,0,1.0
CUST-101901,74.9,Low Risk (Healthy),26,69.1,105.9,8260,39,1,4.0,0,4.0
CUST-101902,75.3,Low Risk (Healthy),18,93.9,108.6,10,34,1,22.6,0,5.0
CUST-101903,61.4,Medium Risk (Warning),19,50.1,58.7,2993,20,0,0.0,0,3.5
CUST-101904,70.1,Low Risk (Healthy),22,75.5,35.6,135,7,1,14.7,0,4.0
CUST-101905,7.9,High Risk (Critical),9,21.1,19.6,94,28,2,67.2,0,1.0
CUST-101906,6.7,High Risk (Critical),1,38.7,14.8,1,3,1,66.0,0,1.0
CUST-101907,57.7,Medium Risk (Warning),16,51.1,100.7,110,41,0,0.0,0,3.5
CUST-101908,69.2,Medium Risk (Warning),24,54.0,44.0,2112,41,0,0.0,0,3.5
CUST-101909,63.1,Medium Risk (Warning),19,67.2,91.2,6657,24,1,19.2,0,4.0
CUST-101910,70.5,Low Risk (Healthy),25,53.9,59.0,93,20,0,0.0,0,3.5
CUST-101911,5.0,High Risk (Critical),1,24.6,4.6,124,36,1,30.6,1,1.0
CUST-101912,20.3,High Risk (Critical),7,15.0,20.2,63,6,2,28.6,0,3.0
CUST-101913,65.1,Medium Risk (Warning),17,80.6,52.5,127,19,1,14.2,0,4.0
CUST-101914,14.1,High Risk (Critical),1,43.2,17.3,35,14,1,17.6,0,1.0
CUST-101915,25.8,High Risk (Critical),12,27.5,15.4,11,34,3,35.9,0,3.0
CUST-101916,81.6,Low Risk (Healthy),29,73.0,93.8,1876,37,0,0.0,0,3.5
CUST-101917,57.8,Medium Risk (Warning),23,51.9,48.8,29,23,3,3.5,0,4.0
CUST-101918,68.5,Medium Risk (Warning),22,50.4,63.3,4684,9,1,15.9,0,5.0
CUST-101919,82.9,Low Risk (Healthy),25,82.8,72.3,79,41,1,10.1,0,5.0
CUST-101920,8.5,High Risk (Critical),7,20.7,17.8,34,44,3,54.3,1,3.0
CUST-101921,59.9,Medium Risk (Warning),15,63.0,81.4,3825,14,0,0.0,0,3.5
CUST-101922,5.0,High Risk (Critical),2,16.6,20.3,56,12,2,20.1,1,1.0
CUST-101923,82.8,Low Risk (Healthy),28,81.7,87.8,3336,1,0,0.0,0,3.5
CUST-101924,73.4,Low Risk (Healthy),25,76.5,66.4,2921,38,1,22.8,0,4.0
CUST-101925,73.0,Low Risk (Healthy),23,71.1,47.5,2850,36,0,0.0,0,3.5
CUST-101926,5.0,High Risk (Critical),1,14.0,18.2,86,23,2,62.9,0,1.0
CUST-101927,29.7,High Risk (Critical),13,43.2,21.8,128,28,1,68.4,0,2.0
CUST-101928,9.3,High Risk (Critical),1,41.1,5.5,9,28,3,35.3,0,2.0
CUST-101929,8.4,High Risk (Critical),13,33.4,17.0,63,42,3,69.3,1,1.0
CUST-101930,21.5,High Risk (Critical),10,42.6,13.6,123,6,2,69.2,0,2.0
CUST-101931,16.3,High Risk (Critical),2,11.3,15.0,123,14,1,29.8,0,3.0
CUST-101932,71.0,Low Risk (Healthy),18,86.7,31.6,1864,34,0,0.0,0,3.5
CUST-101933,29.3,High Risk (Critical),14,25.0,14.5,37,25,1,38.7,0,2.0
CUST-101934,38.8,High Risk (Critical),4,41.4,6.6,85,6,0,0.0,0,3.5
CUST-101935,73.8,Low Risk (Healthy),23,63.4,28.5,1710,26,1,15.2,0,5.0
CUST-101936,7.9,High Risk (Critical),4,14.3,5.8,21,38,4,29.7,0,3.0
CUST-101937,8.8,High Risk (Critical),6,14.6,4.7,112,34,2,12.3,0,1.0
CUST-101938,68.4,Medium Risk (Warning),19,83.4,64.4,1803,27,1,16.0,0,4.0
CUST-101939,69.8,Medium Risk (Warning),24,76.9,68.9,4616,28,1,18.2,0,3.5
CUST-101940,5.0,High Risk (Critical),1,25.0,10.6,53,39,1,21.6,1,2.0
CUST-101941,77.2,Low Risk (Healthy),23,85.1,28.8,1209,0,0,0.0,0,3.5
CUST-101942,16.3,High Risk (Critical),2,40.3,21.2,75,20,3,35.6,0,3.0
CUST-101943,9.3,High Risk (Critical),2,36.1,8.2,53,42,1,17.5,1,2.0
CUST-101944,10.1,High Risk (Critical),9,37.1,13.3,124,33,2,68.1,1,2.0
CUST-101945,42.9,High Risk (Critical),7,41.9,7.1,45,21,0,0.0,0,3.5
CUST-101946,5.0,High Risk (Critical),1,19.6,8.7,31,11,1,39.5,1,1.0
CUST-101947,76.9,Low Risk (Healthy),21,91.4,93.1,89,15,2,4.2,0,5.0
CUST-101948,16.9,High Risk (Critical),7,42.1,7.9,26,10,3,40.5,0,2.0
CUST-101949,60.9,Medium Risk (Warning),20,55.1,90.6,1268,1,1,18.0,0,4.0
CUST-101950,78.2,Low Risk (Healthy),27,78.4,60.1,20,5,1,10.5,0,4.0
CUST-101951,81.6,Low Risk (Healthy),27,83.6,79.9,1038,25,2,11.8,0,5.0
CUST-101952,5.0,High Risk (Critical),9,21.7,12.5,32,10,2,28.7,1,1.0
CUST-101953,63.2,Medium Risk (Warning),20,51.9,100.9,13,40,0,0.0,0,3.5
CUST-101954,43.1,High Risk (Critical),12,20.3,17.0,70,31,0,0.0,0,3.5
CUST-101955,63.7,Medium Risk (Warning),20,53.3,26.1,31,20,0,0.0,0,3.5
CUST-101956,16.4,High Risk (Critical),5,17.7,11.1,58,1,2,44.9,0,3.0
CUST-101957,58.4,Medium Risk (Warning),16,53.5,86.7,27,40,0,0.0,0,3.5
CUST-101958,5.0,High Risk (Critical),1,23.1,4.7,17,14,2,55.4,1,3.0
CUST-101959,72.0,Low Risk (Healthy),15,92.6,65.4,57,39,1,14.3,0,5.0
CUST-101960,28.0,High Risk (Critical),9,40.2,8.7,54,5,1,32.4,0,2.0
CUST-101961,70.5,Low Risk (Healthy),21,71.6,35.7,126,41,0,0.0,0,3.5
CUST-101962,74.5,Low Risk (Healthy),29,56.6,42.2,801,28,1,8.9,0,4.0
CUST-101963,11.7,High Risk (Critical),4,15.5,14.0,62,43,1,18.6,1,3.0
CUST-101964,66.4,Medium Risk (Warning),21,58.1,78.3,38,8,0,0.0,0,3.5
CUST-101965,5.0,High Risk (Critical),3,30.9,6.6,27,28,4,20.0,0,1.0
CUST-101966,34.6,High Risk (Critical),1,41.0,16.8,3,12,0,0.0,0,3.5
CUST-101967,31.0,High Risk (Critical),1,28.9,12.5,113,45,0,0.0,0,3.5
CUST-101968,16.2,High Risk (Critical),10,29.7,10.4,27,39,3,16.2,1,3.0
CUST-101969,8.0,High Risk (Critical),6,23.0,8.1,83,40,2,55.3,1,3.0
CUST-101970,88.5,Low Risk (Healthy),27,90.0,72.2,14,0,1,3.7,0,5.0
CUST-101971,58.8,Medium Risk (Warning),16,77.7,80.6,48,7,2,15.1,0,4.0
CUST-101972,34.1,High Risk (Critical),7,12.5,8.8,39,17,0,0.0,0,3.5
CUST-101973,79.1,Low Risk (Healthy),28,74.5,46.2,29,42,1,4.8,0,4.0
CUST-101974,5.0,High Risk (Critical),2,16.4,15.7,91,36,1,69.7,0,1.0
CUST-101975,22.3,High Risk (Critical),13,15.4,21.6,44,19,1,61.1,0,2.0
CUST-101976,77.0,Low Risk (Healthy),24,69.0,34.0,113,2,1,13.4,0,5.0
CUST-101977,5.0,High Risk (Critical),6,29.0,6.3,76,44,3,38.9,1,1.0
CUST-101978,9.0,High Risk (Critical),7,16.0,7.3,34,20,4,56.7,0,3.0
CUST-101979,10.9,High Risk (Critical),11,15.3,12.1,30,21,3,18.9,0,1.0
CUST-101980,71.0,Low Risk (Healthy),18,75.0,68.6,118,13,1,11.9,0,5.0
CUST-101981,62.2,Medium Risk (Warning),17,72.2,61.6,3634,7,1,17.2,0,4.0
CUST-101982,70.1,Low Risk (Healthy),23,83.7,56.1,3758,10,2,13.1,0,4.0
CUST-101983,5.0,High Risk (Critical),7,26.4,16.7,16,33,2,28.5,1,1.0
CUST-101984,67.3,Medium Risk (Warning),28,65.0,58.8,60,32,2,20.6,0,3.5
CUST-101985,11.0,High Risk (Critical),7,21.6,21.1,57,2,1,54.6,0,1.0
CUST-101986,56.0,Medium Risk (Warning),17,60.5,98.9,105,15,2,6.7,0,4.0
CUST-101987,15.9,High Risk (Critical),10,36.7,21.7,112,16,1,51.7,1,2.0
CUST-101988,59.2,Medium Risk (Warning),16,78.9,72.6,2976,22,2,14.8,0,4.0
CUST-101989,22.1,High Risk (Critical),1,43.2,22.0,61,41,1,49.3,0,3.0
CUST-101990,21.4,High Risk (Critical),12,12.4,14.3,91,1,2,18.9,0,2.0
CUST-101991,29.3,High Risk (Critical),10,44.7,6.3,46,42,2,59.2,0,3.0
CUST-101992,5.0,High Risk (Critical),1,29.6,17.0,15,25,3,59.6,0,2.0
CUST-101993,11.7,High Risk (Critical),1,24.8,7.5,41,6,1,40.6,0,2.0
CUST-101994,5.4,High Risk (Critical),14,19.0,9.7,74,11,4,37.2,1,1.0
CUST-101995,58.4,Medium Risk (Warning),16,63.0,33.3,2364,6,1,14.6,0,4.0
CUST-101996,5.0,High Risk (Critical),3,32.5,7.9,106,11,2,53.6,1,1.0
CUST-101997,46.4,Medium Risk (Warning),12,31.3,17.6,10,3,0,0.0,0,3.5
CUST-101998,5.0,High Risk (Critical),3,24.5,16.0,13,43,3,62.7,1,1.0
CUST-101999,7.0,High Risk (Critical),12,13.4,8.0,27,4,4,50.4,1,2.0
CUST-102000,91.5,Low Risk (Healthy),29,94.3,29.6,17,34,1,12.0,0,5.0
CUST-102001,5.0,High Risk (Critical),5,17.4,16.7,92,42,3,69.6,0,2.0
CUST-102002,65.6,Medium Risk (Warning),19,64.2,59.1,52,5,0,0.0,0,3.5
CUST-102003,7.7,High Risk (Critical),5,13.8,5.8,76,35,3,25.2,0,2.0
CUST-102004,67.7,Medium Risk (Warning),17,85.5,36.0,62,1,1,5.1,0,4.0
CUST-102005,6.5,High Risk (Critical),1,23.6,9.3,25,30,1,31.1,0,1.0
CUST-102006,7.1,High Risk (Critical),8,11.5,12.4,130,33,6,36.3,1,3.0
CUST-102007,67.7,Medium Risk (Warning),19,58.6,78.9,42,38,1,9.6,0,5.0
CUST-102008,24.5,High Risk (Critical),11,14.2,12.4,67,16,1,67.8,0,3.0
CUST-102009,14.8,High Risk (Critical),11,39.0,14.1,37,36,1,28.8,1,1.0
CUST-102010,52.6,Medium Risk (Warning),15,58.8,38.6,147,21,2,8.2,0,4.0
CUST-102011,22.4,High Risk (Critical),12,41.4,6.1,93,16,4,16.1,0,2.0
CUST-102012,10.4,High Risk (Critical),11,28.0,6.4,22,36,1,37.1,1,1.0
CUST-102013,39.4,High Risk (Critical),11,12.5,5.7,75,42,0,0.0,0,3.5
CUST-102014,70.3,Low Risk (Healthy),24,50.3,53.1,3292,16,1,22.1,0,5.0
CUST-102015,7.6,High Risk (Critical),9,20.8,17.1,63,13,2,37.1,1,2.0
CUST-102016,29.0,High Risk (Critical),13,26.6,11.2,95,34,2,50.4,0,3.0
CUST-102017,5.0,High Risk (Critical),6,17.0,19.5,143,40,1,63.8,1,1.0
CUST-102018,23.9,High Risk (Critical),12,37.1,17.1,145,40,1,58.1,1,3.0
CUST-102019,65.4,Medium Risk (Warning),17,94.2,36.8,89,20,2,12.3,0,4.0
CUST-102020,19.6,High Risk (Critical),13,31.0,15.3,110,28,4,34.3,1,3.0
CUST-102021,43.8,High Risk (Critical),11,27.2,19.6,115,36,0,0.0,0,3.5
CUST-102022,80.8,Low Risk (Healthy),29,57.3,57.0,5,24,1,8.8,0,5.0
CUST-102023,19.3,High Risk (Critical),7,18.4,15.4,127,29,1,28.4,0,2.0
CUST-102024,61.3,Medium Risk (Warning),21,52.0,66.5,5320,1,1,18.2,0,4.0
CUST-102025,48.5,Medium Risk (Warning),14,29.5,5.5,41,41,0,0.0,0,3.5
CUST-102026,62.9,Medium Risk (Warning),18,59.6,43.7,73,28,0,0.0,0,3.5
CUST-102027,15.2,High Risk (Critical),11,24.2,16.0,111,32,3,53.9,0,2.0
CUST-102028,55.1,Medium Risk (Warning),19,65.2,69.1,56,13,2,22.7,0,3.5
CUST-102029,30.1,High Risk (Critical),10,42.8,7.0,128,28,1,32.7,0,2.0
CUST-102030,83.7,Low Risk (Healthy),29,89.2,93.6,128,17,1,13.9,0,4.0
CUST-102031,10.8,High Risk (Critical),3,27.6,13.5,124,29,3,12.0,0,2.0
CUST-102032,5.0,High Risk (Critical),2,18.5,13.5,48,34,3,57.3,1,3.0
CUST-102033,58.3,Medium Risk (Warning),15,62.7,49.7,39,14,1,3.9,0,4.0
CUST-102034,69.0,Medium Risk (Warning),18,84.3,41.5,2365,34,2,18.4,0,5.0
CUST-102035,11.0,High Risk (Critical),5,16.0,12.9,53,1,1,67.8,0,2.0
CUST-102036,6.2,High Risk (Critical),10,19.7,20.7,90,33,6,64.7,0,2.0
CUST-102037,26.4,High Risk (Critical),12,42.2,14.9,114,34,2,18.0,1,3.0
CUST-102038,39.7,High Risk (Critical),9,22.4,13.9,16,2,0,0.0,0,3.5
CUST-102039,75.1,Low Risk (Healthy),21,79.4,52.8,20,20,1,21.9,0,5.0
CUST-102040,34.4,High Risk (Critical),2,35.9,10.4,138,24,0,0.0,0,3.5
CUST-102041,59.5,Medium Risk (Warning),22,61.0,99.4,3578,13,2,9.3,0,3.5
CUST-102042,77.6,Low Risk (Healthy),24,88.3,35.3,1870,5,1,7.4,0,4.0
CUST-102043,73.7,Low Risk (Healthy),17,86.8,104.0,7072,18,1,8.1,0,5.0
CUST-102044,5.0,High Risk (Critical),9,20.6,19.0,3,15,1,56.7,1,1.0
CUST-102045,66.4,Medium Risk (Warning),21,58.2,99.3,6,43,2,8.1,0,5.0
CUST-102046,71.8,Low Risk (Healthy),20,80.4,52.2,3236,29,0,0.0,0,3.5
CUST-102047,57.9,Medium Risk (Warning),19,54.8,50.8,914,22,1,6.7,0,3.5
CUST-102048,18.1,High Risk (Critical),7,38.9,12.4,39,11,2,23.1,1,3.0
CUST-102049,18.0,High Risk (Critical),6,25.6,7.1,145,26,1,45.5,0,2.0
CUST-102050,25.6,High Risk (Critical),10,35.1,21.1,100,38,2,66.1,0,3.0
CUST-102051,21.7,High Risk (Critical),11,36.7,10.2,139,17,3,31.7,0,2.0
CUST-102052,72.4,Low Risk (Healthy),27,70.9,94.0,30,23,1,15.2,0,3.5
CUST-102053,61.8,Medium Risk (Warning),20,51.5,68.2,134,17,1,2.6,0,4.0
CUST-102054,5.0,High Risk (Critical),2,14.3,8.3,38,5,4,69.1,0,1.0
CUST-102055,23.5,High Risk (Critical),5,21.1,11.9,150,43,1,28.2,0,3.0
CUST-102056,69.0,Medium Risk (Warning),22,62.1,49.3,15,10,0,0.0,0,3.5
CUST-102057,78.3,Low Risk (Healthy),29,62.0,106.6,131,27,0,0.0,0,3.5
CUST-102058,73.1,Low Risk (Healthy),20,84.9,101.2,6375,30,0,0.0,0,3.5
CUST-102059,17.7,High Risk (Critical),8,40.0,8.6,71,23,2,39.9,1,3.0
CUST-102060,71.1,Low Risk (Healthy),17,91.6,97.1,141,32,0,0.0,0,3.5
CUST-102061,14.4,High Risk (Critical),12,18.1,4.7,132,7,2,56.6,1,3.0
CUST-102062,6.5,High Risk (Critical),11,31.9,16.2,146,37,3,13.6,1,1.0
CUST-102063,26.7,High Risk (Critical),12,33.9,21.3,26,42,1,59.8,0,2.0
CUST-102064,17.7,High Risk (Critical),4,33.5,19.5,65,9,2,13.1,0,2.0
CUST-102065,78.8,Low Risk (Healthy),27,72.7,66.0,22,8,0,0.0,0,3.5
CUST-102066,63.6,Medium Risk (Warning),15,68.2,100.8,5644,9,1,22.5,0,5.0
CUST-102067,72.9,Low Risk (Healthy),19,73.2,71.9,1150,45,1,3.1,0,5.0
CUST-102068,6.2,High Risk (Critical),6,10.5,6.5,32,11,3,39.2,0,2.0
CUST-102069,22.7,High Risk (Critical),6,32.4,9.0,10,10,1,23.9,0,2.0
CUST-102070,5.0,High Risk (Critical),3,24.4,21.5,134,7,5,63.7,0,1.0
CUST-102071,20.8,High Risk (Critical),10,41.8,4.2,18,7,1,56.8,0,1.0
CUST-102072,74.8,Low Risk (Healthy),27,68.6,78.1,1171,38,1,14.0,0,4.0
CUST-102073,34.7,High Risk (Critical),6,19.1,15.1,6,31,0,0.0,0,3.5
CUST-102074,17.3,High Risk (Critical),2,21.6,19.8,149,31,1,47.0,0,3.0
CUST-102075,59.5,Medium Risk (Warning),15,76.2,64.3,2636,8,1,2.5,0,3.5
CUST-102076,13.9,High Risk (Critical),2,41.2,18.4,108,44,2,41.3,0,2.0
CUST-102077,78.8,Low Risk (Healthy),24,85.9,53.9,20,0,0,0.0,0,3.5
CUST-102078,28.3,High Risk (Critical),9,20.5,18.7,80,19,1,31.1,0,3.0
CUST-102079,66.9,Medium Risk (Warning),24,66.0,43.6,73,2,1,15.1,0,3.5
CUST-102080,38.7,High Risk (Critical),8,23.5,20.9,36,37,0,0.0,0,3.5
CUST-102081,70.6,Low Risk (Healthy),23,50.9,35.8,143,0,1,10.7,0,5.0
CUST-102082,39.5,High Risk (Critical),5,39.3,10.5,124,8,0,0.0,0,3.5
CUST-102083,56.0,Medium Risk (Warning),19,53.5,70.0,2590,11,1,19.2,0,3.5
CUST-102084,66.7,Medium Risk (Warning),17,68.9,79.8,3351,16,1,21.3,0,5.0
CUST-102085,14.8,High Risk (Critical),14,19.9,7.3,119,42,1,63.0,1,2.0
CUST-102086,6.7,High Risk (Critical),6,39.0,16.6,89,11,3,23.8,1,2.0
CUST-102087,74.6,Low Risk (Healthy),26,63.0,101.8,7227,36,0,0.0,0,3.5
CUST-102088,69.2,Medium Risk (Warning),20,71.8,49.3,50,33,0,0.0,0,3.5
CUST-102089,85.9,Low Risk (Healthy),26,93.2,100.5,147,1,1,21.5,0,5.0
CUST-102090,47.6,Medium Risk (Warning),12,35.2,12.6,106,10,0,0.0,0,3.5
CUST-102091,69.4,Medium Risk (Warning),20,72.4,56.1,34,4,0,0.0,0,3.5
CUST-102092,5.0,High Risk (Critical),7,19.8,12.4,15,44,2,70.2,1,1.0
CUST-102093,71.9,Low Risk (Healthy),17,79.3,54.3,70,7,1,4.8,0,5.0
CUST-102094,15.3,High Risk (Critical),8,30.1,15.7,4,44,1,18.9,1,2.0
CUST-102095,59.1,Medium Risk (Warning),15,60.5,58.0,64,38,0,0.0,0,3.5
CUST-102096,59.0,Medium Risk (Warning),16,55.5,93.3,66,28,0,0.0,0,3.5
CUST-102097,57.8,Medium Risk (Warning),16,60.0,43.2,1771,21,1,12.6,0,4.0
CUST-102098,20.3,High Risk (Critical),13,34.1,17.6,68,32,2,41.9,0,1.0
CUST-102099,7.2,High Risk (Critical),1,39.0,16.1,90,11,2,47.0,1,3.0
CUST-102100,65.6,Medium Risk (Warning),20,67.0,101.8,126,41,1,9.0,0,4.0
CUST-102101,8.7,High Risk (Critical),14,10.1,12.7,149,4,3,28.5,1,2.0
CUST-102102,36.0,High Risk (Critical),9,10.0,17.9,92,3,0,0.0,0,3.5
CUST-102103,32.1,High Risk (Critical),5,14.7,16.0,137,36,0,0.0,0,3.5
CUST-102104,76.7,Low Risk (Healthy),19,88.2,50.7,3042,27,1,8.5,0,5.0
CUST-102105,5.0,High Risk (Critical),14,15.3,20.8,46,22,3,66.5,1,1.0
CUST-102106,76.2,Low Risk (Healthy),24,61.8,88.6,136,39,1,2.7,0,5.0
CUST-102107,51.1,Medium Risk (Warning),14,38.0,11.6,99,17,0,0.0,0,3.5
CUST-102108,74.6,Low Risk (Healthy),21,85.2,81.4,51,23,0,0.0,0,3.5
CUST-102109,37.1,High Risk (Critical),6,26.9,5.8,124,0,0,0.0,0,3.5
CUST-102110,9.4,High Risk (Critical),3,32.6,8.1,9,4,1,51.4,0,1.0
CUST-102111,68.0,Medium Risk (Warning),16,91.6,61.5,83,12,2,22.2,0,5.0
CUST-102112,28.9,High Risk (Critical),10,28.5,4.4,85,14,2,23.6,0,3.0
CUST-102113,13.2,High Risk (Critical),8,35.7,8.6,86,0,1,49.5,1,2.0
CUST-102114,8.6,High Risk (Critical),2,26.7,13.0,131,12,1,32.7,0,1.0
CUST-102115,5.0,High Risk (Critical),13,14.7,16.9,42,6,4,63.1,0,1.0
CUST-102116,65.2,Medium Risk (Warning),18,82.5,53.5,4226,35,1,4.5,0,3.5
CUST-102117,63.5,Medium Risk (Warning),17,77.8,48.2,1879,20,1,20.1,0,4.0
CUST-102118,63.2,Medium Risk (Warning),24,72.3,56.6,4358,30,3,19.8,0,4.0
CUST-102119,10.0,High Risk (Critical),1,31.4,15.2,120,2,1,21.7,0,1.0
CUST-102120,7.0,High Risk (Critical),4,33.1,16.0,31,21,3,18.4,0,1.0
CUST-102121,19.5,High Risk (Critical),14,16.6,10.4,52,32,1,65.3,1,3.0
CUST-102122,5.0,High Risk (Critical),1,10.7,6.0,3,0,1,51.4,0,1.0
CUST-102123,19.0,High Risk (Critical),3,19.6,17.8,42,42,1,39.2,0,3.0
CUST-102124,19.6,High Risk (Critical),2,24.0,8.3,4,40,1,34.0,0,3.0
CUST-102125,32.1,High Risk (Critical),14,12.4,6.9,86,41,1,34.1,0,3.0
CUST-102126,70.7,Low Risk (Healthy),25,54.9,52.4,2096,24,2,9.0,0,5.0
CUST-102127,5.0,High Risk (Critical),4,24.1,10.1,60,36,1,63.1,1,1.0
CUST-102128,75.2,Low Risk (Healthy),28,56.1,56.4,733,3,0,0.0,0,3.5
CUST-102129,6.1,High Risk (Critical),11,21.9,12.7,37,36,2,25.3,1,1.0
CUST-102130,76.7,Low Risk (Healthy),23,83.3,77.3,100,12,0,0.0,0,3.5
CUST-102131,28.2,High Risk (Critical),2,15.0,8.7,24,40,0,0.0,0,3.5
CUST-102132,57.8,Medium Risk (Warning),15,55.9,31.2,72,37,0,0.0,0,3.5
CUST-102133,31.6,High Risk (Critical),5,13.2,11.9,72,3,0,0.0,0,3.5
CUST-102134,28.1,High Risk (Critical),5,37.6,17.1,43,1,1,30.6,0,3.0
CUST-102135,35.5,High Risk (Critical),4,30.5,19.7,49,34,0,0.0,0,3.5
CUST-102136,38.7,High Risk (Critical),4,41.2,20.4,89,2,0,0.0,0,3.5
CUST-102137,68.2,Medium Risk (Warning),21,64.0,95.0,2090,12,0,0.0,0,3.5
CUST-102138,5.0,High Risk (Critical),2,11.9,21.3,134,16,4,25.6,1,1.0
CUST-102139,28.8,High Risk (Critical),13,44.6,16.5,129,18,3,63.1,0,3.0
CUST-102140,5.0,High Risk (Critical),3,43.3,19.8,62,7,3,59.9,1,2.0
CUST-102141,26.3,High Risk (Critical),12,19.8,11.3,53,43,2,44.8,0,3.0
CUST-102142,65.8,Medium Risk (Warning),19,64.0,96.8,56,7,2,5.5,0,5.0
CUST-102143,12.8,High Risk (Critical),5,18.1,8.1,79,28,1,26.4,1,3.0
CUST-102144,58.2,Medium Risk (Warning),15,50.4,98.5,3053,18,1,23.5,0,5.0
CUST-102145,66.5,Medium Risk (Warning),18,80.0,90.1,35,7,1,12.0,0,4.0
CUST-102146,77.0,Low Risk (Healthy),22,89.0,99.6,142,41,0,0.0,0,3.5
CUST-102147,75.4,Low Risk (Healthy),29,56.3,52.9,2962,20,2,17.1,0,5.0
CUST-102148,16.1,High Risk (Critical),4,10.1,13.3,133,14,1,49.8,0,3.0
CUST-102149,72.4,Low Risk (Healthy),24,64.6,40.1,3047,30,0,0.0,0,3.5
CUST-102150,78.3,Low Risk (Healthy),27,70.9,106.1,2864,41,0,0.0,0,3.5
CUST-102151,75.2,Low Risk (Healthy),28,56.2,71.7,109,12,0,0.0,0,3.5
CUST-102152,72.1,Low Risk (Healthy),20,81.6,76.5,142,21,0,0.0,0,3.5
CUST-102153,79.8,Low Risk (Healthy),28,71.6,71.4,2213,27,0,0.0,0,3.5
CUST-102154,76.3,Low Risk (Healthy),23,82.2,77.4,25,37,0,0.0,0,3.5
CUST-102155,83.0,Low Risk (Healthy),25,84.1,31.5,49,7,1,12.3,0,5.0
CUST-102156,15.8,High Risk (Critical),6,18.6,9.5,148,41,1,14.6,1,3.0
CUST-102157,76.3,Low Risk (Healthy),28,65.3,39.2,135,6,2,21.3,0,5.0
CUST-102158,75.2,Low Risk (Healthy),25,93.5,54.1,128,3,2,17.6,0,4.0
CUST-102159,5.0,High Risk (Critical),2,13.4,12.0,12,12,3,61.4,0,3.0
CUST-102160,13.8,High Risk (Critical),7,39.7,14.8,95,45,2,43.3,0,1.0
CUST-102161,83.6,Low Risk (Healthy),29,66.3,26.1,1748,9,1,7.8,0,5.0
CUST-102162,7.7,High Risk (Critical),3,35.7,17.6,135,17,4,31.6,1,3.0
CUST-102163,34.8,High Risk (Critical),7,14.9,20.2,61,30,0,0.0,0,3.5
CUST-102164,15.4,High Risk (Critical),4,13.3,18.5,51,28,1,15.4,0,2.0
CUST-102165,77.1,Low Risk (Healthy),21,93.8,75.8,4244,5,0,0.0,0,3.5
CUST-102166,9.2,High Risk (Critical),2,40.7,8.4,61,30,2,45.1,1,3.0
CUST-102167,67.6,Medium Risk (Warning),17,89.6,67.3,32,33,1,15.2,0,4.0
CUST-102168,5.0,High Risk (Critical),2,20.8,16.3,130,0,6,13.2,0,3.0
CUST-102169,15.4,High Risk (Critical),6,17.8,8.6,57,8,3,31.6,0,3.0
CUST-102170,82.2,Low Risk (Healthy),26,88.4,107.3,7296,44,0,0.0,0,3.5
CUST-102171,7.6,High Risk (Critical),3,42.7,9.4,57,20,2,57.9,0,1.0
CUST-102172,74.3,Low Risk (Healthy),25,66.5,33.7,112,13,0,0.0,0,3.5
CUST-102173,80.3,Low Risk (Healthy),28,90.8,106.8,113,40,1,10.4,0,3.5
CUST-102174,26.4,High Risk (Critical),14,26.4,20.0,65,33,1,17.2,0,1.0
CUST-102175,50.4,Medium Risk (Warning),14,35.8,12.6,85,26,0,0.0,0,3.5
CUST-102176,76.6,Low Risk (Healthy),25,78.1,52.2,2766,11,2,17.3,0,5.0
CUST-102177,68.0,Medium Risk (Warning),21,86.4,88.8,4617,29,2,15.2,0,4.0
CUST-102178,7.0,High Risk (Critical),7,15.4,14.5,74,32,3,33.6,1,3.0
CUST-102179,68.2,Medium Risk (Warning),16,91.1,61.8,618,2,1,3.6,0,4.0
CUST-102180,47.2,Medium Risk (Warning),14,25.0,7.8,72,17,0,0.0,0,3.5
CUST-102181,66.3,Medium Risk (Warning),26,58.0,61.1,42,21,2,13.9,0,4.0
CUST-102182,39.3,High Risk (Critical),10,16.5,18.4,28,45,0,0.0,0,3.5
CUST-102183,74.4,Low Risk (Healthy),27,57.9,56.8,143,13,0,0.0,0,3.5
CUST-102184,68.4,Medium Risk (Warning),18,77.9,67.7,134,26,0,0.0,0,3.5
CUST-102185,77.2,Low Risk (Healthy),25,64.8,26.5,344,10,1,12.5,0,5.0
CUST-102186,5.0,High Risk (Critical),2,19.1,17.2,82,18,2,30.3,1,1.0
CUST-102187,72.2,Low Risk (Healthy),26,55.0,78.5,1805,23,0,0.0,0,3.5
CUST-102188,20.2,High Risk (Critical),13,37.7,17.4,42,28,4,35.5,0,2.0
CUST-102189,11.6,High Risk (Critical),5,30.6,13.4,141,39,1,18.2,1,2.0
CUST-102190,37.1,High Risk (Critical),4,35.8,20.5,8,0,0,0.0,0,3.5
CUST-102191,6.1,High Risk (Critical),3,30.3,14.5,52,18,4,39.6,1,3.0
CUST-102192,53.3,Medium Risk (Warning),16,71.1,56.5,2768,2,3,11.1,0,4.0
CUST-102193,7.4,High Risk (Critical),10,23.5,7.6,9,0,4,63.8,1,2.0
CUST-102194,5.0,High Risk (Critical),1,11.0,5.2,143,41,2,58.5,1,2.0
CUST-102195,82.9,Low Risk (Healthy),29,77.4,103.2,5572,19,0,0.0,0,3.5
CUST-102196,75.8,Low Risk (Healthy),27,67.9,59.8,4724,36,1,4.2,0,4.0
CUST-102197,75.4,Low Risk (Healthy),21,77.0,105.4,12,15,1,13.4,0,5.0
CUST-102198,61.5,Medium Risk (Warning),15,68.3,81.3,3252,36,0,0.0,0,3.5
CUST-102199,78.2,Low Risk (Healthy),24,83.9,47.1,132,30,0,0.0,0,3.5
CUST-102200,63.6,Medium Risk (Warning),20,53.1,84.3,2529,2,0,0.0,0,3.5
CUST-102201,25.3,High Risk (Critical),11,36.5,7.4,118,4,2,34.7,0,2.0
CUST-102202,27.5,High Risk (Critical),12,40.0,4.6,98,5,1,35.9,1,3.0
CUST-102203,5.0,High Risk (Critical),11,28.1,6.3,90,38,4,19.9,1,1.0
CUST-102204,65.2,Medium Risk (Warning),21,53.9,33.6,2217,44,0,0.0,0,3.5
CUST-102205,67.2,Medium Risk (Warning),20,65.0,34.5,4,7,0,0.0,0,3.5
CUST-102206,66.7,Medium Risk (Warning),18,72.2,102.4,49,9,0,0.0,0,3.5
CUST-102207,78.4,Low Risk (Healthy),20,90.8,86.1,4218,2,1,11.8,0,5.0
CUST-102208,69.7,Medium Risk (Warning),21,69.0,46.6,145,0,0,0.0,0,3.5
CUST-102209,16.3,High Risk (Critical),7,24.7,17.5,31,38,1,19.6,0,1.0
CUST-102210,59.2,Medium Risk (Warning),17,60.8,53.3,24,39,1,13.6,0,4.0
CUST-102211,16.7,High Risk (Critical),10,12.2,10.0,133,7,1,18.7,0,1.0
CUST-102212,5.0,High Risk (Critical),4,15.3,20.6,72,22,5,64.0,1,1.0
CUST-102213,34.7,High Risk (Critical),9,36.7,7.0,87,8,1,18.5,0,3.0
CUST-102214,8.0,High Risk (Critical),3,44.3,15.0,132,12,3,26.3,0,1.0
CUST-102215,67.2,Medium Risk (Warning),23,63.3,66.9,12,36,3,4.0,0,5.0
CUST-102216,65.0,Medium Risk (Warning),21,53.4,65.6,4657,39,0,0.0,0,3.5
CUST-102217,74.2,Low Risk (Healthy),21,74.7,62.5,90,34,1,17.8,0,5.0
CUST-102218,67.0,Medium Risk (Warning),15,77.5,92.9,7060,13,1,18.3,0,5.0
CUST-102219,11.9,High Risk (Critical),13,22.6,17.5,28,3,1,33.5,1,1.0
CUST-102220,25.2,High Risk (Critical),12,42.9,12.0,69,12,2,61.1,0,2.0
CUST-102221,5.0,High Risk (Critical),1,10.7,7.2,83,5,4,32.3,1,1.0
CUST-102222,6.8,High Risk (Critical),3,10.2,14.4,100,38,1,65.7,0,2.0
CUST-102223,72.4,Low Risk (Healthy),26,55.9,58.6,3105,33,0,0.0,0,3.5
CUST-102224,5.0,High Risk (Critical),3,19.7,16.5,22,18,5,44.2,1,1.0
CUST-102225,10.6,High Risk (Critical),14,11.6,8.4,116,34,1,28.5,1,1.0
CUST-102226,19.9,High Risk (Critical),13,30.5,18.8,11,15,1,68.3,0,1.0
CUST-102227,13.3,High Risk (Critical),13,25.8,10.7,119,5,4,14.2,0,1.0
CUST-102228,31.3,High Risk (Critical),12,16.2,6.2,62,6,1,28.8,0,3.0
CUST-102229,18.0,High Risk (Critical),12,41.8,12.0,143,28,3,36.1,0,1.0
CUST-102230,18.8,High Risk (Critical),14,23.8,8.5,141,31,3,65.9,1,3.0
CUST-102231,38.7,High Risk (Critical),7,28.0,6.8,62,15,0,0.0,0,3.5
CUST-102232,82.1,Low Risk (Healthy),29,74.7,68.6,5076,29,0,0.0,0,3.5
CUST-102233,5.0,High Risk (Critical),5,19.7,13.4,80,37,4,68.7,1,2.0
CUST-102234,25.4,High Risk (Critical),7,33.3,16.2,94,26,2,31.2,0,3.0
CUST-102235,79.0,Low Risk (Healthy),29,75.5,27.4,111,41,1,18.6,0,4.0
CUST-102236,30.8,High Risk (Critical),5,41.3,13.9,69,10,1,18.0,0,3.0
CUST-102237,11.9,High Risk (Critical),6,13.0,15.3,21,24,2,31.9,0,2.0
CUST-102238,89.3,Low Risk (Healthy),28,89.0,45.0,86,5,1,5.6,0,5.0
CUST-102239,20.0,High Risk (Critical),10,22.7,17.8,46,40,1,33.0,1,3.0
CUST-102240,24.4,High Risk (Critical),12,37.6,10.0,100,26,3,71.2,0,3.0
CUST-102241,24.1,High Risk (Critical),13,40.2,12.6,76,11,3,42.2,0,2.0
CUST-102242,79.8,Low Risk (Healthy),26,80.6,68.4,2530,30,0,0.0,0,3.5
CUST-102243,17.9,High Risk (Critical),14,27.8,6.8,130,11,1,56.7,1,2.0
CUST-102244,71.5,Low Risk (Healthy),16,84.8,42.7,112,35,1,10.1,0,5.0
CUST-102245,5.0,High Risk (Critical),2,32.5,20.3,89,10,1,55.1,1,2.0
CUST-102246,32.3,High Risk (Critical),6,11.0,12.4,43,37,0,0.0,0,3.5
CUST-102247,49.2,Medium Risk (Warning),14,31.8,5.7,24,33,0,0.0,0,3.5
CUST-102248,5.0,High Risk (Critical),7,22.3,14.0,28,16,5,71.0,1,2.0
CUST-102249,11.2,High Risk (Critical),2,43.7,12.8,93,19,3,36.7,0,2.0
CUST-102250,5.0,High Risk (Critical),10,25.8,11.4,59,19,2,36.6,1,1.0
CUST-102251,31.3,High Risk (Critical),12,37.0,14.2,49,33,2,46.3,0,3.0
CUST-102252,9.5,High Risk (Critical),3,33.1,18.2,38,32,1,51.3,0,1.0
CUST-102253,24.2,High Risk (Critical),14,38.7,7.6,6,41,2,32.9,0,1.0
CUST-102254,48.0,Medium Risk (Warning),14,27.9,11.3,26,38,0,0.0,0,3.5
CUST-102255,5.0,High Risk (Critical),7,24.2,5.8,63,18,1,40.5,1,1.0
CUST-102256,5.0,High Risk (Critical),1,44.5,18.4,48,0,3,40.1,1,1.0
CUST-102257,75.3,Low Risk (Healthy),27,61.1,87.9,19,24,0,0.0,0,3.5
CUST-102258,37.4,High Risk (Critical),10,10.3,14.1,143,39,0,0.0,0,3.5
CUST-102259,32.6,High Risk (Critical),3,25.3,5.1,63,32,0,0.0,0,3.5
CUST-102260,5.0,High Risk (Critical),7,15.6,15.5,113,22,2,20.9,1,1.0
CUST-102261,60.1,Medium Risk (Warning),18,71.3,42.7,1708,19,1,18.7,0,3.5
CUST-102262,16.9,High Risk (Critical),14,37.4,20.4,144,20,4,71.7,0,2.0
CUST-102263,6.5,High Risk (Critical),9,17.2,16.2,30,7,5,21.3,0,2.0
CUST-102264,19.7,High Risk (Critical),9,22.1,6.2,128,37,2,71.8,0,3.0
CUST-102265,43.9,High Risk (Critical),9,36.3,5.4,65,2,0,0.0,0,3.5
CUST-102266,60.9,Medium Risk (Warning),17,75.5,72.0,125,42,2,3.4,0,4.0
CUST-102267,81.2,Low Risk (Healthy),25,89.5,93.7,51,36,0,0.0,0,3.5
CUST-102268,79.4,Low Risk (Healthy),28,70.1,48.8,18,37,0,0.0,0,3.5
CUST-102269,83.4,Low Risk (Healthy),26,85.1,40.3,63,31,1,22.0,0,5.0
CUST-102270,41.1,High Risk (Critical),7,35.9,5.8,104,25,0,0.0,0,3.5
CUST-102271,69.0,Medium Risk (Warning),26,60.6,61.8,58,45,1,6.6,0,3.5
CUST-102272,5.0,High Risk (Critical),2,28.3,9.1,150,21,2,35.4,0,1.0
CUST-102273,26.0,High Risk (Critical),11,40.4,20.6,77,6,1,22.2,0,1.0
CUST-102274,78.7,Low Risk (Healthy),23,90.0,47.8,2915,41,0,0.0,0,3.5
CUST-102275,71.9,Low Risk (Healthy),25,58.6,72.6,1452,30,0,0.0,0,3.5
CUST-102276,5.0,High Risk (Critical),1,21.1,16.3,37,39,2,67.3,0,1.0
CUST-102277,71.3,Low Risk (Healthy),21,79.2,60.2,7,39,2,19.5,0,5.0
CUST-102278,71.4,Low Risk (Healthy),22,70.2,34.7,110,36,0,0.0,0,3.5
CUST-102279,63.8,Medium Risk (Warning),16,64.5,82.1,5008,8,1,23.0,0,5.0
CUST-102280,82.2,Low Risk (Healthy),25,92.8,66.3,2585,19,0,0.0,0,3.5
CUST-102281,10.1,High Risk (Critical),10,12.1,10.4,27,42,1,39.2,1,2.0
CUST-102282,49.4,Medium Risk (Warning),14,32.4,5.7,110,1,0,0.0,0,3.5
CUST-102283,5.0,High Risk (Critical),6,11.1,9.6,40,22,3,36.4,1,3.0
CUST-102284,5.0,High Risk (Critical),3,13.8,12.1,107,16,3,69.8,1,1.0
CUST-102285,5.0,High Risk (Critical),6,17.3,9.0,127,33,4,43.4,1,2.0
CUST-102286,5.0,High Risk (Critical),1,31.2,11.1,58,45,2,38.7,1,1.0
CUST-102287,70.7,Low Risk (Healthy),19,81.2,40.6,1664,8,0,0.0,0,3.5
CUST-102288,17.4,High Risk (Critical),9,36.3,21.3,93,2,4,12.1,0,2.0
CUST-102289,64.7,Medium Risk (Warning),21,52.2,28.5,57,40,0,0.0,0,3.5
CUST-102290,22.4,High Risk (Critical),5,32.3,6.5,143,44,1,64.0,0,3.0
CUST-102291,24.4,High Risk (Critical),12,20.3,21.1,92,25,1,13.2,1,3.0
CUST-102292,8.2,High Risk (Critical),1,29.3,6.9,98,12,2,15.0,1,3.0
CUST-102293,5.0,High Risk (Critical),3,24.7,9.7,34,21,1,42.8,1,1.0
CUST-102294,8.9,High Risk (Critical),4,32.1,20.4,33,13,1,64.6,0,1.0
CUST-102295,5.0,High Risk (Critical),1,10.1,16.4,10,36,5,21.4,1,1.0
CUST-102296,16.9,High Risk (Critical),4,40.4,10.9,82,6,2,36.8,0,2.0
CUST-102297,59.1,Medium Risk (Warning),21,53.7,47.7,572,40,2,8.0,0,4.0
CUST-102298,66.7,Medium Risk (Warning),16,81.3,71.6,108,13,0,0.0,0,3.5
CUST-102299,72.7,Low Risk (Healthy),23,70.0,73.8,5608,38,0,0.0,0,3.5
CUST-102300,34.3,High Risk (Critical),13,21.9,7.3,38,44,1,28.6,0,3.0
CUST-102301,9.3,High Risk (Critical),10,14.2,9.6,92,24,3,18.1,0,1.0
CUST-102302,80.7,Low Risk (Healthy),25,73.9,96.9,96,41,1,6.7,0,5.0
CUST-102303,22.7,High Risk (Critical),14,26.5,15.8,25,14,3,31.5,0,2.0
CUST-102304,57.4,Medium Risk (Warning),19,60.4,77.0,4312,11,2,16.1,0,4.0
CUST-102305,79.3,Low Risk (Healthy),25,83.3,93.2,122,28,0,0.0,0,3.5
CUST-102306,56.2,Medium Risk (Warning),16,52.9,45.9,17,10,1,8.1,0,4.0
CUST-102307,15.2,High Risk (Critical),1,26.5,7.7,2,0,1,64.9,0,3.0
CUST-102308,12.2,High Risk (Critical),7,15.1,20.5,139,21,2,13.3,1,3.0
CUST-102309,20.8,High Risk (Critical),6,23.8,19.3,66,4,2,34.9,0,3.0
CUST-102310,12.5,High Risk (Critical),4,25.1,19.0,24,36,1,35.0,1,3.0
CUST-102311,64.9,Medium Risk (Warning),20,79.4,83.9,111,22,2,12.8,0,4.0
CUST-102312,64.0,Medium Risk (Warning),17,67.7,56.5,118,22,0,0.0,0,3.5
CUST-102313,65.0,Medium Risk (Warning),21,53.3,25.1,1,6,0,0.0,0,3.5
CUST-102314,27.1,High Risk (Critical),8,16.8,18.3,37,39,1,20.6,0,3.0
CUST-102315,66.6,Medium Risk (Warning),20,63.2,42.2,91,44,0,0.0,0,3.5
CUST-102316,38.4,High Risk (Critical),4,40.1,4.7,24,45,0,0.0,0,3.5
CUST-102317,67.8,Medium Risk (Warning),28,51.5,53.3,2665,32,1,16.1,0,3.5
CUST-102318,63.9,Medium Risk (Warning),17,67.5,50.4,4032,16,0,0.0,0,3.5
CUST-102319,13.5,High Risk (Critical),8,32.9,13.5,115,38,3,68.3,1,3.0
CUST-102320,5.0,High Risk (Critical),5,27.6,16.0,64,41,1,53.3,1,1.0
CUST-102321,18.7,High Risk (Critical),9,33.6,20.5,150,29,2,26.8,1,3.0
CUST-102322,5.0,High Risk (Critical),2,20.5,18.5,37,16,4,53.8,1,3.0
CUST-102323,6.3,High Risk (Critical),10,15.9,9.9,93,41,3,46.4,0,1.0
CUST-102324,67.1,Medium Risk (Warning),18,90.4,102.3,8184,38,1,7.9,0,3.5
CUST-102325,5.0,High Risk (Critical),9,33.6,9.9,55,21,3,30.9,1,1.0
CUST-102326,19.3,High Risk (Critical),14,22.6,19.2,143,32,1,65.0,0,1.0
CUST-102327,9.5,High Risk (Critical),8,12.2,8.7,20,37,2,22.9,0,1.0
CUST-102328,71.7,Low Risk (Healthy),25,77.3,35.4,26,18,2,6.7,0,4.0
CUST-102329,35.1,High Risk (Critical),8,11.4,10.2,20,42,0,0.0,0,3.5
CUST-102330,7.2,High Risk (Critical),1,43.0,6.3,11,30,5,49.5,1,3.0
CUST-102331,41.0,High Risk (Critical),8,31.2,16.6,125,36,0,0.0,0,3.5
CUST-102332,25.5,High Risk (Critical),10,41.1,6.9,120,44,1,17.0,0,1.0
CUST-102333,24.9,High Risk (Critical),14,43.5,8.4,116,8,4,22.4,0,2.0
CUST-102334,42.8,High Risk (Critical),8,37.1,13.5,65,38,0,0.0,0,3.5
CUST-102335,15.3,High Risk (Critical),14,12.1,7.1,110,6,2,60.6,1,3.0
CUST-102336,80.4,Low Risk (Healthy),26,82.3,75.6,110,4,0,0.0,0,3.5
CUST-102337,5.0,High Risk (Critical),2,33.6,20.9,146,18,1,46.9,1,2.0
CUST-102338,5.0,High Risk (Critical),3,40.5,4.1,66,3,5,63.2,1,1.0
CUST-102339,16.7,High Risk (Critical),11,12.5,19.3,102,18,2,13.7,1,3.0
CUST-102340,64.7,Medium Risk (Warning),15,79.1,29.0,870,37,0,0.0,0,3.5
CUST-102341,69.6,Medium Risk (Warning),28,51.8,69.1,110,23,1,2.2,0,3.5
CUST-102342,75.4,Low Risk (Healthy),24,58.8,82.6,134,20,1,2.1,0,5.0
CUST-102343,5.4,High Risk (Critical),11,23.5,6.6,0,28,2,34.6,1,1.0
CUST-102344,11.6,High Risk (Critical),6,22.1,8.4,141,2,2,56.3,0,2.0
CUST-102345,5.0,High Risk (Critical),1,11.0,7.9,84,5,2,50.9,0,1.0
CUST-102346,14.8,High Risk (Critical),12,38.7,5.4,32,8,2,54.4,1,2.0
CUST-102347,5.0,High Risk (Critical),12,25.7,4.2,92,41,4,58.0,1,1.0
CUST-102348,25.5,High Risk (Critical),9,12.7,17.5,8,3,1,34.8,0,3.0
CUST-102349,86.3,Low Risk (Healthy),28,85.7,76.3,49,6,1,22.1,0,5.0
CUST-102350,62.2,Medium Risk (Warning),19,64.6,62.1,111,10,1,20.5,0,4.0
CUST-102351,41.7,High Risk (Critical),12,15.7,21.7,123,25,0,0.0,0,3.5
CUST-102352,75.2,Low Risk (Healthy),28,65.1,69.1,2833,11,1,13.7,0,4.0
CUST-102353,14.6,High Risk (Critical),2,33.5,6.1,141,42,2,17.2,0,2.0
CUST-102354,30.9,High Risk (Critical),14,24.1,21.8,21,12,1,24.1,0,2.0
CUST-102355,71.6,Low Risk (Healthy),22,92.7,82.3,2469,5,2,12.3,0,4.0
CUST-102356,5.8,High Risk (Critical),6,26.3,5.6,53,14,2,64.9,0,1.0
CUST-102357,5.0,High Risk (Critical),10,25.8,9.2,49,15,3,19.3,1,1.0
CUST-102358,9.6,High Risk (Critical),6,31.2,11.8,25,26,1,46.0,1,2.0
CUST-102359,71.9,Low Risk (Healthy),22,72.0,82.1,22,0,0,0.0,0,3.5
CUST-102360,70.3,Low Risk (Healthy),18,89.0,39.7,118,18,1,3.5,0,4.0
CUST-102361,81.4,Low Risk (Healthy),26,85.8,75.8,73,27,0,0.0,0,3.5
CUST-102362,67.9,Medium Risk (Warning),19,72.0,100.7,4,26,0,0.0,0,3.5
CUST-102363,9.3,High Risk (Critical),13,18.5,14.3,130,4,4,28.6,0,1.0
CUST-102364,79.6,Low Risk (Healthy),29,71.3,97.3,25,8,2,19.5,0,5.0
CUST-102365,12.8,High Risk (Critical),7,34.2,9.2,16,12,1,38.0,1,2.0
CUST-102366,85.3,Low Risk (Healthy),28,89.8,44.5,52,29,0,0.0,0,3.5
CUST-102367,69.0,Medium Risk (Warning),22,62.2,48.6,2673,22,0,0.0,0,3.5
CUST-102368,29.2,High Risk (Critical),3,14.0,9.6,85,40,0,0.0,0,3.5
CUST-102369,5.0,High Risk (Critical),2,12.1,11.4,34,14,2,28.9,1,2.0
CUST-102370,13.8,High Risk (Critical),2,38.1,4.2,2,25,1,66.0,0,2.0
CUST-102371,71.9,Low Risk (Healthy),15,93.5,105.9,102,23,1,17.0,0,5.0
CUST-102372,89.2,Low Risk (Healthy),28,89.8,94.2,31,40,1,8.7,0,5.0
CUST-102373,36.9,High Risk (Critical),2,44.1,7.0,45,29,0,0.0,0,3.5
CUST-102374,24.6,High Risk (Critical),11,31.8,7.6,0,17,2,29.2,0,2.0
CUST-102375,84.2,Low Risk (Healthy),28,86.2,102.1,66,18,0,0.0,0,3.5
CUST-102376,5.2,High Risk (Critical),14,18.4,5.5,137,13,3,59.9,1,1.0
CUST-102377,18.1,High Risk (Critical),7,43.3,4.6,148,40,2,33.8,1,3.0
CUST-102378,5.0,High Risk (Critical),2,17.7,5.2,34,30,2,19.1,1,1.0
CUST-102379,5.0,High Risk (Critical),10,12.1,20.9,93,25,3,49.1,0,1.0
CUST-102380,42.0,High Risk (Critical),8,34.4,21.4,69,22,0,0.0,0,3.5
CUST-102381,71.0,Low Risk (Healthy),19,82.3,99.0,31,42,0,0.0,0,3.5
CUST-102382,26.3,High Risk (Critical),9,31.9,5.3,140,34,2,41.9,0,3.0
CUST-102383,76.4,Low Risk (Healthy),19,89.9,108.3,6931,42,1,15.2,0,5.0
CUST-102384,14.6,High Risk (Critical),2,40.0,12.6,128,32,1,16.9,0,1.0
CUST-102385,45.2,Medium Risk (Warning),11,31.9,13.1,42,29,0,0.0,0,3.5
CUST-102386,15.7,High Risk (Critical),1,33.7,13.5,109,19,1,29.9,0,2.0
CUST-102387,61.3,Medium Risk (Warning),15,67.7,62.2,119,38,0,0.0,0,3.5
CUST-102388,67.3,Medium Risk (Warning),19,60.5,71.9,102,17,1,17.6,0,5.0
CUST-102389,43.0,High Risk (Critical),13,15.7,18.9,48,0,0,0.0,0,3.5
CUST-102390,56.1,Medium Risk (Warning),15,50.3,53.4,66,33,0,0.0,0,3.5
CUST-102391,13.7,High Risk (Critical),6,37.8,9.4,43,0,1,29.1,1,2.0
CUST-102392,71.7,Low Risk (Healthy),26,53.4,57.4,138,15,0,0.0,0,3.5
CUST-102393,42.0,High Risk (Critical),12,16.5,13.8,22,14,0,0.0,0,3.5
CUST-102394,5.0,High Risk (Critical),3,38.6,13.2,25,38,1,44.9,1,1.0
CUST-102395,62.9,Medium Risk (Warning),19,55.3,91.8,20,7,0,0.0,0,3.5
CUST-102396,83.6,Low Risk (Healthy),23,92.9,104.2,7606,26,1,7.2,0,5.0
CUST-102397,10.7,High Risk (Critical),6,40.3,4.6,76,11,2,27.2,1,2.0
CUST-102398,36.3,High Risk (Critical),7,19.8,9.2,131,40,0,0.0,0,3.5
CUST-102399,5.0,High Risk (Critical),12,14.8,6.7,149,4,2,53.1,1,1.0
CUST-102400,57.2,Medium Risk (Warning),17,56.2,74.2,3413,2,1,18.3,0,4.0
CUST-102401,5.0,High Risk (Critical),4,20.4,7.0,7,19,2,63.0,1,2.0
CUST-102402,69.2,Medium Risk (Warning),19,62.8,30.8,39,32,1,7.7,0,5.0
CUST-102403,14.8,High Risk (Critical),13,29.6,4.4,10,29,1,27.3,1,1.0
CUST-102404,9.4,High Risk (Critical),9,34.5,16.5,88,37,6,12.4,0,2.0
CUST-102405,48.9,Medium Risk (Warning),14,30.7,5.3,145,26,0,0.0,0,3.5
CUST-102406,5.0,High Risk (Critical),4,18.4,12.2,129,11,3,70.0,1,2.0
CUST-102407,30.5,High Risk (Critical),13,19.8,13.6,15,44,2,22.0,0,3.0
CUST-102408,69.9,Medium Risk (Warning),26,63.6,62.2,48,44,1,6.9,0,3.5
CUST-102409,11.3,High Risk (Critical),3,14.1,15.3,12,36,2,55.1,0,3.0
CUST-102410,5.0,High Risk (Critical),6,43.2,5.3,129,27,1,70.5,1,1.0
CUST-102411,70.5,Low Risk (Healthy),21,64.7,64.1,897,41,1,23.3,0,5.0
CUST-102412,21.5,High Risk (Critical),14,20.3,17.3,138,21,2,58.3,0,2.0
CUST-102413,18.4,High Risk (Critical),3,20.0,8.9,4,29,2,13.1,0,3.0
CUST-102414,5.0,High Risk (Critical),3,19.0,21.4,34,35,3,40.2,0,2.0
CUST-102415,15.1,High Risk (Critical),3,36.0,19.5,19,25,1,61.5,0,2.0
CUST-102416,56.5,Medium Risk (Warning),18,50.1,106.4,71,10,1,20.0,0,4.0
CUST-102417,6.7,High Risk (Critical),7,12.3,19.8,145,12,1,66.7,0,1.0
CUST-102418,18.5,High Risk (Critical),7,23.9,6.4,11,13,3,31.8,0,3.0
CUST-102419,5.0,High Risk (Critical),6,17.3,13.0,35,36,2,19.1,1,2.0
CUST-102420,82.7,Low Risk (Healthy),28,86.7,54.5,138,1,2,21.3,0,5.0
CUST-102421,65.1,Medium Risk (Warning),21,73.3,86.5,5622,20,1,14.8,0,3.5
CUST-102422,9.2,High Risk (Critical),4,36.1,21.5,114,27,3,54.0,1,3.0
CUST-102423,5.0,High Risk (Critical),1,15.3,4.1,86,34,2,35.9,0,1.0
CUST-102424,34.1,High Risk (Critical),7,12.6,9.7,0,5,0,0.0,0,3.5
CUST-102425,75.8,Low Risk (Healthy),23,80.6,49.0,490,25,0,0.0,0,3.5
CUST-102426,5.0,High Risk (Critical),3,15.5,7.6,44,20,2,64.0,0,1.0
CUST-102427,17.1,High Risk (Critical),8,38.4,16.7,144,45,1,24.6,1,2.0
CUST-102428,24.9,High Risk (Critical),12,34.2,6.5,143,19,2,42.8,0,2.0
CUST-102429,5.0,High Risk (Critical),6,27.7,6.8,114,25,4,19.8,1,1.0
CUST-102430,76.9,Low Risk (Healthy),22,74.1,76.8,5145,19,1,5.2,0,5.0
CUST-102431,7.6,High Risk (Critical),6,10.6,19.1,105,13,1,61.0,1,3.0
CUST-102432,73.0,Low Risk (Healthy),27,53.3,106.8,4592,45,0,0.0,0,3.5
CUST-102433,67.9,Medium Risk (Warning),23,62.5,64.5,115,13,1,11.8,0,4.0
CUST-102434,19.3,High Risk (Critical),6,39.3,11.2,12,5,3,52.3,0,3.0
CUST-102435,10.6,High Risk (Critical),1,33.3,20.1,18,10,2,37.5,0,2.0
CUST-102436,70.0,Low Risk (Healthy),29,58.4,41.4,2815,40,2,17.3,0,4.0
CUST-102437,75.4,Low Risk (Healthy),21,74.7,93.3,3545,26,1,7.9,0,5.0
CUST-102438,77.2,Low Risk (Healthy),29,76.4,100.2,7114,40,1,11.4,0,3.5
CUST-102439,15.5,High Risk (Critical),8,30.0,20.3,130,33,1,49.4,0,1.0
CUST-102440,14.8,High Risk (Critical),7,21.8,16.1,74,27,1,40.2,1,3.0
CUST-102441,13.3,High Risk (Critical),5,28.9,8.4,38,45,3,64.1,0,3.0
CUST-102442,66.7,Medium Risk (Warning),20,71.6,73.6,1545,40,1,11.3,0,4.0
CUST-102443,20.7,High Risk (Critical),6,17.8,4.0,118,20,2,21.4,0,3.0
CUST-102444,77.9,Low Risk (Healthy),27,94.4,75.9,32,4,2,19.1,0,4.0
CUST-102445,8.5,High Risk (Critical),7,25.2,18.2,126,30,2,19.3,1,2.0
CUST-102446,5.0,High Risk (Critical),4,17.7,9.1,94,9,4,56.8,0,2.0
CUST-102447,24.1,High Risk (Critical),9,10.1,5.1,142,32,1,39.2,0,3.0
CUST-102448,71.6,Low Risk (Healthy),23,66.5,54.9,80,35,0,0.0,0,3.5
CUST-102449,82.1,Low Risk (Healthy),27,91.2,91.6,2931,17,1,10.4,0,4.0
CUST-102450,69.7,Medium Risk (Warning),24,55.8,32.4,13,19,0,0.0,0,3.5
CUST-102451,14.7,High Risk (Critical),12,20.4,4.8,124,36,4,27.5,0,2.0
CUST-102452,32.4,High Risk (Critical),14,24.9,9.3,28,17,2,29.8,0,3.0
CUST-102453,24.2,High Risk (Critical),4,37.0,15.2,82,12,1,49.6,0,3.0
CUST-102454,10.5,High Risk (Critical),7,27.1,9.8,65,7,4,57.1,1,3.0
CUST-102455,44.2,High Risk (Critical),12,24.0,7.6,126,28,0,0.0,0,3.5
CUST-102456,79.3,Low Risk (Healthy),28,78.2,94.6,17,27,1,11.7,0,4.0
CUST-102457,77.9,Low Risk (Healthy),26,71.7,54.7,58,24,2,2.3,0,5.0
CUST-102458,71.9,Low Risk (Healthy),24,62.9,56.0,3528,29,0,0.0,0,3.5
CUST-102459,5.0,High Risk (Critical),1,10.2,9.5,103,18,1,53.1,1,1.0
CUST-102460,5.0,High Risk (Critical),2,10.6,16.9,140,42,2,52.1,1,3.0
CUST-102461,70.0,Low Risk (Healthy),19,78.9,87.2,1744,36,0,0.0,0,3.5
CUST-102462,75.4,Low Risk (Healthy),24,74.8,102.1,19,7,0,0.0,0,3.5
CUST-102463,70.0,Low Risk (Healthy),17,78.9,89.4,116,26,1,18.8,0,5.0
CUST-102464,20.6,High Risk (Critical),3,30.2,11.1,25,16,2,19.4,0,3.0
CUST-102465,5.0,High Risk (Critical),3,15.1,6.7,128,21,1,42.9,1,2.0
CUST-102466,6.9,High Risk (Critical),4,28.5,17.5,19,24,3,26.3,1,3.0
CUST-102467,75.4,Low Risk (Healthy),25,70.3,77.0,2233,38,0,0.0,0,3.5
CUST-102468,9.5,High Risk (Critical),5,28.6,6.4,27,4,1,62.0,0,1.0
CUST-102469,75.3,Low Risk (Healthy),26,65.6,66.7,5336,7,0,0.0,0,3.5
CUST-102470,29.4,High Risk (Critical),13,11.3,16.5,71,0,1,42.9,0,3.0
CUST-102471,12.3,High Risk (Critical),11,24.5,14.6,104,20,2,29.8,1,2.0
CUST-102472,63.3,Medium Risk (Warning),22,77.2,59.7,3880,45,2,17.5,0,3.5
CUST-102473,76.1,Low Risk (Healthy),26,68.0,65.2,113,25,0,0.0,0,3.5
CUST-102474,64.3,Medium Risk (Warning),19,83.2,66.2,1986,33,1,23.9,0,3.5
CUST-102475,5.0,High Risk (Critical),6,40.2,11.5,141,44,3,40.6,1,1.0
CUST-102476,5.0,High Risk (Critical),6,39.8,8.5,85,9,3,18.9,1,1.0
CUST-102477,17.2,High Risk (Critical),8,30.9,8.0,75,32,1,53.6,1,3.0
CUST-102478,21.7,High Risk (Critical),8,34.4,19.9,30,32,1,57.9,0,2.0
CUST-102479,67.5,Medium Risk (Warning),15,88.2,93.5,3740,10,0,0.0,0,3.5
CUST-102480,8.3,High Risk (Critical),2,41.7,8.5,73,1,3,55.0,0,2.0
CUST-102481,9.0,High Risk (Critical),12,12.0,6.3,126,20,4,53.2,0,2.0
CUST-102482,28.3,High Risk (Critical),14,40.4,20.7,24,5,2,51.6,0,2.0
CUST-102483,83.4,Low Risk (Healthy),26,92.4,74.5,101,25,0,0.0,0,3.5
CUST-102484,49.7,Medium Risk (Warning),12,42.4,20.0,71,12,0,0.0,0,3.5
CUST-102485,32.3,High Risk (Critical),3,24.3,13.4,110,1,0,0.0,0,3.5
CUST-102486,20.8,High Risk (Critical),14,11.6,4.0,88,26,4,26.7,0,3.0
CUST-102487,37.5,High Risk (Critical),7,23.9,8.3,2,10,0,0.0,0,3.5
CUST-102488,16.9,High Risk (Critical),8,17.3,19.5,79,25,2,71.6,0,3.0
CUST-102489,30.2,High Risk (Critical),14,23.8,20.4,73,22,2,44.8,0,3.0
CUST-102490,5.0,High Risk (Critical),3,24.9,20.3,145,23,2,50.7,1,1.0
CUST-102491,16.3,High Risk (Critical),8,30.8,19.2,123,27,1,13.2,1,2.0
CUST-102492,40.2,High Risk (Critical),7,33.0,16.7,43,22,0,0.0,0,3.5
CUST-102493,20.2,High Risk (Critical),2,42.5,8.1,67,4,2,41.7,0,3.0
CUST-102494,62.2,Medium Risk (Warning),19,52.8,58.8,48,27,0,0.0,0,3.5
CUST-102495,51.8,Medium Risk (Warning),14,40.5,17.6,98,0,0,0.0,0,3.5
CUST-102496,58.8,Medium Risk (Warning),16,54.9,67.9,24,16,0,0.0,0,3.5
CUST-102497,82.8,Low Risk (Healthy),29,86.8,79.9,2317,27,1,14.9,0,4.0
CUST-102498,17.1,High Risk (Critical),8,30.4,7.0,123,39,1,37.5,0,1.0
CUST-102499,65.2,Medium Risk (Warning),15,80.6,32.0,132,29,0,0.0,0,3.5
CUST-102500,80.2,Low Risk (Healthy),28,85.8,63.3,3291,12,1,23.0,0,4.0
CUST-102501,73.3,Low Risk (Healthy),16,92.4,51.2,90,41,1,13.7,0,5.0
CUST-102502,37.2,High Risk (Critical),5,31.9,10.7,95,31,0,0.0,0,3.5
CUST-102503,43.4,High Risk (Critical),12,21.4,19.9,71,17,0,0.0,0,3.5
CUST-102504,17.0,High Risk (Critical),14,16.5,15.3,114,39,1,68.9,0,1.0
CUST-102505,74.0,Low Risk (Healthy),25,65.6,98.7,66,7,0,0.0,0,3.5
CUST-102506,15.7,High Risk (Critical),10,31.3,14.7,150,21,4,56.1,1,3.0
CUST-102507,85.1,Low Risk (Healthy),29,84.9,50.3,47,43,0,0.0,0,3.5
CUST-102508,80.6,Low Risk (Healthy),27,67.7,31.4,23,11,1,13.5,0,5.0
CUST-102509,61.6,Medium Risk (Warning),17,59.7,108.3,111,27,0,0.0,0,3.5
CUST-102510,8.3,High Risk (Critical),6,42.2,13.2,149,0,3,50.8,0,1.0
CUST-102511,5.0,High Risk (Critical),5,10.2,18.9,31,33,2,56.5,1,2.0
CUST-102512,24.6,High Risk (Critical),14,12.4,5.9,47,4,2,62.5,0,3.0
CUST-102513,68.2,Medium Risk (Warning),16,86.2,35.9,2082,1,0,0.0,0,3.5
CUST-102514,20.3,High Risk (Critical),11,24.1,17.5,35,19,2,44.7,0,2.0
CUST-102515,45.3,Medium Risk (Warning),10,36.7,7.8,53,4,0,0.0,0,3.5
CUST-102516,5.0,High Risk (Critical),4,29.8,7.6,92,45,2,41.7,1,2.0
CUST-102517,83.5,Low Risk (Healthy),26,92.8,97.0,3492,31,0,0.0,0,3.5
CUST-102518,9.2,High Risk (Critical),1,41.3,12.5,97,6,3,36.2,0,2.0
CUST-102519,62.4,Medium Risk (Warning),15,61.1,100.3,6,2,1,15.8,0,5.0
CUST-102520,47.2,Medium Risk (Warning),14,25.1,14.4,71,6,0,0.0,0,3.5
CUST-102521,67.2,Medium Risk (Warning),21,84.9,32.8,109,0,2,18.1,0,4.0
CUST-102522,67.0,Medium Risk (Warning),22,87.0,41.5,954,2,3,3.7,0,4.0
CUST-102523,69.8,Medium Risk (Warning),20,89.6,63.1,3344,32,1,6.0,0,3.5
CUST-102524,14.1,High Risk (Critical),3,35.4,6.9,54,17,1,68.1,0,2.0
CUST-102525,28.8,High Risk (Critical),12,19.4,13.1,15,23,2,23.9,0,3.0
CUST-102526,6.4,High Risk (Critical),5,15.8,13.8,128,34,3,39.7,0,2.0
CUST-102527,80.1,Low Risk (Healthy),29,75.4,93.0,2790,2,1,9.1,0,4.0
CUST-102528,50.9,Medium Risk (Warning),14,37.6,6.8,58,15,0,0.0,0,3.5
CUST-102529,25.4,High Risk (Critical),14,15.3,9.1,14,37,3,30.5,0,3.0
CUST-102530,69.2,Medium Risk (Warning),22,63.0,60.1,66,31,0,0.0,0,3.5
CUST-102531,24.6,High Risk (Critical),14,38.2,16.5,121,30,1,60.0,0,1.0
CUST-102532,70.7,Low Risk (Healthy),23,63.5,28.4,47,45,0,0.0,0,3.5
CUST-102533,76.0,Low Risk (Healthy),29,59.3,98.3,7667,22,2,19.8,0,5.0
CUST-102534,69.1,Medium Risk (Warning),19,75.8,74.9,1647,27,0,0.0,0,3.5
CUST-102535,11.3,High Risk (Critical),3,42.3,18.1,73,41,1,59.5,0,1.0
CUST-102536,73.0,Low Risk (Healthy),20,84.5,60.3,114,4,0,0.0,0,3.5
CUST-102537,67.8,Medium Risk (Warning),20,67.9,26.2,87,44,2,10.0,0,5.0
CUST-102538,22.0,High Risk (Critical),5,43.5,9.5,111,10,1,45.8,0,2.0
CUST-102539,85.2,Low Risk (Healthy),29,85.1,90.0,43,17,0,0.0,0,3.5
CUST-102540,79.0,Low Risk (Healthy),27,65.4,35.1,2386,7,1,21.1,0,5.0
CUST-102541,71.2,Low Risk (Healthy),16,82.5,61.9,2352,22,1,7.2,0,5.0
CUST-102542,17.4,High Risk (Critical),3,17.8,5.4,130,20,2,15.7,0,3.0
CUST-102543,10.3,High Risk (Critical),4,33.5,18.4,149,32,1,24.9,1,2.0
CUST-102544,79.6,Low Risk (Healthy),28,70.8,46.6,145,21,0,0.0,0,3.5
CUST-102545,5.0,High Risk (Critical),3,18.0,9.4,48,37,1,68.1,0,1.0
CUST-102546,20.9,High Risk (Critical),10,24.2,21.0,23,29,1,29.7,1,3.0
CUST-102547,22.0,High Risk (Critical),12,11.2,7.7,103,25,2,58.9,0,3.0
CUST-102548,19.1,High Risk (Critical),10,42.7,20.4,81,15,3,25.9,1,3.0
CUST-102549,75.5,Low Risk (Healthy),23,79.6,82.1,140,28,0,0.0,0,3.5
CUST-102550,83.2,Low Risk (Healthy),29,63.0,54.1,1785,1,1,3.0,0,5.0
CUST-102551,10.7,High Risk (Critical),1,25.8,13.7,95,40,2,19.1,0,2.0
CUST-102552,84.1,Low Risk (Healthy),28,86.0,32.3,138,0,0,0.0,0,3.5
CUST-102553,5.0,High Risk (Critical),2,25.1,9.2,63,34,3,62.7,1,2.0
CUST-102554,5.0,High Risk (Critical),7,19.0,10.3,72,0,4,59.5,1,1.0
CUST-102555,77.3,Low Risk (Healthy),24,90.2,57.8,1156,36,1,14.4,0,4.0
CUST-102556,70.2,Low Risk (Healthy),24,76.9,101.3,1316,32,1,14.8,0,3.5
CUST-102557,74.0,Low Risk (Healthy),24,70.0,85.9,37,22,0,0.0,0,3.5
CUST-102558,5.8,High Risk (Critical),7,31.6,14.5,44,1,3,54.2,1,2.0
CUST-102559,78.1,Low Risk (Healthy),29,53.8,48.8,3123,1,1,21.8,0,5.0
CUST-102560,82.4,Low Risk (Healthy),28,80.2,83.9,2517,19,0,0.0,0,3.5
CUST-102561,11.3,High Risk (Critical),6,20.0,13.3,37,17,3,21.2,0,2.0
CUST-102562,17.5,High Risk (Critical),1,27.8,19.2,149,0,2,17.6,0,3.0
CUST-102563,35.5,High Risk (Critical),14,38.0,5.3,15,13,1,20.4,0,2.0
CUST-102564,5.0,High Risk (Critical),1,35.4,15.3,138,2,1,27.1,1,1.0
CUST-102565,74.8,Low Risk (Healthy),27,81.5,58.0,754,18,2,13.6,0,4.0
CUST-102566,77.5,Low Risk (Healthy),22,90.4,74.8,4862,12,0,0.0,0,3.5
CUST-102567,32.0,High Risk (Critical),12,13.0,9.1,54,39,1,15.1,0,3.0
CUST-102568,40.6,High Risk (Critical),10,21.0,20.7,60,26,0,0.0,0,3.5
CUST-102569,12.4,High Risk (Critical),4,15.2,21.0,39,27,1,43.8,0,2.0
CUST-102570,18.5,High Risk (Critical),14,37.3,18.5,67,36,1,26.9,1,1.0
CUST-102571,22.0,High Risk (Critical),11,20.4,9.1,37,22,2,22.4,0,2.0
CUST-102572,76.3,Low Risk (Healthy),17,93.9,49.0,3185,4,1,4.5,0,5.0
CUST-102573,5.0,High Risk (Critical),3,12.6,8.7,24,3,2,53.3,1,1.0
CUST-102574,76.2,Low Risk (Healthy),21,90.8,72.1,2956,18,0,0.0,0,3.5
CUST-102575,5.0,High Risk (Critical),3,20.4,8.1,120,0,2,66.1,1,1.0
CUST-102576,46.2,Medium Risk (Warning),9,44.1,7.5,118,22,0,0.0,0,3.5
CUST-102577,74.8,Low Risk (Healthy),25,68.2,56.4,136,9,0,0.0,0,3.5
CUST-102578,71.8,Low Risk (Healthy),19,84.8,62.9,38,11,0,0.0,0,3.5
CUST-102579,22.5,High Risk (Critical),7,19.8,9.3,60,11,2,22.1,0,3.0
CUST-102580,65.2,Medium Risk (Warning),17,71.9,30.7,9,7,0,0.0,0,3.5
CUST-102581,78.6,Low Risk (Healthy),29,63.2,94.8,1896,8,0,0.0,0,3.5
CUST-102582,17.3,High Risk (Critical),8,17.2,14.9,138,5,1,20.3,1,3.0
CUST-102583,44.6,High Risk (Critical),13,20.8,12.1,43,25,0,0.0,0,3.5
CUST-102584,10.2,High Risk (Critical),3,43.9,4.7,64,11,4,39.7,1,3.0
CUST-102585,29.0,High Risk (Critical),7,37.9,9.1,20,10,2,13.4,0,3.0
CUST-102586,22.4,High Risk (Critical),13,17.9,9.7,132,12,1,34.6,1,3.0
CUST-102587,70.0,Low Risk (Healthy),18,69.8,90.9,23,11,1,7.9,0,5.0
CUST-102588,18.7,High Risk (Critical),14,14.4,16.1,60,7,3,33.9,0,2.0
CUST-102589,33.6,High Risk (Critical),7,11.0,9.7,56,33,0,0.0,0,3.5
CUST-102590,5.1,High Risk (Critical),7,30.5,8.8,9,12,4,26.7,0,1.0
CUST-102591,60.2,Medium Risk (Warning),16,52.2,42.5,92,24,1,22.1,0,5.0
CUST-102592,61.2,Medium Risk (Warning),24,71.9,74.3,46,39,3,11.3,0,3.5
CUST-102593,25.3,High Risk (Critical),7,30.4,17.5,100,36,1,57.0,0,3.0
CUST-102594,86.7,Low Risk (Healthy),27,87.8,105.5,57,13,1,12.9,0,5.0
CUST-102595,10.0,High Risk (Critical),5,28.7,4.0,98,35,1,58.1,0,1.0
CUST-102596,73.0,Low Risk (Healthy),28,50.2,46.6,838,11,2,11.3,0,5.0
CUST-102597,22.6,High Risk (Critical),12,30.5,14.6,7,25,1,52.0,1,3.0
CUST-102598,67.8,Medium Risk (Warning),15,89.2,65.9,104,11,0,0.0,0,3.5
CUST-102599,13.1,High Risk (Critical),3,23.5,5.4,138,13,1,15.9,1,3.0
CUST-102600,75.9,Low Risk (Healthy),18,94.6,75.6,76,24,1,19.5,0,5.0
CUST-102601,75.7,Low Risk (Healthy),26,58.7,101.9,15,42,1,20.7,0,5.0
CUST-102602,14.5,High Risk (Critical),1,25.3,10.4,78,19,1,19.2,0,2.0
CUST-102603,20.1,High Risk (Critical),10,43.9,16.8,19,18,1,35.5,1,2.0
CUST-102604,9.6,High Risk (Critical),6,21.7,11.5,95,1,2,39.5,1,3.0
CUST-102605,10.4,High Risk (Critical),6,19.7,13.0,140,16,1,44.3,0,1.0
CUST-102606,34.0,High Risk (Critical),7,12.2,17.8,88,0,0,0.0,0,3.5
CUST-102607,66.2,Medium Risk (Warning),20,61.7,78.0,4290,25,0,0.0,0,3.5
CUST-102608,28.7,High Risk (Critical),10,44.9,9.8,68,0,2,64.8,0,3.0
CUST-102609,24.4,High Risk (Critical),11,37.2,12.8,67,13,1,43.4,1,3.0
CUST-102610,15.9,High Risk (Critical),9,29.4,12.5,12,10,1,71.7,1,3.0
CUST-102611,71.8,Low Risk (Healthy),20,91.4,36.8,2907,27,1,18.5,0,4.0
CUST-102612,8.2,High Risk (Critical),1,35.2,10.1,120,5,2,13.9,0,1.0
CUST-102613,50.7,Medium Risk (Warning),15,52.0,37.8,1436,21,2,6.9,0,4.0
CUST-102614,62.6,Medium Risk (Warning),19,60.8,38.1,1028,8,1,8.1,0,4.0
CUST-102615,6.1,High Risk (Critical),6,35.8,4.6,118,2,5,36.8,0,2.0
CUST-102616,5.0,High Risk (Critical),7,35.0,12.9,14,29,4,23.6,1,1.0
CUST-102617,71.1,Low Risk (Healthy),27,82.5,29.8,953,39,2,21.5,0,3.5
CUST-102618,71.6,Low Risk (Healthy),17,93.2,99.3,149,2,0,0.0,0,3.5
CUST-102619,21.3,High Risk (Critical),13,30.5,7.0,79,13,2,25.8,0,1.0
CUST-102620,70.9,Low Risk (Healthy),25,55.3,51.8,37,31,0,0.0,0,3.5
CUST-102621,39.1,High Risk (Critical),7,29.2,11.6,55,28,0,0.0,0,3.5
CUST-102622,42.3,High Risk (Critical),13,13.2,21.0,76,31,0,0.0,0,3.5
CUST-102623,8.8,High Risk (Critical),6,13.4,8.1,99,41,2,57.5,0,2.0
CUST-102624,5.4,High Risk (Critical),2,12.0,10.7,77,4,1,70.6,0,2.0
CUST-102625,5.0,High Risk (Critical),3,18.1,11.7,121,17,5,17.1,1,1.0
CUST-102626,12.0,High Risk (Critical),5,39.7,10.9,21,20,2,52.4,1,3.0
CUST-102627,17.7,High Risk (Critical),9,25.1,21.2,108,33,3,62.6,0,3.0
CUST-102628,77.0,Low Risk (Healthy),27,71.9,75.1,135,12,2,20.6,0,5.0
CUST-102629,14.5,High Risk (Critical),6,34.1,7.1,92,13,2,13.9,0,1.0
CUST-102630,9.8,High Risk (Critical),8,24.3,13.6,116,12,2,17.6,1,2.0
CUST-102631,70.8,Low Risk (Healthy),21,82.3,71.3,49,11,1,15.3,0,4.0
CUST-102632,15.4,High Risk (Critical),13,37.0,7.3,146,40,4,40.8,1,2.0
CUST-102633,68.9,Medium Risk (Warning),21,73.8,72.2,67,28,1,9.8,0,4.0
CUST-102634,7.2,High Risk (Critical),12,31.8,5.9,11,0,2,50.8,1,1.0
CUST-102635,16.3,High Risk (Critical),14,41.0,17.2,13,2,1,53.3,1,1.0
CUST-102636,16.1,High Risk (Critical),10,22.3,17.7,94,22,1,15.7,1,2.0
CUST-102637,5.7,High Risk (Critical),3,28.9,14.2,107,41,2,61.2,1,3.0
CUST-102638,14.9,High Risk (Critical),14,24.5,4.3,22,18,2,40.8,1,2.0
CUST-102639,77.0,Low Risk (Healthy),28,62.1,81.7,146,1,0,0.0,0,3.5
CUST-102640,79.2,Low Risk (Healthy),24,87.3,49.1,74,16,0,0.0,0,3.5
CUST-102641,36.9,High Risk (Critical),13,42.5,11.6,131,27,2,25.1,0,3.0
CUST-102642,30.3,High Risk (Critical),14,40.5,8.1,149,26,2,36.3,0,2.0
CUST-102643,5.0,High Risk (Critical),1,23.1,8.3,60,34,4,21.0,0,2.0
CUST-102644,16.2,High Risk (Critical),7,27.6,12.1,72,8,2,43.0,0,2.0
CUST-102645,63.0,Medium Risk (Warning),17,64.6,92.0,2668,44,0,0.0,0,3.5
CUST-102646,19.7,High Risk (Critical),13,22.0,16.1,95,35,1,65.6,1,3.0
CUST-102647,62.7,Medium Risk (Warning),19,54.4,68.5,2329,24,0,0.0,0,3.5
CUST-102648,18.4,High Risk (Critical),6,33.2,7.5,25,27,1,60.6,0,2.0
CUST-102649,59.6,Medium Risk (Warning),20,63.0,47.9,3640,41,1,23.9,0,3.5
CUST-102650,70.9,Low Risk (Healthy),28,64.8,40.2,25,11,2,14.9,0,4.0
CUST-102651,64.0,Medium Risk (Warning),20,52.1,91.1,91,44,2,2.4,0,5.0
CUST-102652,76.0,Low Risk (Healthy),26,67.8,41.3,702,13,0,0.0,0,3.5
CUST-102653,31.0,High Risk (Critical),14,39.8,7.5,61,43,3,45.2,0,3.0
CUST-102654,73.6,Low Risk (Healthy),18,86.3,103.2,7224,42,1,18.3,0,5.0
CUST-102655,12.8,High Risk (Critical),7,29.4,20.2,116,27,1,26.6,1,2.0
CUST-102656,80.3,Low Risk (Healthy),28,73.2,76.9,3,24,0,0.0,0,3.5
CUST-102657,14.6,High Risk (Critical),14,16.8,17.2,78,20,3,24.5,0,1.0
CUST-102658,11.4,High Risk (Critical),3,39.1,7.1,48,34,3,34.9,0,2.0
CUST-102659,14.1,High Risk (Critical),5,25.6,21.6,39,22,2,33.6,0,2.0
CUST-102660,59.1,Medium Risk (Warning),16,68.3,41.6,2912,34,1,21.5,0,4.0
CUST-102661,11.0,High Risk (Critical),4,34.5,13.5,13,11,1,53.4,0,1.0
CUST-102662,68.2,Medium Risk (Warning),24,52.5,59.5,59,3,2,12.4,0,5.0
CUST-102663,10.9,High Risk (Critical),9,18.5,13.2,28,40,1,37.1,1,2.0
CUST-102664,21.1,High Risk (Critical),12,16.7,6.7,148,15,2,31.3,0,2.0
CUST-102665,5.0,High Risk (Critical),2,12.1,7.6,25,16,3,67.0,1,3.0
CUST-102666,5.0,High Risk (Critical),1,20.7,14.1,135,37,3,39.4,1,1.0
CUST-102667,44.3,High Risk (Critical),8,42.0,8.1,25,3,0,0.0,0,3.5
CUST-102668,18.0,High Risk (Critical),2,25.1,21.3,143,27,2,17.2,0,3.0
CUST-102669,59.9,Medium Risk (Warning),19,70.2,107.7,5600,18,2,20.3,0,4.0
CUST-102670,34.7,High Risk (Critical),8,10.2,6.7,126,7,0,0.0,0,3.5
CUST-102671,5.0,High Risk (Critical),6,42.1,17.5,43,12,3,34.0,1,1.0
CUST-102672,5.0,High Risk (Critical),4,18.7,19.1,111,30,3,55.9,0,2.0
CUST-102673,18.7,High Risk (Critical),12,10.7,4.9,121,43,1,35.8,1,3.0
CUST-102674,78.0,Low Risk (Healthy),27,56.9,99.3,2482,24,1,8.3,0,5.0
CUST-102675,20.1,High Risk (Critical),1,36.3,18.5,84,31,1,49.3,0,3.0
CUST-102676,57.4,Medium Risk (Warning),18,63.3,69.9,134,16,1,21.1,0,3.5
CUST-102677,49.4,Medium Risk (Warning),21,56.5,47.7,1717,35,4,4.2,0,3.5
CUST-102678,17.5,High Risk (Critical),11,32.8,15.3,57,36,3,64.0,1,3.0
CUST-102679,5.0,High Risk (Critical),1,18.2,19.0,124,42,4,55.3,1,1.0
CUST-102680,60.5,Medium Risk (Warning),17,56.0,93.4,6164,15,0,0.0,0,3.5
CUST-102681,64.1,Medium Risk (Warning),21,64.8,56.4,620,43,3,10.7,0,5.0
CUST-102682,15.4,High Risk (Critical),10,21.7,16.9,26,45,1,67.6,1,3.0
CUST-102683,74.0,Low Risk (Healthy),28,52.3,31.1,311,5,0,0.0,0,3.5
CUST-102684,65.9,Medium Risk (Warning),21,56.3,77.5,3100,45,0,0.0,0,3.5
CUST-102685,65.6,Medium Risk (Warning),16,85.9,82.6,12,33,1,12.3,0,4.0
CUST-102686,8.7,High Risk (Critical),6,10.7,5.0,40,29,3,67.8,0,3.0
CUST-102687,84.7,Low Risk (Healthy),28,79.0,93.5,1309,33,1,19.0,0,5.0
CUST-102688,26.5,High Risk (Critical),3,39.8,19.3,85,22,1,27.9,0,3.0
CUST-102689,71.9,Low Risk (Healthy),20,89.0,72.8,62,19,1,11.5,0,4.0
CUST-102690,71.4,Low Risk (Healthy),22,76.5,108.5,145,20,1,7.3,0,4.0
CUST-102691,17.2,High Risk (Critical),7,23.5,14.6,104,21,1,57.6,0,2.0
CUST-102692,62.3,Medium Risk (Warning),20,69.4,100.5,2713,37,1,17.8,0,3.5
CUST-102693,8.2,High Risk (Critical),2,33.8,8.2,121,40,1,20.7,1,2.0
CUST-102694,86.7,Low Risk (Healthy),28,83.1,60.2,140,2,1,12.5,0,5.0
CUST-102695,31.6,High Risk (Critical),11,44.6,4.8,143,17,2,51.7,0,3.0
CUST-102696,85.4,Low Risk (Healthy),28,89.3,55.8,2678,30,2,5.7,0,5.0
CUST-102697,17.1,High Risk (Critical),3,32.1,19.0,139,12,2,52.4,0,3.0
CUST-102698,8.2,High Risk (Critical),9,12.7,11.1,6,36,1,45.2,1,2.0
CUST-102699,79.0,Low Risk (Healthy),27,64.4,106.7,36,39,1,18.9,0,5.0
CUST-102700,57.2,Medium Risk (Warning),15,87.6,96.0,5376,41,2,16.6,0,3.5
CUST-102701,67.7,Medium Risk (Warning),20,82.5,65.4,111,5,1,6.0,0,3.5
CUST-102702,72.4,Low Risk (Healthy),22,73.7,101.7,6813,12,0,0.0,0,3.5
CUST-102703,31.2,High Risk (Critical),4,16.1,6.0,78,19,0,0.0,0,3.5
CUST-102704,41.1,High Risk (Critical),12,13.8,17.3,11,38,0,0.0,0,3.5
CUST-102705,25.0,High Risk (Critical),14,22.8,15.3,45,34,3,52.1,0,3.0
CUST-102706,70.0,Low Risk (Healthy),23,61.2,66.5,6,29,0,0.0,0,3.5
CUST-102707,20.7,High Risk (Critical),10,27.1,12.6,56,44,2,38.4,0,2.0
CUST-102708,14.8,High Risk (Critical),8,17.0,7.5,92,39,2,39.9,0,2.0
CUST-102709,5.0,High Risk (Critical),6,24.6,17.5,82,43,3,62.1,1,1.0
CUST-102710,13.3,High Risk (Critical),7,24.5,14.7,99,25,3,27.4,0,2.0
CUST-102711,41.8,High Risk (Critical),7,38.1,7.3,133,44,0,0.0,0,3.5
CUST-102712,5.0,High Risk (Critical),1,28.4,6.2,24,9,1,59.4,0,1.0
CUST-102713,62.8,Medium Risk (Warning),16,73.7,32.4,324,37,1,5.2,0,4.0
CUST-102714,19.6,High Risk (Critical),13,31.0,6.8,5,6,3,43.7,1,3.0
CUST-102715,5.0,High Risk (Critical),1,19.2,8.6,2,39,3,48.0,1,2.0
CUST-102716,7.4,High Risk (Critical),3,18.6,10.5,148,10,1,49.7,1,3.0
CUST-102717,38.9,High Risk (Critical),4,42.0,21.2,39,5,0,0.0,0,3.5
CUST-102718,73.0,Low Risk (Healthy),25,62.2,70.9,150,6,0,0.0,0,3.5
CUST-102719,7.9,High Risk (Critical),7,18.4,17.7,41,39,4,35.4,1,3.0
CUST-102720,77.9,Low Risk (Healthy),26,74.2,71.0,90,39,0,0.0,0,3.5
CUST-102721,9.0,High Risk (Critical),4,24.2,17.9,140,12,4,44.9,0,3.0
CUST-102722,20.4,High Risk (Critical),10,17.9,16.1,122,4,2,18.1,0,2.0
CUST-102723,63.3,Medium Risk (Warning),21,56.9,99.3,6752,18,1,13.8,0,4.0
CUST-102724,5.0,High Risk (Critical),3,27.6,6.3,48,29,2,53.2,1,1.0
CUST-102725,5.0,High Risk (Critical),7,30.0,5.9,53,27,2,41.2,1,1.0
CUST-102726,70.6,Low Risk (Healthy),17,83.1,42.7,138,41,1,23.8,0,5.0
CUST-102727,65.1,Medium Risk (Warning),21,84.4,92.5,58,21,2,9.4,0,3.5
CUST-102728,71.7,Low Risk (Healthy),24,88.1,82.8,142,2,2,22.2,0,4.0
CUST-102729,33.1,High Risk (Critical),3,27.1,5.5,125,19,0,0.0,0,3.5
CUST-102730,5.0,High Risk (Critical),2,11.9,11.8,45,21,2,38.6,1,2.0
CUST-102731,87.8,Low Risk (Healthy),29,83.8,85.7,2828,9,1,16.2,0,5.0
CUST-102732,59.0,Medium Risk (Warning),16,55.5,73.8,2509,36,0,0.0,0,3.5
CUST-102733,19.2,High Risk (Critical),10,12.0,8.1,140,45,1,13.7,1,3.0
CUST-102734,5.0,High Risk (Critical),1,16.1,14.6,61,14,2,27.2,1,3.0
CUST-102735,30.1,High Risk (Critical),1,26.0,13.4,9,25,0,0.0,0,3.5
CUST-102736,77.1,Low Risk (Healthy),19,87.8,102.4,66,21,1,4.4,0,5.0
CUST-102737,63.3,Medium Risk (Warning),20,60.6,32.7,106,18,1,12.4,0,4.0
CUST-102738,5.5,High Risk (Critical),13,24.0,9.2,144,6,2,65.5,1,1.0
CUST-102739,5.0,High Risk (Critical),1,31.2,7.1,106,15,1,23.0,1,1.0
CUST-102740,64.6,Medium Risk (Warning),24,73.9,43.3,114,16,2,20.6,0,3.5
CUST-102741,13.9,High Risk (Critical),3,28.4,14.0,23,4,2,69.2,0,3.0
CUST-102742,7.1,High Risk (Critical),4,18.3,4.5,70,38,2,29.7,1,3.0
CUST-102743,73.1,Low Risk (Healthy),28,64.2,77.1,92,13,1,4.0,0,3.5
CUST-102744,19.9,High Risk (Critical),10,14.0,12.9,79,24,3,29.3,0,3.0
CUST-102745,48.9,Medium Risk (Warning),13,35.3,14.9,113,3,0,0.0,0,3.5
CUST-102746,76.4,Low Risk (Healthy),26,61.3,73.9,53,25,1,21.4,0,5.0
CUST-102747,77.5,Low Risk (Healthy),27,73.2,91.1,4646,18,1,3.4,0,4.0
CUST-102748,5.0,High Risk (Critical),6,22.7,14.2,129,15,3,23.6,1,2.0
CUST-102749,60.8,Medium Risk (Warning),18,52.7,102.6,67,7,0,0.0,0,3.5
CUST-102750,71.5,Low Risk (Healthy),22,89.7,31.5,47,44,1,14.1,0,3.5
CUST-102751,27.6,High Risk (Critical),13,16.5,13.3,33,17,1,69.5,0,3.0
CUST-102752,10.0,High Risk (Critical),12,17.2,11.1,26,44,4,56.9,0,2.0
CUST-102753,8.4,High Risk (Critical),6,37.5,17.9,84,7,1,22.4,1,1.0
CUST-102754,84.7,Low Risk (Healthy),24,94.3,100.0,12,1,1,12.6,0,5.0
CUST-102755,67.4,Medium Risk (Warning),15,79.7,88.8,41,27,1,19.9,0,5.0
CUST-102756,36.4,High Risk (Critical),9,11.2,9.1,94,14,0,0.0,0,3.5
CUST-102757,75.6,Low Risk (Healthy),29,53.2,58.1,58,33,0,0.0,0,3.5
CUST-102758,34.6,High Risk (Critical),2,36.5,9.3,8,41,0,0.0,0,3.5
CUST-102759,66.8,Medium Risk (Warning),22,54.8,71.0,1633,2,0,0.0,0,3.5
CUST-102760,75.6,Low Risk (Healthy),28,57.5,47.2,14,42,0,0.0,0,3.5
CUST-102761,25.0,High Risk (Critical),11,35.5,12.2,122,38,1,34.3,1,3.0
CUST-102762,15.9,High Risk (Critical),9,21.1,15.4,21,32,2,19.7,1,3.0
CUST-102763,5.0,High Risk (Critical),11,16.2,8.4,135,10,1,61.2,1,1.0
CUST-102764,17.0,High Risk (Critical),14,37.7,18.6,35,5,3,26.1,1,2.0
CUST-102765,80.2,Low Risk (Healthy),24,78.7,84.6,65,2,1,11.0,0,5.0
CUST-102766,5.0,High Risk (Critical),3,35.4,4.7,149,16,1,49.9,1,1.0
CUST-102767,58.5,Medium Risk (Warning),18,78.5,105.4,7483,40,2,16.0,0,3.5
CUST-102768,11.3,High Risk (Critical),8,18.4,4.3,65,30,1,55.2,0,1.0
CUST-102769,20.0,High Risk (Critical),6,26.1,6.9,107,37,1,30.9,0,2.0
CUST-102770,5.0,High Risk (Critical),8,37.0,16.2,5,45,2,40.7,1,1.0
CUST-102771,74.7,Low Risk (Healthy),22,70.6,29.2,642,41,1,14.6,0,5.0
CUST-102772,70.8,Low Risk (Healthy),22,56.0,109.7,2413,3,1,10.7,0,5.0
CUST-102773,61.9,Medium Risk (Warning),19,52.0,75.6,3326,34,0,0.0,0,3.5
CUST-102774,9.2,High Risk (Critical),3,33.3,8.6,77,24,2,22.5,0,1.0
CUST-102775,41.5,High Risk (Critical),8,32.9,20.4,110,36,0,0.0,0,3.5
CUST-102776,6.3,High Risk (Critical),7,13.3,9.1,15,20,3,27.5,1,3.0
CUST-102777,27.6,High Risk (Critical),12,10.3,8.0,150,25,1,44.0,0,3.0
CUST-102778,6.0,High Risk (Critical),5,17.8,8.7,46,37,1,64.0,0,1.0
CUST-102779,20.4,High Risk (Critical),8,14.4,15.9,124,35,2,36.8,0,3.0
CUST-102780,34.3,High Risk (Critical),13,43.3,4.6,1,11,1,31.9,0,2.0
CUST-102781,29.6,High Risk (Critical),14,21.5,21.2,144,33,2,44.1,0,3.0
CUST-102782,80.8,Low Risk (Healthy),28,75.0,103.2,125,21,0,0.0,0,3.5
CUST-102783,11.8,High Risk (Critical),1,39.6,14.5,19,37,1,27.5,0,1.0
CUST-102784,15.7,High Risk (Critical),10,18.4,17.4,54,41,1,57.1,1,3.0
CUST-102785,14.3,High Risk (Critical),10,19.2,11.9,49,13,1,54.2,0,1.0
CUST-102786,58.0,Medium Risk (Warning),15,56.5,51.2,2099,3,0,0.0,0,3.5
CUST-102787,20.1,High Risk (Critical),2,34.4,18.9,20,0,2,23.1,0,3.0
CUST-102788,38.9,High Risk (Critical),10,15.2,9.7,69,43,0,0.0,0,3.5
CUST-102789,5.0,High Risk (Critical),3,32.2,16.2,18,6,3,52.0,0,1.0
CUST-102790,18.8,High Risk (Critical),12,19.0,20.1,26,32,1,55.6,1,3.0
CUST-102791,71.7,Low Risk (Healthy),20,80.1,27.2,1033,16,0,0.0,0,3.5
CUST-102792,67.1,Medium Risk (Warning),20,66.3,27.0,378,15,2,11.6,0,5.0
CUST-102793,64.9,Medium Risk (Warning),23,69.3,92.0,5888,17,2,20.6,0,4.0
CUST-102794,13.2,High Risk (Critical),5,41.2,21.9,113,37,2,46.9,1,3.0
CUST-102795,30.0,High Risk (Critical),11,34.9,17.2,20,11,2,41.2,0,3.0
CUST-102796,30.7,High Risk (Critical),2,23.6,12.8,19,36,0,0.0,0,3.5
CUST-102797,63.9,Medium Risk (Warning),25,54.7,30.0,2010,27,2,14.8,0,4.0
CUST-102798,70.3,Low Risk (Healthy),22,66.6,44.1,2513,42,0,0.0,0,3.5
CUST-102799,5.0,High Risk (Critical),1,16.5,18.1,107,9,2,26.3,1,2.0
CUST-102800,75.7,Low Risk (Healthy),25,83.7,58.7,84,15,1,22.3,0,4.0
CUST-102801,89.8,Low Risk (Healthy),28,94.5,48.7,1996,23,1,15.2,0,5.0
CUST-102802,41.3,High Risk (Critical),6,41.1,11.3,31,24,0,0.0,0,3.5
CUST-102803,11.1,High Risk (Critical),10,15.8,4.7,46,16,3,47.8,1,3.0
CUST-102804,67.9,Medium Risk (Warning),15,89.7,93.3,5877,31,0,0.0,0,3.5
CUST-102805,56.6,Medium Risk (Warning),17,85.4,44.0,61,5,3,5.7,0,3.5
CUST-102806,5.0,High Risk (Critical),1,13.0,5.3,87,35,3,14.7,1,3.0
CUST-102807,73.1,Low Risk (Healthy),19,89.1,32.2,1030,28,0,0.0,0,3.5
CUST-102808,5.0,High Risk (Critical),6,30.4,21.7,131,22,4,18.2,1,1.0
CUST-102809,22.9,High Risk (Critical),8,29.6,21.2,126,34,3,20.8,0,3.0
CUST-102810,77.8,Low Risk (Healthy),21,84.5,72.6,4864,19,1,12.6,0,5.0
CUST-102811,66.2,Medium Risk (Warning),21,57.2,40.0,100,8,0,0.0,0,3.5
CUST-102812,76.4,Low Risk (Healthy),25,73.6,90.7,25,31,0,0.0,0,3.5
CUST-102813,77.7,Low Risk (Healthy),24,82.2,81.6,897,9,0,0.0,0,3.5
CUST-102814,5.8,High Risk (Critical),5,44.3,9.2,96,17,3,65.3,0,1.0
CUST-102815,25.7,High Risk (Critical),10,23.1,21.3,143,12,2,36.5,0,3.0
CUST-102816,14.8,High Risk (Critical),2,35.0,18.5,6,36,2,67.3,0,3.0
CUST-102817,79.5,Low Risk (Healthy),27,86.9,31.5,976,45,1,20.8,0,4.0
CUST-102818,65.9,Medium Risk (Warning),17,74.0,107.5,73,22,0,0.0,0,3.5
CUST-102819,56.1,Medium Risk (Warning),15,50.4,48.3,2221,44,0,0.0,0,3.5
CUST-102820,80.4,Low Risk (Healthy),26,82.4,47.1,2402,35,0,0.0,0,3.5
CUST-102821,71.1,Low Risk (Healthy),19,69.4,87.9,6240,4,1,8.1,0,5.0
CUST-102822,77.8,Low Risk (Healthy),24,82.6,71.4,120,40,0,0.0,0,3.5
CUST-102823,41.1,High Risk (Critical),6,40.3,8.3,77,44,0,0.0,0,3.5
CUST-102824,5.0,High Risk (Critical),8,12.1,12.2,33,26,1,70.5,1,2.0
CUST-102825,5.0,High Risk (Critical),8,31.4,11.4,130,13,5,69.1,0,1.0
CUST-102826,73.8,Low Risk (Healthy),24,72.9,103.1,95,33,2,16.4,0,5.0
CUST-102827,6.8,High Risk (Critical),7,14.5,6.7,48,7,2,54.8,1,3.0
CUST-102828,12.9,High Risk (Critical),7,15.4,18.6,79,17,1,24.3,0,1.0
CUST-102829,20.0,High Risk (Critical),5,24.1,14.7,99,1,1,62.9,0,3.0
CUST-102830,5.0,High Risk (Critical),1,25.6,18.4,120,40,2,69.0,1,1.0
CUST-102831,69.2,Medium Risk (Warning),23,58.4,104.8,10,44,0,0.0,0,3.5
CUST-102832,12.3,High Risk (Critical),10,11.2,15.4,115,17,1,67.4,1,3.0
CUST-102833,20.8,High Risk (Critical),3,15.5,8.1,42,37,1,14.9,0,3.0
CUST-102834,43.3,High Risk (Critical),9,34.2,19.0,84,1,0,0.0,0,3.5
CUST-102835,72.3,Low Risk (Healthy),24,54.1,62.2,106,4,1,15.5,0,5.0
CUST-102836,6.9,High Risk (Critical),13,28.5,13.6,111,8,3,26.4,1,1.0
CUST-102837,33.9,High Risk (Critical),4,25.2,10.0,102,33,0,0.0,0,3.5
CUST-102838,5.0,High Risk (Critical),1,32.2,20.1,95,6,3,45.6,1,1.0
CUST-102839,11.2,High Risk (Critical),1,35.7,8.7,28,38,1,22.5,0,1.0
CUST-102840,72.4,Low Risk (Healthy),26,55.7,69.5,134,25,0,0.0,0,3.5
CUST-102841,18.5,High Risk (Critical),9,34.8,11.9,80,27,2,15.7,0,1.0
CUST-102842,5.6,High Risk (Critical),2,21.6,9.0,115,5,1,44.1,0,1.0
CUST-102843,45.1,Medium Risk (Warning),11,31.5,10.8,20,11,0,0.0,0,3.5
CUST-102844,63.3,Medium Risk (Warning),17,84.4,97.6,51,22,1,13.5,0,3.5
CUST-102845,72.9,Low Risk (Healthy),21,79.7,66.7,81,7,0,0.0,0,3.5
CUST-102846,72.8,Low Risk (Healthy),27,52.8,109.9,4286,27,0,0.0,0,3.5
CUST-102847,15.1,High Risk (Critical),4,33.7,18.0,38,34,2,35.1,0,2.0
CUST-102848,12.2,High Risk (Critical),5,25.7,10.1,49,24,1,33.3,0,1.0
CUST-102849,84.9,Low Risk (Healthy),29,87.9,68.1,41,43,2,17.4,0,5.0
CUST-102850,63.1,Medium Risk (Warning),18,71.9,57.9,143,20,1,20.1,0,4.0
CUST-102851,73.1,Low Risk (Healthy),23,71.6,86.1,5252,9,0,0.0,0,3.5
CUST-102852,66.6,Medium Risk (Warning),15,85.2,70.3,2741,23,0,0.0,0,3.5
CUST-102853,19.3,High Risk (Critical),8,13.1,18.0,72,44,1,26.0,0,2.0
CUST-102854,56.4,Medium Risk (Warning),18,86.3,71.4,135,16,3,19.6,0,3.5
CUST-102855,24.9,High Risk (Critical),12,36.7,6.0,78,22,1,33.2,0,1.0
CUST-102856,13.1,High Risk (Critical),11,18.0,19.6,43,25,5,58.5,1,3.0
CUST-102857,74.9,Low Risk (Healthy),21,86.4,81.1,130,5,0,0.0,0,3.5
CUST-102858,51.0,Medium Risk (Warning),14,37.8,18.7,130,37,0,0.0,0,3.5
CUST-102859,12.0,High Risk (Critical),10,23.8,5.2,73,34,2,19.8,1,2.0
CUST-102860,21.1,High Risk (Critical),5,29.9,14.1,65,18,2,35.9,0,3.0
CUST-102861,23.4,High Risk (Critical),11,30.4,20.5,31,2,3,50.9,0,3.0
CUST-102862,5.0,High Risk (Critical),4,38.3,8.0,12,43,4,55.6,0,1.0
CUST-102863,82.7,Low Risk (Healthy),27,85.8,69.4,1873,19,0,0.0,0,3.5
CUST-102864,12.5,High Risk (Critical),7,33.9,10.7,56,0,3,48.6,1,3.0
CUST-102865,62.2,Medium Risk (Warning),17,72.2,67.6,42,14,1,17.1,0,4.0
CUST-102866,5.0,High Risk (Critical),2,42.8,13.3,55,23,3,23.3,1,2.0
CUST-102867,9.0,High Risk (Critical),4,12.8,14.8,0,11,2,33.5,0,2.0
CUST-102868,16.6,High Risk (Critical),10,25.3,4.6,131,26,2,34.8,1,3.0
CUST-102869,65.5,Medium Risk (Warning),22,63.5,96.7,10,2,1,23.2,0,4.0
CUST-102870,16.1,High Risk (Critical),11,16.0,16.9,51,43,1,42.6,0,1.0
CUST-102871,8.6,High Risk (Critical),6,28.8,5.2,57,0,4,32.1,0,2.0
CUST-102872,14.5,High Risk (Critical),9,20.3,5.4,23,31,3,28.4,0,2.0
CUST-102873,71.3,Low Risk (Healthy),23,67.6,100.1,7607,9,2,13.1,0,5.0
CUST-102874,41.1,High Risk (Critical),7,35.8,16.2,52,10,0,0.0,0,3.5
CUST-102875,10.4,High Risk (Critical),10,41.7,21.6,92,2,4,43.4,0,1.0
CUST-102876,32.1,High Risk (Critical),6,10.2,13.4,50,36,0,0.0,0,3.5
CUST-102877,74.4,Low Risk (Healthy),22,80.2,74.4,5282,32,0,0.0,0,3.5
CUST-102878,14.0,High Risk (Critical),9,33.0,21.6,40,18,3,63.1,0,2.0
CUST-102879,74.3,Low Risk (Healthy),25,66.7,89.5,5459,9,0,0.0,0,3.5
CUST-102880,12.1,High Risk (Critical),5,35.3,17.5,65,7,3,41.6,0,2.0
CUST-102881,12.1,High Risk (Critical),8,10.2,4.3,27,26,4,29.0,0,3.0
CUST-102882,38.2,High Risk (Critical),8,21.8,13.6,37,39,0,0.0,0,3.5
CUST-102883,81.4,Low Risk (Healthy),29,72.4,59.7,14,4,0,0.0,0,3.5
CUST-102884,50.3,Medium Risk (Warning),17,58.1,68.6,3635,9,2,22.7,0,3.5
CUST-102885,45.4,Medium Risk (Warning),12,27.9,5.9,78,39,0,0.0,0,3.5
CUST-102886,59.9,Medium Risk (Warning),15,91.0,32.8,107,41,2,3.3,0,3.5
CUST-102887,82.0,Low Risk (Healthy),29,74.5,72.3,48,42,0,0.0,0,3.5
CUST-102888,5.0,High Risk (Critical),2,30.1,14.7,84,42,2,53.0,1,2.0
CUST-102889,71.9,Low Risk (Healthy),18,91.8,31.4,63,7,2,12.8,0,5.0
CUST-102890,16.7,High Risk (Critical),4,41.4,15.4,80,35,3,56.1,0,3.0
CUST-102891,5.0,High Risk (Critical),5,38.6,11.9,39,37,3,44.0,1,1.0
CUST-102892,68.5,Medium Risk (Warning),23,56.0,80.3,145,16,0,0.0,0,3.5
CUST-102893,70.8,Low Risk (Healthy),25,54.9,44.4,9,13,0,0.0,0,3.5
CUST-102894,74.5,Low Risk (Healthy),22,80.4,109.7,80,43,0,0.0,0,3.5
CUST-102895,15.7,High Risk (Critical),13,42.1,10.1,1,7,2,18.1,1,1.0
CUST-102896,78.8,Low Risk (Healthy),25,81.5,35.5,145,14,0,0.0,0,3.5
CUST-102897,80.7,Low Risk (Healthy),29,70.2,66.9,92,40,0,0.0,0,3.5
CUST-102898,79.5,Low Risk (Healthy),27,81.9,94.4,52,30,1,8.5,0,4.0
CUST-102899,67.0,Medium Risk (Warning),25,51.9,32.8,1148,31,1,15.6,0,4.0
CUST-102900,80.1,Low Risk (Healthy),26,81.4,33.8,32,45,0,0.0,0,3.5
CUST-102901,10.0,High Risk (Critical),9,10.1,11.0,12,36,3,39.9,0,2.0
CUST-102902,5.0,High Risk (Critical),5,31.2,7.8,147,34,2,69.9,1,1.0
CUST-102903,35.1,High Risk (Critical),14,41.4,8.3,86,11,2,47.9,0,3.0
CUST-102904,20.1,High Risk (Critical),11,35.0,17.1,99,15,1,56.4,0,1.0
CUST-102905,13.8,High Risk (Critical),6,37.6,12.7,118,41,2,27.9,0,1.0
CUST-102906,5.9,High Risk (Critical),2,24.7,7.7,40,31,3,33.7,0,2.0
CUST-102907,6.2,High Risk (Critical),13,17.1,4.5,59,24,1,66.4,1,1.0
CUST-102908,24.0,High Risk (Critical),14,20.8,8.2,25,4,4,23.4,0,3.0
CUST-102909,20.5,High Risk (Critical),8,43.8,16.1,108,0,2,58.7,0,2.0
CUST-102910,77.9,Low Risk (Healthy),26,74.1,44.8,3,26,0,0.0,0,3.5
CUST-102911,76.1,Low Risk (Healthy),22,86.0,78.0,4836,30,0,0.0,0,3.5
CUST-102912,78.1,Low Risk (Healthy),21,82.1,34.2,15,29,1,4.5,0,5.0
CUST-102913,5.0,High Risk (Critical),6,33.7,9.6,100,7,3,66.5,0,1.0
CUST-102914,5.0,High Risk (Critical),3,21.7,7.7,35,41,1,67.4,0,1.0
CUST-102915,68.7,Medium Risk (Warning),19,74.6,79.7,10,13,0,0.0,0,3.5
CUST-102916,71.9,Low Risk (Healthy),23,67.4,44.1,148,10,0,0.0,0,3.5
CUST-102917,5.0,High Risk (Critical),3,32.6,16.3,68,16,3,35.4,1,1.0
CUST-102918,79.2,Low Risk (Healthy),25,82.8,57.6,51,0,0,0.0,0,3.5
CUST-102919,5.0,High Risk (Critical),11,21.6,8.6,101,35,4,46.1,1,1.0
CUST-102920,82.2,Low Risk (Healthy),26,88.4,41.5,132,2,0,0.0,0,3.5
CUST-102921,50.3,Medium Risk (Warning),12,44.4,20.9,65,25,0,0.0,0,3.5
CUST-102922,66.7,Medium Risk (Warning),18,60.1,82.2,2959,44,1,10.7,0,5.0
CUST-102923,64.4,Medium Risk (Warning),25,55.6,83.8,20,11,2,12.8,0,4.0
CUST-102924,65.6,Medium Risk (Warning),15,82.0,68.8,90,39,0,0.0,0,3.5
CUST-102925,15.6,High Risk (Critical),9,13.1,15.8,129,42,3,50.8,0,3.0
CUST-102926,8.7,High Risk (Critical),3,13.1,20.9,14,15,1,25.6,1,3.0
CUST-102927,71.2,Low Risk (Healthy),22,55.6,41.9,1298,21,1,6.6,0,5.0
CUST-102928,69.5,Medium Risk (Warning),19,77.3,106.1,2546,18,0,0.0,0,3.5
CUST-102929,79.2,Low Risk (Healthy),23,91.7,38.3,140,24,0,0.0,0,3.5
CUST-102930,10.1,High Risk (Critical),14,10.7,9.4,6,10,3,46.6,0,1.0
CUST-102931,24.4,High Risk (Critical),11,37.8,21.4,101,28,1,44.7,1,3.0
CUST-102932,45.6,Medium Risk (Warning),13,24.3,9.9,28,30,0,0.0,0,3.5
CUST-102933,77.5,Low Risk (Healthy),21,95.0,108.2,8223,4,0,0.0,0,3.5
CUST-102934,56.8,Medium Risk (Warning),16,58.8,38.3,727,3,1,17.3,0,4.0
CUST-102935,25.7,High Risk (Critical),6,33.1,9.4,108,17,1,50.0,0,3.0
CUST-102936,18.3,High Risk (Critical),8,37.1,6.5,14,42,1,44.2,0,1.0
CUST-102937,31.6,High Risk (Critical),14,17.9,12.8,118,24,2,19.6,0,3.0
CUST-102938,20.0,High Risk (Critical),11,36.1,14.5,101,8,2,44.1,1,3.0
CUST-102939,68.8,Medium Risk (Warning),22,61.7,77.4,5727,24,0,0.0,0,3.5
CUST-102940,67.6,Medium Risk (Warning),22,66.8,61.2,40,23,1,14.3,0,4.0
CUST-102941,23.4,High Risk (Critical),13,39.6,11.7,0,19,1,62.2,0,1.0
CUST-102942,72.2,Low Risk (Healthy),23,68.4,45.4,131,35,0,0.0,0,3.5
CUST-102943,79.1,Low Risk (Healthy),27,78.3,27.7,1357,45,1,3.0,0,4.0
CUST-102944,35.8,High Risk (Critical),8,13.9,13.4,109,41,0,0.0,0,3.5
CUST-102945,59.2,Medium Risk (Warning),17,85.9,84.5,1605,42,2,17.5,0,3.5
CUST-102946,64.3,Medium Risk (Warning),19,58.2,35.3,136,42,2,3.6,0,5.0
CUST-102947,67.2,Medium Risk (Warning),22,74.3,82.0,2460,31,2,3.6,0,4.0
CUST-102948,69.2,Medium Risk (Warning),16,89.4,29.8,33,0,0,0.0,0,3.5
CUST-102949,5.5,High Risk (Critical),1,25.5,16.4,50,16,2,59.7,0,2.0
CUST-102950,19.9,High Risk (Critical),10,33.8,9.1,69,24,1,60.6,1,3.0
CUST-102951,47.3,Medium Risk (Warning),11,38.8,15.9,63,4,0,0.0,0,3.5
CUST-102952,67.3,Medium Risk (Warning),18,74.3,71.8,2010,31,0,0.0,0,3.5
CUST-102953,66.8,Medium Risk (Warning),17,77.2,44.3,24,38,0,0.0,0,3.5
CUST-102954,64.4,Medium Risk (Warning),17,69.1,80.3,77,24,0,0.0,0,3.5
CUST-102955,80.4,Low Risk (Healthy),27,69.3,57.5,60,35,1,19.5,0,5.0
CUST-102956,75.0,Low Risk (Healthy),29,62.8,28.3,47,0,1,20.3,0,4.0
CUST-102957,73.7,Low Risk (Healthy),21,82.4,46.1,2,12,0,0.0,0,3.5
CUST-102958,63.0,Medium Risk (Warning),17,87.1,43.6,2746,25,1,22.7,0,3.5
CUST-102959,70.0,Low Risk (Healthy),21,60.4,50.5,89,10,1,16.6,0,5.0
CUST-102960,77.5,Low Risk (Healthy),27,68.5,40.6,50,36,0,0.0,0,3.5
CUST-102961,5.0,High Risk (Critical),4,14.5,16.9,12,23,4,56.0,1,2.0
CUST-102962,33.6,High Risk (Critical),12,19.1,10.8,137,22,1,17.3,0,3.0
CUST-102963,37.6,High Risk (Critical),10,10.8,10.3,142,38,0,0.0,0,3.5
CUST-102964,5.0,High Risk (Critical),7,25.2,19.0,93,25,3,67.9,1,2.0
CUST-102965,5.0,High Risk (Critical),8,16.1,8.2,130,14,4,66.3,1,2.0
CUST-102966,5.0,High Risk (Critical),4,28.3,7.8,73,44,3,25.4,1,2.0
CUST-102967,72.2,Low Risk (Healthy),26,60.8,31.2,15,8,2,21.6,0,5.0
CUST-102968,87.0,Low Risk (Healthy),29,82.6,68.6,137,15,1,19.3,0,5.0
CUST-102969,84.6,Low Risk (Healthy),27,92.0,41.2,865,36,0,0.0,0,3.5
CUST-102970,5.0,High Risk (Critical),1,32.2,17.7,129,43,2,49.0,1,1.0
CUST-102971,80.1,Low Risk (Healthy),29,73.7,99.9,40,26,1,5.4,0,4.0
CUST-102972,72.4,Low Risk (Healthy),25,64.4,32.0,73,26,2,18.3,0,5.0
CUST-102973,77.9,Low Risk (Healthy),21,81.9,104.6,8368,35,1,5.6,0,5.0
CUST-102974,76.3,Low Risk (Healthy),26,75.3,102.7,19,40,1,7.4,0,4.0
CUST-102975,8.5,High Risk (Critical),8,21.4,5.9,40,39,1,52.5,1,2.0
CUST-102976,52.7,Medium Risk (Warning),19,51.2,62.1,23,38,2,8.1,0,3.5
CUST-102977,77.4,Low Risk (Healthy),22,90.1,90.7,4988,26,0,0.0,0,3.5
CUST-102978,22.1,High Risk (Critical),4,29.2,17.3,117,44,2,16.1,0,3.0
CUST-102979,32.4,High Risk (Critical),6,11.3,19.8,138,15,0,0.0,0,3.5
CUST-102980,83.2,Low Risk (Healthy),27,89.0,93.4,144,36,2,11.6,0,5.0
CUST-102981,44.6,High Risk (Critical),8,43.0,20.7,18,14,0,0.0,0,3.5
CUST-102982,77.9,Low Risk (Healthy),23,80.5,25.9,725,27,1,23.0,0,5.0
CUST-102983,13.5,High Risk (Critical),11,33.7,10.1,117,17,1,26.6,1,1.0
CUST-102984,35.1,High Risk (Critical),14,17.5,11.5,18,17,1,22.7,0,3.0
CUST-102985,28.0,High Risk (Critical),10,28.1,20.6,117,15,2,30.4,0,3.0
CUST-102986,5.0,High Risk (Critical),5,19.1,4.3,96,30,3,60.6,0,2.0
CUST-102987,36.6,High Risk (Critical),5,29.9,4.4,94,36,0,0.0,0,3.5
CUST-102988,39.3,High Risk (Critical),5,38.7,18.1,17,39,0,0.0,0,3.5
CUST-102989,82.7,Low Risk (Healthy),28,72.1,70.7,10,31,1,18.2,0,5.0
CUST-102990,69.9,Medium Risk (Warning),17,71.9,81.0,6237,41,1,3.0,0,5.0
CUST-102991,68.8,Medium Risk (Warning),22,71.2,36.1,97,42,1,15.5,0,4.0
CUST-102992,77.2,Low Risk (Healthy),24,85.0,75.3,4819,20,1,2.6,0,4.0
CUST-102993,19.5,High Risk (Critical),4,40.1,9.6,121,7,2,63.1,0,3.0
CUST-102994,69.1,Medium Risk (Warning),21,85.8,65.2,31,44,2,5.1,0,4.0
CUST-102995,71.3,Low Risk (Healthy),24,52.1,41.1,0,16,1,18.9,0,5.0
CUST-102996,5.0,High Risk (Critical),3,25.0,8.5,103,19,3,39.8,1,2.0
CUST-102997,72.0,Low Risk (Healthy),19,85.7,29.3,148,13,0,0.0,0,3.5
CUST-102998,44.5,High Risk (Critical),13,20.5,4.8,130,10,0,0.0,0,3.5
CUST-102999,32.3,High Risk (Critical),14,24.1,17.9,144,19,1,60.4,0,3.0
CUST-103000,21.8,High Risk (Critical),12,42.5,14.0,32,6,4,66.0,1,3.0
CUST-103001,18.3,High Risk (Critical),3,41.6,17.3,129,6,1,49.7,0,2.0
CUST-103002,5.0,High Risk (Critical),5,17.6,20.7,129,28,1,59.7,1,1.0
CUST-103003,9.4,High Risk (Critical),5,24.9,18.7,78,10,1,54.0,0,1.0
CUST-103004,22.8,High Risk (Critical),6,44.2,9.3,101,22,1,51.9,0,2.0
CUST-103005,60.1,Medium Risk (Warning),17,54.9,78.2,4066,10,0,0.0,0,3.5
CUST-103006,32.2,High Risk (Critical),5,15.2,10.3,74,12,0,0.0,0,3.5
CUST-103007,8.3,High Risk (Critical),14,28.8,16.6,75,21,3,53.6,1,1.0
CUST-103008,25.0,High Risk (Critical),3,29.9,13.6,134,18,1,15.8,0,3.0
CUST-103009,17.7,High Risk (Critical),7,23.3,6.7,54,9,2,69.3,0,3.0
CUST-103010,12.8,High Risk (Critical),3,40.7,18.6,36,18,2,27.4,1,3.0
CUST-103011,18.1,High Risk (Critical),6,23.4,6.9,90,36,1,39.3,0,2.0
CUST-103012,25.4,High Risk (Critical),10,28.3,17.2,74,17,3,19.2,0,3.0
CUST-103013,73.0,Low Risk (Healthy),29,64.3,87.3,2007,25,2,7.5,0,4.0
CUST-103014,16.4,High Risk (Critical),8,44.0,8.1,88,27,1,43.4,1,2.0
CUST-103015,68.6,Medium Risk (Warning),23,72.5,83.5,41,43,1,6.5,0,3.5
CUST-103016,5.0,High Risk (Critical),5,25.7,6.7,63,23,3,51.0,0,1.0
CUST-103017,5.0,High Risk (Critical),6,17.1,7.2,125,10,4,68.7,1,1.0
CUST-103018,33.8,High Risk (Critical),13,26.3,8.8,97,11,1,43.0,0,3.0
CUST-103019,5.0,High Risk (Critical),10,15.4,4.0,72,36,2,27.8,1,1.0
CUST-103020,80.0,Low Risk (Healthy),25,85.6,106.6,30,11,0,0.0,0,3.5
CUST-103021,14.8,High Risk (Critical),13,34.9,15.5,34,32,4,61.7,1,2.0
CUST-103022,17.2,High Risk (Critical),1,44.6,19.8,79,25,2,59.8,0,3.0
CUST-103023,13.5,High Risk (Critical),11,15.1,6.7,2,25,2,29.4,0,1.0
CUST-103024,24.0,High Risk (Critical),9,30.6,13.4,39,10,2,57.2,0,3.0
CUST-103025,7.2,High Risk (Critical),5,12.2,4.2,92,8,3,25.1,0,2.0
CUST-103026,9.9,High Risk (Critical),2,10.6,15.7,49,18,3,15.4,0,3.0
CUST-103027,80.1,Low Risk (Healthy),28,58.4,108.0,4644,15,1,6.4,0,5.0
CUST-103028,5.0,High Risk (Critical),4,15.7,19.1,109,18,2,54.3,1,2.0
CUST-103029,71.4,Low Risk (Healthy),24,61.4,54.7,1203,29,0,0.0,0,3.5
CUST-103030,84.4,Low Risk (Healthy),29,93.4,100.3,5717,40,1,18.4,0,4.0
CUST-103031,38.4,High Risk (Critical),3,44.6,13.7,58,12,0,0.0,0,3.5
CUST-103032,21.1,High Risk (Critical),12,38.1,9.4,25,44,3,18.3,1,3.0
CUST-103033,20.5,High Risk (Critical),8,31.5,17.5,124,29,4,13.3,0,3.0
CUST-103034,72.6,Low Risk (Healthy),21,71.2,90.7,94,8,1,22.0,0,5.0
CUST-103035,5.0,High Risk (Critical),7,17.5,10.1,62,36,2,31.2,1,2.0
CUST-103036,73.0,Low Risk (Healthy),18,93.4,102.5,52,27,0,0.0,0,3.5
CUST-103037,68.8,Medium Risk (Warning),23,57.2,31.0,146,16,0,0.0,0,3.5
CUST-103038,19.3,High Risk (Critical),13,15.2,11.3,60,32,1,53.0,1,3.0
CUST-103039,28.9,High Risk (Critical),8,41.5,18.3,22,27,2,33.7,0,3.0
CUST-103040,10.5,High Risk (Critical),7,27.2,21.6,61,42,2,66.5,1,3.0
CUST-103041,64.3,Medium Risk (Warning),21,50.1,76.3,1907,33,2,5.6,0,5.0
CUST-103042,57.6,Medium Risk (Warning),15,92.1,76.3,78,43,2,23.9,0,3.5
CUST-103043,49.8,Medium Risk (Warning),13,38.3,8.9,65,30,0,0.0,0,3.5
CUST-103044,5.0,High Risk (Critical),1,23.3,10.3,92,22,4,12.8,0,2.0
CUST-103045,78.4,Low Risk (Healthy),26,91.3,68.2,11,38,1,5.4,0,3.5
CUST-103046,62.9,Medium Risk (Warning),16,72.2,57.6,4320,2,2,17.0,0,5.0
CUST-103047,5.0,High Risk (Critical),8,22.1,13.0,25,13,3,65.3,1,2.0
CUST-103048,81.7,Low Risk (Healthy),26,86.9,67.3,1346,29,0,0.0,0,3.5
CUST-103049,15.8,High Risk (Critical),10,31.7,8.7,35,17,6,63.5,1,3.0
CUST-103050,14.7,High Risk (Critical),5,30.2,13.5,23,22,1,24.2,0,1.0
CUST-103051,30.8,High Risk (Critical),7,42.6,7.7,111,32,1,42.3,0,3.0
CUST-103052,5.0,High Risk (Critical),6,40.1,4.4,138,15,3,48.2,1,1.0
CUST-103053,31.3,High Risk (Critical),10,38.4,4.5,55,19,1,60.3,0,3.0
CUST-103054,34.8,High Risk (Critical),7,14.9,8.1,4,39,0,0.0,0,3.5
CUST-103055,69.8,Medium Risk (Warning),16,91.5,55.0,106,6,0,0.0,0,3.5
CUST-103056,14.1,High Risk (Critical),2,34.1,8.4,107,9,1,54.2,0,2.0
CUST-103057,24.1,High Risk (Critical),11,42.5,11.2,40,38,2,26.6,1,3.0
CUST-103058,5.0,High Risk (Critical),5,25.1,21.6,94,20,1,61.1,1,2.0
CUST-103059,19.3,High Risk (Critical),14,37.6,8.0,86,30,1,21.2,1,1.0
CUST-103060,46.9,Medium Risk (Warning),12,33.1,14.2,16,20,0,0.0,0,3.5
CUST-103061,77.9,Low Risk (Healthy),25,87.6,68.3,2322,23,1,13.7,0,4.0
CUST-103062,34.6,High Risk (Critical),8,39.0,19.8,104,42,1,14.1,0,3.0
CUST-103063,46.9,Medium Risk (Warning),14,24.2,5.3,130,38,0,0.0,0,3.5
CUST-103064,11.6,High Risk (Critical),10,37.4,20.5,87,16,3,67.0,1,2.0
CUST-103065,68.2,Medium Risk (Warning),17,81.9,32.0,52,34,0,0.0,0,3.5
CUST-103066,5.0,High Risk (Critical),6,33.3,5.6,137,39,2,39.8,1,1.0
CUST-103067,34.4,High Risk (Critical),3,31.2,9.0,73,7,0,0.0,0,3.5
CUST-103068,31.8,High Risk (Critical),5,13.7,5.2,40,27,0,0.0,0,3.5
CUST-103069,73.6,Low Risk (Healthy),23,83.9,51.2,1536,8,1,18.1,0,4.0
CUST-103070,5.0,High Risk (Critical),5,28.3,13.2,72,39,2,60.0,1,2.0
CUST-103071,81.9,Low Risk (Healthy),27,82.9,57.7,119,2,0,0.0,0,3.5
CUST-103072,76.3,Low Risk (Healthy),25,66.4,83.7,150,0,1,23.4,0,5.0
CUST-103073,73.7,Low Risk (Healthy),20,86.8,104.6,2196,16,0,0.0,0,3.5
CUST-103074,37.4,High Risk (Critical),7,23.5,8.0,118,36,0,0.0,0,3.5
CUST-103075,5.4,High Risk (Critical),6,40.5,15.1,138,4,3,70.0,0,1.0
CUST-103076,21.5,High Risk (Critical),14,26.1,12.7,28,3,2,24.2,0,1.0
CUST-103077,30.2,High Risk (Critical),4,12.8,8.1,117,29,0,0.0,0,3.5
CUST-103078,76.5,Low Risk (Healthy),26,92.1,44.1,2557,15,2,14.3,0,4.0
CUST-103079,29.2,High Risk (Critical),1,23.0,10.6,147,25,0,0.0,0,3.5
CUST-103080,38.4,High Risk (Critical),4,40.1,15.1,146,6,0,0.0,0,3.5
CUST-103081,5.9,High Risk (Critical),2,34.0,19.6,35,16,4,29.4,1,3.0
CUST-103082,72.3,Low Risk (Healthy),20,82.0,107.3,6652,13,0,0.0,0,3.5
CUST-103083,10.5,High Risk (Critical),6,18.1,8.4,125,43,3,23.2,0,2.0
CUST-103084,21.7,High Risk (Critical),8,42.4,7.7,122,9,2,45.2,0,2.0
CUST-103085,79.0,Low Risk (Healthy),29,64.4,101.4,3650,1,0,0.0,0,3.5
CUST-103086,65.4,Medium Risk (Warning),18,68.1,99.7,7,2,0,0.0,0,3.5
CUST-103087,75.4,Low Risk (Healthy),20,92.3,89.9,1798,29,0,0.0,0,3.5
CUST-103088,78.3,Low Risk (Healthy),24,84.3,76.8,2611,10,0,0.0,0,3.5
CUST-103089,73.4,Low Risk (Healthy),29,54.2,76.6,3676,42,1,12.6,0,4.0
CUST-103090,72.4,Low Risk (Healthy),22,73.7,71.7,788,42,0,0.0,0,3.5
CUST-103091,5.0,High Risk (Critical),1,41.6,20.5,56,25,4,53.5,0,2.0
CUST-103092,43.9,High Risk (Critical),11,27.5,16.5,113,27,0,0.0,0,3.5
CUST-103093,42.4,High Risk (Critical),6,44.5,18.2,132,29,0,0.0,0,3.5
CUST-103094,5.0,High Risk (Critical),1,14.2,13.6,144,3,4,30.9,0,1.0
CUST-103095,66.9,Medium Risk (Warning),18,63.4,61.1,48,24,1,17.2,0,5.0
CUST-103096,58.7,Medium Risk (Warning),16,59.6,77.5,50,20,1,4.2,0,4.0
CUST-103097,5.0,High Risk (Critical),7,30.0,21.9,98,6,3,15.0,1,1.0
CUST-103098,58.2,Medium Risk (Warning),16,52.8,44.0,1628,5,0,0.0,0,3.5
CUST-103099,37.0,High Risk (Critical),3,40.0,12.4,131,36,0,0.0,0,3.5
CUST-103100,36.7,High Risk (Critical),8,16.9,5.2,36,9,0,0.0,0,3.5
CUST-103101,16.5,High Risk (Critical),14,36.2,5.5,146,40,5,68.4,0,2.0
CUST-103102,16.7,High Risk (Critical),10,29.6,18.3,140,14,1,60.0,0,1.0
CUST-103103,71.9,Low Risk (Healthy),27,68.1,35.3,2,41,2,4.6,0,4.0
CUST-103104,27.9,High Risk (Critical),11,23.9,11.6,0,15,2,31.3,0,3.0
CUST-103105,26.0,High Risk (Critical),13,18.8,7.9,72,23,3,23.6,0,3.0
CUST-103106,73.9,Low Risk (Healthy),28,65.2,83.9,1845,25,1,23.8,0,4.0
CUST-103107,85.7,Low Risk (Healthy),29,86.7,54.0,1296,22,0,0.0,0,3.5
CUST-103108,68.7,Medium Risk (Warning),27,51.6,94.7,3409,4,1,22.3,0,4.0
CUST-103109,42.6,High Risk (Critical),12,18.8,21.2,94,43,0,0.0,0,3.5
CUST-103110,45.0,Medium Risk (Warning),13,22.2,19.8,29,42,0,0.0,0,3.5
CUST-103111,41.9,High Risk (Critical),13,11.8,4.1,49,18,0,0.0,0,3.5
CUST-103112,67.6,Medium Risk (Warning),23,79.2,67.8,113,45,2,22.7,0,4.0
CUST-103113,63.3,Medium Risk (Warning),18,74.2,26.8,104,22,1,24.0,0,4.0
CUST-103114,5.0,High Risk (Critical),9,31.8,21.8,108,36,3,25.2,1,1.0
CUST-103115,5.0,High Risk (Critical),1,23.8,6.4,99,18,3,62.0,1,1.0
CUST-103116,5.8,High Risk (Critical),9,22.5,12.5,107,39,4,27.5,1,2.0
CUST-103117,69.5,Medium Risk (Warning),25,50.5,39.3,133,20,0,0.0,0,3.5
CUST-103118,49.4,Medium Risk (Warning),12,41.4,12.6,143,16,0,0.0,0,3.5
CUST-103119,58.3,Medium Risk (Warning),19,58.1,103.6,3004,21,1,11.9,0,3.5
CUST-103120,53.1,Medium Risk (Warning),18,57.5,81.7,1307,7,2,8.9,0,3.5
CUST-103121,69.1,Medium Risk (Warning),22,62.7,60.1,94,10,0,0.0,0,3.5
CUST-103122,42.6,High Risk (Critical),12,18.6,4.7,129,0,0,0.0,0,3.5
CUST-103123,18.3,High Risk (Critical),3,40.5,13.8,16,8,1,47.0,0,2.0
CUST-103124,75.4,Low Risk (Healthy),21,87.0,74.5,4,14,2,5.7,0,5.0
CUST-103125,26.2,High Risk (Critical),1,13.0,10.2,64,42,0,0.0,0,3.5
CUST-103126,18.9,High Risk (Critical),11,29.0,13.1,8,32,2,19.5,0,1.0
CUST-103127,5.0,High Risk (Critical),5,33.3,10.0,46,12,3,63.7,1,2.0
CUST-103128,68.4,Medium Risk (Warning),20,90.6,103.3,94,19,1,19.8,0,3.5
CUST-103129,5.0,High Risk (Critical),2,29.2,8.4,16,7,5,47.1,0,1.0
CUST-103130,21.5,High Risk (Critical),7,43.2,20.7,124,41,1,22.6,0,1.0
CUST-103131,5.0,High Risk (Critical),1,27.7,16.7,78,0,1,70.9,1,2.0
CUST-103132,62.0,Medium Risk (Warning),17,61.2,105.4,7061,38,0,0.0,0,3.5
CUST-103133,14.8,High Risk (Critical),12,19.2,4.5,106,45,5,45.0,0,3.0
CUST-103134,5.4,High Risk (Critical),2,32.0,6.2,51,42,3,55.1,0,2.0
CUST-103135,45.8,Medium Risk (Warning),11,33.8,5.0,5,6,0,0.0,0,3.5
CUST-103136,71.5,Low Risk (Healthy),28,59.4,105.9,56,8,1,5.4,0,3.5
CUST-103137,82.4,Low Risk (Healthy),23,94.5,67.1,4764,19,1,21.0,0,5.0
CUST-103138,17.8,High Risk (Critical),4,21.3,20.5,64,44,1,15.3,0,2.0
CUST-103139,31.1,High Risk (Critical),11,36.7,6.1,17,22,2,36.7,0,3.0
CUST-103140,5.0,High Risk (Critical),8,18.1,5.5,103,21,3,18.0,1,1.0
CUST-103141,5.0,High Risk (Critical),1,13.1,15.5,2,8,1,35.3,1,1.0
CUST-103142,82.2,Low Risk (Healthy),25,92.9,75.9,120,43,0,0.0,0,3.5
CUST-103143,21.0,High Risk (Critical),8,30.8,15.7,86,10,1,23.6,1,3.0
CUST-103144,67.7,Medium Risk (Warning),21,61.9,105.7,49,11,2,7.2,0,5.0
CUST-103145,22.1,High Risk (Critical),5,34.8,18.2,110,36,1,24.2,0,2.0
CUST-103146,5.0,High Risk (Critical),5,13.8,9.5,6,34,4,45.0,0,1.0
CUST-103147,88.2,Low Risk (Healthy),28,84.2,89.4,138,38,1,3.3,0,5.0
CUST-103148,80.4,Low Risk (Healthy),28,73.6,99.9,3496,5,0,0.0,0,3.5
CUST-103149,44.5,High Risk (Critical),10,34.0,15.1,91,15,0,0.0,0,3.5
CUST-103150,27.6,High Risk (Critical),14,35.3,14.1,18,26,2,13.6,1,3.0
CUST-103151,59.4,Medium Risk (Warning),19,54.5,33.7,84,11,1,18.5,0,4.0
CUST-103152,70.6,Low Risk (Healthy),20,76.5,88.1,53,42,0,0.0,0,3.5
CUST-103153,16.8,High Risk (Critical),13,34.5,14.8,117,45,2,39.0,1,2.0
CUST-103154,13.2,High Risk (Critical),2,42.2,17.3,108,13,2,48.7,0,2.0
CUST-103155,73.0,Low Risk (Healthy),24,66.8,103.8,9,9,0,0.0,0,3.5
CUST-103156,24.4,High Risk (Critical),14,29.4,18.3,140,7,1,40.9,0,1.0
CUST-103157,81.8,Low Risk (Healthy),28,90.6,65.6,107,2,1,21.6,0,4.0
CUST-103158,5.0,High Risk (Critical),2,24.2,21.9,23,25,1,50.8,1,1.0
CUST-103159,5.0,High Risk (Critical),3,16.9,15.6,112,16,3,43.6,0,2.0
CUST-103160,53.7,Medium Risk (Warning),15,67.4,39.9,1236,9,2,20.0,0,4.0
CUST-103161,13.4,High Risk (Critical),3,42.3,5.0,31,30,1,42.1,0,1.0
CUST-103162,5.0,High Risk (Critical),6,33.3,12.9,21,27,1,70.7,1,1.0
CUST-103163,80.4,Low Risk (Healthy),27,70.2,86.9,31,17,1,21.4,0,5.0
CUST-103164,79.9,Low Risk (Healthy),26,80.9,78.6,22,45,0,0.0,0,3.5
CUST-103165,77.9,Low Risk (Healthy),29,60.7,74.4,41,24,0,0.0,0,3.5
CUST-103166,19.0,High Risk (Critical),12,21.5,4.7,147,29,1,59.6,1,3.0
CUST-103167,40.5,High Risk (Critical),11,16.0,12.0,30,39,0,0.0,0,3.5
CUST-103168,68.2,Medium Risk (Warning),22,59.4,59.8,1794,27,0,0.0,0,3.5
CUST-103169,80.9,Low Risk (Healthy),28,67.9,100.1,48,7,1,22.2,0,5.0
CUST-103170,67.5,Medium Risk (Warning),15,88.4,49.3,3598,44,0,0.0,0,3.5
CUST-103171,75.9,Low Risk (Healthy),19,84.8,29.6,89,45,1,6.8,0,5.0
CUST-103172,5.0,High Risk (Critical),4,17.8,19.8,11,34,3,22.5,1,1.0
CUST-103173,20.6,High Risk (Critical),4,41.3,15.2,30,36,2,56.8,0,3.0
CUST-103174,45.2,Medium Risk (Warning),9,40.6,14.3,63,3,0,0.0,0,3.5
CUST-103175,75.1,Low Risk (Healthy),27,60.4,27.3,132,20,0,0.0,0,3.5
CUST-103176,71.4,Low Risk (Healthy),19,74.1,43.2,2116,42,1,17.1,0,5.0
CUST-103177,30.6,High Risk (Critical),4,14.2,13.9,46,23,0,0.0,0,3.5
CUST-103178,73.5,Low Risk (Healthy),20,74.2,28.1,83,32,1,11.7,0,5.0
CUST-103179,5.0,High Risk (Critical),3,35.3,11.3,87,45,1,54.3,1,1.0
CUST-103180,7.7,High Risk (Critical),4,43.0,8.2,126,22,2,36.1,1,2.0
CUST-103181,13.3,High Risk (Critical),11,10.8,8.4,149,34,2,36.8,1,3.0
CUST-103182,61.6,Medium Risk (Warning),15,68.7,72.1,135,43,0,0.0,0,3.5
CUST-103183,73.8,Low Risk (Healthy),20,74.1,65.9,1581,11,1,8.8,0,5.0
CUST-103184,11.4,High Risk (Critical),2,10.1,20.6,82,40,1,66.1,0,3.0
CUST-103185,52.2,Medium Risk (Warning),17,56.7,28.6,109,17,2,4.1,0,3.5
CUST-103186,74.5,Low Risk (Healthy),25,67.1,60.8,82,23,0,0.0,0,3.5
CUST-103187,19.4,High Risk (Critical),12,28.6,20.3,84,1,4,57.5,0,3.0
CUST-103188,6.6,High Risk (Critical),3,13.8,10.0,58,11,1,44.2,1,3.0
CUST-103189,5.0,High Risk (Critical),2,34.8,10.0,111,36,2,28.9,1,2.0
CUST-103190,78.7,Low Risk (Healthy),22,94.4,65.8,55,37,0,0.0,0,3.5
CUST-103191,5.0,High Risk (Critical),1,27.1,6.4,94,2,2,65.7,0,1.0
CUST-103192,69.4,Medium Risk (Warning),16,90.1,90.7,56,34,0,0.0,0,3.5
CUST-103193,18.1,High Risk (Critical),10,37.9,21.7,43,12,1,69.0,0,1.0
CUST-103194,17.4,High Risk (Critical),9,13.9,17.1,2,15,3,38.0,0,3.0
CUST-103195,17.5,High Risk (Critical),10,37.3,16.7,138,24,5,59.3,1,3.0
CUST-103196,76.8,Low Risk (Healthy),28,61.7,76.0,54,2,0,0.0,0,3.5
CUST-103197,41.5,High Risk (Critical),12,14.9,15.4,46,13,0,0.0,0,3.5
CUST-103198,69.2,Medium Risk (Warning),18,80.7,71.3,4206,38,0,0.0,0,3.5
CUST-103199,8.8,High Risk (Critical),5,30.5,8.1,22,2,3,53.3,1,3.0
CUST-103200,42.5,High Risk (Critical),12,18.2,19.3,83,40,0,0.0,0,3.5
CUST-103201,57.6,Medium Risk (Warning),19,73.8,62.4,2932,37,2,23.3,0,3.5
CUST-103202,16.7,High Risk (Critical),1,25.3,7.4,23,17,2,18.0,0,3.0
CUST-103203,6.0,High Risk (Critical),2,30.1,13.2,25,0,2,29.7,0,1.0
CUST-103204,21.3,High Risk (Critical),14,15.6,17.4,89,18,3,16.7,0,2.0
CUST-103205,19.2,High Risk (Critical),10,25.7,16.0,38,32,1,30.9,0,1.0
CUST-103206,77.0,Low Risk (Healthy),28,62.3,72.6,3920,6,0,0.0,0,3.5
CUST-103207,75.7,Low Risk (Healthy),23,80.1,98.9,130,17,0,0.0,0,3.5
CUST-103208,5.0,High Risk (Critical),10,11.8,19.5,130,18,3,48.0,0,1.0
CUST-103209,40.2,High Risk (Critical),12,10.8,21.6,60,26,0,0.0,0,3.5
CUST-103210,23.4,High Risk (Critical),7,40.9,8.1,74,13,1,49.9,0,2.0
CUST-103211,5.0,High Risk (Critical),2,29.2,8.7,24,19,3,16.0,1,1.0
CUST-103212,5.0,High Risk (Critical),2,39.7,16.2,150,7,1,19.2,1,1.0
CUST-103213,28.8,High Risk (Critical),9,21.2,18.7,120,7,1,28.6,0,3.0
CUST-103214,71.0,Low Risk (Healthy),22,78.9,64.7,128,21,1,15.8,0,4.0
CUST-103215,12.0,High Risk (Critical),13,24.0,5.3,120,29,1,36.2,1,1.0
CUST-103216,12.3,High Risk (Critical),3,35.8,14.7,102,29,2,51.9,0,2.0
CUST-103217,31.0,High Risk (Critical),5,11.1,15.4,35,5,0,0.0,0,3.5
CUST-103218,83.1,Low Risk (Healthy),28,82.4,89.5,115,32,0,0.0,0,3.5
CUST-103219,24.6,High Risk (Critical),13,33.6,20.7,138,31,1,38.5,0,1.0
CUST-103220,6.7,High Risk (Critical),14,23.6,15.4,103,31,4,33.1,1,1.0
CUST-103221,78.8,Low Risk (Healthy),26,88.7,89.3,5893,16,1,19.8,0,4.0
CUST-103222,72.2,Low Risk (Healthy),26,61.3,67.5,94,41,1,6.8,0,4.0
CUST-103223,9.3,High Risk (Critical),3,24.3,12.3,70,31,3,63.9,0,3.0
CUST-103224,76.5,Low Risk (Healthy),26,74.2,38.3,93,19,1,3.5,0,4.0
CUST-103225,62.3,Medium Risk (Warning),20,65.6,37.9,2994,15,1,8.6,0,3.5
CUST-103226,11.7,High Risk (Critical),2,16.9,5.8,129,18,1,32.4,0,2.0
CUST-103227,5.0,High Risk (Critical),2,11.6,13.3,137,27,2,59.1,0,2.0
CUST-103228,8.8,High Risk (Critical),10,44.4,8.5,148,39,4,62.6,0,1.0
CUST-103229,14.0,High Risk (Critical),7,39.0,11.5,78,12,3,53.0,1,3.0
CUST-103230,5.0,High Risk (Critical),1,27.7,7.2,99,41,2,40.7,0,1.0
CUST-103231,85.4,Low Risk (Healthy),28,89.4,56.1,897,39,2,6.3,0,5.0
CUST-103232,10.1,High Risk (Critical),6,40.0,17.2,90,20,1,15.6,1,1.0
CUST-103233,69.3,Medium Risk (Warning),17,85.5,76.1,13,28,0,0.0,0,3.5
CUST-103234,26.6,High Risk (Critical),12,32.2,20.9,138,0,1,24.8,1,3.0
CUST-103235,69.5,Medium Risk (Warning),25,50.5,95.2,2094,37,0,0.0,0,3.5
CUST-103236,74.4,Low Risk (Healthy),24,71.3,85.8,69,0,0,0.0,0,3.5
CUST-103237,17.7,High Risk (Critical),10,22.5,14.8,56,28,1,35.4,0,1.0
CUST-103238,17.2,High Risk (Critical),6,12.0,15.7,69,38,2,35.4,0,3.0
CUST-103239,60.3,Medium Risk (Warning),16,60.0,62.0,138,32,0,0.0,0,3.5
CUST-103240,70.6,Low Risk (Healthy),24,58.8,75.3,2,16,0,0.0,0,3.5
CUST-103241,14.1,High Risk (Critical),6,23.0,15.3,89,10,1,22.0,0,1.0
CUST-103242,67.8,Medium Risk (Warning),19,71.4,89.1,44,28,0,0.0,0,3.5
CUST-103243,10.4,High Risk (Critical),13,32.1,18.8,124,27,1,68.6,1,1.0
CUST-103244,63.3,Medium Risk (Warning),17,73.8,29.1,36,8,1,12.1,0,4.0
CUST-103245,59.7,Medium Risk (Warning),16,57.9,37.5,28,13,0,0.0,0,3.5
CUST-103246,5.2,High Risk (Critical),3,34.3,11.1,149,26,4,40.6,0,2.0
CUST-103247,65.1,Medium Risk (Warning),19,67.9,39.0,42,38,1,4.7,0,4.0
CUST-103248,69.0,Medium Risk (Warning),21,66.7,33.6,90,34,0,0.0,0,3.5
CUST-103249,51.8,Medium Risk (Warning),15,53.7,42.3,1903,43,1,10.8,0,3.5
CUST-103250,71.0,Low Risk (Healthy),20,77.7,42.1,121,31,0,0.0,0,3.5
CUST-103251,64.9,Medium Risk (Warning),17,70.9,97.5,81,30,0,0.0,0,3.5
CUST-103252,74.6,Low Risk (Healthy),25,67.5,41.9,1466,24,0,0.0,0,3.5
CUST-103253,60.3,Medium Risk (Warning),15,64.2,41.5,2158,22,0,0.0,0,3.5
CUST-103254,5.0,High Risk (Critical),4,20.9,15.3,107,17,1,24.0,1,1.0
CUST-103255,5.0,High Risk (Critical),7,21.7,19.3,133,41,2,61.2,1,2.0
CUST-103256,70.4,Low Risk (Healthy),22,64.7,67.7,1963,41,2,2.4,0,5.0
CUST-103257,57.5,Medium Risk (Warning),16,50.5,35.3,56,39,0,0.0,0,3.5
CUST-103258,26.0,High Risk (Critical),6,44.2,9.9,80,20,1,26.4,0,2.0
CUST-103259,19.1,High Risk (Critical),8,22.0,4.9,68,13,2,17.0,0,2.0
CUST-103260,5.0,High Risk (Critical),3,35.1,8.5,104,13,4,65.1,1,1.0
CUST-103261,5.0,High Risk (Critical),5,21.8,15.7,19,26,2,21.6,1,2.0
CUST-103262,5.0,High Risk (Critical),3,15.6,9.7,120,45,2,64.2,0,2.0
CUST-103263,5.0,High Risk (Critical),5,16.4,7.0,34,22,3,70.4,1,3.0
CUST-103264,48.1,Medium Risk (Warning),11,41.6,6.6,19,27,0,0.0,0,3.5
CUST-103265,38.0,High Risk (Critical),4,38.8,12.3,31,36,0,0.0,0,3.5
CUST-103266,77.8,Low Risk (Healthy),27,93.5,58.3,5,9,2,18.1,0,4.0
CUST-103267,5.0,High Risk (Critical),6,13.4,12.3,47,39,3,71.3,1,1.0
CUST-103268,73.3,Low Risk (Healthy),28,61.0,90.8,17,4,1,18.8,0,4.0
CUST-103269,56.7,Medium Risk (Warning),15,72.1,52.1,60,23,1,15.3,0,3.5
CUST-103270,70.8,Low Risk (Healthy),25,54.9,65.7,4861,44,0,0.0,0,3.5
CUST-103271,10.7,High Risk (Critical),10,19.4,20.5,51,25,2,19.6,1,2.0
CUST-103272,28.0,High Risk (Critical),13,35.1,21.2,65,45,1,31.2,1,3.0
CUST-103273,32.0,High Risk (Critical),10,36.7,9.7,146,18,2,18.6,0,3.0
CUST-103274,68.9,Medium Risk (Warning),15,93.1,37.1,18,17,0,0.0,0,3.5
CUST-103275,75.3,Low Risk (Healthy),26,71.2,27.0,94,9,1,6.0,0,4.0
CUST-103276,5.0,High Risk (Critical),2,27.3,6.1,21,45,1,17.4,1,1.0
CUST-103277,60.8,Medium Risk (Warning),15,87.3,51.5,2214,24,1,19.4,0,3.5
CUST-103278,76.3,Low Risk (Healthy),26,77.6,108.1,2270,42,1,12.8,0,4.0
CUST-103279,25.1,High Risk (Critical),10,32.9,6.8,53,9,2,16.7,0,2.0
CUST-103280,70.5,Low Risk (Healthy),22,86.0,87.2,2616,24,2,4.9,0,4.0
CUST-103281,63.5,Medium Risk (Warning),16,70.4,81.2,5359,33,0,0.0,0,3.5
CUST-103282,12.0,High Risk (Critical),9,31.9,11.1,37,15,4,44.4,0,2.0
CUST-103283,5.0,High Risk (Critical),6,24.2,19.2,19,28,3,41.1,1,1.0
CUST-103284,63.1,Medium Risk (Warning),16,55.3,105.5,133,45,1,6.9,0,5.0
CUST-103285,44.3,High Risk (Critical),9,37.6,7.7,149,33,0,0.0,0,3.5
CUST-103286,12.7,High Risk (Critical),5,19.2,21.4,108,35,2,30.0,0,2.0
CUST-103287,86.8,Low Risk (Healthy),29,90.5,73.7,5306,7,0,0.0,0,3.5
CUST-103288,74.2,Low Risk (Healthy),26,61.8,68.0,5168,45,0,0.0,0,3.5
CUST-103289,5.0,High Risk (Critical),13,17.5,16.4,43,24,4,64.5,1,1.0
CUST-103290,66.6,Medium Risk (Warning),17,64.8,92.1,3868,26,1,12.0,0,5.0
CUST-103291,13.1,High Risk (Critical),11,11.9,9.8,25,17,1,25.0,1,2.0
CUST-103292,17.6,High Risk (Critical),2,22.1,17.7,117,5,1,45.8,0,3.0
CUST-103293,10.7,High Risk (Critical),3,18.3,15.9,48,3,2,22.2,0,2.0
CUST-103294,67.2,Medium Risk (Warning),21,60.5,29.8,81,42,0,0.0,0,3.5
CUST-103295,48.7,Medium Risk (Warning),14,30.2,4.1,149,27,0,0.0,0,3.5
CUST-103296,40.3,High Risk (Critical),8,28.7,4.9,129,28,0,0.0,0,3.5
CUST-103297,11.8,High Risk (Critical),3,38.7,18.4,121,42,1,14.2,1,2.0
CUST-103298,73.0,Low Risk (Healthy),22,65.8,56.2,35,45,1,16.7,0,5.0
CUST-103299,5.0,High Risk (Critical),10,12.3,17.1,15,40,2,62.5,1,1.0
CUST-103300,6.8,High Risk (Critical),12,20.9,8.5,49,28,2,27.9,1,1.0
CUST-103301,69.3,Medium Risk (Warning),21,75.0,34.1,1943,27,1,9.7,0,4.0
CUST-103302,64.9,Medium Risk (Warning),19,61.8,28.8,42,45,0,0.0,0,3.5
CUST-103303,14.7,High Risk (Critical),1,27.6,14.4,75,19,1,71.5,0,3.0
CUST-103304,79.6,Low Risk (Healthy),28,71.0,86.2,4913,39,0,0.0,0,3.5
CUST-103305,41.3,High Risk (Critical),11,18.8,11.0,1,17,0,0.0,0,3.5
CUST-103306,5.0,High Risk (Critical),4,17.1,12.5,120,16,2,45.6,1,2.0
CUST-103307,31.5,High Risk (Critical),14,30.2,11.8,66,7,2,49.5,0,3.0
CUST-103308,20.0,High Risk (Critical),9,38.0,9.5,141,30,1,59.1,1,3.0
CUST-103309,75.7,Low Risk (Healthy),21,90.1,100.9,3834,34,2,11.0,0,5.0
CUST-103310,5.0,High Risk (Critical),7,24.2,17.5,93,41,2,71.7,1,1.0
CUST-103311,74.3,Low Risk (Healthy),25,66.5,40.4,67,7,0,0.0,0,3.5
CUST-103312,64.7,Medium Risk (Warning),15,83.6,73.7,2432,0,1,2.8,0,4.0
CUST-103313,60.7,Medium Risk (Warning),18,52.3,62.1,3974,9,0,0.0,0,3.5
CUST-103314,37.1,High Risk (Critical),4,35.9,9.3,40,36,0,0.0,0,3.5
CUST-103315,33.9,High Risk (Critical),1,38.7,6.3,94,14,0,0.0,0,3.5
CUST-103316,6.7,High Risk (Critical),11,21.1,18.3,26,0,3,66.5,0,1.0
CUST-103317,83.8,Low Risk (Healthy),23,93.6,71.0,4828,1,1,7.2,0,5.0
CUST-103318,84.4,Low Risk (Healthy),27,91.4,61.5,2521,27,0,0.0,0,3.5
CUST-103319,60.1,Medium Risk (Warning),24,59.3,102.9,1543,32,2,21.3,0,3.5
CUST-103320,61.6,Medium Risk (Warning),19,64.2,61.0,1830,29,1,23.7,0,4.0
CUST-103321,72.3,Low Risk (Healthy),22,86.2,46.5,36,9,1,23.3,0,4.0
CUST-103322,58.2,Medium Risk (Warning),19,56.2,48.0,26,4,1,8.3,0,3.5
CUST-103323,5.0,High Risk (Critical),1,35.4,18.6,132,25,3,59.7,1,2.0
CUST-103324,8.2,High Risk (Critical),4,23.8,10.3,79,9,2,34.1,1,3.0
CUST-103325,38.0,High Risk (Critical),13,43.9,5.6,126,40,1,52.1,0,3.0
CUST-103326,37.5,High Risk (Critical),14,41.6,18.0,116,9,1,13.5,0,2.0
CUST-103327,30.8,High Risk (Critical),9,24.4,14.5,20,31,1,19.8,0,3.0
CUST-103328,48.7,Medium Risk (Warning),12,38.9,11.8,108,31,0,0.0,0,3.5
CUST-103329,74.0,Low Risk (Healthy),23,74.3,51.7,4084,38,0,0.0,0,3.5
CUST-103330,12.3,High Risk (Critical),3,13.4,13.2,56,27,2,46.1,0,3.0
CUST-103331,15.7,High Risk (Critical),10,31.4,16.0,145,5,3,56.5,0,2.0
CUST-103332,61.0,Medium Risk (Warning),16,62.1,101.1,110,16,0,0.0,0,3.5
CUST-103333,76.7,Low Risk (Healthy),25,77.5,43.8,126,2,2,15.4,0,5.0
CUST-103334,92.0,Low Risk (Healthy),29,94.1,48.4,148,30,1,7.2,0,5.0
CUST-103335,15.0,High Risk (Critical),4,23.0,13.0,83,21,2,58.2,0,3.0
CUST-103336,5.0,High Risk (Critical),7,17.0,20.5,138,41,4,64.3,1,1.0
CUST-103337,62.5,Medium Risk (Warning),16,59.8,29.9,58,43,1,22.1,0,5.0
CUST-103338,74.6,Low Risk (Healthy),25,67.4,99.6,73,24,0,0.0,0,3.5
CUST-103339,45.6,Medium Risk (Warning),10,37.5,18.0,31,4,0,0.0,0,3.5
CUST-103340,24.6,High Risk (Critical),13,33.2,13.9,26,32,2,53.2,0,2.0
CUST-103341,18.1,High Risk (Critical),6,32.7,4.7,94,20,2,29.4,0,2.0
CUST-103342,30.4,High Risk (Critical),1,26.9,5.1,136,17,0,0.0,0,3.5
CUST-103343,62.2,Medium Risk (Warning),21,51.4,50.2,148,19,1,10.0,0,4.0
CUST-103344,65.6,Medium Risk (Warning),18,59.0,97.4,21,4,1,16.9,0,5.0
CUST-103345,30.7,High Risk (Critical),12,14.6,8.9,13,41,1,29.5,0,3.0
CUST-103346,14.0,High Risk (Critical),12,14.9,5.7,107,29,1,67.7,0,1.0
CUST-103347,66.9,Medium Risk (Warning),29,71.5,97.5,2535,18,3,17.7,0,3.5
CUST-103348,65.2,Medium Risk (Warning),16,92.5,86.6,23,36,1,7.1,0,3.5
CUST-103349,22.3,High Risk (Critical),9,44.4,13.9,8,12,1,40.5,0,1.0
CUST-103350,82.3,Low Risk (Healthy),29,75.3,69.1,78,28,0,0.0,0,3.5
CUST-103351,76.4,Low Risk (Healthy),29,55.8,107.0,8132,9,0,0.0,0,3.5
CUST-103352,64.4,Medium Risk (Warning),15,77.9,64.6,646,21,0,0.0,0,3.5
CUST-103353,15.6,High Risk (Critical),11,26.4,15.4,46,16,5,49.7,0,3.0
CUST-103354,69.9,Medium Risk (Warning),22,65.1,37.7,72,13,0,0.0,0,3.5
CUST-103355,5.0,High Risk (Critical),1,16.1,21.2,34,24,3,17.8,0,1.0
CUST-103356,77.9,Low Risk (Healthy),24,83.0,82.4,43,30,0,0.0,0,3.5
CUST-103357,46.3,Medium Risk (Warning),14,22.1,7.1,123,27,0,0.0,0,3.5
CUST-103358,32.9,High Risk (Critical),2,30.7,15.1,75,40,0,0.0,0,3.5
CUST-103359,80.3,Low Risk (Healthy),27,77.6,78.9,127,32,0,0.0,0,3.5
CUST-103360,10.5,High Risk (Critical),7,23.0,20.7,127,21,4,62.2,0,3.0
CUST-103361,5.0,High Risk (Critical),5,24.5,20.1,120,11,2,26.8,1,2.0
CUST-103362,76.1,Low Risk (Healthy),23,83.6,30.3,27,41,2,13.1,0,5.0
CUST-103363,63.1,Medium Risk (Warning),22,86.9,72.3,132,42,4,2.1,0,4.0
CUST-103364,6.6,High Risk (Critical),1,25.4,21.1,27,27,1,51.1,1,3.0
CUST-103365,5.0,High Risk (Critical),4,20.3,6.3,82,10,5,46.4,1,1.0
CUST-103366,7.4,High Risk (Critical),3,29.9,6.9,72,32,4,12.7,0,2.0
CUST-103367,5.0,High Risk (Critical),7,13.4,4.1,116,33,2,65.9,1,2.0
CUST-103368,76.6,Low Risk (Healthy),27,56.9,52.7,11,27,1,19.7,0,5.0
CUST-103369,5.0,High Risk (Critical),1,23.1,4.0,19,21,2,45.1,1,3.0
CUST-103370,74.8,Low Risk (Healthy),21,85.9,51.2,563,12,0,0.0,0,3.5
CUST-103371,5.0,High Risk (Critical),5,18.0,19.4,8,16,3,38.8,1,2.0
CUST-103372,85.6,Low Risk (Healthy),29,92.9,52.8,83,29,1,7.8,0,4.0
CUST-103373,12.6,High Risk (Critical),3,29.9,13.5,24,1,1,19.2,0,1.0
CUST-103374,85.4,Low Risk (Healthy),28,90.3,70.5,75,10,0,0.0,0,3.5
CUST-103375,70.0,Low Risk (Healthy),19,78.8,99.4,75,30,0,0.0,0,3.5
CUST-103376,81.8,Low Risk (Healthy),25,78.9,80.8,3232,19,1,9.3,0,5.0
CUST-103377,9.1,High Risk (Critical),2,44.7,8.6,89,10,3,61.3,1,3.0
CUST-103378,17.3,High Risk (Critical),1,35.6,6.6,123,1,1,22.0,0,2.0
CUST-103379,23.2,High Risk (Critical),4,38.4,15.2,102,34,1,61.2,0,3.0
CUST-103380,16.0,High Risk (Critical),11,27.7,13.4,44,35,4,36.4,1,3.0
CUST-103381,66.0,Medium Risk (Warning),21,66.0,89.6,54,37,1,14.4,0,4.0
CUST-103382,47.4,Medium Risk (Warning),15,63.3,106.6,17,37,3,5.0,0,3.5
CUST-103383,74.8,Low Risk (Healthy),29,65.0,70.6,2188,41,1,2.7,0,3.5
CUST-103384,8.7,High Risk (Critical),9,11.2,21.4,10,29,2,37.6,0,1.0
CUST-103385,28.8,High Risk (Critical),3,12.5,11.2,97,37,0,0.0,0,3.5
CUST-103386,40.1,High Risk (Critical),11,14.8,14.2,17,19,0,0.0,0,3.5
CUST-103387,77.1,Low Risk (Healthy),22,89.2,50.2,85,27,0,0.0,0,3.5
CUST-103388,57.8,Medium Risk (Warning),18,73.2,101.5,2233,3,2,9.6,0,3.5
CUST-103389,9.4,High Risk (Critical),11,24.3,10.7,75,13,3,20.2,1,2.0
CUST-103390,82.3,Low Risk (Healthy),27,84.5,36.9,2804,31,0,0.0,0,3.5
CUST-103391,12.3,High Risk (Critical),11,44.2,12.0,106,8,4,45.2,0,1.0
CUST-103392,80.2,Low Risk (Healthy),28,72.9,40.4,39,38,0,0.0,0,3.5
CUST-103393,61.9,Medium Risk (Warning),17,60.8,87.2,4970,3,0,0.0,0,3.5
CUST-103394,68.5,Medium Risk (Warning),22,75.4,92.3,103,38,1,3.5,0,3.5
CUST-103395,59.7,Medium Risk (Warning),16,58.0,59.0,96,8,0,0.0,0,3.5
CUST-103396,17.8,High Risk (Critical),6,39.5,11.8,67,37,3,16.8,0,2.0
CUST-103397,66.8,Medium Risk (Warning),16,81.5,94.7,132,8,0,0.0,0,3.5
CUST-103398,21.0,High Risk (Critical),5,22.4,11.3,113,39,1,50.9,0,3.0
CUST-103399,60.0,Medium Risk (Warning),18,66.2,76.2,4876,21,1,6.9,0,3.5
CUST-103400,59.9,Medium Risk (Warning),21,54.3,61.8,73,38,3,19.5,0,5.0
CUST-103401,7.7,High Risk (Critical),13,24.9,7.4,41,25,2,41.0,1,1.0
CUST-103402,74.3,Low Risk (Healthy),27,64.7,74.3,4978,8,1,8.6,0,4.0
CUST-103403,5.0,High Risk (Critical),5,23.9,7.5,67,21,2,53.8,1,1.0
CUST-103404,62.8,Medium Risk (Warning),20,50.6,86.0,3440,9,0,0.0,0,3.5
CUST-103405,27.4,High Risk (Critical),14,18.3,6.7,63,30,2,53.8,0,3.0
CUST-103406,16.1,High Risk (Critical),12,14.9,19.0,45,5,2,66.8,0,2.0
CUST-103407,63.4,Medium Risk (Warning),15,74.8,107.4,90,1,0,0.0,0,3.5
CUST-103408,19.6,High Risk (Critical),10,34.2,13.3,142,7,3,32.0,0,2.0
CUST-103409,77.7,Low Risk (Healthy),25,70.9,54.6,86,16,1,23.5,0,5.0
CUST-103410,22.8,High Risk (Critical),14,40.3,19.8,122,24,2,15.6,1,2.0
CUST-103411,65.3,Medium Risk (Warning),17,72.2,69.6,2853,9,0,0.0,0,3.5
CUST-103412,69.2,Medium Risk (Warning),15,80.8,80.3,4898,0,1,8.4,0,5.0
CUST-103413,5.0,High Risk (Critical),2,27.5,8.4,48,1,2,32.2,1,1.0
CUST-103414,7.9,High Risk (Critical),2,37.2,18.7,58,28,4,15.7,0,2.0
CUST-103415,32.7,High Risk (Critical),1,34.7,10.8,79,14,0,0.0,0,3.5
CUST-103416,38.1,High Risk (Critical),12,45.0,12.9,73,19,1,43.2,0,3.0
CUST-103417,20.6,High Risk (Critical),13,38.5,8.7,42,2,3,66.2,0,2.0
CUST-103418,16.2,High Risk (Critical),3,39.1,9.8,34,3,4,12.6,0,3.0
CUST-103419,5.0,High Risk (Critical),1,35.5,11.1,78,4,2,17.7,1,1.0
CUST-103420,73.2,Low Risk (Healthy),22,76.2,78.7,2990,39,0,0.0,0,3.5
CUST-103421,5.0,High Risk (Critical),6,17.0,20.7,70,7,2,47.3,1,1.0
CUST-103422,15.9,High Risk (Critical),9,31.8,17.2,49,12,4,60.9,0,3.0
CUST-103423,10.0,High Risk (Critical),6,14.2,6.2,29,25,1,34.0,0,1.0
CUST-103424,76.8,Low Risk (Healthy),23,83.9,95.9,4603,27,0,0.0,0,3.5
CUST-103425,5.0,High Risk (Critical),4,14.7,4.6,77,5,2,70.0,1,3.0
CUST-103426,21.3,High Risk (Critical),12,40.0,4.3,26,16,1,69.4,0,1.0
CUST-103427,9.6,High Risk (Critical),9,15.2,7.7,82,19,4,15.4,1,3.0
CUST-103428,72.1,Low Risk (Healthy),24,63.8,101.4,7706,7,0,0.0,0,3.5
CUST-103429,43.8,High Risk (Critical),9,36.1,8.9,40,12,0,0.0,0,3.5
CUST-103430,73.1,Low Risk (Healthy),27,53.7,40.0,102,39,0,0.0,0,3.5
CUST-103431,64.5,Medium Risk (Warning),20,78.0,87.5,36,4,2,12.4,0,4.0
CUST-103432,65.0,Medium Risk (Warning),22,54.7,108.2,4328,8,1,5.7,0,4.0
CUST-103433,5.0,High Risk (Critical),2,11.2,13.4,92,2,1,42.0,1,1.0
CUST-103434,70.7,Low Risk (Healthy),20,92.0,89.9,78,45,1,4.4,0,3.5
CUST-103435,73.2,Low Risk (Healthy),21,80.8,96.1,47,6,0,0.0,0,3.5
CUST-103436,21.2,High Risk (Critical),9,25.5,14.9,66,7,2,67.7,0,3.0
CUST-103437,6.5,High Risk (Critical),11,16.1,12.1,51,9,2,67.7,1,2.0
CUST-103438,64.5,Medium Risk (Warning),24,62.8,59.5,3689,37,2,18.8,0,4.0
CUST-103439,12.2,High Risk (Critical),2,33.8,15.1,21,36,2,36.6,0,2.0
CUST-103440,5.0,High Risk (Critical),1,20.7,19.8,28,21,1,38.5,1,1.0
CUST-103441,5.0,High Risk (Critical),3,24.9,16.9,122,25,2,65.5,1,1.0
CUST-103442,31.0,High Risk (Critical),4,15.4,5.6,84,38,0,0.0,0,3.5
CUST-103443,17.1,High Risk (Critical),10,15.4,18.3,78,21,1,71.1,0,2.0
CUST-103444,55.5,Medium Risk (Warning),16,56.0,54.5,91,14,1,21.3,0,4.0
CUST-103445,70.1,Low Risk (Healthy),29,59.2,76.3,4272,2,2,18.9,0,4.0
CUST-103446,16.6,High Risk (Critical),11,29.8,9.8,91,22,2,66.5,1,3.0
CUST-103447,50.8,Medium Risk (Warning),16,62.8,63.3,3924,13,2,19.1,0,3.5
CUST-103448,75.1,Low Risk (Healthy),21,87.0,92.4,130,10,0,0.0,0,3.5
CUST-103449,79.2,Low Risk (Healthy),22,87.6,75.1,14,43,1,19.0,0,5.0
CUST-103450,5.0,High Risk (Critical),5,45.0,11.8,57,14,1,68.2,1,1.0
CUST-103451,16.9,High Risk (Critical),13,26.9,5.4,56,36,1,51.8,1,2.0
CUST-103452,5.0,High Risk (Critical),7,28.9,17.4,80,3,3,46.8,1,2.0
CUST-103453,68.7,Medium Risk (Warning),19,60.0,65.4,3466,14,1,5.4,0,5.0
CUST-103454,37.3,High Risk (Critical),7,23.3,12.7,116,5,0,0.0,0,3.5
CUST-103455,70.3,Low Risk (Healthy),21,73.3,103.6,34,43,2,13.2,0,5.0
CUST-103456,32.9,High Risk (Critical),2,30.7,16.2,135,34,0,0.0,0,3.5
CUST-103457,37.1,High Risk (Critical),4,35.8,19.2,23,30,0,0.0,0,3.5
CUST-103458,73.2,Low Risk (Healthy),27,53.9,63.5,59,21,0,0.0,0,3.5
CUST-103459,18.3,High Risk (Critical),12,31.1,15.6,103,3,3,51.8,1,3.0
CUST-103460,72.3,Low Risk (Healthy),24,54.9,46.8,52,39,1,17.2,0,5.0
CUST-103461,5.0,High Risk (Critical),7,30.1,15.1,99,21,1,68.8,1,1.0
CUST-103462,11.8,High Risk (Critical),4,11.3,8.3,138,11,1,39.7,0,2.0
CUST-103463,15.6,High Risk (Critical),6,36.5,16.7,104,21,2,26.9,1,3.0
CUST-103464,80.2,Low Risk (Healthy),27,70.0,105.5,4325,26,1,22.2,0,5.0
CUST-103465,67.9,Medium Risk (Warning),15,91.5,92.4,91,26,2,12.1,0,5.0
CUST-103466,5.0,High Risk (Critical),11,29.4,16.4,11,27,2,52.1,1,1.0
CUST-103467,71.5,Low Risk (Healthy),20,79.4,47.1,147,27,0,0.0,0,3.5
CUST-103468,76.8,Low Risk (Healthy),28,61.4,65.6,1639,23,0,0.0,0,3.5
CUST-103469,9.7,High Risk (Critical),13,37.8,5.0,14,44,5,66.7,0,1.0
CUST-103470,69.8,Medium Risk (Warning),25,61.8,35.5,2840,24,1,16.7,0,4.0
CUST-103471,6.9,High Risk (Critical),8,31.3,21.2,144,45,3,57.0,0,1.0
CUST-103472,5.0,High Risk (Critical),3,40.1,9.0,82,1,3,40.6,1,1.0
CUST-103473,74.6,Low Risk (Healthy),23,63.9,84.5,8,18,1,10.1,0,5.0
CUST-103474,28.4,High Risk (Critical),2,15.9,14.1,103,37,0,0.0,0,3.5
CUST-103475,5.0,High Risk (Critical),1,39.9,9.2,27,15,4,41.1,0,1.0
CUST-103476,87.0,Low Risk (Healthy),29,91.0,29.3,84,21,0,0.0,0,3.5
CUST-103477,58.5,Medium Risk (Warning),19,63.7,50.6,2378,37,1,23.6,0,3.5
CUST-103478,8.5,High Risk (Critical),4,33.9,6.4,9,12,5,36.0,1,3.0
CUST-103479,16.6,High Risk (Critical),14,19.1,18.4,8,6,3,62.0,0,2.0
CUST-103480,18.2,High Risk (Critical),4,28.6,17.8,31,37,1,29.8,0,2.0
CUST-103481,75.9,Low Risk (Healthy),24,61.8,52.7,87,31,1,5.2,0,5.0
CUST-103482,8.5,High Risk (Critical),8,36.3,5.3,128,26,4,24.6,0,1.0
CUST-103483,5.0,High Risk (Critical),7,16.1,14.2,40,38,4,57.4,1,1.0
CUST-103484,14.8,High Risk (Critical),7,19.5,6.0,137,41,1,19.0,0,1.0
CUST-103485,56.0,Medium Risk (Warning),16,64.4,67.6,36,29,3,21.4,0,5.0
CUST-103486,76.2,Low Risk (Healthy),29,55.0,101.6,3454,14,0,0.0,0,3.5
CUST-103487,28.4,High Risk (Critical),3,11.2,21.6,89,4,0,0.0,0,3.5
CUST-103488,66.2,Medium Risk (Warning),22,81.3,93.8,24,1,2,4.3,0,3.5
CUST-103489,55.5,Medium Risk (Warning),21,53.7,93.8,106,6,2,13.0,0,3.5
CUST-103490,45.4,Medium Risk (Warning),12,28.0,6.6,93,16,0,0.0,0,3.5
CUST-103491,5.0,High Risk (Critical),1,30.2,8.3,64,30,2,39.1,0,1.0
CUST-103492,29.4,High Risk (Critical),14,30.9,5.5,58,4,1,52.5,0,2.0
CUST-103493,16.6,High Risk (Critical),14,36.4,7.5,59,44,4,31.7,1,2.0
CUST-103494,9.8,High Risk (Critical),2,35.5,16.2,92,2,1,60.3,1,3.0
CUST-103495,20.3,High Risk (Critical),14,31.6,14.9,128,42,4,30.4,0,2.0
CUST-103496,43.6,High Risk (Critical),11,26.3,6.6,27,21,0,0.0,0,3.5
CUST-103497,47.1,Medium Risk (Warning),11,38.1,11.4,40,28,0,0.0,0,3.5
CUST-103498,53.6,Medium Risk (Warning),15,50.7,83.2,3827,34,1,13.0,0,4.0
CUST-103499,19.3,High Risk (Critical),9,40.5,11.2,79,11,1,22.9,1,2.0
CUST-103500,5.0,High Risk (Critical),6,26.2,14.5,28,18,4,25.8,1,1.0
CUST-103501,65.5,Medium Risk (Warning),20,69.4,33.0,139,38,1,16.0,0,4.0
CUST-103502,24.7,High Risk (Critical),11,35.4,6.6,116,43,1,36.8,1,3.0
CUST-103503,63.9,Medium Risk (Warning),20,54.2,109.6,8768,16,0,0.0,0,3.5
CUST-103504,35.1,High Risk (Critical),14,30.7,7.2,92,0,1,54.4,0,3.0
CUST-103505,75.1,Low Risk (Healthy),27,78.6,35.4,85,40,2,4.2,0,4.0
CUST-103506,13.6,High Risk (Critical),13,30.8,17.2,145,8,2,61.9,1,2.0
CUST-103507,5.0,High Risk (Critical),6,18.2,21.9,94,35,1,22.4,1,1.0
CUST-103508,70.4,Low Risk (Healthy),22,66.9,44.9,14,41,0,0.0,0,3.5
CUST-103509,88.4,Low Risk (Healthy),28,85.4,107.3,3111,19,1,4.2,0,5.0
CUST-103510,26.2,High Risk (Critical),8,34.3,16.0,84,18,1,70.0,0,3.0
CUST-103511,5.0,High Risk (Critical),1,44.2,5.3,96,13,2,18.6,1,1.0
CUST-103512,12.6,High Risk (Critical),1,17.0,4.3,112,14,2,30.5,0,3.0
CUST-103513,23.7,High Risk (Critical),14,26.1,18.7,122,23,1,38.0,0,1.0
CUST-103514,65.5,Medium Risk (Warning),20,59.5,37.8,23,13,0,0.0,0,3.5
CUST-103515,16.9,High Risk (Critical),8,20.7,11.6,67,14,2,31.6,0,2.0
CUST-103516,76.3,Low Risk (Healthy),26,68.8,30.3,28,0,0,0.0,0,3.5
CUST-103517,78.6,Low Risk (Healthy),26,76.3,51.7,83,21,0,0.0,0,3.5
CUST-103518,25.5,High Risk (Critical),7,33.6,15.7,11,18,1,63.5,0,3.0
CUST-103519,37.6,High Risk (Critical),11,36.4,18.1,27,18,1,16.0,0,3.0
CUST-103520,13.3,High Risk (Critical),11,42.9,6.2,54,29,1,49.6,1,1.0
CUST-103521,66.2,Medium Risk (Warning),22,53.0,48.2,1735,37,0,0.0,0,3.5
CUST-103522,46.1,Medium Risk (Warning),12,30.2,14.7,135,8,0,0.0,0,3.5
CUST-103523,22.5,High Risk (Critical),5,18.4,8.8,36,44,1,29.6,0,3.0
CUST-103524,45.7,Medium Risk (Warning),10,38.0,13.0,74,36,0,0.0,0,3.5
CUST-103525,10.6,High Risk (Critical),1,26.0,16.4,50,29,2,68.3,0,3.0
CUST-103526,71.2,Low Risk (Healthy),27,60.0,67.3,42,34,1,22.0,0,4.0
CUST-103527,67.4,Medium Risk (Warning),27,66.3,96.6,85,29,3,3.8,0,4.0
CUST-103528,5.0,High Risk (Critical),1,23.3,20.9,69,3,2,19.9,1,2.0
CUST-103529,27.0,High Risk (Critical),11,20.7,12.6,9,24,1,63.0,0,3.0
CUST-103530,5.9,High Risk (Critical),12,13.5,11.3,31,10,1,49.6,1,1.0
CUST-103531,12.3,High Risk (Critical),2,29.5,10.1,32,16,1,57.7,0,2.0
CUST-103532,5.0,High Risk (Critical),1,27.4,21.6,37,33,2,41.5,1,1.0
CUST-103533,11.9,High Risk (Critical),4,33.8,20.6,98,12,1,12.3,1,2.0
CUST-103534,14.5,High Risk (Critical),6,22.0,20.1,82,0,1,16.9,0,1.0
CUST-103535,5.0,High Risk (Critical),2,38.9,7.7,13,16,1,12.1,1,1.0
CUST-103536,70.4,Low Risk (Healthy),22,67.0,101.4,2636,13,0,0.0,0,3.5
CUST-103537,80.7,Low Risk (Healthy),26,83.4,76.5,1300,33,0,0.0,0,3.5
CUST-103538,17.9,High Risk (Critical),6,12.1,10.7,74,27,1,61.8,0,3.0
CUST-103539,73.8,Low Risk (Healthy),26,60.5,51.5,24,42,0,0.0,0,3.5
CUST-103540,45.1,Medium Risk (Warning),10,35.8,6.7,95,38,0,0.0,0,3.5
CUST-103541,13.7,High Risk (Critical),10,24.6,7.6,58,1,3,36.2,1,3.0
CUST-103542,75.8,Low Risk (Healthy),29,53.9,104.1,8,2,0,0.0,0,3.5
CUST-103543,5.0,High Risk (Critical),3,19.7,4.5,69,38,3,46.8,0,1.0
CUST-103544,8.4,High Risk (Critical),6,44.5,5.6,84,18,5,49.5,1,2.0
CUST-103545,5.0,High Risk (Critical),3,26.2,10.1,15,44,3,57.5,1,2.0
CUST-103546,71.9,Low Risk (Healthy),19,85.1,80.5,4588,7,0,0.0,0,3.5
CUST-103547,41.8,High Risk (Critical),11,20.5,10.1,77,0,0,0.0,0,3.5
CUST-103548,31.2,High Risk (Critical),13,41.3,14.9,25,42,1,20.3,1,3.0
CUST-103549,78.5,Low Risk (Healthy),29,62.7,67.6,45,32,0,0.0,0,3.5
CUST-103550,62.9,Medium Risk (Warning),17,72.6,95.8,80,0,1,12.4,0,4.0
CUST-103551,14.6,High Risk (Critical),10,30.3,19.1,61,30,1,46.3,1,2.0
CUST-103552,72.7,Low Risk (Healthy),25,50.7,76.3,4730,32,1,14.8,0,5.0
CUST-103553,71.7,Low Risk (Healthy),23,57.3,42.1,67,43,1,16.9,0,5.0
CUST-103554,69.3,Medium Risk (Warning),19,89.1,86.1,6801,4,1,22.1,0,4.0
CUST-103555,31.6,High Risk (Critical),6,39.2,10.2,95,23,1,17.1,0,3.0
CUST-103556,47.6,Medium Risk (Warning),11,39.8,12.7,114,3,0,0.0,0,3.5
CUST-103557,7.4,High Risk (Critical),3,17.9,16.3,47,29,2,16.0,1,3.0
CUST-103558,5.0,High Risk (Critical),8,36.7,18.0,56,17,3,69.0,1,1.0
CUST-103559,61.0,Medium Risk (Warning),15,91.5,28.5,136,42,2,19.6,0,4.0
CUST-103560,5.0,High Risk (Critical),6,43.5,10.9,13,24,3,47.2,1,1.0
CUST-103561,76.3,Low Risk (Healthy),23,82.1,100.1,7007,40,0,0.0,0,3.5
CUST-103562,5.0,High Risk (Critical),14,14.4,7.9,150,5,4,56.1,1,1.0
CUST-103563,60.1,Medium Risk (Warning),20,63.0,68.7,2061,22,2,11.7,0,4.0
CUST-103564,15.1,High Risk (Critical),12,11.2,17.1,90,13,2,17.8,0,1.0
CUST-103565,5.0,High Risk (Critical),1,27.5,13.1,136,29,4,13.8,1,1.0
CUST-103566,7.0,High Risk (Critical),2,18.1,21.5,5,30,1,25.1,0,1.0
CUST-103567,5.0,High Risk (Critical),8,25.5,10.1,136,0,4,43.6,1,1.0
CUST-103568,71.7,Low Risk (Healthy),27,54.1,32.7,1242,6,1,3.9,0,4.0
CUST-103569,11.1,High Risk (Critical),11,10.5,7.0,111,44,2,53.7,1,3.0
CUST-103570,75.3,Low Risk (Healthy),22,92.8,31.1,96,1,1,14.6,0,4.0
CUST-103571,60.7,Medium Risk (Warning),19,57.3,28.4,82,5,1,14.9,0,4.0
CUST-103572,6.3,High Risk (Critical),3,22.1,15.9,5,6,1,50.3,0,1.0
CUST-103573,14.4,High Risk (Critical),10,37.0,5.2,27,21,2,31.9,1,2.0
CUST-103574,8.1,High Risk (Critical),2,18.8,4.9,56,31,1,65.7,0,2.0
CUST-103575,17.5,High Risk (Critical),8,41.2,9.7,73,38,1,60.0,0,1.0
CUST-103576,61.5,Medium Risk (Warning),18,55.1,46.6,60,7,0,0.0,0,3.5
CUST-103577,66.3,Medium Risk (Warning),25,59.8,78.2,3988,5,3,23.8,0,5.0
CUST-103578,71.1,Low Risk (Healthy),27,69.1,41.5,1452,9,1,20.9,0,3.5
CUST-103579,48.2,Medium Risk (Warning),11,41.8,9.5,78,10,0,0.0,0,3.5
CUST-103580,41.3,High Risk (Critical),8,32.0,21.8,134,43,0,0.0,0,3.5
CUST-103581,75.0,Low Risk (Healthy),29,72.0,94.8,1422,5,2,10.5,0,4.0
CUST-103582,74.5,Low Risk (Healthy),24,76.6,55.1,1928,9,1,3.9,0,4.0
CUST-103583,5.0,High Risk (Critical),11,11.5,9.5,65,23,2,55.9,1,1.0
CUST-103584,14.7,High Risk (Critical),8,26.4,13.5,141,2,2,15.0,0,1.0
CUST-103585,70.2,Low Risk (Healthy),23,61.8,78.5,4710,5,0,0.0,0,3.5
CUST-103586,17.8,High Risk (Critical),13,44.9,9.1,150,31,3,33.3,1,2.0
CUST-103587,73.4,Low Risk (Healthy),24,67.9,47.6,1666,38,0,0.0,0,3.5
CUST-103588,5.0,High Risk (Critical),7,23.3,4.7,115,7,5,52.7,0,1.0
CUST-103589,31.0,High Risk (Critical),12,43.6,19.4,53,25,1,16.5,1,3.0
CUST-103590,84.6,Low Risk (Healthy),28,87.4,81.2,2192,15,0,0.0,0,3.5
CUST-103591,67.5,Medium Risk (Warning),22,87.0,68.7,72,27,2,7.5,0,3.5
CUST-103592,5.0,High Risk (Critical),4,44.3,12.2,85,24,2,44.1,1,1.0
CUST-103593,24.8,High Risk (Critical),4,38.2,13.0,148,35,1,48.3,0,3.0
CUST-103594,5.0,High Risk (Critical),4,33.2,15.0,23,24,5,14.5,1,1.0
CUST-103595,16.4,High Risk (Critical),5,35.1,15.3,33,44,3,54.6,0,3.0
CUST-103596,37.3,High Risk (Critical),6,27.8,20.8,69,30,0,0.0,0,3.5
CUST-103597,86.3,Low Risk (Healthy),28,94.6,80.8,4363,1,2,11.1,0,5.0
CUST-103598,8.3,High Risk (Critical),9,19.6,9.8,122,45,1,12.6,1,1.0
CUST-103599,5.5,High Risk (Critical),3,24.4,16.6,120,41,1,62.6,0,1.0
CUST-103600,82.6,Low Risk (Healthy),23,89.7,92.1,31,25,1,7.5,0,5.0
CUST-103601,56.0,Medium Risk (Warning),15,61.1,45.2,2892,24,1,18.3,0,4.0
CUST-103602,64.0,Medium Risk (Warning),18,63.5,99.1,133,7,0,0.0,0,3.5
CUST-103603,80.9,Low Risk (Healthy),26,84.0,47.1,138,2,0,0.0,0,3.5
CUST-103604,68.5,Medium Risk (Warning),22,60.4,57.9,26,11,0,0.0,0,3.5
CUST-103605,42.9,High Risk (Critical),10,28.5,7.6,56,24,0,0.0,0,3.5
CUST-103606,5.0,High Risk (Critical),4,44.7,19.9,56,19,3,36.5,1,1.0
CUST-103607,78.6,Low Risk (Healthy),24,84.5,59.7,3104,3,2,5.7,0,5.0
CUST-103608,19.9,High Risk (Critical),13,40.6,5.7,130,17,2,60.9,0,1.0
CUST-103609,53.3,Medium Risk (Warning),15,82.3,38.2,59,38,3,3.5,0,3.5
CUST-103610,33.5,High Risk (Critical),12,35.0,15.8,9,36,1,56.2,0,3.0
CUST-103611,25.8,High Risk (Critical),13,38.0,21.8,62,1,1,39.2,0,1.0
CUST-103612,73.8,Low Risk (Healthy),24,69.2,62.3,118,17,0,0.0,0,3.5
CUST-103613,48.0,Medium Risk (Warning),14,27.9,4.6,70,32,0,0.0,0,3.5
CUST-103614,29.3,High Risk (Critical),2,18.7,13.3,124,22,0,0.0,0,3.5
CUST-103615,60.0,Medium Risk (Warning),19,58.0,32.0,84,1,1,21.5,0,4.0
CUST-103616,9.5,High Risk (Critical),13,37.3,20.8,0,20,4,71.2,1,1.0
CUST-103617,66.9,Medium Risk (Warning),27,54.9,51.8,142,35,2,12.9,0,4.0
CUST-103618,9.8,High Risk (Critical),4,22.7,11.5,24,15,2,50.7,0,2.0
CUST-103619,77.3,Low Risk (Healthy),28,63.3,75.9,80,9,0,0.0,0,3.5
CUST-103620,20.9,High Risk (Critical),11,21.2,5.2,115,13,2,33.1,0,2.0
CUST-103621,82.3,Low Risk (Healthy),28,68.0,46.9,2532,34,1,11.1,0,5.0
CUST-103622,69.8,Medium Risk (Warning),23,64.8,68.1,73,5,1,2.2,0,4.0
CUST-103623,5.0,High Risk (Critical),4,44.3,10.7,58,30,2,29.5,1,1.0
CUST-103624,5.0,High Risk (Critical),7,10.4,16.6,148,19,5,52.7,1,2.0
CUST-103625,72.6,Low Risk (Healthy),21,88.7,80.8,2585,38,1,15.8,0,4.0
CUST-103626,5.0,High Risk (Critical),6,38.9,10.5,5,44,3,29.3,1,1.0
CUST-103627,11.1,High Risk (Critical),7,33.3,6.3,88,4,3,17.6,0,1.0
CUST-103628,49.6,Medium Risk (Warning),12,42.1,9.8,62,35,0,0.0,0,3.5
CUST-103629,42.8,High Risk (Critical),14,10.3,18.8,21,13,0,0.0,0,3.5
CUST-103630,70.1,Low Risk (Healthy),23,66.9,103.5,6417,6,1,5.1,0,4.0
CUST-103631,43.6,High Risk (Critical),14,13.2,10.4,75,31,0,0.0,0,3.5
CUST-103632,7.4,High Risk (Critical),8,18.7,20.4,17,3,3,71.3,0,2.0
CUST-103633,15.6,High Risk (Critical),4,14.5,7.1,79,32,1,64.7,0,3.0
CUST-103634,5.0,High Risk (Critical),2,13.4,20.5,5,7,1,38.2,0,1.0
CUST-103635,37.7,High Risk (Critical),5,33.6,21.0,83,14,0,0.0,0,3.5
CUST-103636,78.9,Low Risk (Healthy),25,82.0,48.6,1506,34,0,0.0,0,3.5
CUST-103637,67.5,Medium Risk (Warning),23,58.8,90.4,3796,21,1,6.8,0,4.0
CUST-103638,72.9,Low Risk (Healthy),22,75.2,93.4,7005,21,0,0.0,0,3.5
CUST-103639,68.9,Medium Risk (Warning),18,79.0,80.1,132,45,2,6.2,0,5.0
CUST-103640,11.1,High Risk (Critical),8,20.4,21.5,150,40,1,29.7,1,2.0
CUST-103641,5.0,High Risk (Critical),1,18.6,11.9,64,23,1,39.7,0,1.0
CUST-103642,51.2,Medium Risk (Warning),14,38.3,9.7,109,34,0,0.0,0,3.5
CUST-103643,5.0,High Risk (Critical),5,20.4,21.3,41,21,1,43.7,1,1.0
CUST-103644,75.4,Low Risk (Healthy),27,82.4,58.0,4176,30,1,18.5,0,3.5
CUST-103645,14.9,High Risk (Critical),4,10.5,4.2,39,17,2,28.3,0,3.0
CUST-103646,5.0,High Risk (Critical),1,12.1,18.1,112,40,1,18.4,1,2.0
CUST-103647,25.4,High Risk (Critical),7,37.7,13.5,14,43,1,25.6,0,2.0
CUST-103648,7.0,High Risk (Critical),4,28.8,13.3,137,25,3,26.1,1,3.0
CUST-103649,63.7,Medium Risk (Warning),18,84.8,64.1,705,0,1,21.8,0,3.5
CUST-103650,5.0,High Risk (Critical),10,30.1,5.8,31,11,3,12.7,1,1.0
CUST-103651,15.5,High Risk (Critical),5,37.9,17.0,149,21,3,68.5,0,3.0
CUST-103652,21.7,High Risk (Critical),13,18.4,17.0,50,24,2,41.5,0,2.0
CUST-103653,5.0,High Risk (Critical),2,16.4,16.1,88,13,2,42.1,1,2.0
CUST-103654,5.0,High Risk (Critical),3,34.8,14.8,69,25,1,64.0,1,2.0
CUST-103655,20.9,High Risk (Critical),9,23.6,10.2,134,11,2,65.5,0,3.0
CUST-103656,36.4,High Risk (Critical),4,33.6,19.0,95,18,0,0.0,0,3.5
CUST-103657,67.8,Medium Risk (Warning),22,58.1,43.5,913,44,0,0.0,0,3.5
CUST-103658,16.8,High Risk (Critical),10,21.6,11.2,148,25,2,56.5,0,2.0
CUST-103659,5.0,High Risk (Critical),2,33.7,18.5,26,37,1,34.2,1,1.0
CUST-103660,75.0,Low Risk (Healthy),20,91.1,64.3,91,3,0,0.0,0,3.5
CUST-103661,63.8,Medium Risk (Warning),17,81.8,64.3,1414,24,1,2.9,0,3.5
CUST-103662,14.1,High Risk (Critical),5,27.0,11.6,35,27,1,21.1,0,1.0
CUST-103663,75.6,Low Risk (Healthy),24,75.4,76.1,145,43,0,0.0,0,3.5
CUST-103664,14.1,High Risk (Critical),13,40.5,7.3,24,12,1,59.4,1,1.0
CUST-103665,5.0,High Risk (Critical),4,35.9,8.3,102,3,1,70.5,1,1.0
CUST-103666,25.6,High Risk (Critical),7,44.0,7.0,76,16,1,39.5,0,2.0
CUST-103667,5.0,High Risk (Critical),4,26.7,16.0,65,9,2,59.6,0,1.0
CUST-103668,61.3,Medium Risk (Warning),18,75.0,86.8,6076,30,1,17.7,0,3.5
CUST-103669,16.1,High Risk (Critical),4,24.2,19.0,29,3,2,52.0,0,3.0
CUST-103670,70.5,Low Risk (Healthy),22,67.2,109.4,144,5,0,0.0,0,3.5
CUST-103671,26.9,High Risk (Critical),14,43.8,5.1,58,2,1,71.1,1,3.0
CUST-103672,26.4,High Risk (Critical),7,41.9,19.3,128,11,2,44.0,0,3.0
CUST-103673,5.0,High Risk (Critical),8,20.9,6.7,68,17,2,58.9,1,1.0
CUST-103674,30.6,High Risk (Critical),7,44.7,12.8,33,30,2,17.1,0,3.0
CUST-103675,24.0,High Risk (Critical),7,43.7,14.7,13,29,2,19.4,0,2.0
CUST-103676,72.9,Low Risk (Healthy),21,67.1,95.3,26,23,1,10.0,0,5.0
CUST-103677,80.7,Low Risk (Healthy),29,70.1,33.4,37,1,0,0.0,0,3.5
CUST-103678,21.8,High Risk (Critical),1,43.6,14.8,101,16,2,21.3,0,3.0
CUST-103679,6.6,High Risk (Critical),6,38.6,11.0,62,2,2,58.1,1,2.0
CUST-103680,68.8,Medium Risk (Warning),19,80.5,45.7,71,22,1,5.2,0,4.0
CUST-103681,15.8,High Risk (Critical),14,32.8,5.3,30,8,2,53.7,1,2.0
CUST-103682,63.5,Medium Risk (Warning),15,91.9,25.8,283,5,1,8.7,0,3.5
CUST-103683,24.8,High Risk (Critical),7,36.7,18.9,25,16,3,12.6,0,3.0
CUST-103684,81.3,Low Risk (Healthy),28,88.7,98.2,14,1,1,20.8,0,4.0
CUST-103685,73.9,Low Risk (Healthy),24,91.1,30.3,13,23,2,11.5,0,4.0
CUST-103686,55.2,Medium Risk (Warning),19,78.2,28.4,1306,11,3,21.1,0,3.5
CUST-103687,8.9,High Risk (Critical),6,23.6,20.5,56,2,2,33.1,0,1.0
CUST-103688,88.5,Low Risk (Healthy),28,89.9,103.8,5812,41,1,14.8,0,5.0
CUST-103689,17.2,High Risk (Critical),12,33.3,4.6,113,22,2,54.4,0,1.0
CUST-103690,75.6,Low Risk (Healthy),21,88.7,82.6,148,8,0,0.0,0,3.5
CUST-103691,21.1,High Risk (Critical),13,36.0,15.0,147,24,4,62.1,1,3.0
CUST-103692,56.9,Medium Risk (Warning),16,65.4,77.9,30,20,1,8.8,0,3.5
CUST-103693,69.0,Medium Risk (Warning),24,62.4,51.0,765,26,1,13.6,0,4.0
CUST-103694,78.9,Low Risk (Healthy),26,77.6,97.7,105,3,0,0.0,0,3.5
CUST-103695,73.3,Low Risk (Healthy),27,61.0,32.6,96,3,1,8.0,0,4.0
CUST-103696,40.0,High Risk (Critical),11,14.4,5.2,121,27,0,0.0,0,3.5
CUST-103697,59.3,Medium Risk (Warning),20,87.2,87.9,5274,27,3,20.0,0,3.5
CUST-103698,5.0,High Risk (Critical),2,43.4,5.4,127,11,3,38.5,1,1.0
CUST-103699,13.7,High Risk (Critical),12,10.9,7.7,67,15,2,28.9,0,1.0
CUST-103700,16.7,High Risk (Critical),14,40.8,11.3,113,27,3,65.6,0,1.0
CUST-103701,79.9,Low Risk (Healthy),24,89.6,50.2,1656,10,0,0.0,0,3.5
CUST-103702,71.7,Low Risk (Healthy),23,66.7,45.5,1911,13,0,0.0,0,3.5
CUST-103703,70.4,Low Risk (Healthy),17,89.2,100.3,107,18,0,0.0,0,3.5
CUST-103704,11.3,High Risk (Critical),14,19.6,16.1,76,12,3,57.6,0,1.0
CUST-103705,5.0,High Risk (Critical),2,38.8,18.1,75,9,2,60.7,0,1.0
CUST-103706,43.5,High Risk (Critical),8,39.3,14.5,2,20,0,0.0,0,3.5
CUST-103707,71.6,Low Risk (Healthy),28,68.4,26.4,1531,32,2,18.1,0,4.0
CUST-103708,73.3,Low Risk (Healthy),26,58.8,34.3,2195,39,0,0.0,0,3.5
CUST-103709,79.2,Low Risk (Healthy),23,91.7,27.2,24,23,0,0.0,0,3.5
CUST-103710,62.7,Medium Risk (Warning),20,68.8,76.0,3344,16,1,12.5,0,3.5
CUST-103711,69.7,Medium Risk (Warning),22,52.3,100.9,124,28,1,10.5,0,5.0
CUST-103712,29.2,High Risk (Critical),1,23.0,5.0,28,3,0,0.0,0,3.5
CUST-103713,5.0,High Risk (Critical),1,35.4,20.6,25,30,1,44.2,1,2.0
CUST-103714,7.0,High Risk (Critical),2,12.1,12.3,73,35,3,42.2,0,3.0
CUST-103715,89.8,Low Risk (Healthy),28,90.7,64.2,16,30,1,5.7,0,5.0
CUST-103716,85.8,Low Risk (Healthy),27,88.6,33.2,1593,34,1,22.1,0,5.0
CUST-103717,66.8,Medium Risk (Warning),22,61.6,91.8,63,6,2,23.8,0,5.0
CUST-103718,71.7,Low Risk (Healthy),26,53.3,96.2,7503,33,0,0.0,0,3.5
CUST-103719,14.7,High Risk (Critical),1,35.9,6.1,86,36,2,59.6,0,3.0
CUST-103720,30.0,High Risk (Critical),13,36.8,13.2,112,19,1,51.0,0,2.0
CUST-103721,63.3,Medium Risk (Warning),19,56.5,39.9,12,26,0,0.0,0,3.5
CUST-103722,20.6,High Risk (Critical),7,38.2,21.9,35,0,3,49.4,0,3.0
CUST-103723,44.5,High Risk (Critical),9,38.5,18.8,22,35,0,0.0,0,3.5
CUST-103724,20.6,High Risk (Critical),10,42.8,7.0,132,34,2,28.3,0,1.0
CUST-103725,12.1,High Risk (Critical),4,17.9,15.6,108,23,2,68.5,0,3.0
CUST-103726,21.2,High Risk (Critical),3,35.3,20.6,101,14,2,27.5,0,3.0
CUST-103727,69.2,Medium Risk (Warning),16,89.5,47.8,125,27,0,0.0,0,3.5
CUST-103728,83.2,Low Risk (Healthy),27,87.2,70.3,125,28,0,0.0,0,3.5
CUST-103729,7.9,High Risk (Critical),8,14.3,17.2,31,5,1,40.4,1,2.0
CUST-103730,62.8,Medium Risk (Warning),15,72.7,98.5,76,26,0,0.0,0,3.5
CUST-103731,12.2,High Risk (Critical),6,26.9,14.9,87,7,2,15.3,0,1.0
CUST-103732,83.8,Low Risk (Healthy),27,89.5,99.5,2189,15,0,0.0,0,3.5
CUST-103733,49.8,Medium Risk (Warning),14,33.9,11.0,5,8,0,0.0,0,3.5
CUST-103734,5.0,High Risk (Critical),5,21.4,13.0,33,33,3,13.4,1,1.0
CUST-103735,62.9,Medium Risk (Warning),18,59.7,105.0,2100,25,0,0.0,0,3.5
CUST-103736,71.5,Low Risk (Healthy),19,69.6,86.4,99,20,1,5.9,0,5.0
CUST-103737,70.6,Low Risk (Healthy),17,89.9,38.8,136,1,0,0.0,0,3.5
CUST-103738,24.1,High Risk (Critical),11,30.9,8.8,149,30,2,30.4,0,2.0
CUST-103739,70.6,Low Risk (Healthy),21,93.5,78.8,1,17,1,19.9,0,3.5
CUST-103740,75.9,Low Risk (Healthy),27,62.5,26.8,857,37,2,7.1,0,5.0
CUST-103741,20.4,High Risk (Critical),14,22.7,17.8,107,27,2,40.9,1,3.0
CUST-103742,26.3,High Risk (Critical),5,42.3,20.2,139,27,1,56.2,0,3.0
CUST-103743,9.6,High Risk (Critical),8,20.2,14.5,114,18,3,56.7,0,2.0
CUST-103744,67.9,Medium Risk (Warning),16,72.3,27.5,78,20,1,9.2,0,5.0
CUST-103745,59.6,Medium Risk (Warning),19,54.5,108.6,1954,45,1,17.0,0,4.0
CUST-103746,26.8,High Risk (Critical),14,29.1,10.9,29,24,2,36.8,0,2.0
CUST-103747,5.0,High Risk (Critical),3,24.5,20.5,39,12,1,30.8,1,1.0
CUST-103748,25.9,High Risk (Critical),11,36.6,8.8,117,39,2,30.3,0,2.0
CUST-103749,10.4,High Risk (Critical),4,17.9,20.8,78,33,1,18.6,0,1.0
CUST-103750,78.6,Low Risk (Healthy),23,89.9,55.9,3074,13,0,0.0,0,3.5
CUST-103751,70.2,Low Risk (Healthy),17,79.3,98.7,4836,24,1,18.4,0,5.0
CUST-103752,7.4,High Risk (Critical),3,41.4,9.3,54,25,2,56.1,0,1.0
CUST-103753,69.9,Medium Risk (Warning),17,85.1,64.9,63,19,2,2.1,0,5.0
CUST-103754,74.7,Low Risk (Healthy),24,92.8,106.6,8528,5,1,17.0,0,3.5
CUST-103755,70.9,Low Risk (Healthy),20,77.5,33.9,136,14,0,0.0,0,3.5
CUST-103756,68.9,Medium Risk (Warning),21,51.1,54.1,47,40,1,3.8,0,5.0
CUST-103757,26.7,High Risk (Critical),12,43.3,20.8,110,15,1,50.3,1,3.0
CUST-103758,14.8,High Risk (Critical),14,39.6,15.7,138,26,1,61.6,1,1.0
CUST-103759,62.9,Medium Risk (Warning),19,71.1,63.7,36,35,3,14.5,0,5.0
CUST-103760,66.9,Medium Risk (Warning),18,92.7,96.2,55,28,2,7.0,0,4.0
CUST-103761,5.0,High Risk (Critical),3,15.3,19.3,19,5,1,20.4,1,2.0
CUST-103762,74.0,Low Risk (Healthy),20,87.7,26.7,77,33,0,0.0,0,3.5
CUST-103763,76.8,Low Risk (Healthy),20,89.3,77.1,115,26,1,21.5,0,5.0
CUST-103764,72.6,Low Risk (Healthy),25,68.5,73.4,131,9,1,10.5,0,4.0
CUST-103765,5.0,High Risk (Critical),1,17.2,17.2,55,41,3,70.6,1,1.0
CUST-103766,73.7,Low Risk (Healthy),23,73.4,47.6,73,31,0,0.0,0,3.5
CUST-103767,7.9,High Risk (Critical),6,10.0,10.9,12,26,2,25.2,1,3.0
CUST-103768,10.5,High Risk (Critical),7,27.1,15.7,69,38,4,63.9,1,3.0
CUST-103769,69.0,Medium Risk (Warning),21,72.9,37.0,49,1,2,22.7,0,5.0
CUST-103770,49.4,Medium Risk (Warning),14,32.4,16.7,71,16,0,0.0,0,3.5
CUST-103771,33.8,High Risk (Critical),7,11.6,19.7,144,23,0,0.0,0,3.5
CUST-103772,42.6,High Risk (Critical),9,31.9,20.3,127,37,0,0.0,0,3.5
CUST-103773,6.7,High Risk (Critical),9,16.6,4.9,52,39,3,34.1,0,1.0
CUST-103774,74.1,Low Risk (Healthy),24,55.4,33.4,1202,0,1,4.4,0,5.0
CUST-103775,17.4,High Risk (Critical),12,25.8,8.2,12,44,2,35.0,0,1.0
CUST-103776,17.6,High Risk (Critical),13,31.7,4.5,77,37,2,25.7,1,2.0
CUST-103777,76.3,Low Risk (Healthy),29,73.7,28.9,146,16,2,3.7,0,4.0
CUST-103778,8.1,High Risk (Critical),10,10.7,19.7,146,33,4,35.8,0,2.0
CUST-103779,84.2,Low Risk (Healthy),27,90.7,42.0,1218,19,0,0.0,0,3.5
CUST-103780,64.1,Medium Risk (Warning),18,63.6,46.8,105,3,0,0.0,0,3.5
CUST-103781,21.7,High Risk (Critical),13,24.8,6.7,121,39,1,40.6,0,1.0
CUST-103782,69.7,Medium Risk (Warning),20,73.6,64.9,1233,45,0,0.0,0,3.5
CUST-103783,51.4,Medium Risk (Warning),13,43.6,15.8,94,33,0,0.0,0,3.5
CUST-103784,15.0,High Risk (Critical),8,23.5,6.0,111,8,1,54.0,1,3.0
CUST-103785,71.8,Low Risk (Healthy),26,72.5,60.3,2170,43,1,13.2,0,3.5
CUST-103786,72.9,Low Risk (Healthy),26,67.8,31.7,2314,32,1,16.9,0,4.0
CUST-103787,73.2,Low Risk (Healthy),18,87.2,86.9,65,26,1,23.4,0,5.0
CUST-103788,55.1,Medium Risk (Warning),15,52.4,46.3,91,29,1,5.1,0,4.0
CUST-103789,10.5,High Risk (Critical),9,38.4,19.9,89,40,2,70.0,1,2.0
CUST-103790,17.0,High Risk (Critical),12,34.3,9.2,33,14,2,26.3,1,2.0
CUST-103791,41.1,High Risk (Critical),9,27.0,13.1,62,27,0,0.0,0,3.5
CUST-103792,13.7,High Risk (Critical),10,20.2,14.3,48,22,2,29.6,0,1.0
CUST-103793,33.8,High Risk (Critical),11,31.2,19.0,9,10,1,34.0,0,3.0
CUST-103794,5.0,High Risk (Critical),5,25.1,20.4,47,29,3,34.4,0,1.0
CUST-103795,43.7,High Risk (Critical),8,40.0,12.9,144,38,0,0.0,0,3.5
CUST-103796,69.6,Medium Risk (Warning),21,54.1,82.6,124,37,1,4.7,0,5.0
CUST-103797,5.0,High Risk (Critical),1,18.8,5.9,139,14,3,70.0,0,3.0
CUST-103798,77.2,Low Risk (Healthy),24,90.8,27.5,117,29,1,16.2,0,4.0
CUST-103799,5.0,High Risk (Critical),4,41.6,11.7,65,0,5,38.0,1,2.0
CUST-103800,89.0,Low Risk (Healthy),28,91.3,46.5,976,26,1,13.7,0,5.0
CUST-103801,6.4,High Risk (Critical),6,18.0,16.5,122,41,2,65.2,1,3.0
CUST-103802,11.4,High Risk (Critical),9,41.3,7.2,7,39,3,44.5,1,2.0
CUST-103803,20.9,High Risk (Critical),8,29.1,21.6,123,28,1,52.0,0,2.0
CUST-103804,42.0,High Risk (Critical),11,21.2,18.9,51,29,0,0.0,0,3.5
CUST-103805,5.0,High Risk (Critical),5,10.7,21.8,33,8,1,27.5,1,2.0
CUST-103806,15.8,High Risk (Critical),9,36.1,12.7,141,8,3,30.7,1,3.0
CUST-103807,14.3,High Risk (Critical),7,14.4,7.2,124,4,3,42.5,0,3.0
CUST-103808,5.0,High Risk (Critical),6,25.9,21.2,101,45,3,52.3,0,1.0
CUST-103809,63.2,Medium Risk (Warning),15,74.1,83.1,75,13,0,0.0,0,3.5
CUST-103810,9.7,High Risk (Critical),12,22.2,4.9,116,2,5,52.1,0,2.0
CUST-103811,9.9,High Risk (Critical),10,17.3,16.0,66,22,2,21.1,1,2.0
CUST-103812,80.8,Low Risk (Healthy),29,70.5,75.9,2504,44,0,0.0,0,3.5
CUST-103813,28.3,High Risk (Critical),10,19.0,20.7,90,27,1,37.9,0,3.0
CUST-103814,23.0,High Risk (Critical),9,15.4,7.9,57,12,1,12.9,0,2.0
CUST-103815,61.9,Medium Risk (Warning),16,65.2,60.2,2408,12,2,7.8,0,5.0
CUST-103816,60.8,Medium Risk (Warning),17,57.2,52.5,945,15,0,0.0,0,3.5
CUST-103817,5.0,High Risk (Critical),6,24.4,17.2,12,42,5,45.1,0,2.0
CUST-103818,5.0,High Risk (Critical),7,37.6,6.1,80,10,2,48.6,1,1.0
CUST-103819,46.4,Medium Risk (Warning),14,22.3,7.4,46,26,0,0.0,0,3.5
CUST-103820,40.5,High Risk (Critical),5,42.7,4.3,55,38,0,0.0,0,3.5
CUST-103821,50.6,Medium Risk (Warning),13,41.0,10.0,61,5,0,0.0,0,3.5
CUST-103822,66.9,Medium Risk (Warning),24,53.1,92.9,2229,45,1,8.6,0,4.0
CUST-103823,80.2,Low Risk (Healthy),29,68.3,61.8,988,43,0,0.0,0,3.5
CUST-103824,45.4,Medium Risk (Warning),14,19.1,20.7,52,39,0,0.0,0,3.5
CUST-103825,5.0,High Risk (Critical),10,11.1,15.6,34,38,4,34.5,1,2.0
CUST-103826,73.7,Low Risk (Healthy),24,92.2,99.8,4,24,1,23.7,0,3.5
CUST-103827,5.0,High Risk (Critical),1,12.5,14.7,144,10,1,54.6,0,1.0
CUST-103828,58.5,Medium Risk (Warning),15,58.3,80.3,112,0,0,0.0,0,3.5
CUST-103829,74.4,Low Risk (Healthy),25,66.8,56.9,69,27,2,7.4,0,5.0
CUST-103830,5.0,High Risk (Critical),1,37.2,7.9,56,35,1,58.6,1,1.0
CUST-103831,45.2,Medium Risk (Warning),10,36.2,9.0,83,37,0,0.0,0,3.5
CUST-103832,12.1,High Risk (Critical),11,42.9,7.4,35,38,4,43.3,0,1.0
CUST-103833,18.8,High Risk (Critical),12,34.9,15.8,120,22,2,45.3,0,1.0
CUST-103834,17.1,High Risk (Critical),8,38.1,5.4,79,32,2,39.7,1,3.0
CUST-103835,45.5,Medium Risk (Warning),9,41.8,5.2,140,45,0,0.0,0,3.5
CUST-103836,24.3,High Risk (Critical),14,31.1,9.2,134,13,2,29.9,1,3.0
CUST-103837,35.8,High Risk (Critical),14,43.1,14.4,48,14,2,46.0,0,3.0
CUST-103838,14.7,High Risk (Critical),7,13.6,5.1,53,31,1,53.6,0,2.0
CUST-103839,79.2,Low Risk (Healthy),25,82.9,74.5,44,31,0,0.0,0,3.5
CUST-103840,23.0,High Risk (Critical),12,12.2,20.8,131,21,2,53.6,0,3.0
CUST-103841,8.3,High Risk (Critical),10,10.3,7.5,31,33,2,17.0,1,2.0
CUST-103842,10.7,High Risk (Critical),8,13.6,20.4,83,20,5,16.5,0,3.0
CUST-103843,20.3,High Risk (Critical),6,27.3,16.4,125,10,2,46.8,0,3.0
CUST-103844,77.8,Low Risk (Healthy),23,87.2,47.9,574,31,0,0.0,0,3.5
CUST-103845,10.3,High Risk (Critical),5,10.2,11.8,23,20,1,59.3,0,2.0
CUST-103846,77.6,Low Risk (Healthy),29,59.7,77.0,4389,25,0,0.0,0,3.5
CUST-103847,19.3,High Risk (Critical),3,39.5,21.0,131,30,2,52.5,0,3.0
CUST-103848,28.6,High Risk (Critical),14,23.2,7.6,24,11,2,56.5,0,3.0
CUST-103849,5.0,High Risk (Critical),4,13.3,16.8,122,34,1,28.9,1,2.0
CUST-103850,15.2,High Risk (Critical),9,12.9,14.9,136,4,1,37.2,1,3.0
CUST-103851,42.7,High Risk (Critical),13,14.5,7.2,90,37,0,0.0,0,3.5
CUST-103852,5.0,High Risk (Critical),5,43.2,10.5,33,26,1,56.2,1,1.0
CUST-103853,62.9,Medium Risk (Warning),20,71.7,52.6,148,15,1,18.0,0,3.5
CUST-103854,65.2,Medium Risk (Warning),24,51.0,28.8,19,35,1,16.5,0,4.0
CUST-103855,14.4,High Risk (Critical),14,36.1,20.8,1,7,2,24.8,1,1.0
CUST-103856,23.3,High Risk (Critical),2,42.7,12.6,130,0,1,49.8,0,3.0
CUST-103857,5.0,High Risk (Critical),2,10.4,10.7,145,42,1,28.2,0,1.0
CUST-103858,82.3,Low Risk (Healthy),27,92.7,101.2,15,15,1,12.2,0,4.0
CUST-103859,8.4,High Risk (Critical),1,16.5,17.6,110,6,2,63.2,0,3.0
CUST-103860,5.0,High Risk (Critical),5,35.5,8.2,65,41,2,63.8,1,1.0
CUST-103861,11.3,High Risk (Critical),11,12.0,12.4,133,31,3,29.2,1,3.0
CUST-103862,82.5,Low Risk (Healthy),25,93.8,96.1,7688,13,0,0.0,0,3.5
CUST-103863,88.8,Low Risk (Healthy),27,90.8,50.8,114,24,1,3.4,0,5.0
CUST-103864,9.5,High Risk (Critical),10,17.2,14.6,141,44,2,55.8,0,1.0
CUST-103865,5.0,High Risk (Critical),1,19.3,12.2,30,32,3,50.3,0,2.0
CUST-103866,64.2,Medium Risk (Warning),17,89.0,89.5,22,16,2,9.3,0,4.0
CUST-103867,64.6,Medium Risk (Warning),22,57.6,107.2,6324,39,1,16.5,0,4.0
CUST-103868,59.6,Medium Risk (Warning),17,64.7,106.8,89,4,1,19.8,0,4.0
CUST-103869,50.6,Medium Risk (Warning),14,36.6,18.3,49,34,0,0.0,0,3.5
CUST-103870,34.7,High Risk (Critical),5,23.5,10.1,111,43,0,0.0,0,3.5
CUST-103871,9.5,High Risk (Critical),6,29.9,8.9,52,30,2,44.1,0,1.0
CUST-103872,66.7,Medium Risk (Warning),20,73.1,63.9,124,41,1,15.3,0,4.0
CUST-103873,6.8,High Risk (Critical),4,23.2,17.5,125,39,1,60.2,0,1.0
CUST-103874,21.3,High Risk (Critical),4,34.0,20.3,141,6,1,17.5,0,2.0
CUST-103875,5.0,High Risk (Critical),1,25.9,16.0,116,31,5,61.6,0,1.0
CUST-103876,66.0,Medium Risk (Warning),16,71.1,92.7,3708,37,1,21.4,0,5.0
CUST-103877,5.0,High Risk (Critical),1,19.5,18.2,100,19,2,54.8,0,2.0
CUST-103878,16.2,High Risk (Critical),14,34.1,5.3,27,34,4,21.6,0,1.0
CUST-103879,16.6,High Risk (Critical),9,37.3,15.8,130,14,3,53.1,0,2.0
CUST-103880,6.5,High Risk (Critical),6,23.4,16.7,20,19,2,19.8,1,2.0
CUST-103881,12.2,High Risk (Critical),9,23.7,20.9,24,11,2,55.2,1,3.0
CUST-103882,5.0,High Risk (Critical),2,29.8,14.5,145,28,1,44.2,1,2.0
CUST-103883,61.0,Medium Risk (Warning),20,91.6,70.2,143,5,3,17.2,0,3.5
CUST-103884,73.2,Low Risk (Healthy),18,82.9,72.1,3965,16,1,13.7,0,5.0
CUST-103885,8.8,High Risk (Critical),5,24.5,5.8,132,21,2,26.0,0,1.0
CUST-103886,36.0,High Risk (Critical),3,36.7,4.1,129,30,0,0.0,0,3.5
CUST-103887,17.3,High Risk (Critical),8,33.8,5.3,35,39,2,60.4,0,2.0
CUST-103888,8.9,High Risk (Critical),7,33.4,22.0,112,32,2,67.7,0,1.0
CUST-103889,69.8,Medium Risk (Warning),19,90.4,64.4,1352,13,1,21.2,0,4.0
CUST-103890,61.8,Medium Risk (Warning),17,60.5,97.1,38,18,0,0.0,0,3.5
CUST-103891,9.1,High Risk (Critical),10,36.5,12.2,86,5,2,25.6,1,1.0
CUST-103892,5.0,High Risk (Critical),9,27.8,15.2,43,6,5,20.1,0,1.0
CUST-103893,8.8,High Risk (Critical),12,11.8,4.0,65,11,2,70.0,0,1.0
CUST-103894,85.7,Low Risk (Healthy),28,77.8,104.9,127,3,1,7.6,0,5.0
CUST-103895,12.3,High Risk (Critical),14,42.2,13.5,69,37,3,58.5,1,1.0
CUST-103896,14.1,High Risk (Critical),12,31.7,16.4,95,25,2,43.6,1,2.0
CUST-103897,5.0,High Risk (Critical),4,30.0,4.2,132,5,2,51.6,1,1.0
CUST-103898,5.0,High Risk (Critical),5,13.0,16.1,74,17,3,20.7,1,1.0
CUST-103899,20.1,High Risk (Critical),4,24.8,15.5,88,21,2,21.5,0,3.0
CUST-103900,5.0,High Risk (Critical),4,20.7,6.9,2,23,1,62.1,1,2.0
CUST-103901,11.2,High Risk (Critical),4,43.0,15.9,78,22,4,45.2,1,3.0
CUST-103902,5.0,High Risk (Critical),5,16.0,15.3,39,36,3,27.4,0,1.0
CUST-103903,11.1,High Risk (Critical),3,13.6,11.9,102,31,3,23.8,0,3.0
CUST-103904,79.1,Low Risk (Healthy),27,65.7,79.2,3484,33,1,21.1,0,5.0
CUST-103905,77.2,Low Risk (Healthy),23,85.1,62.2,3296,35,0,0.0,0,3.5
CUST-103906,74.1,Low Risk (Healthy),28,58.4,40.8,408,21,2,22.0,0,5.0
CUST-103907,5.0,High Risk (Critical),5,37.1,8.2,50,7,5,56.8,1,2.0
CUST-103908,5.0,High Risk (Critical),10,21.4,21.7,106,44,3,36.1,1,1.0
CUST-103909,67.9,Medium Risk (Warning),25,85.1,66.6,3596,39,3,23.6,0,4.0
CUST-103910,69.9,Medium Risk (Warning),22,68.2,74.0,130,33,2,15.3,0,5.0
CUST-103911,23.6,High Risk (Critical),12,21.9,10.2,25,44,2,24.0,0,2.0
CUST-103912,79.1,Low Risk (Healthy),24,78.6,39.1,90,30,1,19.5,0,5.0
CUST-103913,15.0,High Risk (Critical),4,34.5,15.6,76,32,2,37.7,0,2.0
CUST-103914,64.1,Medium Risk (Warning),17,76.4,60.6,90,24,1,12.2,0,4.0
CUST-103915,66.9,Medium Risk (Warning),18,63.8,80.5,2093,39,1,18.1,0,5.0
CUST-103916,5.0,High Risk (Critical),7,29.0,8.9,127,36,1,61.8,1,1.0
CUST-103917,68.1,Medium Risk (Warning),19,72.7,37.2,136,31,0,0.0,0,3.5
CUST-103918,61.8,Medium Risk (Warning),15,69.4,26.3,139,11,0,0.0,0,3.5
CUST-103919,32.9,High Risk (Critical),8,39.3,11.8,48,37,1,28.6,0,3.0
CUST-103920,36.0,High Risk (Critical),6,23.5,17.2,28,22,0,0.0,0,3.5
CUST-103921,19.8,High Risk (Critical),11,44.2,4.5,129,38,1,49.1,1,2.0
CUST-103922,5.0,High Risk (Critical),8,26.3,16.9,30,3,1,48.6,1,1.0
CUST-103923,62.3,Medium Risk (Warning),17,62.0,64.7,137,30,0,0.0,0,3.5
CUST-103924,21.9,High Risk (Critical),6,28.5,16.2,23,25,2,36.9,0,3.0
CUST-103925,5.0,High Risk (Critical),1,31.8,12.9,50,14,2,43.1,0,1.0
CUST-103926,71.9,Low Risk (Healthy),26,54.2,96.8,3872,8,0,0.0,0,3.5
CUST-103927,80.0,Low Risk (Healthy),25,85.6,82.4,47,42,0,0.0,0,3.5
CUST-103928,5.0,High Risk (Critical),3,10.8,15.2,7,26,1,60.1,1,2.0
CUST-103929,5.4,High Risk (Critical),2,44.0,20.5,128,19,2,67.4,0,1.0
CUST-103930,79.2,Low Risk (Healthy),26,78.6,36.9,2103,36,0,0.0,0,3.5
CUST-103931,40.5,High Risk (Critical),8,29.5,13.3,37,22,0,0.0,0,3.5
CUST-103932,90.2,Low Risk (Healthy),28,94.4,98.9,44,29,1,11.7,0,5.0
CUST-103933,13.0,High Risk (Critical),4,40.4,4.6,0,38,2,67.4,0,2.0
CUST-103934,65.7,Medium Risk (Warning),18,69.1,81.0,85,7,0,0.0,0,3.5
CUST-103935,7.4,High Risk (Critical),1,23.6,5.6,55,22,2,40.2,0,2.0
CUST-103936,45.6,Medium Risk (Warning),11,33.0,20.2,70,19,0,0.0,0,3.5
CUST-103937,68.7,Medium Risk (Warning),18,78.9,44.2,62,29,0,0.0,0,3.5
CUST-103938,60.4,Medium Risk (Warning),15,62.9,67.0,737,1,2,3.8,0,5.0
CUST-103939,67.5,Medium Risk (Warning),28,68.6,103.2,96,6,3,19.7,0,4.0
CUST-103940,78.6,Low Risk (Healthy),27,78.5,27.5,31,20,1,7.9,0,4.0
CUST-103941,73.0,Low Risk (Healthy),22,75.7,92.3,138,37,0,0.0,0,3.5
CUST-103942,8.4,High Risk (Critical),3,21.7,17.9,44,18,2,16.7,1,3.0
CUST-103943,59.5,Medium Risk (Warning),15,61.8,35.2,50,16,0,0.0,0,3.5
CUST-103944,73.5,Low Risk (Healthy),18,94.9,43.3,144,28,0,0.0,0,3.5
CUST-103945,49.0,Medium Risk (Warning),11,44.5,16.4,82,23,0,0.0,0,3.5
CUST-103946,70.1,Low Risk (Healthy),19,79.2,100.6,116,36,0,0.0,0,3.5
CUST-103947,23.2,High Risk (Critical),10,32.6,7.3,97,24,4,15.0,0,3.0
CUST-103948,37.9,High Risk (Critical),6,29.6,21.2,68,23,0,0.0,0,3.5
CUST-103949,19.9,High Risk (Critical),14,21.9,17.2,45,2,3,42.5,0,2.0
CUST-103950,11.9,High Risk (Critical),10,34.9,9.5,2,36,1,31.2,1,1.0
CUST-103951,5.0,High Risk (Critical),4,24.0,18.5,0,19,3,29.3,0,1.0
CUST-103952,16.1,High Risk (Critical),11,28.3,8.9,34,10,2,40.1,0,1.0
CUST-103953,5.0,High Risk (Critical),3,37.8,10.1,111,9,3,54.4,0,1.0
CUST-103954,15.8,High Risk (Critical),13,36.2,4.7,46,2,3,19.5,1,2.0
CUST-103955,71.7,Low Risk (Healthy),19,87.3,82.2,45,25,2,14.4,0,5.0
CUST-103956,16.7,High Risk (Critical),6,12.0,7.4,107,41,1,71.4,0,3.0
CUST-103957,16.4,High Risk (Critical),9,36.8,19.0,40,36,2,36.8,0,1.0
CUST-103958,67.8,Medium Risk (Warning),23,53.7,67.3,3768,32,2,8.0,0,5.0
CUST-103959,25.8,High Risk (Critical),12,35.2,17.3,19,19,1,22.2,0,1.0
CUST-103960,70.5,Low Risk (Healthy),18,84.9,59.0,61,36,0,0.0,0,3.5
CUST-103961,15.1,High Risk (Critical),11,31.9,10.2,9,38,2,24.9,1,2.0
CUST-103962,42.0,High Risk (Critical),6,43.3,5.5,137,39,0,0.0,0,3.5
CUST-103963,46.1,Medium Risk (Warning),10,39.1,13.4,72,29,0,0.0,0,3.5
CUST-103964,53.2,Medium Risk (Warning),16,70.6,35.8,77,8,2,18.4,0,3.5
CUST-103965,28.0,High Risk (Critical),2,14.6,7.4,145,18,0,0.0,0,3.5
CUST-103966,29.2,High Risk (Critical),9,44.2,6.3,114,5,3,16.5,0,3.0
CUST-103967,8.8,High Risk (Critical),2,36.4,15.7,64,29,1,54.0,0,1.0
CUST-103968,58.8,Medium Risk (Warning),15,59.4,106.9,6093,30,0,0.0,0,3.5
CUST-103969,5.0,High Risk (Critical),7,22.0,13.8,41,31,3,53.8,1,1.0
CUST-103970,21.2,High Risk (Critical),10,25.3,8.2,15,34,3,46.1,0,3.0
CUST-103971,5.9,High Risk (Critical),4,11.2,14.3,21,41,3,22.6,0,2.0
CUST-103972,67.2,Medium Risk (Warning),20,57.8,108.2,3354,32,1,22.8,0,5.0
CUST-103973,72.5,Low Risk (Healthy),19,87.3,44.3,147,28,0,0.0,0,3.5
CUST-103974,62.7,Medium Risk (Warning),22,70.0,75.0,4050,22,2,5.2,0,3.5
CUST-103975,79.4,Low Risk (Healthy),29,64.7,109.1,145,18,2,5.4,0,5.0
CUST-103976,79.3,Low Risk (Healthy),26,68.9,52.7,41,16,1,15.9,0,5.0
CUST-103977,60.8,Medium Risk (Warning),16,83.0,56.2,145,26,2,11.7,0,4.0
CUST-103978,5.0,High Risk (Critical),4,14.7,13.2,79,19,1,42.0,1,1.0
CUST-103979,38.4,High Risk (Critical),10,13.4,19.6,6,4,0,0.0,0,3.5
CUST-103980,67.4,Medium Risk (Warning),22,56.8,37.1,1780,36,0,0.0,0,3.5
CUST-103981,38.2,High Risk (Critical),6,30.8,13.9,94,3,0,0.0,0,3.5
CUST-103982,22.9,High Risk (Critical),10,26.7,13.6,72,33,1,51.3,0,2.0
CUST-103983,8.8,High Risk (Critical),6,26.1,16.1,9,26,4,36.4,1,3.0
CUST-103984,62.7,Medium Risk (Warning),16,67.8,81.2,122,30,0,0.0,0,3.5
CUST-103985,61.5,Medium Risk (Warning),20,54.3,30.2,113,41,1,11.9,0,4.0
CUST-103986,57.9,Medium Risk (Warning),19,55.7,51.2,31,36,3,16.8,0,5.0
CUST-103987,17.6,High Risk (Critical),14,22.4,16.5,118,21,2,46.3,0,1.0
CUST-103988,5.0,High Risk (Critical),3,24.4,13.1,111,39,2,30.0,1,2.0
CUST-103989,44.5,High Risk (Critical),11,29.3,19.8,139,21,0,0.0,0,3.5
CUST-103990,68.8,Medium Risk (Warning),22,61.6,98.9,113,15,0,0.0,0,3.5
CUST-103991,61.7,Medium Risk (Warning),17,84.0,107.6,3335,24,2,17.2,0,4.0
CUST-103992,73.2,Low Risk (Healthy),19,89.7,36.0,1548,25,0,0.0,0,3.5
CUST-103993,15.5,High Risk (Critical),13,29.1,20.9,116,27,1,20.3,1,1.0
CUST-103994,80.0,Low Risk (Healthy),27,76.7,78.1,3358,6,0,0.0,0,3.5
CUST-103995,25.9,High Risk (Critical),10,37.3,16.1,63,4,2,20.7,0,2.0
CUST-103996,76.1,Low Risk (Healthy),29,54.7,102.6,5027,11,0,0.0,0,3.5
CUST-103997,36.8,High Risk (Critical),9,12.6,19.5,122,28,0,0.0,0,3.5
CUST-103998,14.2,High Risk (Critical),12,17.5,8.7,82,9,4,46.1,1,3.0
CUST-103999,69.4,Medium Risk (Warning),22,90.1,29.2,115,8,2,23.8,0,4.0
CUST-104000,76.4,Low Risk (Healthy),22,88.5,91.5,10,10,2,11.7,0,5.0
CUST-104001,14.0,High Risk (Critical),2,18.1,11.3,98,28,1,65.1,0,3.0
CUST-104002,84.2,Low Risk (Healthy),29,93.9,28.6,122,24,1,21.0,0,4.0
CUST-104003,69.9,Medium Risk (Warning),21,91.0,32.2,128,41,2,11.5,0,4.0
CUST-104004,26.2,High Risk (Critical),14,10.8,5.9,85,28,3,13.3,0,3.0
CUST-104005,54.1,Medium Risk (Warning),19,56.7,27.5,1210,45,2,10.2,0,3.5
CUST-104006,12.3,High Risk (Critical),6,16.0,18.3,35,20,1,35.7,1,3.0
CUST-104007,55.8,Medium Risk (Warning),18,85.9,89.0,100,2,3,23.5,0,3.5
CUST-104008,38.4,High Risk (Critical),3,44.5,14.1,134,39,0,0.0,0,3.5
CUST-104009,69.4,Medium Risk (Warning),16,75.4,62.5,99,18,1,4.1,0,5.0
CUST-104010,5.0,High Risk (Critical),4,35.9,15.2,76,14,2,38.9,1,1.0
CUST-104011,21.6,High Risk (Critical),12,11.7,9.6,66,24,2,15.1,0,2.0
CUST-104012,69.0,Medium Risk (Warning),24,58.5,102.0,122,16,1,4.0,0,4.0
CUST-104013,85.2,Low Risk (Healthy),29,85.2,79.9,2397,43,0,0.0,0,3.5
CUST-104014,67.4,Medium Risk (Warning),21,61.3,29.6,769,39,0,0.0,0,3.5
CUST-104015,60.4,Medium Risk (Warning),15,94.5,74.3,2,18,2,7.3,0,3.5
CUST-104016,13.6,High Risk (Critical),6,22.2,17.0,96,9,3,56.1,0,3.0
CUST-104017,46.1,Medium Risk (Warning),12,30.5,14.6,20,18,0,0.0,0,3.5
CUST-104018,16.3,High Risk (Critical),13,35.9,21.0,16,10,3,14.4,1,2.0
CUST-104019,31.2,High Risk (Critical),10,31.7,15.3,150,3,1,44.9,0,3.0
CUST-104020,80.2,Low Risk (Healthy),27,77.3,39.4,141,17,0,0.0,0,3.5
CUST-104021,69.6,Medium Risk (Warning),26,63.4,73.1,731,30,1,8.9,0,3.5
CUST-104022,15.2,High Risk (Critical),1,28.3,21.3,10,25,1,68.6,0,3.0
CUST-104023,45.6,Medium Risk (Warning),13,24.1,17.8,57,32,0,0.0,0,3.5
CUST-104024,22.1,High Risk (Critical),6,22.7,15.1,51,24,1,53.9,0,3.0
CUST-104025,31.6,High Risk (Critical),2,26.4,6.3,33,32,0,0.0,0,3.5
CUST-104026,75.7,Low Risk (Healthy),27,72.4,106.4,106,18,1,16.0,0,4.0
CUST-104027,72.3,Low Risk (Healthy),26,83.3,35.8,78,9,2,3.1,0,3.5
CUST-104028,17.9,High Risk (Critical),5,33.6,19.5,116,44,1,22.4,1,3.0
CUST-104029,81.8,Low Risk (Healthy),29,91.5,103.9,47,44,2,2.3,0,4.0
CUST-104030,5.0,High Risk (Critical),2,16.6,7.3,75,42,4,33.3,1,3.0
CUST-104031,21.1,High Risk (Critical),9,31.3,9.6,58,3,3,50.4,0,3.0
CUST-104032,79.0,Low Risk (Healthy),25,82.1,75.9,1669,31,0,0.0,0,3.5
CUST-104033,18.6,High Risk (Critical),11,18.2,15.5,39,18,1,28.6,0,1.0
CUST-104034,59.0,Medium Risk (Warning),23,60.1,90.5,62,39,2,21.2,0,3.5
CUST-104035,66.5,Medium Risk (Warning),17,86.5,93.3,933,29,1,17.0,0,4.0
CUST-104036,73.0,Low Risk (Healthy),23,79.4,104.3,115,17,1,11.7,0,4.0
CUST-104037,40.1,High Risk (Critical),9,23.6,15.0,105,6,0,0.0,0,3.5
CUST-104038,19.8,High Risk (Critical),14,38.7,15.1,44,24,4,51.8,0,2.0
CUST-104039,6.4,High Risk (Critical),3,32.6,11.6,131,0,3,59.2,0,2.0
CUST-104040,46.8,Medium Risk (Warning),12,32.8,21.0,57,29,0,0.0,0,3.5
CUST-104041,83.4,Low Risk (Healthy),28,73.4,50.4,2419,19,1,15.6,0,5.0
CUST-104042,65.1,Medium Risk (Warning),20,76.3,37.6,99,41,1,11.6,0,3.5
CUST-104043,72.9,Low Risk (Healthy),18,79.3,97.3,70,31,1,7.0,0,5.0
CUST-104044,14.5,High Risk (Critical),11,11.3,22.0,94,13,1,12.1,1,2.0
CUST-104045,33.9,High Risk (Critical),5,20.7,9.1,43,43,0,0.0,0,3.5
CUST-104046,5.0,High Risk (Critical),5,37.7,19.6,31,22,1,43.8,1,1.0
CUST-104047,17.8,High Risk (Critical),13,19.0,6.8,136,9,1,58.0,0,1.0
CUST-104048,82.5,Low Risk (Healthy),27,70.1,78.3,4384,36,1,4.6,0,5.0
CUST-104049,77.1,Low Risk (Healthy),24,80.2,84.8,5088,27,0,0.0,0,3.5
CUST-104050,28.9,High Risk (Critical),14,30.2,4.3,16,25,3,38.6,0,3.0
CUST-104051,64.2,Medium Risk (Warning),21,70.4,35.2,108,28,1,15.4,0,3.5
CUST-104052,11.7,High Risk (Critical),11,20.8,7.4,144,11,3,25.7,0,1.0
CUST-104053,20.7,High Risk (Critical),5,41.3,15.6,80,19,2,18.8,0,2.0
CUST-104054,32.0,High Risk (Critical),9,44.7,7.9,92,10,2,27.4,0,3.0
CUST-104055,5.0,High Risk (Critical),5,40.2,17.4,60,3,3,33.9,1,1.0
CUST-104056,56.7,Medium Risk (Warning),18,54.6,25.9,40,1,1,5.6,0,3.5
CUST-104057,33.6,High Risk (Critical),3,28.6,6.8,86,38,0,0.0,0,3.5
CUST-104058,22.5,High Risk (Critical),10,25.8,7.7,91,5,1,20.5,1,3.0
CUST-104059,71.8,Low Risk (Healthy),26,53.9,67.9,1629,40,0,0.0,0,3.5
CUST-104060,5.0,High Risk (Critical),6,22.3,13.3,92,23,2,34.8,1,1.0
CUST-104061,7.4,High Risk (Critical),4,30.3,18.6,68,41,4,53.8,1,3.0
CUST-104062,47.6,Medium Risk (Warning),15,55.6,52.6,146,26,2,17.0,0,3.5
CUST-104063,25.5,High Risk (Critical),14,28.9,15.1,77,1,4,30.7,0,3.0
CUST-104064,5.0,High Risk (Critical),1,14.4,8.6,122,18,2,57.1,1,2.0
CUST-104065,9.3,High Risk (Critical),12,24.8,14.1,70,22,2,17.4,1,1.0
CUST-104066,65.0,Medium Risk (Warning),15,79.9,74.7,135,25,0,0.0,0,3.5
CUST-104067,23.1,High Risk (Critical),8,38.8,19.4,85,43,2,25.7,0,2.0
CUST-104068,19.4,High Risk (Critical),12,39.5,5.4,101,14,2,51.6,0,1.0
CUST-104069,5.0,High Risk (Critical),3,39.6,21.5,93,39,3,52.4,1,2.0
CUST-104070,26.2,High Risk (Critical),4,32.6,19.0,104,15,1,23.5,0,3.0
CUST-104071,26.3,High Risk (Critical),12,29.4,5.2,8,12,1,51.9,0,2.0
CUST-104072,86.4,Low Risk (Healthy),28,78.3,48.8,13,44,1,3.0,0,5.0
CUST-104073,5.0,High Risk (Critical),7,17.0,11.2,20,18,3,36.2,1,1.0
CUST-104074,30.3,High Risk (Critical),9,44.1,19.3,149,15,2,39.1,0,3.0
CUST-104075,86.8,Low Risk (Healthy),29,90.5,29.4,25,11,0,0.0,0,3.5
CUST-104076,72.2,Low Risk (Healthy),24,79.8,62.3,3426,36,1,6.3,0,3.5
CUST-104077,36.9,High Risk (Critical),7,22.0,19.0,111,34,0,0.0,0,3.5
CUST-104078,9.8,High Risk (Critical),5,25.1,12.1,136,15,2,19.5,0,1.0
CUST-104079,82.1,Low Risk (Healthy),29,74.8,57.3,4412,35,0,0.0,0,3.5
CUST-104080,5.0,High Risk (Critical),4,25.9,13.7,108,27,3,66.6,1,2.0
CUST-104081,60.6,Medium Risk (Warning),17,56.3,64.2,102,44,0,0.0,0,3.5
CUST-104082,32.6,High Risk (Critical),2,29.7,16.7,92,19,0,0.0,0,3.5
CUST-104083,73.0,Low Risk (Healthy),19,88.9,55.3,56,19,0,0.0,0,3.5
CUST-104084,16.8,High Risk (Critical),12,34.5,6.9,138,31,2,60.1,0,1.0
CUST-104085,66.9,Medium Risk (Warning),18,79.2,100.2,4909,43,2,22.6,0,5.0
CUST-104086,67.3,Medium Risk (Warning),19,82.2,37.2,43,15,3,5.7,0,5.0
CUST-104087,74.4,Low Risk (Healthy),19,93.4,76.8,67,34,0,0.0,0,3.5
CUST-104088,5.0,High Risk (Critical),6,14.4,9.6,21,15,3,38.0,0,1.0
CUST-104089,66.8,Medium Risk (Warning),22,74.1,101.5,48,1,3,22.5,0,5.0
CUST-104090,63.8,Medium Risk (Warning),17,59.7,79.8,2473,3,1,22.5,0,5.0
CUST-104091,20.7,High Risk (Critical),11,21.2,17.8,149,44,1,18.3,0,1.0
CUST-104092,32.9,High Risk (Critical),12,19.3,16.0,28,21,1,23.3,0,3.0
CUST-104093,5.5,High Risk (Critical),4,42.7,5.1,102,24,1,37.5,1,1.0
CUST-104094,5.0,High Risk (Critical),2,28.0,6.4,39,30,4,67.4,0,3.0
CUST-104095,82.6,Low Risk (Healthy),29,80.1,42.4,1823,33,2,16.4,0,5.0
CUST-104096,67.1,Medium Risk (Warning),16,68.4,66.6,51,44,1,5.7,0,5.0
CUST-104097,78.5,Low Risk (Healthy),26,83.2,42.9,44,35,1,8.7,0,4.0
CUST-104098,60.1,Medium Risk (Warning),17,54.8,92.5,3792,32,0,0.0,0,3.5
CUST-104099,26.8,High Risk (Critical),7,42.1,15.0,83,11,1,25.3,0,2.0
CUST-104100,72.3,Low Risk (Healthy),23,67.9,105.0,4935,37,2,6.2,0,5.0
CUST-104101,5.0,High Risk (Critical),7,17.2,4.2,115,31,2,22.0,1,1.0
CUST-104102,77.8,Low Risk (Healthy),24,82.5,61.8,4078,12,0,0.0,0,3.5
CUST-104103,70.2,Low Risk (Healthy),24,57.5,33.2,1593,4,0,0.0,0,3.5
CUST-104104,14.7,High Risk (Critical),9,28.4,4.5,97,4,4,14.4,0,2.0
CUST-104105,58.0,Medium Risk (Warning),20,51.8,46.1,44,44,1,9.7,0,3.5
CUST-104106,69.8,Medium Risk (Warning),17,87.2,56.6,3792,19,0,0.0,0,3.5
CUST-104107,13.8,High Risk (Critical),6,42.7,9.2,112,34,2,40.2,0,1.0
CUST-104108,50.3,Medium Risk (Warning),13,39.8,12.2,58,39,0,0.0,0,3.5
CUST-104109,7.4,High Risk (Critical),7,15.5,16.7,29,45,1,36.9,1,2.0
CUST-104110,36.1,High Risk (Critical),3,37.1,14.0,134,15,0,0.0,0,3.5
CUST-104111,25.7,High Risk (Critical),8,33.2,18.4,94,31,1,23.4,0,2.0
CUST-104112,43.5,High Risk (Critical),7,43.9,13.9,123,3,0,0.0,0,3.5
CUST-104113,47.4,Medium Risk (Warning),13,30.2,18.1,5,40,0,0.0,0,3.5
CUST-104114,62.4,Medium Risk (Warning),17,62.4,103.5,4450,3,0,0.0,0,3.5
CUST-104115,72.2,Low Risk (Healthy),26,55.2,94.0,30,32,0,0.0,0,3.5
CUST-104116,19.8,High Risk (Critical),11,20.7,13.5,131,1,1,40.9,1,3.0
CUST-104117,5.0,High Risk (Critical),3,44.6,4.9,96,13,2,16.6,1,1.0
CUST-104118,5.0,High Risk (Critical),2,23.0,11.6,45,29,2,18.0,1,1.0
CUST-104119,9.0,High Risk (Critical),1,19.8,7.9,68,9,3,34.2,0,3.0
CUST-104120,69.1,Medium Risk (Warning),26,61.8,34.4,1548,26,1,9.0,0,3.5
CUST-104121,71.5,Low Risk (Healthy),25,67.2,92.1,20,35,1,16.0,0,4.0
CUST-104122,17.2,High Risk (Critical),7,17.4,9.9,53,13,2,59.0,0,3.0
CUST-104123,48.2,Medium Risk (Warning),12,37.4,10.4,44,3,0,0.0,0,3.5
CUST-104124,72.3,Low Risk (Healthy),21,77.6,67.7,1,5,0,0.0,0,3.5
CUST-104125,83.5,Low Risk (Healthy),26,92.7,105.7,4862,36,0,0.0,0,3.5
CUST-104126,5.0,High Risk (Critical),4,30.1,17.1,19,41,4,24.1,1,1.0
CUST-104127,20.2,High Risk (Critical),14,26.8,5.6,109,31,4,68.0,0,3.0
CUST-104128,63.9,Medium Risk (Warning),19,79.3,52.7,579,23,2,10.1,0,4.0
CUST-104129,81.4,Low Risk (Healthy),28,84.6,99.2,5753,9,1,10.3,0,4.0
CUST-104130,76.3,Low Risk (Healthy),29,66.4,29.5,103,28,1,17.9,0,4.0
CUST-104131,6.5,High Risk (Critical),3,19.4,7.2,142,30,2,58.8,0,2.0
CUST-104132,8.4,High Risk (Critical),7,26.5,18.4,83,12,2,23.4,1,2.0
CUST-104133,66.0,Medium Risk (Warning),17,77.7,34.8,939,22,2,15.8,0,5.0
CUST-104134,5.0,High Risk (Critical),7,33.6,4.7,85,5,2,38.9,1,1.0
CUST-104135,5.0,High Risk (Critical),3,10.1,4.9,134,21,2,20.6,1,2.0
CUST-104136,63.8,Medium Risk (Warning),15,76.1,85.0,77,8,0,0.0,0,3.5
CUST-104137,16.5,High Risk (Critical),1,30.7,19.7,75,10,1,16.1,0,2.0
CUST-104138,29.4,High Risk (Critical),13,36.9,8.5,128,29,2,23.8,0,2.0
CUST-104139,30.7,High Risk (Critical),3,18.9,9.3,16,35,0,0.0,0,3.5
CUST-104140,43.2,High Risk (Critical),9,33.9,5.7,7,30,0,0.0,0,3.5
CUST-104141,22.2,High Risk (Critical),12,30.5,8.5,115,25,2,23.6,1,3.0
CUST-104142,70.0,Low Risk (Healthy),20,74.6,84.7,99,7,0,0.0,0,3.5
CUST-104143,68.9,Medium Risk (Warning),25,54.5,41.0,145,11,1,6.1,0,4.0
CUST-104144,18.5,High Risk (Critical),10,12.5,20.6,93,45,2,68.8,0,3.0
CUST-104145,11.2,High Risk (Critical),8,10.5,19.8,72,27,3,20.7,0,2.0
CUST-104146,7.8,High Risk (Critical),2,38.2,4.9,75,12,5,34.9,0,3.0
CUST-104147,24.8,High Risk (Critical),14,33.5,19.0,138,20,3,31.1,0,2.0
CUST-104148,10.2,High Risk (Critical),7,24.0,7.7,70,15,2,50.7,1,3.0
CUST-104149,43.1,High Risk (Critical),9,33.7,19.6,114,45,0,0.0,0,3.5
CUST-104150,26.1,High Risk (Critical),14,31.9,19.5,119,11,1,32.8,0,1.0
CUST-104151,26.0,High Risk (Critical),10,32.0,18.4,3,43,3,23.4,0,3.0
CUST-104152,7.9,High Risk (Critical),9,32.7,20.9,32,2,3,62.9,0,1.0
CUST-104153,74.6,Low Risk (Healthy),19,94.3,65.1,43,9,0,0.0,0,3.5
CUST-104154,25.1,High Risk (Critical),12,31.8,9.2,133,22,1,67.3,0,2.0
CUST-104155,64.5,Medium Risk (Warning),18,94.3,47.7,148,15,4,14.2,0,5.0
CUST-104156,70.8,Low Risk (Healthy),18,86.1,63.5,95,41,0,0.0,0,3.5
CUST-104157,72.3,Low Risk (Healthy),19,77.6,74.8,1271,10,1,18.8,0,5.0
CUST-104158,78.8,Low Risk (Healthy),29,81.2,69.4,67,39,3,17.7,0,5.0
CUST-104159,32.0,High Risk (Critical),13,27.1,20.4,88,35,1,12.1,0,2.0
CUST-104160,70.7,Low Risk (Healthy),17,75.6,63.5,5016,18,1,5.2,0,5.0
CUST-104161,77.3,Low Risk (Healthy),19,89.3,96.8,62,38,1,6.3,0,5.0
CUST-104162,66.4,Medium Risk (Warning),25,74.7,86.6,119,17,3,10.5,0,4.0
CUST-104163,37.1,High Risk (Critical),14,38.9,8.8,31,13,1,58.0,0,3.0
CUST-104164,72.9,Low Risk (Healthy),23,81.7,49.4,3507,31,1,18.3,0,4.0
CUST-104165,24.7,High Risk (Critical),14,16.9,10.1,92,18,2,24.2,0,2.0
CUST-104166,13.4,High Risk (Critical),13,22.7,19.3,92,0,2,38.2,1,2.0
CUST-104167,5.0,High Risk (Critical),1,41.1,6.3,81,44,2,63.6,1,1.0
CUST-104168,12.3,High Risk (Critical),6,14.8,16.6,62,18,3,49.5,0,3.0
CUST-104169,25.3,High Risk (Critical),14,28.6,12.3,102,2,1,31.3,0,1.0
CUST-104170,76.4,Low Risk (Healthy),26,77.8,48.2,107,35,1,12.5,0,4.0
CUST-104171,5.0,High Risk (Critical),4,12.2,18.0,32,11,1,61.8,1,1.0
CUST-104172,17.1,High Risk (Critical),8,21.3,11.3,134,5,1,16.0,0,1.0
CUST-104173,79.2,Low Risk (Healthy),29,86.2,33.7,98,17,1,18.9,0,3.5
CUST-104174,67.2,Medium Risk (Warning),21,60.6,44.2,2,14,0,0.0,0,3.5
CUST-104175,5.0,High Risk (Critical),5,36.0,14.3,134,23,1,37.8,1,1.0
CUST-104176,5.0,High Risk (Critical),3,25.9,13.6,28,44,4,34.5,0,2.0
CUST-104177,5.6,High Risk (Critical),10,37.7,9.7,117,22,3,70.9,1,1.0
CUST-104178,79.6,Low Risk (Healthy),25,89.9,59.4,32,1,1,5.3,0,4.0
CUST-104179,68.3,Medium Risk (Warning),16,78.8,63.2,148,27,1,21.6,0,5.0
CUST-104180,27.3,High Risk (Critical),5,42.8,6.1,121,24,1,49.5,0,3.0
CUST-104181,59.7,Medium Risk (Warning),22,50.5,40.8,2692,14,1,14.5,0,3.5
CUST-104182,59.7,Medium Risk (Warning),18,58.1,108.8,43,9,1,13.6,0,4.0
CUST-104183,78.9,Low Risk (Healthy),27,62.7,106.2,6053,14,1,15.2,0,5.0
CUST-104184,57.2,Medium Risk (Warning),15,61.3,102.7,4210,38,1,9.6,0,4.0
CUST-104185,82.3,Low Risk (Healthy),27,84.2,82.1,1477,4,0,0.0,0,3.5
CUST-104186,68.2,Medium Risk (Warning),18,77.5,62.8,95,23,0,0.0,0,3.5
CUST-104187,5.0,High Risk (Critical),3,44.2,12.2,11,40,2,43.5,1,1.0
CUST-104188,7.4,High Risk (Critical),10,15.2,19.9,49,1,2,36.3,1,2.0
CUST-104189,10.7,High Risk (Critical),4,32.1,18.6,147,7,2,18.3,0,1.0
CUST-104190,12.9,High Risk (Critical),13,28.6,15.6,52,11,3,49.1,1,2.0
CUST-104191,17.0,High Risk (Critical),11,25.5,20.6,61,14,1,58.3,0,1.0
CUST-104192,73.3,Low Risk (Healthy),23,72.0,84.7,127,43,0,0.0,0,3.5
CUST-104193,69.0,Medium Risk (Warning),17,84.3,41.7,2960,34,0,0.0,0,3.5
CUST-104194,74.8,Low Risk (Healthy),27,71.0,77.0,3850,18,1,19.9,0,4.0
CUST-104195,68.3,Medium Risk (Warning),20,88.3,94.1,6,37,2,6.7,0,4.0
CUST-104196,7.0,High Risk (Critical),2,24.2,13.1,39,35,2,55.7,0,2.0
CUST-104197,20.5,High Risk (Critical),9,36.9,12.4,32,20,1,52.7,1,3.0
CUST-104198,58.6,Medium Risk (Warning),16,64.8,91.9,66,19,1,17.4,0,4.0
CUST-104199,70.8,Low Risk (Healthy),20,77.0,104.3,9,30,0,0.0,0,3.5
CUST-104200,65.1,Medium Risk (Warning),24,51.5,42.1,1305,4,1,19.1,0,4.0
CUST-104201,44.7,High Risk (Critical),11,30.2,12.4,26,18,0,0.0,0,3.5
CUST-104202,14.6,High Risk (Critical),10,27.4,10.3,36,1,2,56.7,1,3.0
CUST-104203,17.8,High Risk (Critical),12,29.3,18.8,119,41,3,31.9,1,3.0
CUST-104204,75.5,Low Risk (Healthy),25,93.5,29.6,46,14,2,15.3,0,4.0
CUST-104205,10.9,High Risk (Critical),13,13.3,6.2,90,20,4,51.3,0,2.0
CUST-104206,12.9,High Risk (Critical),8,18.6,17.4,34,37,1,42.4,0,1.0
CUST-104207,77.3,Low Risk (Healthy),26,72.2,93.1,28,23,0,0.0,0,3.5
CUST-104208,77.9,Low Risk (Healthy),23,87.4,72.4,102,28,0,0.0,0,3.5
CUST-104209,17.8,High Risk (Critical),13,20.1,5.5,5,11,1,60.7,0,1.0
CUST-104210,68.6,Medium Risk (Warning),19,85.3,104.1,21,19,1,18.8,0,4.0
CUST-104211,12.3,High Risk (Critical),9,30.4,6.1,129,13,1,54.7,1,2.0
CUST-104212,20.1,High Risk (Critical),14,39.4,11.4,70,3,2,67.4,0,1.0
CUST-104213,48.4,Medium Risk (Warning),12,38.0,10.3,67,24,0,0.0,0,3.5
CUST-104214,23.1,High Risk (Critical),9,23.2,13.0,3,8,2,47.1,0,3.0
CUST-104215,16.7,High Risk (Critical),6,34.8,8.3,21,22,1,29.6,0,1.0
CUST-104216,69.7,Medium Risk (Warning),26,58.7,97.8,4890,17,1,20.6,0,4.0
CUST-104217,5.0,High Risk (Critical),4,22.2,12.1,53,45,3,40.3,0,1.0
CUST-104218,37.6,High Risk (Critical),9,15.3,18.1,127,25,0,0.0,0,3.5
CUST-104219,65.1,Medium Risk (Warning),17,83.7,103.7,122,4,1,21.4,0,4.0
CUST-104220,71.5,Low Risk (Healthy),24,81.1,44.7,1698,6,3,22.5,0,5.0
CUST-104221,66.2,Medium Risk (Warning),21,67.0,84.8,2628,44,1,14.8,0,4.0
CUST-104222,12.8,High Risk (Critical),12,33.8,16.4,128,20,4,26.6,0,1.0
CUST-104223,5.0,High Risk (Critical),4,25.4,19.2,20,25,3,39.7,0,1.0
CUST-104224,67.9,Medium Risk (Warning),28,62.6,82.7,5292,45,3,2.1,0,4.0
CUST-104225,30.2,High Risk (Critical),7,39.8,15.3,75,14,1,40.9,0,3.0
CUST-104226,14.7,High Risk (Critical),3,27.7,6.6,43,12,2,60.9,0,3.0
CUST-104227,5.0,High Risk (Critical),8,15.3,18.6,59,4,4,62.4,1,1.0
CUST-104228,5.0,High Risk (Critical),1,19.4,7.0,70,24,3,20.0,0,1.0
CUST-104229,67.7,Medium Risk (Warning),28,55.9,86.5,145,25,2,19.0,0,4.0
CUST-104230,67.7,Medium Risk (Warning),23,53.4,25.2,1990,36,0,0.0,0,3.5
CUST-104231,8.0,High Risk (Critical),7,11.6,13.5,19,36,1,22.4,1,2.0
CUST-104232,80.7,Low Risk (Healthy),25,87.9,83.5,94,36,0,0.0,0,3.5
CUST-104233,71.0,Low Risk (Healthy),20,83.7,106.6,2238,9,1,5.9,0,4.0
CUST-104234,5.0,High Risk (Critical),6,23.1,20.4,93,45,1,26.3,1,1.0
CUST-104235,10.0,High Risk (Critical),10,34.0,18.8,13,27,1,44.1,1,1.0
CUST-104236,5.0,High Risk (Critical),1,13.9,13.4,103,13,7,62.6,1,1.0
CUST-104237,63.1,Medium Risk (Warning),20,51.5,64.5,63,33,0,0.0,0,3.5
CUST-104238,67.4,Medium Risk (Warning),21,61.2,85.0,54,35,0,0.0,0,3.5
CUST-104239,34.1,High Risk (Critical),14,34.4,14.1,92,26,1,70.7,0,3.0
CUST-104240,68.1,Medium Risk (Warning),18,62.3,27.8,9,20,1,4.8,0,5.0
CUST-104241,28.5,High Risk (Critical),11,27.7,5.4,47,17,1,19.9,0,2.0
CUST-104242,69.1,Medium Risk (Warning),27,50.1,83.2,40,5,1,15.7,0,4.0
CUST-104243,13.8,High Risk (Critical),7,16.5,9.1,71,15,1,67.7,0,2.0
CUST-104244,69.6,Medium Risk (Warning),24,55.3,109.1,16,42,0,0.0,0,3.5
CUST-104245,8.6,High Risk (Critical),7,28.2,4.5,49,41,2,57.6,0,1.0
CUST-104246,59.0,Medium Risk (Warning),15,59.9,49.5,105,44,0,0.0,0,3.5
CUST-104247,44.2,High Risk (Critical),12,24.1,6.5,142,22,0,0.0,0,3.5
CUST-104248,5.0,High Risk (Critical),5,36.8,13.1,36,19,2,27.3,1,1.0
CUST-104249,78.4,Low Risk (Healthy),20,92.5,40.5,143,0,1,15.8,0,5.0
CUST-104250,41.1,High Risk (Critical),12,13.7,8.8,26,12,0,0.0,0,3.5
CUST-104251,13.7,High Risk (Critical),8,33.3,14.6,38,11,3,32.1,1,3.0
CUST-104252,69.8,Medium Risk (Warning),20,73.8,44.5,82,19,0,0.0,0,3.5
CUST-104253,73.7,Low Risk (Healthy),21,82.4,93.7,33,0,0,0.0,0,3.5
CUST-104254,19.1,High Risk (Critical),13,35.7,16.2,130,44,2,23.3,1,2.0
CUST-104255,38.6,High Risk (Critical),10,14.1,15.8,94,1,0,0.0,0,3.5
CUST-104256,67.2,Medium Risk (Warning),16,82.9,78.6,3772,32,0,0.0,0,3.5
CUST-104257,23.4,High Risk (Critical),6,34.3,4.5,9,25,2,39.5,0,3.0
CUST-104258,73.1,Low Risk (Healthy),15,91.4,29.3,966,42,1,2.7,0,5.0
CUST-104259,62.4,Medium Risk (Warning),19,53.6,51.4,92,5,0,0.0,0,3.5
CUST-104260,16.8,High Risk (Critical),7,22.8,19.2,9,23,1,58.9,0,2.0
CUST-104261,13.4,High Risk (Critical),11,18.0,13.7,126,30,1,37.3,1,2.0
CUST-104262,50.2,Medium Risk (Warning),12,44.0,19.5,74,40,0,0.0,0,3.5
CUST-104263,42.1,High Risk (Critical),10,26.0,12.0,30,42,0,0.0,0,3.5
CUST-104264,21.0,High Risk (Critical),9,26.2,12.8,94,42,1,23.2,1,3.0
CUST-104265,71.9,Low Risk (Healthy),26,60.8,78.3,33,9,1,7.7,0,4.0
CUST-104266,83.7,Low Risk (Healthy),26,93.4,34.8,38,5,0,0.0,0,3.5
CUST-104267,40.9,High Risk (Critical),12,12.9,13.8,91,23,0,0.0,0,3.5
CUST-104268,65.5,Medium Risk (Warning),18,85.6,76.1,73,43,1,9.1,0,3.5
CUST-104269,57.3,Medium Risk (Warning),17,61.3,36.4,1274,3,1,5.8,0,3.5
CUST-104270,45.9,Medium Risk (Warning),10,38.7,16.9,14,20,0,0.0,0,3.5
CUST-104271,13.8,High Risk (Critical),3,44.6,20.8,9,45,1,12.5,1,2.0
CUST-104272,11.6,High Risk (Critical),5,39.7,13.4,36,30,6,31.0,0,3.0
CUST-104273,25.1,High Risk (Critical),9,28.8,15.5,95,3,2,44.6,0,3.0
CUST-104274,74.6,Low Risk (Healthy),26,85.0,64.9,4283,29,2,12.3,0,4.0
CUST-104275,9.0,High Risk (Critical),9,13.1,20.4,16,10,1,71.1,0,1.0
CUST-104276,77.3,Low Risk (Healthy),26,56.7,53.4,3,10,1,3.3,0,5.0
CUST-104277,19.3,High Risk (Critical),11,23.7,6.4,103,12,4,35.6,0,3.0
CUST-104278,61.3,Medium Risk (Warning),18,54.3,89.2,5173,38,0,0.0,0,3.5
CUST-104279,72.5,Low Risk (Healthy),20,82.7,48.4,1403,40,0,0.0,0,3.5
CUST-104280,5.0,High Risk (Critical),3,10.8,19.5,144,41,5,32.3,1,3.0
CUST-104281,72.9,Low Risk (Healthy),23,70.9,38.2,1107,31,0,0.0,0,3.5
CUST-104282,11.9,High Risk (Critical),9,22.9,21.7,138,36,4,65.3,1,3.0
CUST-104283,5.0,High Risk (Critical),4,24.2,20.1,56,31,2,17.5,1,1.0
CUST-104284,25.4,High Risk (Critical),14,39.0,18.9,55,25,1,71.7,1,3.0
CUST-104285,17.8,High Risk (Critical),9,35.1,14.8,49,25,3,38.0,0,2.0
CUST-104286,83.7,Low Risk (Healthy),26,93.4,58.0,109,16,0,0.0,0,3.5
CUST-104287,64.8,Medium Risk (Warning),17,70.3,38.5,119,34,0,0.0,0,3.5
CUST-104288,65.2,Medium Risk (Warning),15,80.5,57.5,977,6,0,0.0,0,3.5
CUST-104289,25.2,High Risk (Critical),4,42.3,18.3,65,30,2,22.8,0,3.0
CUST-104290,23.5,High Risk (Critical),9,17.4,4.3,26,18,1,61.8,0,3.0
CUST-104291,62.1,Medium Risk (Warning),18,57.0,70.6,2118,40,0,0.0,0,3.5
CUST-104292,5.0,High Risk (Critical),1,17.6,12.3,59,9,1,49.6,1,3.0
CUST-104293,15.5,High Risk (Critical),3,32.7,5.2,20,14,2,18.2,0,2.0
CUST-104294,5.0,High Risk (Critical),1,28.8,12.4,35,40,2,50.6,0,1.0
CUST-104295,15.9,High Risk (Critical),10,30.5,17.1,61,27,2,36.5,0,1.0
CUST-104296,24.4,High Risk (Critical),10,29.0,19.8,43,3,1,44.9,0,2.0
CUST-104297,70.4,Low Risk (Healthy),23,62.3,68.5,44,18,0,0.0,0,3.5
CUST-104298,15.7,High Risk (Critical),3,43.6,10.9,18,42,4,26.7,0,3.0
CUST-104299,6.5,High Risk (Critical),14,22.9,13.1,18,9,2,65.9,1,1.0
CUST-104300,5.4,High Risk (Critical),8,25.8,4.7,146,0,4,12.4,1,2.0
CUST-104301,5.0,High Risk (Critical),6,11.4,17.0,46,34,3,52.1,0,2.0
CUST-104302,88.7,Low Risk (Healthy),27,91.2,33.8,439,45,1,5.4,0,5.0
CUST-104303,43.6,High Risk (Critical),8,39.9,11.4,92,5,0,0.0,0,3.5
CUST-104304,74.4,Low Risk (Healthy),27,72.8,30.5,68,28,3,11.5,0,5.0
CUST-104305,16.5,High Risk (Critical),13,13.2,10.4,5,12,2,22.7,0,1.0
CUST-104306,83.7,Low Risk (Healthy),26,93.4,71.8,66,25,0,0.0,0,3.5
CUST-104307,18.9,High Risk (Critical),5,34.1,11.2,34,3,2,63.8,0,3.0
CUST-104308,77.9,Low Risk (Healthy),26,74.2,104.2,86,32,0,0.0,0,3.5
CUST-104309,5.0,High Risk (Critical),3,28.3,9.3,2,2,2,46.2,0,1.0
CUST-104310,75.1,Low Risk (Healthy),23,78.0,75.7,140,5,0,0.0,0,3.5
CUST-104311,27.8,High Risk (Critical),1,18.2,9.0,8,42,0,0.0,0,3.5
CUST-104312,81.3,Low Risk (Healthy),26,90.6,109.3,2076,24,1,4.6,0,4.0
CUST-104313,32.4,High Risk (Critical),4,20.1,21.5,60,27,0,0.0,0,3.5
CUST-104314,23.2,High Risk (Critical),13,26.0,11.8,1,2,2,47.2,0,2.0
CUST-104315,72.0,Low Risk (Healthy),23,67.8,83.3,4998,36,0,0.0,0,3.5
CUST-104316,57.1,Medium Risk (Warning),16,54.1,91.2,59,20,1,4.1,0,4.0
CUST-104317,10.2,High Risk (Critical),12,19.0,21.2,60,19,3,44.2,0,1.0
CUST-104318,64.4,Medium Risk (Warning),15,82.5,33.8,13,31,2,19.1,0,5.0
CUST-104319,70.9,Low Risk (Healthy),23,64.1,98.7,136,28,0,0.0,0,3.5
CUST-104320,61.7,Medium Risk (Warning),21,54.3,98.7,5,3,1,21.0,0,4.0
CUST-104321,74.0,Low Risk (Healthy),28,72.0,91.3,1369,7,2,7.5,0,4.0
CUST-104322,67.5,Medium Risk (Warning),21,61.7,60.4,4348,35,0,0.0,0,3.5
CUST-104323,74.8,Low Risk (Healthy),27,51.2,50.0,14,19,1,20.2,0,5.0
CUST-104324,16.3,High Risk (Critical),9,12.4,10.7,1,43,1,59.3,0,2.0
CUST-104325,71.3,Low Risk (Healthy),24,67.3,80.3,4496,25,2,23.2,0,5.0
CUST-104326,5.0,High Risk (Critical),2,27.4,8.1,43,35,3,32.5,1,3.0
CUST-104327,7.8,High Risk (Critical),2,19.4,9.0,139,20,1,37.5,1,3.0
CUST-104328,59.3,Medium Risk (Warning),17,69.9,43.9,57,8,1,10.9,0,3.5
CUST-104329,33.9,High Risk (Critical),5,20.7,10.5,53,0,0,0.0,0,3.5
CUST-104330,5.0,High Risk (Critical),2,32.2,18.5,17,27,2,42.7,0,1.0
CUST-104331,34.4,High Risk (Critical),5,22.5,19.7,112,25,0,0.0,0,3.5
CUST-104332,59.7,Medium Risk (Warning),16,58.0,86.8,77,41,0,0.0,0,3.5
CUST-104333,5.0,High Risk (Critical),4,17.2,15.3,16,45,4,61.0,0,1.0
CUST-104334,17.7,High Risk (Critical),12,28.9,10.5,35,14,5,61.0,0,3.0
CUST-104335,5.5,High Risk (Critical),3,15.0,12.9,134,33,2,24.1,1,3.0
CUST-104336,69.2,Medium Risk (Warning),20,84.5,55.9,91,27,1,22.4,0,4.0
CUST-104337,17.1,High Risk (Critical),1,10.9,20.9,56,23,1,12.4,0,3.0
CUST-104338,11.7,High Risk (Critical),4,14.9,12.7,107,13,2,64.8,0,3.0
CUST-104339,11.7,High Risk (Critical),14,40.0,20.9,119,3,2,62.7,1,1.0
CUST-104340,57.2,Medium Risk (Warning),15,73.6,77.6,128,22,1,15.1,0,3.5
CUST-104341,81.1,Low Risk (Healthy),29,71.3,107.3,1824,24,0,0.0,0,3.5
CUST-104342,17.0,High Risk (Critical),5,31.9,12.2,31,27,1,26.1,1,3.0
CUST-104343,33.9,High Risk (Critical),5,20.8,21.7,2,38,0,0.0,0,3.5
CUST-104344,12.1,High Risk (Critical),2,24.8,19.1,3,27,2,16.0,0,2.0
CUST-104345,75.7,Low Risk (Healthy),29,52.7,58.9,2709,28,2,6.0,0,5.0
CUST-104346,68.4,Medium Risk (Warning),25,65.9,78.5,128,11,2,5.8,0,4.0
CUST-104347,66.3,Medium Risk (Warning),24,51.4,31.0,137,24,1,8.8,0,4.0
CUST-104348,59.5,Medium Risk (Warning),17,52.8,100.3,4012,36,0,0.0,0,3.5
CUST-104349,8.9,High Risk (Critical),10,10.3,4.6,145,45,3,60.1,0,2.0
CUST-104350,70.7,Low Risk (Healthy),23,81.8,92.4,29,45,1,11.8,0,3.5
CUST-104351,23.8,High Risk (Critical),12,15.5,12.2,98,14,2,54.9,0,3.0
CUST-104352,80.7,Low Risk (Healthy),26,83.0,82.7,19,45,2,7.0,0,5.0
CUST-104353,24.8,High Risk (Critical),7,30.1,11.2,146,26,1,12.8,0,2.0
CUST-104354,76.8,Low Risk (Healthy),23,83.7,40.7,59,39,0,0.0,0,3.5
CUST-104355,64.9,Medium Risk (Warning),22,69.0,78.2,121,43,1,17.3,0,3.5
CUST-104356,5.0,High Risk (Critical),6,14.8,6.7,93,29,3,40.6,1,2.0
CUST-104357,17.0,High Risk (Critical),11,10.5,6.6,35,33,1,22.4,0,1.0
CUST-104358,74.4,Low Risk (Healthy),26,55.7,101.2,69,33,1,23.5,0,5.0
CUST-104359,5.0,High Risk (Critical),2,24.9,21.5,93,16,4,15.7,1,3.0
CUST-104360,10.2,High Risk (Critical),9,12.4,13.8,138,16,2,28.2,0,1.0
CUST-104361,10.8,High Risk (Critical),8,40.0,12.9,120,24,3,15.3,1,2.0
CUST-104362,9.2,High Risk (Critical),1,29.9,21.2,53,36,4,24.7,0,3.0
CUST-104363,69.9,Medium Risk (Warning),26,66.2,41.6,2828,44,1,13.0,0,3.5
CUST-104364,26.7,High Risk (Critical),4,33.1,14.9,37,20,1,20.7,0,3.0
CUST-104365,72.8,Low Risk (Healthy),22,84.5,64.0,35,19,1,15.2,0,4.0
CUST-104366,5.5,High Risk (Critical),2,32.9,12.5,145,31,4,70.0,1,3.0
CUST-104367,73.5,Low Risk (Healthy),28,58.5,99.3,4567,34,1,10.8,0,4.0
CUST-104368,75.6,Low Risk (Healthy),29,75.5,45.8,1007,39,2,13.9,0,4.0
CUST-104369,5.0,High Risk (Critical),12,21.8,20.4,16,35,3,38.9,1,1.0
CUST-104370,70.5,Low Risk (Healthy),20,76.2,42.9,88,21,0,0.0,0,3.5
CUST-104371,5.0,High Risk (Critical),2,11.3,16.3,49,41,6,22.1,0,1.0
CUST-104372,76.1,Low Risk (Healthy),22,85.8,88.8,5416,14,0,0.0,0,3.5
CUST-104373,64.8,Medium Risk (Warning),16,74.8,87.0,4437,20,0,0.0,0,3.5
CUST-104374,15.9,High Risk (Critical),11,23.3,20.9,52,36,2,30.1,0,1.0
CUST-104375,5.0,High Risk (Critical),5,10.7,16.4,145,25,2,23.3,0,1.0
CUST-104376,10.4,High Risk (Critical),5,35.7,12.8,85,38,7,44.5,0,3.0
CUST-104377,7.6,High Risk (Critical),1,42.8,18.5,112,3,1,68.3,0,1.0
CUST-104378,68.5,Medium Risk (Warning),21,56.8,32.4,93,18,1,20.7,0,5.0
CUST-104379,81.7,Low Risk (Healthy),29,77.5,69.2,105,34,1,2.0,0,4.0
CUST-104380,8.6,High Risk (Critical),1,20.3,20.5,66,42,2,70.2,0,3.0
CUST-104381,5.0,High Risk (Critical),2,37.8,9.5,74,18,1,17.4,1,1.0
CUST-104382,60.0,Medium Risk (Warning),16,58.9,33.4,1235,5,0,0.0,0,3.5
CUST-104383,77.1,Low Risk (Healthy),26,91.2,32.6,29,37,1,15.4,0,3.5
CUST-104384,37.9,High Risk (Critical),9,16.2,21.7,100,32,0,0.0,0,3.5
CUST-104385,61.1,Medium Risk (Warning),17,63.7,39.0,93,38,1,5.2,0,4.0
CUST-104386,5.0,High Risk (Critical),8,17.1,19.4,35,29,3,34.4,1,1.0
CUST-104387,8.6,High Risk (Critical),9,35.1,21.0,100,30,2,15.5,1,1.0
CUST-104388,8.3,High Risk (Critical),5,26.8,9.2,76,17,1,35.4,1,2.0
CUST-104389,73.4,Low Risk (Healthy),24,78.9,82.1,22,4,1,17.9,0,4.0
CUST-104390,62.0,Medium Risk (Warning),17,61.1,104.8,67,37,0,0.0,0,3.5
CUST-104391,70.7,Low Risk (Healthy),20,62.6,26.8,723,34,1,6.1,0,5.0
CUST-104392,68.3,Medium Risk (Warning),23,64.1,52.1,122,40,1,12.8,0,4.0
CUST-104393,61.4,Medium Risk (Warning),16,70.1,57.3,43,24,1,7.8,0,4.0
CUST-104394,9.7,High Risk (Critical),3,29.6,20.5,60,23,1,57.2,1,3.0
CUST-104395,78.5,Low Risk (Healthy),21,89.0,77.5,140,20,1,17.2,0,5.0
CUST-104396,59.3,Medium Risk (Warning),16,63.0,39.4,101,32,1,7.3,0,4.0
CUST-104397,14.2,High Risk (Critical),4,38.0,14.7,49,12,2,52.4,0,2.0
CUST-104398,9.0,High Risk (Critical),8,17.7,14.9,66,14,3,54.5,1,3.0
CUST-104399,86.6,Low Risk (Healthy),26,89.3,27.3,1010,38,1,6.8,0,5.0
CUST-104400,14.2,High Risk (Critical),10,38.3,13.2,10,26,1,20.9,1,1.0
CUST-104401,70.4,Low Risk (Healthy),19,80.1,95.9,111,9,0,0.0,0,3.5
CUST-104402,68.9,Medium Risk (Warning),19,84.3,90.1,5946,22,1,13.4,0,4.0
CUST-104403,26.8,High Risk (Critical),10,43.3,13.7,115,13,1,28.0,1,3.0
CUST-104404,12.9,High Risk (Critical),4,34.6,21.3,109,16,2,54.5,0,2.0
CUST-104405,60.4,Medium Risk (Warning),16,60.2,37.4,77,27,0,0.0,0,3.5
CUST-104406,74.3,Low Risk (Healthy),19,93.2,78.8,4964,0,0,0.0,0,3.5
CUST-104407,59.9,Medium Risk (Warning),20,66.3,47.4,1753,43,2,21.5,0,4.0
CUST-104408,74.7,Low Risk (Healthy),22,81.3,72.7,3998,41,0,0.0,0,3.5
CUST-104409,74.4,Low Risk (Healthy),20,90.2,39.6,712,15,2,10.6,0,5.0
CUST-104410,7.4,High Risk (Critical),4,39.8,10.2,10,30,2,62.9,0,1.0
CUST-104411,73.5,Low Risk (Healthy),18,82.2,79.8,109,37,1,9.1,0,5.0
CUST-104412,72.9,Low Risk (Healthy),27,53.0,60.3,3015,1,0,0.0,0,3.5
CUST-104413,31.3,High Risk (Critical),9,41.8,15.7,56,19,2,25.7,0,3.0
CUST-104414,10.2,High Risk (Critical),4,28.6,6.5,20,13,3,30.0,0,2.0
CUST-104415,73.7,Low Risk (Healthy),25,68.8,97.1,5437,40,1,2.1,0,4.0
CUST-104416,33.1,High Risk (Critical),12,36.7,9.1,32,21,1,15.6,0,2.0
CUST-104417,6.6,High Risk (Critical),3,24.0,20.4,96,29,4,52.4,0,3.0
CUST-104418,10.4,High Risk (Critical),3,40.2,11.2,38,15,2,45.2,1,3.0
CUST-104419,85.6,Low Risk (Healthy),29,86.6,46.0,84,35,0,0.0,0,3.5
CUST-104420,60.1,Medium Risk (Warning),18,50.5,65.0,117,12,0,0.0,0,3.5
CUST-104421,84.7,Low Risk (Healthy),28,87.8,107.9,118,6,0,0.0,0,3.5
CUST-104422,81.6,Low Risk (Healthy),28,77.7,85.1,146,1,0,0.0,0,3.5
CUST-104423,64.8,Medium Risk (Warning),17,60.6,42.2,675,5,1,16.6,0,5.0
CUST-104424,22.7,High Risk (Critical),13,31.3,5.9,112,33,2,64.2,0,2.0
CUST-104425,67.4,Medium Risk (Warning),23,52.4,82.0,141,7,0,0.0,0,3.5
CUST-104426,22.2,High Risk (Critical),13,12.9,6.0,21,17,2,24.4,0,2.0
CUST-104427,5.0,High Risk (Critical),13,12.8,14.3,96,11,3,60.3,1,1.0
CUST-104428,64.1,Medium Risk (Warning),17,68.1,88.0,132,7,0,0.0,0,3.5
CUST-104429,67.9,Medium Risk (Warning),26,61.6,74.0,1258,2,2,9.6,0,4.0
CUST-104430,70.4,Low Risk (Healthy),20,81.9,42.7,1537,37,1,7.0,0,4.0
CUST-104431,16.1,High Risk (Critical),4,44.2,9.9,107,21,2,19.9,1,3.0
CUST-104432,16.8,High Risk (Critical),6,12.6,10.4,98,5,1,71.5,0,3.0
CUST-104433,79.6,Low Risk (Healthy),27,92.5,105.5,38,39,1,9.1,0,3.5
CUST-104434,62.0,Medium Risk (Warning),19,73.8,84.0,5712,40,1,20.1,0,3.5
CUST-104435,8.3,High Risk (Critical),8,15.3,13.6,68,18,5,29.8,1,3.0
CUST-104436,15.1,High Risk (Critical),6,17.3,21.1,130,18,1,16.6,1,3.0
CUST-104437,8.1,High Risk (Critical),6,34.3,19.4,40,19,1,65.9,1,2.0
CUST-104438,67.9,Medium Risk (Warning),20,67.4,31.6,2212,38,0,0.0,0,3.5
CUST-104439,14.1,High Risk (Critical),13,32.5,11.4,130,14,3,33.8,1,2.0
CUST-104440,36.7,High Risk (Critical),5,30.2,5.8,79,44,0,0.0,0,3.5
CUST-104441,25.2,High Risk (Critical),11,35.2,11.0,1,37,3,48.3,0,3.0
CUST-104442,72.9,Low Risk (Healthy),16,94.2,94.3,1508,15,1,21.2,0,5.0
CUST-104443,27.8,High Risk (Critical),10,35.3,19.5,7,29,1,32.8,0,2.0
CUST-104444,16.8,High Risk (Critical),7,38.2,17.9,89,12,3,32.2,0,2.0
CUST-104445,6.7,High Risk (Critical),2,15.2,6.9,54,38,1,20.3,0,1.0
CUST-104446,15.8,High Risk (Critical),10,31.6,14.3,6,32,2,64.2,1,3.0
CUST-104447,30.3,High Risk (Critical),1,26.4,15.0,125,39,0,0.0,0,3.5
CUST-104448,27.2,High Risk (Critical),2,11.7,18.9,99,15,0,0.0,0,3.5
CUST-104449,5.0,High Risk (Critical),2,11.1,18.6,58,40,2,69.7,1,2.0
CUST-104450,63.9,Medium Risk (Warning),18,84.5,91.9,6708,2,2,11.4,0,4.0
CUST-104451,28.0,High Risk (Critical),5,38.1,11.0,105,18,1,32.8,0,3.0
CUST-104452,5.0,High Risk (Critical),11,23.0,7.6,131,3,4,47.5,1,1.0
CUST-104453,27.5,High Risk (Critical),11,26.9,14.8,71,6,1,25.6,0,2.0
CUST-104454,43.8,High Risk (Critical),8,40.5,14.0,144,27,0,0.0,0,3.5
CUST-104455,65.8,Medium Risk (Warning),18,80.2,89.9,3596,22,1,18.0,0,4.0
CUST-104456,13.0,High Risk (Critical),14,25.9,20.0,122,1,1,43.5,1,1.0
CUST-104457,78.9,Low Risk (Healthy),26,77.4,58.1,1220,45,0,0.0,0,3.5
CUST-104458,52.9,Medium Risk (Warning),17,53.9,80.4,4502,39,2,15.5,0,4.0
CUST-104459,22.6,High Risk (Critical),11,10.9,5.7,76,42,1,26.7,0,2.0
CUST-104460,59.2,Medium Risk (Warning),15,60.8,75.1,76,18,0,0.0,0,3.5
CUST-104461,25.5,High Risk (Critical),1,10.5,9.3,84,35,0,0.0,0,3.5
CUST-104462,5.0,High Risk (Critical),1,32.2,18.4,33,29,3,19.4,0,1.0
CUST-104463,23.8,High Risk (Critical),12,35.8,16.5,150,25,3,23.7,0,2.0
CUST-104464,14.2,High Risk (Critical),4,11.1,13.0,15,6,1,19.4,0,2.0
CUST-104465,61.7,Medium Risk (Warning),16,67.0,28.2,120,23,2,14.0,0,5.0
CUST-104466,7.6,High Risk (Critical),5,29.6,15.4,89,12,3,15.7,0,1.0
CUST-104467,15.1,High Risk (Critical),3,22.7,18.1,89,22,1,29.8,0,2.0
CUST-104468,75.3,Low Risk (Healthy),29,54.6,59.8,93,6,2,14.2,0,5.0
CUST-104469,76.6,Low Risk (Healthy),23,71.6,34.5,345,17,1,12.5,0,5.0
CUST-104470,70.0,Low Risk (Healthy),20,74.5,99.6,4681,37,0,0.0,0,3.5
CUST-104471,9.4,High Risk (Critical),3,41.3,11.5,83,17,3,46.3,1,3.0
CUST-104472,41.4,High Risk (Critical),12,14.8,18.6,57,16,0,0.0,0,3.5
CUST-104473,25.5,High Risk (Critical),6,39.2,17.6,62,28,2,34.1,0,3.0
CUST-104474,38.8,High Risk (Critical),6,32.5,16.1,0,16,0,0.0,0,3.5
CUST-104475,11.8,High Risk (Critical),6,40.0,14.6,136,35,2,17.3,1,2.0
CUST-104476,59.3,Medium Risk (Warning),17,52.0,87.0,1218,15,0,0.0,0,3.5
CUST-104477,71.0,Low Risk (Healthy),21,59.3,62.3,5,27,1,6.0,0,5.0
CUST-104478,10.3,High Risk (Critical),2,39.1,13.9,114,25,2,33.0,1,3.0
CUST-104479,5.0,High Risk (Critical),2,17.1,11.4,133,40,4,20.7,0,2.0
CUST-104480,9.1,High Risk (Critical),6,13.2,20.6,79,33,2,22.9,1,3.0
CUST-104481,17.2,High Risk (Critical),9,24.8,11.2,51,43,1,49.6,1,3.0
CUST-104482,70.2,Low Risk (Healthy),17,88.3,62.5,132,33,0,0.0,0,3.5
CUST-104483,5.0,High Risk (Critical),4,11.9,4.1,110,42,4,42.3,1,1.0
CUST-104484,27.4,High Risk (Critical),8,35.5,19.3,73,20,1,63.5,0,3.0
CUST-104485,87.1,Low Risk (Healthy),29,80.5,107.5,85,17,1,13.9,0,5.0
CUST-104486,25.4,High Risk (Critical),11,24.9,8.6,101,32,2,53.7,0,3.0
CUST-104487,58.6,Medium Risk (Warning),20,62.6,45.6,1596,10,2,22.8,0,4.0
CUST-104488,31.8,High Risk (Critical),3,22.5,7.2,61,22,0,0.0,0,3.5
CUST-104489,61.6,Medium Risk (Warning),19,58.3,103.4,109,7,1,9.7,0,4.0
CUST-104490,67.7,Medium Risk (Warning),18,75.5,28.5,3,20,0,0.0,0,3.5
CUST-104491,64.3,Medium Risk (Warning),17,68.9,52.7,59,37,0,0.0,0,3.5
CUST-104492,13.1,High Risk (Critical),4,25.3,15.2,38,9,2,30.8,0,2.0
CUST-104493,24.7,High Risk (Critical),9,11.5,19.3,73,28,1,38.1,0,3.0
CUST-104494,48.3,Medium Risk (Warning),14,28.7,19.7,46,2,0,0.0,0,3.5
CUST-104495,5.0,High Risk (Critical),3,32.4,14.8,42,8,3,15.7,1,2.0
CUST-104496,5.0,High Risk (Critical),12,17.0,6.1,131,25,2,64.8,1,1.0
CUST-104497,5.0,High Risk (Critical),2,10.8,16.9,99,8,4,51.3,0,2.0
CUST-104498,15.6,High Risk (Critical),6,34.1,15.8,138,19,2,53.1,0,2.0
CUST-104499,74.6,Low Risk (Healthy),25,85.9,60.0,101,9,2,4.0,0,4.0
CUST-104500,5.9,High Risk (Critical),13,25.3,16.4,112,22,4,67.4,1,1.0
CUST-104501,66.8,Medium Risk (Warning),20,89.6,59.7,597,22,2,21.6,0,4.0
CUST-104502,21.1,High Risk (Critical),9,33.3,14.4,107,25,2,39.0,0,2.0
CUST-104503,54.3,Medium Risk (Warning),18,55.9,84.7,3642,37,2,19.7,0,4.0
CUST-104504,14.4,High Risk (Critical),12,24.0,9.3,90,16,2,54.0,0,1.0
CUST-104505,18.6,High Risk (Critical),8,34.7,4.8,149,31,2,51.6,0,2.0
CUST-104506,33.2,High Risk (Critical),12,30.0,14.5,108,29,1,46.0,0,3.0
CUST-104507,5.0,High Risk (Critical),9,27.4,14.0,91,4,5,19.9,1,1.0
CUST-104508,79.6,Low Risk (Healthy),24,88.7,75.0,104,29,0,0.0,0,3.5
CUST-104509,16.1,High Risk (Critical),8,42.0,10.6,14,8,1,41.6,1,2.0
CUST-104510,16.0,High Risk (Critical),9,36.5,10.2,137,44,3,46.2,1,3.0
CUST-104511,51.3,Medium Risk (Warning),13,43.3,10.2,103,43,0,0.0,0,3.5
CUST-104512,5.0,High Risk (Critical),2,11.2,19.6,95,0,1,61.6,0,1.0
CUST-104513,62.7,Medium Risk (Warning),19,54.5,103.9,2181,1,0,0.0,0,3.5
CUST-104514,12.7,High Risk (Critical),9,39.8,4.7,114,21,2,42.0,1,2.0
CUST-104515,5.0,High Risk (Critical),1,14.2,14.2,49,28,4,55.7,1,1.0
CUST-104516,24.8,High Risk (Critical),6,30.3,6.2,107,21,1,50.4,0,3.0
CUST-104517,63.6,Medium Risk (Warning),21,61.7,50.4,83,21,1,23.2,0,4.0
CUST-104518,77.3,Low Risk (Healthy),29,63.6,64.2,105,19,1,3.3,0,4.0
CUST-104519,68.0,Medium Risk (Warning),24,72.1,35.8,148,45,1,20.9,0,3.5
CUST-104520,23.3,High Risk (Critical),12,21.2,19.3,108,22,1,24.1,1,3.0
CUST-104521,77.2,Low Risk (Healthy),22,89.5,86.3,139,30,0,0.0,0,3.5
CUST-104522,5.0,High Risk (Critical),6,25.8,14.7,100,27,3,71.8,1,1.0
CUST-104523,80.4,Low Risk (Healthy),29,69.0,78.9,5128,44,0,0.0,0,3.5
CUST-104524,44.7,High Risk (Critical),8,43.6,15.6,67,17,0,0.0,0,3.5
CUST-104525,5.0,High Risk (Critical),7,15.4,14.9,81,35,2,22.1,1,1.0
CUST-104526,62.7,Medium Risk (Warning),17,63.4,32.5,12,16,0,0.0,0,3.5
CUST-104527,19.2,High Risk (Critical),5,22.3,5.5,72,41,1,65.0,0,3.0
CUST-104528,66.2,Medium Risk (Warning),17,75.0,35.5,44,16,0,0.0,0,3.5
CUST-104529,9.0,High Risk (Critical),5,26.2,7.9,89,16,2,44.4,1,3.0
CUST-104530,66.0,Medium Risk (Warning),21,56.8,82.9,6466,42,0,0.0,0,3.5
CUST-104531,36.6,High Risk (Critical),2,43.2,21.8,41,35,0,0.0,0,3.5
CUST-104532,60.6,Medium Risk (Warning),18,54.7,85.8,118,4,2,14.8,0,5.0
CUST-104533,77.7,Low Risk (Healthy),24,82.2,85.8,141,0,0,0.0,0,3.5
CUST-104534,70.0,Low Risk (Healthy),16,79.9,89.7,42,40,1,10.1,0,5.0
CUST-104535,79.8,Low Risk (Healthy),26,80.6,36.2,977,27,0,0.0,0,3.5
CUST-104536,70.6,Low Risk (Healthy),23,72.1,32.6,63,40,1,13.2,0,4.0
CUST-104537,23.0,High Risk (Critical),11,15.2,5.5,54,39,1,33.6,0,2.0
CUST-104538,79.0,Low Risk (Healthy),23,91.0,46.1,2673,7,0,0.0,0,3.5
CUST-104539,23.0,High Risk (Critical),12,36.8,21.7,23,14,1,64.0,1,3.0
CUST-104540,7.7,High Risk (Critical),5,33.7,17.6,40,18,3,24.8,0,1.0
CUST-104541,5.0,High Risk (Critical),5,30.0,18.3,26,27,3,46.4,0,1.0
CUST-104542,77.1,Low Risk (Healthy),29,69.4,99.5,7462,27,1,18.9,0,4.0
CUST-104543,25.8,High Risk (Critical),14,29.9,12.0,110,19,2,46.9,0,2.0
CUST-104544,56.7,Medium Risk (Warning),17,54.0,84.1,100,7,1,17.4,0,4.0
CUST-104545,72.0,Low Risk (Healthy),19,85.5,67.6,3041,45,0,0.0,0,3.5
CUST-104546,5.0,High Risk (Critical),4,16.5,15.5,71,4,4,24.9,1,2.0
CUST-104547,50.8,Medium Risk (Warning),18,51.0,65.7,95,30,4,20.3,0,5.0
CUST-104548,5.0,High Risk (Critical),4,28.1,5.3,5,22,1,60.2,1,1.0
CUST-104549,39.0,High Risk (Critical),12,44.6,6.5,95,42,1,35.1,0,3.0
CUST-104550,5.0,High Risk (Critical),5,14.0,20.7,87,19,1,61.1,1,2.0
CUST-104551,73.5,Low Risk (Healthy),28,50.5,74.2,23,28,0,0.0,0,3.5
CUST-104552,25.5,High Risk (Critical),13,26.7,7.2,90,16,1,14.8,0,1.0
CUST-104553,23.6,High Risk (Critical),8,30.7,18.3,69,25,1,33.9,0,2.0
CUST-104554,13.9,High Risk (Critical),10,25.2,6.9,41,36,3,38.3,1,3.0
CUST-104555,74.9,Low Risk (Healthy),29,50.7,34.4,12,3,0,0.0,0,3.5
CUST-104556,46.1,Medium Risk (Warning),13,25.8,10.9,75,28,0,0.0,0,3.5
CUST-104557,60.4,Medium Risk (Warning),16,80.0,107.6,1506,12,2,7.2,0,4.0
CUST-104558,66.6,Medium Risk (Warning),22,74.1,77.7,30,12,2,8.0,0,4.0
CUST-104559,56.5,Medium Risk (Warning),16,53.8,108.9,6316,41,1,7.5,0,4.0
CUST-104560,59.9,Medium Risk (Warning),17,83.7,103.1,3093,30,2,6.9,0,3.5
CUST-104561,56.3,Medium Risk (Warning),17,66.1,75.6,4762,16,2,17.4,0,4.0
CUST-104562,7.8,High Risk (Critical),4,37.5,4.3,52,2,4,38.2,0,2.0
CUST-104563,63.1,Medium Risk (Warning),20,59.8,54.3,102,39,1,11.7,0,4.0
CUST-104564,68.1,Medium Risk (Warning),29,62.2,71.6,59,14,3,9.8,0,4.0
CUST-104565,6.5,High Risk (Critical),10,14.1,17.4,14,7,1,24.4,1,1.0
CUST-104566,67.7,Medium Risk (Warning),25,56.4,28.1,674,37,1,20.7,0,4.0
CUST-104567,64.7,Medium Risk (Warning),21,52.3,68.3,3756,42,0,0.0,0,3.5
CUST-104568,66.3,Medium Risk (Warning),16,79.8,67.6,4326,31,0,0.0,0,3.5
CUST-104569,5.0,High Risk (Critical),8,44.1,14.5,16,11,5,63.5,0,1.0
CUST-104570,74.8,Low Risk (Healthy),25,59.0,46.3,48,5,1,18.2,0,5.0
CUST-104571,52.9,Medium Risk (Warning),16,60.6,90.4,3616,19,2,21.1,0,4.0
CUST-104572,76.6,Low Risk (Healthy),23,83.2,69.0,32,28,0,0.0,0,3.5
CUST-104573,15.7,High Risk (Critical),13,11.2,7.9,29,32,2,40.2,1,3.0
CUST-104574,17.3,High Risk (Critical),8,38.5,6.3,150,34,1,71.1,1,3.0
CUST-104575,58.4,Medium Risk (Warning),15,58.0,74.2,77,23,0,0.0,0,3.5
CUST-104576,17.3,High Risk (Critical),14,44.3,22.0,58,43,1,53.2,1,1.0
CUST-104577,76.8,Low Risk (Healthy),23,83.8,50.5,1161,4,0,0.0,0,3.5
CUST-104578,84.6,Low Risk (Healthy),25,88.2,102.1,83,36,1,9.6,0,5.0
CUST-104579,5.0,High Risk (Critical),3,28.1,14.1,47,41,3,68.8,1,2.0
CUST-104580,8.3,High Risk (Critical),10,25.4,19.6,147,31,2,53.3,1,2.0
CUST-104581,21.0,High Risk (Critical),4,11.0,8.6,40,30,1,13.0,0,3.0
CUST-104582,69.8,Medium Risk (Warning),26,54.7,104.6,76,24,1,9.9,0,4.0
CUST-104583,7.6,High Risk (Critical),9,28.8,15.0,69,19,4,27.7,1,2.0
CUST-104584,77.5,Low Risk (Healthy),23,86.1,80.5,69,15,0,0.0,0,3.5
CUST-104585,61.8,Medium Risk (Warning),15,69.2,26.8,2036,1,0,0.0,0,3.5
CUST-104586,17.1,High Risk (Critical),2,38.2,13.3,2,13,1,40.6,0,2.0
CUST-104587,23.1,High Risk (Critical),12,17.8,7.2,89,13,2,17.7,0,2.0
CUST-104588,85.7,Low Risk (Healthy),29,86.9,106.1,96,21,0,0.0,0,3.5
CUST-104589,24.2,High Risk (Critical),11,29.3,16.4,105,16,2,26.2,0,2.0
CUST-104590,34.1,High Risk (Critical),7,12.4,16.0,36,19,0,0.0,0,3.5
CUST-104591,5.0,High Risk (Critical),2,14.9,6.6,26,38,3,67.9,0,3.0
CUST-104592,8.6,High Risk (Critical),2,40.7,13.0,12,18,1,66.0,0,1.0
CUST-104593,31.6,High Risk (Critical),2,26.3,11.8,27,43,0,0.0,0,3.5
CUST-104594,14.0,High Risk (Critical),9,41.9,19.1,49,44,2,68.4,0,1.0
CUST-104595,80.7,Low Risk (Healthy),27,78.9,78.1,92,16,0,0.0,0,3.5
CUST-104596,73.3,Low Risk (Healthy),25,75.9,33.7,27,8,1,22.6,0,4.0
CUST-104597,75.1,Low Risk (Healthy),23,83.4,67.3,79,4,1,4.9,0,4.0
CUST-104598,5.0,High Risk (Critical),5,42.4,7.0,125,38,3,18.1,1,1.0
CUST-104599,67.2,Medium Risk (Warning),18,74.1,72.6,1669,42,0,0.0,0,3.5
CUST-104600,66.2,Medium Risk (Warning),15,89.3,43.3,1688,7,1,4.5,0,4.0
CUST-104601,13.5,High Risk (Critical),5,37.6,5.8,100,40,2,67.3,0,2.0
CUST-104602,5.0,High Risk (Critical),3,14.7,20.2,40,3,2,48.5,0,1.0
CUST-104603,72.7,Low Risk (Healthy),20,90.4,64.6,3617,3,1,8.3,0,4.0
CUST-104604,82.0,Low Risk (Healthy),29,74.3,60.7,33,40,0,0.0,0,3.5
CUST-104605,70.6,Low Risk (Healthy),24,75.1,25.1,71,23,1,7.4,0,3.5
CUST-104606,19.7,High Risk (Critical),13,14.5,6.9,2,12,1,47.5,1,3.0
CUST-104607,34.3,High Risk (Critical),4,26.6,21.8,99,39,0,0.0,0,3.5
CUST-104608,5.0,High Risk (Critical),4,35.6,21.6,150,18,2,24.8,1,1.0
CUST-104609,32.3,High Risk (Critical),11,30.9,4.6,102,3,2,13.0,0,3.0
CUST-104610,22.8,High Risk (Critical),12,35.9,6.2,108,32,3,31.7,0,2.0
CUST-104611,70.8,Low Risk (Healthy),20,77.2,75.6,22,27,0,0.0,0,3.5
CUST-104612,13.3,High Risk (Critical),1,41.3,12.3,6,18,3,51.5,0,3.0
CUST-104613,64.9,Medium Risk (Warning),19,61.8,89.8,116,30,0,0.0,0,3.5
CUST-104614,20.9,High Risk (Critical),12,24.2,21.8,112,15,1,35.0,0,1.0
CUST-104615,36.2,High Risk (Critical),12,38.3,14.3,141,26,1,42.4,0,3.0
CUST-104616,28.3,High Risk (Critical),14,19.7,7.1,140,2,1,34.2,0,2.0
CUST-104617,6.2,High Risk (Critical),3,37.9,20.8,76,37,2,25.1,1,2.0
CUST-104618,59.7,Medium Risk (Warning),19,55.8,52.2,66,1,1,18.9,0,4.0
CUST-104619,5.0,High Risk (Critical),3,21.9,9.6,46,5,4,63.3,0,2.0
CUST-104620,5.0,High Risk (Critical),3,25.8,16.8,2,22,4,48.1,1,3.0
CUST-104621,9.7,High Risk (Critical),8,10.1,13.1,10,28,2,16.2,0,1.0
CUST-104622,63.6,Medium Risk (Warning),15,85.9,40.3,122,9,1,17.7,0,4.0
CUST-104623,64.8,Medium Risk (Warning),17,74.9,103.5,149,39,2,18.9,0,5.0
CUST-104624,40.7,High Risk (Critical),8,30.0,9.5,59,11,0,0.0,0,3.5
CUST-104625,6.1,High Risk (Critical),3,18.6,17.8,41,38,2,12.2,0,1.0
CUST-104626,83.7,Low Risk (Healthy),26,93.4,87.1,5051,1,0,0.0,0,3.5
CUST-104627,73.4,Low Risk (Healthy),18,94.6,45.5,2002,11,0,0.0,0,3.5
CUST-104628,14.4,High Risk (Critical),9,13.0,9.7,127,40,3,60.2,0,3.0
CUST-104629,5.0,High Risk (Critical),5,14.2,18.2,114,30,1,67.0,1,2.0
CUST-104630,57.5,Medium Risk (Warning),16,66.8,56.1,80,41,1,7.1,0,3.5
CUST-104631,27.6,High Risk (Critical),2,13.2,16.8,49,21,0,0.0,0,3.5
CUST-104632,80.2,Low Risk (Healthy),23,88.2,66.3,12,10,1,23.5,0,5.0
CUST-104633,5.0,High Risk (Critical),1,30.1,14.2,14,42,1,67.1,1,1.0
CUST-104634,11.7,High Risk (Critical),4,41.7,19.5,138,9,4,65.4,0,3.0
CUST-104635,15.1,High Risk (Critical),11,16.0,20.6,67,33,3,35.1,0,2.0
CUST-104636,68.3,Medium Risk (Warning),22,51.0,49.4,8,42,1,19.0,0,5.0
CUST-104637,6.4,High Risk (Critical),5,22.6,17.3,116,27,3,66.2,1,3.0
CUST-104638,70.2,Low Risk (Healthy),21,70.6,39.8,30,3,0,0.0,0,3.5
CUST-104639,74.6,Low Risk (Healthy),28,54.1,71.7,80,10,0,0.0,0,3.5
CUST-104640,58.2,Medium Risk (Warning),15,78.6,92.0,79,27,2,10.7,0,4.0
CUST-104641,56.6,Medium Risk (Warning),16,57.9,31.5,1638,41,1,16.6,0,4.0
CUST-104642,5.0,High Risk (Critical),3,38.4,14.0,42,24,1,69.9,1,2.0
CUST-104643,59.7,Medium Risk (Warning),17,53.6,109.2,6006,14,0,0.0,0,3.5
CUST-104644,5.0,High Risk (Critical),4,32.9,13.6,40,24,3,49.9,1,2.0
CUST-104645,71.9,Low Risk (Healthy),19,78.0,96.8,81,6,1,22.8,0,5.0
CUST-104646,73.7,Low Risk (Healthy),23,73.3,103.4,6721,0,0,0.0,0,3.5
CUST-104647,7.2,High Risk (Critical),2,42.6,21.6,108,40,2,17.9,1,2.0
CUST-104648,67.8,Medium Risk (Warning),20,67.2,51.8,141,1,0,0.0,0,3.5
CUST-104649,77.4,Low Risk (Healthy),28,50.3,84.4,6498,4,1,8.2,0,5.0
CUST-104650,29.2,High Risk (Critical),9,39.1,12.1,131,16,1,20.1,0,2.0
CUST-104651,5.0,High Risk (Critical),12,24.7,4.9,45,34,3,40.1,1,1.0
CUST-104652,5.0,High Risk (Critical),5,27.1,21.3,9,26,3,38.0,1,1.0
CUST-104653,22.1,High Risk (Critical),12,12.5,5.5,123,41,1,13.2,1,3.0
CUST-104654,29.4,High Risk (Critical),3,14.7,4.3,74,19,0,0.0,0,3.5
CUST-104655,5.0,High Risk (Critical),1,24.8,15.2,54,32,3,35.2,1,3.0
CUST-104656,5.0,High Risk (Critical),2,29.9,15.7,103,12,3,20.0,1,1.0
CUST-104657,75.5,Low Risk (Healthy),21,92.5,34.2,2565,24,1,2.2,0,4.0
CUST-104658,82.3,Low Risk (Healthy),25,93.1,64.6,3746,2,0,0.0,0,3.5
CUST-104659,39.0,High Risk (Critical),12,43.7,5.4,6,26,1,33.0,0,3.0
CUST-104660,17.3,High Risk (Critical),9,38.8,16.0,85,36,1,66.8,0,1.0
CUST-104661,74.5,Low Risk (Healthy),26,72.7,85.7,104,35,1,15.5,0,4.0
CUST-104662,9.8,High Risk (Critical),7,24.8,16.3,142,7,6,59.7,1,3.0
CUST-104663,38.9,High Risk (Critical),11,10.7,4.9,113,30,0,0.0,0,3.5
CUST-104664,73.9,Low Risk (Healthy),29,53.4,84.6,136,31,2,22.2,0,5.0
CUST-104665,49.0,Medium Risk (Warning),14,31.2,20.3,60,13,0,0.0,0,3.5
CUST-104666,73.6,Low Risk (Healthy),26,69.8,67.4,112,35,1,16.0,0,4.0
CUST-104667,73.9,Low Risk (Healthy),25,85.1,89.9,2337,32,2,7.6,0,4.0
CUST-104668,5.0,High Risk (Critical),2,22.4,5.4,148,9,1,31.1,1,1.0
CUST-104669,63.8,Medium Risk (Warning),15,67.7,73.6,3679,22,1,20.0,0,5.0
CUST-104670,9.4,High Risk (Critical),14,32.5,6.3,77,5,4,23.4,1,1.0
CUST-104671,85.1,Low Risk (Healthy),28,89.3,26.8,402,10,0,0.0,0,3.5
CUST-104672,5.0,High Risk (Critical),9,11.6,13.5,136,20,2,40.5,1,1.0
CUST-104673,70.2,Low Risk (Healthy),21,70.6,40.8,127,40,0,0.0,0,3.5
CUST-104674,6.4,High Risk (Critical),8,40.5,11.2,135,15,1,67.5,1,1.0
CUST-104675,19.6,High Risk (Critical),10,34.5,13.2,56,24,1,48.9,0,1.0
CUST-104676,33.6,High Risk (Critical),7,11.0,10.4,36,22,0,0.0,0,3.5
CUST-104677,74.8,Low Risk (Healthy),25,68.2,38.2,1337,37,0,0.0,0,3.5
CUST-104678,6.2,High Risk (Critical),12,10.8,6.2,69,30,2,57.1,1,2.0
CUST-104679,5.0,High Risk (Critical),8,13.2,8.4,141,0,4,46.7,0,1.0
CUST-104680,67.3,Medium Risk (Warning),17,78.9,95.9,1342,12,0,0.0,0,3.5
CUST-104681,33.2,High Risk (Critical),6,14.0,7.4,131,5,0,0.0,0,3.5
CUST-104682,15.6,High Risk (Critical),13,17.5,13.4,49,43,3,24.0,1,3.0
CUST-104683,5.0,High Risk (Critical),4,23.8,7.4,19,27,2,18.6,1,2.0
CUST-104684,5.0,High Risk (Critical),2,23.5,13.1,147,35,3,68.1,1,3.0
CUST-104685,69.1,Medium Risk (Warning),20,83.0,81.2,131,0,1,19.8,0,4.0
CUST-104686,22.0,High Risk (Critical),13,14.9,4.8,72,21,1,14.2,0,1.0
CUST-104687,72.9,Low Risk (Healthy),26,57.6,70.7,91,24,0,0.0,0,3.5
CUST-104688,6.0,High Risk (Critical),3,44.2,9.6,36,1,3,41.9,0,1.0
CUST-104689,5.0,High Risk (Critical),3,13.0,15.1,97,14,1,62.3,1,2.0
CUST-104690,15.6,High Risk (Critical),2,37.7,16.6,99,20,3,35.4,0,3.0
CUST-104691,5.0,High Risk (Critical),4,38.4,21.3,56,33,2,58.4,1,2.0
CUST-104692,87.6,Low Risk (Healthy),29,93.0,59.5,23,7,0,0.0,0,3.5
CUST-104693,5.0,High Risk (Critical),7,20.5,12.3,136,6,3,67.8,1,2.0
CUST-104694,12.3,High Risk (Critical),4,18.8,19.8,8,37,1,21.3,1,3.0
CUST-104695,65.9,Medium Risk (Warning),22,63.9,69.9,45,24,1,20.5,0,4.0
CUST-104696,72.2,Low Risk (Healthy),20,81.9,100.8,63,16,0,0.0,0,3.5
CUST-104697,40.4,High Risk (Critical),9,24.6,21.2,103,9,0,0.0,0,3.5
CUST-104698,22.6,High Risk (Critical),11,15.4,7.0,82,45,3,21.8,0,3.0
CUST-104699,38.1,High Risk (Critical),13,33.2,6.4,136,8,1,25.9,0,3.0
CUST-104700,79.4,Low Risk (Healthy),27,74.8,46.4,1670,32,0,0.0,0,3.5
CUST-104701,71.3,Low Risk (Healthy),19,83.3,58.0,81,36,0,0.0,0,3.5
CUST-104702,72.6,Low Risk (Healthy),19,87.7,36.0,109,45,0,0.0,0,3.5
CUST-104703,63.8,Medium Risk (Warning),17,67.2,76.1,4109,44,0,0.0,0,3.5
CUST-104704,78.6,Low Risk (Healthy),27,58.7,78.8,74,10,1,8.4,0,5.0
CUST-104705,39.5,High Risk (Critical),9,21.8,19.2,146,44,0,0.0,0,3.5
CUST-104706,5.0,High Risk (Critical),6,13.9,18.8,149,14,1,13.4,1,1.0
CUST-104707,11.4,High Risk (Critical),2,37.0,6.4,92,9,3,66.8,0,3.0
CUST-104708,75.3,Low Risk (Healthy),25,90.6,93.6,4,2,2,9.7,0,4.0
CUST-104709,40.2,High Risk (Critical),7,32.9,18.3,22,10,0,0.0,0,3.5
CUST-104710,11.1,High Risk (Critical),7,22.3,6.1,123,23,2,71.3,0,2.0
CUST-104711,38.4,High Risk (Critical),4,40.1,21.9,111,27,0,0.0,0,3.5
CUST-104712,64.4,Medium Risk (Warning),20,55.7,58.2,1455,33,0,0.0,0,3.5
CUST-104713,26.2,High Risk (Critical),13,42.3,15.1,53,8,2,14.8,0,1.0
CUST-104714,53.9,Medium Risk (Warning),19,50.5,62.9,120,12,2,20.5,0,4.0
CUST-104715,5.0,High Risk (Critical),4,16.4,7.1,16,2,3,34.2,1,2.0
CUST-104716,29.8,High Risk (Critical),9,21.6,8.7,103,25,1,21.4,0,3.0
CUST-104717,34.7,High Risk (Critical),12,39.1,6.1,21,17,2,24.3,0,3.0
CUST-104718,26.0,High Risk (Critical),12,33.2,11.6,8,28,1,63.6,0,2.0
CUST-104719,23.6,High Risk (Critical),12,39.6,6.1,133,20,2,66.4,0,2.0
CUST-104720,45.9,Medium Risk (Warning),12,29.7,13.5,3,18,0,0.0,0,3.5
CUST-104721,53.0,Medium Risk (Warning),14,44.6,7.6,116,38,0,0.0,0,3.5
CUST-104722,65.4,Medium Risk (Warning),21,78.8,65.1,102,42,2,18.0,0,4.0
CUST-104723,44.2,High Risk (Critical),9,37.2,5.1,2,27,0,0.0,0,3.5
CUST-104724,81.6,Low Risk (Healthy),22,92.3,85.6,6420,3,1,11.3,0,5.0
CUST-104725,74.8,Low Risk (Healthy),23,82.8,84.1,61,14,1,5.8,0,4.0
CUST-104726,18.0,High Risk (Critical),11,27.4,7.6,40,19,2,70.7,0,2.0
CUST-104727,30.9,High Risk (Critical),2,24.1,8.7,145,10,0,0.0,0,3.5
CUST-104728,5.0,High Risk (Critical),1,40.8,17.5,120,43,5,66.3,0,2.0
CUST-104729,67.5,Medium Risk (Warning),21,74.0,94.0,53,3,3,5.6,0,5.0
CUST-104730,69.6,Medium Risk (Warning),19,77.4,48.0,37,17,0,0.0,0,3.5
CUST-104731,19.4,High Risk (Critical),4,30.7,8.7,43,6,2,40.8,0,3.0
CUST-104732,76.1,Low Risk (Healthy),18,91.8,46.5,28,4,1,11.5,0,5.0
CUST-104733,76.9,Low Risk (Healthy),29,67.3,68.8,38,12,1,15.5,0,4.0
CUST-104734,8.1,High Risk (Critical),3,16.7,21.4,13,26,2,39.1,0,2.0
CUST-104735,5.0,High Risk (Critical),10,23.2,9.9,27,15,3,50.8,1,1.0
CUST-104736,29.1,High Risk (Critical),12,29.6,7.3,50,45,2,46.0,0,3.0
CUST-104737,5.0,High Risk (Critical),4,13.7,16.7,118,26,3,47.0,0,2.0
CUST-104738,5.0,High Risk (Critical),6,34.5,4.4,82,12,1,69.2,1,1.0
CUST-104739,16.4,High Risk (Critical),1,31.8,15.1,102,36,1,19.5,0,2.0
CUST-104740,71.2,Low Risk (Healthy),26,51.7,98.0,980,30,0,0.0,0,3.5
CUST-104741,71.4,Low Risk (Healthy),24,61.2,86.9,148,40,0,0.0,0,3.5
CUST-104742,60.5,Medium Risk (Warning),20,62.2,39.2,4,25,3,22.9,0,5.0
CUST-104743,9.2,High Risk (Critical),2,28.0,4.3,33,21,2,15.1,1,3.0
CUST-104744,74.7,Low Risk (Healthy),23,89.3,104.8,99,38,1,22.3,0,4.0
CUST-104745,16.5,High Risk (Critical),9,23.2,5.1,43,38,4,35.9,0,3.0
CUST-104746,5.0,High Risk (Critical),4,39.3,15.3,78,2,4,45.7,1,2.0
CUST-104747,63.7,Medium Risk (Warning),17,66.7,25.8,2064,41,0,0.0,0,3.5
CUST-104748,6.6,High Risk (Critical),10,17.6,4.8,16,7,1,32.4,1,1.0
CUST-104749,74.8,Low Risk (Healthy),20,90.5,98.8,59,35,0,0.0,0,3.5
CUST-104750,72.0,Low Risk (Healthy),27,50.0,25.3,581,6,0,0.0,0,3.5
CUST-104751,79.9,Low Risk (Healthy),29,67.3,84.5,134,29,0,0.0,0,3.5
CUST-104752,72.9,Low Risk (Healthy),28,76.3,69.4,1943,3,2,2.3,0,3.5
CUST-104753,64.3,Medium Risk (Warning),22,52.3,49.1,136,12,1,5.5,0,4.0
CUST-104754,61.6,Medium Risk (Warning),16,75.2,92.9,51,4,1,18.3,0,4.0
CUST-104755,38.8,High Risk (Critical),7,28.1,18.1,111,15,0,0.0,0,3.5
CUST-104756,5.0,High Risk (Critical),1,42.3,16.7,130,39,3,27.9,1,1.0
CUST-104757,20.6,High Risk (Critical),9,32.2,7.2,93,24,1,24.7,0,1.0
CUST-104758,63.7,Medium Risk (Warning),18,62.3,77.1,105,5,0,0.0,0,3.5
CUST-104759,77.7,Low Risk (Healthy),26,73.4,60.1,23,40,0,0.0,0,3.5
CUST-104760,17.2,High Risk (Critical),3,42.8,20.8,50,39,1,29.1,1,3.0
CUST-104761,13.9,High Risk (Critical),2,34.6,15.2,125,9,3,41.1,0,3.0
CUST-104762,33.1,High Risk (Critical),13,29.6,13.7,140,24,1,56.8,0,3.0
CUST-104763,5.0,High Risk (Critical),3,24.3,9.9,23,33,2,21.6,1,2.0
CUST-104764,6.3,High Risk (Critical),13,26.5,7.5,137,5,4,58.8,1,1.0
CUST-104765,75.4,Low Risk (Healthy),28,65.1,29.9,1495,37,1,12.1,0,4.0
CUST-104766,71.6,Low Risk (Healthy),24,60.7,32.7,34,17,2,5.0,0,5.0
CUST-104767,31.0,High Risk (Critical),10,25.7,10.7,140,36,1,32.6,0,3.0
CUST-104768,10.1,High Risk (Critical),13,33.9,16.3,82,3,2,43.0,1,1.0
CUST-104769,37.1,High Risk (Critical),14,40.8,21.1,27,22,1,14.4,0,2.0
CUST-104770,82.7,Low Risk (Healthy),25,94.5,89.6,25,11,0,0.0,0,3.5
CUST-104771,14.4,High Risk (Critical),6,42.6,20.2,70,11,1,34.9,1,2.0
CUST-104772,59.3,Medium Risk (Warning),24,72.4,35.9,1436,16,4,19.2,0,4.0
CUST-104773,79.0,Low Risk (Healthy),29,64.3,92.3,108,0,0,0.0,0,3.5
CUST-104774,71.4,Low Risk (Healthy),26,52.6,80.4,109,36,0,0.0,0,3.5
CUST-104775,24.2,High Risk (Critical),13,25.5,7.1,106,5,1,70.6,0,2.0
CUST-104776,81.7,Low Risk (Healthy),24,84.8,42.6,79,38,1,13.9,0,5.0
CUST-104777,81.3,Low Risk (Healthy),28,88.0,49.8,123,27,1,19.6,0,4.0
CUST-104778,44.6,High Risk (Critical),10,34.3,17.1,118,43,0,0.0,0,3.5
CUST-104779,71.1,Low Risk (Healthy),23,64.9,81.8,40,37,0,0.0,0,3.5
CUST-104780,66.5,Medium Risk (Warning),18,79.1,36.8,103,11,1,10.0,0,4.0
CUST-104781,76.8,Low Risk (Healthy),22,75.5,32.4,2300,21,1,9.3,0,5.0
CUST-104782,78.7,Low Risk (Healthy),20,94.8,57.8,982,34,1,19.4,0,5.0
CUST-104783,5.0,High Risk (Critical),8,17.5,15.2,11,14,2,72.0,1,1.0
CUST-104784,68.3,Medium Risk (Warning),19,73.3,84.5,86,37,0,0.0,0,3.5
CUST-104785,5.0,High Risk (Critical),2,14.6,11.5,67,36,2,42.5,1,1.0
CUST-104786,5.0,High Risk (Critical),1,25.0,13.4,42,6,2,33.6,1,3.0
CUST-104787,15.8,High Risk (Critical),13,30.9,20.0,146,39,2,70.8,0,1.0
CUST-104788,74.4,Low Risk (Healthy),22,83.0,57.2,3660,4,2,14.3,0,5.0
CUST-104789,8.4,High Risk (Critical),6,10.7,8.2,85,30,2,54.5,0,2.0
CUST-104790,86.5,Low Risk (Healthy),29,75.2,56.4,131,41,1,5.8,0,5.0
CUST-104791,60.0,Medium Risk (Warning),17,54.6,73.5,2719,35,0,0.0,0,3.5
CUST-104792,73.6,Low Risk (Healthy),24,68.8,32.2,1674,23,0,0.0,0,3.5
CUST-104793,50.5,Medium Risk (Warning),14,36.0,17.9,147,41,0,0.0,0,3.5
CUST-104794,62.0,Medium Risk (Warning),19,52.2,50.9,72,29,0,0.0,0,3.5
CUST-104795,33.1,High Risk (Critical),6,13.6,7.9,6,32,0,0.0,0,3.5
CUST-104796,5.0,High Risk (Critical),5,32.2,17.4,95,7,1,40.3,1,1.0
CUST-104797,40.4,High Risk (Critical),10,20.1,21.7,122,15,0,0.0,0,3.5
CUST-104798,67.7,Medium Risk (Warning),17,65.1,86.6,1472,1,1,3.6,0,5.0
CUST-104799,80.2,Low Risk (Healthy),26,67.6,47.7,3768,34,1,6.3,0,5.0
CUST-104800,5.0,High Risk (Critical),7,31.6,6.9,19,22,3,69.9,0,1.0
CUST-104801,68.8,Medium Risk (Warning),29,53.7,66.1,41,27,2,16.0,0,4.0
CUST-104802,23.6,High Risk (Critical),12,22.3,7.0,123,8,1,24.5,1,3.0
CUST-104803,15.3,High Risk (Critical),4,34.9,16.4,44,19,1,67.9,0,2.0
CUST-104804,74.9,Low Risk (Healthy),25,71.8,65.4,3662,8,2,16.0,0,5.0
CUST-104805,10.9,High Risk (Critical),13,28.5,16.6,78,26,4,39.5,0,1.0
CUST-104806,65.5,Medium Risk (Warning),16,77.2,67.3,5384,13,0,0.0,0,3.5
CUST-104807,69.4,Medium Risk (Warning),23,82.3,48.6,141,11,2,15.7,0,4.0
CUST-104808,5.5,High Risk (Critical),7,19.4,19.0,91,19,3,29.0,0,1.0
CUST-104809,26.0,High Risk (Critical),11,27.4,6.0,71,6,1,38.9,0,2.0
CUST-104810,15.0,High Risk (Critical),11,14.9,6.5,31,13,1,48.7,0,1.0
CUST-104811,7.1,High Risk (Critical),8,31.5,7.0,92,26,3,71.9,1,2.0
CUST-104812,81.2,Low Risk (Healthy),28,67.3,43.9,1843,17,1,18.8,0,5.0
CUST-104813,11.3,High Risk (Critical),2,41.7,9.2,82,8,3,31.4,0,2.0
CUST-104814,66.4,Medium Risk (Warning),22,53.6,58.9,113,20,0,0.0,0,3.5
CUST-104815,5.0,High Risk (Critical),5,18.7,6.1,24,11,5,49.1,0,1.0
CUST-104816,13.3,High Risk (Critical),14,25.6,17.6,13,7,4,21.9,1,2.0
CUST-104817,54.3,Medium Risk (Warning),16,54.3,106.0,8162,20,3,10.7,0,5.0
CUST-104818,11.7,High Risk (Critical),1,25.8,15.9,1,39,1,42.6,0,2.0
CUST-104819,62.8,Medium Risk (Warning),20,50.3,58.5,3159,24,0,0.0,0,3.5
CUST-104820,6.6,High Risk (Critical),7,25.8,10.1,55,26,3,35.8,0,1.0
CUST-104821,17.4,High Risk (Critical),4,22.7,5.2,103,40,2,37.6,0,3.0
CUST-104822,30.7,High Risk (Critical),12,36.9,15.7,150,27,2,50.9,0,3.0
CUST-104823,20.8,High Risk (Critical),13,14.7,15.7,29,6,1,71.8,0,2.0
CUST-104824,16.7,High Risk (Critical),6,11.9,8.0,23,22,1,70.9,0,3.0
CUST-104825,19.0,High Risk (Critical),6,30.2,10.9,3,11,1,48.6,0,2.0
CUST-104826,11.8,High Risk (Critical),11,33.7,4.4,135,33,4,66.3,1,2.0
CUST-104827,53.9,Medium Risk (Warning),15,62.6,67.9,42,16,1,15.0,0,3.5
CUST-104828,29.1,High Risk (Critical),8,26.8,16.4,119,8,1,28.5,0,3.0
CUST-104829,58.1,Medium Risk (Warning),16,52.7,39.7,1746,26,0,0.0,0,3.5
CUST-104830,59.8,Medium Risk (Warning),18,65.3,60.9,29,3,1,6.5,0,3.5
CUST-104831,66.5,Medium Risk (Warning),23,64.7,109.9,1099,41,1,4.4,0,3.5
CUST-104832,60.6,Medium Risk (Warning),19,71.1,26.9,105,16,2,16.3,0,4.0
CUST-104833,22.1,High Risk (Critical),12,30.8,4.5,81,41,4,41.1,0,3.0
CUST-104834,74.0,Low Risk (Healthy),25,75.9,40.4,147,12,1,17.2,0,4.0
CUST-104835,86.7,Low Risk (Healthy),27,86.0,28.3,37,1,1,9.1,0,5.0
CUST-104836,85.2,Low Risk (Healthy),28,89.7,65.9,659,27,0,0.0,0,3.5
CUST-104837,77.9,Low Risk (Healthy),28,90.8,77.6,3414,44,2,21.5,0,4.0
CUST-104838,5.8,High Risk (Critical),6,24.5,15.9,123,40,2,60.4,0,1.0
CUST-104839,84.0,Low Risk (Healthy),27,90.1,90.3,3250,43,0,0.0,0,3.5
CUST-104840,67.6,Medium Risk (Warning),21,78.8,40.9,1022,5,1,8.4,0,3.5
CUST-104841,10.2,High Risk (Critical),8,42.3,14.2,133,38,4,25.4,0,1.0
CUST-104842,46.0,Medium Risk (Warning),13,25.5,21.4,16,28,0,0.0,0,3.5
CUST-104843,5.0,High Risk (Critical),5,10.4,14.2,75,14,3,65.2,1,3.0
CUST-104844,80.5,Low Risk (Healthy),26,82.7,100.9,1311,40,0,0.0,0,3.5
CUST-104845,27.9,High Risk (Critical),10,26.5,18.6,71,17,2,27.0,0,3.0
CUST-104846,60.6,Medium Risk (Warning),16,60.8,60.7,2731,12,0,0.0,0,3.5
CUST-104847,16.1,High Risk (Critical),8,10.6,21.8,45,38,2,14.0,0,2.0
CUST-104848,7.1,High Risk (Critical),4,11.9,8.5,106,4,2,46.6,0,2.0
CUST-104849,67.9,Medium Risk (Warning),15,79.2,48.2,97,23,1,15.0,0,5.0
CUST-104850,19.4,High Risk (Critical),14,25.8,4.4,114,4,4,26.3,1,3.0
CUST-104851,8.0,High Risk (Critical),14,27.7,6.7,106,24,2,68.1,1,1.0
CUST-104852,58.8,Medium Risk (Warning),15,59.2,70.0,109,22,0,0.0,0,3.5
CUST-104853,77.8,Low Risk (Healthy),28,90.1,29.2,730,28,2,20.2,0,4.0
CUST-104854,13.0,High Risk (Critical),7,17.3,12.2,148,41,1,44.2,1,3.0
CUST-104855,66.1,Medium Risk (Warning),20,61.4,29.9,22,5,0,0.0,0,3.5
CUST-104856,70.1,Low Risk (Healthy),23,61.6,95.4,125,12,0,0.0,0,3.5
CUST-104857,38.2,High Risk (Critical),3,44.1,10.8,4,37,0,0.0,0,3.5
CUST-104858,81.9,Low Risk (Healthy),29,80.4,76.2,0,24,2,23.1,0,5.0
CUST-104859,67.9,Medium Risk (Warning),23,74.7,96.8,116,3,1,17.1,0,3.5
CUST-104860,62.1,Medium Risk (Warning),17,84.0,93.1,117,29,1,22.2,0,3.5
CUST-104861,22.8,High Risk (Critical),12,21.2,13.3,145,9,3,44.4,0,3.0
CUST-104862,73.5,Low Risk (Healthy),18,84.3,52.4,2567,8,1,14.5,0,5.0
CUST-104863,20.5,High Risk (Critical),10,13.8,17.3,140,3,2,55.4,0,3.0
CUST-104864,15.5,High Risk (Critical),14,18.5,13.1,30,28,1,54.0,1,2.0
CUST-104865,49.4,Medium Risk (Warning),13,36.9,20.4,66,28,0,0.0,0,3.5
CUST-104866,18.5,High Risk (Critical),3,28.7,6.5,21,2,1,16.6,0,2.0
CUST-104867,43.0,High Risk (Critical),10,29.0,14.0,12,30,0,0.0,0,3.5
CUST-104868,77.1,Low Risk (Healthy),28,62.7,54.4,2556,18,0,0.0,0,3.5
CUST-104869,5.0,High Risk (Critical),2,19.6,11.8,128,39,3,53.8,1,1.0
CUST-104870,5.5,High Risk (Critical),1,29.3,21.8,149,14,1,69.3,1,3.0
CUST-104871,8.7,High Risk (Critical),9,12.9,8.1,55,39,1,41.6,1,2.0
CUST-104872,33.3,High Risk (Critical),5,18.9,16.0,36,45,0,0.0,0,3.5
CUST-104873,26.2,High Risk (Critical),10,25.6,4.9,27,23,2,38.7,0,3.0
CUST-104874,71.2,Low Risk (Healthy),25,58.0,69.7,138,3,2,12.5,0,5.0
CUST-104875,71.9,Low Risk (Healthy),23,67.5,30.9,41,33,0,0.0,0,3.5
CUST-104876,69.0,Medium Risk (Warning),24,84.8,85.7,74,26,3,3.4,0,4.0
CUST-104877,84.9,Low Risk (Healthy),28,88.5,83.3,105,2,0,0.0,0,3.5
CUST-104878,13.7,High Risk (Critical),6,36.8,14.4,61,40,5,26.4,0,3.0
CUST-104879,41.2,High Risk (Critical),9,27.4,8.5,101,33,0,0.0,0,3.5
CUST-104880,7.5,High Risk (Critical),6,37.9,11.3,46,27,5,31.1,0,2.0
CUST-104881,85.0,Low Risk (Healthy),29,84.3,77.0,5544,21,0,0.0,0,3.5
CUST-104882,10.8,High Risk (Critical),8,22.5,10.5,23,29,1,69.3,0,1.0
CUST-104883,5.6,High Risk (Critical),10,13.3,14.9,52,34,2,45.6,1,2.0
CUST-104884,72.6,Low Risk (Healthy),21,91.5,71.2,4556,26,3,6.6,0,5.0
CUST-104885,78.9,Low Risk (Healthy),27,62.1,68.6,3635,19,1,13.9,0,5.0
CUST-104886,28.6,High Risk (Critical),3,11.9,8.8,15,38,0,0.0,0,3.5
CUST-104887,6.3,High Risk (Critical),8,28.8,12.9,14,21,8,64.0,0,2.0
CUST-104888,17.3,High Risk (Critical),7,12.9,16.1,21,34,1,31.4,0,2.0
CUST-104889,25.7,High Risk (Critical),14,42.1,15.9,4,25,1,61.0,0,1.0
CUST-104890,66.8,Medium Risk (Warning),20,63.8,36.2,137,5,0,0.0,0,3.5
CUST-104891,46.3,Medium Risk (Warning),13,26.5,15.1,64,35,0,0.0,0,3.5
CUST-104892,9.2,High Risk (Critical),6,28.3,5.6,23,20,1,42.0,1,2.0
CUST-104893,69.7,Medium Risk (Warning),25,51.3,77.0,40,38,0,0.0,0,3.5
CUST-104894,6.6,High Risk (Critical),11,16.4,18.3,30,9,3,71.1,1,2.0
CUST-104895,70.5,Low Risk (Healthy),22,75.3,106.9,45,28,1,11.2,0,4.0
CUST-104896,61.0,Medium Risk (Warning),21,92.2,40.5,2106,31,4,21.5,0,4.0
CUST-104897,79.7,Low Risk (Healthy),23,80.0,25.4,1905,39,1,8.1,0,5.0
CUST-104898,12.3,High Risk (Critical),5,13.4,13.7,78,18,1,51.3,0,2.0
CUST-104899,74.1,Low Risk (Healthy),29,57.9,70.6,33,22,1,15.5,0,4.0
CUST-104900,55.8,Medium Risk (Warning),25,55.4,84.7,3218,25,4,17.0,0,4.0
CUST-104901,56.5,Medium Risk (Warning),19,50.2,37.3,38,21,3,15.4,0,5.0
CUST-104902,30.3,High Risk (Critical),13,39.8,13.1,38,32,1,23.6,1,3.0
CUST-104903,72.5,Low Risk (Healthy),26,60.9,51.3,1128,28,1,3.3,0,4.0
CUST-104904,64.3,Medium Risk (Warning),17,58.7,55.3,135,38,1,16.2,0,5.0
CUST-104905,72.5,Low Risk (Healthy),25,53.5,65.1,37,36,1,22.8,0,5.0
CUST-104906,72.7,Low Risk (Healthy),25,58.6,87.3,1309,16,2,2.0,0,5.0
CUST-104907,5.0,High Risk (Critical),7,36.8,18.2,72,14,1,71.1,1,1.0
CUST-104908,68.0,Medium Risk (Warning),24,50.1,72.1,127,32,0,0.0,0,3.5
CUST-104909,56.4,Medium Risk (Warning),18,58.3,72.5,83,10,1,16.5,0,3.5
CUST-104910,14.9,High Risk (Critical),3,35.6,21.9,149,0,2,30.3,0,2.0
CUST-104911,6.6,High Risk (Critical),7,11.7,4.2,49,27,1,65.7,0,1.0
CUST-104912,13.0,High Risk (Critical),10,25.7,15.5,65,22,3,16.0,0,1.0
CUST-104913,69.0,Medium Risk (Warning),21,83.8,50.4,93,38,1,9.5,0,3.5
CUST-104914,75.0,Low Risk (Healthy),29,51.0,104.1,4059,12,0,0.0,0,3.5
CUST-104915,32.5,High Risk (Critical),13,29.5,6.3,113,0,1,13.8,0,2.0
CUST-104916,10.4,High Risk (Critical),12,44.7,21.1,129,5,5,39.6,1,1.0
CUST-104917,22.0,High Risk (Critical),11,17.6,21.7,138,4,1,47.5,0,2.0
CUST-104918,69.5,Medium Risk (Warning),22,69.6,53.9,4096,7,1,5.5,0,4.0
CUST-104919,75.3,Low Risk (Healthy),26,65.6,57.8,4161,45,0,0.0,0,3.5
CUST-104920,59.1,Medium Risk (Warning),17,72.1,47.3,112,30,1,17.7,0,3.5
CUST-104921,27.2,High Risk (Critical),7,40.1,4.2,150,31,1,17.2,0,2.0
CUST-104922,45.2,Medium Risk (Warning),10,36.3,12.8,124,9,0,0.0,0,3.5
CUST-104923,17.2,High Risk (Critical),9,40.6,14.6,71,36,2,39.7,0,1.0
CUST-104924,74.1,Low Risk (Healthy),28,89.3,88.1,12,43,2,23.9,0,3.5
CUST-104925,5.0,High Risk (Critical),8,30.2,12.1,16,17,1,63.0,1,1.0
CUST-104926,67.0,Medium Risk (Warning),22,55.5,103.3,95,22,0,0.0,0,3.5
CUST-104927,5.0,High Risk (Critical),3,21.6,11.9,7,21,1,26.8,1,1.0
CUST-104928,5.0,High Risk (Critical),3,29.8,21.4,131,42,3,17.4,1,1.0
CUST-104929,14.4,High Risk (Critical),1,38.2,14.8,97,1,1,19.2,1,3.0
CUST-104930,5.0,High Risk (Critical),9,19.1,10.5,67,21,5,37.7,1,1.0
CUST-104931,9.1,High Risk (Critical),14,11.6,20.5,71,40,3,48.6,1,2.0
CUST-104932,29.4,High Risk (Critical),11,18.6,13.6,139,41,1,38.4,0,3.0
CUST-104933,33.0,High Risk (Critical),5,17.7,11.4,27,13,0,0.0,0,3.5
CUST-104934,60.2,Medium Risk (Warning),20,63.5,78.9,4734,23,1,19.9,0,3.5
CUST-104935,8.7,High Risk (Critical),5,30.0,10.0,65,37,2,57.3,1,3.0
CUST-104936,70.6,Low Risk (Healthy),21,72.1,108.7,8,14,0,0.0,0,3.5
CUST-104937,78.3,Low Risk (Healthy),22,93.2,93.3,4665,28,0,0.0,0,3.5
CUST-104938,71.8,Low Risk (Healthy),23,67.2,61.5,4551,4,0,0.0,0,3.5
CUST-104939,12.5,High Risk (Critical),3,21.5,17.7,36,21,2,63.8,0,3.0
CUST-104940,32.1,High Risk (Critical),9,41.6,6.8,35,35,1,50.7,0,3.0
CUST-104941,44.2,High Risk (Critical),13,19.6,16.6,87,44,0,0.0,0,3.5
CUST-104942,69.8,Medium Risk (Warning),16,91.5,44.6,107,25,0,0.0,0,3.5
CUST-104943,5.0,High Risk (Critical),2,31.5,9.0,131,19,4,57.2,1,1.0
CUST-104944,78.3,Low Risk (Healthy),27,94.1,31.0,14,1,2,15.8,0,4.0
CUST-104945,5.0,High Risk (Critical),3,10.8,6.3,16,10,1,33.0,1,1.0
CUST-104946,25.6,High Risk (Critical),12,28.0,9.2,56,36,2,70.5,0,3.0
CUST-104947,72.0,Low Risk (Healthy),21,76.5,71.8,77,44,0,0.0,0,3.5
CUST-104948,59.6,Medium Risk (Warning),22,59.2,78.4,4625,26,2,4.3,0,3.5
CUST-104949,20.2,High Risk (Critical),9,44.1,7.8,142,32,2,24.5,0,1.0
CUST-104950,59.2,Medium Risk (Warning),17,72.2,65.8,60,8,2,9.1,0,4.0
CUST-104951,11.2,High Risk (Critical),14,38.3,10.1,103,34,5,58.5,1,1.0
CUST-104952,5.0,High Risk (Critical),6,29.6,15.2,139,38,2,54.6,1,2.0
CUST-104953,73.4,Low Risk (Healthy),26,65.1,27.1,1355,34,1,6.5,0,4.0
CUST-104954,73.1,Low Risk (Healthy),24,73.0,107.3,141,24,1,6.6,0,4.0
CUST-104955,89.1,Low Risk (Healthy),29,86.8,92.4,98,22,1,12.5,0,5.0
CUST-104956,66.5,Medium Risk (Warning),18,71.8,100.1,51,41,0,0.0,0,3.5
CUST-104957,68.5,Medium Risk (Warning),27,61.0,89.9,2607,29,1,22.5,0,3.5
CUST-104958,11.9,High Risk (Critical),7,37.1,18.6,72,10,3,68.8,0,2.0
CUST-104959,31.6,High Risk (Critical),4,17.5,14.2,83,5,0,0.0,0,3.5
CUST-104960,73.2,Low Risk (Healthy),27,61.5,56.5,1582,45,1,9.7,0,4.0
CUST-104961,8.0,High Risk (Critical),8,14.4,5.7,14,0,6,37.9,0,3.0
CUST-104962,6.4,High Risk (Critical),12,31.4,17.4,2,36,4,48.8,1,1.0
CUST-104963,5.0,High Risk (Critical),4,25.2,6.9,39,33,1,42.8,1,1.0
CUST-104964,12.4,High Risk (Critical),9,23.2,5.0,22,11,3,52.1,0,2.0
CUST-104965,77.2,Low Risk (Healthy),25,76.2,65.4,109,36,0,0.0,0,3.5
CUST-104966,22.5,High Risk (Critical),4,38.5,12.0,72,33,2,34.8,0,3.0
CUST-104967,27.2,High Risk (Critical),9,21.1,17.8,48,42,1,40.8,0,3.0
CUST-104968,46.7,Medium Risk (Warning),11,36.8,15.0,121,39,0,0.0,0,3.5
CUST-104969,5.0,High Risk (Critical),5,27.5,6.9,88,19,5,64.0,0,1.0
CUST-104970,23.7,High Risk (Critical),3,44.8,8.8,13,9,2,29.9,0,3.0
CUST-104971,76.0,Low Risk (Healthy),24,88.0,57.3,112,32,1,19.2,0,4.0
CUST-104972,67.8,Medium Risk (Warning),16,84.8,103.6,115,4,0,0.0,0,3.5
CUST-104973,5.8,High Risk (Critical),7,16.8,16.5,60,3,1,52.2,1,2.0
CUST-104974,5.0,High Risk (Critical),1,20.1,16.0,134,25,1,53.9,0,1.0
CUST-104975,74.0,Low Risk (Healthy),19,92.3,52.7,20,26,0,0.0,0,3.5
CUST-104976,5.9,High Risk (Critical),3,21.7,21.4,128,16,2,37.0,1,3.0
CUST-104977,78.6,Low Risk (Healthy),29,63.2,107.3,1502,43,0,0.0,0,3.5
CUST-104978,65.9,Medium Risk (Warning),20,52.5,96.7,138,30,1,20.0,0,5.0
CUST-104979,29.5,High Risk (Critical),2,19.3,16.1,49,24,0,0.0,0,3.5
CUST-104980,5.0,High Risk (Critical),1,28.2,16.6,21,10,3,16.4,1,3.0
CUST-104981,5.0,High Risk (Critical),1,21.8,9.3,39,19,2,17.2,1,2.0
CUST-104982,65.1,Medium Risk (Warning),16,76.0,83.7,920,24,0,0.0,0,3.5
CUST-104983,52.9,Medium Risk (Warning),14,44.2,7.7,49,45,0,0.0,0,3.5
CUST-104984,77.7,Low Risk (Healthy),23,86.7,56.1,3870,41,0,0.0,0,3.5
CUST-104985,82.3,Low Risk (Healthy),26,77.2,78.2,13,29,1,12.3,0,5.0
CUST-104986,7.7,High Risk (Critical),3,35.9,11.9,4,10,2,40.6,0,1.0
CUST-104987,38.5,High Risk (Critical),8,22.9,8.8,47,9,0,0.0,0,3.5
CUST-104988,5.5,High Risk (Critical),11,12.9,11.1,140,2,3,28.0,1,2.0
CUST-104989,46.6,Medium Risk (Warning),10,40.8,5.3,139,24,0,0.0,0,3.5
CUST-104990,43.5,High Risk (Critical),10,30.5,18.6,56,20,0,0.0,0,3.5
CUST-104991,77.6,Low Risk (Healthy),25,77.5,81.5,1956,2,0,0.0,0,3.5
CUST-104992,5.0,High Risk (Critical),12,22.0,5.1,122,11,6,64.3,0,1.0
CUST-104993,79.7,Low Risk (Healthy),26,80.2,87.4,102,15,0,0.0,0,3.5
CUST-104994,77.1,Low Risk (Healthy),25,87.3,50.2,3463,7,1,19.7,0,4.0
CUST-104995,28.0,High Risk (Critical),12,37.3,6.7,24,29,3,41.8,0,3.0
CUST-104996,66.1,Medium Risk (Warning),16,79.3,57.1,1998,17,0,0.0,0,3.5
CUST-104997,20.3,High Risk (Critical),12,15.8,20.1,65,43,1,67.6,0,2.0
CUST-104998,6.6,High Risk (Critical),1,24.4,7.7,114,42,1,32.7,0,1.0
CUST-104999,12.9,High Risk (Critical),13,37.1,14.4,17,40,1,60.4,1,1.0
CUST-105000,69.6,Medium Risk (Warning),23,61.2,39.1,625,13,2,11.6,0,5.0
CUST-105001,84.0,Low Risk (Healthy),24,89.5,109.3,100,40,1,6.5,0,5.0
CUST-105002,35.2,High Risk (Critical),1,43.0,4.2,82,34,0,0.0,0,3.5
CUST-105003,78.7,Low Risk (Healthy),24,85.7,100.5,126,19,0,0.0,0,3.5
CUST-105004,43.3,High Risk (Critical),14,12.1,18.2,37,23,0,0.0,0,3.5
CUST-105005,9.4,High Risk (Critical),5,32.6,12.9,42,19,2,70.6,1,3.0
CUST-105006,12.6,High Risk (Critical),7,32.3,8.8,13,24,3,19.0,1,3.0
CUST-105007,72.1,Low Risk (Healthy),25,59.1,101.5,29,29,0,0.0,0,3.5
CUST-105008,35.6,High Risk (Critical),3,35.2,17.2,62,7,0,0.0,0,3.5
CUST-105009,26.0,High Risk (Critical),1,12.3,6.1,9,25,0,0.0,0,3.5
CUST-105010,19.1,High Risk (Critical),8,35.9,15.9,50,6,3,66.6,0,3.0
CUST-105011,9.3,High Risk (Critical),8,24.7,18.7,80,6,1,54.4,1,2.0
CUST-105012,36.7,High Risk (Critical),13,26.3,4.7,121,9,1,19.9,0,3.0
CUST-105013,51.2,Medium Risk (Warning),14,38.3,14.3,109,4,0,0.0,0,3.5
CUST-105014,8.3,High Risk (Critical),13,13.2,5.4,142,37,2,62.5,1,2.0
CUST-105015,74.7,Low Risk (Healthy),20,78.5,102.7,4416,26,1,12.0,0,5.0
CUST-105016,68.0,Medium Risk (Warning),24,52.8,108.8,70,39,2,14.5,0,5.0
CUST-105017,69.2,Medium Risk (Warning),23,58.4,109.9,2307,16,0,0.0,0,3.5
CUST-105018,43.8,High Risk (Critical),9,36.1,12.5,107,38,0,0.0,0,3.5
CUST-105019,76.5,Low Risk (Healthy),26,79.8,84.8,60,27,1,17.0,0,4.0
CUST-105020,9.5,High Risk (Critical),3,29.7,12.7,38,37,2,27.2,1,3.0
CUST-105021,66.2,Medium Risk (Warning),19,66.3,55.4,36,41,0,0.0,0,3.5
CUST-105022,51.2,Medium Risk (Warning),14,38.4,4.1,149,45,0,0.0,0,3.5
CUST-105023,13.1,High Risk (Critical),12,26.8,16.5,149,30,2,39.7,1,2.0
CUST-105024,76.5,Low Risk (Healthy),18,94.6,69.0,1,37,1,15.0,0,5.0
CUST-105025,23.1,High Risk (Critical),8,38.5,6.1,85,18,1,57.2,0,2.0
CUST-105026,29.2,High Risk (Critical),12,28.3,8.1,134,17,1,26.3,0,2.0
CUST-105027,22.1,High Risk (Critical),6,43.1,15.6,121,39,2,22.4,0,2.0
CUST-105028,11.5,High Risk (Critical),3,38.1,6.9,106,25,3,31.1,0,2.0
CUST-105029,10.7,High Risk (Critical),2,39.1,8.9,128,45,2,61.9,0,2.0
CUST-105030,8.0,High Risk (Critical),7,13.4,20.4,142,11,2,42.9,1,3.0
CUST-105031,73.0,Low Risk (Healthy),23,71.1,78.6,5659,23,0,0.0,0,3.5
CUST-105032,79.4,Low Risk (Healthy),22,88.7,102.8,62,31,1,20.1,0,5.0
CUST-105033,7.0,High Risk (Critical),10,11.1,13.5,121,26,2,61.5,0,1.0
CUST-105034,25.1,High Risk (Critical),3,39.1,13.7,116,36,1,37.1,0,3.0
CUST-105035,84.2,Low Risk (Healthy),24,95.0,27.8,1417,39,1,18.2,0,5.0
CUST-105036,73.8,Low Risk (Healthy),28,56.4,87.6,1226,43,1,3.7,0,4.0
CUST-105037,40.5,High Risk (Critical),5,42.7,16.3,104,31,0,0.0,0,3.5
CUST-105038,68.8,Medium Risk (Warning),15,92.6,40.6,104,28,0,0.0,0,3.5
CUST-105039,19.8,High Risk (Critical),7,34.5,6.3,110,39,1,63.1,0,2.0
CUST-105040,20.0,High Risk (Critical),14,26.9,8.8,87,19,2,37.5,0,1.0
CUST-105041,70.8,Low Risk (Healthy),17,90.5,81.1,42,24,0,0.0,0,3.5
CUST-105042,5.0,High Risk (Critical),9,16.8,6.9,79,35,2,41.4,1,1.0
CUST-105043,11.8,High Risk (Critical),8,35.0,18.6,100,39,3,27.1,0,1.0
CUST-105044,57.1,Medium Risk (Warning),18,51.7,50.1,134,38,3,3.1,0,5.0
CUST-105045,20.1,High Risk (Critical),8,32.2,4.2,25,30,4,18.1,0,3.0
CUST-105046,16.0,High Risk (Critical),8,41.2,16.3,56,31,4,19.6,1,3.0
CUST-105047,73.0,Low Risk (Healthy),19,88.9,86.5,84,17,0,0.0,0,3.5
CUST-105048,19.7,High Risk (Critical),3,39.8,13.3,40,17,2,50.2,0,3.0
CUST-105049,75.7,Low Risk (Healthy),28,57.8,101.3,123,3,0,0.0,0,3.5
CUST-105050,9.2,High Risk (Critical),6,30.0,21.0,92,20,2,46.3,0,1.0
CUST-105051,56.9,Medium Risk (Warning),18,55.8,72.0,1584,26,1,6.4,0,3.5
CUST-105052,5.0,High Risk (Critical),3,12.1,5.7,54,13,2,69.2,0,1.0
CUST-105053,5.0,High Risk (Critical),1,39.6,9.4,28,39,4,46.9,0,2.0
CUST-105054,5.0,High Risk (Critical),5,16.4,19.0,68,20,2,39.6,1,1.0
CUST-105055,82.2,Low Risk (Healthy),25,85.9,47.1,2496,24,1,23.5,0,5.0
CUST-105056,75.7,Low Risk (Healthy),28,57.9,82.6,96,5,0,0.0,0,3.5
CUST-105057,25.0,High Risk (Critical),9,10.1,19.1,84,24,1,32.3,0,3.0
CUST-105058,13.9,High Risk (Critical),7,30.9,21.3,63,24,1,21.9,1,2.0
CUST-105059,5.0,High Risk (Critical),5,12.1,20.5,9,34,3,60.8,1,2.0
CUST-105060,15.2,High Risk (Critical),14,43.4,18.2,56,34,4,51.6,0,1.0
CUST-105061,46.6,Medium Risk (Warning),19,51.6,67.8,1356,11,4,17.9,0,4.0
CUST-105062,49.4,Medium Risk (Warning),18,52.3,85.6,48,22,3,18.3,0,4.0
CUST-105063,19.2,High Risk (Critical),9,19.6,15.3,123,25,1,53.2,0,2.0
CUST-105064,55.5,Medium Risk (Warning),28,53.6,64.9,1038,44,4,23.6,0,3.5
CUST-105065,70.4,Low Risk (Healthy),19,80.2,74.6,2984,40,0,0.0,0,3.5
CUST-105066,70.8,Low Risk (Healthy),19,81.4,78.8,4885,30,0,0.0,0,3.5
CUST-105067,5.0,High Risk (Critical),3,23.3,4.5,2,18,4,51.8,1,2.0
CUST-105068,72.6,Low Risk (Healthy),21,78.7,52.2,70,0,0,0.0,0,3.5
CUST-105069,16.7,High Risk (Critical),13,21.7,19.5,51,11,2,41.4,0,1.0
CUST-105070,16.8,High Risk (Critical),10,31.9,21.8,6,23,1,64.6,0,1.0
CUST-105071,8.8,High Risk (Critical),8,41.0,6.4,111,27,2,17.7,1,1.0
CUST-105072,16.9,High Risk (Critical),8,37.4,17.1,137,33,2,24.2,0,1.0
CUST-105073,20.4,High Risk (Critical),10,37.4,14.4,110,33,2,17.0,0,1.0
CUST-105074,78.2,Low Risk (Healthy),22,92.9,101.9,118,4,2,7.8,0,5.0
CUST-105075,68.9,Medium Risk (Warning),21,56.3,53.6,53,0,1,16.1,0,5.0
CUST-105076,80.9,Low Risk (Healthy),29,70.9,31.1,1866,22,0,0.0,0,3.5
CUST-105077,34.6,High Risk (Critical),6,18.8,4.7,11,45,0,0.0,0,3.5
CUST-105078,71.0,Low Risk (Healthy),24,64.3,97.9,1468,7,1,2.6,0,4.0
CUST-105079,6.0,High Risk (Critical),4,13.0,20.1,50,7,2,57.8,0,2.0
CUST-105080,26.6,High Risk (Critical),13,24.5,20.5,92,11,2,16.4,0,2.0
CUST-105081,7.8,High Risk (Critical),7,12.9,15.3,93,18,2,27.5,0,1.0
CUST-105082,28.3,High Risk (Critical),12,20.4,4.1,145,19,1,14.2,0,2.0
CUST-105083,68.3,Medium Risk (Warning),23,68.1,49.4,2223,34,1,22.2,0,4.0
CUST-105084,46.5,Medium Risk (Warning),10,40.5,14.9,131,20,0,0.0,0,3.5
CUST-105085,5.0,High Risk (Critical),1,19.6,8.0,26,30,2,48.8,1,1.0
CUST-105086,80.4,Low Risk (Healthy),28,58.0,87.5,962,27,1,2.5,0,5.0
CUST-105087,81.1,Low Risk (Healthy),29,76.6,86.6,118,28,2,20.4,0,5.0
CUST-105088,84.2,Low Risk (Healthy),29,81.8,82.1,79,11,0,0.0,0,3.5
CUST-105089,17.1,High Risk (Critical),8,24.1,17.6,47,15,4,22.3,0,3.0
CUST-105090,31.3,High Risk (Critical),12,33.0,6.5,16,26,1,68.6,0,3.0
CUST-105091,5.0,High Risk (Critical),2,20.9,13.3,127,8,3,31.0,0,1.0
CUST-105092,6.8,High Risk (Critical),3,15.2,12.6,120,20,3,14.1,0,2.0
CUST-105093,15.0,High Risk (Critical),11,15.5,5.2,85,6,1,18.4,1,2.0
CUST-105094,16.9,High Risk (Critical),9,41.5,12.1,124,26,3,12.2,0,1.0
CUST-105095,34.8,High Risk (Critical),3,32.7,10.5,145,31,0,0.0,0,3.5
CUST-105096,5.0,High Risk (Critical),2,19.6,18.0,101,32,2,71.0,1,2.0
CUST-105097,87.9,Low Risk (Healthy),28,86.1,65.0,1365,26,1,10.4,0,5.0
CUST-105098,10.0,High Risk (Critical),13,17.5,4.5,101,6,1,36.4,1,1.0
CUST-105099,80.8,Low Risk (Healthy),29,76.8,29.8,2056,42,1,7.2,0,4.0
CUST-105100,5.0,High Risk (Critical),2,35.4,18.2,7,29,3,47.9,1,2.0
CUST-105101,21.8,High Risk (Critical),10,28.9,7.1,68,38,1,65.6,0,2.0
CUST-105102,5.0,High Risk (Critical),9,17.5,11.0,142,11,4,54.6,0,1.0
CUST-105103,5.0,High Risk (Critical),4,18.9,16.4,2,6,2,56.7,1,2.0
CUST-105104,52.0,Medium Risk (Warning),15,59.6,30.2,23,24,2,15.3,0,4.0
CUST-105105,10.8,High Risk (Critical),9,15.4,16.7,68,16,1,30.3,1,2.0
CUST-105106,16.4,High Risk (Critical),10,20.7,4.3,6,38,1,56.9,1,3.0
CUST-105107,5.0,High Risk (Critical),4,14.9,18.6,94,10,2,45.0,0,1.0
CUST-105108,44.5,High Risk (Critical),14,16.1,6.3,113,37,0,0.0,0,3.5
CUST-105109,16.4,High Risk (Critical),5,44.9,11.4,25,17,2,61.9,0,2.0
CUST-105110,67.3,Medium Risk (Warning),19,69.2,106.9,23,21,2,6.0,0,5.0
CUST-105111,5.0,High Risk (Critical),2,28.7,11.2,150,37,1,24.2,1,1.0
CUST-105112,83.6,Low Risk (Healthy),25,89.0,40.3,1853,17,1,19.6,0,5.0
CUST-105113,78.1,Low Risk (Healthy),24,83.7,42.3,2707,38,0,0.0,0,3.5
CUST-105114,16.3,High Risk (Critical),11,15.4,10.2,83,31,2,24.1,1,3.0
CUST-105115,5.0,High Risk (Critical),11,19.7,7.6,33,20,3,18.9,1,1.0
CUST-105116,12.9,High Risk (Critical),6,33.1,15.6,93,44,1,56.0,0,1.0
CUST-105117,12.2,High Risk (Critical),1,27.0,16.5,40,35,3,25.7,0,3.0
CUST-105118,5.0,High Risk (Critical),3,29.2,8.4,23,31,1,48.9,1,2.0
CUST-105119,20.7,High Risk (Critical),11,16.6,6.8,24,22,2,23.4,0,2.0
CUST-105120,81.1,Low Risk (Healthy),27,86.7,109.1,2400,41,2,23.2,0,5.0
CUST-105121,56.0,Medium Risk (Warning),17,51.6,79.4,1270,29,1,16.9,0,4.0
CUST-105122,5.0,High Risk (Critical),2,39.5,6.7,14,8,2,34.1,1,1.0
CUST-105123,62.1,Medium Risk (Warning),17,63.4,42.6,2556,15,2,12.4,0,5.0
CUST-105124,61.5,Medium Risk (Warning),17,59.4,97.2,31,23,0,0.0,0,3.5
CUST-105125,7.0,High Risk (Critical),2,22.7,13.9,89,37,3,67.6,0,3.0
CUST-105126,9.5,High Risk (Critical),5,18.6,17.8,11,29,3,69.6,0,3.0
CUST-105127,5.0,High Risk (Critical),1,30.2,22.0,13,28,2,22.7,1,1.0
CUST-105128,80.5,Low Risk (Healthy),27,78.3,76.3,5112,9,0,0.0,0,3.5
CUST-105129,5.0,High Risk (Critical),4,11.1,6.3,39,34,2,65.9,1,3.0
CUST-105130,40.4,High Risk (Critical),6,37.9,8.5,132,16,0,0.0,0,3.5
CUST-105131,22.9,High Risk (Critical),4,32.0,14.6,86,3,1,48.4,0,3.0
CUST-105132,75.3,Low Risk (Healthy),26,70.8,84.1,4205,8,1,4.5,0,4.0
CUST-105133,5.0,High Risk (Critical),5,17.8,6.5,59,9,3,49.7,0,1.0
CUST-105134,28.2,High Risk (Critical),12,40.9,5.6,54,40,1,64.4,0,2.0
CUST-105135,76.9,Low Risk (Healthy),29,50.4,58.9,1119,20,1,23.0,0,5.0
CUST-105136,38.4,High Risk (Critical),8,22.6,5.8,138,28,0,0.0,0,3.5
CUST-105137,71.7,Low Risk (Healthy),20,78.9,30.3,38,20,2,4.9,0,5.0
CUST-105138,75.5,Low Risk (Healthy),28,57.1,65.4,126,8,0,0.0,0,3.5
CUST-105139,46.4,Medium Risk (Warning),9,44.6,9.6,13,5,0,0.0,0,3.5
CUST-105140,73.9,Low Risk (Healthy),17,84.9,58.6,29,27,1,2.2,0,5.0
CUST-105141,5.9,High Risk (Critical),6,16.2,6.4,120,8,3,42.1,1,3.0
CUST-105142,66.4,Medium Risk (Warning),21,58.1,68.8,145,39,0,0.0,0,3.5
CUST-105143,19.8,High Risk (Critical),10,26.2,20.7,69,31,1,43.1,1,3.0
CUST-105144,32.6,High Risk (Critical),10,38.4,14.7,24,35,2,18.0,0,3.0
CUST-105145,22.6,High Risk (Critical),3,24.3,11.3,46,15,1,21.7,0,3.0
CUST-105146,79.3,Low Risk (Healthy),24,79.6,104.2,92,8,1,20.5,0,5.0
CUST-105147,5.0,High Risk (Critical),2,18.3,10.8,87,21,2,72.0,0,2.0
CUST-105148,15.9,High Risk (Critical),13,18.2,14.5,3,25,1,71.2,0,1.0
CUST-105149,80.4,Low Risk (Healthy),29,78.4,46.0,98,26,1,14.3,0,4.0
CUST-105150,39.0,High Risk (Critical),10,15.7,13.2,28,16,0,0.0,0,3.5
CUST-105151,5.0,High Risk (Critical),4,13.2,20.4,80,14,3,63.5,0,2.0
CUST-105152,13.2,High Risk (Critical),5,23.3,10.6,125,38,1,35.4,1,3.0
CUST-105153,76.8,Low Risk (Healthy),26,76.8,51.2,2099,6,2,23.5,0,5.0
CUST-105154,67.1,Medium Risk (Warning),18,78.9,75.3,19,35,1,4.7,0,4.0
CUST-105155,7.6,High Risk (Critical),3,17.1,14.1,113,19,1,44.2,1,3.0
CUST-105156,61.5,Medium Risk (Warning),19,50.6,107.3,15,24,0,0.0,0,3.5
CUST-105157,45.5,Medium Risk (Warning),13,23.8,15.8,40,40,0,0.0,0,3.5
CUST-105158,54.4,Medium Risk (Warning),15,64.0,77.7,123,30,2,6.6,0,4.0
CUST-105159,6.7,High Risk (Critical),2,25.5,4.1,111,22,1,45.2,0,1.0
CUST-105160,65.8,Medium Risk (Warning),22,51.5,104.8,111,5,0,0.0,0,3.5
CUST-105161,79.8,Low Risk (Healthy),28,85.5,64.0,143,4,3,9.3,0,5.0
CUST-105162,54.4,Medium Risk (Warning),16,51.7,83.6,92,23,1,19.2,0,4.0
CUST-105163,5.0,High Risk (Critical),7,16.7,15.7,85,43,2,49.3,1,2.0
CUST-105164,62.0,Medium Risk (Warning),20,76.1,29.9,35,4,2,3.6,0,3.5
CUST-105165,6.5,High Risk (Critical),7,14.0,18.7,30,28,3,55.6,1,3.0
CUST-105166,5.7,High Risk (Critical),11,33.4,7.0,91,24,3,26.9,1,1.0
CUST-105167,76.1,Low Risk (Healthy),25,72.5,98.6,26,14,0,0.0,0,3.5
CUST-105168,5.0,High Risk (Critical),6,44.1,4.4,63,10,4,44.0,1,1.0
CUST-105169,65.5,Medium Risk (Warning),23,66.4,61.2,31,22,1,16.7,0,3.5
CUST-105170,61.6,Medium Risk (Warning),16,56.2,46.0,144,42,1,20.8,0,5.0
CUST-105171,22.3,High Risk (Critical),9,14.1,17.9,54,27,1,15.3,0,2.0
CUST-105172,9.7,High Risk (Critical),11,11.2,15.0,18,10,2,18.9,1,2.0
CUST-105173,70.0,Low Risk (Healthy),27,65.7,81.7,4411,4,1,22.0,0,3.5
CUST-105174,57.8,Medium Risk (Warning),16,51.4,74.0,105,14,0,0.0,0,3.5
CUST-105175,42.4,High Risk (Critical),13,13.5,11.6,142,11,0,0.0,0,3.5
CUST-105176,71.7,Low Risk (Healthy),20,79.7,75.7,3482,5,2,6.8,0,5.0
CUST-105177,64.6,Medium Risk (Warning),18,84.6,40.7,1750,21,1,13.9,0,3.5
CUST-105178,5.0,High Risk (Critical),9,31.2,19.3,7,4,5,60.4,1,1.0
CUST-105179,23.1,High Risk (Critical),14,38.2,10.4,143,21,2,70.2,1,3.0
CUST-105180,5.0,High Risk (Critical),10,20.0,10.8,86,29,3,39.8,1,1.0
CUST-105181,71.4,Low Risk (Healthy),26,52.4,41.6,35,7,0,0.0,0,3.5
CUST-105182,42.7,High Risk (Critical),13,14.6,13.1,25,24,0,0.0,0,3.5
CUST-105183,23.4,High Risk (Critical),10,27.4,4.7,9,33,1,49.2,0,2.0
CUST-105184,64.4,Medium Risk (Warning),19,68.0,108.7,8696,2,1,10.9,0,4.0
CUST-105185,16.7,High Risk (Critical),1,36.8,5.1,66,5,2,45.4,0,3.0
CUST-105186,66.8,Medium Risk (Warning),17,92.1,37.7,92,43,1,4.2,0,3.5
CUST-105187,75.5,Low Risk (Healthy),22,84.0,27.1,2032,11,0,0.0,0,3.5
CUST-105188,5.0,High Risk (Critical),5,33.9,12.7,143,38,2,66.1,1,1.0
CUST-105189,46.2,Medium Risk (Warning),13,26.3,19.1,33,21,0,0.0,0,3.5
CUST-105190,84.6,Low Risk (Healthy),29,68.0,85.9,96,41,1,4.1,0,5.0
CUST-105191,70.6,Low Risk (Healthy),24,58.7,37.3,2685,10,0,0.0,0,3.5
CUST-105192,5.3,High Risk (Critical),4,32.2,7.8,136,8,4,45.9,0,2.0
CUST-105193,5.0,High Risk (Critical),6,10.1,8.4,91,10,1,69.8,0,1.0
CUST-105194,68.3,Medium Risk (Warning),21,64.4,84.0,2604,14,0,0.0,0,3.5
CUST-105195,78.9,Low Risk (Healthy),27,74.2,55.8,129,30,2,10.9,0,5.0
CUST-105196,72.6,Low Risk (Healthy),21,85.8,30.2,87,13,1,8.8,0,4.0
CUST-105197,68.2,Medium Risk (Warning),24,86.1,91.1,2095,23,2,21.1,0,3.5
CUST-105198,65.1,Medium Risk (Warning),19,62.5,94.2,66,45,0,0.0,0,3.5
CUST-105199,5.0,High Risk (Critical),4,42.4,17.7,137,38,2,53.6,1,1.0
CUST-105200,15.0,High Risk (Critical),6,35.8,6.3,26,28,1,13.9,1,2.0
CUST-105201,68.7,Medium Risk (Warning),26,83.9,53.4,65,36,5,9.4,0,5.0
CUST-105202,36.5,High Risk (Critical),6,25.0,10.2,35,45,0,0.0,0,3.5
CUST-105203,83.4,Low Risk (Healthy),26,92.5,40.5,63,27,0,0.0,0,3.5
CUST-105204,68.4,Medium Risk (Warning),19,73.4,77.3,4560,32,0,0.0,0,3.5
CUST-105205,38.6,High Risk (Critical),5,36.4,15.8,3,26,0,0.0,0,3.5
CUST-105206,44.0,High Risk (Critical),10,32.3,17.1,61,12,0,0.0,0,3.5
CUST-105207,81.6,Low Risk (Healthy),27,82.1,70.8,5593,8,0,0.0,0,3.5
CUST-105208,37.0,High Risk (Critical),9,13.2,6.2,106,40,0,0.0,0,3.5
CUST-105209,8.4,High Risk (Critical),5,26.9,9.9,124,26,3,50.9,0,2.0
CUST-105210,67.1,Medium Risk (Warning),22,62.2,65.1,5208,29,2,23.1,0,5.0
CUST-105211,25.3,High Risk (Critical),6,32.9,6.7,8,3,2,20.8,0,3.0
CUST-105212,28.9,High Risk (Critical),14,43.8,9.6,132,21,2,23.6,1,3.0
CUST-105213,21.1,High Risk (Critical),10,23.8,13.8,126,28,2,26.6,0,2.0
CUST-105214,37.2,High Risk (Critical),9,14.1,12.2,124,4,0,0.0,0,3.5
CUST-105215,6.8,High Risk (Critical),5,18.9,15.0,46,24,2,44.5,1,3.0
CUST-105216,79.6,Low Risk (Healthy),27,86.5,103.0,0,39,3,2.7,0,5.0
CUST-105217,61.6,Medium Risk (Warning),16,69.2,68.8,3233,6,2,20.1,0,5.0
CUST-105218,10.8,High Risk (Critical),4,11.3,11.2,1,1,1,15.5,1,3.0
CUST-105219,74.5,Low Risk (Healthy),28,53.8,66.3,135,33,0,0.0,0,3.5
CUST-105220,55.7,Medium Risk (Warning),16,78.8,55.8,7,12,3,10.2,0,4.0
CUST-105221,77.1,Low Risk (Healthy),26,64.0,100.9,1210,36,1,22.4,0,5.0
CUST-105222,5.0,High Risk (Critical),2,14.7,4.6,85,0,2,34.6,1,2.0
CUST-105223,77.8,Low Risk (Healthy),26,65.0,109.1,73,37,1,19.3,0,5.0
CUST-105224,9.6,High Risk (Critical),3,21.5,13.5,91,16,1,70.9,0,2.0
CUST-105225,18.8,High Risk (Critical),10,10.5,12.2,31,37,1,45.8,0,2.0
CUST-105226,75.0,Low Risk (Healthy),26,72.7,58.7,92,14,1,12.0,0,4.0
CUST-105227,88.2,Low Risk (Healthy),29,83.4,30.5,126,4,1,11.7,0,5.0
CUST-105228,21.9,High Risk (Critical),9,41.3,4.0,32,1,1,52.1,1,3.0
CUST-105229,69.8,Medium Risk (Warning),17,87.1,74.1,118,39,0,0.0,0,3.5
CUST-105230,81.9,Low Risk (Healthy),29,63.4,81.3,6422,21,1,14.1,0,5.0
CUST-105231,60.1,Medium Risk (Warning),16,59.3,74.3,136,27,0,0.0,0,3.5
CUST-105232,5.0,High Risk (Critical),3,18.0,17.1,66,21,5,58.5,0,3.0
CUST-105233,27.9,High Risk (Critical),9,44.8,8.1,108,31,1,12.4,1,3.0
CUST-105234,5.0,High Risk (Critical),10,30.6,6.9,107,15,2,66.1,1,1.0
CUST-105235,6.8,High Risk (Critical),6,34.3,7.6,9,3,3,12.2,1,2.0
CUST-105236,73.7,Low Risk (Healthy),27,55.6,37.3,125,39,0,0.0,0,3.5
CUST-105237,69.0,Medium Risk (Warning),19,75.6,50.7,107,18,0,0.0,0,3.5
CUST-105238,5.0,High Risk (Critical),1,12.4,20.8,97,44,2,13.6,0,1.0
CUST-105239,68.8,Medium Risk (Warning),23,57.2,74.1,1482,26,0,0.0,0,3.5
CUST-105240,11.6,High Risk (Critical),4,29.0,6.6,92,34,2,19.2,1,3.0
CUST-105241,37.2,High Risk (Critical),4,36.3,17.8,81,13,0,0.0,0,3.5
CUST-105242,48.4,Medium Risk (Warning),12,38.0,15.4,60,38,0,0.0,0,3.5
CUST-105243,13.8,High Risk (Critical),5,41.9,16.3,65,20,2,27.2,0,1.0
CUST-105244,9.3,High Risk (Critical),7,43.1,17.7,111,38,7,34.4,1,2.0
CUST-105245,19.9,High Risk (Critical),9,27.9,18.8,16,26,3,51.9,0,3.0
CUST-105246,71.3,Low Risk (Healthy),17,85.0,65.5,104,24,1,22.8,0,5.0
CUST-105247,5.0,High Risk (Critical),3,23.0,11.3,42,6,1,34.1,1,2.0
CUST-105248,6.9,High Risk (Critical),8,10.9,13.0,108,32,3,35.1,1,3.0
CUST-105249,64.1,Medium Risk (Warning),16,61.5,67.0,2479,8,1,13.8,0,5.0
CUST-105250,61.7,Medium Risk (Warning),22,61.5,41.9,2555,28,2,17.0,0,4.0
CUST-105251,42.2,High Risk (Critical),10,26.1,21.9,69,13,0,0.0,0,3.5
CUST-105252,65.8,Medium Risk (Warning),20,73.2,25.4,660,39,1,22.3,0,4.0
CUST-105253,48.0,Medium Risk (Warning),12,36.6,15.8,88,22,0,0.0,0,3.5
CUST-105254,71.7,Low Risk (Healthy),17,93.2,55.6,41,22,2,7.5,0,5.0
CUST-105255,10.7,High Risk (Critical),5,33.9,14.0,126,17,4,65.0,0,3.0
CUST-105256,69.7,Medium Risk (Warning),27,62.9,39.5,1264,35,2,9.1,0,4.0
CUST-105257,57.8,Medium Risk (Warning),16,66.6,36.9,2324,38,1,4.3,0,3.5
CUST-105258,68.1,Medium Risk (Warning),24,64.7,35.5,115,2,1,2.3,0,3.5
CUST-105259,66.8,Medium Risk (Warning),23,61.5,101.6,54,2,1,18.8,0,4.0
CUST-105260,75.5,Low Risk (Healthy),23,79.5,94.8,5688,27,0,0.0,0,3.5
CUST-105261,65.8,Medium Risk (Warning),22,87.3,99.4,4572,8,3,13.7,0,4.0
CUST-105262,40.6,High Risk (Critical),8,29.7,12.1,130,9,0,0.0,0,3.5
CUST-105263,63.0,Medium Risk (Warning),20,51.0,108.6,68,42,0,0.0,0,3.5
CUST-105264,5.7,High Risk (Critical),6,12.4,6.1,92,32,2,32.2,0,1.0
CUST-105265,68.7,Medium Risk (Warning),16,87.8,89.7,29,35,0,0.0,0,3.5
CUST-105266,80.4,Low Risk (Healthy),29,69.1,104.3,1564,28,0,0.0,0,3.5
CUST-105267,60.8,Medium Risk (Warning),21,57.7,95.4,1526,17,1,12.0,0,3.5
CUST-105268,73.7,Low Risk (Healthy),27,55.8,30.1,1505,8,0,0.0,0,3.5
CUST-105269,19.0,High Risk (Critical),4,32.8,10.9,31,43,1,33.5,0,2.0
CUST-105270,21.1,High Risk (Critical),7,25.1,17.8,39,22,2,46.5,0,3.0
CUST-105271,5.0,High Risk (Critical),7,18.1,10.4,137,18,4,32.4,1,2.0
CUST-105272,8.0,High Risk (Critical),7,14.4,17.9,19,8,3,45.3,0,2.0
CUST-105273,44.9,High Risk (Critical),14,17.5,7.9,11,41,0,0.0,0,3.5
CUST-105274,19.9,High Risk (Critical),14,27.3,8.8,140,42,3,36.9,1,3.0
CUST-105275,22.5,High Risk (Critical),7,29.8,10.4,110,44,1,30.4,0,2.0
CUST-105276,7.1,High Risk (Critical),3,40.4,20.2,96,22,2,23.8,1,2.0
CUST-105277,62.2,Medium Risk (Warning),23,70.1,66.4,3652,21,3,12.1,0,4.0
CUST-105278,77.9,Low Risk (Healthy),24,83.0,35.5,61,45,0,0.0,0,3.5
CUST-105279,56.5,Medium Risk (Warning),15,51.6,52.2,1983,18,0,0.0,0,3.5
CUST-105280,7.9,High Risk (Critical),7,11.6,16.4,137,25,1,23.6,1,2.0
CUST-105281,65.1,Medium Risk (Warning),15,80.2,98.5,3644,9,0,0.0,0,3.5
CUST-105282,48.1,Medium Risk (Warning),12,37.1,13.5,32,27,0,0.0,0,3.5
CUST-105283,73.5,Low Risk (Healthy),28,69.5,77.8,3267,14,1,13.8,0,3.5
CUST-105284,25.6,High Risk (Critical),10,13.1,20.1,130,17,2,13.7,0,3.0
CUST-105285,14.2,High Risk (Critical),10,41.7,7.4,136,43,2,45.0,1,2.0
CUST-105286,73.9,Low Risk (Healthy),19,91.9,44.5,44,21,0,0.0,0,3.5
CUST-105287,34.2,High Risk (Critical),14,39.1,8.7,52,28,2,49.9,0,3.0
CUST-105288,10.8,High Risk (Critical),8,33.9,10.9,14,20,2,64.5,0,1.0
CUST-105289,31.8,High Risk (Critical),5,13.9,14.1,142,18,0,0.0,0,3.5
CUST-105290,14.4,High Risk (Critical),2,33.9,7.9,131,17,2,19.3,0,2.0
CUST-105291,5.0,High Risk (Critical),1,44.5,17.5,15,1,2,13.1,1,1.0
CUST-105292,78.4,Low Risk (Healthy),22,93.6,80.6,143,29,0,0.0,0,3.5
CUST-105293,14.9,High Risk (Critical),5,23.6,19.4,106,35,3,38.8,0,3.0
CUST-105294,87.7,Low Risk (Healthy),29,93.4,97.5,4095,29,0,0.0,0,3.5
CUST-105295,8.2,High Risk (Critical),1,32.4,7.6,70,27,3,23.1,0,2.0
CUST-105296,62.2,Medium Risk (Warning),18,57.2,76.2,89,3,0,0.0,0,3.5
CUST-105297,5.0,High Risk (Critical),1,17.5,18.8,110,0,2,29.3,1,2.0
CUST-105298,78.7,Low Risk (Healthy),28,93.4,103.7,92,3,2,21.3,0,4.0
CUST-105299,60.5,Medium Risk (Warning),16,60.7,103.2,31,4,0,0.0,0,3.5
CUST-105300,64.4,Medium Risk (Warning),21,50.2,30.8,5,5,2,5.3,0,5.0
CUST-105301,68.7,Medium Risk (Warning),22,61.2,81.0,53,1,0,0.0,0,3.5
CUST-105302,10.9,High Risk (Critical),13,29.4,4.9,118,41,4,41.7,0,1.0
CUST-105303,12.9,High Risk (Critical),11,39.6,9.4,45,13,1,44.8,1,1.0
CUST-105304,40.1,High Risk (Critical),6,37.1,13.0,144,34,0,0.0,0,3.5
CUST-105305,71.9,Low Risk (Healthy),17,94.0,89.2,28,25,0,0.0,0,3.5
CUST-105306,68.5,Medium Risk (Warning),20,94.0,44.1,82,15,2,18.8,0,4.0
CUST-105307,68.0,Medium Risk (Warning),21,63.5,39.6,3128,16,0,0.0,0,3.5
CUST-105308,17.9,High Risk (Critical),13,42.7,8.6,131,16,1,33.8,1,1.0
CUST-105309,51.4,Medium Risk (Warning),15,51.9,71.7,92,31,3,17.3,0,5.0
CUST-105310,5.0,High Risk (Critical),5,15.1,20.3,68,39,3,55.7,1,2.0
CUST-105311,13.6,High Risk (Critical),9,39.5,15.7,75,11,3,33.8,0,1.0
CUST-105312,37.0,High Risk (Critical),9,13.2,20.7,26,40,0,0.0,0,3.5
CUST-105313,78.7,Low Risk (Healthy),25,69.8,68.2,1432,44,1,12.4,0,5.0
CUST-105314,12.5,High Risk (Critical),10,40.6,4.4,119,33,4,61.3,1,2.0
CUST-105315,35.1,High Risk (Critical),3,33.7,6.1,84,3,0,0.0,0,3.5
CUST-105316,68.5,Medium Risk (Warning),17,73.4,41.7,1751,29,1,17.7,0,5.0
CUST-105317,63.1,Medium Risk (Warning),16,69.3,62.3,1246,28,0,0.0,0,3.5
CUST-105318,11.3,High Risk (Critical),11,35.3,11.4,31,39,2,16.0,1,1.0
CUST-105319,74.2,Low Risk (Healthy),27,72.0,69.1,103,10,1,3.0,0,3.5
CUST-105320,17.1,High Risk (Critical),9,20.9,17.8,145,30,1,41.6,1,3.0
CUST-105321,8.7,High Risk (Critical),7,10.1,18.0,18,37,1,45.4,0,1.0
CUST-105322,63.1,Medium Risk (Warning),17,64.7,88.2,147,7,0,0.0,0,3.5
CUST-105323,5.0,High Risk (Critical),2,20.6,21.9,11,18,3,62.5,0,2.0
CUST-105324,71.5,Low Risk (Healthy),17,82.7,107.6,7424,13,1,15.9,0,5.0
CUST-105325,31.5,High Risk (Critical),14,19.2,18.3,12,35,2,23.2,0,3.0
CUST-105326,65.8,Medium Risk (Warning),20,60.6,58.9,54,37,0,0.0,0,3.5
CUST-105327,55.5,Medium Risk (Warning),18,54.1,82.8,72,28,2,5.5,0,4.0
CUST-105328,14.3,High Risk (Critical),4,25.4,12.1,132,40,2,21.5,0,2.0
CUST-105329,59.5,Medium Risk (Warning),16,76.6,41.2,2925,39,1,14.6,0,3.5
CUST-105330,69.1,Medium Risk (Warning),18,80.3,80.7,0,14,0,0.0,0,3.5
CUST-105331,17.7,High Risk (Critical),7,23.3,4.7,17,29,2,21.1,0,2.0
CUST-105332,12.9,High Risk (Critical),4,29.2,14.0,114,11,3,57.5,0,3.0
CUST-105333,14.5,High Risk (Critical),6,36.1,16.3,1,39,4,50.5,0,3.0
CUST-105334,5.8,High Risk (Critical),11,33.9,19.0,98,19,3,63.9,1,1.0
CUST-105335,73.0,Low Risk (Healthy),27,53.2,96.8,66,22,0,0.0,0,3.5
CUST-105336,5.0,High Risk (Critical),4,16.1,5.0,93,30,2,26.3,1,2.0
CUST-105337,68.5,Medium Risk (Warning),25,66.7,74.5,5140,0,2,6.8,0,4.0
CUST-105338,67.1,Medium Risk (Warning),16,82.6,59.8,45,5,0,0.0,0,3.5
CUST-105339,11.5,High Risk (Critical),6,34.9,17.1,19,29,4,68.3,1,3.0
CUST-105340,68.9,Medium Risk (Warning),15,93.1,34.6,4,31,0,0.0,0,3.5
CUST-105341,5.0,High Risk (Critical),7,12.0,10.4,43,33,3,59.3,0,1.0
CUST-105342,18.2,High Risk (Critical),2,37.2,21.0,50,2,2,44.9,0,3.0
CUST-105343,80.7,Low Risk (Healthy),26,83.4,90.8,104,44,0,0.0,0,3.5
CUST-105344,6.0,High Risk (Critical),6,12.2,19.6,20,4,2,45.6,1,3.0
CUST-105345,68.9,Medium Risk (Warning),22,62.0,32.2,106,41,0,0.0,0,3.5
CUST-105346,72.5,Low Risk (Healthy),21,78.3,79.0,142,10,0,0.0,0,3.5
CUST-105347,5.0,High Risk (Critical),5,22.2,18.2,25,18,1,52.4,1,2.0
CUST-105348,72.6,Low Risk (Healthy),26,93.2,52.0,94,21,3,16.2,0,4.0
CUST-105349,18.8,High Risk (Critical),14,35.8,9.6,100,9,5,21.0,0,2.0
CUST-105350,5.9,High Risk (Critical),3,16.3,18.3,8,8,2,55.9,0,2.0
CUST-105351,64.5,Medium Risk (Warning),15,78.3,73.8,101,33,0,0.0,0,3.5
CUST-105352,22.3,High Risk (Critical),10,31.0,5.5,25,30,1,66.3,0,2.0
CUST-105353,5.0,High Risk (Critical),2,42.1,19.7,116,28,3,55.6,0,1.0
CUST-105354,16.7,High Risk (Critical),5,15.7,17.1,108,26,2,37.3,0,3.0
CUST-105355,5.0,High Risk (Critical),7,17.2,10.5,31,22,2,71.9,1,1.0
CUST-105356,82.8,Low Risk (Healthy),26,94.5,97.9,6950,4,2,18.0,0,5.0
CUST-105357,49.5,Medium Risk (Warning),14,32.8,19.3,102,23,0,0.0,0,3.5
CUST-105358,10.1,High Risk (Critical),8,28.1,5.8,108,8,2,23.6,1,2.0
CUST-105359,13.0,High Risk (Critical),13,18.8,21.4,115,8,1,64.0,1,2.0
CUST-105360,48.2,Medium Risk (Warning),12,37.5,15.8,129,39,0,0.0,0,3.5
CUST-105361,12.0,High Risk (Critical),14,41.2,21.5,119,38,2,70.3,1,1.0
CUST-105362,19.0,High Risk (Critical),12,45.0,12.9,148,4,1,19.7,1,1.0
CUST-105363,5.0,High Risk (Critical),7,36.6,17.5,114,13,3,33.0,1,1.0
CUST-105364,24.4,High Risk (Critical),6,14.6,19.5,16,8,1,15.8,0,3.0
CUST-105365,77.5,Low Risk (Healthy),26,72.9,26.7,2029,24,0,0.0,0,3.5
CUST-105366,71.3,Low Risk (Healthy),17,92.0,83.3,127,13,0,0.0,0,3.5
CUST-105367,67.7,Medium Risk (Warning),23,76.6,61.1,4582,26,2,15.8,0,4.0
CUST-105368,5.0,High Risk (Critical),2,26.9,15.1,115,3,2,35.8,1,1.0
CUST-105369,5.0,High Risk (Critical),2,15.8,18.5,30,28,3,31.0,0,2.0
CUST-105370,6.1,High Risk (Critical),1,14.5,16.7,74,7,1,28.6,1,3.0
CUST-105371,74.1,Low Risk (Healthy),24,89.1,69.0,1,15,2,4.7,0,4.0
CUST-105372,5.0,High Risk (Critical),4,28.8,8.1,129,7,1,57.6,1,2.0
CUST-105373,70.3,Low Risk (Healthy),16,93.2,62.8,68,20,0,0.0,0,3.5
CUST-105374,16.2,High Risk (Critical),9,29.7,6.4,71,14,1,53.8,0,1.0
CUST-105375,26.8,High Risk (Critical),12,31.8,18.6,141,27,3,38.2,0,3.0
CUST-105376,76.2,Low Risk (Healthy),28,66.0,34.9,2687,11,1,7.1,0,4.0
CUST-105377,68.5,Medium Risk (Warning),23,56.2,73.5,3087,25,0,0.0,0,3.5
CUST-105378,6.1,High Risk (Critical),5,18.7,10.3,79,35,1,65.1,0,1.0
CUST-105379,24.2,High Risk (Critical),14,27.6,8.2,50,45,1,37.8,0,1.0
CUST-105380,34.5,High Risk (Critical),2,36.2,19.0,32,32,0,0.0,0,3.5
CUST-105381,40.9,High Risk (Critical),5,44.0,12.3,75,23,0,0.0,0,3.5
CUST-105382,66.3,Medium Risk (Warning),26,50.1,29.4,1558,15,1,3.2,0,3.5
CUST-105383,32.3,High Risk (Critical),5,15.3,13.5,64,38,0,0.0,0,3.5
CUST-105384,19.3,High Risk (Critical),8,29.2,20.9,20,18,1,64.8,0,2.0
CUST-105385,5.0,High Risk (Critical),1,16.2,21.2,71,39,2,49.4,1,1.0
CUST-105386,5.0,High Risk (Critical),10,26.4,4.3,23,35,5,69.0,1,1.0
CUST-105387,10.6,High Risk (Critical),3,12.2,18.5,5,33,2,56.4,0,3.0
CUST-105388,71.8,Low Risk (Healthy),27,71.9,87.5,4637,13,2,14.3,0,4.0
CUST-105389,10.2,High Risk (Critical),9,17.2,15.0,117,22,5,42.0,1,3.0
CUST-105390,47.6,Medium Risk (Warning),10,44.2,7.3,75,5,0,0.0,0,3.5
CUST-105391,76.3,Low Risk (Healthy),19,87.6,107.1,1606,31,1,10.6,0,5.0
CUST-105392,59.9,Medium Risk (Warning),16,58.4,66.7,2934,8,0,0.0,0,3.5
CUST-105393,15.7,High Risk (Critical),5,33.9,6.0,87,12,3,56.8,0,3.0
CUST-105394,29.7,High Risk (Critical),9,32.0,10.1,87,19,1,47.0,0,3.0
CUST-105395,10.3,High Risk (Critical),2,27.8,21.0,78,16,1,21.8,0,1.0
CUST-105396,17.7,High Risk (Critical),7,35.3,10.4,53,16,4,34.0,0,3.0
CUST-105397,42.9,High Risk (Critical),9,33.0,10.5,86,30,0,0.0,0,3.5
CUST-105398,7.9,High Risk (Critical),8,14.0,15.6,145,21,3,45.3,1,3.0
CUST-105399,78.6,Low Risk (Healthy),22,94.1,86.6,31,1,0,0.0,0,3.5
CUST-105400,27.0,High Risk (Critical),2,11.1,11.4,129,14,0,0.0,0,3.5
CUST-105401,72.7,Low Risk (Healthy),21,79.1,73.9,1182,45,0,0.0,0,3.5
CUST-105402,60.3,Medium Risk (Warning),16,63.9,52.8,53,44,2,17.3,0,5.0
CUST-105403,78.3,Low Risk (Healthy),26,81.8,95.2,78,28,2,22.9,0,5.0
CUST-105404,66.0,Medium Risk (Warning),25,60.8,64.4,1030,9,2,12.2,0,4.0
CUST-105405,39.8,High Risk (Critical),4,45.0,7.3,61,31,0,0.0,0,3.5
CUST-105406,5.0,High Risk (Critical),11,30.4,16.1,113,7,2,61.3,1,1.0
CUST-105407,78.9,Low Risk (Healthy),24,86.3,100.1,38,40,0,0.0,0,3.5
CUST-105408,7.2,High Risk (Critical),2,38.5,21.8,112,15,4,40.9,1,3.0
CUST-105409,10.4,High Risk (Critical),2,40.7,20.5,76,14,4,51.5,0,3.0
CUST-105410,15.4,High Risk (Critical),12,21.4,20.7,44,23,5,67.1,1,3.0
CUST-105411,69.8,Medium Risk (Warning),23,60.6,56.4,63,19,0,0.0,0,3.5
CUST-105412,57.8,Medium Risk (Warning),15,55.9,48.5,113,34,2,7.8,0,5.0
CUST-105413,32.3,High Risk (Critical),4,20.0,21.7,49,42,0,0.0,0,3.5
CUST-105414,74.9,Low Risk (Healthy),21,86.3,70.4,2745,24,0,0.0,0,3.5
CUST-105415,70.1,Low Risk (Healthy),23,78.4,56.4,3722,14,1,8.3,0,3.5
CUST-105416,43.6,High Risk (Critical),7,44.2,7.9,131,28,0,0.0,0,3.5
CUST-105417,54.0,Medium Risk (Warning),18,55.5,27.4,142,27,2,20.9,0,4.0
CUST-105418,7.2,High Risk (Critical),3,35.9,16.5,4,36,4,28.8,0,2.0
CUST-105419,47.5,Medium Risk (Warning),13,30.4,19.7,105,18,0,0.0,0,3.5
CUST-105420,5.0,High Risk (Critical),4,28.4,19.7,115,8,3,32.5,0,1.0
CUST-105421,60.9,Medium Risk (Warning),19,52.5,35.4,47,43,2,17.6,0,5.0
CUST-105422,8.9,High Risk (Critical),4,35.1,10.0,12,1,3,30.2,1,3.0
CUST-105423,52.8,Medium Risk (Warning),14,43.8,21.5,122,10,0,0.0,0,3.5
CUST-105424,65.9,Medium Risk (Warning),22,81.0,66.1,9,26,2,5.7,0,3.5
CUST-105425,62.0,Medium Risk (Warning),19,75.6,29.8,43,4,1,24.0,0,3.5
CUST-105426,23.0,High Risk (Critical),10,29.9,6.5,32,6,1,58.2,0,2.0
CUST-105427,16.3,High Risk (Critical),6,34.9,14.8,31,0,3,17.2,0,2.0
CUST-105428,75.4,Low Risk (Healthy),23,79.0,40.0,54,12,0,0.0,0,3.5
CUST-105429,61.7,Medium Risk (Warning),17,69.9,74.3,3046,3,1,15.5,0,4.0
CUST-105430,55.5,Medium Risk (Warning),19,59.6,74.5,76,3,2,5.7,0,3.5
CUST-105431,16.7,High Risk (Critical),10,41.6,19.3,147,44,2,24.6,1,2.0
CUST-105432,77.3,Low Risk (Healthy),23,85.3,73.8,37,26,0,0.0,0,3.5
CUST-105433,44.2,High Risk (Critical),12,24.0,20.9,82,35,0,0.0,0,3.5
CUST-105434,12.5,High Risk (Critical),6,38.4,17.7,131,30,2,67.5,1,3.0
CUST-105435,81.6,Low Risk (Healthy),29,78.6,28.1,148,20,2,21.3,0,5.0
CUST-105436,5.0,High Risk (Critical),2,11.6,21.2,126,42,2,19.9,0,1.0
CUST-105437,7.7,High Risk (Critical),12,35.7,20.9,146,39,2,69.3,1,1.0
CUST-105438,9.3,High Risk (Critical),8,28.5,20.8,18,5,1,63.2,1,2.0
CUST-105439,71.8,Low Risk (Healthy),21,92.5,38.5,89,2,1,7.7,0,3.5
CUST-105440,9.3,High Risk (Critical),13,16.4,13.2,134,6,2,56.5,1,2.0
CUST-105441,13.6,High Risk (Critical),1,28.6,17.1,40,39,2,50.6,0,3.0
CUST-105442,70.3,Low Risk (Healthy),26,70.5,51.8,124,8,2,12.4,0,4.0
CUST-105443,68.4,Medium Risk (Warning),24,72.3,65.2,3064,21,2,10.4,0,4.0
CUST-105444,9.2,High Risk (Critical),6,10.3,8.0,51,31,3,15.4,0,2.0
CUST-105445,81.4,Low Risk (Healthy),26,85.8,101.6,57,32,0,0.0,0,3.5
CUST-105446,24.6,High Risk (Critical),6,39.1,15.9,85,8,1,25.1,0,2.0
CUST-105447,30.4,High Risk (Critical),3,18.0,12.9,31,0,0,0.0,0,3.5
CUST-105448,28.1,High Risk (Critical),2,14.8,9.9,101,30,0,0.0,0,3.5
CUST-105449,5.0,High Risk (Critical),3,34.0,14.7,29,45,2,23.0,1,1.0
CUST-105450,16.2,High Risk (Critical),14,11.8,10.0,63,24,2,47.9,1,3.0
CUST-105451,14.0,High Risk (Critical),6,21.4,19.9,118,26,1,35.2,1,3.0
CUST-105452,79.9,Low Risk (Healthy),25,85.1,40.1,120,22,0,0.0,0,3.5
CUST-105453,74.2,Low Risk (Healthy),27,57.4,74.6,131,4,0,0.0,0,3.5
CUST-105454,70.4,Low Risk (Healthy),21,71.2,37.2,2938,11,0,0.0,0,3.5
CUST-105455,53.6,Medium Risk (Warning),16,85.3,109.2,42,2,4,10.2,0,4.0
CUST-105456,24.3,High Risk (Critical),14,20.1,8.0,66,43,1,19.4,0,1.0
CUST-105457,81.1,Low Risk (Healthy),24,93.8,84.6,1945,43,0,0.0,0,3.5
CUST-105458,52.4,Medium Risk (Warning),16,72.2,83.9,58,34,3,21.1,0,4.0
CUST-105459,65.3,Medium Risk (Warning),18,54.1,87.9,8,34,1,7.1,0,5.0
CUST-105460,70.2,Low Risk (Healthy),26,68.0,56.8,20,34,2,7.1,0,4.0
CUST-105461,60.0,Medium Risk (Warning),17,54.4,105.6,0,44,0,0.0,0,3.5
CUST-105462,63.7,Medium Risk (Warning),17,64.8,68.5,46,29,2,3.1,0,5.0
CUST-105463,5.0,High Risk (Critical),1,27.4,21.5,82,35,5,16.0,1,3.0
CUST-105464,9.7,High Risk (Critical),9,15.6,13.2,42,35,5,39.4,1,3.0
CUST-105465,30.5,High Risk (Critical),1,27.1,4.3,62,37,0,0.0,0,3.5
CUST-105466,72.8,Low Risk (Healthy),24,66.1,72.2,55,10,0,0.0,0,3.5
CUST-105467,66.3,Medium Risk (Warning),17,67.8,41.1,945,37,1,21.7,0,5.0
CUST-105468,6.8,High Risk (Critical),6,15.4,9.4,97,19,1,30.6,1,2.0
CUST-105469,49.8,Medium Risk (Warning),12,42.6,5.9,36,34,0,0.0,0,3.5
CUST-105470,66.3,Medium Risk (Warning),22,53.3,81.5,1059,38,0,0.0,0,3.5
CUST-105471,7.5,High Risk (Critical),1,10.5,7.2,128,4,1,39.7,0,2.0
CUST-105472,34.2,High Risk (Critical),2,35.2,9.1,103,27,0,0.0,0,3.5
CUST-105473,19.7,High Risk (Critical),8,28.2,11.7,13,11,1,59.4,0,2.0
CUST-105474,61.4,Medium Risk (Warning),18,79.4,71.3,102,34,2,19.7,0,4.0
CUST-105475,77.9,Low Risk (Healthy),26,80.7,94.4,100,27,2,23.7,0,5.0
CUST-105476,67.6,Medium Risk (Warning),20,66.6,65.0,131,36,0,0.0,0,3.5
CUST-105477,18.5,High Risk (Critical),10,37.6,12.1,58,38,1,33.0,1,2.0
CUST-105478,45.3,Medium Risk (Warning),14,18.9,5.5,142,43,0,0.0,0,3.5
CUST-105479,8.0,High Risk (Critical),11,40.0,19.9,129,34,3,21.1,1,1.0
CUST-105480,36.9,High Risk (Critical),14,36.6,12.5,10,7,1,53.9,0,3.0
CUST-105481,69.3,Medium Risk (Warning),17,94.7,46.4,134,23,1,14.5,0,4.0
CUST-105482,65.6,Medium Risk (Warning),24,54.1,30.7,1442,21,1,20.9,0,4.0
CUST-105483,5.0,High Risk (Critical),4,13.0,11.4,27,15,2,56.9,1,2.0
CUST-105484,30.2,High Risk (Critical),3,17.4,21.3,111,28,0,0.0,0,3.5
CUST-105485,72.2,Low Risk (Healthy),19,86.3,57.0,1482,41,0,0.0,0,3.5
CUST-105486,23.8,High Risk (Critical),13,23.8,20.7,126,30,1,37.6,1,3.0
CUST-105487,11.1,High Risk (Critical),7,41.9,6.1,82,37,4,54.3,0,2.0
CUST-105488,28.7,High Risk (Critical),11,40.6,18.3,39,21,3,33.5,0,3.0
CUST-105489,73.4,Low Risk (Healthy),19,90.3,72.8,121,43,0,0.0,0,3.5
CUST-105490,77.9,Low Risk (Healthy),24,72.6,42.9,135,42,1,15.3,0,5.0
CUST-105491,5.0,High Risk (Critical),3,33.0,20.1,82,25,4,49.3,1,2.0
CUST-105492,46.4,Medium Risk (Warning),9,44.6,8.7,69,9,0,0.0,0,3.5
CUST-105493,15.6,High Risk (Critical),9,28.9,20.6,20,41,3,40.4,0,2.0
CUST-105494,5.0,High Risk (Critical),1,23.1,7.4,136,11,4,39.5,1,1.0
CUST-105495,6.1,High Risk (Critical),9,27.0,18.6,146,5,2,16.2,1,1.0
CUST-105496,73.5,Low Risk (Healthy),24,87.8,45.3,3533,37,2,6.8,0,4.0
CUST-105497,12.1,High Risk (Critical),8,29.9,7.2,142,12,2,44.3,0,1.0
CUST-105498,5.0,High Risk (Critical),1,18.8,7.9,45,31,4,65.6,0,1.0
CUST-105499,60.8,Medium Risk (Warning),15,86.0,48.7,3506,2,2,8.2,0,4.0
CUST-105500,70.7,Low Risk (Healthy),24,59.1,107.9,70,39,0,0.0,0,3.5
CUST-105501,30.2,High Risk (Critical),13,34.0,7.8,21,7,2,58.7,0,3.0
CUST-105502,7.2,High Risk (Critical),1,28.7,11.0,51,21,3,21.6,0,2.0
CUST-105503,32.4,High Risk (Critical),4,20.1,5.9,92,23,0,0.0,0,3.5
CUST-105504,22.5,High Risk (Critical),14,12.1,11.7,120,8,2,30.2,0,2.0
CUST-105505,5.0,High Risk (Critical),6,36.9,16.6,1,2,3,56.5,1,1.0
CUST-105506,31.8,High Risk (Critical),14,21.5,21.0,94,16,2,26.5,0,3.0
CUST-105507,80.8,Low Risk (Healthy),24,92.6,88.8,64,26,0,0.0,0,3.5
CUST-105508,12.6,High Risk (Critical),10,15.0,8.8,11,13,2,25.5,0,1.0
CUST-105509,61.7,Medium Risk (Warning),17,84.4,29.3,51,43,2,18.0,0,4.0
CUST-105510,68.0,Medium Risk (Warning),24,50.1,33.8,18,13,0,0.0,0,3.5
CUST-105511,5.0,High Risk (Critical),3,11.3,21.3,125,34,3,54.9,0,2.0
CUST-105512,72.1,Low Risk (Healthy),24,68.7,54.5,107,38,1,4.1,0,4.0
CUST-105513,5.5,High Risk (Critical),8,14.9,11.3,17,7,2,61.2,0,1.0
CUST-105514,68.7,Medium Risk (Warning),20,60.4,82.5,4950,16,1,16.9,0,5.0
CUST-105515,50.8,Medium Risk (Warning),13,41.5,13.1,43,28,0,0.0,0,3.5
CUST-105516,66.8,Medium Risk (Warning),24,58.8,62.8,26,0,1,22.6,0,4.0
CUST-105517,5.0,High Risk (Critical),10,22.0,4.4,129,21,3,71.4,0,1.0
CUST-105518,86.5,Low Risk (Healthy),25,91.7,86.7,40,7,1,2.9,0,5.0
CUST-105519,76.8,Low Risk (Healthy),23,83.7,65.8,6,38,0,0.0,0,3.5
CUST-105520,18.0,High Risk (Critical),2,26.9,5.2,150,12,1,53.5,0,3.0
CUST-105521,81.8,Low Risk (Healthy),24,84.2,94.6,1135,21,1,11.6,0,5.0
CUST-105522,16.8,High Risk (Critical),1,23.8,10.2,88,30,2,13.4,0,3.0
CUST-105523,59.7,Medium Risk (Warning),17,53.6,79.2,78,42,0,0.0,0,3.5
CUST-105524,5.4,High Risk (Critical),3,27.7,7.2,37,4,2,55.6,1,3.0
CUST-105525,65.5,Medium Risk (Warning),21,78.0,30.1,9,32,1,22.9,0,3.5
CUST-105526,83.4,Low Risk (Healthy),22,94.5,65.9,101,8,1,2.6,0,5.0
CUST-105527,5.0,High Risk (Critical),2,22.6,4.5,5,34,6,26.9,0,1.0
CUST-105528,22.1,High Risk (Critical),10,39.2,17.0,97,29,1,40.3,0,1.0
CUST-105529,5.0,High Risk (Critical),9,39.6,19.5,48,2,4,32.2,1,1.0
CUST-105530,69.5,Medium Risk (Warning),23,59.6,89.3,6786,16,0,0.0,0,3.5
CUST-105531,79.4,Low Risk (Healthy),26,79.0,70.0,2450,8,0,0.0,0,3.5
CUST-105532,5.0,High Risk (Critical),9,18.7,18.2,126,42,2,66.5,1,2.0
CUST-105533,29.7,High Risk (Critical),9,40.5,15.1,97,34,1,67.6,0,3.0
CUST-105534,14.9,High Risk (Critical),10,11.2,6.2,127,35,2,46.5,0,2.0
CUST-105535,40.7,High Risk (Critical),8,30.0,9.3,43,45,0,0.0,0,3.5
CUST-105536,45.5,Medium Risk (Warning),13,23.9,12.1,136,35,0,0.0,0,3.5
CUST-105537,13.2,High Risk (Critical),3,30.2,5.0,141,3,1,15.0,0,1.0
CUST-105538,5.0,High Risk (Critical),10,17.4,20.7,142,8,3,28.2,1,1.0
CUST-105539,5.0,High Risk (Critical),8,33.8,18.0,100,0,5,68.7,0,1.0
CUST-105540,82.7,Low Risk (Healthy),26,90.1,103.8,26,36,0,0.0,0,3.5
CUST-105541,5.0,High Risk (Critical),9,18.3,6.9,10,13,2,66.1,1,2.0
CUST-105542,32.1,High Risk (Critical),3,23.6,7.8,126,19,0,0.0,0,3.5
CUST-105543,35.4,High Risk (Critical),10,40.8,16.4,30,22,1,33.0,0,3.0
CUST-105544,63.2,Medium Risk (Warning),18,60.7,87.1,5487,10,0,0.0,0,3.5
CUST-105545,9.7,High Risk (Critical),8,13.0,21.0,62,34,3,38.7,0,2.0
CUST-105546,5.0,High Risk (Critical),9,36.9,17.3,69,25,5,54.2,0,1.0
CUST-105547,62.9,Medium Risk (Warning),18,68.6,99.0,119,38,1,13.6,0,4.0
CUST-105548,68.3,Medium Risk (Warning),15,89.5,105.2,109,19,2,4.1,0,5.0
CUST-105549,74.0,Low Risk (Healthy),28,88.7,68.2,95,13,2,23.3,0,3.5
CUST-105550,23.1,High Risk (Critical),14,37.5,21.8,79,38,1,70.3,0,1.0
CUST-105551,12.9,High Risk (Critical),9,43.0,5.3,147,8,3,16.3,1,2.0
CUST-105552,69.5,Medium Risk (Warning),24,55.1,87.7,72,20,0,0.0,0,3.5
CUST-105553,14.3,High Risk (Critical),9,23.3,7.4,79,30,2,69.6,0,2.0
CUST-105554,23.0,High Risk (Critical),12,38.6,4.1,97,43,3,37.0,0,2.0
CUST-105555,78.0,Low Risk (Healthy),22,84.7,26.6,84,9,1,21.8,0,5.0
CUST-105556,84.1,Low Risk (Healthy),29,67.4,43.8,2452,12,1,6.6,0,5.0
CUST-105557,57.0,Medium Risk (Warning),16,68.1,70.1,16,38,1,14.3,0,3.5
CUST-105558,16.0,High Risk (Critical),12,43.3,20.6,93,4,4,45.0,1,2.0
CUST-105559,66.6,Medium Risk (Warning),16,80.9,31.9,1499,21,0,0.0,0,3.5
CUST-105560,62.7,Medium Risk (Warning),23,57.5,101.4,6084,32,1,17.7,0,3.5
CUST-105561,81.7,Low Risk (Healthy),26,72.2,41.4,703,11,1,5.3,0,5.0
CUST-105562,5.0,High Risk (Critical),3,10.1,4.8,17,37,2,25.6,1,2.0
CUST-105563,69.9,Medium Risk (Warning),19,78.6,102.3,8,24,0,0.0,0,3.5
CUST-105564,69.7,Medium Risk (Warning),22,72.8,58.0,79,43,1,11.8,0,4.0
CUST-105565,74.2,Low Risk (Healthy),27,57.4,28.8,129,41,0,0.0,0,3.5
CUST-105566,9.0,High Risk (Critical),7,39.7,21.4,102,23,3,17.6,1,2.0
CUST-105567,60.6,Medium Risk (Warning),18,52.0,87.1,3309,1,0,0.0,0,3.5
CUST-105568,66.8,Medium Risk (Warning),19,68.1,56.7,130,19,0,0.0,0,3.5
CUST-105569,51.0,Medium Risk (Warning),27,51.7,68.6,1714,30,5,11.7,0,3.5
CUST-105570,5.0,High Risk (Critical),2,20.2,18.2,77,37,3,61.2,1,3.0
CUST-105571,27.1,High Risk (Critical),14,44.7,15.8,124,18,2,23.6,0,1.0
CUST-105572,12.9,High Risk (Critical),10,40.0,15.8,145,40,2,51.7,1,2.0
CUST-105573,13.9,High Risk (Critical),1,36.7,4.9,17,37,1,19.6,1,3.0
CUST-105574,75.0,Low Risk (Healthy),21,87.7,63.1,2397,4,2,10.5,0,5.0
CUST-105575,69.4,Medium Risk (Warning),20,82.5,102.4,93,10,1,16.0,0,4.0
CUST-105576,18.8,High Risk (Critical),12,16.4,17.3,90,36,3,65.1,0,3.0
CUST-105577,20.9,High Risk (Critical),4,43.4,14.0,132,27,1,43.3,0,2.0
CUST-105578,12.5,High Risk (Critical),9,33.0,14.9,145,4,2,59.5,0,1.0
CUST-105579,46.6,Medium Risk (Warning),11,36.6,18.3,4,9,0,0.0,0,3.5
CUST-105580,37.1,High Risk (Critical),6,27.0,16.7,140,26,0,0.0,0,3.5
CUST-105581,18.1,High Risk (Critical),12,30.5,21.6,107,22,3,50.2,1,3.0
CUST-105582,75.6,Low Risk (Healthy),28,62.7,73.1,2485,1,2,20.3,0,5.0
CUST-105583,25.2,High Risk (Critical),2,38.9,4.4,57,34,1,25.4,0,3.0
CUST-105584,71.2,Low Risk (Healthy),21,81.0,33.1,1820,34,1,8.7,0,4.0
CUST-105585,14.0,High Risk (Critical),12,16.8,20.9,15,7,2,65.7,1,3.0
CUST-105586,67.7,Medium Risk (Warning),17,80.1,52.2,67,24,0,0.0,0,3.5
CUST-105587,75.2,Low Risk (Healthy),23,78.6,59.3,96,36,0,0.0,0,3.5
CUST-105588,36.5,High Risk (Critical),11,37.8,8.5,113,18,1,28.2,0,3.0
CUST-105589,8.5,High Risk (Critical),13,24.0,9.1,60,22,4,48.4,0,1.0
CUST-105590,7.6,High Risk (Critical),6,17.0,11.8,74,12,1,60.3,0,1.0
CUST-105591,5.0,High Risk (Critical),2,37.9,10.2,20,10,2,52.5,1,2.0
CUST-105592,71.5,Low Risk (Healthy),22,63.0,98.4,2460,23,1,21.7,0,5.0
CUST-105593,83.4,Low Risk (Healthy),27,74.4,55.7,101,37,1,7.5,0,5.0
CUST-105594,36.1,High Risk (Critical),13,39.8,20.1,82,26,1,57.7,0,3.0
CUST-105595,6.1,High Risk (Critical),9,25.5,12.4,88,42,4,28.3,0,1.0
CUST-105596,70.5,Low Risk (Healthy),17,89.4,88.5,2920,5,0,0.0,0,3.5
CUST-105597,69.8,Medium Risk (Warning),16,91.6,28.8,52,7,0,0.0,0,3.5
CUST-105598,9.3,High Risk (Critical),5,20.1,20.8,88,6,2,59.2,0,2.0
CUST-105599,79.8,Low Risk (Healthy),29,67.0,97.9,2447,8,0,0.0,0,3.5
CUST-105600,5.0,High Risk (Critical),8,16.9,18.7,127,11,2,38.1,1,2.0
CUST-105601,48.0,Medium Risk (Warning),14,27.9,4.1,130,29,0,0.0,0,3.5
CUST-105602,7.0,High Risk (Critical),10,13.1,21.5,21,43,2,65.9,0,1.0
CUST-105603,20.8,High Risk (Critical),9,20.3,20.2,96,34,2,58.4,0,3.0
CUST-105604,5.7,High Risk (Critical),5,21.9,16.4,8,25,4,28.0,0,2.0
CUST-105605,79.2,Low Risk (Healthy),24,87.5,40.0,30,33,0,0.0,0,3.5
CUST-105606,67.1,Medium Risk (Warning),16,91.4,26.5,43,9,1,13.6,0,4.0
CUST-105607,66.5,Medium Risk (Warning),16,94.7,83.6,59,43,1,2.3,0,3.5
CUST-105608,8.6,High Risk (Critical),4,44.2,19.4,19,1,1,15.9,1,1.0
CUST-105609,19.8,High Risk (Critical),3,28.2,12.0,65,44,1,53.2,0,3.0
CUST-105610,62.4,Medium Risk (Warning),18,80.4,27.3,1310,17,2,13.7,0,4.0
CUST-105611,10.7,High Risk (Critical),13,41.3,6.9,57,18,2,68.4,1,1.0
CUST-105612,11.1,High Risk (Critical),13,42.6,16.8,45,22,3,40.0,1,1.0
CUST-105613,26.9,High Risk (Critical),13,44.9,21.5,45,16,1,15.4,1,2.0
CUST-105614,72.0,Low Risk (Healthy),29,51.0,98.3,4423,21,1,15.4,0,4.0
CUST-105615,77.6,Low Risk (Healthy),29,71.1,39.9,89,22,1,19.3,0,4.0
CUST-105616,16.1,High Risk (Critical),8,15.7,17.2,102,15,1,26.3,1,3.0
CUST-105617,69.5,Medium Risk (Warning),23,59.3,100.4,72,18,0,0.0,0,3.5
CUST-105618,8.2,High Risk (Critical),5,30.4,12.1,49,21,2,12.7,1,2.0
CUST-105619,22.9,High Risk (Critical),8,41.5,16.1,31,39,3,49.4,0,3.0
CUST-105620,27.9,High Risk (Critical),11,23.3,10.0,101,25,1,62.0,0,3.0
CUST-105621,71.6,Low Risk (Healthy),23,66.6,30.1,68,16,0,0.0,0,3.5
CUST-105622,11.2,High Risk (Critical),8,30.4,13.7,7,13,2,20.5,1,2.0
CUST-105623,78.9,Low Risk (Healthy),23,90.7,55.1,30,23,0,0.0,0,3.5
CUST-105624,49.0,Medium Risk (Warning),12,39.9,10.5,25,1,0,0.0,0,3.5
CUST-105625,82.4,Low Risk (Healthy),29,73.5,44.9,74,24,2,2.3,0,5.0
CUST-105626,70.5,Low Risk (Healthy),25,63.8,101.4,131,2,1,15.9,0,4.0
CUST-105627,63.7,Medium Risk (Warning),16,82.2,58.0,53,38,1,18.7,0,4.0
CUST-105628,13.6,High Risk (Critical),6,42.8,6.4,85,27,4,25.8,0,2.0
CUST-105629,13.4,High Risk (Critical),3,24.6,16.5,20,36,1,15.8,1,3.0
CUST-105630,64.6,Medium Risk (Warning),15,65.9,96.7,6382,17,1,9.7,0,5.0
CUST-105631,76.9,Low Risk (Healthy),24,79.7,52.9,62,27,0,0.0,0,3.5
CUST-105632,65.8,Medium Risk (Warning),25,68.2,81.1,3162,26,2,8.1,0,3.5
CUST-105633,32.4,High Risk (Critical),13,35.3,7.1,9,34,2,43.8,0,3.0
CUST-105634,33.8,High Risk (Critical),1,38.3,12.2,27,7,0,0.0,0,3.5
CUST-105635,61.1,Medium Risk (Warning),26,51.0,55.4,3933,11,4,23.3,0,5.0
CUST-105636,17.7,High Risk (Critical),3,41.1,22.0,139,42,1,21.0,1,3.0
CUST-105637,24.4,High Risk (Critical),12,43.5,20.6,93,11,1,69.3,1,3.0
CUST-105638,82.9,Low Risk (Healthy),27,86.2,42.7,23,19,0,0.0,0,3.5
CUST-105639,56.8,Medium Risk (Warning),15,71.6,34.7,76,44,2,5.1,0,4.0
CUST-105640,5.0,High Risk (Critical),6,34.8,5.0,19,9,2,63.0,1,1.0
CUST-105641,73.4,Low Risk (Healthy),26,69.2,55.8,113,24,1,16.2,0,4.0
CUST-105642,44.7,High Risk (Critical),14,16.8,18.0,6,30,0,0.0,0,3.5
CUST-105643,71.0,Low Risk (Healthy),28,67.4,45.3,724,38,2,20.6,0,4.0
CUST-105644,14.6,High Risk (Critical),12,18.6,9.1,79,30,2,56.5,1,3.0
CUST-105645,72.7,Low Risk (Healthy),23,70.1,55.8,145,34,0,0.0,0,3.5
CUST-105646,39.7,High Risk (Critical),8,26.9,8.5,87,8,0,0.0,0,3.5
CUST-105647,10.5,High Risk (Critical),1,31.8,14.1,137,11,1,18.6,0,1.0
CUST-105648,74.2,Low Risk (Healthy),19,92.8,40.6,31,31,0,0.0,0,3.5
CUST-105649,25.4,High Risk (Critical),3,39.1,7.3,82,20,1,34.9,0,3.0
CUST-105650,7.4,High Risk (Critical),14,25.7,4.2,79,17,3,50.7,1,1.0
CUST-105651,67.4,Medium Risk (Warning),21,78.1,56.8,139,21,1,8.6,0,3.5
CUST-105652,71.5,Low Risk (Healthy),17,92.9,65.8,68,30,0,0.0,0,3.5
CUST-105653,62.8,Medium Risk (Warning),19,55.0,51.8,29,7,0,0.0,0,3.5
CUST-105654,18.2,High Risk (Critical),13,26.3,4.4,108,39,4,33.1,1,3.0
CUST-105655,21.4,High Risk (Critical),8,22.8,16.9,4,32,2,48.6,0,3.0
CUST-105656,59.1,Medium Risk (Warning),15,81.1,27.5,41,31,1,17.5,0,3.5
CUST-105657,5.0,High Risk (Critical),2,12.1,7.5,114,38,3,12.1,1,1.0
CUST-105658,62.5,Medium Risk (Warning),15,71.5,25.5,1275,7,0,0.0,0,3.5
CUST-105659,80.1,Low Risk (Healthy),26,81.4,57.6,4435,41,2,7.5,0,5.0
CUST-105660,6.4,High Risk (Critical),11,15.7,18.8,142,16,1,39.7,1,1.0
CUST-105661,5.3,High Risk (Critical),6,34.2,17.5,67,18,3,53.3,1,2.0
CUST-105662,20.1,High Risk (Critical),11,18.0,13.9,11,10,2,31.4,0,2.0
CUST-105663,8.7,High Risk (Critical),2,36.4,18.9,0,14,3,39.4,0,2.0
CUST-105664,5.0,High Risk (Critical),2,31.6,17.3,29,44,4,69.0,0,2.0
CUST-105665,5.1,High Risk (Critical),3,27.0,11.7,118,23,3,51.3,1,3.0
CUST-105666,70.9,Low Risk (Healthy),29,55.9,75.3,2033,20,2,4.1,0,4.0
CUST-105667,49.7,Medium Risk (Warning),13,37.8,7.9,148,7,0,0.0,0,3.5
CUST-105668,22.6,High Risk (Critical),11,20.8,6.4,1,1,1,50.5,0,2.0
CUST-105669,17.6,High Risk (Critical),3,42.1,19.0,150,0,2,24.6,0,2.0
CUST-105670,8.6,High Risk (Critical),5,23.2,15.0,85,1,2,39.9,1,3.0
CUST-105671,11.4,High Risk (Critical),12,18.4,5.7,137,25,1,65.2,1,2.0
CUST-105672,5.0,High Risk (Critical),2,32.4,14.8,114,41,3,67.0,0,1.0
CUST-105673,74.4,Low Risk (Healthy),22,80.3,64.6,4134,6,0,0.0,0,3.5
CUST-105674,64.5,Medium Risk (Warning),18,86.8,26.8,115,20,1,20.7,0,3.5
CUST-105675,7.1,High Risk (Critical),3,24.8,7.4,144,22,1,51.0,0,1.0
CUST-105676,49.6,Medium Risk (Warning),12,41.9,4.9,84,7,0,0.0,0,3.5
CUST-105677,9.1,High Risk (Critical),3,34.6,12.8,136,18,1,26.1,1,2.0
CUST-105678,16.1,High Risk (Critical),9,34.4,19.9,35,28,1,65.4,0,1.0
CUST-105679,77.2,Low Risk (Healthy),21,94.0,65.2,2673,5,0,0.0,0,3.5
CUST-105680,23.6,High Risk (Critical),12,19.6,6.0,129,5,2,66.1,0,3.0
CUST-105681,78.7,Low Risk (Healthy),25,81.3,79.2,95,3,0,0.0,0,3.5
CUST-105682,36.2,High Risk (Critical),8,15.1,11.0,4,28,0,0.0,0,3.5
CUST-105683,63.3,Medium Risk (Warning),24,55.9,29.2,115,35,1,19.8,0,3.5
CUST-105684,23.9,High Risk (Critical),12,17.3,9.7,31,25,3,26.7,0,3.0
CUST-105685,8.5,High Risk (Critical),13,13.8,14.7,52,27,4,21.2,1,2.0
CUST-105686,5.0,High Risk (Critical),2,41.4,4.3,113,10,3,43.8,1,2.0
CUST-105687,24.3,High Risk (Critical),11,31.7,4.7,21,24,1,31.1,1,3.0
CUST-105688,64.7,Medium Risk (Warning),21,50.5,98.9,52,36,2,3.4,0,5.0
CUST-105689,7.1,High Risk (Critical),1,38.4,18.6,133,36,3,45.9,0,2.0
CUST-105690,43.8,High Risk (Critical),8,40.3,20.7,43,26,0,0.0,0,3.5
CUST-105691,70.8,Low Risk (Healthy),16,94.8,64.2,98,20,0,0.0,0,3.5
CUST-105692,5.0,High Risk (Critical),10,24.9,4.5,108,20,2,61.8,1,1.0
CUST-105693,75.1,Low Risk (Healthy),25,94.9,54.8,147,26,2,21.7,0,4.0
CUST-105694,58.0,Medium Risk (Warning),15,88.7,62.3,2305,31,3,4.8,0,4.0
CUST-105695,23.1,High Risk (Critical),13,15.5,11.3,39,41,3,39.0,0,3.0
CUST-105696,26.2,High Risk (Critical),2,39.5,9.9,147,23,1,18.8,0,3.0
CUST-105697,91.2,Low Risk (Healthy),29,91.8,31.8,2448,40,1,8.4,0,5.0
CUST-105698,36.7,High Risk (Critical),11,35.1,17.6,119,32,1,20.3,0,3.0
CUST-105699,14.6,High Risk (Critical),4,38.2,18.5,64,40,3,17.8,0,2.0
CUST-105700,15.1,High Risk (Critical),9,10.3,7.4,88,0,1,16.2,0,1.0
CUST-105701,5.0,High Risk (Critical),1,18.0,6.1,77,41,3,26.9,0,2.0
CUST-105702,17.2,High Risk (Critical),12,15.8,11.4,130,16,3,28.5,0,2.0
CUST-105703,50.6,Medium Risk (Warning),13,41.0,13.7,93,31,0,0.0,0,3.5
CUST-105704,62.1,Medium Risk (Warning),21,80.1,50.4,3679,1,2,23.2,0,3.5
CUST-105705,35.4,High Risk (Critical),3,34.5,14.0,41,24,0,0.0,0,3.5
CUST-105706,68.9,Medium Risk (Warning),18,64.1,108.8,123,3,1,2.4,0,5.0
CUST-105707,5.0,High Risk (Critical),1,13.1,14.7,117,6,2,15.1,0,1.0
CUST-105708,33.7,High Risk (Critical),4,24.7,20.0,110,24,0,0.0,0,3.5
CUST-105709,46.2,Medium Risk (Warning),14,21.8,16.7,28,10,0,0.0,0,3.5
CUST-105710,41.6,High Risk (Critical),9,28.6,19.2,71,21,0,0.0,0,3.5
CUST-105711,61.9,Medium Risk (Warning),18,64.2,59.7,144,10,1,10.7,0,4.0
CUST-105712,29.6,High Risk (Critical),5,40.9,13.6,120,1,1,27.0,0,3.0
CUST-105713,26.7,High Risk (Critical),11,16.0,21.2,11,4,1,54.1,0,3.0
CUST-105714,15.0,High Risk (Critical),12,41.6,5.8,9,31,3,60.1,0,1.0
CUST-105715,61.4,Medium Risk (Warning),15,60.6,37.0,55,5,1,22.2,0,5.0
CUST-105716,76.1,Low Risk (Healthy),26,88.2,84.9,148,23,2,8.4,0,4.0
CUST-105717,66.6,Medium Risk (Warning),19,67.6,26.8,2090,22,0,0.0,0,3.5
CUST-105718,5.0,High Risk (Critical),2,27.6,15.4,92,39,3,70.5,0,2.0
CUST-105719,24.0,High Risk (Critical),13,28.1,19.1,120,30,3,61.9,0,3.0
CUST-105720,5.0,High Risk (Critical),1,24.8,18.1,39,43,1,67.3,1,2.0
CUST-105721,73.1,Low Risk (Healthy),26,58.0,102.7,8010,3,0,0.0,0,3.5
CUST-105722,20.2,High Risk (Critical),14,24.3,12.4,67,4,3,45.8,0,2.0
CUST-105723,45.0,Medium Risk (Warning),9,40.1,10.4,42,5,0,0.0,0,3.5
CUST-105724,5.0,High Risk (Critical),2,21.6,7.7,106,21,2,22.4,0,1.0
CUST-105725,64.6,Medium Risk (Warning),19,81.7,61.3,3555,24,1,18.0,0,3.5
CUST-105726,19.2,High Risk (Critical),4,39.9,7.3,140,18,2,16.8,0,2.0
CUST-105727,82.6,Low Risk (Healthy),24,88.4,86.1,861,43,1,15.5,0,5.0
CUST-105728,25.8,High Risk (Critical),1,11.6,9.4,53,26,0,0.0,0,3.5
CUST-105729,73.0,Low Risk (Healthy),19,88.8,57.1,3540,5,0,0.0,0,3.5
CUST-105730,70.1,Low Risk (Healthy),22,66.0,72.3,5567,22,0,0.0,0,3.5
CUST-105731,8.7,High Risk (Critical),14,12.4,8.5,123,26,3,61.7,0,1.0
CUST-105732,18.2,High Risk (Critical),13,41.5,9.7,24,19,3,13.0,1,2.0
CUST-105733,5.0,High Risk (Critical),13,22.0,15.9,95,4,3,48.1,1,1.0
CUST-105734,5.0,High Risk (Critical),1,24.8,8.0,103,41,1,15.9,1,1.0
CUST-105735,15.1,High Risk (Critical),9,39.0,7.3,125,45,2,53.0,0,1.0
CUST-105736,70.9,Low Risk (Healthy),25,71.1,88.7,56,33,1,6.2,0,3.5
CUST-105737,7.3,High Risk (Critical),3,14.3,12.3,103,7,1,71.7,0,2.0
CUST-105738,12.2,High Risk (Critical),5,41.9,7.2,131,40,5,56.3,1,3.0
CUST-105739,17.8,High Risk (Critical),3,28.2,18.2,19,5,1,69.5,0,3.0
CUST-105740,35.8,High Risk (Critical),3,36.0,19.8,48,28,0,0.0,0,3.5
CUST-105741,78.9,Low Risk (Healthy),23,90.7,60.0,17,1,0,0.0,0,3.5
CUST-105742,26.4,High Risk (Critical),9,43.9,11.4,26,11,2,22.1,0,2.0
CUST-105743,15.9,High Risk (Critical),14,26.6,9.0,122,17,2,37.6,1,2.0
CUST-105744,64.8,Medium Risk (Warning),22,77.0,45.9,2662,31,2,4.7,0,3.5
CUST-105745,21.9,High Risk (Critical),13,38.7,8.5,51,24,4,47.6,1,3.0
CUST-105746,77.2,Low Risk (Healthy),23,94.0,53.6,2036,5,1,13.7,0,4.0
CUST-105747,72.5,Low Risk (Healthy),28,66.1,96.2,2501,13,1,13.2,0,3.5
CUST-105748,35.2,High Risk (Critical),11,29.2,13.7,90,3,1,18.2,0,3.0
CUST-105749,9.2,High Risk (Critical),5,15.1,9.1,23,28,2,16.1,1,3.0
CUST-105750,77.1,Low Risk (Healthy),25,91.6,94.2,3485,41,3,13.6,0,5.0
CUST-105751,52.8,Medium Risk (Warning),16,50.2,106.7,5761,43,1,4.4,0,3.5
CUST-105752,14.7,High Risk (Critical),7,25.2,9.8,142,29,2,49.9,0,2.0
CUST-105753,5.0,High Risk (Critical),3,24.3,12.2,0,25,3,52.1,1,3.0
CUST-105754,21.3,High Risk (Critical),8,17.9,5.7,27,34,1,70.2,0,3.0
CUST-105755,63.8,Medium Risk (Warning),21,70.0,107.6,80,44,1,17.9,0,3.5
CUST-105756,5.0,High Risk (Critical),9,23.9,17.1,94,45,2,60.6,1,1.0
CUST-105757,9.4,High Risk (Critical),3,32.2,5.6,82,45,1,50.3,0,1.0
CUST-105758,87.5,Low Risk (Healthy),29,92.7,97.4,7597,1,0,0.0,0,3.5
CUST-105759,63.4,Medium Risk (Warning),16,82.1,77.6,27,6,1,20.8,0,4.0
CUST-105760,40.1,High Risk (Critical),6,36.9,19.0,79,3,0,0.0,0,3.5
CUST-105761,79.5,Low Risk (Healthy),29,66.1,91.0,4641,19,0,0.0,0,3.5
CUST-105762,76.9,Low Risk (Healthy),27,87.9,28.1,1798,11,2,11.7,0,4.0
CUST-105763,60.5,Medium Risk (Warning),18,77.5,99.9,100,31,2,21.6,0,4.0
CUST-105764,8.3,High Risk (Critical),7,13.8,4.6,76,32,3,41.0,0,2.0
CUST-105765,8.9,High Risk (Critical),3,16.0,13.4,44,6,2,31.2,0,2.0
CUST-105766,15.5,High Risk (Critical),9,33.6,15.3,74,15,1,68.6,0,1.0
CUST-105767,34.6,High Risk (Critical),5,23.1,4.0,136,36,0,0.0,0,3.5
CUST-105768,23.5,High Risk (Critical),13,28.1,4.4,32,2,4,34.5,0,3.0
CUST-105769,78.9,Low Risk (Healthy),23,90.7,88.1,87,20,0,0.0,0,3.5
CUST-105770,17.6,High Risk (Critical),14,19.9,19.3,55,44,2,67.5,1,3.0
CUST-105771,26.8,High Risk (Critical),13,30.1,6.1,104,33,1,12.8,0,1.0
CUST-105772,77.0,Low Risk (Healthy),26,83.9,37.9,110,33,1,22.5,0,4.0
CUST-105773,10.4,High Risk (Critical),4,36.7,11.8,28,37,1,63.2,0,1.0
CUST-105774,73.8,Low Risk (Healthy),23,80.4,91.4,24,28,1,8.2,0,4.0
CUST-105775,48.9,Medium Risk (Warning),12,39.8,8.4,79,9,0,0.0,0,3.5
CUST-105776,70.2,Low Risk (Healthy),24,67.6,48.4,3775,18,1,16.3,0,4.0
CUST-105777,72.9,Low Risk (Healthy),20,86.8,61.9,1857,10,2,14.5,0,5.0
CUST-105778,71.0,Low Risk (Healthy),16,82.8,82.4,108,18,1,9.5,0,5.0
CUST-105779,80.8,Low Risk (Healthy),26,83.9,67.5,2700,11,0,0.0,0,3.5
CUST-105780,75.4,Low Risk (Healthy),27,61.4,41.6,1788,11,0,0.0,0,3.5
CUST-105781,68.3,Medium Risk (Warning),21,64.2,90.8,50,32,0,0.0,0,3.5
CUST-105782,14.8,High Risk (Critical),13,14.6,5.1,26,6,1,39.4,1,2.0
CUST-105783,84.1,Low Risk (Healthy),27,90.2,77.4,3018,43,0,0.0,0,3.5
CUST-105784,72.7,Low Risk (Healthy),25,61.1,25.5,141,24,0,0.0,0,3.5
CUST-105785,5.0,High Risk (Critical),7,41.0,16.5,134,27,3,50.0,1,1.0
CUST-105786,68.0,Medium Risk (Warning),16,94.7,72.0,33,17,1,14.0,0,4.0
CUST-105787,64.5,Medium Risk (Warning),15,78.5,66.4,31,13,0,0.0,0,3.5
CUST-105788,5.0,High Risk (Critical),9,11.6,16.8,109,44,1,65.4,1,1.0
CUST-105789,21.4,High Risk (Critical),10,38.8,5.5,31,19,2,28.9,1,3.0
CUST-105790,61.7,Medium Risk (Warning),19,51.3,57.8,121,19,0,0.0,0,3.5
CUST-105791,32.7,High Risk (Critical),3,25.8,15.9,110,39,0,0.0,0,3.5
CUST-105792,66.8,Medium Risk (Warning),21,59.3,27.1,1436,6,0,0.0,0,3.5
CUST-105793,68.8,Medium Risk (Warning),20,61.8,34.8,1670,27,1,19.2,0,5.0
CUST-105794,5.0,High Risk (Critical),8,28.1,4.9,149,15,3,16.9,1,1.0
CUST-105795,21.4,High Risk (Critical),8,14.8,9.0,30,17,2,30.0,0,3.0
CUST-105796,5.5,High Risk (Critical),8,26.0,12.0,86,28,5,41.7,0,2.0
CUST-105797,85.9,Low Risk (Healthy),28,84.0,58.3,1399,1,1,21.0,0,5.0
CUST-105798,13.0,High Risk (Critical),6,40.0,15.0,103,33,3,66.2,1,3.0
CUST-105799,8.4,High Risk (Critical),1,39.0,19.6,70,10,1,69.4,1,3.0
CUST-105800,5.4,High Risk (Critical),8,24.2,6.1,73,2,2,52.0,1,2.0
CUST-105801,34.4,High Risk (Critical),13,36.7,4.5,4,29,1,15.2,0,2.0
CUST-105802,18.3,High Risk (Critical),10,18.5,10.1,70,42,1,68.4,0,2.0
CUST-105803,66.0,Medium Risk (Warning),18,88.5,27.7,1523,21,1,12.2,0,3.5
CUST-105804,31.3,High Risk (Critical),10,34.5,17.5,44,0,2,19.0,0,3.0
CUST-105805,7.5,High Risk (Critical),5,43.0,10.7,17,4,1,32.2,1,1.0
CUST-105806,19.2,High Risk (Critical),11,33.5,16.3,47,1,2,28.3,0,1.0
CUST-105807,5.4,High Risk (Critical),4,10.9,14.0,32,35,2,57.9,0,2.0
CUST-105808,55.8,Medium Risk (Warning),21,53.3,46.6,99,38,2,9.7,0,3.5
CUST-105809,27.4,High Risk (Critical),11,27.8,16.8,37,20,1,29.2,0,2.0
CUST-105810,7.1,High Risk (Critical),1,23.6,12.8,96,2,2,42.5,0,2.0
CUST-105811,5.0,High Risk (Critical),4,32.1,4.0,79,37,3,28.3,1,2.0
CUST-105812,64.5,Medium Risk (Warning),15,66.8,69.2,2698,38,1,12.4,0,5.0
CUST-105813,17.4,High Risk (Critical),9,34.1,9.6,121,1,2,38.3,1,3.0
CUST-105814,27.6,High Risk (Critical),5,44.4,6.3,87,25,2,19.1,0,3.0
CUST-105815,7.5,High Risk (Critical),4,29.2,17.3,85,10,2,53.0,1,3.0
CUST-105816,30.2,High Risk (Critical),12,29.0,14.2,18,15,1,19.7,0,2.0
CUST-105817,26.9,High Risk (Critical),10,32.8,4.0,43,43,1,34.0,0,2.0
CUST-105818,72.9,Low Risk (Healthy),19,88.5,27.6,112,33,0,0.0,0,3.5
CUST-105819,34.3,High Risk (Critical),7,13.2,10.9,93,21,0,0.0,0,3.5
CUST-105820,8.6,High Risk (Critical),13,34.3,21.9,117,6,4,21.6,1,1.0
CUST-105821,73.4,Low Risk (Healthy),20,85.7,47.8,95,7,0,0.0,0,3.5
CUST-105822,17.8,High Risk (Critical),9,42.7,19.7,128,7,3,64.4,1,3.0
CUST-105823,14.2,High Risk (Critical),5,33.3,11.6,27,22,1,35.4,0,1.0
CUST-105824,75.4,Low Risk (Healthy),21,88.1,83.7,107,39,0,0.0,0,3.5
CUST-105825,12.5,High Risk (Critical),2,33.4,8.4,35,43,4,17.6,0,3.0
CUST-105826,59.3,Medium Risk (Warning),24,64.1,85.0,67,34,3,7.6,0,3.5
CUST-105827,14.0,High Risk (Critical),12,36.6,11.4,95,26,3,34.8,1,2.0
CUST-105828,22.0,High Risk (Critical),6,37.6,14.9,78,25,2,58.6,0,3.0
CUST-105829,5.0,High Risk (Critical),4,12.9,9.0,146,39,1,48.5,1,2.0
CUST-105830,24.5,High Risk (Critical),14,24.6,21.3,51,28,1,28.6,0,1.0
CUST-105831,63.6,Medium Risk (Warning),17,77.5,82.9,39,4,1,18.4,0,4.0
CUST-105832,67.9,Medium Risk (Warning),22,58.4,105.1,150,12,0,0.0,0,3.5
CUST-105833,6.7,High Risk (Critical),3,26.0,18.3,8,38,1,57.1,0,1.0
CUST-105834,75.1,Low Risk (Healthy),29,88.3,50.4,50,4,3,16.2,0,4.0
CUST-105835,60.2,Medium Risk (Warning),18,50.8,106.3,121,12,0,0.0,0,3.5
CUST-105836,27.7,High Risk (Critical),11,30.3,19.8,14,42,3,16.6,0,3.0
CUST-105837,5.0,High Risk (Critical),2,26.8,16.5,11,33,3,20.7,1,3.0
CUST-105838,26.0,High Risk (Critical),11,38.0,7.4,69,33,1,16.3,0,1.0
CUST-105839,31.8,High Risk (Critical),14,26.9,13.4,8,2,1,71.4,0,3.0
CUST-105840,73.2,Low Risk (Healthy),25,80.8,91.7,53,23,3,19.0,0,5.0
CUST-105841,28.9,High Risk (Critical),11,43.8,16.6,111,11,3,39.6,0,3.0
CUST-105842,5.0,High Risk (Critical),7,20.4,20.9,1,25,1,64.0,1,1.0
CUST-105843,12.1,High Risk (Critical),13,15.2,13.2,78,36,3,30.6,0,1.0
CUST-105844,85.1,Low Risk (Healthy),28,79.5,35.6,7,3,1,17.0,0,5.0
CUST-105845,15.8,High Risk (Critical),6,22.9,21.2,39,35,3,40.3,0,3.0
CUST-105846,20.0,High Risk (Critical),8,14.5,18.1,115,38,2,40.5,0,3.0
CUST-105847,61.7,Medium Risk (Warning),21,65.0,47.1,1695,12,2,14.4,0,4.0
CUST-105848,77.0,Low Risk (Healthy),21,93.2,28.9,491,12,0,0.0,0,3.5
CUST-105849,63.3,Medium Risk (Warning),23,61.6,41.5,2,4,2,14.7,0,4.0
CUST-105850,59.0,Medium Risk (Warning),18,66.1,50.8,3,30,1,14.3,0,3.5
CUST-105851,66.7,Medium Risk (Warning),19,68.0,97.3,150,4,0,0.0,0,3.5
CUST-105852,6.2,High Risk (Critical),7,22.4,18.7,122,45,2,31.2,1,2.0
CUST-105853,11.6,High Risk (Critical),10,31.7,8.0,60,36,1,26.0,1,1.0
CUST-105854,5.0,High Risk (Critical),2,31.4,21.6,129,17,3,64.4,1,1.0
CUST-105855,77.4,Low Risk (Healthy),23,85.8,33.9,26,28,0,0.0,0,3.5
CUST-105856,75.1,Low Risk (Healthy),28,72.8,41.8,87,44,1,8.3,0,3.5
CUST-105857,73.8,Low Risk (Healthy),24,69.5,38.6,2354,21,0,0.0,0,3.5
CUST-105858,65.2,Medium Risk (Warning),20,62.9,85.2,11,19,1,2.3,0,4.0
CUST-105859,58.2,Medium Risk (Warning),15,57.2,87.7,1315,14,0,0.0,0,3.5
CUST-105860,8.9,High Risk (Critical),3,39.7,17.1,5,13,5,34.2,1,3.0
CUST-105861,5.3,High Risk (Critical),5,27.6,16.5,65,42,1,13.5,1,1.0
CUST-105862,67.3,Medium Risk (Warning),19,69.8,46.5,101,40,0,0.0,0,3.5
CUST-105863,16.7,High Risk (Critical),10,13.1,15.1,143,44,1,36.7,1,3.0
CUST-105864,5.0,High Risk (Critical),8,24.3,7.2,126,40,3,28.9,1,1.0
CUST-105865,33.1,High Risk (Critical),14,31.3,16.3,119,12,1,71.3,0,3.0
CUST-105866,67.3,Medium Risk (Warning),23,63.4,26.2,29,4,1,19.4,0,4.0
CUST-105867,69.4,Medium Risk (Warning),20,72.3,81.4,814,5,0,0.0,0,3.5
CUST-105868,12.7,High Risk (Critical),9,28.7,21.3,25,30,2,47.2,0,1.0
CUST-105869,64.8,Medium Risk (Warning),19,74.7,61.9,27,24,3,7.9,0,5.0
CUST-105870,74.8,Low Risk (Healthy),29,58.3,73.5,1837,2,1,11.0,0,4.0
CUST-105871,26.0,High Risk (Critical),1,12.2,5.6,77,19,0,0.0,0,3.5
CUST-105872,66.4,Medium Risk (Warning),20,67.4,99.3,17,41,1,4.2,0,4.0
CUST-105873,73.7,Low Risk (Healthy),23,80.2,46.2,2956,0,1,8.5,0,4.0
CUST-105874,61.8,Medium Risk (Warning),17,57.9,89.2,117,5,2,2.2,0,5.0
CUST-105875,65.9,Medium Risk (Warning),16,78.6,107.7,26,13,0,0.0,0,3.5
CUST-105876,21.9,High Risk (Critical),12,35.8,9.3,42,28,2,22.4,0,1.0
CUST-105877,44.9,High Risk (Critical),13,21.9,11.3,97,29,0,0.0,0,3.5
CUST-105878,28.6,High Risk (Critical),9,28.4,8.4,80,4,1,47.4,0,3.0
CUST-105879,16.7,High Risk (Critical),7,18.7,16.5,83,19,2,66.0,0,3.0
CUST-105880,7.2,High Risk (Critical),5,16.0,6.3,118,17,1,18.3,1,2.0
CUST-105881,71.7,Low Risk (Healthy),26,64.7,40.3,87,10,1,18.8,0,4.0
CUST-105882,19.7,High Risk (Critical),14,26.9,9.2,86,13,3,28.8,1,3.0
CUST-105883,70.2,Low Risk (Healthy),20,75.0,63.2,2022,12,0,0.0,0,3.5
CUST-105884,53.9,Medium Risk (Warning),22,69.3,83.7,88,12,4,9.8,0,3.5
CUST-105885,6.6,High Risk (Critical),4,32.6,12.7,49,35,1,52.1,1,2.0
CUST-105886,79.5,Low Risk (Healthy),29,77.6,93.8,69,22,1,19.2,0,4.0
CUST-105887,63.4,Medium Risk (Warning),20,70.6,55.2,142,42,1,11.7,0,3.5
CUST-105888,83.5,Low Risk (Healthy),27,88.5,77.5,2480,39,0,0.0,0,3.5
CUST-105889,5.0,High Risk (Critical),3,27.2,15.1,112,41,6,62.4,1,2.0
CUST-105890,5.0,High Risk (Critical),1,33.7,19.5,1,11,1,16.5,1,1.0
CUST-105891,65.7,Medium Risk (Warning),25,50.1,88.4,4331,42,1,21.1,0,4.0
CUST-105892,8.6,High Risk (Critical),10,19.9,17.2,71,9,2,69.3,0,1.0
CUST-105893,5.7,High Risk (Critical),6,35.8,13.4,85,40,2,69.1,1,2.0
CUST-105894,25.8,High Risk (Critical),8,40.9,11.7,1,31,2,57.0,0,3.0
CUST-105895,62.0,Medium Risk (Warning),16,65.4,37.8,944,14,0,0.0,0,3.5
CUST-105896,58.4,Medium Risk (Warning),16,53.4,34.2,50,16,0,0.0,0,3.5
CUST-105897,32.8,High Risk (Critical),11,39.9,21.0,86,19,1,14.7,0,2.0
CUST-105898,20.3,High Risk (Critical),10,42.9,19.2,38,11,4,63.5,0,3.0
CUST-105899,5.0,High Risk (Critical),4,24.5,5.0,53,17,3,39.5,1,2.0
CUST-105900,77.2,Low Risk (Healthy),24,66.4,59.0,112,39,1,6.1,0,5.0
CUST-105901,11.6,High Risk (Critical),8,18.2,19.7,42,44,1,52.4,0,1.0
CUST-105902,5.0,High Risk (Critical),1,24.4,4.7,72,28,1,71.6,1,3.0
CUST-105903,58.8,Medium Risk (Warning),15,59.5,64.9,2076,39,0,0.0,0,3.5
CUST-105904,64.4,Medium Risk (Warning),21,76.3,33.0,78,20,2,19.9,0,4.0
CUST-105905,83.1,Low Risk (Healthy),29,64.8,26.4,116,7,1,8.0,0,5.0
CUST-105906,20.0,High Risk (Critical),10,20.4,20.6,52,19,2,27.4,0,2.0
CUST-105907,65.7,Medium Risk (Warning),22,58.7,55.1,142,27,1,9.8,0,4.0
CUST-105908,20.4,High Risk (Critical),10,32.6,10.6,49,23,3,70.1,0,3.0
CUST-105909,64.0,Medium Risk (Warning),22,53.9,44.5,1246,11,1,12.3,0,4.0
CUST-105910,20.3,High Risk (Critical),14,18.2,21.5,78,33,1,62.8,1,3.0
CUST-105911,12.7,High Risk (Critical),12,12.4,5.3,19,26,3,32.2,1,3.0
CUST-105912,72.1,Low Risk (Healthy),24,63.8,66.6,19,23,0,0.0,0,3.5
CUST-105913,68.2,Medium Risk (Warning),24,82.3,84.6,117,45,3,4.0,0,4.0
CUST-105914,68.8,Medium Risk (Warning),16,88.2,64.6,1550,0,0,0.0,0,3.5
CUST-105915,72.9,Low Risk (Healthy),23,85.0,81.2,2354,35,1,2.2,0,3.5
CUST-105916,5.0,High Risk (Critical),5,14.4,10.8,63,31,2,34.3,0,1.0
CUST-105917,9.0,High Risk (Critical),9,33.2,20.8,148,6,2,67.9,1,2.0
CUST-105918,60.7,Medium Risk (Warning),17,66.8,101.2,2327,33,1,16.2,0,4.0
CUST-105919,23.2,High Risk (Critical),14,38.6,10.9,6,17,4,13.8,1,3.0
CUST-105920,69.0,Medium Risk (Warning),23,57.8,29.8,2,40,0,0.0,0,3.5
CUST-105921,67.8,Medium Risk (Warning),15,74.6,38.7,503,35,1,4.8,0,5.0
CUST-105922,5.0,High Risk (Critical),2,10.9,12.7,63,12,4,27.9,0,3.0
CUST-105923,25.0,High Risk (Critical),11,14.9,4.0,72,44,1,17.4,0,2.0
CUST-105924,64.7,Medium Risk (Warning),27,56.6,47.0,85,39,2,10.4,0,3.5
CUST-105925,5.0,High Risk (Critical),6,25.9,7.1,86,35,3,62.6,1,1.0
CUST-105926,62.1,Medium Risk (Warning),18,79.7,40.9,2740,45,2,14.7,0,4.0
CUST-105927,68.9,Medium Risk (Warning),17,84.0,95.4,98,7,0,0.0,0,3.5
CUST-105928,15.9,High Risk (Critical),2,42.9,12.5,39,44,2,28.9,0,2.0
CUST-105929,7.2,High Risk (Critical),14,20.7,20.9,2,23,2,45.6,1,1.0
CUST-105930,17.4,High Risk (Critical),11,32.4,17.1,133,21,3,35.3,1,3.0
CUST-105931,18.3,High Risk (Critical),7,28.3,7.2,79,7,4,12.1,0,3.0
CUST-105932,9.8,High Risk (Critical),10,11.4,13.7,54,37,3,29.2,1,3.0
CUST-105933,18.7,High Risk (Critical),12,35.4,21.1,1,19,1,47.7,1,2.0
CUST-105934,26.3,High Risk (Critical),12,39.4,18.9,74,27,2,44.4,0,2.0
CUST-105935,18.5,High Risk (Critical),8,40.3,14.5,68,12,2,66.3,0,2.0
CUST-105936,66.7,Medium Risk (Warning),16,90.7,99.7,89,1,1,14.8,0,4.0
CUST-105937,60.6,Medium Risk (Warning),18,52.1,69.0,4485,36,0,0.0,0,3.5
CUST-105938,18.3,High Risk (Critical),10,32.2,19.7,61,10,1,21.4,1,2.0
CUST-105939,27.7,High Risk (Critical),2,13.6,10.2,97,8,0,0.0,0,3.5
CUST-105940,15.0,High Risk (Critical),5,21.1,17.7,7,10,1,15.9,1,3.0
CUST-105941,41.8,High Risk (Critical),13,11.4,16.7,30,36,0,0.0,0,3.5
CUST-105942,23.7,High Risk (Critical),9,20.9,15.6,124,3,2,36.2,0,3.0
CUST-105943,14.5,High Risk (Critical),4,42.3,8.4,141,26,2,28.4,1,3.0
CUST-105944,5.0,High Risk (Critical),6,21.3,13.5,126,28,2,57.9,1,2.0
CUST-105945,11.7,High Risk (Critical),8,10.5,14.8,100,39,3,65.3,0,3.0
CUST-105946,9.9,High Risk (Critical),9,22.9,16.6,150,13,3,71.7,0,2.0
CUST-105947,19.0,High Risk (Critical),10,21.4,12.4,144,39,2,38.2,0,2.0
CUST-105948,67.2,Medium Risk (Warning),20,65.1,103.6,7977,43,0,0.0,0,3.5
CUST-105949,5.0,High Risk (Critical),3,30.0,5.4,111,42,3,34.1,1,2.0
CUST-105950,72.0,Low Risk (Healthy),21,76.8,96.4,1638,38,0,0.0,0,3.5
CUST-105951,72.5,Low Risk (Healthy),17,88.3,47.6,140,33,1,21.5,0,5.0
CUST-105952,75.2,Low Risk (Healthy),27,60.8,99.0,50,38,0,0.0,0,3.5
CUST-105953,25.8,High Risk (Critical),11,21.7,14.4,125,33,1,26.7,0,2.0
CUST-105954,79.8,Low Risk (Healthy),25,85.0,88.7,2572,13,0,0.0,0,3.5
CUST-105955,11.5,High Risk (Critical),3,32.0,14.4,5,0,3,65.0,0,3.0
CUST-105956,64.8,Medium Risk (Warning),25,59.7,48.0,864,2,2,19.8,0,4.0
CUST-105957,15.5,High Risk (Critical),9,34.9,19.3,37,1,4,47.5,1,3.0
CUST-105958,8.6,High Risk (Critical),8,22.8,4.2,85,39,2,23.3,1,2.0
CUST-105959,11.1,High Risk (Critical),4,20.4,14.7,85,2,2,34.8,0,2.0
CUST-105960,61.4,Medium Risk (Warning),16,63.7,76.2,23,10,0,0.0,0,3.5
CUST-105961,15.8,High Risk (Critical),8,44.3,5.4,77,11,4,33.1,0,2.0
CUST-105962,38.2,High Risk (Critical),3,44.1,11.7,127,20,0,0.0,0,3.5
CUST-105963,34.2,High Risk (Critical),2,35.2,9.2,57,16,0,0.0,0,3.5
CUST-105964,68.0,Medium Risk (Warning),16,90.6,26.9,64,43,2,20.1,0,5.0
CUST-105965,64.1,Medium Risk (Warning),25,51.7,36.3,136,45,2,5.9,0,4.0
CUST-105966,63.7,Medium Risk (Warning),20,53.5,76.4,5577,17,0,0.0,0,3.5
CUST-105967,43.7,High Risk (Critical),7,44.6,18.3,96,19,0,0.0,0,3.5
CUST-105968,87.8,Low Risk (Healthy),28,86.2,62.9,131,36,1,11.5,0,5.0
CUST-105969,74.3,Low Risk (Healthy),26,55.0,59.0,3363,28,1,22.9,0,5.0
CUST-105970,69.5,Medium Risk (Warning),19,69.6,65.5,851,41,1,21.5,0,5.0
CUST-105971,22.8,High Risk (Critical),9,15.6,18.1,93,37,1,15.4,0,2.0
CUST-105972,66.0,Medium Risk (Warning),22,52.3,97.6,34,33,0,0.0,0,3.5
CUST-105973,20.6,High Risk (Critical),8,32.6,13.8,47,3,3,47.0,0,3.0
CUST-105974,70.4,Low Risk (Healthy),26,55.5,78.0,5928,17,1,7.3,0,4.0
CUST-105975,5.0,High Risk (Critical),1,12.6,12.6,123,42,1,28.6,1,2.0
CUST-105976,5.0,High Risk (Critical),2,40.3,8.0,89,13,4,19.6,1,2.0
CUST-105977,23.7,High Risk (Critical),1,43.1,6.1,133,17,1,36.9,0,3.0
CUST-105978,80.8,Low Risk (Healthy),29,75.4,28.9,132,44,1,3.7,0,4.0
CUST-105979,11.7,High Risk (Critical),12,17.5,12.2,11,37,1,60.5,1,2.0
CUST-105980,37.3,High Risk (Critical),3,40.9,6.9,58,1,0,0.0,0,3.5
CUST-105981,64.1,Medium Risk (Warning),17,54.2,97.0,60,28,1,6.9,0,5.0
CUST-105982,13.0,High Risk (Critical),3,35.8,13.8,59,37,1,29.9,0,1.0
CUST-105983,6.3,High Risk (Critical),4,22.5,7.4,90,0,2,29.9,0,1.0
CUST-105984,69.9,Medium Risk (Warning),25,71.0,38.6,38,23,1,13.9,0,3.5
CUST-105985,14.3,High Risk (Critical),5,37.5,7.8,88,32,2,12.9,0,1.0
CUST-105986,24.7,High Risk (Critical),14,21.1,4.5,41,43,4,18.0,0,3.0
CUST-105987,62.9,Medium Risk (Warning),25,51.5,49.0,122,13,1,23.4,0,3.5
CUST-105988,5.0,High Risk (Critical),2,13.6,6.3,67,37,2,49.3,0,1.0
CUST-105989,15.0,High Risk (Critical),3,23.3,18.1,112,31,2,47.7,0,3.0
CUST-105990,32.4,High Risk (Critical),10,39.6,19.5,59,43,1,54.7,0,3.0
CUST-105991,74.3,Low Risk (Healthy),25,66.7,33.5,2512,25,0,0.0,0,3.5
CUST-105992,15.4,High Risk (Critical),1,20.4,6.1,64,27,1,48.4,0,3.0
CUST-105993,47.1,Medium Risk (Warning),11,38.1,17.9,37,1,0,0.0,0,3.5
CUST-105994,32.2,High Risk (Critical),4,19.5,20.7,64,3,0,0.0,0,3.5
CUST-105995,9.1,High Risk (Critical),10,13.6,16.5,0,12,1,50.9,1,2.0
CUST-105996,38.0,High Risk (Critical),4,38.9,13.1,134,20,0,0.0,0,3.5
CUST-105997,66.8,Medium Risk (Warning),19,52.9,75.3,1,41,1,3.5,0,5.0
CUST-105998,77.3,Low Risk (Healthy),19,94.5,42.2,117,4,1,19.1,0,5.0
CUST-105999,5.0,High Risk (Critical),3,33.6,18.5,6,11,2,13.0,1,1.0
CUST-106000,39.5,High Risk (Critical),8,26.2,20.1,100,45,0,0.0,0,3.5
CUST-106001,65.2,Medium Risk (Warning),21,65.9,72.4,109,36,1,20.4,0,4.0
CUST-106002,29.4,High Risk (Critical),6,36.4,20.1,133,5,1,27.8,0,3.0
CUST-106003,38.6,High Risk (Critical),8,23.2,10.7,131,18,0,0.0,0,3.5
CUST-106004,70.3,Low Risk (Healthy),22,52.6,92.4,1848,10,1,6.7,0,5.0
CUST-106005,69.5,Medium Risk (Warning),16,90.5,78.2,120,9,0,0.0,0,3.5
CUST-106006,15.1,High Risk (Critical),14,15.8,10.8,82,42,2,50.6,0,1.0
CUST-106007,78.7,Low Risk (Healthy),27,94.5,41.8,76,2,2,13.0,0,4.0
CUST-106008,6.3,High Risk (Critical),5,35.2,11.8,48,28,2,71.7,0,1.0
CUST-106009,18.8,High Risk (Critical),8,29.9,13.6,72,30,2,38.5,0,2.0
CUST-106010,70.9,Low Risk (Healthy),21,85.7,44.0,27,12,3,6.1,0,5.0
CUST-106011,19.9,High Risk (Critical),11,40.9,9.2,75,25,5,60.5,0,3.0
CUST-106012,67.1,Medium Risk (Warning),15,87.1,49.9,84,22,0,0.0,0,3.5
CUST-106013,10.8,High Risk (Critical),6,17.8,15.4,118,12,3,68.0,0,3.0
CUST-106014,8.2,High Risk (Critical),9,10.7,8.1,7,17,2,67.5,1,3.0
CUST-106015,28.9,High Risk (Critical),10,21.6,19.8,4,2,1,39.4,0,3.0
CUST-106016,39.8,High Risk (Critical),10,18.1,20.0,61,3,0,0.0,0,3.5
CUST-106017,7.9,High Risk (Critical),6,23.1,17.7,16,8,3,59.6,1,3.0
CUST-106018,12.6,High Risk (Critical),3,39.9,20.0,138,31,3,27.3,0,2.0
CUST-106019,76.6,Low Risk (Healthy),27,50.3,42.3,80,23,1,3.8,0,5.0
CUST-106020,5.0,High Risk (Critical),2,14.8,11.6,138,25,4,64.6,1,2.0
CUST-106021,30.6,High Risk (Critical),4,14.3,20.7,4,5,0,0.0,0,3.5
CUST-106022,46.7,Medium Risk (Warning),13,27.8,16.2,19,25,0,0.0,0,3.5
CUST-106023,5.0,High Risk (Critical),1,31.2,5.5,75,18,2,46.1,1,3.0
CUST-106024,18.1,High Risk (Critical),10,18.6,17.8,127,34,1,22.2,0,1.0
CUST-106025,67.1,Medium Risk (Warning),19,85.8,72.7,11,9,1,7.8,0,3.5
CUST-106026,58.0,Medium Risk (Warning),15,78.6,90.8,2996,29,2,12.9,0,4.0
CUST-106027,74.9,Low Risk (Healthy),21,86.3,82.2,74,44,0,0.0,0,3.5
CUST-106028,58.6,Medium Risk (Warning),15,58.6,105.8,30,7,0,0.0,0,3.5
CUST-106029,12.1,High Risk (Critical),12,17.6,4.2,67,35,2,57.5,0,1.0
CUST-106030,79.3,Low Risk (Healthy),26,78.9,28.4,107,5,0,0.0,0,3.5
CUST-106031,73.4,Low Risk (Healthy),27,54.6,85.1,103,36,0,0.0,0,3.5
CUST-106032,13.8,High Risk (Critical),10,14.5,16.2,133,4,1,62.9,1,3.0
CUST-106033,32.8,High Risk (Critical),6,12.8,15.0,9,13,0,0.0,0,3.5
CUST-106034,59.6,Medium Risk (Warning),17,62.4,72.6,2904,34,1,14.0,0,4.0
CUST-106035,14.9,High Risk (Critical),8,27.3,12.9,37,32,1,47.8,0,1.0
CUST-106036,16.8,High Risk (Critical),8,20.8,14.3,147,6,1,32.8,1,3.0
CUST-106037,5.0,High Risk (Critical),3,13.4,13.0,109,13,3,40.4,1,1.0
CUST-106038,20.0,High Risk (Critical),11,23.7,17.1,52,2,1,29.9,0,1.0
CUST-106039,77.1,Low Risk (Healthy),28,53.8,43.3,1991,2,1,19.2,0,5.0
CUST-106040,22.5,High Risk (Critical),4,21.1,17.3,33,1,1,25.4,0,3.0
CUST-106041,5.0,High Risk (Critical),4,42.1,6.4,114,23,1,46.9,1,1.0
CUST-106042,79.9,Low Risk (Healthy),29,67.5,32.5,41,2,0,0.0,0,3.5
CUST-106043,67.5,Medium Risk (Warning),15,88.4,83.0,10,17,0,0.0,0,3.5
CUST-106044,9.3,High Risk (Critical),8,16.2,12.3,31,42,2,34.2,0,1.0
CUST-106045,67.3,Medium Risk (Warning),17,87.8,79.4,5478,31,1,14.0,0,4.0
CUST-106046,34.6,High Risk (Critical),6,18.7,18.3,79,8,0,0.0,0,3.5
CUST-106047,78.8,Low Risk (Healthy),24,90.5,101.9,3974,12,1,2.9,0,4.0
CUST-106048,19.6,High Risk (Critical),1,28.5,9.5,2,14,1,34.1,0,3.0
CUST-106049,81.2,Low Risk (Healthy),25,89.4,72.9,116,14,0,0.0,0,3.5
CUST-106050,72.8,Low Risk (Healthy),18,92.5,88.1,60,12,0,0.0,0,3.5
CUST-106051,18.8,High Risk (Critical),7,43.3,6.1,79,40,4,43.8,0,3.0
CUST-106052,66.0,Medium Risk (Warning),20,84.4,86.9,94,41,1,23.9,0,3.5
CUST-106053,87.3,Low Risk (Healthy),27,93.8,32.2,57,42,1,22.4,0,5.0
CUST-106054,77.8,Low Risk (Healthy),27,69.3,78.5,3689,45,0,0.0,0,3.5
CUST-106055,66.5,Medium Risk (Warning),22,53.8,91.9,2757,36,0,0.0,0,3.5
CUST-106056,73.6,Low Risk (Healthy),26,59.9,38.0,2850,25,0,0.0,0,3.5
CUST-106057,24.2,High Risk (Critical),13,30.1,10.4,25,1,2,17.3,1,3.0
CUST-106058,5.0,High Risk (Critical),1,23.9,14.6,95,39,1,60.1,0,1.0
CUST-106059,5.0,High Risk (Critical),5,38.3,20.3,40,27,1,57.3,1,1.0
CUST-106060,30.2,High Risk (Critical),13,43.6,4.3,108,39,1,66.1,0,2.0
CUST-106061,5.0,High Risk (Critical),2,11.0,11.0,58,6,1,57.3,1,2.0
CUST-106062,5.0,High Risk (Critical),6,31.9,20.0,144,36,2,61.8,1,1.0
CUST-106063,7.2,High Risk (Critical),2,30.7,10.7,28,1,1,69.3,1,3.0
CUST-106064,73.1,Low Risk (Healthy),24,79.1,109.9,2198,24,1,21.3,0,4.0
CUST-106065,58.7,Medium Risk (Warning),16,54.5,38.7,580,7,0,0.0,0,3.5
CUST-106066,59.3,Medium Risk (Warning),17,52.0,95.8,60,5,0,0.0,0,3.5
CUST-106067,37.6,High Risk (Critical),10,10.8,21.7,86,23,0,0.0,0,3.5
CUST-106068,5.0,High Risk (Critical),7,31.8,5.4,86,27,2,36.9,1,1.0
CUST-106069,17.2,High Risk (Critical),9,10.4,5.0,80,41,1,15.2,1,3.0
CUST-106070,73.1,Low Risk (Healthy),17,84.3,81.1,95,22,1,7.2,0,5.0
CUST-106071,85.5,Low Risk (Healthy),29,86.2,103.8,127,18,0,0.0,0,3.5
CUST-106072,71.4,Low Risk (Healthy),16,89.9,95.3,19,32,1,23.4,0,5.0
CUST-106073,57.8,Medium Risk (Warning),15,91.2,41.6,105,40,2,20.4,0,3.5
CUST-106074,20.5,High Risk (Critical),7,44.8,15.8,150,4,2,50.2,0,2.0
CUST-106075,68.6,Medium Risk (Warning),24,52.1,49.9,3293,3,0,0.0,0,3.5
CUST-106076,23.8,High Risk (Critical),13,41.1,20.3,4,41,2,47.1,1,3.0
CUST-106077,17.4,High Risk (Critical),14,16.9,10.3,98,14,1,66.9,0,1.0
CUST-106078,13.8,High Risk (Critical),1,22.1,8.6,122,9,1,65.7,0,3.0
CUST-106079,7.9,High Risk (Critical),10,25.1,21.4,93,32,4,14.6,1,2.0
CUST-106080,62.2,Medium Risk (Warning),20,51.6,91.2,5198,12,2,15.5,0,5.0
CUST-106081,74.3,Low Risk (Healthy),26,62.1,53.5,1658,11,0,0.0,0,3.5
CUST-106082,17.1,High Risk (Critical),11,27.3,13.5,149,16,1,62.3,0,1.0
CUST-106083,21.5,High Risk (Critical),11,25.3,21.7,93,42,2,38.3,0,2.0
CUST-106084,8.0,High Risk (Critical),6,15.2,15.2,18,23,2,36.4,1,3.0
CUST-106085,77.1,Low Risk (Healthy),28,85.1,50.2,2610,21,1,22.0,0,3.5
CUST-106086,6.4,High Risk (Critical),1,44.7,15.0,18,19,2,50.5,0,1.0
CUST-106087,55.9,Medium Risk (Warning),16,58.4,79.1,94,42,1,23.9,0,4.0
CUST-106088,19.7,High Risk (Critical),6,44.3,15.3,58,26,1,44.7,1,3.0
CUST-106089,66.8,Medium Risk (Warning),17,77.1,32.1,1572,5,0,0.0,0,3.5
CUST-106090,76.4,Low Risk (Healthy),28,60.2,97.8,105,10,0,0.0,0,3.5
CUST-106091,11.9,High Risk (Critical),10,38.5,16.5,122,37,4,42.8,1,2.0
CUST-106092,66.7,Medium Risk (Warning),19,55.7,79.5,109,6,1,10.6,0,5.0
CUST-106093,79.5,Low Risk (Healthy),29,66.1,86.9,0,3,0,0.0,0,3.5
CUST-106094,31.2,High Risk (Critical),4,16.1,14.4,96,0,0,0.0,0,3.5
CUST-106095,14.5,High Risk (Critical),6,30.8,18.9,109,13,1,53.9,1,3.0
CUST-106096,18.5,High Risk (Critical),3,10.8,18.4,17,45,1,21.7,0,3.0
CUST-106097,81.0,Low Risk (Healthy),29,83.1,63.5,127,12,1,21.0,0,4.0
CUST-106098,76.5,Low Risk (Healthy),23,74.1,76.8,148,19,1,18.8,0,5.0
CUST-106099,37.2,High Risk (Critical),13,35.2,20.2,110,35,1,37.6,0,3.0
CUST-106100,14.4,High Risk (Critical),2,42.0,9.2,130,22,1,39.1,1,3.0
CUST-106101,40.2,High Risk (Critical),7,32.9,13.0,36,24,0,0.0,0,3.5
CUST-106102,63.2,Medium Risk (Warning),18,60.7,46.0,45,34,0,0.0,0,3.5
CUST-106103,29.2,High Risk (Critical),14,39.0,18.8,105,33,2,41.6,0,2.0
CUST-106104,67.8,Medium Risk (Warning),19,76.9,43.4,150,39,1,4.8,0,4.0
CUST-106105,5.0,High Risk (Critical),5,22.6,19.0,58,0,3,48.2,1,2.0
CUST-106106,29.8,High Risk (Critical),9,34.3,21.0,114,2,2,19.8,0,3.0
CUST-106107,8.8,High Risk (Critical),2,31.6,9.7,64,12,2,26.7,1,3.0
CUST-106108,12.0,High Risk (Critical),10,19.0,6.7,15,17,4,63.0,1,3.0
CUST-106109,75.8,Low Risk (Healthy),20,93.7,86.0,3784,43,0,0.0,0,3.5
CUST-106110,13.4,High Risk (Critical),12,14.6,10.7,143,21,3,69.6,1,3.0
CUST-106111,22.2,High Risk (Critical),13,39.6,7.1,6,4,3,71.8,1,3.0
CUST-106112,68.8,Medium Risk (Warning),21,73.9,36.8,88,2,1,11.0,0,4.0
CUST-106113,5.0,High Risk (Critical),2,13.2,9.5,119,18,3,66.6,0,2.0
CUST-106114,75.1,Low Risk (Healthy),24,86.2,55.3,2322,30,1,22.0,0,4.0
CUST-106115,76.5,Low Risk (Healthy),26,69.4,67.3,12,11,0,0.0,0,3.5
CUST-106116,40.5,High Risk (Critical),10,20.6,18.9,13,4,0,0.0,0,3.5
CUST-106117,25.9,High Risk (Critical),11,13.5,20.1,123,44,1,54.8,0,3.0
CUST-106118,63.1,Medium Risk (Warning),16,69.3,87.4,111,25,0,0.0,0,3.5
CUST-106119,64.6,Medium Risk (Warning),20,56.4,26.8,991,38,0,0.0,0,3.5
CUST-106120,5.0,High Risk (Critical),6,43.8,7.7,104,16,2,50.9,1,1.0
CUST-106121,74.2,Low Risk (Healthy),25,50.8,34.7,5,17,1,3.1,0,5.0
CUST-106122,13.3,High Risk (Critical),11,25.8,17.7,133,26,2,56.5,0,1.0
CUST-106123,65.9,Medium Risk (Warning),17,62.7,72.3,5567,19,1,12.4,0,5.0
CUST-106124,17.7,High Risk (Critical),11,27.6,21.6,48,40,1,26.0,1,2.0
CUST-106125,66.1,Medium Risk (Warning),18,70.4,94.8,122,15,0,0.0,0,3.5
CUST-106126,21.5,High Risk (Critical),8,43.6,11.8,130,28,3,18.2,0,2.0
CUST-106127,21.9,High Risk (Critical),11,28.3,15.1,103,15,2,42.4,0,2.0
CUST-106128,37.5,High Risk (Critical),10,10.6,20.1,88,34,0,0.0,0,3.5
CUST-106129,7.0,High Risk (Critical),14,24.3,11.2,8,19,3,66.9,1,1.0
CUST-106130,88.5,Low Risk (Healthy),28,91.6,70.3,125,38,1,18.8,0,5.0
CUST-106131,77.6,Low Risk (Healthy),21,84.6,65.3,3526,43,1,14.5,0,5.0
CUST-106132,42.9,High Risk (Critical),11,24.2,7.5,78,15,0,0.0,0,3.5
CUST-106133,54.6,Medium Risk (Warning),15,64.5,87.2,4,11,2,6.0,0,4.0
CUST-106134,59.7,Medium Risk (Warning),17,53.5,51.9,94,23,0,0.0,0,3.5
CUST-106135,19.1,High Risk (Critical),2,20.5,17.7,30,2,1,29.9,0,3.0
CUST-106136,66.0,Medium Risk (Warning),17,74.4,26.0,60,34,0,0.0,0,3.5
CUST-106137,81.3,Low Risk (Healthy),27,80.9,88.2,82,6,0,0.0,0,3.5
CUST-106138,5.0,High Risk (Critical),3,30.5,16.2,67,11,1,49.1,1,1.0
CUST-106139,7.4,High Risk (Critical),6,12.3,12.8,104,36,2,66.5,0,2.0
CUST-106140,71.4,Low Risk (Healthy),28,62.5,47.4,129,30,1,13.7,0,3.5
CUST-106141,69.9,Medium Risk (Warning),22,85.4,49.5,57,35,2,8.3,0,4.0
CUST-106142,20.9,High Risk (Critical),1,41.7,18.7,15,36,1,55.2,0,3.0
CUST-106143,58.5,Medium Risk (Warning),15,58.3,103.6,28,18,0,0.0,0,3.5
CUST-106144,64.5,Medium Risk (Warning),21,83.7,109.0,5995,39,2,12.9,0,3.5
CUST-106145,65.6,Medium Risk (Warning),22,50.9,44.7,23,45,0,0.0,0,3.5
CUST-106146,37.7,High Risk (Critical),10,11.3,20.6,95,2,0,0.0,0,3.5
CUST-106147,13.2,High Risk (Critical),7,37.8,5.4,60,17,2,43.8,0,1.0
CUST-106148,27.9,High Risk (Critical),11,36.9,14.5,55,25,1,14.5,1,3.0
CUST-106149,18.7,High Risk (Critical),11,36.8,13.8,53,22,4,20.0,1,3.0
CUST-106150,72.5,Low Risk (Healthy),23,79.0,43.2,135,24,1,15.3,0,4.0
CUST-106151,28.9,High Risk (Critical),3,13.1,7.8,58,27,0,0.0,0,3.5
CUST-106152,73.7,Low Risk (Healthy),27,55.8,53.1,2442,29,0,0.0,0,3.5
CUST-106153,5.0,High Risk (Critical),6,37.3,16.0,88,28,2,18.2,1,1.0
CUST-106154,67.7,Medium Risk (Warning),25,52.3,78.0,41,3,1,10.6,0,4.0
CUST-106155,83.3,Low Risk (Healthy),28,83.2,37.3,2200,0,0,0.0,0,3.5
CUST-106156,67.7,Medium Risk (Warning),19,60.2,63.7,26,28,1,13.9,0,5.0
CUST-106157,20.3,High Risk (Critical),13,30.4,16.0,140,21,2,49.4,1,3.0
CUST-106158,53.9,Medium Risk (Warning),17,53.7,69.3,142,4,1,15.1,0,3.5
CUST-106159,68.6,Medium Risk (Warning),21,65.4,101.2,2934,12,0,0.0,0,3.5
CUST-106160,32.3,High Risk (Critical),2,28.8,14.5,86,33,0,0.0,0,3.5
CUST-106161,22.1,High Risk (Critical),11,20.7,20.0,104,30,2,70.4,0,3.0
CUST-106162,69.9,Medium Risk (Warning),17,80.2,81.0,53,17,1,23.0,0,5.0
CUST-106163,68.2,Medium Risk (Warning),18,77.1,103.7,6636,44,2,7.2,0,5.0
CUST-106164,17.8,High Risk (Critical),7,23.1,6.8,34,29,2,20.0,0,2.0
CUST-106165,5.0,High Risk (Critical),2,34.5,18.0,118,34,4,16.7,1,2.0
CUST-106166,32.9,High Risk (Critical),14,15.6,15.2,53,32,1,35.2,0,3.0
CUST-106167,79.8,Low Risk (Healthy),29,67.0,81.5,115,10,0,0.0,0,3.5
CUST-106168,54.9,Medium Risk (Warning),15,70.4,63.5,14,5,2,17.4,0,4.0
CUST-106169,16.9,High Risk (Critical),4,31.0,4.6,77,13,2,61.7,0,3.0
CUST-106170,24.1,High Risk (Critical),14,15.4,18.7,14,25,2,25.3,0,2.0
CUST-106171,19.1,High Risk (Critical),4,16.9,20.0,121,17,1,42.5,0,3.0
CUST-106172,17.6,High Risk (Critical),3,18.0,13.8,105,35,2,14.2,0,3.0
CUST-106173,75.2,Low Risk (Healthy),29,50.4,52.7,3056,24,2,4.3,0,5.0
CUST-106174,77.6,Low Risk (Healthy),26,73.2,84.2,79,43,0,0.0,0,3.5
CUST-106175,74.2,Low Risk (Healthy),24,70.6,75.6,1,39,0,0.0,0,3.5
CUST-106176,79.3,Low Risk (Healthy),29,63.7,64.0,61,39,2,3.8,0,5.0
CUST-106177,69.3,Medium Risk (Warning),21,67.6,54.8,61,38,0,0.0,0,3.5
CUST-106178,61.2,Medium Risk (Warning),19,61.8,109.5,126,35,1,21.2,0,4.0
CUST-106179,60.5,Medium Risk (Warning),15,77.7,39.6,2811,35,1,22.4,0,4.0
CUST-106180,76.0,Low Risk (Healthy),19,84.2,74.8,2094,23,1,5.1,0,5.0
CUST-106181,40.4,High Risk (Critical),9,24.5,18.3,110,15,0,0.0,0,3.5
CUST-106182,71.4,Low Risk (Healthy),26,52.6,101.2,1821,14,0,0.0,0,3.5
CUST-106183,30.2,High Risk (Critical),4,13.0,8.9,19,41,0,0.0,0,3.5
CUST-106184,5.0,High Risk (Critical),1,23.0,6.6,73,16,2,62.3,1,2.0
CUST-106185,5.0,High Risk (Critical),2,11.7,14.6,94,41,4,55.3,0,1.0
CUST-106186,79.2,Low Risk (Healthy),25,91.6,28.4,1846,17,1,13.3,0,4.0
CUST-106187,15.5,High Risk (Critical),8,34.0,18.3,122,34,2,42.8,1,3.0
CUST-106188,63.9,Medium Risk (Warning),28,54.4,51.7,1292,36,2,21.8,0,3.5
CUST-106189,68.2,Medium Risk (Warning),24,53.2,53.5,1016,42,2,14.3,0,5.0
CUST-106190,60.9,Medium Risk (Warning),16,73.8,44.8,1523,39,1,20.2,0,4.0
CUST-106191,9.0,High Risk (Critical),3,35.4,16.2,71,35,1,61.3,0,1.0
CUST-106192,23.0,High Risk (Critical),4,38.4,11.8,135,22,1,63.2,0,3.0
CUST-106193,32.5,High Risk (Critical),2,29.4,16.1,140,33,0,0.0,0,3.5
CUST-106194,73.3,Low Risk (Healthy),24,57.7,40.7,104,3,1,16.1,0,5.0
CUST-106195,75.0,Low Risk (Healthy),21,86.6,76.1,107,21,0,0.0,0,3.5
CUST-106196,34.4,High Risk (Critical),12,43.8,16.4,73,22,2,37.8,0,3.0
CUST-106197,5.0,High Risk (Critical),3,16.4,5.4,133,32,3,36.6,0,2.0
CUST-106198,83.6,Low Risk (Healthy),26,79.5,94.2,1318,8,1,7.2,0,5.0
CUST-106199,30.4,High Risk (Critical),13,26.8,15.8,43,32,1,23.7,0,2.0
CUST-106200,16.6,High Risk (Critical),4,40.8,17.8,25,35,4,23.9,0,3.0
CUST-106201,42.4,High Risk (Critical),11,22.5,19.8,36,1,0,0.0,0,3.5
CUST-106202,5.0,High Risk (Critical),12,14.9,11.8,90,30,2,42.4,1,1.0
CUST-106203,45.3,Medium Risk (Warning),11,32.0,10.6,117,19,0,0.0,0,3.5
CUST-106204,66.9,Medium Risk (Warning),21,50.9,104.7,3455,15,1,18.7,0,5.0
CUST-106205,65.0,Medium Risk (Warning),20,83.7,101.7,5796,30,2,22.3,0,4.0
CUST-106206,82.3,Low Risk (Healthy),27,84.4,56.1,22,36,0,0.0,0,3.5
CUST-106207,5.0,High Risk (Critical),4,40.6,11.4,29,37,4,45.0,1,2.0
CUST-106208,64.3,Medium Risk (Warning),16,88.8,64.6,3552,34,1,5.2,0,3.5
CUST-106209,15.9,High Risk (Critical),9,26.0,14.1,66,15,1,63.5,1,3.0
CUST-106210,31.0,High Risk (Critical),13,19.5,5.0,115,40,2,17.4,0,3.0
CUST-106211,5.0,High Risk (Critical),2,11.2,19.4,112,6,2,48.1,1,3.0
CUST-106212,5.0,High Risk (Critical),5,12.7,20.7,89,23,1,33.4,1,1.0
CUST-106213,68.5,Medium Risk (Warning),19,73.8,98.9,76,9,0,0.0,0,3.5
CUST-106214,50.0,Medium Risk (Warning),12,43.4,5.2,5,17,0,0.0,0,3.5
CUST-106215,66.6,Medium Risk (Warning),19,67.5,42.0,2058,41,0,0.0,0,3.5
CUST-106216,83.4,Low Risk (Healthy),28,83.4,92.7,129,43,0,0.0,0,3.5
CUST-106217,84.1,Low Risk (Healthy),29,81.5,104.8,101,27,0,0.0,0,3.5
CUST-106218,29.5,High Risk (Critical),8,44.1,13.6,68,11,1,19.3,0,2.0
CUST-106219,66.7,Medium Risk (Warning),23,50.0,63.6,3243,27,0,0.0,0,3.5
CUST-106220,41.7,High Risk (Critical),7,37.9,12.5,58,24,0,0.0,0,3.5
CUST-106221,5.0,High Risk (Critical),2,31.6,12.9,31,44,3,13.1,0,1.0
CUST-106222,11.0,High Risk (Critical),5,14.2,11.1,75,45,1,63.6,0,2.0
CUST-106223,65.0,Medium Risk (Warning),15,79.9,53.0,2491,45,0,0.0,0,3.5
CUST-106224,22.7,High Risk (Critical),14,15.3,14.0,20,23,1,68.8,0,2.0
CUST-106225,77.3,Low Risk (Healthy),21,94.3,29.1,136,15,0,0.0,0,3.5
CUST-106226,7.7,High Risk (Critical),12,24.1,12.0,35,18,5,12.5,0,1.0
CUST-106227,65.8,Medium Risk (Warning),24,67.9,47.8,669,26,2,20.2,0,4.0
CUST-106228,5.1,High Risk (Critical),6,13.5,11.6,141,24,5,63.9,1,3.0
CUST-106229,70.5,Low Risk (Healthy),17,89.4,101.7,84,7,0,0.0,0,3.5
CUST-106230,14.4,High Risk (Critical),7,32.7,12.2,58,4,2,22.1,0,1.0
CUST-106231,62.8,Medium Risk (Warning),15,72.5,69.1,148,29,0,0.0,0,3.5
CUST-106232,46.1,Medium Risk (Warning),13,25.9,12.3,123,31,0,0.0,0,3.5
CUST-106233,19.4,High Risk (Critical),7,41.0,17.1,74,25,2,49.8,0,2.0
CUST-106234,5.0,High Risk (Critical),11,29.3,19.4,122,35,3,54.3,1,1.0
CUST-106235,68.5,Medium Risk (Warning),20,69.4,73.9,16,45,0,0.0,0,3.5
CUST-106236,25.8,High Risk (Critical),11,44.1,5.7,31,0,2,48.8,0,2.0
CUST-106237,5.0,High Risk (Critical),4,14.1,7.4,1,14,2,71.3,0,2.0
CUST-106238,71.5,Low Risk (Healthy),27,69.2,89.2,4460,0,1,17.9,0,3.5
CUST-106239,67.2,Medium Risk (Warning),15,87.3,97.3,37,6,0,0.0,0,3.5
CUST-106240,14.1,High Risk (Critical),4,11.4,18.9,22,12,2,37.0,0,3.0
CUST-106241,68.2,Medium Risk (Warning),25,56.5,105.6,6441,36,1,16.4,0,4.0
CUST-106242,36.1,High Risk (Critical),14,26.9,6.5,33,38,1,37.3,0,3.0
CUST-106243,70.0,Low Risk (Healthy),18,88.8,37.4,120,43,1,5.1,0,4.0
CUST-106244,5.4,High Risk (Critical),5,44.0,20.2,100,30,1,51.5,1,1.0
CUST-106245,25.8,High Risk (Critical),1,11.7,18.7,93,19,0,0.0,0,3.5
CUST-106246,50.6,Medium Risk (Warning),17,74.0,55.7,146,22,4,18.4,0,4.0
CUST-106247,5.0,High Risk (Critical),4,18.9,15.4,29,23,1,25.3,1,1.0
CUST-106248,28.0,High Risk (Critical),9,30.3,13.6,48,39,1,56.8,0,3.0
CUST-106249,67.1,Medium Risk (Warning),17,87.0,43.8,51,38,1,13.0,0,4.0
CUST-106250,7.8,High Risk (Critical),8,35.2,7.7,87,1,1,43.8,1,1.0
CUST-106251,68.9,Medium Risk (Warning),18,92.2,47.3,31,3,1,21.8,0,4.0
CUST-106252,33.3,High Risk (Critical),14,40.8,20.6,57,10,2,12.9,0,2.0
CUST-106253,63.4,Medium Risk (Warning),21,56.9,73.8,5904,4,1,13.4,0,4.0
CUST-106254,70.2,Low Risk (Healthy),17,88.3,73.2,65,17,0,0.0,0,3.5
CUST-106255,5.0,High Risk (Critical),6,13.1,8.7,17,28,3,45.7,1,1.0
CUST-106256,23.1,High Risk (Critical),11,26.6,18.5,101,21,1,28.0,1,3.0
CUST-106257,25.3,High Risk (Critical),6,36.0,6.3,12,41,2,27.9,0,3.0
CUST-106258,7.3,High Risk (Critical),10,23.2,9.8,126,9,3,45.6,1,2.0
CUST-106259,5.0,High Risk (Critical),14,12.5,20.1,69,32,7,63.8,1,1.0
CUST-106260,15.6,High Risk (Critical),7,43.4,9.8,8,38,2,38.3,0,1.0
CUST-106261,66.6,Medium Risk (Warning),21,58.7,52.3,116,37,0,0.0,0,3.5
CUST-106262,17.6,High Risk (Critical),10,37.7,21.5,134,45,3,61.0,1,3.0
CUST-106263,66.2,Medium Risk (Warning),29,56.3,89.1,2405,43,3,11.0,0,4.0
CUST-106264,49.4,Medium Risk (Warning),14,32.3,12.3,46,17,0,0.0,0,3.5
CUST-106265,38.3,High Risk (Critical),3,44.3,11.6,3,3,0,0.0,0,3.5
CUST-106266,76.4,Low Risk (Healthy),27,64.6,67.7,139,29,0,0.0,0,3.5
CUST-106267,7.9,High Risk (Critical),4,29.7,6.7,72,37,3,50.7,0,2.0
CUST-106268,65.6,Medium Risk (Warning),18,79.6,91.3,40,31,1,18.0,0,4.0
CUST-106269,13.7,High Risk (Critical),3,17.4,4.7,9,39,2,44.0,0,3.0
CUST-106270,65.5,Medium Risk (Warning),22,56.5,33.1,66,34,1,6.5,0,4.0
CUST-106271,11.9,High Risk (Critical),4,43.7,8.9,9,20,2,36.0,0,1.0
CUST-106272,64.6,Medium Risk (Warning),17,69.7,31.7,1616,15,0,0.0,0,3.5
CUST-106273,13.0,High Risk (Critical),5,32.1,4.5,79,25,1,42.1,0,1.0
CUST-106274,70.8,Low Risk (Healthy),27,80.5,85.2,133,10,3,11.0,0,4.0
CUST-106275,20.6,High Risk (Critical),9,15.6,11.7,93,32,2,48.7,0,3.0
CUST-106276,37.1,High Risk (Critical),7,22.7,9.3,70,45,0,0.0,0,3.5
CUST-106277,27.1,High Risk (Critical),10,15.8,7.3,86,40,1,40.1,0,3.0
CUST-106278,24.0,High Risk (Critical),14,29.5,8.9,50,27,1,44.2,0,1.0
CUST-106279,15.3,High Risk (Critical),5,11.9,11.8,75,1,2,39.8,0,3.0
CUST-106280,14.9,High Risk (Critical),7,41.8,12.5,119,24,1,71.8,0,1.0
CUST-106281,5.0,High Risk (Critical),11,10.6,20.2,114,8,5,60.1,0,2.0
CUST-106282,23.1,High Risk (Critical),14,34.6,4.5,54,41,1,31.6,1,2.0
CUST-106283,74.2,Low Risk (Healthy),26,61.7,34.6,99,16,0,0.0,0,3.5
CUST-106284,54.8,Medium Risk (Warning),15,64.1,102.9,134,4,1,11.6,0,3.5
CUST-106285,5.0,High Risk (Critical),12,16.1,12.9,21,42,1,66.4,1,1.0
CUST-106286,22.7,High Risk (Critical),13,24.2,5.6,98,10,2,15.1,1,3.0
CUST-106287,74.8,Low Risk (Healthy),26,63.7,95.4,85,30,0,0.0,0,3.5
CUST-106288,75.0,Low Risk (Healthy),22,82.1,61.7,987,27,0,0.0,0,3.5
CUST-106289,30.8,High Risk (Critical),5,10.3,12.5,143,17,0,0.0,0,3.5
CUST-106290,83.1,Low Risk (Healthy),28,66.8,61.3,34,35,1,2.1,0,5.0
CUST-106291,16.6,High Risk (Critical),9,38.8,11.4,84,25,3,55.9,1,3.0
CUST-106292,70.6,Low Risk (Healthy),24,58.7,72.7,129,30,0,0.0,0,3.5
CUST-106293,16.4,High Risk (Critical),4,13.5,21.2,142,17,2,23.9,0,3.0
CUST-106294,34.3,High Risk (Critical),14,30.5,13.0,15,40,2,28.3,0,3.0
CUST-106295,12.1,High Risk (Critical),8,19.7,17.1,39,2,3,36.1,0,2.0
CUST-106296,65.1,Medium Risk (Warning),21,53.7,91.7,3301,37,0,0.0,0,3.5
CUST-106297,21.0,High Risk (Critical),13,44.9,13.5,120,13,2,62.7,0,1.0
CUST-106298,5.0,High Risk (Critical),8,27.0,6.9,87,32,1,63.1,1,1.0
CUST-106299,81.4,Low Risk (Healthy),28,78.3,106.6,2558,19,2,11.3,0,5.0
CUST-106300,42.3,High Risk (Critical),11,22.2,10.7,104,8,0,0.0,0,3.5
CUST-106301,83.5,Low Risk (Healthy),29,66.8,43.7,125,6,1,9.8,0,5.0
CUST-106302,12.2,High Risk (Critical),5,41.5,21.4,24,14,1,39.0,1,2.0
CUST-106303,67.8,Medium Risk (Warning),27,61.4,90.8,133,28,2,21.3,0,4.0
CUST-106304,60.4,Medium Risk (Warning),15,71.3,62.1,47,39,2,23.7,0,5.0
CUST-106305,61.4,Medium Risk (Warning),17,59.2,38.0,2508,29,0,0.0,0,3.5
CUST-106306,13.9,High Risk (Critical),7,16.6,9.2,3,38,1,35.0,1,3.0
CUST-106307,70.9,Low Risk (Healthy),25,65.1,44.9,673,8,1,15.5,0,4.0
CUST-106308,71.3,Low Risk (Healthy),17,92.1,31.7,919,31,0,0.0,0,3.5
CUST-106309,34.6,High Risk (Critical),1,40.9,14.2,72,26,0,0.0,0,3.5
CUST-106310,47.1,Medium Risk (Warning),14,24.7,17.1,13,21,0,0.0,0,3.5
CUST-106311,57.8,Medium Risk (Warning),15,58.3,51.9,2595,36,2,13.5,0,5.0
CUST-106312,38.4,High Risk (Critical),3,44.7,14.4,132,38,0,0.0,0,3.5
CUST-106313,74.1,Low Risk (Healthy),27,57.0,94.3,23,12,0,0.0,0,3.5
CUST-106314,5.0,High Risk (Critical),9,25.9,14.3,39,21,1,69.9,1,1.0
CUST-106315,13.1,High Risk (Critical),14,44.9,8.9,65,44,6,25.0,0,1.0
CUST-106316,13.7,High Risk (Critical),7,35.0,12.1,99,29,3,16.8,1,3.0
CUST-106317,22.5,High Risk (Critical),9,21.7,6.0,125,41,3,16.4,0,3.0
CUST-106318,49.1,Medium Risk (Warning),13,36.0,6.7,8,7,0,0.0,0,3.5
CUST-106319,5.0,High Risk (Critical),4,26.9,20.5,116,7,3,31.6,1,1.0
CUST-106320,35.5,High Risk (Critical),5,26.0,12.1,3,23,0,0.0,0,3.5
CUST-106321,69.1,Medium Risk (Warning),24,53.8,82.8,4968,12,0,0.0,0,3.5
CUST-106322,5.0,High Risk (Critical),3,21.5,14.9,133,11,4,33.9,0,2.0
CUST-106323,5.0,High Risk (Critical),6,23.5,7.3,36,42,2,63.5,1,2.0
CUST-106324,67.1,Medium Risk (Warning),16,82.7,35.0,123,23,0,0.0,0,3.5
CUST-106325,76.2,Low Risk (Healthy),21,90.5,56.9,53,2,0,0.0,0,3.5
CUST-106326,20.0,High Risk (Critical),11,10.7,13.1,72,44,3,30.8,0,3.0
CUST-106327,60.3,Medium Risk (Warning),16,62.5,83.8,91,13,2,14.4,0,5.0
CUST-106328,24.2,High Risk (Critical),4,21.3,13.2,140,37,1,12.5,0,3.0
CUST-106329,23.2,High Risk (Critical),8,39.6,20.9,30,30,1,26.8,1,3.0
CUST-106330,77.3,Low Risk (Healthy),21,94.3,100.2,22,36,0,0.0,0,3.5
CUST-106331,29.5,High Risk (Critical),12,24.4,13.9,29,1,1,14.9,0,2.0
CUST-106332,76.6,Low Risk (Healthy),25,74.2,93.6,66,39,0,0.0,0,3.5
CUST-106333,5.0,High Risk (Critical),1,12.4,16.9,48,24,3,24.4,1,3.0
CUST-106334,23.0,High Risk (Critical),13,34.5,19.4,73,0,2,69.3,0,2.0
CUST-106335,5.0,High Risk (Critical),3,17.2,4.3,100,32,5,67.8,0,3.0
CUST-106336,39.7,High Risk (Critical),7,31.3,16.8,33,32,0,0.0,0,3.5
CUST-106337,54.3,Medium Risk (Warning),17,50.1,27.5,90,19,1,2.8,0,3.5
CUST-106338,74.4,Low Risk (Healthy),27,58.1,77.0,7,30,0,0.0,0,3.5
CUST-106339,32.0,High Risk (Critical),5,14.3,19.1,23,36,0,0.0,0,3.5
CUST-106340,5.0,High Risk (Critical),9,19.0,17.8,20,31,3,16.8,1,1.0
CUST-106341,71.7,Low Risk (Healthy),21,75.5,44.0,35,38,0,0.0,0,3.5
CUST-106342,49.4,Medium Risk (Warning),15,53.0,97.3,2821,39,2,20.3,0,4.0
CUST-106343,9.3,High Risk (Critical),13,36.4,16.4,109,17,2,68.0,1,1.0
CUST-106344,68.6,Medium Risk (Warning),15,91.9,89.1,6237,11,0,0.0,0,3.5
CUST-106345,5.5,High Risk (Critical),12,10.6,18.1,57,32,3,61.3,0,1.0
CUST-106346,29.1,High Risk (Critical),2,18.2,16.1,3,34,0,0.0,0,3.5
CUST-106347,15.4,High Risk (Critical),2,24.4,21.4,132,11,2,36.4,0,3.0
CUST-106348,78.9,Low Risk (Healthy),23,90.7,91.9,63,30,0,0.0,0,3.5
CUST-106349,47.2,Medium Risk (Warning),12,34.0,16.1,53,31,0,0.0,0,3.5
CUST-106350,10.8,High Risk (Critical),14,16.2,12.4,64,7,2,53.9,1,2.0
CUST-106351,29.1,High Risk (Critical),2,18.0,4.5,150,27,0,0.0,0,3.5
CUST-106352,10.5,High Risk (Critical),14,16.2,18.9,56,29,3,63.4,1,2.0
CUST-106353,43.6,High Risk (Critical),7,44.1,6.1,88,15,0,0.0,0,3.5
CUST-106354,5.0,High Risk (Critical),6,16.4,14.3,49,20,4,26.0,1,2.0
CUST-106355,16.5,High Risk (Critical),8,20.2,5.2,132,42,1,66.0,0,2.0
CUST-106356,12.6,High Risk (Critical),9,21.5,12.4,13,39,3,46.5,0,2.0
CUST-106357,17.4,High Risk (Critical),8,28.2,18.4,25,35,1,29.9,0,1.0
CUST-106358,72.9,Low Risk (Healthy),22,78.9,67.3,20,35,2,16.6,0,5.0
CUST-106359,64.4,Medium Risk (Warning),16,79.8,51.7,1395,40,2,22.9,0,5.0
CUST-106360,72.5,Low Risk (Healthy),25,60.6,69.1,2833,27,0,0.0,0,3.5
CUST-106361,5.0,High Risk (Critical),7,17.8,17.0,2,9,3,37.1,1,2.0
CUST-106362,5.0,High Risk (Critical),2,34.1,17.6,20,25,1,49.6,1,1.0
CUST-106363,45.4,Medium Risk (Warning),9,41.4,9.2,123,9,0,0.0,0,3.5
CUST-106364,81.5,Low Risk (Healthy),28,77.1,58.0,4408,34,0,0.0,0,3.5
CUST-106365,77.2,Low Risk (Healthy),27,56.5,85.0,62,24,1,13.6,0,5.0
CUST-106366,67.3,Medium Risk (Warning),18,74.4,92.3,6922,21,0,0.0,0,3.5
CUST-106367,17.7,High Risk (Critical),10,12.5,4.3,130,14,1,27.4,1,3.0
CUST-106368,6.1,High Risk (Critical),10,37.3,15.6,62,4,4,67.0,0,1.0
CUST-106369,37.4,High Risk (Critical),9,14.5,7.5,110,42,0,0.0,0,3.5
CUST-106370,66.5,Medium Risk (Warning),18,69.5,96.5,19,5,2,2.7,0,5.0
CUST-106371,78.9,Low Risk (Healthy),26,84.5,68.9,142,5,1,9.1,0,4.0
CUST-106372,41.9,High Risk (Critical),12,16.2,5.9,137,45,0,0.0,0,3.5
CUST-106373,5.0,High Risk (Critical),2,16.6,11.3,5,12,1,52.9,1,2.0
CUST-106374,17.2,High Risk (Critical),10,18.8,20.0,45,9,1,30.1,0,1.0
CUST-106375,77.3,Low Risk (Healthy),23,94.1,56.2,1236,14,1,13.0,0,4.0
CUST-106376,5.0,High Risk (Critical),4,22.1,17.2,20,3,3,43.0,1,3.0
CUST-106377,5.0,High Risk (Critical),2,26.3,19.7,70,33,3,62.2,1,3.0
CUST-106378,5.0,High Risk (Critical),14,17.0,5.9,16,39,2,66.6,1,1.0
CUST-106379,92.1,Low Risk (Healthy),29,94.3,96.7,38,0,1,7.1,0,5.0
CUST-106380,75.0,Low Risk (Healthy),29,51.0,75.2,137,42,0,0.0,0,3.5
CUST-106381,68.3,Medium Risk (Warning),17,82.0,87.4,72,4,0,0.0,0,3.5
CUST-106382,5.6,High Risk (Critical),2,12.0,8.1,135,18,4,21.1,0,3.0
CUST-106383,26.8,High Risk (Critical),10,39.1,16.8,3,24,2,66.3,0,3.0
CUST-106384,80.1,Low Risk (Healthy),28,57.6,52.0,87,18,1,4.5,0,5.0
CUST-106385,41.3,High Risk (Critical),10,23.2,15.4,69,33,0,0.0,0,3.5
CUST-106386,48.1,Medium Risk (Warning),11,41.4,7.5,34,38,0,0.0,0,3.5
CUST-106387,5.0,High Risk (Critical),10,22.8,4.5,49,39,4,47.0,0,1.0
CUST-106388,11.4,High Risk (Critical),4,11.6,18.7,141,25,3,27.1,0,3.0
CUST-106389,63.0,Medium Risk (Warning),15,73.5,69.1,4837,8,0,0.0,0,3.5
CUST-106390,13.8,High Risk (Critical),5,18.8,7.3,117,7,2,68.1,0,3.0
CUST-106391,12.3,High Risk (Critical),3,38.2,22.0,107,17,1,57.3,1,3.0
CUST-106392,68.5,Medium Risk (Warning),26,61.7,72.1,1802,7,1,13.7,0,3.5
CUST-106393,80.7,Low Risk (Healthy),27,65.7,30.2,1932,43,1,8.1,0,5.0
CUST-106394,62.0,Medium Risk (Warning),19,52.2,31.4,20,29,0,0.0,0,3.5
CUST-106395,5.0,High Risk (Critical),1,13.9,14.8,74,36,4,69.5,0,1.0
CUST-106396,78.4,Low Risk (Healthy),22,93.6,68.9,86,20,0,0.0,0,3.5
CUST-106397,62.1,Medium Risk (Warning),17,61.3,77.1,146,41,0,0.0,0,3.5
CUST-106398,82.8,Low Risk (Healthy),28,68.9,39.8,43,24,1,9.5,0,5.0
CUST-106399,24.0,High Risk (Critical),2,30.9,17.3,134,13,1,15.2,0,3.0
CUST-106400,5.0,High Risk (Critical),10,12.0,15.4,122,20,2,62.6,1,1.0
CUST-106401,72.5,Low Risk (Healthy),25,67.6,57.8,4508,36,1,9.2,0,4.0
CUST-106402,77.0,Low Risk (Healthy),24,79.9,55.9,137,18,0,0.0,0,3.5
CUST-106403,68.5,Medium Risk (Warning),20,61.9,71.8,103,11,1,21.8,0,5.0
CUST-106404,68.5,Medium Risk (Warning),21,65.1,33.8,743,30,0,0.0,0,3.5
CUST-106405,64.5,Medium Risk (Warning),15,78.5,104.2,17,15,0,0.0,0,3.5
CUST-106406,14.1,High Risk (Critical),8,22.5,18.7,11,24,1,42.8,0,1.0
CUST-106407,5.0,High Risk (Critical),2,31.6,9.3,7,26,3,47.6,0,1.0
CUST-106408,69.5,Medium Risk (Warning),23,59.4,67.6,811,34,0,0.0,0,3.5
CUST-106409,20.4,High Risk (Critical),8,42.2,14.1,12,18,4,39.4,0,3.0
CUST-106410,27.2,High Risk (Critical),10,37.5,7.2,52,5,2,59.2,0,3.0
CUST-106411,18.4,High Risk (Critical),5,31.0,20.3,108,17,1,44.5,0,2.0
CUST-106412,12.3,High Risk (Critical),6,21.7,13.8,81,22,1,33.5,0,1.0
CUST-106413,5.0,High Risk (Critical),9,18.4,21.5,84,4,2,63.2,1,1.0
CUST-106414,40.6,High Risk (Critical),9,25.5,15.7,17,36,0,0.0,0,3.5
CUST-106415,73.3,Low Risk (Healthy),23,84.7,34.2,2599,12,1,22.1,0,4.0
CUST-106416,64.9,Medium Risk (Warning),15,68.7,54.5,4033,39,1,13.6,0,5.0
CUST-106417,81.6,Low Risk (Healthy),25,75.1,100.8,145,20,1,2.1,0,5.0
CUST-106418,61.7,Medium Risk (Warning),21,65.6,77.6,113,18,2,15.7,0,4.0
CUST-106419,65.6,Medium Risk (Warning),29,53.7,54.8,3288,22,2,17.7,0,3.5
CUST-106420,12.4,High Risk (Critical),9,26.6,6.3,76,4,1,44.6,1,2.0
CUST-106421,9.1,High Risk (Critical),11,24.9,11.1,107,23,3,33.2,1,2.0
CUST-106422,12.1,High Risk (Critical),5,20.0,5.2,148,27,1,20.2,0,1.0
CUST-106423,87.2,Low Risk (Healthy),29,91.7,108.7,3804,34,0,0.0,0,3.5
CUST-106424,5.0,High Risk (Critical),2,13.2,10.7,121,40,3,46.3,0,2.0
CUST-106425,5.0,High Risk (Critical),3,42.8,18.2,48,28,1,47.8,1,1.0
CUST-106426,18.3,High Risk (Critical),6,20.5,5.5,74,5,1,30.4,0,2.0
CUST-106427,8.1,High Risk (Critical),3,36.9,10.2,64,9,3,33.7,1,3.0
CUST-106428,6.2,High Risk (Critical),6,14.7,4.7,3,6,1,65.4,0,1.0
CUST-106429,22.7,High Risk (Critical),12,41.9,9.1,74,8,2,31.0,0,1.0
CUST-106430,58.4,Medium Risk (Warning),16,51.3,49.0,102,1,2,2.9,0,5.0
CUST-106431,5.0,High Risk (Critical),4,36.5,20.2,36,10,3,13.9,1,1.0
CUST-106432,67.5,Medium Risk (Warning),19,70.5,51.6,4076,31,0,0.0,0,3.5
CUST-106433,84.1,Low Risk (Healthy),26,94.8,39.7,2659,37,0,0.0,0,3.5
CUST-106434,32.8,High Risk (Critical),13,32.0,10.5,49,3,1,17.0,0,2.0
CUST-106435,7.9,High Risk (Critical),3,17.3,21.3,96,1,4,26.1,0,3.0
CUST-106436,16.2,High Risk (Critical),6,39.6,12.2,75,45,2,29.7,1,3.0
CUST-106437,5.0,High Risk (Critical),3,28.2,16.6,21,38,3,64.0,1,1.0
CUST-106438,33.4,High Risk (Critical),7,10.3,10.8,84,42,0,0.0,0,3.5
CUST-106439,82.1,Low Risk (Healthy),29,74.7,81.8,899,33,0,0.0,0,3.5
CUST-106440,26.3,High Risk (Critical),14,33.8,14.2,70,23,1,51.9,1,3.0
CUST-106441,62.2,Medium Risk (Warning),19,52.9,107.9,1942,12,0,0.0,0,3.5
CUST-106442,53.1,Medium Risk (Warning),16,60.9,90.1,2,41,2,20.1,0,4.0
CUST-106443,6.2,High Risk (Critical),1,28.2,8.1,144,32,1,44.4,0,1.0
CUST-106444,35.8,High Risk (Critical),3,36.1,18.6,133,7,0,0.0,0,3.5
CUST-106445,80.3,Low Risk (Healthy),27,77.8,54.6,57,17,0,0.0,0,3.5
CUST-106446,5.0,High Risk (Critical),1,12.3,18.4,110,21,3,43.7,0,2.0
CUST-106447,13.5,High Risk (Critical),13,10.6,8.9,71,33,4,31.0,1,3.0
CUST-106448,5.0,High Risk (Critical),3,32.6,11.8,59,43,3,46.3,0,1.0
CUST-106449,63.9,Medium Risk (Warning),18,62.9,52.6,128,45,0,0.0,0,3.5
CUST-106450,88.0,Low Risk (Healthy),29,94.5,39.6,125,5,0,0.0,0,3.5
CUST-106451,67.6,Medium Risk (Warning),17,79.8,64.0,768,24,0,0.0,0,3.5
CUST-106452,5.0,High Risk (Critical),1,37.1,12.4,91,3,3,40.5,1,2.0
CUST-106453,65.4,Medium Risk (Warning),25,62.0,90.9,117,32,2,20.1,0,4.0
CUST-106454,71.1,Low Risk (Healthy),19,67.2,75.0,5,17,1,3.1,0,5.0
CUST-106455,10.4,High Risk (Critical),13,20.1,18.5,12,7,4,12.2,1,2.0
CUST-106456,70.4,Low Risk (Healthy),21,71.4,72.1,78,30,0,0.0,0,3.5
CUST-106457,5.2,High Risk (Critical),9,20.8,11.1,86,21,2,71.4,1,2.0
CUST-106458,58.2,Medium Risk (Warning),22,54.8,65.9,4151,3,2,4.6,0,3.5
CUST-106459,16.6,High Risk (Critical),9,38.7,6.1,96,19,2,64.6,1,3.0
CUST-106460,5.0,High Risk (Critical),3,25.9,18.3,32,8,4,46.3,1,1.0
CUST-106461,74.4,Low Risk (Healthy),19,79.6,78.2,94,6,1,6.8,0,5.0
CUST-106462,61.3,Medium Risk (Warning),15,71.8,34.2,2736,42,1,2.0,0,4.0
CUST-106463,51.3,Medium Risk (Warning),19,52.1,90.9,45,35,3,13.6,0,4.0
CUST-106464,73.6,Low Risk (Healthy),20,86.6,81.6,145,18,0,0.0,0,3.5
CUST-106465,77.5,Low Risk (Healthy),28,63.8,87.3,47,25,0,0.0,0,3.5
CUST-106466,11.5,High Risk (Critical),14,19.6,18.9,38,44,6,38.0,1,2.0
CUST-106467,36.1,High Risk (Critical),4,32.7,12.6,43,13,0,0.0,0,3.5
CUST-106468,70.9,Low Risk (Healthy),24,74.9,62.4,3744,16,1,4.2,0,3.5
CUST-106469,21.2,High Risk (Critical),9,17.9,12.8,59,43,2,49.1,0,3.0
CUST-106470,11.9,High Risk (Critical),9,23.8,17.2,27,5,2,42.1,0,1.0
CUST-106471,9.4,High Risk (Critical),10,30.3,10.5,24,45,4,19.1,1,2.0
CUST-106472,62.2,Medium Risk (Warning),18,74.2,63.9,69,20,1,8.3,0,3.5
CUST-106473,24.6,High Risk (Critical),8,10.6,10.3,133,13,1,26.3,0,3.0
CUST-106474,82.6,Low Risk (Healthy),25,80.5,96.9,111,13,1,6.8,0,5.0
CUST-106475,70.4,Low Risk (Healthy),22,55.0,46.1,25,39,1,11.4,0,5.0
CUST-106476,73.2,Low Risk (Healthy),22,81.6,31.5,1228,30,1,4.6,0,4.0
CUST-106477,30.6,High Risk (Critical),13,16.0,20.1,28,28,1,44.4,0,3.0
CUST-106478,34.2,High Risk (Critical),4,26.2,10.6,141,22,0,0.0,0,3.5
CUST-106479,80.5,Low Risk (Healthy),27,78.1,42.8,1583,33,2,7.1,0,5.0
CUST-106480,20.8,High Risk (Critical),14,40.5,4.1,65,36,3,32.2,0,1.0
CUST-106481,15.1,High Risk (Critical),12,17.7,20.4,40,36,2,49.4,1,3.0
CUST-106482,9.8,High Risk (Critical),7,25.8,20.8,5,43,1,41.8,1,2.0
CUST-106483,80.3,Low Risk (Healthy),29,68.7,85.9,103,39,0,0.0,0,3.5
CUST-106484,64.5,Medium Risk (Warning),23,52.9,65.1,14,17,1,16.4,0,4.0
CUST-106485,81.4,Low Risk (Healthy),29,83.1,76.0,97,2,1,17.4,0,4.0
CUST-106486,16.7,High Risk (Critical),11,18.5,5.9,85,27,2,28.4,1,3.0
CUST-106487,72.0,Low Risk (Healthy),26,60.2,63.9,71,26,1,6.0,0,4.0
CUST-106488,67.1,Medium Risk (Warning),19,69.1,51.0,2346,1,0,0.0,0,3.5
CUST-106489,92.1,Low Risk (Healthy),29,94.6,40.8,2815,3,1,7.9,0,5.0
CUST-106490,29.6,High Risk (Critical),3,15.4,5.8,83,42,0,0.0,0,3.5
CUST-106491,34.7,High Risk (Critical),5,23.6,7.6,48,13,0,0.0,0,3.5
CUST-106492,42.0,High Risk (Critical),7,39.0,11.5,149,10,0,0.0,0,3.5
CUST-106493,38.4,High Risk (Critical),13,33.6,13.2,12,32,1,24.2,0,3.0
CUST-106494,12.6,High Risk (Critical),2,18.1,14.6,146,37,1,28.1,0,2.0
CUST-106495,26.5,High Risk (Critical),10,39.4,16.1,27,6,1,53.1,0,2.0
CUST-106496,11.6,High Risk (Critical),6,24.1,17.7,88,29,1,44.7,0,1.0
CUST-106497,19.2,High Risk (Critical),11,38.4,15.3,78,23,4,26.2,1,3.0
CUST-106498,58.6,Medium Risk (Warning),15,58.7,83.6,142,20,0,0.0,0,3.5
CUST-106499,77.3,Low Risk (Healthy),22,90.0,83.8,2430,45,0,0.0,0,3.5
CUST-106500,45.5,Medium Risk (Warning),11,32.7,15.4,67,37,0,0.0,0,3.5
CUST-106501,6.8,High Risk (Critical),12,17.2,13.7,136,12,1,51.1,1,1.0
CUST-106502,15.9,High Risk (Critical),8,19.6,14.6,101,18,1,69.1,0,2.0
CUST-106503,5.0,High Risk (Critical),3,14.3,21.7,31,3,2,50.6,1,3.0
CUST-106504,71.7,Low Risk (Healthy),16,86.9,48.3,6,26,1,13.9,0,5.0
CUST-106505,5.0,High Risk (Critical),13,12.4,17.2,128,14,3,43.7,1,1.0
CUST-106506,57.0,Medium Risk (Warning),26,56.3,52.7,1422,6,4,20.3,0,4.0
CUST-106507,69.8,Medium Risk (Warning),15,82.6,72.6,34,19,1,7.8,0,5.0
CUST-106508,42.3,High Risk (Critical),9,30.9,19.7,103,19,0,0.0,0,3.5
CUST-106509,6.8,High Risk (Critical),8,13.5,4.6,137,7,1,47.1,1,2.0
CUST-106510,15.9,High Risk (Critical),2,13.0,9.5,141,5,1,37.6,0,3.0
CUST-106511,67.7,Medium Risk (Warning),18,67.0,85.9,16,32,1,19.5,0,5.0
CUST-106512,66.1,Medium Risk (Warning),19,84.9,63.4,3994,5,1,13.6,0,3.5
CUST-106513,27.6,High Risk (Critical),13,32.9,17.1,8,35,2,28.5,0,2.0
CUST-106514,16.0,High Risk (Critical),11,27.8,10.8,111,44,3,51.2,1,3.0
CUST-106515,18.9,High Risk (Critical),1,42.6,20.5,26,27,1,26.1,0,2.0
CUST-106516,18.0,High Risk (Critical),7,35.0,14.4,6,2,2,14.4,1,3.0
CUST-106517,15.8,High Risk (Critical),3,27.7,7.6,15,20,1,36.2,0,2.0
CUST-106518,78.6,Low Risk (Healthy),25,80.9,72.8,70,36,0,0.0,0,3.5
CUST-106519,26.7,High Risk (Critical),2,10.1,11.1,89,8,0,0.0,0,3.5
CUST-106520,22.4,High Risk (Critical),6,19.4,16.1,81,11,1,43.3,0,3.0
CUST-106521,60.1,Medium Risk (Warning),18,50.4,53.0,17,6,0,0.0,0,3.5
CUST-106522,18.1,High Risk (Critical),9,16.7,13.8,9,26,3,39.5,0,3.0
CUST-106523,21.0,High Risk (Critical),12,31.0,14.1,102,21,1,18.2,1,2.0
CUST-106524,73.2,Low Risk (Healthy),20,85.2,49.8,3436,13,0,0.0,0,3.5
CUST-106525,64.8,Medium Risk (Warning),17,70.3,86.5,4325,9,0,0.0,0,3.5
CUST-106526,58.9,Medium Risk (Warning),17,66.9,82.7,50,39,1,6.3,0,3.5
CUST-106527,10.2,High Risk (Critical),3,20.5,13.6,12,7,1,63.8,0,2.0
CUST-106528,63.5,Medium Risk (Warning),15,84.4,95.7,3062,31,1,14.6,0,4.0
CUST-106529,64.8,Medium Risk (Warning),16,75.0,69.2,111,35,0,0.0,0,3.5
CUST-106530,14.2,High Risk (Critical),14,20.2,9.2,31,26,2,68.5,0,1.0
CUST-106531,35.0,High Risk (Critical),12,39.1,10.7,131,33,1,53.6,0,3.0
CUST-106532,19.9,High Risk (Critical),13,23.0,11.0,135,37,4,50.8,0,3.0
CUST-106533,69.2,Medium Risk (Warning),19,87.2,60.0,121,36,1,18.0,0,4.0
CUST-106534,69.3,Medium Risk (Warning),21,67.7,72.4,135,0,0,0.0,0,3.5
CUST-106535,15.3,High Risk (Critical),13,14.4,4.1,38,32,2,50.5,1,3.0
CUST-106536,26.0,High Risk (Critical),13,17.5,13.4,119,36,1,36.7,0,2.0
CUST-106537,5.0,High Risk (Critical),7,22.3,14.5,150,22,2,46.8,1,1.0
CUST-106538,22.8,High Risk (Critical),9,28.1,13.3,1,23,1,45.1,0,2.0
CUST-106539,26.5,High Risk (Critical),9,22.6,4.5,135,21,1,50.1,0,3.0
CUST-106540,28.6,High Risk (Critical),9,36.0,16.6,25,33,2,33.9,0,3.0
CUST-106541,26.4,High Risk (Critical),9,26.8,4.4,10,37,2,29.0,0,3.0
CUST-106542,68.0,Medium Risk (Warning),15,90.1,99.6,5,19,0,0.0,0,3.5
CUST-106543,5.0,High Risk (Critical),5,37.2,16.9,10,41,2,26.4,1,1.0
CUST-106544,66.8,Medium Risk (Warning),16,81.6,55.3,1880,24,0,0.0,0,3.5
CUST-106545,5.0,High Risk (Critical),1,16.9,18.9,66,38,3,57.0,1,3.0
CUST-106546,21.6,High Risk (Critical),12,35.7,11.0,95,15,1,56.6,0,1.0
CUST-106547,38.8,High Risk (Critical),11,10.6,17.9,148,3,0,0.0,0,3.5
CUST-106548,77.3,Low Risk (Healthy),22,74.2,47.3,2932,43,1,2.1,0,5.0
CUST-106549,5.0,High Risk (Critical),3,34.8,21.0,115,42,2,61.2,0,1.0
CUST-106550,60.2,Medium Risk (Warning),16,59.4,76.8,23,21,0,0.0,0,3.5
CUST-106551,5.0,High Risk (Critical),2,13.0,8.9,27,13,4,31.0,0,2.0
CUST-106552,23.6,High Risk (Critical),11,25.6,5.3,109,14,3,37.9,0,3.0
CUST-106553,63.9,Medium Risk (Warning),19,71.4,87.2,4447,26,1,22.7,0,4.0
CUST-106554,22.5,High Risk (Critical),11,40.7,19.8,18,7,2,35.4,1,3.0
CUST-106555,71.7,Low Risk (Healthy),23,66.9,78.6,81,14,0,0.0,0,3.5
CUST-106556,52.1,Medium Risk (Warning),14,41.5,10.3,18,26,0,0.0,0,3.5
CUST-106557,70.4,Low Risk (Healthy),27,52.4,108.9,80,35,1,10.9,0,4.0
CUST-106558,52.2,Medium Risk (Warning),16,60.9,36.5,2007,28,2,3.3,0,3.5
CUST-106559,18.3,High Risk (Critical),5,25.3,20.6,125,6,1,31.6,0,2.0
CUST-106560,6.4,High Risk (Critical),2,24.8,6.5,113,32,2,61.9,0,2.0
CUST-106561,63.2,Medium Risk (Warning),27,50.8,45.4,3,31,4,16.2,0,5.0
CUST-106562,7.7,High Risk (Critical),8,13.3,5.0,18,31,5,50.1,1,3.0
CUST-106563,73.8,Low Risk (Healthy),19,91.7,62.7,36,21,0,0.0,0,3.5
CUST-106564,67.4,Medium Risk (Warning),22,56.8,96.1,4805,45,0,0.0,0,3.5
CUST-106565,79.8,Low Risk (Healthy),26,72.2,99.1,991,22,1,20.5,0,5.0
CUST-106566,24.2,High Risk (Critical),5,44.4,15.6,136,7,1,30.1,0,2.0
CUST-106567,74.1,Low Risk (Healthy),25,54.7,31.8,1749,17,1,13.4,0,5.0
CUST-106568,5.0,High Risk (Critical),5,14.4,18.0,70,8,4,30.5,0,1.0
CUST-106569,35.2,High Risk (Critical),2,38.3,11.3,34,33,0,0.0,0,3.5
CUST-106570,9.6,High Risk (Critical),1,42.3,17.7,1,44,3,35.0,0,2.0
CUST-106571,5.0,High Risk (Critical),5,19.3,10.7,138,1,2,46.7,0,1.0
CUST-106572,35.4,High Risk (Critical),14,18.6,10.1,4,26,1,23.0,0,3.0
CUST-106573,5.0,High Risk (Critical),6,15.2,17.2,99,7,3,57.0,1,2.0
CUST-106574,68.0,Medium Risk (Warning),21,80.4,80.0,6000,19,1,8.8,0,3.5
CUST-106575,69.9,Medium Risk (Warning),21,71.9,61.0,915,17,2,13.7,0,5.0
CUST-106576,42.3,High Risk (Critical),8,35.4,18.9,111,45,0,0.0,0,3.5
CUST-106577,9.2,High Risk (Critical),9,19.7,15.0,110,45,3,69.7,0,2.0
CUST-106578,74.2,Low Risk (Healthy),23,87.3,100.8,7963,5,1,20.9,0,4.0
CUST-106579,68.6,Medium Risk (Warning),16,77.1,35.7,2713,2,1,15.0,0,5.0
CUST-106580,78.9,Low Risk (Healthy),27,73.0,81.1,62,28,0,0.0,0,3.5
CUST-106581,8.7,High Risk (Critical),6,21.8,6.9,37,7,2,30.8,0,1.0
CUST-106582,72.7,Low Risk (Healthy),29,65.2,108.9,27,36,1,20.4,0,3.5
CUST-106583,5.0,High Risk (Critical),3,23.3,13.6,26,15,3,67.8,1,2.0
CUST-106584,53.3,Medium Risk (Warning),19,52.8,101.4,8112,45,2,7.3,0,3.5
CUST-106585,45.5,Medium Risk (Warning),12,28.2,14.7,70,27,0,0.0,0,3.5
CUST-106586,61.5,Medium Risk (Warning),19,50.6,41.2,1524,41,0,0.0,0,3.5
CUST-106587,74.5,Low Risk (Healthy),17,94.4,106.8,49,14,1,20.2,0,5.0
CUST-106588,80.7,Low Risk (Healthy),28,74.4,98.0,133,20,0,0.0,0,3.5
CUST-106589,79.5,Low Risk (Healthy),28,70.7,106.8,16,4,0,0.0,0,3.5
CUST-106590,5.0,High Risk (Critical),2,35.6,9.2,145,15,1,13.4,1,1.0
CUST-106591,81.5,Low Risk (Healthy),29,72.9,72.9,0,38,0,0.0,0,3.5
CUST-106592,26.5,High Risk (Critical),12,11.5,12.1,43,35,1,56.0,0,3.0
CUST-106593,71.8,Low Risk (Healthy),24,62.5,93.2,2143,34,0,0.0,0,3.5
CUST-106594,71.7,Low Risk (Healthy),24,66.9,94.1,5834,18,2,19.3,0,5.0
CUST-106595,12.9,High Risk (Critical),3,38.6,15.6,30,37,1,53.4,1,3.0
CUST-106596,5.0,High Risk (Critical),1,20.7,6.6,121,15,4,22.2,1,3.0
CUST-106597,22.5,High Risk (Critical),2,40.5,11.3,113,19,2,18.6,0,3.0
CUST-106598,19.6,High Risk (Critical),11,29.2,8.4,122,7,1,46.5,0,1.0
CUST-106599,5.0,High Risk (Critical),1,35.7,12.3,10,23,2,39.0,1,2.0
CUST-106600,17.5,High Risk (Critical),2,35.4,15.5,4,2,1,30.3,0,2.0
CUST-106601,7.0,High Risk (Critical),6,29.0,4.4,122,41,1,13.8,1,1.0
CUST-106602,61.8,Medium Risk (Warning),15,87.6,101.0,0,0,2,4.1,0,4.0
CUST-106603,34.6,High Risk (Critical),7,14.3,10.9,112,43,0,0.0,0,3.5
CUST-106604,63.8,Medium Risk (Warning),18,54.8,76.3,1526,27,1,21.3,0,5.0
CUST-106605,56.3,Medium Risk (Warning),18,66.8,92.5,5642,26,2,5.7,0,3.5
CUST-106606,64.7,Medium Risk (Warning),16,60.3,55.7,0,3,1,5.7,0,5.0
CUST-106607,24.4,High Risk (Critical),12,31.7,15.2,105,31,1,40.9,1,3.0
CUST-106608,65.6,Medium Risk (Warning),22,76.0,92.7,2224,6,2,19.9,0,4.0
CUST-106609,82.3,Low Risk (Healthy),28,79.9,97.5,106,37,0,0.0,0,3.5
CUST-106610,11.8,High Risk (Critical),2,21.6,19.7,103,18,1,42.8,0,2.0
CUST-106611,27.8,High Risk (Critical),14,39.3,17.0,123,3,1,36.9,0,1.0
CUST-106612,5.0,High Risk (Critical),4,38.4,12.1,49,22,1,49.4,1,1.0
CUST-106613,60.0,Medium Risk (Warning),17,68.7,66.2,9,10,1,2.1,0,3.5
CUST-106614,5.0,High Risk (Critical),6,40.3,20.4,133,40,2,27.0,1,1.0
CUST-106615,32.6,High Risk (Critical),14,36.8,15.6,61,21,1,41.0,0,2.0
CUST-106616,13.0,High Risk (Critical),4,19.9,7.5,88,25,3,34.2,0,3.0
CUST-106617,80.7,Low Risk (Healthy),27,87.7,70.5,31,4,1,12.8,0,4.0
CUST-106618,6.8,High Risk (Critical),7,14.8,17.5,1,13,3,26.1,1,3.0
CUST-106619,34.8,High Risk (Critical),8,10.3,16.1,89,2,0,0.0,0,3.5
CUST-106620,20.3,High Risk (Critical),12,13.7,12.5,121,18,1,62.8,0,2.0
CUST-106621,77.8,Low Risk (Healthy),27,55.7,31.9,97,42,1,7.1,0,5.0
CUST-106622,69.2,Medium Risk (Warning),25,65.5,33.3,1831,15,3,13.9,0,5.0
CUST-106623,61.2,Medium Risk (Warning),15,77.2,84.8,124,20,1,16.0,0,4.0
CUST-106624,15.5,High Risk (Critical),6,39.7,4.5,132,1,1,67.0,1,3.0
CUST-106625,84.3,Low Risk (Healthy),27,81.4,67.2,34,14,1,17.1,0,5.0
CUST-106626,9.0,High Risk (Critical),5,31.9,6.7,102,33,1,42.2,1,2.0
CUST-106627,77.6,Low Risk (Healthy),22,90.8,39.4,64,44,0,0.0,0,3.5
CUST-106628,70.1,Low Risk (Healthy),17,73.2,105.8,21,44,1,3.9,0,5.0
CUST-106629,27.9,High Risk (Critical),8,23.6,20.1,9,44,1,31.1,0,3.0
CUST-106630,19.5,High Risk (Critical),13,30.4,18.3,45,27,2,70.3,1,3.0
CUST-106631,30.6,High Risk (Critical),11,32.0,20.7,47,35,1,13.5,0,2.0
CUST-106632,16.4,High Risk (Critical),3,38.9,13.0,146,31,1,25.8,1,3.0
CUST-106633,78.4,Low Risk (Healthy),29,62.3,103.3,8160,20,0,0.0,0,3.5
CUST-106634,7.2,High Risk (Critical),3,17.2,14.7,119,7,2,47.7,0,2.0
CUST-106635,18.9,High Risk (Critical),13,13.9,20.4,85,16,3,20.5,0,2.0
CUST-106636,22.1,High Risk (Critical),14,43.2,4.4,15,15,2,60.1,0,1.0
CUST-106637,81.6,Low Risk (Healthy),28,82.3,73.8,2361,42,1,3.4,0,4.0
CUST-106638,10.8,High Risk (Critical),8,31.9,18.9,146,23,2,59.2,0,1.0
CUST-106639,10.6,High Risk (Critical),4,34.4,11.5,53,34,1,24.5,1,2.0
CUST-106640,60.6,Medium Risk (Warning),16,72.2,29.7,1217,14,1,19.0,0,4.0
CUST-106641,35.5,High Risk (Critical),14,22.7,21.8,38,22,1,31.5,0,3.0
CUST-106642,61.3,Medium Risk (Warning),15,67.8,93.8,141,1,0,0.0,0,3.5
CUST-106643,17.4,High Risk (Critical),6,34.3,19.6,78,22,1,23.2,0,1.0
CUST-106644,6.8,High Risk (Critical),5,23.7,4.4,32,41,4,27.8,1,3.0
CUST-106645,15.3,High Risk (Critical),4,25.8,19.5,104,18,1,46.2,0,2.0
CUST-106646,5.0,High Risk (Critical),1,43.2,18.6,81,5,4,57.9,0,1.0
CUST-106647,83.0,Low Risk (Healthy),27,92.0,89.3,12,18,1,4.6,0,4.0
CUST-106648,69.6,Medium Risk (Warning),24,55.3,36.8,1729,41,0,0.0,0,3.5
CUST-106649,74.1,Low Risk (Healthy),19,92.5,45.6,20,10,0,0.0,0,3.5
CUST-106650,65.5,Medium Risk (Warning),29,82.8,48.2,1205,34,5,16.0,0,4.0
CUST-106651,15.8,High Risk (Critical),13,29.1,10.3,118,21,3,33.8,0,1.0
CUST-106652,5.0,High Risk (Critical),7,20.2,9.7,102,30,2,56.8,1,1.0
CUST-106653,44.6,High Risk (Critical),11,29.9,16.4,83,26,0,0.0,0,3.5
CUST-106654,6.1,High Risk (Critical),9,23.8,10.7,88,37,4,70.3,1,2.0
CUST-106655,5.0,High Risk (Critical),3,13.5,5.5,46,19,2,44.9,1,2.0
CUST-106656,72.4,Low Risk (Healthy),17,86.5,58.8,59,3,1,17.8,0,5.0
CUST-106657,70.0,Low Risk (Healthy),29,52.9,72.1,3893,36,2,4.1,0,4.0
CUST-106658,65.8,Medium Risk (Warning),24,56.5,52.5,38,33,3,9.2,0,5.0
CUST-106659,73.0,Low Risk (Healthy),20,84.3,50.5,1868,14,0,0.0,0,3.5
CUST-106660,73.8,Low Risk (Healthy),21,82.6,108.6,18,34,0,0.0,0,3.5
CUST-106661,13.0,High Risk (Critical),1,38.5,9.2,110,2,1,15.1,0,1.0
CUST-106662,26.4,High Risk (Critical),5,27.9,11.9,66,1,1,21.0,0,3.0
CUST-106663,65.3,Medium Risk (Warning),18,72.5,94.0,109,10,1,3.5,0,4.0
CUST-106664,73.0,Low Risk (Healthy),26,66.4,33.0,825,27,1,12.6,0,4.0
CUST-106665,9.3,High Risk (Critical),1,36.3,13.1,20,33,1,55.1,1,3.0
CUST-106666,17.0,High Risk (Critical),3,26.9,10.1,6,5,1,24.8,0,2.0
CUST-106667,42.6,High Risk (Critical),10,27.5,6.3,48,3,0,0.0,0,3.5
CUST-106668,76.1,Low Risk (Healthy),20,94.8,70.4,13,34,0,0.0,0,3.5
CUST-106669,34.7,High Risk (Critical),7,14.6,21.4,144,12,0,0.0,0,3.5
CUST-106670,7.4,High Risk (Critical),1,36.4,17.7,57,16,1,23.1,1,2.0
CUST-106671,63.8,Medium Risk (Warning),17,67.0,81.3,6260,20,0,0.0,0,3.5
CUST-106672,61.5,Medium Risk (Warning),16,63.9,47.9,144,5,0,0.0,0,3.5
CUST-106673,64.9,Medium Risk (Warning),18,66.3,104.2,139,9,0,0.0,0,3.5
CUST-106674,46.5,Medium Risk (Warning),9,44.9,7.3,65,27,0,0.0,0,3.5
CUST-106675,26.9,High Risk (Critical),2,10.9,13.3,8,14,0,0.0,0,3.5
CUST-106676,32.0,High Risk (Critical),4,18.9,9.0,15,14,0,0.0,0,3.5
CUST-106677,74.0,Low Risk (Healthy),24,70.1,70.0,122,27,0,0.0,0,3.5
CUST-106678,22.2,High Risk (Critical),8,13.7,19.1,113,10,2,20.8,0,3.0
CUST-106679,84.3,Low Risk (Healthy),29,82.0,33.4,72,4,0,0.0,0,3.5
CUST-106680,15.7,High Risk (Critical),14,11.9,18.7,44,8,1,68.1,0,1.0
CUST-106681,5.5,High Risk (Critical),14,19.3,15.2,55,38,2,62.2,1,1.0
CUST-106682,31.6,High Risk (Critical),14,14.6,8.6,123,22,1,43.2,0,3.0
CUST-106683,83.6,Low Risk (Healthy),29,86.3,96.8,6292,29,1,8.0,0,4.0
CUST-106684,30.2,High Risk (Critical),9,42.1,9.0,24,38,1,19.8,0,2.0
CUST-106685,81.8,Low Risk (Healthy),28,85.0,99.2,129,23,1,8.3,0,4.0
CUST-106686,17.5,High Risk (Critical),14,39.3,14.3,103,1,3,60.3,1,2.0
CUST-106687,39.8,High Risk (Critical),8,27.2,10.0,110,27,0,0.0,0,3.5
CUST-106688,71.5,Low Risk (Healthy),23,66.1,91.2,41,42,0,0.0,0,3.5
CUST-106689,5.6,High Risk (Critical),11,26.1,6.6,8,1,2,39.4,1,1.0
CUST-106690,15.2,High Risk (Critical),9,42.0,17.8,126,39,2,59.6,0,1.0
CUST-106691,13.2,High Risk (Critical),9,27.5,21.1,135,19,1,40.6,1,2.0
CUST-106692,66.9,Medium Risk (Warning),19,79.7,105.3,51,15,1,19.0,0,4.0
CUST-106693,5.0,High Risk (Critical),12,10.1,4.1,8,38,5,37.6,0,1.0
CUST-106694,64.2,Medium Risk (Warning),21,50.8,37.0,2738,45,0,0.0,0,3.5
CUST-106695,16.1,High Risk (Critical),9,16.1,10.7,61,21,1,21.5,0,1.0
CUST-106696,47.1,Medium Risk (Warning),10,42.4,9.0,11,22,0,0.0,0,3.5
CUST-106697,48.7,Medium Risk (Warning),13,34.6,12.9,93,39,0,0.0,0,3.5
CUST-106698,6.2,High Risk (Critical),12,23.5,4.9,0,41,1,71.0,1,1.0
CUST-106699,25.0,High Risk (Critical),14,44.4,18.7,134,10,3,58.7,1,3.0
CUST-106700,73.3,Low Risk (Healthy),22,68.2,58.4,89,42,1,20.1,0,5.0
CUST-106701,34.3,High Risk (Critical),13,32.5,21.5,4,12,2,22.5,0,3.0
CUST-106702,75.5,Low Risk (Healthy),22,83.8,47.9,3017,31,0,0.0,0,3.5
CUST-106703,7.2,High Risk (Critical),6,19.8,15.0,78,36,2,53.8,1,3.0
CUST-106704,19.2,High Risk (Critical),6,11.6,5.1,17,19,1,50.0,0,3.0
CUST-106705,12.7,High Risk (Critical),13,27.9,5.9,48,10,2,66.8,1,2.0
CUST-106706,5.0,High Risk (Critical),3,27.2,13.7,53,45,5,25.9,0,1.0
CUST-106707,58.2,Medium Risk (Warning),16,52.8,25.9,518,34,0,0.0,0,3.5
CUST-106708,83.2,Low Risk (Healthy),27,94.7,45.4,43,41,1,9.6,0,4.0
CUST-106709,34.9,High Risk (Critical),2,37.4,12.4,106,13,0,0.0,0,3.5
CUST-106710,19.0,High Risk (Critical),8,13.0,5.5,73,35,1,28.9,0,2.0
CUST-106711,20.3,High Risk (Critical),8,23.9,16.1,141,24,2,60.3,0,3.0
CUST-106712,14.3,High Risk (Critical),4,41.1,9.2,62,24,2,26.6,1,3.0
CUST-106713,65.4,Medium Risk (Warning),24,60.8,76.8,2227,5,1,14.7,0,3.5
CUST-106714,75.8,Low Risk (Healthy),28,50.7,104.4,7412,9,1,22.1,0,5.0
CUST-106715,9.5,High Risk (Critical),8,19.5,15.7,80,32,3,49.7,1,3.0
CUST-106716,44.5,High Risk (Critical),11,29.3,8.4,39,14,0,0.0,0,3.5
CUST-106717,28.1,High Risk (Critical),10,12.8,17.4,58,7,1,24.6,0,3.0
CUST-106718,12.0,High Risk (Critical),10,21.5,15.0,119,34,2,14.6,1,2.0
CUST-106719,61.7,Medium Risk (Warning),17,60.1,30.4,881,29,0,0.0,0,3.5
CUST-106720,72.3,Low Risk (Healthy),21,83.6,97.7,6839,13,1,6.0,0,4.0
CUST-106721,31.1,High Risk (Critical),4,15.9,15.0,64,23,0,0.0,0,3.5
CUST-106722,13.3,High Risk (Critical),1,43.9,7.5,38,22,1,41.6,1,3.0
CUST-106723,12.9,High Risk (Critical),5,38.4,15.6,139,1,1,58.4,0,1.0
CUST-106724,42.1,High Risk (Critical),10,25.9,11.4,51,7,0,0.0,0,3.5
CUST-106725,5.0,High Risk (Critical),6,15.3,16.0,4,39,2,63.9,1,2.0
CUST-106726,5.0,High Risk (Critical),6,10.8,15.5,129,5,3,20.9,1,1.0
CUST-106727,5.0,High Risk (Critical),3,23.9,18.1,107,2,1,68.1,1,1.0
CUST-106728,74.9,Low Risk (Healthy),18,89.3,38.4,53,5,1,15.3,0,5.0
CUST-106729,33.1,High Risk (Critical),2,31.6,7.1,33,36,0,0.0,0,3.5
CUST-106730,67.8,Medium Risk (Warning),18,75.9,56.0,7,26,0,0.0,0,3.5
CUST-106731,5.0,High Risk (Critical),9,22.2,8.7,106,6,2,64.3,1,1.0
CUST-106732,18.9,High Risk (Critical),6,15.0,15.0,132,27,1,61.0,0,3.0
CUST-106733,17.4,High Risk (Critical),14,32.0,15.4,81,11,1,22.7,1,1.0
CUST-106734,7.1,High Risk (Critical),8,19.1,19.9,119,43,3,26.3,0,1.0
CUST-106735,73.0,Low Risk (Healthy),22,60.8,91.3,85,25,1,4.9,0,5.0
CUST-106736,57.6,Medium Risk (Warning),15,60.7,35.9,1041,5,1,4.9,0,4.0
CUST-106737,6.9,High Risk (Critical),3,30.5,14.5,114,28,4,66.0,0,3.0
CUST-106738,17.2,High Risk (Critical),3,24.1,11.6,11,0,1,64.4,0,3.0
CUST-106739,72.2,Low Risk (Healthy),21,92.2,57.4,32,26,3,11.5,0,5.0
CUST-106740,26.9,High Risk (Critical),10,19.5,20.0,123,12,1,50.3,0,3.0
CUST-106741,20.0,High Risk (Critical),8,41.7,6.3,3,40,1,57.6,1,3.0
CUST-106742,5.0,High Risk (Critical),1,41.8,17.3,3,17,4,37.8,1,2.0
CUST-106743,12.2,High Risk (Critical),6,37.4,16.5,31,21,3,50.7,1,3.0
CUST-106744,5.0,High Risk (Critical),8,11.3,5.2,107,29,3,70.3,0,1.0
CUST-106745,14.4,High Risk (Critical),10,19.6,14.3,83,40,2,22.3,0,1.0
CUST-106746,77.8,Low Risk (Healthy),29,60.3,97.7,10,25,0,0.0,0,3.5
CUST-106747,64.7,Medium Risk (Warning),18,71.3,64.9,649,35,2,21.7,0,5.0
CUST-106748,70.0,Low Risk (Healthy),18,71.2,33.4,43,21,1,11.1,0,5.0
CUST-106749,80.3,Low Risk (Healthy),29,82.4,35.8,358,30,3,8.8,0,5.0
CUST-106750,19.8,High Risk (Critical),6,40.6,10.2,95,41,1,35.4,1,3.0
CUST-106751,13.2,High Risk (Critical),5,41.1,20.8,17,1,1,30.5,1,2.0
CUST-106752,52.2,Medium Risk (Warning),19,54.8,31.9,12,7,3,12.3,0,4.0
CUST-106753,17.5,High Risk (Critical),9,33.2,5.5,98,41,2,35.5,1,3.0
CUST-106754,61.8,Medium Risk (Warning),18,55.9,73.7,112,35,0,0.0,0,3.5
CUST-106755,84.4,Low Risk (Healthy),29,82.5,95.7,99,6,0,0.0,0,3.5
CUST-106756,66.9,Medium Risk (Warning),17,77.3,90.6,64,41,0,0.0,0,3.5
CUST-106757,39.8,High Risk (Critical),10,18.2,15.2,3,26,0,0.0,0,3.5
CUST-106758,80.5,Low Risk (Healthy),26,82.7,84.1,98,21,0,0.0,0,3.5
CUST-106759,72.1,Low Risk (Healthy),24,50.3,67.3,3028,10,1,8.3,0,5.0
CUST-106760,15.4,High Risk (Critical),6,13.2,11.5,87,0,1,36.7,0,2.0
CUST-106761,5.0,High Risk (Critical),6,43.4,5.6,1,3,2,36.9,1,1.0
CUST-106762,74.3,Low Risk (Healthy),28,75.5,103.2,79,37,2,13.5,0,4.0
CUST-106763,22.2,High Risk (Critical),2,29.6,7.4,118,3,1,27.0,0,3.0
CUST-106764,5.0,High Risk (Critical),1,13.4,7.7,104,40,3,71.8,0,2.0
CUST-106765,40.0,High Risk (Critical),11,14.4,21.4,1,10,0,0.0,0,3.5
CUST-106766,33.0,High Risk (Critical),12,40.0,17.7,97,42,2,40.3,0,3.0
CUST-106767,7.2,High Risk (Critical),5,21.7,17.8,133,37,1,63.5,0,1.0
CUST-106768,5.0,High Risk (Critical),3,14.1,7.1,77,25,4,40.6,1,1.0
CUST-106769,7.6,High Risk (Critical),12,23.7,7.2,133,25,1,60.2,1,1.0
CUST-106770,19.6,High Risk (Critical),9,35.1,15.5,67,45,3,71.1,0,3.0
CUST-106771,66.3,Medium Risk (Warning),22,51.2,40.2,110,40,2,3.1,0,5.0
CUST-106772,15.4,High Risk (Critical),1,30.6,15.5,37,5,2,41.0,0,3.0
CUST-106773,23.0,High Risk (Critical),13,36.6,20.2,52,43,5,26.6,0,3.0
CUST-106774,11.6,High Risk (Critical),10,22.4,4.9,37,26,1,51.4,1,2.0
CUST-106775,23.5,High Risk (Critical),13,42.3,13.8,80,36,1,35.8,1,2.0
CUST-106776,44.7,High Risk (Critical),11,30.0,4.8,55,36,0,0.0,0,3.5
CUST-106777,60.3,Medium Risk (Warning),16,58.2,37.5,126,1,2,3.9,0,5.0
CUST-106778,25.1,High Risk (Critical),6,39.6,17.5,1,5,1,22.1,0,2.0
CUST-106779,16.5,High Risk (Critical),1,25.5,21.7,49,21,2,20.0,0,3.0
CUST-106780,78.1,Low Risk (Healthy),29,61.4,58.5,70,30,0,0.0,0,3.5
CUST-106781,8.9,High Risk (Critical),3,26.3,12.8,67,7,1,40.2,0,1.0
CUST-106782,13.0,High Risk (Critical),12,30.1,14.8,126,30,2,47.9,1,2.0
CUST-106783,55.7,Medium Risk (Warning),15,55.3,94.7,135,38,1,7.4,0,4.0
CUST-106784,69.0,Medium Risk (Warning),16,89.0,74.0,137,44,0,0.0,0,3.5
CUST-106785,34.2,High Risk (Critical),4,26.2,19.4,104,12,0,0.0,0,3.5
CUST-106786,58.5,Medium Risk (Warning),21,50.5,28.0,560,37,2,5.6,0,4.0
CUST-106787,5.0,High Risk (Critical),8,15.3,14.7,87,20,3,63.9,0,1.0
CUST-106788,9.9,High Risk (Critical),13,10.8,21.6,120,6,1,69.1,1,2.0
CUST-106789,71.7,Low Risk (Healthy),17,93.4,30.0,125,24,0,0.0,0,3.5
CUST-106790,71.7,Low Risk (Healthy),19,86.5,62.7,83,34,2,12.7,0,5.0
CUST-106791,81.1,Low Risk (Healthy),27,80.2,100.0,5300,12,0,0.0,0,3.5
CUST-106792,51.5,Medium Risk (Warning),13,43.8,7.3,31,3,0,0.0,0,3.5
CUST-106793,81.5,Low Risk (Healthy),27,81.8,40.1,77,1,0,0.0,0,3.5
CUST-106794,34.2,High Risk (Critical),5,21.8,6.6,144,5,0,0.0,0,3.5
CUST-106795,68.6,Medium Risk (Warning),16,92.6,80.7,3873,34,1,4.0,0,4.0
CUST-106796,5.0,High Risk (Critical),6,21.2,15.1,149,28,1,65.5,1,1.0
CUST-106797,86.1,Low Risk (Healthy),29,88.1,79.7,85,1,0,0.0,0,3.5
CUST-106798,70.9,Low Risk (Healthy),21,77.5,33.7,70,40,1,2.9,0,4.0
CUST-106799,43.8,High Risk (Critical),11,27.0,13.4,105,19,0,0.0,0,3.5
CUST-106800,5.0,High Risk (Critical),3,37.2,4.0,108,42,1,33.1,1,1.0
CUST-106801,14.4,High Risk (Critical),8,26.8,12.1,26,26,2,18.4,0,1.0
CUST-106802,7.6,High Risk (Critical),2,14.6,19.8,25,23,2,27.5,0,2.0
CUST-106803,5.0,High Risk (Critical),4,18.3,9.4,132,35,1,64.3,1,1.0
CUST-106804,64.8,Medium Risk (Warning),18,66.0,38.2,96,32,0,0.0,0,3.5
CUST-106805,5.0,High Risk (Critical),2,33.9,19.7,76,37,3,24.3,0,1.0
CUST-106806,15.8,High Risk (Critical),9,25.3,16.0,62,27,2,14.0,0,1.0
CUST-106807,5.0,High Risk (Critical),1,39.6,21.6,11,16,4,25.7,1,1.0
CUST-106808,65.5,Medium Risk (Warning),16,87.4,76.8,45,0,1,16.7,0,4.0
CUST-106809,26.1,High Risk (Critical),1,12.7,7.0,130,43,0,0.0,0,3.5
CUST-106810,89.0,Low Risk (Healthy),28,88.1,66.8,33,18,1,6.4,0,5.0
CUST-106811,61.4,Medium Risk (Warning),15,57.0,80.6,3949,24,1,13.6,0,5.0
CUST-106812,15.3,High Risk (Critical),7,44.2,16.5,48,27,2,42.2,0,1.0
CUST-106813,9.2,High Risk (Critical),10,32.3,15.2,14,35,1,46.5,1,1.0
CUST-106814,12.9,High Risk (Critical),12,32.9,11.6,142,36,4,53.0,1,2.0
CUST-106815,63.0,Medium Risk (Warning),20,51.0,88.6,45,21,0,0.0,0,3.5
CUST-106816,16.3,High Risk (Critical),8,40.0,12.5,83,8,1,34.8,1,2.0
CUST-106817,5.0,High Risk (Critical),1,39.9,16.3,82,42,2,42.3,1,1.0
CUST-106818,22.8,High Risk (Critical),12,43.9,5.9,64,45,4,18.9,0,2.0
CUST-106819,73.1,Low Risk (Healthy),27,75.1,28.5,94,44,1,19.4,0,3.5
CUST-106820,67.8,Medium Risk (Warning),25,65.9,105.0,108,33,1,18.7,0,3.5
CUST-106821,65.0,Medium Risk (Warning),22,61.7,61.1,1038,5,1,22.8,0,4.0
CUST-106822,79.8,Low Risk (Healthy),26,91.0,98.5,2659,32,1,17.7,0,4.0
CUST-106823,21.4,High Risk (Critical),14,39.6,21.8,13,23,1,57.5,1,2.0
CUST-106824,32.4,High Risk (Critical),14,32.5,8.5,24,32,2,48.1,0,3.0
CUST-106825,61.4,Medium Risk (Warning),16,85.8,33.5,64,4,2,13.3,0,4.0
CUST-106826,5.0,High Risk (Critical),4,10.7,5.2,88,39,2,65.3,1,1.0
CUST-106827,57.9,Medium Risk (Warning),15,56.2,68.7,47,20,0,0.0,0,3.5
CUST-106828,58.6,Medium Risk (Warning),15,58.7,55.3,3041,1,0,0.0,0,3.5
CUST-106829,44.5,High Risk (Critical),10,33.8,6.1,125,36,0,0.0,0,3.5
CUST-106830,22.3,High Risk (Critical),10,26.4,12.4,45,4,2,23.8,0,2.0
CUST-106831,15.8,High Risk (Critical),10,11.1,7.8,103,35,3,55.1,0,3.0
CUST-106832,27.8,High Risk (Critical),14,33.3,10.5,111,36,1,38.8,1,3.0
CUST-106833,66.1,Medium Risk (Warning),19,65.8,51.9,93,37,0,0.0,0,3.5
CUST-106834,10.9,High Risk (Critical),8,35.9,20.7,54,28,1,68.5,1,2.0
CUST-106835,70.7,Low Risk (Healthy),19,66.8,27.6,11,41,1,5.4,0,5.0
CUST-106836,62.0,Medium Risk (Warning),16,74.5,47.9,95,23,1,13.1,0,4.0
CUST-106837,79.4,Low Risk (Healthy),29,65.7,69.9,5032,13,0,0.0,0,3.5
CUST-106838,35.6,High Risk (Critical),7,17.6,8.6,134,16,0,0.0,0,3.5
CUST-106839,79.1,Low Risk (Healthy),27,73.7,45.3,1313,4,0,0.0,0,3.5
CUST-106840,29.8,High Risk (Critical),4,11.5,14.3,92,17,0,0.0,0,3.5
CUST-106841,18.0,High Risk (Critical),8,31.8,14.0,90,19,1,33.7,0,1.0
CUST-106842,11.6,High Risk (Critical),8,18.7,16.6,53,0,2,21.2,0,1.0
CUST-106843,11.8,High Risk (Critical),7,31.6,6.0,53,34,3,25.5,1,3.0
CUST-106844,5.0,High Risk (Critical),3,16.6,5.1,79,5,1,21.2,1,1.0
CUST-106845,75.7,Low Risk (Healthy),23,93.6,64.2,36,34,3,8.5,0,5.0
CUST-106846,19.1,High Risk (Critical),1,29.0,18.2,100,8,1,39.2,0,3.0
CUST-106847,12.2,High Risk (Critical),2,37.5,6.7,88,5,1,46.0,1,3.0
CUST-106848,76.6,Low Risk (Healthy),23,83.0,93.8,4971,28,0,0.0,0,3.5
CUST-106849,5.0,High Risk (Critical),1,31.1,16.2,33,43,2,39.8,1,2.0
CUST-106850,25.0,High Risk (Critical),10,44.4,5.7,139,27,2,13.4,1,3.0
CUST-106851,31.4,High Risk (Critical),1,30.1,10.6,59,40,0,0.0,0,3.5
CUST-106852,8.3,High Risk (Critical),8,32.7,9.1,1,33,1,33.6,1,1.0
CUST-106853,5.0,High Risk (Critical),5,31.6,21.3,17,35,2,68.7,1,2.0
CUST-106854,13.6,High Risk (Critical),6,42.1,13.5,60,35,3,31.2,1,3.0
CUST-106855,77.4,Low Risk (Healthy),28,84.6,49.5,105,37,1,18.9,0,3.5
CUST-106856,21.2,High Risk (Critical),12,31.0,19.0,51,0,1,48.8,0,1.0
CUST-106857,23.9,High Risk (Critical),11,30.0,18.8,81,19,2,30.5,0,2.0
CUST-106858,19.8,High Risk (Critical),6,24.2,21.6,84,10,1,27.5,0,2.0
CUST-106859,11.9,High Risk (Critical),12,17.3,20.4,51,0,1,58.4,1,2.0
CUST-106860,76.7,Low Risk (Healthy),21,81.1,25.7,436,3,1,13.1,0,5.0
CUST-106861,12.1,High Risk (Critical),11,35.0,17.8,32,10,1,40.2,1,1.0
CUST-106862,20.8,High Risk (Critical),5,12.7,12.0,138,31,1,29.2,0,3.0
CUST-106863,11.6,High Risk (Critical),3,26.2,19.7,122,9,2,33.7,0,2.0
CUST-106864,74.7,Low Risk (Healthy),28,54.7,87.7,30,40,0,0.0,0,3.5
CUST-106865,69.9,Medium Risk (Warning),29,67.0,63.5,89,18,3,7.0,0,4.0
CUST-106866,74.6,Low Risk (Healthy),28,54.1,78.0,2340,0,0,0.0,0,3.5
CUST-106867,32.3,High Risk (Critical),12,36.0,21.5,52,12,1,20.1,0,2.0
CUST-106868,5.0,High Risk (Critical),2,30.6,10.9,120,34,1,41.5,1,2.0
CUST-106869,41.0,High Risk (Critical),11,17.9,17.5,138,5,0,0.0,0,3.5
CUST-106870,58.5,Medium Risk (Warning),19,65.5,86.5,41,39,2,20.0,0,4.0
CUST-106871,73.8,Low Risk (Healthy),29,69.5,82.5,5527,38,1,22.0,0,3.5
CUST-106872,70.5,Low Risk (Healthy),17,89.6,96.2,76,8,0,0.0,0,3.5
CUST-106873,19.0,High Risk (Critical),12,25.3,17.0,81,37,4,53.1,0,3.0
CUST-106874,81.2,Low Risk (Healthy),26,91.3,75.3,2,16,1,7.2,0,4.0
CUST-106875,72.9,Low Risk (Healthy),27,62.4,31.8,1049,41,1,14.3,0,4.0
CUST-106876,11.6,High Risk (Critical),5,29.5,21.0,13,39,3,31.5,0,2.0
CUST-106877,18.7,High Risk (Critical),12,23.8,7.7,35,27,2,35.4,1,3.0
CUST-106878,60.1,Medium Risk (Warning),15,79.2,34.2,90,17,1,5.0,0,3.5
CUST-106879,65.0,Medium Risk (Warning),18,66.5,87.4,69,35,0,0.0,0,3.5
CUST-106880,80.4,Low Risk (Healthy),26,82.3,36.2,9,34,0,0.0,0,3.5
CUST-106881,63.4,Medium Risk (Warning),18,94.8,36.4,77,42,3,8.6,0,4.0
CUST-106882,20.1,High Risk (Critical),8,32.1,18.6,12,17,1,65.4,0,2.0
CUST-106883,5.0,High Risk (Critical),8,19.9,4.3,12,41,4,27.3,1,1.0
CUST-106884,81.3,Low Risk (Healthy),29,72.0,87.7,8,13,0,0.0,0,3.5
CUST-106885,25.1,High Risk (Critical),10,40.0,5.9,119,28,2,34.0,0,2.0
CUST-106886,9.1,High Risk (Critical),9,40.2,9.6,118,5,1,55.6,1,1.0
CUST-106887,25.2,High Risk (Critical),1,41.9,21.1,98,19,1,21.4,0,3.0
CUST-106888,71.4,Low Risk (Healthy),21,74.7,100.1,42,14,0,0.0,0,3.5
CUST-106889,34.8,High Risk (Critical),13,44.0,6.1,58,34,3,14.1,0,3.0
CUST-106890,5.0,High Risk (Critical),6,29.6,7.3,77,10,3,24.7,1,2.0
CUST-106891,5.0,High Risk (Critical),14,13.7,19.3,36,29,4,69.4,1,1.0
CUST-106892,17.3,High Risk (Critical),6,25.8,13.9,33,44,2,67.6,0,3.0
CUST-106893,81.1,Low Risk (Healthy),27,89.7,47.6,1142,12,1,14.3,0,4.0
CUST-106894,68.1,Medium Risk (Warning),26,52.8,69.5,102,40,1,19.0,0,4.0
CUST-106895,62.9,Medium Risk (Warning),24,53.7,95.2,6092,7,2,9.7,0,4.0
CUST-106896,16.6,High Risk (Critical),11,29.7,4.6,34,12,3,58.3,1,3.0
CUST-106897,16.7,High Risk (Critical),10,39.7,19.3,53,14,1,52.0,1,2.0
CUST-106898,68.2,Medium Risk (Warning),22,75.4,84.3,5395,17,1,6.3,0,3.5
CUST-106899,70.3,Low Risk (Healthy),20,90.0,70.1,57,29,1,2.7,0,3.5
CUST-106900,13.3,High Risk (Critical),3,41.9,14.9,96,13,1,42.1,0,1.0
CUST-106901,53.9,Medium Risk (Warning),19,51.5,94.3,55,40,2,23.0,0,4.0
CUST-106902,83.1,Low Risk (Healthy),29,63.0,97.0,60,37,1,3.7,0,5.0
CUST-106903,17.9,High Risk (Critical),9,14.0,13.8,61,29,2,66.6,0,3.0
CUST-106904,5.0,High Risk (Critical),5,19.8,6.0,42,1,5,29.8,0,1.0
CUST-106905,65.5,Medium Risk (Warning),17,82.8,87.4,2272,8,1,15.8,0,4.0
CUST-106906,5.0,High Risk (Critical),5,26.3,15.9,72,13,2,61.8,1,2.0
CUST-106907,81.1,Low Risk (Healthy),24,79.4,67.6,5137,31,1,5.6,0,5.0
CUST-106908,11.4,High Risk (Critical),14,19.0,15.6,55,12,3,36.3,1,2.0
CUST-106909,17.2,High Risk (Critical),5,29.6,18.3,138,25,3,34.8,0,3.0
CUST-106910,5.0,High Risk (Critical),7,18.8,13.7,1,13,2,42.1,1,2.0
CUST-106911,12.8,High Risk (Critical),4,44.2,19.4,98,36,1,30.4,1,2.0
CUST-106912,25.4,High Risk (Critical),13,40.2,19.6,112,43,1,16.3,1,2.0
CUST-106913,70.5,Low Risk (Healthy),29,57.1,37.0,69,31,1,18.3,0,3.5
CUST-106914,5.0,High Risk (Critical),4,20.9,6.0,83,22,4,42.0,0,1.0
CUST-106915,77.2,Low Risk (Healthy),26,71.9,69.2,2422,14,0,0.0,0,3.5
CUST-106916,62.2,Medium Risk (Warning),16,54.8,84.8,6699,12,1,12.8,0,5.0
CUST-106917,35.7,High Risk (Critical),5,26.8,16.9,51,5,0,0.0,0,3.5
CUST-106918,5.0,High Risk (Critical),1,25.8,8.9,44,5,1,70.9,1,3.0
CUST-106919,7.8,High Risk (Critical),4,31.5,13.3,108,32,3,52.4,1,3.0
CUST-106920,5.5,High Risk (Critical),2,31.7,6.9,132,18,5,37.2,0,3.0
CUST-106921,15.1,High Risk (Critical),14,11.4,14.6,148,2,5,34.7,1,3.0
CUST-106922,73.8,Low Risk (Healthy),22,92.5,61.8,4202,1,3,10.1,0,5.0
CUST-106923,66.7,Medium Risk (Warning),19,67.8,90.0,4950,43,0,0.0,0,3.5
CUST-106924,22.6,High Risk (Critical),13,20.5,18.3,8,13,1,22.9,0,1.0
CUST-106925,67.1,Medium Risk (Warning),23,62.4,100.5,19,43,1,18.1,0,4.0
CUST-106926,25.3,High Risk (Critical),13,18.5,17.2,139,11,2,12.7,0,2.0
CUST-106927,78.0,Low Risk (Healthy),25,79.0,94.1,5,0,0,0.0,0,3.5
CUST-106928,70.8,Low Risk (Healthy),18,93.1,101.5,7409,14,1,8.9,0,4.0
CUST-106929,15.3,High Risk (Critical),4,44.6,18.8,99,28,3,27.1,0,2.0
CUST-106930,10.7,High Risk (Critical),4,30.0,21.8,144,40,3,29.4,0,2.0
CUST-106931,68.5,Medium Risk (Warning),16,77.0,85.4,144,10,1,15.4,0,5.0
CUST-106932,17.0,High Risk (Critical),12,13.1,20.3,119,8,1,39.6,0,1.0
CUST-106933,20.8,High Risk (Critical),14,23.5,19.0,44,22,1,23.1,1,2.0
CUST-106934,73.3,Low Risk (Healthy),29,69.8,72.2,4259,19,2,18.6,0,4.0
CUST-106935,5.0,High Risk (Critical),3,10.1,17.1,126,31,2,41.3,1,2.0
CUST-106936,8.9,High Risk (Critical),13,27.5,19.7,33,29,4,53.5,0,1.0
CUST-106937,80.5,Low Risk (Healthy),25,76.9,66.4,4183,32,1,15.0,0,5.0
CUST-106938,6.8,High Risk (Critical),5,15.5,4.6,39,2,1,20.1,1,2.0
CUST-106939,11.3,High Risk (Critical),4,42.9,11.4,129,45,4,71.3,0,3.0
CUST-106940,23.4,High Risk (Critical),12,29.9,13.5,83,28,3,12.8,0,2.0
CUST-106941,63.2,Medium Risk (Warning),18,51.7,91.0,6,0,1,18.5,0,5.0
CUST-106942,72.2,Low Risk (Healthy),18,90.7,53.3,114,5,0,0.0,0,3.5
CUST-106943,7.8,High Risk (Critical),7,18.2,5.3,74,15,5,70.7,0,3.0
CUST-106944,78.2,Low Risk (Healthy),27,60.8,32.1,142,16,1,16.1,0,5.0
CUST-106945,5.0,High Risk (Critical),6,11.5,19.0,66,29,1,32.9,1,1.0
CUST-106946,20.4,High Risk (Critical),11,42.5,12.2,93,43,4,48.9,1,3.0
CUST-106947,62.4,Medium Risk (Warning),17,88.5,45.2,111,0,2,22.9,0,4.0
CUST-106948,5.0,High Risk (Critical),3,20.1,17.4,72,11,1,43.7,1,1.0
CUST-106949,71.8,Low Risk (Healthy),22,70.7,107.7,7862,36,2,5.7,0,5.0
CUST-106950,17.2,High Risk (Critical),7,35.3,18.2,145,2,3,69.9,0,3.0
CUST-106951,5.0,High Risk (Critical),11,15.6,4.6,96,7,2,24.1,1,1.0
CUST-106952,72.1,Low Risk (Healthy),24,63.9,92.2,8,18,2,8.4,0,5.0
CUST-106953,14.6,High Risk (Critical),7,10.0,12.8,27,16,2,13.5,0,2.0
CUST-106954,5.0,High Risk (Critical),5,17.6,12.1,149,13,2,37.9,1,2.0
CUST-106955,9.9,High Risk (Critical),12,28.5,4.8,68,38,1,53.2,1,1.0
CUST-106956,80.4,Low Risk (Healthy),27,89.9,39.9,758,5,1,20.3,0,4.0
CUST-106957,77.7,Low Risk (Healthy),22,88.9,96.2,5387,45,2,2.6,0,5.0
CUST-106958,64.8,Medium Risk (Warning),23,77.0,109.8,6039,33,2,16.1,0,3.5
CUST-106959,69.7,Medium Risk (Warning),26,55.1,87.2,80,38,1,12.0,0,4.0
CUST-106960,35.0,High Risk (Critical),12,27.8,18.1,137,40,1,26.5,0,3.0
CUST-106961,18.9,High Risk (Critical),12,27.8,6.5,42,36,1,27.7,1,2.0
CUST-106962,5.0,High Risk (Critical),1,24.3,9.8,149,14,3,49.4,0,1.0
CUST-106963,34.3,High Risk (Critical),3,30.9,17.6,108,21,0,0.0,0,3.5
CUST-106964,15.1,High Risk (Critical),9,35.8,7.2,109,39,1,45.4,1,2.0
CUST-106965,36.7,High Risk (Critical),5,30.2,13.8,32,27,0,0.0,0,3.5
CUST-106966,76.2,Low Risk (Healthy),21,90.5,107.7,1400,22,0,0.0,0,3.5
CUST-106967,11.7,High Risk (Critical),9,24.6,12.7,59,28,2,45.7,0,1.0
CUST-106968,77.5,Low Risk (Healthy),25,77.1,97.9,147,3,0,0.0,0,3.5
CUST-106969,42.3,High Risk (Critical),13,13.1,13.4,55,5,0,0.0,0,3.5
CUST-106970,20.9,High Risk (Critical),13,14.1,5.8,35,19,1,69.7,0,2.0
CUST-106971,5.0,High Risk (Critical),2,31.5,6.0,149,8,1,13.1,1,1.0
CUST-106972,68.2,Medium Risk (Warning),18,76.7,71.6,1074,5,2,6.4,0,5.0
CUST-106973,42.7,High Risk (Critical),7,41.2,16.2,15,32,0,0.0,0,3.5
CUST-106974,15.2,High Risk (Critical),5,35.7,13.8,49,31,4,33.8,0,3.0
CUST-106975,11.3,High Risk (Critical),12,32.0,9.0,42,23,3,66.4,0,1.0
CUST-106976,64.7,Medium Risk (Warning),15,78.9,95.9,1342,42,0,0.0,0,3.5
CUST-106977,5.7,High Risk (Critical),1,13.6,12.7,132,6,1,13.5,0,1.0
CUST-106978,78.4,Low Risk (Healthy),21,89.2,101.4,5577,16,1,18.7,0,5.0
CUST-106979,40.1,High Risk (Critical),8,28.1,19.8,123,42,0,0.0,0,3.5
CUST-106980,17.3,High Risk (Critical),5,20.9,19.7,64,18,2,44.9,0,3.0
CUST-106981,6.8,High Risk (Critical),3,29.8,4.7,51,5,3,49.4,0,2.0
CUST-106982,82.2,Low Risk (Healthy),28,79.4,72.4,148,0,0,0.0,0,3.5
CUST-106983,66.1,Medium Risk (Warning),22,52.7,109.0,4796,34,0,0.0,0,3.5
CUST-106984,21.5,High Risk (Critical),11,37.4,14.5,79,1,1,51.2,0,1.0
CUST-106985,75.4,Low Risk (Healthy),25,70.3,100.8,1915,5,0,0.0,0,3.5
CUST-106986,76.2,Low Risk (Healthy),25,73.0,61.8,119,38,0,0.0,0,3.5
CUST-106987,62.6,Medium Risk (Warning),19,54.1,33.6,1344,14,0,0.0,0,3.5
CUST-106988,45.5,Medium Risk (Warning),13,23.8,13.3,87,16,0,0.0,0,3.5
CUST-106989,67.4,Medium Risk (Warning),23,68.2,101.5,129,19,1,5.5,0,3.5
CUST-106990,9.7,High Risk (Critical),2,39.8,10.1,30,12,2,71.2,0,2.0
CUST-106991,9.4,High Risk (Critical),14,12.3,11.1,136,17,1,39.4,1,1.0
CUST-106992,16.9,High Risk (Critical),4,40.8,13.1,111,28,3,53.5,0,3.0
CUST-106993,41.2,High Risk (Critical),12,13.9,6.2,55,10,0,0.0,0,3.5
CUST-106994,5.0,High Risk (Critical),1,12.8,16.2,32,14,3,32.1,0,1.0
CUST-106995,5.0,High Risk (Critical),4,24.2,19.2,61,25,3,24.3,0,1.0
CUST-106996,22.2,High Risk (Critical),10,27.4,19.2,79,7,2,26.8,0,2.0
CUST-106997,13.8,High Risk (Critical),5,26.5,5.2,89,21,3,54.7,0,3.0
CUST-106998,36.9,High Risk (Critical),8,17.3,18.0,124,37,0,0.0,0,3.5
CUST-106999,25.0,High Risk (Critical),12,44.1,7.2,46,2,2,65.5,0,2.0
CUST-107000,67.5,Medium Risk (Warning),22,57.1,49.6,138,31,0,0.0,0,3.5
CUST-107001,59.7,Medium Risk (Warning),17,53.4,66.2,39,27,0,0.0,0,3.5
CUST-107002,78.0,Low Risk (Healthy),21,83.6,74.8,18,14,1,8.7,0,5.0
CUST-107003,31.2,High Risk (Critical),14,36.4,20.6,103,13,1,19.1,1,3.0
CUST-107004,23.2,High Risk (Critical),7,37.6,6.1,8,0,2,59.1,0,3.0
CUST-107005,13.5,High Risk (Critical),9,28.3,10.8,53,12,6,69.8,0,3.0
CUST-107006,79.7,Low Risk (Healthy),28,71.2,88.4,99,25,0,0.0,0,3.5
CUST-107007,18.2,High Risk (Critical),11,27.9,10.9,93,11,2,23.0,0,1.0
CUST-107008,20.7,High Risk (Critical),13,34.4,19.7,94,34,3,66.9,1,3.0
CUST-107009,5.0,High Risk (Critical),7,20.9,20.6,131,35,3,42.7,1,1.0
CUST-107010,60.1,Medium Risk (Warning),18,56.6,41.3,98,24,1,7.1,0,4.0
CUST-107011,72.0,Low Risk (Healthy),19,74.6,71.2,4556,28,1,13.5,0,5.0
CUST-107012,80.3,Low Risk (Healthy),29,78.7,32.3,646,2,1,15.8,0,4.0
CUST-107013,83.4,Low Risk (Healthy),26,92.6,71.2,60,35,0,0.0,0,3.5
CUST-107014,64.1,Medium Risk (Warning),20,54.9,41.5,2282,3,0,0.0,0,3.5
CUST-107015,13.4,High Risk (Critical),8,20.9,16.1,3,20,2,60.6,0,2.0
CUST-107016,71.8,Low Risk (Healthy),18,89.3,51.3,31,30,0,0.0,0,3.5
CUST-107017,68.8,Medium Risk (Warning),20,78.2,56.7,623,15,1,10.7,0,4.0
CUST-107018,40.7,High Risk (Critical),7,34.5,8.4,148,30,0,0.0,0,3.5
CUST-107019,5.0,High Risk (Critical),3,18.7,18.6,87,10,2,29.9,1,1.0
CUST-107020,70.9,Low Risk (Healthy),20,63.7,42.1,113,41,1,7.3,0,5.0
CUST-107021,74.9,Low Risk (Healthy),26,64.2,64.7,905,18,0,0.0,0,3.5
CUST-107022,62.9,Medium Risk (Warning),18,59.8,67.4,81,19,0,0.0,0,3.5
CUST-107023,18.5,High Risk (Critical),8,28.8,10.6,115,9,1,22.8,0,1.0
CUST-107024,58.9,Medium Risk (Warning),17,50.9,99.4,149,16,0,0.0,0,3.5
CUST-107025,31.0,High Risk (Critical),4,15.4,19.1,146,2,0,0.0,0,3.5
CUST-107026,15.5,High Risk (Critical),7,42.0,17.5,36,31,1,35.5,1,2.0
CUST-107027,71.1,Low Risk (Healthy),16,82.3,30.5,396,11,1,7.3,0,5.0
CUST-107028,5.9,High Risk (Critical),7,10.4,12.0,117,12,3,52.6,0,2.0
CUST-107029,83.2,Low Risk (Healthy),27,87.3,76.0,1520,15,0,0.0,0,3.5
CUST-107030,11.9,High Risk (Critical),6,15.1,19.7,90,2,2,36.8,0,2.0
CUST-107031,62.8,Medium Risk (Warning),18,50.9,37.6,29,26,1,19.8,0,5.0
CUST-107032,5.0,High Risk (Critical),4,15.7,16.6,46,25,2,19.4,1,2.0
CUST-107033,7.7,High Risk (Critical),7,22.5,15.4,99,36,2,18.7,1,2.0
CUST-107034,78.3,Low Risk (Healthy),24,84.3,29.8,774,26,0,0.0,0,3.5
CUST-107035,19.4,High Risk (Critical),9,39.9,7.9,3,35,1,52.8,0,1.0
CUST-107036,7.6,High Risk (Critical),1,13.1,18.8,68,6,1,45.1,0,2.0
CUST-107037,73.3,Low Risk (Healthy),21,66.5,60.4,59,7,1,5.5,0,5.0
CUST-107038,38.1,High Risk (Critical),6,30.5,7.7,115,24,0,0.0,0,3.5
CUST-107039,63.8,Medium Risk (Warning),16,62.3,104.8,123,22,1,18.0,0,5.0
CUST-107040,5.0,High Risk (Critical),4,17.5,8.1,34,24,2,45.5,1,3.0
CUST-107041,5.0,High Risk (Critical),9,12.8,17.6,93,5,2,50.0,1,1.0
CUST-107042,72.9,Low Risk (Healthy),26,61.8,103.8,62,38,1,2.3,0,4.0
CUST-107043,22.8,High Risk (Critical),11,23.1,19.1,78,18,3,38.5,0,3.0
CUST-107044,84.4,Low Risk (Healthy),28,87.0,96.8,140,30,0,0.0,0,3.5
CUST-107045,32.4,High Risk (Critical),1,33.7,16.4,69,23,0,0.0,0,3.5
CUST-107046,21.8,High Risk (Critical),14,39.0,8.9,42,4,1,52.4,1,2.0
CUST-107047,71.8,Low Risk (Healthy),20,71.6,60.8,11,39,1,19.0,0,5.0
CUST-107048,5.0,High Risk (Critical),2,28.6,19.2,49,9,6,29.8,0,3.0
CUST-107049,12.6,High Risk (Critical),10,32.3,7.8,104,21,2,67.5,0,1.0
CUST-107050,18.7,High Risk (Critical),2,34.9,15.6,47,45,1,67.5,0,3.0
CUST-107051,83.7,Low Risk (Healthy),27,76.1,86.9,105,9,1,9.4,0,5.0
CUST-107052,5.0,High Risk (Critical),6,10.1,20.4,6,16,3,35.1,1,3.0
CUST-107053,69.2,Medium Risk (Warning),21,67.2,77.0,3311,37,0,0.0,0,3.5
CUST-107054,42.1,High Risk (Critical),8,34.8,10.6,7,25,0,0.0,0,3.5
CUST-107055,78.1,Low Risk (Healthy),29,61.6,55.6,1334,20,0,0.0,0,3.5
CUST-107056,5.0,High Risk (Critical),4,19.1,12.2,83,18,2,21.7,1,2.0
CUST-107057,42.8,High Risk (Critical),7,41.4,19.6,85,22,0,0.0,0,3.5
CUST-107058,5.0,High Risk (Critical),4,27.8,6.7,141,29,3,21.8,0,1.0
CUST-107059,47.5,Medium Risk (Warning),13,30.4,14.2,91,11,0,0.0,0,3.5
CUST-107060,89.7,Low Risk (Healthy),29,89.3,59.0,76,36,1,14.4,0,5.0
CUST-107061,22.0,High Risk (Critical),11,43.3,18.2,21,14,4,61.3,0,3.0
CUST-107062,71.4,Low Risk (Healthy),18,92.5,76.6,24,31,1,2.9,0,4.0
CUST-107063,21.7,High Risk (Critical),13,33.4,17.8,103,39,3,45.2,0,2.0
CUST-107064,22.4,High Risk (Critical),12,24.3,10.6,78,11,1,71.5,0,2.0
CUST-107065,31.4,High Risk (Critical),13,29.9,20.9,26,42,1,71.3,0,3.0
CUST-107066,44.2,High Risk (Critical),12,23.9,21.7,34,23,0,0.0,0,3.5
CUST-107067,73.6,Low Risk (Healthy),25,64.5,103.3,125,8,2,8.9,0,5.0
CUST-107068,77.0,Low Risk (Healthy),25,62.0,91.8,4498,27,1,7.7,0,5.0
CUST-107069,20.7,High Risk (Critical),11,33.5,10.8,29,11,1,47.9,0,1.0
CUST-107070,72.9,Low Risk (Healthy),26,57.4,84.2,2273,25,0,0.0,0,3.5
CUST-107071,54.4,Medium Risk (Warning),21,56.3,26.4,422,11,3,20.1,0,4.0
CUST-107072,9.6,High Risk (Critical),12,33.4,13.8,40,38,2,35.6,1,1.0
CUST-107073,75.8,Low Risk (Healthy),25,60.0,70.1,4696,24,1,11.9,0,5.0
CUST-107074,78.7,Low Risk (Healthy),22,92.3,51.5,78,8,2,2.6,0,5.0
CUST-107075,72.9,Low Risk (Healthy),23,70.9,64.4,12,0,0,0.0,0,3.5
CUST-107076,80.1,Low Risk (Healthy),27,77.1,47.7,134,18,0,0.0,0,3.5
CUST-107077,34.3,High Risk (Critical),6,17.7,8.1,102,37,0,0.0,0,3.5
CUST-107078,5.0,High Risk (Critical),6,43.0,6.9,121,12,4,50.7,1,1.0
CUST-107079,79.5,Low Risk (Healthy),26,79.5,28.9,100,5,0,0.0,0,3.5
CUST-107080,5.0,High Risk (Critical),9,30.5,5.5,21,8,2,45.5,1,1.0
CUST-107081,13.1,High Risk (Critical),9,23.0,6.6,19,24,4,62.3,0,3.0
CUST-107082,32.2,High Risk (Critical),3,23.9,19.6,22,3,0,0.0,0,3.5
CUST-107083,5.0,High Risk (Critical),2,16.5,12.3,148,42,2,55.4,1,3.0
CUST-107084,19.2,High Risk (Critical),7,39.2,4.4,116,11,1,30.8,0,1.0
CUST-107085,5.0,High Risk (Critical),5,31.2,4.2,10,11,1,43.4,1,1.0
CUST-107086,20.7,High Risk (Critical),1,37.5,13.6,80,34,1,47.4,0,3.0
CUST-107087,69.3,Medium Risk (Warning),16,94.2,73.8,100,13,1,2.3,0,4.0
CUST-107088,69.0,Medium Risk (Warning),18,90.8,52.4,139,22,1,18.0,0,4.0
CUST-107089,61.4,Medium Risk (Warning),21,57.5,69.7,44,36,1,7.2,0,3.5
CUST-107090,73.2,Low Risk (Healthy),23,71.9,32.6,2347,1,0,0.0,0,3.5
CUST-107091,8.4,High Risk (Critical),6,42.1,7.0,3,25,3,50.2,0,1.0
CUST-107092,12.6,High Risk (Critical),10,37.4,12.7,11,13,2,47.4,1,2.0
CUST-107093,20.7,High Risk (Critical),4,29.6,15.8,13,15,1,60.0,0,3.0
CUST-107094,7.1,High Risk (Critical),9,10.4,18.4,76,28,1,48.3,1,2.0
CUST-107095,22.5,High Risk (Critical),10,32.5,8.5,138,44,1,20.4,0,1.0
CUST-107096,13.8,High Risk (Critical),8,15.6,8.9,62,39,3,12.7,0,2.0
CUST-107097,50.1,Medium Risk (Warning),14,34.7,14.1,44,7,0,0.0,0,3.5
CUST-107098,71.8,Low Risk (Healthy),19,77.7,96.6,139,28,1,22.4,0,5.0
CUST-107099,5.0,High Risk (Critical),5,12.8,10.5,99,33,1,47.6,1,1.0
CUST-107100,83.9,Low Risk (Healthy),28,91.6,96.5,3956,19,2,23.2,0,5.0
CUST-107101,7.3,High Risk (Critical),1,43.3,14.9,82,16,3,48.4,1,3.0
CUST-107102,5.0,High Risk (Critical),1,24.5,7.5,80,25,4,32.1,0,1.0
CUST-107103,66.4,Medium Risk (Warning),25,50.5,43.9,110,2,1,16.4,0,4.0
CUST-107104,11.6,High Risk (Critical),10,17.4,13.7,105,35,4,37.6,1,3.0
CUST-107105,65.2,Medium Risk (Warning),18,55.8,63.8,3126,41,1,12.7,0,5.0
CUST-107106,66.5,Medium Risk (Warning),18,94.5,109.7,41,6,2,14.7,0,4.0
CUST-107107,5.0,High Risk (Critical),4,18.7,21.8,4,2,2,29.3,1,1.0
CUST-107108,60.6,Medium Risk (Warning),20,56.0,102.1,59,17,1,23.3,0,4.0
CUST-107109,5.0,High Risk (Critical),1,18.3,14.6,13,35,4,69.4,1,1.0
CUST-107110,75.1,Low Risk (Healthy),20,91.4,99.1,5648,32,0,0.0,0,3.5
CUST-107111,9.5,High Risk (Critical),1,24.1,12.3,135,32,2,24.6,0,2.0
CUST-107112,14.3,High Risk (Critical),11,12.5,8.6,61,4,1,49.1,0,1.0
CUST-107113,18.6,High Risk (Critical),11,22.4,6.5,38,7,2,22.6,1,3.0
CUST-107114,56.1,Medium Risk (Warning),15,50.5,94.7,139,32,0,0.0,0,3.5
CUST-107115,61.6,Medium Risk (Warning),16,64.3,107.4,4725,44,0,0.0,0,3.5
CUST-107116,56.7,Medium Risk (Warning),21,51.9,30.4,1368,9,2,23.2,0,4.0
CUST-107117,12.6,High Risk (Critical),10,20.8,9.5,43,7,4,38.6,1,3.0
CUST-107118,68.0,Medium Risk (Warning),20,83.6,27.4,53,23,1,6.2,0,3.5
CUST-107119,60.9,Medium Risk (Warning),15,66.2,85.1,105,17,0,0.0,0,3.5
CUST-107120,62.6,Medium Risk (Warning),20,54.5,78.8,2679,10,2,19.5,0,5.0
CUST-107121,15.6,High Risk (Critical),9,35.2,11.9,78,24,3,64.1,1,3.0
CUST-107122,10.1,High Risk (Critical),11,28.0,6.7,8,4,3,67.3,1,2.0
CUST-107123,37.6,High Risk (Critical),7,24.1,13.2,89,21,0,0.0,0,3.5
CUST-107124,25.8,High Risk (Critical),14,35.6,10.8,68,32,2,60.6,0,2.0
CUST-107125,8.7,High Risk (Critical),2,18.1,14.1,89,24,2,27.0,0,2.0
CUST-107126,77.5,Low Risk (Healthy),25,67.2,87.3,116,2,1,16.0,0,5.0
CUST-107127,87.0,Low Risk (Healthy),29,91.2,64.4,59,31,0,0.0,0,3.5
CUST-107128,13.0,High Risk (Critical),7,24.2,11.6,109,41,1,44.5,0,1.0
CUST-107129,74.4,Low Risk (Healthy),27,51.1,74.5,968,42,1,23.7,0,5.0
CUST-107130,31.0,High Risk (Critical),4,15.4,14.5,150,7,0,0.0,0,3.5
CUST-107131,5.0,High Risk (Critical),2,40.1,4.3,98,25,2,55.3,1,2.0
CUST-107132,5.0,High Risk (Critical),1,44.9,9.5,6,27,2,24.6,1,1.0
CUST-107133,18.9,High Risk (Critical),2,29.4,5.8,107,39,1,52.6,0,3.0
CUST-107134,62.2,Medium Risk (Warning),15,70.8,30.9,1761,15,0,0.0,0,3.5
CUST-107135,14.8,High Risk (Critical),8,36.2,13.1,28,10,2,37.9,0,1.0
CUST-107136,14.0,High Risk (Critical),9,33.8,10.0,112,8,4,33.2,0,2.0
CUST-107137,5.9,High Risk (Critical),13,25.2,8.9,18,16,5,35.0,1,1.0
CUST-107138,22.5,High Risk (Critical),9,36.4,18.1,11,32,2,35.4,0,2.0
CUST-107139,37.4,High Risk (Critical),4,36.9,10.0,101,22,0,0.0,0,3.5
CUST-107140,23.2,High Risk (Critical),12,38.9,6.0,32,28,2,19.6,0,1.0
CUST-107141,5.0,High Risk (Critical),9,36.7,9.8,57,19,3,41.5,1,1.0
CUST-107142,24.4,High Risk (Critical),11,32.3,9.5,97,31,3,47.7,0,3.0
CUST-107143,8.7,High Risk (Critical),7,16.1,6.5,39,13,2,28.1,0,1.0
CUST-107144,5.0,High Risk (Critical),3,28.8,4.4,6,25,6,51.7,1,1.0
CUST-107145,70.6,Low Risk (Healthy),23,63.0,84.2,148,13,0,0.0,0,3.5
CUST-107146,15.6,High Risk (Critical),9,36.7,16.5,130,32,2,43.5,0,1.0
CUST-107147,47.6,Medium Risk (Warning),14,26.5,17.4,121,2,0,0.0,0,3.5
CUST-107148,5.0,High Risk (Critical),4,15.0,20.5,42,22,3,50.9,0,1.0
CUST-107149,28.0,High Risk (Critical),11,42.2,20.2,70,19,1,58.9,0,2.0
CUST-107150,22.9,High Risk (Critical),5,21.0,10.2,93,22,1,32.5,0,3.0
CUST-107151,11.7,High Risk (Critical),7,19.3,10.3,13,12,1,59.7,1,3.0
CUST-107152,9.0,High Risk (Critical),5,27.4,19.9,74,5,3,47.3,0,2.0
CUST-107153,33.3,High Risk (Critical),1,36.7,12.3,148,27,0,0.0,0,3.5
CUST-107154,18.3,High Risk (Critical),6,37.3,14.1,116,35,1,70.8,0,2.0
CUST-107155,74.1,Low Risk (Healthy),27,73.5,31.5,48,21,1,7.9,0,3.5
CUST-107156,5.0,High Risk (Critical),3,34.0,7.0,1,17,3,35.2,0,1.0
CUST-107157,46.5,Medium Risk (Warning),13,27.3,8.9,68,25,0,0.0,0,3.5
CUST-107158,18.6,High Risk (Critical),14,11.0,4.7,59,8,3,27.0,0,2.0
CUST-107159,72.1,Low Risk (Healthy),18,76.3,35.7,133,2,1,6.4,0,5.0
CUST-107160,10.4,High Risk (Critical),5,10.8,20.3,10,43,2,27.7,0,2.0
CUST-107161,73.7,Low Risk (Healthy),21,82.2,74.1,1037,5,0,0.0,0,3.5
CUST-107162,10.5,High Risk (Critical),12,45.0,8.7,68,27,3,47.8,1,1.0
CUST-107163,82.3,Low Risk (Healthy),29,63.5,78.5,20,4,1,11.1,0,5.0
CUST-107164,13.6,High Risk (Critical),8,20.9,7.7,137,20,2,26.8,1,3.0
CUST-107165,58.4,Medium Risk (Warning),16,53.7,51.4,2878,2,0,0.0,0,3.5
CUST-107166,5.0,High Risk (Critical),11,17.6,16.3,144,11,5,58.3,1,1.0
CUST-107167,18.3,High Risk (Critical),6,14.4,17.1,129,10,2,32.5,0,3.0
CUST-107168,76.7,Low Risk (Healthy),26,91.1,59.1,118,38,1,18.0,0,3.5
CUST-107169,6.0,High Risk (Critical),11,14.4,16.0,84,0,2,59.7,1,2.0
CUST-107170,75.3,Low Risk (Healthy),24,75.1,31.2,0,12,2,9.7,0,5.0
CUST-107171,24.2,High Risk (Critical),12,34.0,17.8,4,7,3,15.7,0,2.0
CUST-107172,23.0,High Risk (Critical),14,42.0,9.7,49,44,3,65.8,0,2.0
CUST-107173,60.3,Medium Risk (Warning),17,55.5,70.1,5608,18,0,0.0,0,3.5
CUST-107174,11.5,High Risk (Critical),3,28.9,20.1,72,44,2,41.0,0,2.0
CUST-107175,23.1,High Risk (Critical),11,41.4,9.6,37,6,2,32.1,1,3.0
CUST-107176,16.3,High Risk (Critical),11,24.8,17.3,65,3,1,30.2,1,2.0
CUST-107177,23.0,High Risk (Critical),12,38.5,19.3,4,38,2,20.0,0,1.0
CUST-107178,23.8,High Risk (Critical),8,36.9,18.5,56,38,2,63.6,0,3.0
CUST-107179,67.1,Medium Risk (Warning),17,78.0,69.2,121,15,0,0.0,0,3.5
CUST-107180,73.2,Low Risk (Healthy),28,62.6,95.4,33,13,1,23.3,0,4.0
CUST-107181,19.4,High Risk (Critical),4,30.2,8.6,136,16,1,23.8,0,2.0
CUST-107182,63.4,Medium Risk (Warning),17,81.7,56.2,15,0,1,6.0,0,3.5
CUST-107183,35.1,High Risk (Critical),6,20.3,7.9,134,14,0,0.0,0,3.5
CUST-107184,49.6,Medium Risk (Warning),17,53.5,97.5,120,20,3,9.3,0,4.0
CUST-107185,18.4,High Risk (Critical),13,26.0,20.4,20,22,2,53.9,1,3.0
CUST-107186,56.7,Medium Risk (Warning),15,86.0,99.8,7,31,2,16.6,0,3.5
CUST-107187,63.8,Medium Risk (Warning),15,73.9,107.1,4926,28,2,3.3,0,5.0
CUST-107188,74.9,Low Risk (Healthy),27,59.7,72.0,2664,34,0,0.0,0,3.5
CUST-107189,6.6,High Risk (Critical),1,10.3,10.0,12,39,1,46.2,0,2.0
CUST-107190,5.0,High Risk (Critical),3,27.4,17.3,5,36,4,65.8,0,1.0
CUST-107191,22.6,High Risk (Critical),11,38.2,17.1,97,31,3,28.1,0,2.0
CUST-107192,67.8,Medium Risk (Warning),16,84.9,96.0,3456,45,0,0.0,0,3.5
CUST-107193,13.6,High Risk (Critical),6,13.0,17.4,143,23,2,66.0,0,3.0
CUST-107194,6.9,High Risk (Critical),14,24.0,6.4,65,32,3,29.5,1,1.0
CUST-107195,73.0,Low Risk (Healthy),26,77.1,58.2,3026,28,2,6.5,0,4.0
CUST-107196,24.2,High Risk (Critical),8,28.9,11.4,129,21,1,24.8,0,2.0
CUST-107197,36.5,High Risk (Critical),9,11.7,11.5,121,28,0,0.0,0,3.5
CUST-107198,67.5,Medium Risk (Warning),27,52.8,91.8,123,45,1,10.7,0,3.5
CUST-107199,84.3,Low Risk (Healthy),28,74.5,109.0,2725,1,1,10.8,0,5.0
CUST-107200,5.0,High Risk (Critical),1,18.0,10.9,69,0,4,20.2,1,1.0
CUST-107201,69.4,Medium Risk (Warning),22,63.6,70.6,130,15,0,0.0,0,3.5
CUST-107202,15.0,High Risk (Critical),5,10.7,22.0,74,42,1,23.1,0,2.0
CUST-107203,75.2,Low Risk (Healthy),23,78.5,75.8,35,14,0,0.0,0,3.5
CUST-107204,70.4,Low Risk (Healthy),22,66.9,73.3,1905,28,0,0.0,0,3.5
CUST-107205,5.0,High Risk (Critical),1,35.7,15.7,0,40,2,15.2,1,1.0
CUST-107206,17.7,High Risk (Critical),13,24.7,20.6,26,23,4,40.1,1,3.0
CUST-107207,31.7,High Risk (Critical),1,31.3,20.7,13,7,0,0.0,0,3.5
CUST-107208,11.6,High Risk (Critical),2,34.0,4.6,49,29,1,25.9,0,1.0
CUST-107209,5.0,High Risk (Critical),5,15.2,9.2,77,11,3,25.7,1,1.0
CUST-107210,5.0,High Risk (Critical),2,37.8,16.7,68,12,4,33.7,0,1.0
CUST-107211,65.2,Medium Risk (Warning),23,54.3,103.1,5979,43,1,14.0,0,4.0
CUST-107212,5.0,High Risk (Critical),2,33.6,13.6,31,20,3,65.8,1,2.0
CUST-107213,45.2,Medium Risk (Warning),12,27.3,15.5,11,44,0,0.0,0,3.5
CUST-107214,73.4,Low Risk (Healthy),19,90.1,109.9,3626,42,0,0.0,0,3.5
CUST-107215,65.1,Medium Risk (Warning),17,71.3,82.2,146,33,0,0.0,0,3.5
CUST-107216,24.6,High Risk (Critical),10,16.9,21.5,83,25,1,62.4,0,3.0
CUST-107217,25.1,High Risk (Critical),13,40.9,6.0,12,42,3,36.4,0,2.0
CUST-107218,63.3,Medium Risk (Warning),18,65.5,38.8,3026,44,1,3.0,0,4.0
CUST-107219,5.0,High Risk (Critical),4,11.8,12.9,97,21,2,13.9,1,2.0
CUST-107220,80.1,Low Risk (Healthy),26,81.3,42.1,29,15,0,0.0,0,3.5
CUST-107221,33.8,High Risk (Critical),12,38.9,15.2,47,3,2,31.0,0,3.0
CUST-107222,76.8,Low Risk (Healthy),19,92.6,102.7,91,3,1,18.4,0,5.0
CUST-107223,83.8,Low Risk (Healthy),27,74.9,46.8,113,14,1,5.2,0,5.0
CUST-107224,57.5,Medium Risk (Warning),16,72.7,35.4,60,15,2,13.1,0,4.0
CUST-107225,18.9,High Risk (Critical),12,36.5,11.9,52,0,1,48.4,1,2.0
CUST-107226,5.0,High Risk (Critical),2,16.9,17.1,26,27,1,20.0,1,1.0
CUST-107227,48.5,Medium Risk (Warning),11,42.8,22.0,29,33,0,0.0,0,3.5
CUST-107228,22.0,High Risk (Critical),10,39.8,18.0,101,29,2,58.4,0,2.0
CUST-107229,19.7,High Risk (Critical),8,17.9,14.4,114,42,1,34.8,0,2.0
CUST-107230,36.4,High Risk (Critical),8,15.8,20.2,100,11,0,0.0,0,3.5
CUST-107231,43.5,High Risk (Critical),11,26.2,20.7,13,22,0,0.0,0,3.5
CUST-107232,35.4,High Risk (Critical),14,42.7,4.7,49,22,3,16.7,0,3.0
CUST-107233,5.9,High Risk (Critical),11,14.1,14.3,142,18,2,71.4,1,2.0
CUST-107234,15.2,High Risk (Critical),9,27.1,7.8,3,12,2,23.3,0,1.0
CUST-107235,78.9,Low Risk (Healthy),26,77.4,39.0,63,30,0,0.0,0,3.5
CUST-107236,22.4,High Risk (Critical),12,42.3,8.0,45,14,1,66.2,0,1.0
CUST-107237,32.3,High Risk (Critical),9,44.6,10.5,100,3,2,25.0,0,3.0
CUST-107238,76.2,Low Risk (Healthy),26,68.3,74.1,135,8,0,0.0,0,3.5
CUST-107239,60.6,Medium Risk (Warning),19,67.5,81.4,122,36,1,15.9,0,3.5
CUST-107240,77.0,Low Risk (Healthy),25,75.7,93.0,3348,37,0,0.0,0,3.5
CUST-107241,39.7,High Risk (Critical),9,22.3,4.7,70,2,0,0.0,0,3.5
CUST-107242,37.9,High Risk (Critical),7,25.2,21.6,140,43,0,0.0,0,3.5
CUST-107243,5.0,High Risk (Critical),8,32.8,8.1,62,42,1,64.4,1,1.0
CUST-107244,16.9,High Risk (Critical),11,43.9,7.4,139,1,1,23.5,1,1.0
CUST-107245,12.3,High Risk (Critical),11,32.7,9.1,76,41,3,17.2,1,2.0
CUST-107246,72.3,Low Risk (Healthy),22,73.2,36.4,764,6,0,0.0,0,3.5
CUST-107247,69.0,Medium Risk (Warning),20,64.4,39.0,3081,45,1,23.8,0,5.0
CUST-107248,65.3,Medium Risk (Warning),17,80.8,42.4,551,10,1,12.9,0,4.0
CUST-107249,19.9,High Risk (Critical),8,27.6,19.7,15,7,1,24.4,1,3.0
CUST-107250,79.9,Low Risk (Healthy),28,83.9,64.7,2652,27,1,20.5,0,4.0
CUST-107251,80.3,Low Risk (Healthy),28,92.6,81.1,5190,4,1,14.8,0,3.5
CUST-107252,49.4,Medium Risk (Warning),13,36.8,20.9,97,45,0,0.0,0,3.5
CUST-107253,69.3,Medium Risk (Warning),20,77.8,98.5,25,22,1,5.8,0,4.0
CUST-107254,28.0,High Risk (Critical),11,43.2,10.2,53,22,1,13.3,0,1.0
CUST-107255,10.6,High Risk (Critical),13,29.0,7.8,68,19,4,43.6,0,1.0
CUST-107256,28.1,High Risk (Critical),2,14.9,18.1,66,14,0,0.0,0,3.5
CUST-107257,71.8,Low Risk (Healthy),23,67.1,106.9,137,4,0,0.0,0,3.5
CUST-107258,50.2,Medium Risk (Warning),12,44.0,7.3,4,34,0,0.0,0,3.5
CUST-107259,12.8,High Risk (Critical),8,26.8,7.9,72,3,2,31.6,0,1.0
CUST-107260,61.7,Medium Risk (Warning),22,88.3,65.6,40,41,4,16.8,0,4.0
CUST-107261,80.3,Low Risk (Healthy),28,73.2,93.8,19,27,0,0.0,0,3.5
CUST-107262,34.5,High Risk (Critical),5,22.9,9.8,15,15,0,0.0,0,3.5
CUST-107263,5.0,High Risk (Critical),7,26.9,18.1,68,14,2,62.8,1,1.0
CUST-107264,41.0,High Risk (Critical),5,44.4,11.6,67,16,0,0.0,0,3.5
CUST-107265,9.2,High Risk (Critical),5,19.1,4.3,146,39,2,57.2,0,2.0
CUST-107266,14.6,High Risk (Critical),6,35.2,20.7,109,14,2,63.5,0,2.0
CUST-107267,84.2,Low Risk (Healthy),25,92.2,93.0,148,20,1,22.7,0,5.0
CUST-107268,82.6,Low Risk (Healthy),29,83.2,91.8,1009,25,1,8.5,0,4.0
CUST-107269,6.7,High Risk (Critical),9,29.5,11.8,144,27,4,33.2,0,1.0
CUST-107270,5.9,High Risk (Critical),14,13.6,15.1,94,1,4,54.6,0,1.0
CUST-107271,7.3,High Risk (Critical),1,29.6,10.6,7,6,2,55.6,0,2.0
CUST-107272,64.7,Medium Risk (Warning),19,61.3,49.8,74,20,0,0.0,0,3.5
CUST-107273,55.4,Medium Risk (Warning),16,75.6,70.6,3318,14,2,13.2,0,3.5
CUST-107274,5.0,High Risk (Critical),4,14.7,14.8,47,43,2,59.0,1,1.0
CUST-107275,56.2,Medium Risk (Warning),15,50.6,26.9,100,22,0,0.0,0,3.5
CUST-107276,8.1,High Risk (Critical),1,36.9,19.1,117,36,2,18.4,0,1.0
CUST-107277,55.6,Medium Risk (Warning),22,78.9,101.2,6679,30,4,19.2,0,3.5
CUST-107278,24.6,High Risk (Critical),12,37.1,21.8,89,6,4,36.1,0,3.0
CUST-107279,12.5,High Risk (Critical),4,43.3,5.0,125,8,1,62.9,0,1.0
CUST-107280,85.9,Low Risk (Healthy),29,75.1,72.9,87,41,1,10.3,0,5.0
CUST-107281,21.6,High Risk (Critical),12,30.4,14.0,139,42,1,12.4,1,2.0
CUST-107282,17.1,High Risk (Critical),14,15.7,17.8,69,24,4,17.9,0,2.0
CUST-107283,9.9,High Risk (Critical),10,19.9,6.6,54,8,1,59.5,1,2.0
CUST-107284,63.3,Medium Risk (Warning),17,56.6,63.2,4044,6,1,18.6,0,5.0
CUST-107285,6.1,High Risk (Critical),9,16.1,8.0,8,36,2,37.7,1,2.0
CUST-107286,60.2,Medium Risk (Warning),18,53.4,87.5,3850,29,2,14.4,0,5.0
CUST-107287,12.3,High Risk (Critical),5,42.2,15.5,16,34,3,70.0,1,3.0
CUST-107288,63.2,Medium Risk (Warning),17,65.0,25.9,73,40,0,0.0,0,3.5
CUST-107289,5.0,High Risk (Critical),11,28.4,15.5,147,14,7,43.9,0,1.0
CUST-107290,21.4,High Risk (Critical),13,30.9,10.3,144,19,2,41.6,1,3.0
CUST-107291,6.3,High Risk (Critical),7,30.0,13.3,131,37,3,48.5,0,1.0
CUST-107292,74.5,Low Risk (Healthy),26,90.1,92.2,75,14,4,9.8,0,5.0
CUST-107293,73.8,Low Risk (Healthy),23,78.8,55.0,147,14,1,4.1,0,4.0
CUST-107294,5.0,High Risk (Critical),2,26.7,21.0,76,3,1,39.7,1,1.0
CUST-107295,72.0,Low Risk (Healthy),19,85.4,26.0,1378,23,0,0.0,0,3.5
CUST-107296,75.8,Low Risk (Healthy),25,71.6,96.2,5772,21,0,0.0,0,3.5
CUST-107297,5.0,High Risk (Critical),3,39.5,13.7,109,6,2,13.7,1,1.0
CUST-107298,41.7,High Risk (Critical),7,38.0,11.7,31,6,0,0.0,0,3.5
CUST-107299,5.0,High Risk (Critical),5,28.0,12.3,49,44,3,51.1,1,2.0
CUST-107300,12.3,High Risk (Critical),2,37.6,7.7,116,12,3,13.5,0,2.0
CUST-107301,10.5,High Risk (Critical),12,25.1,15.1,12,21,2,60.9,1,2.0
CUST-107302,76.6,Low Risk (Healthy),23,88.4,69.8,4257,10,1,4.6,0,4.0
CUST-107303,63.2,Medium Risk (Warning),20,51.9,31.2,2371,2,0,0.0,0,3.5
CUST-107304,64.9,Medium Risk (Warning),15,88.0,42.1,5,10,1,12.4,0,4.0
CUST-107305,15.8,High Risk (Critical),14,42.2,19.0,104,17,1,60.0,1,1.0
CUST-107306,75.5,Low Risk (Healthy),26,66.2,109.0,27,12,0,0.0,0,3.5
CUST-107307,68.3,Medium Risk (Warning),16,91.6,90.9,7181,39,1,4.0,0,4.0
CUST-107308,17.3,High Risk (Critical),4,17.9,20.1,117,31,1,59.3,0,3.0
CUST-107309,42.0,High Risk (Critical),10,25.4,18.9,60,8,0,0.0,0,3.5
CUST-107310,5.0,High Risk (Critical),3,20.3,20.9,12,4,4,42.8,0,2.0
CUST-107311,70.1,Low Risk (Healthy),21,76.1,47.8,1099,43,2,21.9,0,5.0
CUST-107312,5.0,High Risk (Critical),1,43.3,16.4,45,9,2,52.8,1,2.0
CUST-107313,61.5,Medium Risk (Warning),22,85.3,31.2,102,18,3,19.7,0,3.5
CUST-107314,6.6,High Risk (Critical),7,14.1,21.0,50,43,3,37.8,1,3.0
CUST-107315,11.7,High Risk (Critical),4,18.3,16.9,21,28,2,24.8,0,2.0
CUST-107316,14.6,High Risk (Critical),12,41.7,5.9,133,7,1,47.6,1,1.0
CUST-107317,39.0,High Risk (Critical),10,15.5,16.3,36,27,0,0.0,0,3.5
CUST-107318,5.0,High Risk (Critical),10,11.5,17.8,21,8,3,42.5,1,2.0
CUST-107319,5.0,High Risk (Critical),1,39.7,18.1,105,23,2,56.1,1,2.0
CUST-107320,11.6,High Risk (Critical),7,16.6,9.2,7,9,1,37.8,0,1.0
CUST-107321,22.9,High Risk (Critical),11,24.3,20.1,56,28,1,56.3,0,2.0
CUST-107322,60.6,Medium Risk (Warning),20,74.2,80.9,3883,24,3,2.7,0,4.0
CUST-107323,63.7,Medium Risk (Warning),20,53.4,41.7,1042,27,0,0.0,0,3.5
CUST-107324,6.6,High Risk (Critical),3,30.4,16.7,18,38,2,36.4,0,1.0
CUST-107325,36.2,High Risk (Critical),14,44.4,15.6,101,4,2,45.9,0,3.0
CUST-107326,66.5,Medium Risk (Warning),24,66.8,82.4,3296,43,1,20.2,0,3.5
CUST-107327,22.7,High Risk (Critical),13,17.0,15.9,1,0,2,29.5,0,2.0
CUST-107328,37.8,High Risk (Critical),7,24.8,9.7,75,6,0,0.0,0,3.5
CUST-107329,58.8,Medium Risk (Warning),15,59.5,35.4,2761,38,0,0.0,0,3.5
CUST-107330,17.9,High Risk (Critical),5,29.4,19.7,90,18,2,12.5,0,2.0
CUST-107331,13.3,High Risk (Critical),1,43.2,10.6,137,32,1,40.0,1,3.0
CUST-107332,19.1,High Risk (Critical),3,35.9,12.7,29,29,1,29.7,0,2.0
CUST-107333,69.3,Medium Risk (Warning),21,67.6,70.7,111,20,0,0.0,0,3.5
CUST-107334,83.1,Low Risk (Healthy),27,86.9,29.9,66,6,0,0.0,0,3.5
CUST-107335,65.0,Medium Risk (Warning),16,81.8,80.0,19,35,2,23.1,0,5.0
CUST-107336,12.7,High Risk (Critical),14,23.4,11.7,25,41,2,58.0,1,2.0
CUST-107337,70.1,Low Risk (Healthy),25,52.4,76.4,66,35,0,0.0,0,3.5
CUST-107338,11.3,High Risk (Critical),3,19.5,14.4,72,11,1,52.3,0,2.0
CUST-107339,22.4,High Risk (Critical),11,37.5,14.4,73,13,1,12.5,1,2.0
CUST-107340,69.2,Medium Risk (Warning),26,56.0,44.4,532,34,3,2.1,0,5.0
CUST-107341,12.8,High Risk (Critical),4,38.6,20.2,134,1,1,49.3,0,1.0
CUST-107342,6.3,High Risk (Critical),6,11.1,14.9,127,6,2,24.3,0,1.0
CUST-107343,5.0,High Risk (Critical),4,16.5,16.9,150,32,5,52.6,0,1.0
CUST-107344,70.6,Low Risk (Healthy),17,89.9,50.7,137,12,0,0.0,0,3.5
CUST-107345,13.1,High Risk (Critical),2,28.4,6.8,136,37,2,16.6,0,2.0
CUST-107346,67.2,Medium Risk (Warning),19,69.5,37.5,2100,19,0,0.0,0,3.5
CUST-107347,19.5,High Risk (Critical),10,43.7,6.7,119,28,1,71.6,0,1.0
CUST-107348,12.6,High Risk (Critical),8,29.7,9.5,146,11,2,39.7,0,1.0
CUST-107349,21.7,High Risk (Critical),7,14.4,14.9,113,22,2,15.7,0,3.0
CUST-107350,5.0,High Risk (Critical),2,18.6,5.7,39,10,3,27.8,1,3.0
CUST-107351,72.6,Low Risk (Healthy),25,60.9,35.4,920,34,0,0.0,0,3.5
CUST-107352,11.0,High Risk (Critical),5,21.0,4.4,23,24,1,31.4,0,1.0
CUST-107353,36.4,High Risk (Critical),11,32.8,14.4,50,6,1,17.2,0,3.0
CUST-107354,12.1,High Risk (Critical),3,10.1,18.7,41,15,1,71.6,0,3.0
CUST-107355,78.0,Low Risk (Healthy),24,75.9,97.4,129,28,1,21.9,0,5.0
CUST-107356,67.6,Medium Risk (Warning),21,88.3,45.7,106,25,2,23.4,0,4.0
CUST-107357,39.8,High Risk (Critical),11,13.9,13.5,77,41,0,0.0,0,3.5
CUST-107358,5.4,High Risk (Critical),3,27.9,16.3,26,0,6,13.0,1,3.0
CUST-107359,22.1,High Risk (Critical),7,42.4,6.0,123,25,1,64.0,0,2.0
CUST-107360,5.0,High Risk (Critical),1,37.6,4.5,34,26,2,64.9,1,2.0
CUST-107361,13.6,High Risk (Critical),5,38.2,21.0,58,5,1,52.5,0,1.0
CUST-107362,5.0,High Risk (Critical),8,31.3,6.4,56,40,2,64.5,1,1.0
CUST-107363,76.8,Low Risk (Healthy),25,74.8,98.2,1374,22,0,0.0,0,3.5
CUST-107364,69.8,Medium Risk (Warning),25,51.7,39.5,74,35,0,0.0,0,3.5
CUST-107365,54.7,Medium Risk (Warning),16,52.1,81.9,42,24,1,17.8,0,4.0
CUST-107366,67.6,Medium Risk (Warning),26,88.2,66.3,3049,22,3,20.4,0,3.5
CUST-107367,16.5,High Risk (Critical),13,23.2,17.7,143,31,4,30.5,0,2.0
CUST-107368,23.1,High Risk (Critical),12,24.8,19.4,65,21,1,18.8,0,1.0
CUST-107369,5.0,High Risk (Critical),6,22.9,15.1,80,11,2,60.1,1,2.0
CUST-107370,65.9,Medium Risk (Warning),24,81.1,68.0,79,28,3,19.3,0,4.0
CUST-107371,23.1,High Risk (Critical),5,18.9,9.5,142,12,1,25.7,0,3.0
CUST-107372,36.0,High Risk (Critical),14,23.3,11.1,35,26,1,29.4,0,3.0
CUST-107373,64.4,Medium Risk (Warning),21,71.2,40.8,92,4,2,7.3,0,4.0
CUST-107374,8.4,High Risk (Critical),2,25.4,19.8,119,40,1,47.0,1,3.0
CUST-107375,5.0,High Risk (Critical),9,13.3,19.5,43,23,2,46.5,1,2.0
CUST-107376,57.7,Medium Risk (Warning),20,55.4,104.9,7762,19,1,20.4,0,3.5
CUST-107377,56.6,Medium Risk (Warning),20,60.4,67.6,72,2,2,9.5,0,3.5
CUST-107378,75.2,Low Risk (Healthy),26,69.3,97.7,30,30,1,2.4,0,4.0
CUST-107379,9.8,High Risk (Critical),8,40.3,7.6,10,6,3,49.8,1,2.0
CUST-107380,18.7,High Risk (Critical),12,29.1,13.4,142,12,1,32.1,1,2.0
CUST-107381,74.9,Low Risk (Healthy),28,55.3,36.7,43,5,0,0.0,0,3.5
CUST-107382,18.9,High Risk (Critical),5,43.8,6.7,79,0,1,39.5,1,3.0
CUST-107383,8.7,High Risk (Critical),4,28.2,14.1,57,35,1,25.0,1,2.0
CUST-107384,28.6,High Risk (Critical),13,19.1,11.2,96,34,1,20.1,0,2.0
CUST-107385,80.3,Low Risk (Healthy),26,82.1,37.0,2516,10,0,0.0,0,3.5
CUST-107386,8.3,High Risk (Critical),8,15.4,5.0,73,7,3,34.9,1,3.0
CUST-107387,66.5,Medium Risk (Warning),21,61.8,94.1,4422,5,2,16.6,0,5.0
CUST-107388,44.4,High Risk (Critical),12,24.7,5.7,16,8,0,0.0,0,3.5
CUST-107389,13.7,High Risk (Critical),9,44.8,16.9,21,28,2,46.2,1,2.0
CUST-107390,10.6,High Risk (Critical),3,27.2,9.5,97,6,3,60.4,0,3.0
CUST-107391,32.0,High Risk (Critical),13,42.2,17.5,92,40,2,63.7,0,3.0
CUST-107392,35.9,High Risk (Critical),8,14.1,10.4,35,43,0,0.0,0,3.5
CUST-107393,77.8,Low Risk (Healthy),27,69.2,74.0,3996,42,0,0.0,0,3.5
CUST-107394,5.0,High Risk (Critical),6,33.9,17.2,39,19,2,66.6,1,1.0
CUST-107395,74.5,Low Risk (Healthy),25,67.3,42.2,113,42,0,0.0,0,3.5
CUST-107396,79.0,Low Risk (Healthy),22,84.9,34.1,113,25,1,14.3,0,5.0
CUST-107397,6.1,High Risk (Critical),7,32.4,15.8,45,10,2,66.5,1,2.0
CUST-107398,5.0,High Risk (Critical),3,21.4,9.0,138,20,4,35.9,0,2.0
CUST-107399,71.3,Low Risk (Healthy),23,65.5,27.3,150,14,0,0.0,0,3.5
CUST-107400,72.9,Low Risk (Healthy),18,80.2,99.8,3293,20,1,9.0,0,5.0
CUST-107401,74.4,Low Risk (Healthy),25,66.9,29.9,1136,34,0,0.0,0,3.5
CUST-107402,34.7,High Risk (Critical),5,23.4,11.2,43,30,0,0.0,0,3.5
CUST-107403,73.6,Low Risk (Healthy),18,81.9,81.1,7,9,1,7.6,0,5.0
CUST-107404,76.2,Low Risk (Healthy),24,77.4,28.8,123,42,0,0.0,0,3.5
CUST-107405,26.8,High Risk (Critical),5,40.5,21.1,88,27,2,16.2,0,3.0
CUST-107406,74.9,Low Risk (Healthy),27,67.2,102.3,7058,45,1,10.0,0,4.0
CUST-107407,22.1,High Risk (Critical),14,27.8,4.4,57,34,5,23.4,0,3.0
CUST-107408,20.9,High Risk (Critical),6,15.4,6.2,5,18,1,45.7,0,3.0
CUST-107409,35.0,High Risk (Critical),2,37.7,6.2,40,10,0,0.0,0,3.5
CUST-107410,14.6,High Risk (Critical),11,23.2,7.6,75,3,6,38.9,1,3.0
CUST-107411,62.1,Medium Risk (Warning),19,72.1,63.3,128,27,1,14.7,0,3.5
CUST-107412,21.0,High Risk (Critical),14,35.3,18.2,130,4,2,49.7,0,1.0
CUST-107413,5.0,High Risk (Critical),6,29.4,4.8,107,12,1,59.1,1,1.0
CUST-107414,82.3,Low Risk (Healthy),28,85.3,90.5,6335,33,2,21.2,0,5.0
CUST-107415,19.4,High Risk (Critical),7,24.2,13.4,129,23,1,41.6,0,2.0
CUST-107416,71.2,Low Risk (Healthy),24,73.5,63.5,1841,34,1,22.8,0,4.0
CUST-107417,67.1,Medium Risk (Warning),20,64.7,105.8,7194,23,0,0.0,0,3.5
CUST-107418,72.3,Low Risk (Healthy),23,79.0,70.1,2313,6,1,16.4,0,4.0
CUST-107419,27.8,High Risk (Critical),7,40.7,12.4,78,9,1,14.0,0,2.0
CUST-107420,11.7,High Risk (Critical),12,40.6,21.9,137,9,1,68.2,1,1.0
CUST-107421,58.7,Medium Risk (Warning),17,50.2,58.8,97,22,0,0.0,0,3.5
CUST-107422,67.0,Medium Risk (Warning),18,73.2,84.4,37,7,0,0.0,0,3.5
CUST-107423,7.0,High Risk (Critical),4,28.9,9.3,39,0,2,57.7,1,3.0
CUST-107424,29.0,High Risk (Critical),13,32.0,21.9,135,19,2,63.5,0,3.0
CUST-107425,82.4,Low Risk (Healthy),26,89.0,25.6,101,15,0,0.0,0,3.5
CUST-107426,77.7,Low Risk (Healthy),28,52.3,80.0,35,5,1,10.8,0,5.0
CUST-107427,75.0,Low Risk (Healthy),29,61.7,104.9,136,24,1,17.8,0,4.0
CUST-107428,7.0,High Risk (Critical),1,42.3,16.6,13,31,2,39.9,0,1.0
CUST-107429,74.3,Low Risk (Healthy),21,84.2,76.1,109,25,0,0.0,0,3.5
CUST-107430,18.9,High Risk (Critical),12,31.9,13.7,58,41,4,69.6,0,3.0
CUST-107431,18.6,High Risk (Critical),6,35.3,18.9,95,26,1,63.8,0,2.0
CUST-107432,63.8,Medium Risk (Warning),16,71.4,99.3,5660,9,0,0.0,0,3.5
CUST-107433,12.1,High Risk (Critical),14,21.5,22.0,142,0,5,45.2,1,2.0
CUST-107434,61.8,Medium Risk (Warning),22,61.6,106.8,18,7,2,15.8,0,4.0
CUST-107435,69.4,Medium Risk (Warning),20,77.4,37.0,555,6,1,4.0,0,4.0
CUST-107436,16.3,High Risk (Critical),4,28.3,7.1,68,36,2,12.1,0,2.0
CUST-107437,46.0,Medium Risk (Warning),12,30.1,20.3,108,28,0,0.0,0,3.5
CUST-107438,38.8,High Risk (Critical),7,28.2,4.9,44,32,0,0.0,0,3.5
CUST-107439,72.8,Low Risk (Healthy),25,61.6,37.2,1227,21,0,0.0,0,3.5
CUST-107440,5.0,High Risk (Critical),7,30.6,16.3,23,0,3,45.0,1,1.0
CUST-107441,27.5,High Risk (Critical),10,43.9,21.4,78,27,1,55.8,0,2.0
CUST-107442,67.5,Medium Risk (Warning),19,90.0,100.7,5941,41,1,14.8,0,3.5
CUST-107443,71.0,Low Risk (Healthy),25,55.7,26.2,92,19,0,0.0,0,3.5
CUST-107444,86.1,Low Risk (Healthy),26,86.3,100.1,5305,16,1,3.9,0,5.0
CUST-107445,16.7,High Risk (Critical),8,25.7,21.1,39,4,2,45.8,0,2.0
CUST-107446,71.9,Low Risk (Healthy),25,68.0,28.4,142,42,1,15.0,0,4.0
CUST-107447,74.3,Low Risk (Healthy),19,93.3,81.2,35,31,0,0.0,0,3.5
CUST-107448,14.5,High Risk (Critical),3,16.8,6.1,61,8,1,20.1,0,2.0
CUST-107449,66.3,Medium Risk (Warning),22,53.2,65.1,2604,12,0,0.0,0,3.5
CUST-107450,46.9,Medium Risk (Warning),11,37.3,18.1,15,21,0,0.0,0,3.5
CUST-107451,72.3,Low Risk (Healthy),23,75.0,109.9,30,42,2,22.6,0,5.0
CUST-107452,65.5,Medium Risk (Warning),15,93.1,53.3,1758,3,1,19.1,0,4.0
CUST-107453,6.4,High Risk (Critical),6,15.4,9.4,120,17,1,33.8,1,2.0
CUST-107454,5.1,High Risk (Critical),10,11.6,6.5,80,30,1,30.1,1,1.0
CUST-107455,74.1,Low Risk (Healthy),26,61.5,90.1,991,27,0,0.0,0,3.5
CUST-107456,11.9,High Risk (Critical),3,28.1,8.1,37,29,2,36.4,0,2.0
CUST-107457,19.2,High Risk (Critical),12,24.2,14.3,92,23,3,32.4,0,2.0
CUST-107458,56.5,Medium Risk (Warning),15,61.3,107.1,1392,35,1,15.4,0,4.0
CUST-107459,5.0,High Risk (Critical),7,21.7,15.3,53,37,4,33.9,0,1.0
CUST-107460,66.4,Medium Risk (Warning),21,57.9,47.4,1706,28,0,0.0,0,3.5
CUST-107461,29.6,High Risk (Critical),7,34.4,18.5,21,36,1,32.6,0,3.0
CUST-107462,30.9,High Risk (Critical),1,28.6,4.2,102,7,0,0.0,0,3.5
CUST-107463,83.6,Low Risk (Healthy),27,75.8,104.3,23,30,1,9.3,0,5.0
CUST-107464,34.5,High Risk (Critical),6,18.4,9.0,147,35,0,0.0,0,3.5
CUST-107465,75.9,Low Risk (Healthy),22,85.2,52.2,2088,6,0,0.0,0,3.5
CUST-107466,21.9,High Risk (Critical),14,30.2,21.8,134,9,1,31.0,1,2.0
CUST-107467,11.7,High Risk (Critical),13,24.7,5.0,5,42,5,52.3,0,2.0
CUST-107468,81.1,Low Risk (Healthy),24,81.0,99.0,6831,1,1,9.9,0,5.0
CUST-107469,68.6,Medium Risk (Warning),18,64.7,92.7,10,26,1,6.5,0,5.0
CUST-107470,32.5,High Risk (Critical),6,11.7,14.2,119,43,0,0.0,0,3.5
CUST-107471,77.5,Low Risk (Healthy),23,86.0,68.3,65,29,0,0.0,0,3.5
CUST-107472,18.6,High Risk (Critical),13,29.4,13.1,11,13,3,12.1,0,1.0
CUST-107473,68.8,Medium Risk (Warning),21,66.0,34.9,40,8,0,0.0,0,3.5
CUST-107474,5.8,High Risk (Critical),4,44.9,5.8,61,16,2,71.1,1,2.0
CUST-107475,5.0,High Risk (Critical),3,15.4,16.7,147,16,3,70.1,1,1.0
CUST-107476,38.1,High Risk (Critical),5,34.8,17.1,2,8,0,0.0,0,3.5
CUST-107477,40.6,High Risk (Critical),7,34.1,9.5,130,5,0,0.0,0,3.5
CUST-107478,20.2,High Risk (Critical),4,32.6,16.6,122,12,1,23.1,0,2.0
CUST-107479,18.4,High Risk (Critical),1,39.6,16.5,13,30,1,70.4,0,3.0
CUST-107480,64.2,Medium Risk (Warning),19,66.2,66.9,2,13,1,7.8,0,4.0
CUST-107481,72.4,Low Risk (Healthy),22,73.6,56.2,2304,35,0,0.0,0,3.5
CUST-107482,72.4,Low Risk (Healthy),24,64.8,49.4,1729,36,0,0.0,0,3.5
CUST-107483,67.9,Medium Risk (Warning),17,68.9,57.7,3,30,1,11.3,0,5.0
CUST-107484,10.3,High Risk (Critical),11,28.8,5.2,141,16,3,34.1,1,2.0
CUST-107485,83.4,Low Risk (Healthy),27,79.8,31.7,27,35,1,20.2,0,5.0
CUST-107486,5.0,High Risk (Critical),5,44.0,6.7,12,13,4,38.2,1,1.0
CUST-107487,59.5,Medium Risk (Warning),16,57.1,79.9,1598,25,0,0.0,0,3.5
CUST-107488,65.0,Medium Risk (Warning),18,59.7,78.9,91,40,1,22.9,0,5.0
CUST-107489,66.5,Medium Risk (Warning),24,85.8,108.9,1524,39,3,2.3,0,3.5
CUST-107490,5.0,High Risk (Critical),10,21.1,10.7,120,44,4,58.4,0,1.0
CUST-107491,5.0,High Risk (Critical),9,31.0,5.5,109,41,2,58.2,1,1.0
CUST-107492,29.9,High Risk (Critical),1,25.1,5.7,14,8,0,0.0,0,3.5
CUST-107493,90.2,Low Risk (Healthy),28,91.1,26.5,118,13,1,4.1,0,5.0
CUST-107494,74.1,Low Risk (Healthy),18,84.4,64.6,3229,45,1,9.9,0,5.0
CUST-107495,8.5,High Risk (Critical),6,30.3,17.6,88,36,2,20.6,1,2.0
CUST-107496,5.0,High Risk (Critical),4,39.4,9.7,65,6,5,58.5,0,1.0
CUST-107497,8.0,High Risk (Critical),11,19.5,8.5,131,3,2,51.8,1,2.0
CUST-107498,70.7,Low Risk (Healthy),23,71.0,45.2,2892,34,1,10.2,0,4.0
CUST-107499,60.9,Medium Risk (Warning),29,51.3,103.1,5670,35,3,17.1,0,3.5
CUST-107500,8.2,High Risk (Critical),3,20.0,12.7,26,8,2,46.2,0,2.0
CUST-107501,74.9,Low Risk (Healthy),26,68.3,75.9,76,9,1,2.1,0,4.0
CUST-107502,5.0,High Risk (Critical),5,19.1,8.1,120,12,1,67.9,1,1.0
CUST-107503,63.5,Medium Risk (Warning),18,53.0,37.7,2073,2,1,18.9,0,5.0
CUST-107504,5.0,High Risk (Critical),11,11.0,15.1,145,16,3,66.5,0,1.0
CUST-107505,61.2,Medium Risk (Warning),23,53.1,63.3,4557,41,2,11.5,0,4.0
CUST-107506,5.0,High Risk (Critical),1,21.3,15.6,97,33,4,19.7,1,2.0
CUST-107507,8.4,High Risk (Critical),5,27.4,12.3,124,38,1,35.9,1,2.0
CUST-107508,6.7,High Risk (Critical),13,11.1,6.0,71,4,1,47.4,1,1.0
CUST-107509,71.2,Low Risk (Healthy),17,91.9,104.4,5742,44,0,0.0,0,3.5
CUST-107510,26.3,High Risk (Critical),10,23.0,21.4,73,28,2,31.7,0,3.0
CUST-107511,15.4,High Risk (Critical),8,30.4,8.3,116,19,1,50.7,0,1.0
CUST-107512,84.7,Low Risk (Healthy),29,75.9,33.8,106,0,1,21.6,0,5.0
CUST-107513,20.4,High Risk (Critical),11,42.3,6.8,35,9,5,56.0,0,3.0
CUST-107514,26.4,High Risk (Critical),13,32.1,6.5,43,45,2,36.5,0,2.0
CUST-107515,68.4,Medium Risk (Warning),24,54.7,68.2,1091,17,2,15.7,0,5.0
CUST-107516,14.9,High Risk (Critical),11,44.0,8.0,4,16,4,69.6,1,2.0
CUST-107517,27.3,High Risk (Critical),13,19.1,19.6,1,5,1,30.4,0,2.0
CUST-107518,67.0,Medium Risk (Warning),15,86.5,94.5,18,8,0,0.0,0,3.5
CUST-107519,41.0,High Risk (Critical),8,31.1,13.4,134,40,0,0.0,0,3.5
CUST-107520,5.0,High Risk (Critical),1,18.9,7.3,19,41,2,51.2,0,2.0
CUST-107521,25.2,High Risk (Critical),14,21.4,19.1,13,30,1,63.1,0,2.0
CUST-107522,18.5,High Risk (Critical),3,22.8,16.4,17,36,1,50.7,0,3.0
CUST-107523,43.1,High Risk (Critical),13,16.0,8.0,25,4,0,0.0,0,3.5
CUST-107524,5.0,High Risk (Critical),4,27.7,12.8,36,3,2,38.9,1,1.0
CUST-107525,5.0,High Risk (Critical),1,42.1,7.1,117,31,1,17.1,1,1.0
CUST-107526,72.3,Low Risk (Healthy),24,69.0,51.1,64,17,1,3.3,0,4.0
CUST-107527,49.3,Medium Risk (Warning),13,36.6,12.8,48,10,0,0.0,0,3.5
CUST-107528,79.6,Low Risk (Healthy),24,88.7,41.5,1452,34,0,0.0,0,3.5
CUST-107529,22.3,High Risk (Critical),14,18.8,12.3,44,44,2,16.4,1,3.0
CUST-107530,74.1,Low Risk (Healthy),24,86.2,29.6,119,11,3,14.1,0,5.0
CUST-107531,70.5,Low Risk (Healthy),17,89.5,61.6,96,18,0,0.0,0,3.5
CUST-107532,7.5,High Risk (Critical),3,24.7,13.8,16,33,1,63.0,1,3.0
CUST-107533,13.5,High Risk (Critical),10,38.9,7.9,93,9,5,28.2,0,2.0
CUST-107534,80.1,Low Risk (Healthy),29,87.5,86.7,1560,11,1,14.3,0,3.5
CUST-107535,5.0,High Risk (Critical),4,17.9,8.9,109,7,1,45.1,1,1.0
CUST-107536,5.0,High Risk (Critical),6,19.9,5.4,89,26,3,50.3,1,1.0
CUST-107537,66.3,Medium Risk (Warning),22,53.2,92.1,2394,41,0,0.0,0,3.5
CUST-107538,5.0,High Risk (Critical),13,15.0,18.9,105,37,5,39.8,0,1.0
CUST-107539,9.8,High Risk (Critical),13,14.3,8.1,16,5,4,14.4,0,1.0
CUST-107540,68.4,Medium Risk (Warning),22,81.3,32.4,1458,38,2,10.3,0,4.0
CUST-107541,6.6,High Risk (Critical),5,42.5,13.1,104,13,5,38.4,0,2.0
CUST-107542,67.2,Medium Risk (Warning),21,60.6,70.9,148,31,0,0.0,0,3.5
CUST-107543,5.0,High Risk (Critical),5,16.4,6.2,61,31,2,48.8,0,1.0
CUST-107544,17.3,High Risk (Critical),13,21.5,9.0,39,12,4,68.2,0,3.0
CUST-107545,85.5,Low Risk (Healthy),28,78.6,55.8,79,25,1,11.3,0,5.0
CUST-107546,76.7,Low Risk (Healthy),28,61.3,73.1,116,41,0,0.0,0,3.5
CUST-107547,10.4,High Risk (Critical),6,41.1,20.5,4,25,1,15.4,1,1.0
CUST-107548,19.0,High Risk (Critical),1,43.9,21.3,37,4,3,12.1,0,3.0
CUST-107549,22.0,High Risk (Critical),14,22.2,14.5,115,39,3,26.7,0,2.0
CUST-107550,5.0,High Risk (Critical),5,28.0,6.3,134,1,1,68.5,1,2.0
CUST-107551,16.8,High Risk (Critical),3,35.2,15.4,101,37,1,14.0,1,3.0
CUST-107552,5.2,High Risk (Critical),5,25.5,16.8,139,10,1,57.0,1,2.0
CUST-107553,84.7,Low Risk (Healthy),26,88.3,90.5,56,6,1,19.8,0,5.0
CUST-107554,65.4,Medium Risk (Warning),17,72.6,53.9,1293,19,0,0.0,0,3.5
CUST-107555,22.2,High Risk (Critical),13,30.0,11.9,131,13,2,65.4,0,2.0
CUST-107556,19.5,High Risk (Critical),9,37.0,20.8,18,17,2,61.1,0,2.0
CUST-107557,65.4,Medium Risk (Warning),19,79.4,90.7,104,13,1,6.3,0,3.5
CUST-107558,44.3,High Risk (Critical),11,28.7,10.7,100,29,0,0.0,0,3.5
CUST-107559,46.9,Medium Risk (Warning),11,37.3,11.0,102,3,0,0.0,0,3.5
CUST-107560,14.6,High Risk (Critical),6,17.0,15.5,107,29,1,52.1,0,2.0
CUST-107561,68.7,Medium Risk (Warning),18,81.6,25.7,1824,28,2,13.9,0,5.0
CUST-107562,9.7,High Risk (Critical),4,14.1,14.8,53,36,1,30.9,1,3.0
CUST-107563,74.8,Low Risk (Healthy),19,95.0,43.4,58,31,0,0.0,0,3.5
CUST-107564,77.3,Low Risk (Healthy),27,75.3,71.9,120,7,1,10.2,0,4.0
CUST-107565,81.3,Low Risk (Healthy),29,72.0,36.2,135,9,0,0.0,0,3.5
CUST-107566,10.3,High Risk (Critical),1,29.8,12.6,113,3,1,63.7,0,2.0
CUST-107567,12.1,High Risk (Critical),5,41.3,5.8,23,11,3,50.0,1,3.0
CUST-107568,59.7,Medium Risk (Warning),16,57.9,107.9,3344,17,0,0.0,0,3.5
CUST-107569,75.1,Low Risk (Healthy),27,75.0,91.2,106,38,1,3.2,0,3.5
CUST-107570,80.7,Low Risk (Healthy),25,80.8,79.0,4108,8,1,22.9,0,5.0
CUST-107571,5.0,High Risk (Critical),2,30.0,8.4,57,15,3,36.2,1,2.0
CUST-107572,30.4,High Risk (Critical),9,39.2,4.2,44,36,2,27.2,0,3.0
CUST-107573,8.1,High Risk (Critical),2,39.4,12.8,62,19,2,51.4,1,3.0
CUST-107574,5.0,High Risk (Critical),3,19.8,6.9,140,31,3,23.7,0,1.0
CUST-107575,22.7,High Risk (Critical),14,43.7,11.8,24,33,1,56.4,1,2.0
CUST-107576,74.2,Low Risk (Healthy),24,71.7,47.5,3800,26,2,10.3,0,5.0
CUST-107577,5.0,High Risk (Critical),1,14.1,20.0,133,39,2,22.9,1,3.0
CUST-107578,76.5,Low Risk (Healthy),19,87.1,96.0,117,3,1,7.6,0,5.0
CUST-107579,75.3,Low Risk (Healthy),28,55.4,52.0,14,18,2,5.0,0,5.0
CUST-107580,5.0,High Risk (Critical),4,15.7,18.5,13,41,3,35.6,0,1.0
CUST-107581,67.8,Medium Risk (Warning),19,60.3,51.2,3635,10,1,13.1,0,5.0
CUST-107582,57.4,Medium Risk (Warning),15,72.8,28.3,31,43,2,3.4,0,4.0
CUST-107583,74.3,Low Risk (Healthy),24,70.9,108.7,5000,34,0,0.0,0,3.5
CUST-107584,38.9,High Risk (Critical),7,28.7,18.3,36,45,0,0.0,0,3.5
CUST-107585,30.9,High Risk (Critical),8,43.2,11.3,109,7,1,54.2,0,3.0
CUST-107586,73.7,Low Risk (Healthy),17,87.5,38.8,2289,1,1,9.8,0,5.0
CUST-107587,26.4,High Risk (Critical),3,44.9,15.0,96,32,1,40.4,0,3.0
CUST-107588,5.0,High Risk (Critical),2,29.2,18.1,47,17,3,54.7,0,1.0
CUST-107589,77.4,Low Risk (Healthy),24,88.7,93.6,6739,32,1,9.3,0,4.0
CUST-107590,5.3,High Risk (Critical),6,32.3,11.1,24,1,2,51.1,1,2.0
CUST-107591,74.3,Low Risk (Healthy),22,94.3,44.2,2784,20,1,2.5,0,3.5
CUST-107592,6.6,High Risk (Critical),4,32.0,4.2,1,29,2,50.9,0,1.0
CUST-107593,67.4,Medium Risk (Warning),19,70.2,73.6,5814,10,0,0.0,0,3.5
CUST-107594,66.9,Medium Risk (Warning),17,77.6,72.7,872,23,0,0.0,0,3.5
CUST-107595,6.7,High Risk (Critical),3,28.0,10.9,46,0,1,29.9,1,2.0
CUST-107596,67.2,Medium Risk (Warning),22,68.7,69.0,1104,2,1,22.2,0,4.0
CUST-107597,69.5,Medium Risk (Warning),24,55.0,81.7,980,13,0,0.0,0,3.5
CUST-107598,10.0,High Risk (Critical),10,16.5,7.6,53,3,1,50.4,1,2.0
CUST-107599,5.0,High Risk (Critical),1,40.8,12.5,130,34,4,30.0,1,1.0
CUST-107600,16.7,High Risk (Critical),8,43.4,12.8,18,29,2,61.1,1,3.0
CUST-107601,43.8,High Risk (Critical),12,22.6,20.1,19,19,0,0.0,0,3.5
CUST-107602,6.2,High Risk (Critical),3,30.7,4.9,149,15,5,39.0,1,3.0
CUST-107603,80.8,Low Risk (Healthy),27,66.1,85.2,4174,4,1,7.9,0,5.0
CUST-107604,17.1,High Risk (Critical),9,40.3,20.9,99,2,3,58.5,1,3.0
CUST-107605,67.2,Medium Risk (Warning),19,69.5,87.8,126,19,0,0.0,0,3.5
CUST-107606,18.3,High Risk (Critical),7,23.1,9.1,18,42,2,63.6,0,3.0
CUST-107607,77.8,Low Risk (Healthy),26,73.8,55.5,777,17,0,0.0,0,3.5
CUST-107608,56.6,Medium Risk (Warning),15,51.9,59.1,65,33,0,0.0,0,3.5
CUST-107609,74.6,Low Risk (Healthy),23,76.4,51.2,819,12,0,0.0,0,3.5
CUST-107610,7.3,High Risk (Critical),13,10.6,17.4,48,36,1,41.4,1,1.0
CUST-107611,21.4,High Risk (Critical),13,11.2,9.9,36,32,3,42.5,0,3.0
CUST-107612,21.0,High Risk (Critical),14,25.0,7.7,25,34,1,57.6,0,1.0
CUST-107613,74.2,Low Risk (Healthy),24,92.0,109.2,5678,41,2,11.4,0,4.0
CUST-107614,5.0,High Risk (Critical),10,28.2,18.7,138,12,2,57.6,1,1.0
CUST-107615,74.0,Low Risk (Healthy),26,77.3,88.3,100,33,3,14.5,0,5.0
CUST-107616,67.0,Medium Risk (Warning),15,86.8,43.2,65,16,0,0.0,0,3.5
CUST-107617,80.2,Low Risk (Healthy),27,77.2,77.2,36,25,0,0.0,0,3.5
CUST-107618,50.7,Medium Risk (Warning),16,51.6,65.1,120,23,2,17.1,0,4.0
CUST-107619,73.8,Low Risk (Healthy),25,56.2,65.7,2365,34,1,18.9,0,5.0
CUST-107620,17.2,High Risk (Critical),4,19.2,17.2,141,22,1,63.0,0,3.0
CUST-107621,12.6,High Risk (Critical),3,26.8,21.0,130,26,1,59.5,0,2.0
CUST-107622,63.6,Medium Risk (Warning),24,56.0,98.9,115,10,1,17.3,0,3.5
CUST-107623,5.0,High Risk (Critical),6,24.5,19.9,118,8,1,31.5,1,1.0
CUST-107624,8.2,High Risk (Critical),9,39.7,18.5,5,42,1,61.7,1,1.0
CUST-107625,64.1,Medium Risk (Warning),15,63.3,94.7,4261,11,1,7.1,0,5.0
CUST-107626,8.7,High Risk (Critical),7,33.8,17.0,85,13,2,70.3,0,1.0
CUST-107627,23.9,High Risk (Critical),13,34.8,14.4,105,2,1,14.7,1,2.0
CUST-107628,5.6,High Risk (Critical),2,25.5,7.3,120,2,1,21.6,1,2.0
CUST-107629,15.8,High Risk (Critical),3,14.3,11.3,83,4,1,52.2,0,3.0
CUST-107630,67.0,Medium Risk (Warning),18,73.3,39.0,2028,2,0,0.0,0,3.5
CUST-107631,13.7,High Risk (Critical),14,18.0,20.0,142,34,1,18.6,1,1.0
CUST-107632,67.5,Medium Risk (Warning),20,91.4,59.3,47,18,2,20.6,0,4.0
CUST-107633,5.0,High Risk (Critical),1,19.2,8.0,2,8,1,56.8,1,1.0
CUST-107634,9.9,High Risk (Critical),12,29.5,19.0,114,0,2,23.8,1,1.0
CUST-107635,41.0,High Risk (Critical),12,13.2,19.4,52,34,0,0.0,0,3.5
CUST-107636,12.8,High Risk (Critical),1,29.0,20.6,102,26,2,58.0,0,3.0
CUST-107637,14.2,High Risk (Critical),8,43.4,8.4,32,6,3,27.9,0,1.0
CUST-107638,19.1,High Risk (Critical),10,28.8,8.2,42,34,2,55.1,0,2.0
CUST-107639,60.4,Medium Risk (Warning),16,79.2,39.3,74,40,1,13.4,0,3.5
CUST-107640,79.8,Low Risk (Healthy),29,53.0,74.0,52,25,1,5.8,0,5.0
CUST-107641,24.4,High Risk (Critical),11,32.2,8.8,31,23,3,47.3,0,3.0
CUST-107642,20.7,High Risk (Critical),12,37.1,21.3,11,25,1,67.3,0,1.0
CUST-107643,67.0,Medium Risk (Warning),21,60.1,104.3,6779,31,0,0.0,0,3.5
CUST-107644,17.9,High Risk (Critical),12,29.6,6.8,142,22,5,60.9,0,3.0
CUST-107645,35.6,High Risk (Critical),10,36.9,15.0,111,24,1,22.5,0,3.0
CUST-107646,23.2,High Risk (Critical),13,43.0,14.2,33,0,2,56.2,1,3.0
CUST-107647,5.0,High Risk (Critical),1,23.7,16.8,144,17,2,62.7,1,2.0
CUST-107648,7.4,High Risk (Critical),1,40.3,7.7,150,39,2,32.4,0,1.0
CUST-107649,7.6,High Risk (Critical),2,39.1,12.6,21,16,4,22.4,0,2.0
CUST-107650,5.0,High Risk (Critical),7,25.2,20.8,23,10,3,47.8,0,1.0
CUST-107651,59.0,Medium Risk (Warning),16,55.5,63.8,149,37,0,0.0,0,3.5
CUST-107652,10.3,High Risk (Critical),7,16.3,15.6,119,8,1,47.2,0,1.0
CUST-107653,77.8,Low Risk (Healthy),24,82.5,84.1,146,16,0,0.0,0,3.5
CUST-107654,68.7,Medium Risk (Warning),17,83.6,101.1,3336,42,0,0.0,0,3.5
CUST-107655,9.2,High Risk (Critical),12,20.7,18.4,35,29,2,56.9,1,2.0
CUST-107656,81.6,Low Risk (Healthy),26,85.2,33.9,915,45,2,4.8,0,5.0
CUST-107657,21.2,High Risk (Critical),6,37.3,7.3,77,4,2,63.6,0,3.0
CUST-107658,24.1,High Risk (Critical),14,44.6,17.1,37,40,3,63.7,0,2.0
CUST-107659,69.3,Medium Risk (Warning),17,85.5,90.3,4153,28,0,0.0,0,3.5
CUST-107660,6.3,High Risk (Critical),11,14.8,10.3,85,25,2,54.5,1,2.0
CUST-107661,5.0,High Risk (Critical),3,30.8,12.6,73,12,4,35.2,0,2.0
CUST-107662,5.0,High Risk (Critical),2,10.2,18.5,39,8,1,55.3,0,1.0
CUST-107663,67.7,Medium Risk (Warning),16,89.6,87.9,5537,2,1,3.9,0,4.0
CUST-107664,64.8,Medium Risk (Warning),18,65.9,28.3,1839,4,0,0.0,0,3.5
CUST-107665,85.1,Low Risk (Healthy),29,86.6,72.0,3816,18,2,12.5,0,5.0
CUST-107666,24.2,High Risk (Critical),4,43.2,15.5,112,45,1,64.5,0,3.0
CUST-107667,34.1,High Risk (Critical),13,40.0,4.3,8,33,1,26.0,0,2.0
CUST-107668,79.4,Low Risk (Healthy),27,74.7,45.6,15,22,0,0.0,0,3.5
CUST-107669,74.3,Low Risk (Healthy),20,81.7,36.7,1394,31,1,22.9,0,5.0
CUST-107670,33.4,High Risk (Critical),11,40.8,12.7,103,34,1,12.2,0,2.0
CUST-107671,82.2,Low Risk (Healthy),25,92.8,61.7,133,14,0,0.0,0,3.5
CUST-107672,63.9,Medium Risk (Warning),18,62.9,51.8,4,9,0,0.0,0,3.5
CUST-107673,77.0,Low Risk (Healthy),28,62.2,38.9,22,26,0,0.0,0,3.5
CUST-107674,6.0,High Risk (Critical),3,42.9,13.9,89,36,1,70.9,1,2.0
CUST-107675,46.2,Medium Risk (Warning),13,26.1,20.3,124,25,0,0.0,0,3.5
CUST-107676,36.2,High Risk (Critical),8,15.2,6.1,9,29,0,0.0,0,3.5
CUST-107677,23.7,High Risk (Critical),12,37.8,14.4,131,14,1,44.9,0,1.0
CUST-107678,75.4,Low Risk (Healthy),27,61.2,81.5,104,5,0,0.0,0,3.5
CUST-107679,57.5,Medium Risk (Warning),15,55.0,105.7,7187,22,0,0.0,0,3.5
CUST-107680,76.7,Low Risk (Healthy),29,75.7,71.2,5197,6,1,13.7,0,3.5
CUST-107681,82.5,Low Risk (Healthy),29,79.4,102.9,11,23,2,16.1,0,5.0
CUST-107682,60.5,Medium Risk (Warning),16,75.8,40.6,1745,24,3,12.8,0,5.0
CUST-107683,73.9,Low Risk (Healthy),19,80.7,91.9,90,31,1,12.8,0,5.0
CUST-107684,19.5,High Risk (Critical),13,29.4,14.1,31,28,2,37.6,0,1.0
CUST-107685,65.6,Medium Risk (Warning),24,76.0,90.8,53,38,3,9.3,0,4.0
CUST-107686,13.6,High Risk (Critical),13,23.3,21.8,30,13,1,69.7,1,2.0
CUST-107687,87.3,Low Risk (Healthy),29,79.5,34.9,117,0,1,9.6,0,5.0
CUST-107688,5.0,High Risk (Critical),4,35.7,19.4,16,0,4,40.7,1,1.0
CUST-107689,24.6,High Risk (Critical),4,44.4,18.5,143,31,1,16.6,0,2.0
CUST-107690,24.4,High Risk (Critical),13,10.1,7.2,0,16,2,48.0,0,3.0
CUST-107691,69.2,Medium Risk (Warning),22,62.8,62.5,3250,7,0,0.0,0,3.5
CUST-107692,59.3,Medium Risk (Warning),16,56.4,84.1,5046,10,0,0.0,0,3.5
CUST-107693,59.4,Medium Risk (Warning),17,52.4,83.9,69,42,0,0.0,0,3.5
CUST-107694,71.7,Low Risk (Healthy),29,57.2,70.4,95,14,1,9.4,0,3.5
CUST-107695,13.3,High Risk (Critical),6,41.1,13.5,67,45,3,67.1,1,3.0
CUST-107696,13.3,High Risk (Critical),8,38.7,10.2,62,8,3,71.7,0,2.0
CUST-107697,25.2,High Risk (Critical),13,16.3,7.1,22,42,3,24.2,0,3.0
CUST-107698,11.2,High Risk (Critical),12,26.0,19.7,117,35,3,52.6,0,1.0
CUST-107699,60.6,Medium Risk (Warning),15,65.4,94.3,4809,18,0,0.0,0,3.5
CUST-107700,73.9,Low Risk (Healthy),21,94.0,86.9,139,42,1,18.8,0,4.0
CUST-107701,81.2,Low Risk (Healthy),26,76.6,40.2,643,3,1,19.5,0,5.0
CUST-107702,86.8,Low Risk (Healthy),28,94.8,68.2,4364,45,0,0.0,0,3.5
CUST-107703,15.4,High Risk (Critical),2,35.5,9.0,150,7,2,63.2,0,3.0
CUST-107704,69.3,Medium Risk (Warning),16,89.8,59.7,3343,22,0,0.0,0,3.5
CUST-107705,5.0,High Risk (Critical),1,37.4,7.6,90,16,5,56.1,0,1.0
CUST-107706,69.4,Medium Risk (Warning),18,86.8,37.9,23,45,1,5.2,0,4.0
CUST-107707,62.9,Medium Risk (Warning),20,50.8,58.7,2406,18,0,0.0,0,3.5
CUST-107708,71.9,Low Risk (Healthy),15,90.8,93.7,99,29,1,10.7,0,5.0
CUST-107709,12.4,High Risk (Critical),6,19.4,16.8,69,13,3,59.7,0,3.0
CUST-107710,14.1,High Risk (Critical),13,32.5,15.1,123,45,5,57.4,1,2.0
CUST-107711,18.0,High Risk (Critical),9,36.8,15.2,36,22,1,56.7,0,1.0
CUST-107712,21.2,High Risk (Critical),13,42.1,14.6,113,38,3,22.1,0,1.0
CUST-107713,5.0,High Risk (Critical),2,40.5,10.3,25,3,1,17.5,1,1.0
CUST-107714,68.8,Medium Risk (Warning),26,64.9,71.1,5190,33,1,18.7,0,3.5
CUST-107715,51.0,Medium Risk (Warning),18,56.0,78.6,112,40,2,22.5,0,3.5
CUST-107716,21.4,High Risk (Critical),9,32.4,6.5,140,36,3,50.3,0,3.0
CUST-107717,72.8,Low Risk (Healthy),20,83.7,41.9,133,9,0,0.0,0,3.5
CUST-107718,15.2,High Risk (Critical),11,25.0,17.4,23,38,2,60.3,1,3.0
CUST-107719,44.8,High Risk (Critical),8,43.8,5.1,7,30,0,0.0,0,3.5
CUST-107720,6.7,High Risk (Critical),7,14.4,15.2,59,38,4,15.1,1,3.0
CUST-107721,9.2,High Risk (Critical),1,41.7,21.4,70,39,1,21.5,1,2.0
CUST-107722,68.0,Medium Risk (Warning),22,64.6,42.0,36,33,1,5.8,0,4.0
CUST-107723,68.2,Medium Risk (Warning),25,69.9,109.6,43,13,2,16.6,0,4.0
CUST-107724,72.4,Low Risk (Healthy),22,58.1,63.0,2898,35,1,2.8,0,5.0
CUST-107725,64.1,Medium Risk (Warning),18,63.6,63.0,70,19,0,0.0,0,3.5
CUST-107726,5.0,High Risk (Critical),4,41.2,7.0,48,6,3,22.9,1,1.0
CUST-107727,42.3,High Risk (Critical),10,26.6,6.6,103,40,0,0.0,0,3.5
CUST-107728,66.7,Medium Risk (Warning),15,95.0,105.8,128,34,1,14.7,0,4.0
CUST-107729,62.1,Medium Risk (Warning),20,79.1,36.6,2342,16,2,10.5,0,3.5
CUST-107730,5.0,High Risk (Critical),4,10.9,12.1,95,37,2,45.7,1,2.0
CUST-107731,74.1,Low Risk (Healthy),22,85.1,84.7,6606,24,1,5.9,0,4.0
CUST-107732,5.0,High Risk (Critical),2,17.8,6.5,123,14,1,60.2,0,1.0
CUST-107733,37.5,High Risk (Critical),9,14.9,9.7,53,16,0,0.0,0,3.5
CUST-107734,46.6,Medium Risk (Warning),10,40.8,18.8,88,25,0,0.0,0,3.5
CUST-107735,24.9,High Risk (Critical),12,16.9,6.9,70,12,2,49.4,0,3.0
CUST-107736,5.0,High Risk (Critical),5,12.0,10.4,122,35,3,19.3,0,1.0
CUST-107737,66.6,Medium Risk (Warning),17,66.5,91.8,6976,0,1,16.0,0,5.0
CUST-107738,5.0,High Risk (Critical),8,15.2,11.7,68,27,2,66.8,1,2.0
CUST-107739,32.1,High Risk (Critical),5,14.8,10.4,39,13,0,0.0,0,3.5
CUST-107740,86.1,Low Risk (Healthy),27,82.3,25.3,41,42,1,4.8,0,5.0
CUST-107741,6.6,High Risk (Critical),8,35.0,15.9,140,26,3,68.5,0,1.0
CUST-107742,64.2,Medium Risk (Warning),17,79.2,93.7,53,27,1,18.0,0,4.0
CUST-107743,35.2,High Risk (Critical),12,24.2,17.1,91,23,1,16.6,0,3.0
CUST-107744,47.1,Medium Risk (Warning),12,33.7,9.3,104,13,0,0.0,0,3.5
CUST-107745,37.1,High Risk (Critical),5,31.4,19.0,77,45,0,0.0,0,3.5
CUST-107746,14.9,High Risk (Critical),14,32.7,14.5,139,32,1,44.6,1,1.0
CUST-107747,5.0,High Risk (Critical),6,31.9,18.4,74,17,4,16.6,1,2.0
CUST-107748,15.5,High Risk (Critical),2,42.6,18.4,25,23,1,31.2,1,3.0
CUST-107749,5.0,High Risk (Critical),1,25.7,19.0,55,18,4,40.2,1,1.0
CUST-107750,5.0,High Risk (Critical),2,27.4,4.1,10,2,1,16.0,1,1.0
CUST-107751,13.9,High Risk (Critical),5,10.5,10.0,33,40,1,31.1,0,2.0
CUST-107752,69.2,Medium Risk (Warning),23,58.5,77.1,87,6,0,0.0,0,3.5
CUST-107753,5.0,High Risk (Critical),1,20.2,14.0,43,19,1,15.0,1,2.0
CUST-107754,74.8,Low Risk (Healthy),27,85.4,94.1,147,0,2,22.5,0,4.0
CUST-107755,80.5,Low Risk (Healthy),29,69.5,93.0,6417,33,0,0.0,0,3.5
CUST-107756,14.1,High Risk (Critical),3,43.8,13.9,96,45,1,40.4,0,1.0
CUST-107757,6.6,High Risk (Critical),8,41.6,7.0,12,27,1,68.6,1,1.0
CUST-107758,67.9,Medium Risk (Warning),20,88.1,100.9,22,37,1,17.8,0,3.5
CUST-107759,57.7,Medium Risk (Warning),15,90.2,38.3,142,23,2,19.0,0,3.5
CUST-107760,5.0,High Risk (Critical),2,24.5,7.1,112,45,1,64.3,1,2.0
CUST-107761,28.3,High Risk (Critical),3,11.0,21.1,111,12,0,0.0,0,3.5
CUST-107762,5.0,High Risk (Critical),3,24.5,18.6,12,10,1,71.3,1,1.0
CUST-107763,58.5,Medium Risk (Warning),15,58.2,80.8,2828,25,0,0.0,0,3.5
CUST-107764,5.0,High Risk (Critical),13,17.5,15.5,115,8,2,51.2,1,1.0
CUST-107765,5.0,High Risk (Critical),8,13.7,11.1,60,16,3,62.9,1,2.0
CUST-107766,40.9,High Risk (Critical),11,17.4,9.6,59,8,0,0.0,0,3.5
CUST-107767,5.0,High Risk (Critical),1,18.0,13.5,25,18,4,60.9,0,3.0
CUST-107768,37.1,High Risk (Critical),6,26.9,10.1,100,15,0,0.0,0,3.5
CUST-107769,5.0,High Risk (Critical),4,28.5,18.3,113,1,3,56.5,1,1.0
CUST-107770,68.5,Medium Risk (Warning),25,51.3,31.3,11,1,1,2.1,0,4.0
CUST-107771,9.3,High Risk (Critical),5,42.3,4.2,86,16,2,64.1,0,1.0
CUST-107772,76.5,Low Risk (Healthy),24,78.5,63.7,4013,19,0,0.0,0,3.5
CUST-107773,65.1,Medium Risk (Warning),17,93.0,108.5,9,20,2,11.4,0,4.0
CUST-107774,8.6,High Risk (Critical),8,32.1,9.0,46,39,5,29.7,0,2.0
CUST-107775,12.2,High Risk (Critical),4,34.2,12.8,147,34,1,59.5,1,3.0
CUST-107776,57.5,Medium Risk (Warning),17,56.1,33.4,113,4,1,15.6,0,4.0
CUST-107777,6.3,High Risk (Critical),6,36.8,5.0,124,28,2,54.3,1,2.0
CUST-107778,18.8,High Risk (Critical),10,37.0,14.0,146,29,3,44.8,0,2.0
CUST-107779,46.2,Medium Risk (Warning),10,39.6,12.6,110,26,0,0.0,0,3.5
CUST-107780,13.5,High Risk (Critical),9,36.1,8.4,5,38,2,58.4,0,1.0
CUST-107781,78.7,Low Risk (Healthy),27,72.4,98.2,96,20,0,0.0,0,3.5
CUST-107782,81.7,Low Risk (Healthy),28,78.0,38.1,2971,6,0,0.0,0,3.5
CUST-107783,21.3,High Risk (Critical),14,14.8,8.1,60,29,3,62.4,0,3.0
CUST-107784,77.6,Low Risk (Healthy),24,94.2,26.5,1749,14,3,5.3,0,5.0
CUST-107785,66.2,Medium Risk (Warning),18,61.0,56.8,82,44,1,17.1,0,5.0
CUST-107786,35.8,High Risk (Critical),2,40.3,21.3,105,42,0,0.0,0,3.5
CUST-107787,5.0,High Risk (Critical),2,10.5,13.7,101,21,1,71.4,1,3.0
CUST-107788,71.7,Low Risk (Healthy),26,65.9,107.2,37,41,3,5.8,0,5.0
CUST-107789,59.6,Medium Risk (Warning),15,67.0,53.1,849,6,1,3.7,0,4.0
CUST-107790,37.6,High Risk (Critical),5,33.2,7.0,5,43,0,0.0,0,3.5
CUST-107791,80.7,Low Risk (Healthy),28,74.6,97.0,81,9,0,0.0,0,3.5
CUST-107792,65.8,Medium Risk (Warning),21,90.0,65.8,1052,14,2,17.3,0,3.5
CUST-107793,5.0,High Risk (Critical),2,14.1,11.8,140,21,4,55.9,1,1.0
CUST-107794,5.0,High Risk (Critical),1,44.6,11.4,125,30,1,62.7,1,2.0
CUST-107795,5.0,High Risk (Critical),10,34.3,6.3,125,22,3,35.3,1,1.0
CUST-107796,67.9,Medium Risk (Warning),22,58.6,65.4,112,6,0,0.0,0,3.5
CUST-107797,5.0,High Risk (Critical),2,23.3,21.1,38,39,3,70.8,1,3.0
CUST-107798,84.1,Low Risk (Healthy),29,81.6,64.8,5,27,0,0.0,0,3.5
CUST-107799,15.7,High Risk (Critical),10,41.2,12.5,53,6,2,32.0,1,2.0
CUST-107800,21.8,High Risk (Critical),5,35.2,5.6,21,5,1,27.3,0,2.0
CUST-107801,67.7,Medium Risk (Warning),19,58.7,96.2,3848,37,1,10.0,0,5.0
CUST-107802,7.5,High Risk (Critical),2,39.4,6.8,150,6,4,13.9,1,3.0
CUST-107803,10.1,High Risk (Critical),4,39.2,13.9,19,6,5,49.8,1,3.0
CUST-107804,29.7,High Risk (Critical),3,44.2,9.5,66,35,1,12.6,0,3.0
CUST-107805,20.6,High Risk (Critical),9,32.2,21.6,102,35,1,24.6,0,1.0
CUST-107806,23.8,High Risk (Critical),14,30.5,5.5,95,33,1,16.5,1,2.0
CUST-107807,23.2,High Risk (Critical),5,35.2,8.2,72,17,1,15.9,0,2.0
CUST-107808,23.4,High Risk (Critical),10,37.3,6.4,32,25,1,40.9,1,3.0
CUST-107809,5.0,High Risk (Critical),9,15.3,17.3,122,5,5,59.2,0,2.0
CUST-107810,31.6,High Risk (Critical),13,38.4,6.7,96,23,3,26.4,0,3.0
CUST-107811,12.3,High Risk (Critical),11,35.6,10.0,35,17,2,64.0,1,2.0
CUST-107812,44.2,High Risk (Critical),12,23.9,4.5,58,4,0,0.0,0,3.5
CUST-107813,29.0,High Risk (Critical),10,32.2,19.9,98,24,1,15.6,0,2.0
CUST-107814,71.2,Low Risk (Healthy),24,60.8,67.0,56,23,0,0.0,0,3.5
CUST-107815,16.4,High Risk (Critical),10,17.9,16.8,70,41,3,66.5,0,3.0
CUST-107816,69.7,Medium Risk (Warning),18,82.2,61.6,12,15,0,0.0,0,3.5
CUST-107817,74.9,Low Risk (Healthy),21,86.3,30.1,1023,2,0,0.0,0,3.5
CUST-107818,7.7,High Risk (Critical),2,29.7,17.8,102,26,1,47.4,0,1.0
CUST-107819,5.0,High Risk (Critical),7,12.9,18.2,139,0,3,58.5,1,1.0
CUST-107820,5.0,High Risk (Critical),2,13.9,13.1,137,22,2,65.8,1,3.0
CUST-107821,31.8,High Risk (Critical),1,31.4,21.0,105,0,0,0.0,0,3.5
CUST-107822,75.9,Low Risk (Healthy),29,74.2,43.5,3,7,1,16.3,0,3.5
CUST-107823,43.2,High Risk (Critical),12,20.6,15.6,145,43,0,0.0,0,3.5
CUST-107824,21.4,High Risk (Critical),9,23.6,11.7,78,25,3,29.7,0,3.0
CUST-107825,5.0,High Risk (Critical),5,10.1,9.1,92,45,3,20.9,0,1.0
CUST-107826,11.5,High Risk (Critical),3,13.1,19.7,38,8,1,35.2,0,2.0
CUST-107827,61.4,Medium Risk (Warning),20,53.6,73.8,3099,0,1,10.8,0,4.0
CUST-107828,40.2,High Risk (Critical),9,24.0,15.5,97,45,0,0.0,0,3.5
CUST-107829,10.3,High Risk (Critical),4,32.8,7.3,64,25,2,71.1,0,2.0
CUST-107830,77.3,Low Risk (Healthy),20,91.3,56.4,59,31,1,21.9,0,5.0
CUST-107831,8.2,High Risk (Critical),14,26.7,8.5,109,19,3,20.1,1,1.0
CUST-107832,19.2,High Risk (Critical),12,32.7,18.0,139,4,1,68.6,0,1.0
CUST-107833,42.9,High Risk (Critical),14,10.8,17.4,7,19,0,0.0,0,3.5
CUST-107834,19.6,High Risk (Critical),4,44.8,11.6,34,33,1,57.6,0,2.0
CUST-107835,41.0,High Risk (Critical),8,31.1,18.7,147,25,0,0.0,0,3.5
CUST-107836,5.0,High Risk (Critical),6,10.3,7.8,42,3,4,25.6,1,2.0
CUST-107837,31.3,High Risk (Critical),3,21.1,14.3,139,41,0,0.0,0,3.5
CUST-107838,27.5,High Risk (Critical),10,22.5,21.0,144,29,1,52.4,0,3.0
CUST-107839,12.9,High Risk (Critical),12,14.1,15.7,11,42,2,42.6,0,1.0
CUST-107840,71.7,Low Risk (Healthy),18,89.1,78.4,5174,9,0,0.0,0,3.5
CUST-107841,72.8,Low Risk (Healthy),21,78.4,104.6,49,32,2,6.1,0,5.0
CUST-107842,84.0,Low Risk (Healthy),27,82.8,94.4,5003,40,1,23.1,0,5.0
CUST-107843,59.2,Medium Risk (Warning),15,65.3,44.4,80,10,1,2.8,0,4.0
CUST-107844,6.4,High Risk (Critical),7,13.5,9.7,97,8,2,71.1,1,3.0
CUST-107845,22.4,High Risk (Critical),1,43.4,17.8,150,15,2,15.4,0,3.0
CUST-107846,5.0,High Risk (Critical),2,34.6,14.7,128,16,2,70.1,1,1.0
CUST-107847,15.0,High Risk (Critical),13,35.7,21.2,83,4,3,38.3,1,2.0
CUST-107848,17.4,High Risk (Critical),13,27.5,10.8,21,14,3,65.3,0,2.0
CUST-107849,34.6,High Risk (Critical),2,36.3,16.7,2,22,0,0.0,0,3.5
CUST-107850,60.0,Medium Risk (Warning),17,72.3,104.3,37,27,1,10.5,0,3.5
CUST-107851,35.3,High Risk (Critical),5,25.6,19.5,95,27,0,0.0,0,3.5
CUST-107852,49.4,Medium Risk (Warning),14,32.5,9.6,102,29,0,0.0,0,3.5
CUST-107853,50.6,Medium Risk (Warning),15,58.2,28.0,728,17,2,23.1,0,4.0
CUST-107854,69.4,Medium Risk (Warning),18,73.6,47.6,2332,7,1,21.4,0,5.0
CUST-107855,43.0,High Risk (Critical),12,20.1,8.1,132,42,0,0.0,0,3.5
CUST-107856,72.6,Low Risk (Healthy),24,71.2,105.7,140,36,1,6.3,0,4.0
CUST-107857,80.0,Low Risk (Healthy),24,90.0,47.8,2485,42,0,0.0,0,3.5
CUST-107858,5.0,High Risk (Critical),5,17.0,12.1,53,42,2,40.4,0,1.0
CUST-107859,81.7,Low Risk (Healthy),26,86.8,50.7,10,27,0,0.0,0,3.5
CUST-107860,14.8,High Risk (Critical),7,20.4,10.0,49,41,3,53.1,0,3.0
CUST-107861,23.8,High Risk (Critical),9,41.7,9.1,51,2,2,37.3,0,2.0
CUST-107862,14.7,High Risk (Critical),1,21.2,16.1,86,39,1,55.8,0,3.0
CUST-107863,86.1,Low Risk (Healthy),29,79.0,33.8,74,32,1,18.2,0,5.0
CUST-107864,7.1,High Risk (Critical),8,34.3,13.9,7,15,1,47.0,1,1.0
CUST-107865,71.1,Low Risk (Healthy),19,82.7,74.7,5229,8,0,0.0,0,3.5
CUST-107866,15.2,High Risk (Critical),13,36.1,18.3,147,5,2,55.7,1,2.0
CUST-107867,58.8,Medium Risk (Warning),17,86.0,49.3,591,29,3,13.3,0,4.0
CUST-107868,67.2,Medium Risk (Warning),25,53.3,93.7,3092,34,1,17.0,0,4.0
CUST-107869,5.0,High Risk (Critical),2,45.0,10.1,51,29,1,43.1,1,1.0
CUST-107870,70.2,Low Risk (Healthy),18,84.0,44.8,1702,34,0,0.0,0,3.5
CUST-107871,21.7,High Risk (Critical),14,42.1,5.3,107,41,3,29.0,0,1.0
CUST-107872,64.1,Medium Risk (Warning),24,85.6,28.7,137,9,3,20.5,0,3.5
CUST-107873,49.4,Medium Risk (Warning),12,41.4,4.5,32,16,0,0.0,0,3.5
CUST-107874,75.8,Low Risk (Healthy),20,83.9,52.3,103,3,1,16.6,0,5.0
CUST-107875,14.3,High Risk (Critical),8,18.5,12.0,133,33,1,31.0,0,1.0
CUST-107876,5.0,High Risk (Critical),2,16.1,9.0,112,45,2,42.8,0,1.0
CUST-107877,5.0,High Risk (Critical),4,22.1,5.4,67,13,4,21.7,1,3.0
CUST-107878,6.7,High Risk (Critical),2,18.0,4.2,3,11,1,27.2,0,1.0
CUST-107879,31.3,High Risk (Critical),3,20.9,9.1,150,8,0,0.0,0,3.5
CUST-107880,24.5,High Risk (Critical),1,44.1,8.3,56,2,1,32.7,0,3.0
CUST-107881,69.4,Medium Risk (Warning),18,81.4,65.6,3148,28,0,0.0,0,3.5
CUST-107882,11.3,High Risk (Critical),3,40.1,8.5,63,14,2,22.1,0,1.0
CUST-107883,6.4,High Risk (Critical),1,29.1,5.1,104,44,1,13.4,1,2.0
CUST-107884,16.6,High Risk (Critical),7,43.2,11.8,34,11,2,29.2,0,1.0
CUST-107885,66.2,Medium Risk (Warning),27,79.8,49.7,497,6,4,14.3,0,4.0
CUST-107886,61.7,Medium Risk (Warning),18,55.8,76.5,82,40,0,0.0,0,3.5
CUST-107887,30.3,High Risk (Critical),14,41.9,21.7,58,28,1,23.7,0,1.0
CUST-107888,73.9,Low Risk (Healthy),23,74.2,59.7,92,6,0,0.0,0,3.5
CUST-107889,21.9,High Risk (Critical),7,44.4,8.0,48,1,1,69.9,0,2.0
CUST-107890,50.8,Medium Risk (Warning),13,41.7,4.8,60,14,0,0.0,0,3.5
CUST-107891,5.0,High Risk (Critical),5,17.1,13.8,91,18,2,71.4,1,2.0
CUST-107892,75.0,Low Risk (Healthy),25,68.8,89.7,33,33,0,0.0,0,3.5
CUST-107893,61.3,Medium Risk (Warning),17,64.0,60.8,4073,24,1,4.4,0,4.0
CUST-107894,69.9,Medium Risk (Warning),20,74.1,58.9,34,27,0,0.0,0,3.5
CUST-107895,66.2,Medium Risk (Warning),21,57.3,50.9,82,41,0,0.0,0,3.5
CUST-107896,42.0,High Risk (Critical),8,34.4,7.8,52,28,0,0.0,0,3.5
CUST-107897,61.0,Medium Risk (Warning),16,62.2,86.9,5648,36,0,0.0,0,3.5
CUST-107898,25.7,High Risk (Critical),13,31.4,21.0,142,16,4,24.6,0,3.0
CUST-107899,65.0,Medium Risk (Warning),19,81.8,60.4,32,1,1,15.2,0,3.5
CUST-107900,13.6,High Risk (Critical),3,23.2,7.7,49,6,3,27.1,0,3.0
CUST-107901,7.5,High Risk (Critical),12,24.0,12.3,89,30,2,29.5,1,1.0
CUST-107902,69.9,Medium Risk (Warning),23,90.4,89.0,6942,36,2,6.9,0,3.5
CUST-107903,12.0,High Risk (Critical),8,35.0,15.1,103,9,1,57.4,1,2.0
CUST-107904,47.7,Medium Risk (Warning),10,44.4,16.0,0,34,0,0.0,0,3.5
CUST-107905,47.0,Medium Risk (Warning),11,37.7,18.5,108,31,0,0.0,0,3.5
CUST-107906,16.6,High Risk (Critical),8,20.7,21.6,115,41,2,33.9,0,2.0
CUST-107907,16.7,High Risk (Critical),8,43.6,17.1,133,30,2,66.5,1,3.0
CUST-107908,65.6,Medium Risk (Warning),15,82.1,45.1,23,39,0,0.0,0,3.5
CUST-107909,75.3,Low Risk (Healthy),23,78.7,46.1,34,4,0,0.0,0,3.5
CUST-107910,45.3,Medium Risk (Warning),12,27.7,13.0,68,13,0,0.0,0,3.5
CUST-107911,68.2,Medium Risk (Warning),17,81.8,27.9,669,32,0,0.0,0,3.5
CUST-107912,14.8,High Risk (Critical),7,35.4,14.0,131,39,2,25.2,0,1.0
CUST-107913,5.0,High Risk (Critical),2,23.5,11.8,39,19,2,53.1,0,1.0
CUST-107914,22.5,High Risk (Critical),6,13.5,10.2,53,38,1,28.3,0,3.0
CUST-107915,5.0,High Risk (Critical),4,35.7,21.3,25,8,5,58.3,1,2.0
CUST-107916,72.3,Low Risk (Healthy),26,60.2,31.2,32,36,1,3.3,0,4.0
CUST-107917,31.4,High Risk (Critical),9,39.3,20.7,91,7,2,18.8,0,3.0
CUST-107918,71.8,Low Risk (Healthy),25,58.1,30.1,25,10,0,0.0,0,3.5
CUST-107919,16.2,High Risk (Critical),14,27.8,14.7,47,10,1,70.8,1,2.0
CUST-107920,70.8,Low Risk (Healthy),17,90.3,59.4,150,20,0,0.0,0,3.5
CUST-107921,5.7,High Risk (Critical),4,32.6,21.0,59,28,2,27.0,1,2.0
CUST-107922,71.1,Low Risk (Healthy),24,60.9,108.2,126,12,2,9.5,0,5.0
CUST-107923,58.3,Medium Risk (Warning),15,57.6,103.7,103,22,0,0.0,0,3.5
CUST-107924,22.6,High Risk (Critical),6,30.4,16.7,64,36,1,67.9,0,3.0
CUST-107925,72.5,Low Risk (Healthy),22,73.9,94.8,91,19,0,0.0,0,3.5
CUST-107926,11.9,High Risk (Critical),6,36.1,21.0,50,5,4,23.2,0,2.0
CUST-107927,63.5,Medium Risk (Warning),18,61.5,81.9,22,7,0,0.0,0,3.5
CUST-107928,23.2,High Risk (Critical),10,39.1,12.1,100,9,1,30.9,0,1.0
CUST-107929,82.6,Low Risk (Healthy),29,88.6,44.7,2860,26,1,21.1,0,4.0
CUST-107930,29.2,High Risk (Critical),11,41.4,12.7,23,14,1,47.2,0,2.0
CUST-107931,7.8,High Risk (Critical),11,40.3,6.0,118,24,6,47.8,1,1.0
CUST-107932,68.2,Medium Risk (Warning),17,90.0,37.1,9,5,1,11.6,0,4.0
CUST-107933,5.0,High Risk (Critical),1,24.0,10.6,77,17,4,18.3,1,1.0
CUST-107934,18.7,High Risk (Critical),10,41.1,5.1,135,14,2,69.9,1,3.0
CUST-107935,5.0,High Risk (Critical),7,22.4,18.4,123,26,2,52.6,1,1.0
CUST-107936,38.2,High Risk (Critical),4,39.7,8.0,32,39,0,0.0,0,3.5
CUST-107937,75.9,Low Risk (Healthy),18,89.9,109.1,149,31,1,8.8,0,5.0
CUST-107938,64.4,Medium Risk (Warning),18,64.8,67.6,128,39,0,0.0,0,3.5
CUST-107939,14.5,High Risk (Critical),9,29.9,7.4,102,43,2,36.1,0,1.0
CUST-107940,15.0,High Risk (Critical),12,32.8,20.1,64,16,1,70.7,1,2.0
CUST-107941,20.3,High Risk (Critical),14,12.3,16.7,124,10,3,64.3,0,3.0
CUST-107942,70.7,Low Risk (Healthy),19,67.1,27.2,1278,2,1,6.3,0,5.0
CUST-107943,60.8,Medium Risk (Warning),18,52.8,57.7,2481,22,0,0.0,0,3.5
CUST-107944,60.6,Medium Risk (Warning),17,82.2,95.3,6194,22,2,21.6,0,4.0
CUST-107945,68.3,Medium Risk (Warning),26,65.1,88.1,39,12,1,23.0,0,3.5
CUST-107946,21.3,High Risk (Critical),13,16.4,7.1,87,0,1,39.8,1,3.0
CUST-107947,15.5,High Risk (Critical),12,25.1,18.1,5,12,3,16.4,0,1.0
CUST-107948,5.0,High Risk (Critical),3,12.2,14.0,108,2,3,13.2,1,3.0
CUST-107949,45.7,Medium Risk (Warning),11,33.3,10.3,119,1,0,0.0,0,3.5
CUST-107950,57.2,Medium Risk (Warning),15,54.1,57.6,49,44,0,0.0,0,3.5
CUST-107951,71.9,Low Risk (Healthy),26,54.2,72.7,80,9,0,0.0,0,3.5
CUST-107952,63.2,Medium Risk (Warning),19,56.3,32.5,126,17,0,0.0,0,3.5
CUST-107953,19.6,High Risk (Critical),13,13.5,11.6,101,4,4,30.6,0,3.0
CUST-107954,17.9,High Risk (Critical),7,38.9,14.5,111,38,1,57.0,1,3.0
CUST-107955,65.5,Medium Risk (Warning),26,54.3,25.6,1996,1,1,19.5,0,3.5
CUST-107956,34.8,High Risk (Critical),3,32.8,6.6,3,3,0,0.0,0,3.5
CUST-107957,5.0,High Risk (Critical),9,11.4,17.5,90,3,1,62.8,1,1.0
CUST-107958,14.4,High Risk (Critical),6,36.9,16.9,121,34,1,21.3,1,2.0
CUST-107959,19.3,High Risk (Critical),13,29.8,15.7,16,1,2,63.9,1,3.0
CUST-107960,14.6,High Risk (Critical),13,11.1,13.6,62,44,3,48.3,0,2.0
CUST-107961,68.5,Medium Risk (Warning),17,92.0,67.7,2504,17,1,13.8,0,4.0
CUST-107962,5.0,High Risk (Critical),4,21.2,9.5,42,26,5,44.8,1,2.0
CUST-107963,5.0,High Risk (Critical),1,30.0,13.8,144,17,4,42.0,1,3.0
CUST-107964,22.4,High Risk (Critical),3,20.6,4.4,91,39,1,14.6,0,3.0
CUST-107965,10.7,High Risk (Critical),10,11.9,9.2,72,30,1,33.5,1,2.0
CUST-107966,13.3,High Risk (Critical),10,16.4,10.2,57,12,1,55.3,0,1.0
CUST-107967,38.1,High Risk (Critical),14,42.3,10.9,10,6,1,57.7,0,3.0
CUST-107968,25.4,High Risk (Critical),10,21.0,11.4,126,12,2,34.2,0,3.0
CUST-107969,25.0,High Risk (Critical),14,44.0,19.8,142,15,3,23.2,1,3.0
CUST-107970,17.4,High Risk (Critical),9,15.9,15.8,147,2,3,43.1,0,3.0
CUST-107971,78.2,Low Risk (Healthy),22,78.8,36.9,18,40,1,5.8,0,5.0
CUST-107972,9.7,High Risk (Critical),13,38.0,12.5,13,35,2,65.0,1,1.0
CUST-107973,69.5,Medium Risk (Warning),19,77.3,99.3,74,18,0,0.0,0,3.5
CUST-107974,71.1,Low Risk (Healthy),18,87.1,45.7,868,3,0,0.0,0,3.5
CUST-107975,68.4,Medium Risk (Warning),22,60.1,63.1,119,3,0,0.0,0,3.5
CUST-107976,67.7,Medium Risk (Warning),18,93.9,42.0,1176,34,2,3.9,0,4.0
CUST-107977,11.8,High Risk (Critical),13,17.1,15.2,142,8,1,69.4,1,2.0
CUST-107978,75.9,Low Risk (Healthy),20,94.0,90.2,21,32,0,0.0,0,3.5
CUST-107979,75.4,Low Risk (Healthy),24,74.6,98.1,1667,25,0,0.0,0,3.5
CUST-107980,63.4,Medium Risk (Warning),17,71.1,97.5,38,39,1,5.0,0,4.0
CUST-107981,13.1,High Risk (Critical),5,34.7,12.7,53,44,1,15.7,1,2.0
CUST-107982,5.0,High Risk (Critical),5,35.7,19.3,32,24,4,24.6,1,2.0
CUST-107983,83.5,Low Risk (Healthy),28,68.9,82.6,104,3,1,4.2,0,5.0
CUST-107984,77.5,Low Risk (Healthy),28,63.9,58.3,88,25,0,0.0,0,3.5
CUST-107985,75.4,Low Risk (Healthy),29,52.6,32.0,10,36,0,0.0,0,3.5
CUST-107986,10.6,High Risk (Critical),6,31.9,9.0,46,14,3,29.3,1,3.0
CUST-107987,67.1,Medium Risk (Warning),22,55.9,81.8,45,43,0,0.0,0,3.5
CUST-107988,84.5,Low Risk (Healthy),26,88.3,48.6,1895,30,1,21.1,0,5.0
CUST-107989,62.2,Medium Risk (Warning),21,63.3,46.4,111,41,1,14.3,0,3.5
CUST-107990,18.4,High Risk (Critical),11,34.4,7.0,30,30,2,36.5,0,1.0
CUST-107991,38.9,High Risk (Critical),6,32.9,7.8,109,20,0,0.0,0,3.5
CUST-107992,70.3,Low Risk (Healthy),18,94.0,45.3,43,24,1,15.3,0,4.0
CUST-107993,70.5,Low Risk (Healthy),24,67.5,91.7,2567,23,1,14.4,0,4.0
CUST-107994,60.0,Medium Risk (Warning),21,62.8,48.0,101,32,2,22.4,0,4.0
CUST-107995,38.5,High Risk (Critical),4,40.5,16.9,32,17,0,0.0,0,3.5
CUST-107996,7.6,High Risk (Critical),7,33.3,4.3,6,25,3,13.6,1,2.0
CUST-107997,19.2,High Risk (Critical),14,14.9,8.4,15,23,2,31.7,1,3.0
CUST-107998,5.0,High Risk (Critical),7,10.9,4.5,22,36,2,70.3,0,1.0
CUST-107999,63.7,Medium Risk (Warning),17,79.8,92.7,14,45,1,23.2,0,4.0
CUST-108000,5.0,High Risk (Critical),5,16.4,14.0,97,0,3,51.3,0,1.0
CUST-108001,73.7,Low Risk (Healthy),22,77.8,58.5,4563,21,0,0.0,0,3.5
CUST-108002,5.0,High Risk (Critical),2,43.8,15.1,41,22,1,33.8,1,1.0
CUST-108003,24.2,High Risk (Critical),4,22.4,21.9,22,3,1,14.5,0,3.0
CUST-108004,11.2,High Risk (Critical),11,22.8,12.5,119,25,1,18.5,1,1.0
CUST-108005,53.3,Medium Risk (Warning),16,59.1,35.3,74,1,1,22.3,0,3.5
CUST-108006,79.0,Low Risk (Healthy),26,66.5,97.8,3618,21,1,13.3,0,5.0
CUST-108007,7.1,High Risk (Critical),6,20.4,20.8,45,13,3,60.9,1,3.0
CUST-108008,71.0,Low Risk (Healthy),20,77.8,72.8,5678,15,0,0.0,0,3.5
CUST-108009,30.4,High Risk (Critical),14,39.9,11.5,66,17,1,33.7,1,3.0
CUST-108010,23.2,High Risk (Critical),14,38.5,18.8,26,9,4,23.5,1,3.0
CUST-108011,65.5,Medium Risk (Warning),15,86.0,41.4,107,10,1,2.5,0,4.0
CUST-108012,45.3,Medium Risk (Warning),12,27.7,15.7,104,1,0,0.0,0,3.5
CUST-108013,27.1,High Risk (Critical),9,44.3,12.8,114,44,3,33.6,0,3.0
CUST-108014,8.1,High Risk (Critical),2,25.0,8.5,8,10,1,48.9,1,3.0
CUST-108015,6.9,High Risk (Critical),4,35.4,18.4,111,19,2,24.2,1,2.0
CUST-108016,17.3,High Risk (Critical),4,40.1,5.9,137,39,3,48.7,0,3.0
CUST-108017,75.2,Low Risk (Healthy),22,93.5,46.7,1074,12,1,17.1,0,4.0
CUST-108018,5.0,High Risk (Critical),4,13.3,16.1,31,40,4,62.0,0,2.0
CUST-108019,6.9,High Risk (Critical),3,16.7,17.0,1,42,3,65.1,0,3.0
CUST-108020,5.0,High Risk (Critical),5,17.7,20.4,42,27,1,54.1,1,2.0
CUST-108021,19.2,High Risk (Critical),7,24.8,10.8,102,21,2,12.6,0,2.0
CUST-108022,80.9,Low Risk (Healthy),25,88.7,101.3,142,20,0,0.0,0,3.5
CUST-108023,81.6,Low Risk (Healthy),27,82.0,87.6,138,37,0,0.0,0,3.5
CUST-108024,68.7,Medium Risk (Warning),22,61.1,87.8,6,4,0,0.0,0,3.5
CUST-108025,64.0,Medium Risk (Warning),18,63.2,59.6,63,1,0,0.0,0,3.5
CUST-108026,8.2,High Risk (Critical),2,43.4,12.1,20,44,1,43.7,1,2.0
CUST-108027,5.0,High Risk (Critical),6,33.6,21.9,88,11,3,12.2,1,1.0
CUST-108028,83.3,Low Risk (Healthy),27,94.0,62.7,2006,40,1,7.5,0,4.0
CUST-108029,33.5,High Risk (Critical),4,24.0,5.5,0,39,0,0.0,0,3.5
CUST-108030,9.4,High Risk (Critical),5,31.6,8.0,145,18,3,53.9,0,2.0
CUST-108031,19.6,High Risk (Critical),9,42.1,8.5,40,26,1,56.5,0,1.0
CUST-108032,82.4,Low Risk (Healthy),28,80.2,61.1,3177,2,0,0.0,0,3.5
CUST-108033,5.1,High Risk (Critical),4,34.1,14.5,110,43,1,67.5,1,2.0
CUST-108034,5.0,High Risk (Critical),1,38.0,4.5,102,32,3,19.0,1,2.0
CUST-108035,25.0,High Risk (Critical),12,33.8,16.5,49,40,2,41.4,0,2.0
CUST-108036,43.9,High Risk (Critical),14,14.1,7.7,96,16,0,0.0,0,3.5
CUST-108037,80.8,Low Risk (Healthy),25,88.3,35.2,30,35,0,0.0,0,3.5
CUST-108038,29.4,High Risk (Critical),13,34.3,21.6,127,10,3,33.5,0,3.0
CUST-108039,66.3,Medium Risk (Warning),16,79.9,56.0,1176,14,0,0.0,0,3.5
CUST-108040,5.0,High Risk (Critical),3,16.1,10.0,119,21,3,70.4,1,3.0
CUST-108041,74.5,Low Risk (Healthy),17,89.1,86.3,53,14,1,7.5,0,5.0
CUST-108042,12.7,High Risk (Critical),1,44.2,9.0,121,11,3,15.4,0,2.0
CUST-108043,71.9,Low Risk (Healthy),29,60.8,28.4,1760,33,1,16.1,0,3.5
CUST-108044,13.7,High Risk (Critical),11,22.7,11.0,89,22,4,29.9,0,2.0
CUST-108045,6.6,High Risk (Critical),12,30.1,12.4,15,31,3,19.5,1,1.0
CUST-108046,20.5,High Risk (Critical),9,37.2,15.2,53,37,2,21.0,1,3.0
CUST-108047,8.2,High Risk (Critical),4,35.5,9.0,40,29,2,46.0,0,1.0
CUST-108048,75.1,Low Risk (Healthy),21,87.1,72.0,19,12,0,0.0,0,3.5
CUST-108049,71.6,Low Risk (Healthy),22,70.8,39.4,145,3,0,0.0,0,3.5
CUST-108050,59.7,Medium Risk (Warning),20,60.7,80.2,4250,11,2,9.8,0,4.0
CUST-108051,73.6,Low Risk (Healthy),24,57.8,57.3,1031,18,1,14.3,0,5.0
CUST-108052,36.0,High Risk (Critical),3,36.6,12.7,121,26,0,0.0,0,3.5
CUST-108053,74.1,Low Risk (Healthy),21,83.6,95.6,108,19,0,0.0,0,3.5
CUST-108054,5.0,High Risk (Critical),7,45.0,6.4,117,30,6,60.8,0,1.0
CUST-108055,36.2,High Risk (Critical),2,41.7,13.4,39,8,0,0.0,0,3.5
CUST-108056,17.1,High Risk (Critical),8,18.2,16.5,92,26,1,55.9,0,2.0
CUST-108057,17.1,High Risk (Critical),7,25.3,18.5,27,28,2,30.7,0,2.0
CUST-108058,29.8,High Risk (Critical),4,11.6,6.1,111,21,0,0.0,0,3.5
CUST-108059,5.3,High Risk (Critical),11,11.1,4.5,14,5,1,37.8,1,1.0
CUST-108060,79.4,Low Risk (Healthy),27,65.8,106.6,2238,40,1,19.1,0,5.0
CUST-108061,16.5,High Risk (Critical),13,22.9,7.7,118,15,2,13.7,1,2.0
CUST-108062,8.7,High Risk (Critical),1,33.2,16.6,79,10,2,52.4,0,2.0
CUST-108063,18.7,High Risk (Critical),11,42.3,16.6,76,5,2,53.4,0,1.0
CUST-108064,38.4,High Risk (Critical),9,17.9,9.2,1,22,0,0.0,0,3.5
CUST-108065,31.8,High Risk (Critical),2,27.1,7.6,27,3,0,0.0,0,3.5
CUST-108066,55.1,Medium Risk (Warning),19,64.8,74.7,2539,23,2,21.2,0,3.5
CUST-108067,70.9,Low Risk (Healthy),19,81.9,78.8,17,1,0,0.0,0,3.5
CUST-108068,6.6,High Risk (Critical),5,23.5,13.7,72,10,3,57.1,0,2.0
CUST-108069,5.0,High Risk (Critical),5,23.4,9.1,24,9,2,17.2,1,1.0
CUST-108070,5.3,High Risk (Critical),1,23.6,15.8,17,3,2,24.8,1,3.0
CUST-108071,73.4,Low Risk (Healthy),27,54.7,109.3,5792,10,0,0.0,0,3.5
CUST-108072,84.7,Low Risk (Healthy),27,92.4,34.1,137,35,0,0.0,0,3.5
CUST-108073,81.7,Low Risk (Healthy),25,91.1,34.4,16,12,0,0.0,0,3.5
CUST-108074,72.3,Low Risk (Healthy),26,55.3,86.3,2761,1,0,0.0,0,3.5
CUST-108075,71.0,Low Risk (Healthy),24,60.0,92.1,6999,38,0,0.0,0,3.5
CUST-108076,69.2,Medium Risk (Warning),25,61.7,89.7,1166,32,1,21.4,0,4.0
CUST-108077,16.5,High Risk (Critical),1,18.2,4.8,26,32,1,34.2,0,3.0
CUST-108078,5.0,High Risk (Critical),2,19.2,5.6,9,30,3,14.0,1,2.0
CUST-108079,25.4,High Risk (Critical),11,30.1,20.6,120,32,2,66.7,0,3.0
CUST-108080,69.6,Medium Risk (Warning),17,72.3,65.7,4927,11,1,6.1,0,5.0
CUST-108081,67.2,Medium Risk (Warning),23,51.8,101.0,2828,5,0,0.0,0,3.5
CUST-108082,50.5,Medium Risk (Warning),13,40.5,11.5,2,12,0,0.0,0,3.5
CUST-108083,78.5,Low Risk (Healthy),21,83.7,81.0,141,27,1,5.0,0,5.0
CUST-108084,15.5,High Risk (Critical),9,20.1,8.4,45,43,3,68.4,0,3.0
CUST-108085,63.9,Medium Risk (Warning),22,58.0,57.8,5,2,1,22.5,0,4.0
CUST-108086,78.7,Low Risk (Healthy),26,67.0,93.0,121,13,1,16.3,0,5.0
CUST-108087,14.1,High Risk (Critical),11,25.5,6.8,143,5,2,49.4,0,1.0
CUST-108088,5.4,High Risk (Critical),7,34.8,16.6,102,15,2,19.2,1,1.0
CUST-108089,68.6,Medium Risk (Warning),18,81.3,63.3,137,14,2,14.4,0,5.0
CUST-108090,80.2,Low Risk (Healthy),29,74.4,54.7,105,16,1,6.4,0,4.0
CUST-108091,26.0,High Risk (Critical),12,38.3,21.3,128,27,1,44.0,1,3.0
CUST-108092,69.3,Medium Risk (Warning),17,85.4,57.3,1375,32,0,0.0,0,3.5
CUST-108093,81.5,Low Risk (Healthy),29,72.7,53.8,78,33,0,0.0,0,3.5
CUST-108094,73.3,Low Risk (Healthy),23,72.2,51.5,4017,5,0,0.0,0,3.5
CUST-108095,64.8,Medium Risk (Warning),15,71.3,85.6,84,10,1,20.7,0,5.0
CUST-108096,81.1,Low Risk (Healthy),27,66.9,86.7,128,25,1,7.8,0,5.0
CUST-108097,25.4,High Risk (Critical),14,44.7,9.0,62,42,1,69.8,0,1.0
CUST-108098,71.2,Low Risk (Healthy),19,82.9,40.2,8,13,0,0.0,0,3.5
CUST-108099,67.7,Medium Risk (Warning),18,65.7,52.8,76,12,1,16.2,0,5.0
CUST-108100,70.9,Low Risk (Healthy),24,59.7,78.9,103,14,0,0.0,0,3.5
CUST-108101,70.2,Low Risk (Healthy),24,63.2,79.2,65,0,1,6.2,0,4.0
CUST-108102,23.2,High Risk (Critical),5,44.3,18.6,73,36,1,37.9,0,2.0
CUST-108103,5.0,High Risk (Critical),3,26.0,18.0,99,24,4,65.7,1,1.0
CUST-108104,46.7,Medium Risk (Warning),10,41.2,5.9,106,3,0,0.0,0,3.5
CUST-108105,78.3,Low Risk (Healthy),25,85.5,109.1,88,30,2,21.5,0,5.0
CUST-108106,77.1,Low Risk (Healthy),27,82.7,77.8,4434,20,1,5.3,0,3.5
CUST-108107,5.0,High Risk (Critical),6,31.9,13.0,9,24,3,37.6,1,1.0
CUST-108108,5.0,High Risk (Critical),2,12.1,12.9,133,0,5,35.1,0,3.0
CUST-108109,66.8,Medium Risk (Warning),24,60.9,31.9,542,41,1,3.8,0,3.5
CUST-108110,85.2,Low Risk (Healthy),24,94.0,43.4,29,8,1,8.4,0,5.0
CUST-108111,58.5,Medium Risk (Warning),19,72.0,35.8,136,30,3,3.5,0,4.0
CUST-108112,10.5,High Risk (Critical),6,32.2,19.6,66,30,2,41.5,0,1.0
CUST-108113,65.1,Medium Risk (Warning),15,80.3,70.3,3585,25,0,0.0,0,3.5
CUST-108114,72.2,Low Risk (Healthy),21,89.1,96.2,122,36,3,4.5,0,5.0
CUST-108115,58.2,Medium Risk (Warning),17,82.1,92.7,96,42,3,8.7,0,4.0
CUST-108116,75.3,Low Risk (Healthy),29,52.1,28.4,137,30,0,0.0,0,3.5
CUST-108117,5.0,High Risk (Critical),1,21.7,21.1,51,43,2,28.9,0,1.0
CUST-108118,63.7,Medium Risk (Warning),15,75.6,89.3,70,16,0,0.0,0,3.5
CUST-108119,12.0,High Risk (Critical),6,36.5,20.6,65,44,5,51.1,1,3.0
CUST-108120,19.1,High Risk (Critical),12,25.6,15.8,99,8,4,52.6,0,3.0
CUST-108121,5.0,High Risk (Critical),1,15.3,14.5,39,44,2,67.8,0,1.0
CUST-108122,10.1,High Risk (Critical),7,27.7,12.5,109,31,2,44.0,0,1.0
CUST-108123,64.3,Medium Risk (Warning),18,72.1,33.1,105,45,1,11.0,0,4.0
CUST-108124,73.4,Low Risk (Healthy),20,85.7,89.6,146,42,0,0.0,0,3.5
CUST-108125,14.1,High Risk (Critical),3,37.7,20.2,24,17,1,41.5,1,3.0
CUST-108126,69.5,Medium Risk (Warning),23,59.6,79.9,117,10,0,0.0,0,3.5
CUST-108127,69.2,Medium Risk (Warning),22,50.0,46.5,1813,16,1,8.8,0,5.0
CUST-108128,8.9,High Risk (Critical),9,33.1,12.7,101,30,5,40.7,1,2.0
CUST-108129,9.1,High Risk (Critical),2,11.3,18.3,29,8,1,39.6,0,2.0
CUST-108130,8.5,High Risk (Critical),8,42.3,11.7,21,27,1,54.8,1,1.0
CUST-108131,63.9,Medium Risk (Warning),17,67.5,68.0,24,44,0,0.0,0,3.5
CUST-108132,29.1,High Risk (Critical),1,22.5,4.9,100,42,0,0.0,0,3.5
CUST-108133,39.5,High Risk (Critical),11,12.7,5.9,132,16,0,0.0,0,3.5
CUST-108134,76.6,Low Risk (Healthy),20,84.0,52.7,2740,14,1,10.4,0,5.0
CUST-108135,5.0,High Risk (Critical),10,13.9,8.3,40,39,2,47.6,1,1.0
CUST-108136,17.2,High Risk (Critical),13,32.7,7.9,24,22,1,63.9,1,2.0
CUST-108137,65.7,Medium Risk (Warning),19,55.0,68.2,100,3,1,17.3,0,5.0
CUST-108138,72.9,Low Risk (Healthy),22,75.2,46.6,652,19,0,0.0,0,3.5
CUST-108139,68.1,Medium Risk (Warning),19,83.9,50.6,2428,14,1,19.5,0,4.0
CUST-108140,75.7,Low Risk (Healthy),17,94.5,83.0,1245,17,1,10.5,0,5.0
CUST-108141,5.0,High Risk (Critical),12,18.8,12.1,26,10,4,60.5,0,1.0
CUST-108142,82.8,Low Risk (Healthy),28,81.5,72.2,116,12,0,0.0,0,3.5
CUST-108143,64.5,Medium Risk (Warning),16,73.8,39.2,107,13,0,0.0,0,3.5
CUST-108144,40.5,High Risk (Critical),9,24.9,14.9,4,38,0,0.0,0,3.5
CUST-108145,72.4,Low Risk (Healthy),21,78.0,51.5,2266,33,0,0.0,0,3.5
CUST-108146,21.3,High Risk (Critical),11,39.4,13.6,103,30,2,41.1,1,3.0
CUST-108147,40.4,High Risk (Critical),5,42.5,5.9,6,9,0,0.0,0,3.5
CUST-108148,16.4,High Risk (Critical),14,25.7,10.7,8,20,1,15.6,1,1.0
CUST-108149,75.6,Low Risk (Healthy),28,57.4,41.6,93,44,0,0.0,0,3.5
CUST-108150,13.3,High Risk (Critical),9,27.8,8.6,132,27,2,57.7,1,3.0
CUST-108151,30.1,High Risk (Critical),12,31.5,5.0,76,6,1,26.9,0,2.0
CUST-108152,5.0,High Risk (Critical),1,28.6,17.1,69,44,3,48.5,0,1.0
CUST-108153,75.7,Low Risk (Healthy),23,71.5,57.4,77,3,1,19.0,0,5.0
CUST-108154,57.6,Medium Risk (Warning),20,52.6,56.2,562,18,1,15.1,0,3.5
CUST-108155,76.8,Low Risk (Healthy),26,70.6,77.5,129,5,0,0.0,0,3.5
CUST-108156,78.0,Low Risk (Healthy),29,66.1,59.6,135,41,1,3.6,0,4.0
CUST-108157,5.0,High Risk (Critical),7,28.5,20.8,137,36,4,23.7,1,1.0
CUST-108158,71.8,Low Risk (Healthy),27,65.0,41.6,76,5,1,5.2,0,3.5
CUST-108159,14.9,High Risk (Critical),7,16.0,10.0,114,11,3,42.2,0,3.0
CUST-108160,81.1,Low Risk (Healthy),24,93.7,36.4,509,39,0,0.0,0,3.5
CUST-108161,18.3,High Risk (Critical),10,28.4,13.6,63,1,1,44.1,0,1.0
CUST-108162,57.7,Medium Risk (Warning),17,53.9,81.7,4003,43,1,9.2,0,4.0
CUST-108163,78.8,Low Risk (Healthy),28,68.2,66.7,4002,7,0,0.0,0,3.5
CUST-108164,72.6,Low Risk (Healthy),25,61.0,65.5,917,10,0,0.0,0,3.5
CUST-108165,18.4,High Risk (Critical),12,12.5,7.0,48,33,1,26.7,0,1.0
CUST-108166,8.7,High Risk (Critical),7,35.9,8.3,130,42,2,43.5,1,2.0
CUST-108167,36.5,High Risk (Critical),13,41.7,10.4,70,2,2,27.1,0,3.0
CUST-108168,25.1,High Risk (Critical),13,36.0,4.3,25,15,1,40.0,0,1.0
CUST-108169,74.1,Low Risk (Healthy),20,88.2,64.6,118,38,0,0.0,0,3.5
CUST-108170,73.3,Low Risk (Healthy),29,71.4,76.3,4043,36,2,22.2,0,4.0
CUST-108171,28.8,High Risk (Critical),14,17.6,6.1,96,6,1,25.3,0,2.0
CUST-108172,74.2,Low Risk (Healthy),18,84.8,72.7,727,32,1,9.9,0,5.0
CUST-108173,20.7,High Risk (Critical),9,22.6,11.6,136,2,3,32.7,0,3.0
CUST-108174,73.5,Low Risk (Healthy),21,81.5,92.1,67,22,0,0.0,0,3.5
CUST-108175,18.8,High Risk (Critical),11,15.2,6.5,133,16,1,67.7,0,2.0
CUST-108176,19.7,High Risk (Critical),10,23.6,4.9,110,41,3,53.7,0,3.0
CUST-108177,12.3,High Risk (Critical),1,31.4,18.9,145,25,2,67.4,0,3.0
CUST-108178,5.0,High Risk (Critical),12,10.8,15.7,75,18,2,38.2,1,1.0
CUST-108179,16.3,High Risk (Critical),13,11.1,7.0,71,2,2,66.8,0,2.0
CUST-108180,5.9,High Risk (Critical),6,18.6,15.2,37,35,1,45.1,1,2.0
CUST-108181,24.6,High Risk (Critical),13,30.5,8.7,33,36,3,62.8,0,3.0
CUST-108182,5.0,High Risk (Critical),6,18.6,9.9,87,4,1,52.9,1,1.0
CUST-108183,28.7,High Risk (Critical),14,25.5,19.3,67,19,3,29.2,0,3.0
CUST-108184,77.7,Low Risk (Healthy),22,91.1,74.7,4556,7,0,0.0,0,3.5
CUST-108185,8.2,High Risk (Critical),12,37.3,10.6,146,10,3,27.6,1,1.0
CUST-108186,70.9,Low Risk (Healthy),28,77.4,72.9,6,8,2,21.0,0,3.5
CUST-108187,5.0,High Risk (Critical),4,23.7,11.9,148,23,2,52.3,1,2.0
CUST-108188,27.8,High Risk (Critical),14,35.5,5.0,25,44,2,12.5,1,3.0
CUST-108189,9.7,High Risk (Critical),11,29.4,20.6,55,8,2,14.5,1,1.0
CUST-108190,66.9,Medium Risk (Warning),21,90.1,104.9,3566,33,2,9.2,0,3.5
CUST-108191,64.5,Medium Risk (Warning),23,55.7,102.1,5411,38,1,23.1,0,4.0
CUST-108192,5.0,High Risk (Critical),2,28.6,19.2,111,24,3,15.9,1,1.0
CUST-108193,70.5,Low Risk (Healthy),23,71.6,32.6,130,10,1,13.2,0,4.0
CUST-108194,15.8,High Risk (Critical),14,13.8,9.2,149,9,3,38.0,1,3.0
CUST-108195,54.4,Medium Risk (Warning),16,51.0,79.7,1833,24,1,18.1,0,4.0
CUST-108196,15.0,High Risk (Critical),10,15.9,18.8,6,33,2,56.9,0,2.0
CUST-108197,77.7,Low Risk (Healthy),22,91.2,69.4,832,41,0,0.0,0,3.5
CUST-108198,6.7,High Risk (Critical),13,27.8,14.4,69,2,2,62.2,1,1.0
CUST-108199,5.0,High Risk (Critical),6,11.3,17.9,86,11,4,42.7,0,2.0
CUST-108200,70.6,Low Risk (Healthy),20,93.6,50.8,88,39,1,9.1,0,3.5
CUST-108201,9.5,High Risk (Critical),7,43.9,8.7,63,2,4,17.8,1,2.0
CUST-108202,5.0,High Risk (Critical),6,14.6,7.0,149,35,4,55.5,1,1.0
CUST-108203,72.8,Low Risk (Healthy),18,92.6,48.2,138,20,0,0.0,0,3.5
CUST-108204,36.3,High Risk (Critical),9,10.9,18.1,139,9,0,0.0,0,3.5
CUST-108205,70.2,Low Risk (Healthy),21,70.6,59.3,78,4,0,0.0,0,3.5
CUST-108206,10.4,High Risk (Critical),8,39.6,17.1,40,5,3,49.0,0,1.0
CUST-108207,10.9,High Risk (Critical),1,21.2,14.3,85,32,2,54.2,0,3.0
CUST-108208,76.5,Low Risk (Healthy),25,74.0,82.3,5267,0,0,0.0,0,3.5
CUST-108209,70.4,Low Risk (Healthy),24,51.2,46.0,28,27,1,23.3,0,5.0
CUST-108210,12.7,High Risk (Critical),10,12.1,21.1,142,33,2,18.5,0,1.0
CUST-108211,64.1,Medium Risk (Warning),21,50.2,25.7,107,3,0,0.0,0,3.5
CUST-108212,12.0,High Risk (Critical),9,43.2,8.9,0,0,2,68.6,1,2.0
CUST-108213,78.1,Low Risk (Healthy),26,74.8,81.3,144,25,0,0.0,0,3.5
CUST-108214,5.0,High Risk (Critical),5,43.8,5.8,70,42,3,42.0,1,1.0
CUST-108215,73.1,Low Risk (Healthy),27,60.0,75.0,1050,29,1,7.2,0,4.0
CUST-108216,43.8,High Risk (Critical),8,40.5,10.7,96,11,0,0.0,0,3.5
CUST-108217,5.1,High Risk (Critical),7,32.2,8.3,90,34,1,47.3,1,1.0
CUST-108218,86.5,Low Risk (Healthy),29,89.3,106.2,76,3,0,0.0,0,3.5
CUST-108219,37.2,High Risk (Critical),14,37.3,20.0,104,29,1,53.0,0,3.0
CUST-108220,32.6,High Risk (Critical),2,29.8,5.9,67,25,0,0.0,0,3.5
CUST-108221,81.0,Low Risk (Healthy),25,88.9,62.3,13,33,0,0.0,0,3.5
CUST-108222,84.6,Low Risk (Healthy),29,83.0,47.4,663,13,0,0.0,0,3.5
CUST-108223,64.1,Medium Risk (Warning),22,57.1,78.6,16,22,3,3.3,0,5.0
CUST-108224,67.0,Medium Risk (Warning),21,60.0,54.5,39,42,2,8.0,0,5.0
CUST-108225,72.3,Low Risk (Healthy),25,81.5,67.1,59,39,1,19.5,0,3.5
CUST-108226,67.0,Medium Risk (Warning),29,52.5,67.8,125,14,2,3.0,0,3.5
CUST-108227,38.8,High Risk (Critical),4,41.6,20.3,141,22,0,0.0,0,3.5
CUST-108228,12.0,High Risk (Critical),4,37.3,12.8,69,41,1,67.9,1,3.0
CUST-108229,78.1,Low Risk (Healthy),27,62.9,32.4,130,20,1,22.2,0,5.0
CUST-108230,29.3,High Risk (Critical),1,23.1,7.0,98,42,0,0.0,0,3.5
CUST-108231,74.9,Low Risk (Healthy),28,55.3,61.3,142,6,0,0.0,0,3.5
CUST-108232,88.3,Low Risk (Healthy),27,89.9,71.5,34,13,1,5.5,0,5.0
CUST-108233,73.5,Low Risk (Healthy),19,79.5,51.1,3628,44,1,13.1,0,5.0
CUST-108234,42.8,High Risk (Critical),9,32.6,5.1,56,1,0,0.0,0,3.5
CUST-108235,5.0,High Risk (Critical),4,14.2,18.0,148,15,2,35.8,1,1.0
CUST-108236,70.6,Low Risk (Healthy),25,59.5,87.1,2090,21,2,20.5,0,5.0
CUST-108237,16.3,High Risk (Critical),2,10.5,9.8,122,33,1,28.2,0,3.0
CUST-108238,5.0,High Risk (Critical),8,19.8,13.9,1,43,3,39.1,1,1.0
CUST-108239,58.4,Medium Risk (Warning),15,70.3,65.8,1447,1,1,21.7,0,4.0
CUST-108240,62.3,Medium Risk (Warning),21,53.3,65.4,31,28,1,13.2,0,4.0
CUST-108241,5.0,High Risk (Critical),1,33.0,17.0,8,14,4,69.1,0,3.0
CUST-108242,68.0,Medium Risk (Warning),18,85.0,82.0,48,35,1,11.8,0,4.0
CUST-108243,83.6,Low Risk (Healthy),27,95.0,44.9,1930,1,1,7.0,0,4.0
CUST-108244,21.4,High Risk (Critical),14,32.4,10.1,138,14,2,39.7,0,1.0
CUST-108245,80.8,Low Risk (Healthy),22,86.2,25.6,281,36,1,2.8,0,5.0
CUST-108246,69.4,Medium Risk (Warning),20,72.3,88.4,110,32,0,0.0,0,3.5
CUST-108247,77.4,Low Risk (Healthy),26,78.8,64.5,3483,42,1,7.4,0,4.0
CUST-108248,79.6,Low Risk (Healthy),23,79.6,54.4,62,7,1,7.4,0,5.0
CUST-108249,76.6,Low Risk (Healthy),25,60.2,77.9,4362,39,1,6.5,0,5.0
CUST-108250,10.9,High Risk (Critical),2,10.8,14.2,39,28,1,24.4,0,2.0
CUST-108251,77.0,Low Risk (Healthy),22,88.8,90.8,125,10,0,0.0,0,3.5
CUST-108252,5.0,High Risk (Critical),3,10.7,21.6,119,10,1,70.0,0,1.0
CUST-108253,57.7,Medium Risk (Warning),20,50.7,66.1,661,36,1,9.1,0,3.5
CUST-108254,69.8,Medium Risk (Warning),20,59.7,59.8,38,27,1,6.0,0,5.0
CUST-108255,61.0,Medium Risk (Warning),15,81.7,54.8,1644,1,1,4.4,0,3.5
CUST-108256,76.7,Low Risk (Healthy),29,56.9,27.9,119,45,0,0.0,0,3.5
CUST-108257,72.1,Low Risk (Healthy),26,65.3,77.2,45,32,1,16.9,0,4.0
CUST-108258,45.4,Medium Risk (Warning),10,36.8,17.4,32,16,0,0.0,0,3.5
CUST-108259,16.0,High Risk (Critical),8,41.1,18.0,112,45,3,39.3,1,3.0
CUST-108260,5.0,High Risk (Critical),1,18.6,10.2,29,35,2,45.8,1,3.0
CUST-108261,63.3,Medium Risk (Warning),16,69.8,53.6,85,31,0,0.0,0,3.5
CUST-108262,24.2,High Risk (Critical),10,35.2,15.2,48,45,3,45.7,0,3.0
CUST-108263,7.9,High Risk (Critical),10,21.0,17.5,140,25,1,30.2,1,1.0
CUST-108264,70.5,Low Risk (Healthy),24,56.3,40.2,1648,1,2,3.5,0,5.0
CUST-108265,79.6,Low Risk (Healthy),26,79.9,49.2,34,14,0,0.0,0,3.5
CUST-108266,5.3,High Risk (Critical),2,35.5,20.0,49,13,2,48.2,0,1.0
CUST-108267,61.5,Medium Risk (Warning),15,59.9,48.6,826,15,1,19.7,0,5.0
CUST-108268,67.0,Medium Risk (Warning),23,51.0,75.4,147,33,0,0.0,0,3.5
CUST-108269,8.0,High Risk (Critical),7,30.0,12.8,47,32,1,18.6,1,1.0
CUST-108270,18.8,High Risk (Critical),8,42.0,15.8,147,23,2,19.8,0,1.0
CUST-108271,65.7,Medium Risk (Warning),24,50.8,53.4,21,32,1,12.5,0,4.0
CUST-108272,67.6,Medium Risk (Warning),19,71.0,94.1,78,17,0,0.0,0,3.5
CUST-108273,77.3,Low Risk (Healthy),29,58.9,54.4,42,14,0,0.0,0,3.5
CUST-108274,13.5,High Risk (Critical),5,32.6,21.6,115,6,2,55.3,0,2.0
CUST-108275,18.9,High Risk (Critical),10,42.0,11.1,43,24,3,27.6,1,3.0
CUST-108276,9.1,High Risk (Critical),6,10.6,11.6,33,23,2,48.8,0,2.0
CUST-108277,13.7,High Risk (Critical),2,13.6,19.5,60,24,2,24.6,0,3.0
CUST-108278,5.4,High Risk (Critical),7,30.1,19.4,100,13,4,36.3,1,2.0
CUST-108279,5.0,High Risk (Critical),9,12.0,19.1,100,5,3,36.0,1,1.0
CUST-108280,59.9,Medium Risk (Warning),15,62.9,29.2,2,36,0,0.0,0,3.5
CUST-108281,15.2,High Risk (Critical),6,38.3,13.1,41,9,2,18.1,0,1.0
CUST-108282,36.0,High Risk (Critical),7,19.0,19.0,139,13,0,0.0,0,3.5
CUST-108283,61.8,Medium Risk (Warning),28,50.7,69.8,3629,21,3,22.1,0,4.0
CUST-108284,17.0,High Risk (Critical),9,10.9,17.7,70,5,2,66.1,0,3.0
CUST-108285,37.8,High Risk (Critical),10,11.5,9.6,22,37,0,0.0,0,3.5
CUST-108286,69.3,Medium Risk (Warning),21,76.3,27.8,134,32,1,13.1,0,4.0
CUST-108287,5.0,High Risk (Critical),1,21.2,15.0,85,19,1,58.0,0,1.0
CUST-108288,63.7,Medium Risk (Warning),17,83.5,25.5,28,36,3,16.5,0,5.0
CUST-108289,65.1,Medium Risk (Warning),21,66.1,55.6,2946,20,1,21.5,0,4.0
CUST-108290,31.3,High Risk (Critical),3,21.1,8.8,40,45,0,0.0,0,3.5
CUST-108291,8.0,High Risk (Critical),1,19.2,21.1,133,23,1,24.6,1,3.0
CUST-108292,16.1,High Risk (Critical),8,26.9,10.0,102,38,3,68.9,0,3.0
CUST-108293,15.6,High Risk (Critical),14,24.3,8.8,55,42,3,35.2,0,1.0
CUST-108294,11.6,High Risk (Critical),14,22.4,18.5,60,31,1,46.3,1,1.0
CUST-108295,5.0,High Risk (Critical),1,41.2,16.9,45,37,5,70.9,0,2.0
CUST-108296,16.5,High Risk (Critical),9,32.0,13.7,117,5,1,24.9,1,2.0
CUST-108297,12.8,High Risk (Critical),10,18.8,17.8,120,32,1,65.4,0,1.0
CUST-108298,74.5,Low Risk (Healthy),19,86.6,51.3,98,23,1,22.4,0,5.0
CUST-108299,9.0,High Risk (Critical),10,16.3,14.5,33,40,2,25.5,1,2.0
CUST-108300,18.7,High Risk (Critical),8,27.7,18.3,123,24,2,34.4,0,2.0
CUST-108301,5.0,High Risk (Critical),3,31.9,16.8,83,30,2,69.4,0,1.0
CUST-108302,18.5,High Risk (Critical),9,13.5,21.8,54,10,2,60.6,0,3.0
CUST-108303,11.1,High Risk (Critical),14,10.1,16.2,77,19,1,68.8,1,2.0
CUST-108304,81.8,Low Risk (Healthy),26,87.2,83.3,2,11,0,0.0,0,3.5
CUST-108305,13.6,High Risk (Critical),14,26.4,12.1,95,22,3,24.0,1,2.0
CUST-108306,5.0,High Risk (Critical),9,11.6,4.4,5,44,2,45.9,1,1.0
CUST-108307,5.0,High Risk (Critical),6,33.4,9.5,61,22,6,30.4,0,2.0
CUST-108308,75.8,Low Risk (Healthy),26,55.4,82.9,113,6,1,11.5,0,5.0
CUST-108309,63.9,Medium Risk (Warning),16,83.8,108.1,6161,18,1,20.4,0,4.0
CUST-108310,12.8,High Risk (Critical),2,40.6,13.7,78,14,1,32.4,0,1.0
CUST-108311,5.2,High Risk (Critical),9,40.7,20.8,115,2,4,24.9,1,1.0
CUST-108312,72.1,Low Risk (Healthy),28,65.6,105.5,3376,38,1,15.5,0,3.5
CUST-108313,40.9,High Risk (Critical),10,22.0,21.5,104,29,0,0.0,0,3.5
CUST-108314,71.4,Low Risk (Healthy),22,70.1,85.5,2308,45,0,0.0,0,3.5
CUST-108315,16.5,High Risk (Critical),6,28.6,20.1,53,24,1,16.9,0,1.0
CUST-108316,29.0,High Risk (Critical),7,28.9,9.6,58,21,1,23.9,0,3.0
CUST-108317,72.8,Low Risk (Healthy),25,80.5,80.6,129,31,1,13.5,0,3.5
CUST-108318,20.5,High Risk (Critical),12,24.8,12.4,53,0,3,23.6,0,2.0
CUST-108319,53.4,Medium Risk (Warning),17,52.7,52.1,97,33,1,16.5,0,3.5
CUST-108320,15.2,High Risk (Critical),8,34.8,10.4,42,45,1,31.1,1,2.0
CUST-108321,69.7,Medium Risk (Warning),25,56.5,88.1,106,2,1,4.3,0,4.0
CUST-108322,21.3,High Risk (Critical),14,20.9,9.1,83,11,2,29.0,1,3.0
CUST-108323,35.4,High Risk (Critical),1,43.5,13.9,62,17,0,0.0,0,3.5
CUST-108324,33.1,High Risk (Critical),2,31.5,6.1,28,21,0,0.0,0,3.5
CUST-108325,44.5,High Risk (Critical),8,42.8,17.1,100,15,0,0.0,0,3.5
CUST-108326,43.3,High Risk (Critical),14,12.0,6.4,79,17,0,0.0,0,3.5
CUST-108327,78.0,Low Risk (Healthy),24,70.6,85.3,50,32,1,9.8,0,5.0
CUST-108328,28.0,High Risk (Critical),14,14.8,10.3,107,43,2,40.7,0,3.0
CUST-108329,65.2,Medium Risk (Warning),18,67.3,68.7,4190,10,0,0.0,0,3.5
CUST-108330,19.7,High Risk (Critical),14,39.8,12.3,99,42,2,39.0,1,2.0
CUST-108331,30.8,High Risk (Critical),4,14.9,8.6,88,42,0,0.0,0,3.5
CUST-108332,69.7,Medium Risk (Warning),21,69.0,95.2,25,44,0,0.0,0,3.5
CUST-108333,69.8,Medium Risk (Warning),17,87.1,42.7,24,20,0,0.0,0,3.5
CUST-108334,67.2,Medium Risk (Warning),20,73.8,96.7,30,43,1,12.7,0,4.0
CUST-108335,12.0,High Risk (Critical),1,33.6,6.9,11,36,2,27.0,0,2.0
CUST-108336,8.4,High Risk (Critical),6,24.8,5.4,141,17,3,57.9,1,3.0
CUST-108337,65.5,Medium Risk (Warning),16,66.4,54.4,81,3,1,13.9,0,5.0
CUST-108338,77.3,Low Risk (Healthy),23,85.6,45.5,19,32,0,0.0,0,3.5
CUST-108339,24.1,High Risk (Critical),8,39.0,6.8,137,19,3,34.2,0,3.0
CUST-108340,16.6,High Risk (Critical),1,35.6,16.5,3,44,1,27.1,0,2.0
CUST-108341,72.9,Low Risk (Healthy),19,88.7,30.7,44,19,0,0.0,0,3.5
CUST-108342,68.4,Medium Risk (Warning),23,87.3,41.7,89,35,2,12.0,0,3.5
CUST-108343,12.6,High Risk (Critical),1,12.7,13.9,24,41,2,20.2,0,3.0
CUST-108344,75.5,Low Risk (Healthy),24,75.1,25.2,352,36,0,0.0,0,3.5
CUST-108345,8.1,High Risk (Critical),11,27.6,19.1,54,37,2,23.0,1,1.0
CUST-108346,6.5,High Risk (Critical),7,16.0,18.8,96,39,2,45.1,0,1.0
CUST-108347,14.2,High Risk (Critical),1,30.5,10.0,82,8,1,34.4,0,2.0
CUST-108348,17.2,High Risk (Critical),12,32.3,15.5,86,22,2,20.1,1,2.0
CUST-108349,34.0,High Risk (Critical),6,16.5,18.4,91,25,0,0.0,0,3.5
CUST-108350,17.5,High Risk (Critical),13,17.2,5.9,26,35,3,40.0,0,2.0
CUST-108351,82.9,Low Risk (Healthy),28,82.0,29.5,109,21,0,0.0,0,3.5
CUST-108352,38.8,High Risk (Critical),12,42.9,17.4,142,9,1,32.7,0,3.0
CUST-108353,25.9,High Risk (Critical),7,29.7,6.3,127,31,1,51.0,0,3.0
CUST-108354,5.0,High Risk (Critical),8,20.5,16.8,25,27,2,59.4,1,2.0
CUST-108355,64.2,Medium Risk (Warning),16,78.7,29.4,120,45,1,5.9,0,4.0
CUST-108356,5.0,High Risk (Critical),3,44.5,20.0,12,40,3,53.2,0,1.0
CUST-108357,64.2,Medium Risk (Warning),24,75.1,50.1,3356,10,3,18.6,0,4.0
CUST-108358,5.6,High Risk (Critical),5,10.3,20.5,77,31,2,65.6,0,2.0
CUST-108359,70.8,Low Risk (Healthy),23,51.1,51.3,1128,29,1,9.4,0,5.0
CUST-108360,83.7,Low Risk (Healthy),28,83.8,103.4,107,17,2,6.3,0,5.0
CUST-108361,8.9,High Risk (Critical),3,28.2,20.0,11,18,2,60.8,0,2.0
CUST-108362,32.6,High Risk (Critical),1,34.1,8.8,99,44,0,0.0,0,3.5
CUST-108363,19.1,High Risk (Critical),9,37.0,19.1,3,6,1,64.3,1,3.0
CUST-108364,5.0,High Risk (Critical),10,10.6,18.2,84,24,1,43.2,1,1.0
CUST-108365,76.9,Low Risk (Healthy),27,66.4,32.4,1134,7,0,0.0,0,3.5
CUST-108366,5.4,High Risk (Critical),14,19.0,5.7,147,20,3,42.8,1,1.0
CUST-108367,5.0,High Risk (Critical),6,21.8,12.4,85,4,2,63.6,1,1.0
CUST-108368,57.0,Medium Risk (Warning),19,76.8,26.9,122,16,3,2.8,0,3.5
CUST-108369,76.0,Low Risk (Healthy),18,88.8,62.7,3197,38,1,5.1,0,5.0
CUST-108370,5.0,High Risk (Critical),5,28.1,10.5,3,38,1,50.8,1,1.0
CUST-108371,13.4,High Risk (Critical),6,18.6,17.0,73,38,1,33.1,1,3.0
CUST-108372,68.2,Medium Risk (Warning),22,59.7,53.5,1551,39,0,0.0,0,3.5
CUST-108373,70.8,Low Risk (Healthy),16,94.8,77.7,3729,14,0,0.0,0,3.5
CUST-108374,30.9,High Risk (Critical),1,28.7,16.0,66,22,0,0.0,0,3.5
CUST-108375,68.3,Medium Risk (Warning),17,71.1,53.4,148,15,1,13.6,0,5.0
CUST-108376,13.5,High Risk (Critical),9,24.7,5.2,101,2,1,63.0,0,1.0
CUST-108377,68.6,Medium Risk (Warning),25,66.2,64.4,101,33,1,12.9,0,3.5
CUST-108378,52.8,Medium Risk (Warning),17,51.7,47.2,9,29,1,19.3,0,3.5
CUST-108379,64.9,Medium Risk (Warning),23,51.9,61.5,139,44,1,10.9,0,4.0
CUST-108380,18.3,High Risk (Critical),5,24.3,7.5,30,25,2,45.6,0,3.0
CUST-108381,29.0,High Risk (Critical),2,17.7,13.7,39,40,0,0.0,0,3.5
CUST-108382,75.5,Low Risk (Healthy),24,75.1,25.5,29,8,0,0.0,0,3.5
CUST-108383,15.0,High Risk (Critical),13,43.4,7.6,7,37,4,43.2,0,1.0
CUST-108384,62.8,Medium Risk (Warning),25,61.1,66.0,110,28,2,15.3,0,3.5
CUST-108385,27.2,High Risk (Critical),1,16.3,18.9,106,39,0,0.0,0,3.5
CUST-108386,5.0,High Risk (Critical),6,34.7,19.4,65,5,2,41.9,1,1.0
CUST-108387,71.1,Low Risk (Healthy),18,87.1,67.3,4912,13,0,0.0,0,3.5
CUST-108388,25.6,High Risk (Critical),10,13.6,18.0,90,8,1,46.8,0,3.0
CUST-108389,19.3,High Risk (Critical),10,11.2,21.4,37,16,3,27.3,0,3.0
CUST-108390,5.0,High Risk (Critical),1,26.6,18.5,2,4,3,44.3,0,1.0
CUST-108391,13.8,High Risk (Critical),3,28.4,8.2,40,12,2,21.6,0,2.0
CUST-108392,20.5,High Risk (Critical),9,43.2,13.5,23,25,1,68.0,1,3.0
CUST-108393,70.2,Low Risk (Healthy),23,52.3,40.0,2440,10,1,17.0,0,5.0
CUST-108394,82.8,Low Risk (Healthy),28,72.3,64.6,127,42,1,17.5,0,5.0
CUST-108395,67.5,Medium Risk (Warning),17,65.5,72.9,4446,5,1,6.4,0,5.0
CUST-108396,80.7,Low Risk (Healthy),29,70.1,78.1,5388,22,0,0.0,0,3.5
CUST-108397,5.0,High Risk (Critical),4,14.7,13.6,138,13,1,68.6,0,1.0
CUST-108398,26.0,High Risk (Critical),1,12.2,9.3,25,43,0,0.0,0,3.5
CUST-108399,21.5,High Risk (Critical),5,22.9,21.0,11,43,1,48.5,0,3.0
CUST-108400,79.8,Low Risk (Healthy),27,75.9,73.7,4348,31,0,0.0,0,3.5
CUST-108401,67.8,Medium Risk (Warning),21,86.3,98.3,41,23,2,17.0,0,4.0
CUST-108402,57.0,Medium Risk (Warning),21,51.9,89.5,4385,17,2,20.5,0,4.0
CUST-108403,69.6,Medium Risk (Warning),20,94.4,25.2,932,1,1,19.2,0,3.5
CUST-108404,5.0,High Risk (Critical),12,11.1,12.4,60,1,1,55.1,1,1.0
CUST-108405,72.3,Low Risk (Healthy),19,86.4,32.6,32,22,0,0.0,0,3.5
CUST-108406,75.9,Low Risk (Healthy),20,94.2,31.4,2041,16,0,0.0,0,3.5
CUST-108407,5.2,High Risk (Critical),6,13.7,11.5,35,11,4,23.2,0,2.0
CUST-108408,6.8,High Risk (Critical),10,21.5,7.6,20,9,3,68.1,1,2.0
CUST-108409,49.0,Medium Risk (Warning),12,40.0,14.3,9,3,0,0.0,0,3.5
CUST-108410,67.2,Medium Risk (Warning),18,80.0,83.0,146,9,1,6.7,0,4.0
CUST-108411,64.0,Medium Risk (Warning),18,63.2,54.9,2690,38,0,0.0,0,3.5
CUST-108412,79.6,Low Risk (Healthy),27,66.9,74.5,3650,34,1,20.1,0,5.0
CUST-108413,69.7,Medium Risk (Warning),16,91.1,82.6,57,43,0,0.0,0,3.5
CUST-108414,24.2,High Risk (Critical),9,35.2,17.9,20,7,3,34.8,0,3.0
CUST-108415,9.4,High Risk (Critical),7,39.7,9.6,13,32,2,46.6,1,2.0
CUST-108416,80.6,Low Risk (Healthy),29,69.8,32.5,19,32,0,0.0,0,3.5
CUST-108417,81.5,Low Risk (Healthy),26,86.1,76.4,71,28,0,0.0,0,3.5
CUST-108418,5.0,High Risk (Critical),7,40.1,8.1,53,19,2,50.5,1,1.0
CUST-108419,22.2,High Risk (Critical),9,17.0,7.9,97,45,1,71.2,0,3.0
CUST-108420,5.0,High Risk (Critical),4,11.1,16.7,65,34,3,22.3,0,1.0
CUST-108421,22.7,High Risk (Critical),14,43.2,17.4,57,0,2,55.1,0,1.0
CUST-108422,69.9,Medium Risk (Warning),19,83.8,47.4,128,34,1,4.5,0,4.0
CUST-108423,50.1,Medium Risk (Warning),15,62.6,37.6,16,25,3,5.8,0,4.0
CUST-108424,5.0,High Risk (Critical),6,24.9,13.7,3,36,5,56.5,0,1.0
CUST-108425,59.2,Medium Risk (Warning),16,56.2,65.7,31,43,0,0.0,0,3.5
CUST-108426,43.5,High Risk (Critical),10,30.7,17.8,132,28,0,0.0,0,3.5
CUST-108427,34.8,High Risk (Critical),3,32.6,5.2,48,36,0,0.0,0,3.5
CUST-108428,60.9,Medium Risk (Warning),18,83.5,39.6,71,44,2,9.0,0,3.5
CUST-108429,17.5,High Risk (Critical),6,30.8,7.6,12,5,1,14.0,0,1.0
CUST-108430,75.9,Low Risk (Healthy),24,94.6,76.4,111,9,2,3.8,0,4.0
CUST-108431,84.5,Low Risk (Healthy),28,87.3,34.7,95,10,0,0.0,0,3.5
CUST-108432,68.9,Medium Risk (Warning),23,78.0,58.9,765,30,1,17.4,0,3.5
CUST-108433,74.7,Low Risk (Healthy),26,66.7,64.3,1157,20,2,15.8,0,5.0
CUST-108434,71.3,Low Risk (Healthy),17,77.4,40.4,37,16,1,4.4,0,5.0
CUST-108435,65.1,Medium Risk (Warning),20,58.1,47.3,134,33,0,0.0,0,3.5
CUST-108436,69.6,Medium Risk (Warning),17,86.4,30.9,148,7,0,0.0,0,3.5
CUST-108437,5.0,High Risk (Critical),2,30.6,19.0,15,41,2,71.1,0,1.0
CUST-108438,19.2,High Risk (Critical),10,39.0,17.5,79,27,2,31.0,0,1.0
CUST-108439,59.8,Medium Risk (Warning),15,62.6,58.1,4241,12,0,0.0,0,3.5
CUST-108440,16.7,High Risk (Critical),12,27.1,10.3,129,33,1,43.1,1,2.0
CUST-108441,15.3,High Risk (Critical),11,15.6,11.8,0,25,1,64.3,1,3.0
CUST-108442,75.3,Low Risk (Healthy),20,92.0,81.4,9,15,0,0.0,0,3.5
CUST-108443,10.9,High Risk (Critical),9,39.8,20.6,35,32,3,26.9,1,2.0
CUST-108444,5.0,High Risk (Critical),1,33.1,9.6,118,12,3,37.2,1,2.0
CUST-108445,72.9,Low Risk (Healthy),24,66.4,54.3,21,10,0,0.0,0,3.5
CUST-108446,40.0,High Risk (Critical),6,36.8,16.0,66,20,0,0.0,0,3.5
CUST-108447,37.4,High Risk (Critical),9,14.7,10.3,64,4,0,0.0,0,3.5
CUST-108448,20.9,High Risk (Critical),11,12.9,10.0,144,24,2,13.0,0,2.0
CUST-108449,6.4,High Risk (Critical),6,37.9,6.6,130,5,2,66.7,1,2.0
CUST-108450,69.0,Medium Risk (Warning),23,64.0,66.8,53,30,2,22.9,0,5.0
CUST-108451,5.0,High Risk (Critical),2,11.3,9.1,33,36,2,66.6,0,2.0
CUST-108452,66.3,Medium Risk (Warning),27,70.5,84.0,20,26,3,23.0,0,4.0
CUST-108453,27.4,High Risk (Critical),12,13.2,15.5,27,27,1,52.7,0,3.0
CUST-108454,72.0,Low Risk (Healthy),26,54.3,76.0,5472,33,0,0.0,0,3.5
CUST-108455,22.9,High Risk (Critical),14,18.7,14.0,84,28,1,26.9,0,1.0
CUST-108456,5.0,High Risk (Critical),1,26.6,6.8,44,25,2,54.5,1,1.0
CUST-108457,7.2,High Risk (Critical),7,22.7,21.9,90,45,3,23.6,0,1.0
CUST-108458,24.2,High Risk (Critical),12,34.9,11.3,107,25,1,34.5,0,1.0
CUST-108459,73.3,Low Risk (Healthy),22,94.4,49.6,3323,15,1,11.1,0,3.5
CUST-108460,62.7,Medium Risk (Warning),22,56.3,103.6,5283,4,1,4.2,0,3.5
CUST-108461,38.8,High Risk (Critical),10,14.8,12.0,123,20,0,0.0,0,3.5
CUST-108462,68.2,Medium Risk (Warning),16,86.3,76.5,29,4,0,0.0,0,3.5
CUST-108463,71.5,Low Risk (Healthy),18,76.3,79.9,3,30,1,11.3,0,5.0
CUST-108464,12.4,High Risk (Critical),6,28.6,9.3,7,38,3,33.2,0,2.0
CUST-108465,6.9,High Risk (Critical),8,44.2,15.2,141,5,2,40.4,1,1.0
CUST-108466,5.0,High Risk (Critical),11,24.0,17.5,40,39,3,25.0,1,1.0
CUST-108467,35.8,High Risk (Critical),1,44.8,19.3,132,14,0,0.0,0,3.5
CUST-108468,47.7,Medium Risk (Warning),14,26.8,15.8,147,45,0,0.0,0,3.5
CUST-108469,89.0,Low Risk (Healthy),28,94.2,102.8,40,16,1,20.9,0,5.0
CUST-108470,7.3,High Risk (Critical),9,42.5,21.7,77,18,2,43.3,1,1.0
CUST-108471,74.2,Low Risk (Healthy),27,57.4,102.7,78,32,0,0.0,0,3.5
CUST-108472,37.7,High Risk (Critical),5,33.6,6.5,65,11,0,0.0,0,3.5
CUST-108473,5.0,High Risk (Critical),4,42.2,10.9,24,17,5,55.1,0,2.0
CUST-108474,9.7,High Risk (Critical),6,29.0,13.5,3,13,4,31.9,1,3.0
CUST-108475,64.6,Medium Risk (Warning),21,51.9,91.8,86,39,0,0.0,0,3.5
CUST-108476,70.1,Low Risk (Healthy),23,67.0,33.1,46,40,1,5.0,0,4.0
CUST-108477,44.8,High Risk (Critical),14,17.2,16.1,71,10,0,0.0,0,3.5
CUST-108478,27.8,High Risk (Critical),14,28.5,14.9,41,29,1,59.4,0,2.0
CUST-108479,15.6,High Risk (Critical),4,17.4,15.3,135,19,1,23.4,0,2.0
CUST-108480,71.2,Low Risk (Healthy),18,87.3,65.4,4774,24,0,0.0,0,3.5
CUST-108481,61.6,Medium Risk (Warning),25,60.9,68.3,117,5,3,15.7,0,4.0
CUST-108482,21.4,High Risk (Critical),8,28.2,13.5,38,24,1,45.6,0,2.0
CUST-108483,5.0,High Risk (Critical),3,32.9,18.0,71,42,3,44.1,1,2.0
CUST-108484,69.6,Medium Risk (Warning),19,77.4,99.9,3596,23,0,0.0,0,3.5
CUST-108485,58.5,Medium Risk (Warning),21,84.3,27.0,136,35,4,22.0,0,4.0
CUST-108486,5.0,High Risk (Critical),1,37.6,16.1,71,37,1,46.7,1,2.0
CUST-108487,6.9,High Risk (Critical),10,24.2,9.4,95,37,3,61.7,0,1.0
CUST-108488,5.0,High Risk (Critical),4,27.9,18.8,148,8,4,60.5,0,1.0
CUST-108489,60.9,Medium Risk (Warning),20,50.1,71.3,1,26,1,6.3,0,4.0
CUST-108490,79.4,Low Risk (Healthy),21,93.3,98.9,70,17,1,21.0,0,5.0
CUST-108491,6.7,High Risk (Critical),4,14.5,8.4,130,34,2,55.8,0,2.0
CUST-108492,7.6,High Risk (Critical),3,25.4,11.9,148,8,2,15.8,0,1.0
CUST-108493,7.8,High Risk (Critical),12,36.1,5.1,12,26,6,19.3,1,1.0
CUST-108494,71.3,Low Risk (Healthy),23,65.3,72.3,121,7,0,0.0,0,3.5
CUST-108495,11.0,High Risk (Critical),9,25.6,9.7,98,35,2,21.3,1,2.0
CUST-108496,38.1,High Risk (Critical),13,35.2,16.5,147,12,1,30.2,0,3.0
CUST-108497,5.0,High Risk (Critical),2,25.9,20.6,33,43,1,35.3,1,2.0
CUST-108498,85.0,Low Risk (Healthy),26,83.8,68.4,86,17,1,6.5,0,5.0
CUST-108499,6.2,High Risk (Critical),9,44.0,16.4,62,24,3,31.6,1,1.0
CUST-108500,84.4,Low Risk (Healthy),24,92.0,98.7,18,3,1,9.5,0,5.0
CUST-108501,77.1,Low Risk (Healthy),25,65.2,96.3,84,22,1,14.0,0,5.0
CUST-108502,5.6,High Risk (Critical),4,16.5,16.1,97,6,2,37.4,1,3.0
CUST-108503,5.0,High Risk (Critical),8,38.6,11.9,54,27,3,50.2,1,1.0
CUST-108504,67.0,Medium Risk (Warning),17,83.6,108.2,7141,12,1,5.9,0,4.0
CUST-108505,7.4,High Risk (Critical),5,19.7,19.1,42,5,4,57.8,0,3.0
CUST-108506,68.4,Medium Risk (Warning),15,91.3,104.2,108,7,0,0.0,0,3.5
CUST-108507,62.3,Medium Risk (Warning),18,88.9,62.4,12,42,2,11.1,0,3.5
CUST-108508,9.5,High Risk (Critical),8,26.2,4.3,126,12,1,56.1,1,2.0
CUST-108509,5.0,High Risk (Critical),7,11.0,12.9,35,29,3,13.4,1,1.0
CUST-108510,52.7,Medium Risk (Warning),14,43.5,21.3,36,4,0,0.0,0,3.5
CUST-108511,13.0,High Risk (Critical),7,26.3,6.6,20,22,2,65.9,0,2.0
CUST-108512,16.2,High Risk (Critical),5,37.3,16.0,40,1,3,13.4,0,2.0
CUST-108513,18.0,High Risk (Critical),6,28.2,11.8,17,33,2,19.3,0,2.0
CUST-108514,5.0,High Risk (Critical),8,14.0,17.1,31,11,2,43.3,1,1.0
CUST-108515,58.0,Medium Risk (Warning),17,76.2,29.8,1043,29,2,4.2,0,3.5
CUST-108516,17.5,High Risk (Critical),6,44.6,8.8,36,39,2,62.8,0,2.0
CUST-108517,16.2,High Risk (Critical),1,13.8,8.4,101,25,1,26.4,0,3.0
CUST-108518,17.1,High Risk (Critical),12,39.1,21.2,4,15,1,69.2,1,2.0
CUST-108519,63.3,Medium Risk (Warning),17,65.4,51.5,118,45,0,0.0,0,3.5
CUST-108520,33.4,High Risk (Critical),10,41.7,15.9,62,2,1,51.6,0,3.0
CUST-108521,67.2,Medium Risk (Warning),22,86.3,69.5,99,34,2,8.5,0,3.5
CUST-108522,29.8,High Risk (Critical),2,20.4,4.7,94,16,0,0.0,0,3.5
CUST-108523,59.1,Medium Risk (Warning),21,63.6,86.1,140,6,2,7.6,0,3.5
CUST-108524,10.4,High Risk (Critical),7,27.0,9.1,57,29,6,22.2,0,3.0
CUST-108525,81.9,Low Risk (Healthy),25,78.8,105.6,6547,35,1,8.2,0,5.0
CUST-108526,41.3,High Risk (Critical),12,14.4,19.9,78,29,0,0.0,0,3.5
CUST-108527,19.4,High Risk (Critical),13,24.0,5.6,14,33,2,25.2,0,1.0
CUST-108528,69.7,Medium Risk (Warning),25,51.2,105.5,2848,38,2,7.9,0,5.0
CUST-108529,79.4,Low Risk (Healthy),27,74.6,53.6,72,31,0,0.0,0,3.5
CUST-108530,40.3,High Risk (Critical),8,28.9,5.5,107,42,0,0.0,0,3.5
CUST-108531,78.9,Low Risk (Healthy),27,60.8,65.6,52,43,1,10.6,0,5.0
CUST-108532,83.5,Low Risk (Healthy),29,79.5,31.2,1154,19,0,0.0,0,3.5
CUST-108533,8.9,High Risk (Critical),9,13.0,6.3,44,28,5,51.7,1,3.0
CUST-108534,39.6,High Risk (Critical),8,26.6,5.6,26,33,0,0.0,0,3.5
CUST-108535,77.1,Low Risk (Healthy),26,92.6,36.0,99,3,1,18.7,0,3.5
CUST-108536,82.2,Low Risk (Healthy),29,64.7,57.8,16,23,1,15.1,0,5.0
CUST-108537,54.4,Medium Risk (Warning),17,53.1,76.5,42,14,1,9.6,0,3.5
CUST-108538,42.2,High Risk (Critical),13,12.8,19.1,27,28,0,0.0,0,3.5
CUST-108539,46.0,Medium Risk (Warning),9,43.2,4.6,27,8,0,0.0,0,3.5
CUST-108540,18.7,High Risk (Critical),11,41.8,20.9,132,4,1,51.8,1,2.0
CUST-108541,20.3,High Risk (Critical),10,44.6,10.4,102,44,2,51.5,1,3.0
CUST-108542,64.8,Medium Risk (Warning),21,62.8,87.1,6097,26,1,16.4,0,4.0
CUST-108543,17.2,High Risk (Critical),14,30.9,17.2,119,10,3,37.9,0,1.0
CUST-108544,75.0,Low Risk (Healthy),27,60.1,44.3,97,8,0,0.0,0,3.5
CUST-108545,69.2,Medium Risk (Warning),24,54.1,29.6,145,41,0,0.0,0,3.5
CUST-108546,17.8,High Risk (Critical),11,20.0,21.3,43,7,2,22.7,1,3.0
CUST-108547,76.1,Low Risk (Healthy),20,94.8,86.7,4941,39,0,0.0,0,3.5
CUST-108548,63.4,Medium Risk (Warning),18,52.2,67.4,20,14,1,17.7,0,5.0
CUST-108549,11.1,High Risk (Critical),9,20.4,12.7,63,44,3,58.6,1,3.0
CUST-108550,19.1,High Risk (Critical),13,20.7,21.8,66,4,1,67.5,1,3.0
CUST-108551,31.0,High Risk (Critical),1,28.8,19.2,142,29,0,0.0,0,3.5
CUST-108552,32.7,High Risk (Critical),9,31.7,14.3,109,28,1,22.4,0,3.0
CUST-108553,5.0,High Risk (Critical),4,14.8,11.6,49,12,4,23.7,0,1.0
CUST-108554,27.1,High Risk (Critical),14,30.8,4.2,18,26,1,70.5,0,2.0
CUST-108555,16.6,High Risk (Critical),12,10.8,6.5,29,10,2,53.4,0,2.0
CUST-108556,17.3,High Risk (Critical),11,25.0,4.8,41,45,1,23.2,1,2.0
CUST-108557,6.0,High Risk (Critical),3,30.8,13.0,53,1,4,26.2,0,2.0
CUST-108558,22.5,High Risk (Critical),13,37.2,5.2,40,6,3,47.7,0,2.0
CUST-108559,68.8,Medium Risk (Warning),20,70.4,96.5,4632,22,0,0.0,0,3.5
CUST-108560,69.7,Medium Risk (Warning),24,55.5,96.9,113,23,0,0.0,0,3.5
CUST-108561,75.7,Low Risk (Healthy),26,66.7,56.9,146,27,0,0.0,0,3.5
CUST-108562,70.1,Low Risk (Healthy),23,61.5,99.3,117,35,0,0.0,0,3.5
CUST-108563,19.4,High Risk (Critical),11,25.1,15.9,108,0,2,54.7,0,2.0
CUST-108564,83.1,Low Risk (Healthy),28,82.5,84.0,3780,6,0,0.0,0,3.5
CUST-108565,72.8,Low Risk (Healthy),22,94.6,99.1,121,31,1,15.6,0,3.5
CUST-108566,17.7,High Risk (Critical),1,34.9,9.2,48,27,1,64.9,0,3.0
CUST-108567,5.0,High Risk (Critical),4,38.3,21.6,81,12,2,52.1,1,2.0
CUST-108568,26.3,High Risk (Critical),8,39.1,5.8,141,8,1,33.1,0,2.0
CUST-108569,16.6,High Risk (Critical),2,19.6,19.4,48,11,2,15.2,0,3.0
CUST-108570,5.0,High Risk (Critical),1,19.2,7.5,148,12,3,68.3,1,2.0
CUST-108571,5.0,High Risk (Critical),12,14.9,17.4,67,10,5,36.9,0,1.0
CUST-108572,13.4,High Risk (Critical),1,30.3,5.8,48,36,2,55.8,0,3.0
CUST-108573,35.8,High Risk (Critical),5,27.2,7.3,109,39,0,0.0,0,3.5
CUST-108574,78.6,Low Risk (Healthy),29,64.6,104.4,133,30,2,11.4,0,5.0
CUST-108575,29.6,High Risk (Critical),4,10.9,9.3,68,22,0,0.0,0,3.5
CUST-108576,24.3,High Risk (Critical),14,11.7,22.0,120,20,2,62.7,0,3.0
CUST-108577,65.3,Medium Risk (Warning),21,54.5,30.8,893,0,0,0.0,0,3.5
CUST-108578,19.7,High Risk (Critical),5,30.8,8.4,52,6,2,49.5,0,3.0
CUST-108579,11.5,High Risk (Critical),2,22.8,9.3,137,7,3,31.8,0,3.0
CUST-108580,31.4,High Risk (Critical),14,13.5,16.7,98,1,1,42.2,0,3.0
CUST-108581,11.8,High Risk (Critical),8,19.2,9.7,103,3,2,69.1,0,2.0
CUST-108582,5.0,High Risk (Critical),5,13.0,11.7,55,15,2,17.4,1,1.0
CUST-108583,82.1,Low Risk (Healthy),25,81.4,51.9,3892,6,1,13.4,0,5.0
CUST-108584,65.0,Medium Risk (Warning),22,83.9,94.6,4,10,3,12.4,0,4.0
CUST-108585,12.2,High Risk (Critical),7,18.6,16.1,1,30,1,38.1,0,1.0
CUST-108586,11.3,High Risk (Critical),6,33.4,4.7,23,8,2,53.5,1,3.0
CUST-108587,13.8,High Risk (Critical),4,24.5,12.8,124,38,2,23.3,0,2.0
CUST-108588,74.4,Low Risk (Healthy),29,60.6,48.0,11,15,1,19.9,0,4.0
CUST-108589,57.3,Medium Risk (Warning),16,61.1,59.6,103,12,1,19.3,0,4.0
CUST-108590,5.4,High Risk (Critical),9,21.2,10.0,39,39,3,62.9,1,2.0
CUST-108591,52.2,Medium Risk (Warning),15,71.3,64.0,5056,40,3,9.3,0,4.0
CUST-108592,72.9,Low Risk (Healthy),26,94.7,35.7,2748,4,3,17.6,0,4.0
CUST-108593,45.1,Medium Risk (Warning),16,57.4,46.2,2910,18,4,11.9,0,4.0
CUST-108594,25.9,High Risk (Critical),6,22.2,5.8,119,30,1,22.2,0,3.0
CUST-108595,58.1,Medium Risk (Warning),15,64.3,93.0,76,17,1,9.4,0,4.0
CUST-108596,73.7,Low Risk (Healthy),20,86.9,108.8,6419,21,0,0.0,0,3.5
CUST-108597,68.5,Medium Risk (Warning),25,69.3,96.4,134,14,1,21.1,0,3.5
CUST-108598,73.9,Low Risk (Healthy),20,87.6,67.7,1286,37,0,0.0,0,3.5
CUST-108599,70.7,Low Risk (Healthy),23,67.3,42.2,114,10,2,17.0,0,5.0
CUST-108600,41.9,High Risk (Critical),8,34.1,19.7,46,11,0,0.0,0,3.5
CUST-108601,5.0,High Risk (Critical),8,12.8,18.8,40,44,2,66.1,1,1.0
CUST-108602,25.7,High Risk (Critical),10,39.3,18.1,125,23,1,27.1,1,3.0
CUST-108603,63.1,Medium Risk (Warning),18,60.4,53.2,58,28,0,0.0,0,3.5
CUST-108604,52.6,Medium Risk (Warning),14,43.0,15.6,134,28,0,0.0,0,3.5
CUST-108605,23.2,High Risk (Critical),2,41.4,18.7,114,15,1,46.9,0,3.0
CUST-108606,67.4,Medium Risk (Warning),20,65.7,95.8,65,27,0,0.0,0,3.5
CUST-108607,85.8,Low Risk (Healthy),25,92.9,83.4,128,27,1,11.0,0,5.0
CUST-108608,37.0,High Risk (Critical),6,26.5,18.3,113,13,0,0.0,0,3.5
CUST-108609,12.3,High Risk (Critical),3,35.0,6.0,38,5,3,65.9,0,3.0
CUST-108610,14.1,High Risk (Critical),8,34.7,9.4,36,26,3,69.9,1,3.0
CUST-108611,70.1,Low Risk (Healthy),17,77.0,98.7,54,8,1,13.6,0,5.0
CUST-108612,75.7,Low Risk (Healthy),26,66.7,38.5,41,29,0,0.0,0,3.5
CUST-108613,22.5,High Risk (Critical),3,35.5,15.4,41,15,1,49.4,0,3.0
CUST-108614,5.0,High Risk (Critical),1,20.6,12.5,112,10,2,68.6,0,1.0
CUST-108615,35.2,High Risk (Critical),6,20.6,11.7,78,7,0,0.0,0,3.5
CUST-108616,73.2,Low Risk (Healthy),20,72.5,51.2,137,33,1,10.0,0,5.0
CUST-108617,33.0,High Risk (Critical),10,39.2,21.2,74,39,1,49.0,0,3.0
CUST-108618,77.8,Low Risk (Healthy),25,80.5,67.2,69,39,2,13.2,0,5.0
CUST-108619,20.8,High Risk (Critical),6,37.6,14.7,10,12,2,67.9,0,3.0
CUST-108620,64.7,Medium Risk (Warning),15,79.0,89.8,5208,34,0,0.0,0,3.5
CUST-108621,5.3,High Risk (Critical),7,12.2,11.7,31,2,3,61.3,0,2.0
CUST-108622,5.7,High Risk (Critical),4,44.6,14.5,1,23,4,33.3,1,2.0
CUST-108623,75.2,Low Risk (Healthy),20,91.7,99.6,132,37,0,0.0,0,3.5
CUST-108624,70.0,Low Risk (Healthy),22,65.7,40.0,103,42,0,0.0,0,3.5
CUST-108625,62.3,Medium Risk (Warning),26,50.6,26.3,1288,43,2,4.7,0,3.5
CUST-108626,32.5,High Risk (Critical),4,20.4,12.8,38,15,0,0.0,0,3.5
CUST-108627,14.0,High Risk (Critical),7,27.9,19.8,64,10,1,46.0,0,1.0
CUST-108628,75.1,Low Risk (Healthy),23,78.0,85.6,6676,33,0,0.0,0,3.5
CUST-108629,79.5,Low Risk (Healthy),26,79.6,93.6,3088,21,0,0.0,0,3.5
CUST-108630,68.2,Medium Risk (Warning),16,86.3,45.9,3396,41,0,0.0,0,3.5
CUST-108631,77.1,Low Risk (Healthy),19,92.5,82.4,91,16,1,15.6,0,5.0
CUST-108632,6.4,High Risk (Critical),10,20.3,20.6,33,5,4,21.8,1,2.0
CUST-108633,11.4,High Risk (Critical),4,43.5,15.1,51,16,2,57.3,1,3.0
CUST-108634,62.6,Medium Risk (Warning),15,89.6,29.5,109,12,2,2.1,0,4.0
CUST-108635,21.0,High Risk (Critical),9,43.1,16.8,59,19,2,31.8,1,3.0
CUST-108636,6.1,High Risk (Critical),10,38.8,6.2,70,12,4,70.6,0,1.0
CUST-108637,73.6,Low Risk (Healthy),24,68.7,108.9,1524,39,0,0.0,0,3.5
CUST-108638,75.7,Low Risk (Healthy),26,66.8,95.0,5510,4,0,0.0,0,3.5
CUST-108639,5.0,High Risk (Critical),5,12.5,5.7,48,30,3,66.4,0,2.0
CUST-108640,24.3,High Risk (Critical),13,34.9,21.8,113,12,4,44.0,0,3.0
CUST-108641,79.4,Low Risk (Healthy),24,88.0,61.6,126,12,0,0.0,0,3.5
CUST-108642,63.7,Medium Risk (Warning),16,57.9,88.7,122,16,1,7.7,0,5.0
CUST-108643,84.7,Low Risk (Healthy),28,77.3,69.5,25,20,1,14.8,0,5.0
CUST-108644,26.9,High Risk (Critical),12,40.8,9.7,79,32,2,42.4,0,2.0
CUST-108645,88.0,Low Risk (Healthy),29,94.3,72.0,142,32,0,0.0,0,3.5
CUST-108646,62.2,Medium Risk (Warning),19,53.0,64.7,69,25,0,0.0,0,3.5
CUST-108647,72.4,Low Risk (Healthy),24,57.8,59.8,118,1,1,23.7,0,5.0
CUST-108648,30.3,High Risk (Critical),12,27.9,7.9,14,23,1,16.8,0,2.0
CUST-108649,53.5,Medium Risk (Warning),19,57.3,50.6,86,39,2,15.9,0,3.5
CUST-108650,82.0,Low Risk (Healthy),27,90.0,60.3,29,5,1,7.9,0,4.0
CUST-108651,47.0,Medium Risk (Warning),17,73.1,59.5,145,35,5,12.9,0,4.0
CUST-108652,23.3,High Risk (Critical),12,43.6,20.4,127,14,3,45.9,0,2.0
CUST-108653,79.1,Low Risk (Healthy),20,93.9,75.8,1895,21,1,13.8,0,5.0
CUST-108654,60.6,Medium Risk (Warning),16,52.2,73.1,133,29,1,18.9,0,5.0
CUST-108655,70.5,Low Risk (Healthy),16,87.0,53.3,43,40,1,23.4,0,5.0
CUST-108656,5.8,High Risk (Critical),14,16.5,9.3,1,0,4,62.3,0,1.0
CUST-108657,52.9,Medium Risk (Warning),16,69.0,104.6,79,16,2,16.7,0,3.5
CUST-108658,74.5,Low Risk (Healthy),29,56.3,54.4,82,7,1,8.3,0,4.0
CUST-108659,80.2,Low Risk (Healthy),25,86.3,51.3,125,14,0,0.0,0,3.5
CUST-108660,77.9,Low Risk (Healthy),29,63.5,107.0,4,15,2,14.8,0,5.0
CUST-108661,12.0,High Risk (Critical),9,22.4,4.1,116,32,4,21.6,0,2.0
CUST-108662,62.3,Medium Risk (Warning),16,88.2,86.5,3460,44,2,11.9,0,4.0
CUST-108663,5.0,High Risk (Critical),3,11.7,18.6,146,31,1,36.1,0,1.0
CUST-108664,63.9,Medium Risk (Warning),21,55.9,63.4,12,10,1,6.7,0,4.0
CUST-108665,73.5,Low Risk (Healthy),17,92.0,85.5,95,41,1,22.5,0,5.0
CUST-108666,47.2,Medium Risk (Warning),11,38.6,17.0,82,21,0,0.0,0,3.5
CUST-108667,44.8,High Risk (Critical),13,21.5,19.4,144,41,0,0.0,0,3.5
CUST-108668,66.3,Medium Risk (Warning),19,51.1,109.5,39,1,1,2.7,0,5.0
CUST-108669,5.0,High Risk (Critical),6,10.8,10.1,144,34,1,71.9,1,1.0
CUST-108670,34.3,High Risk (Critical),1,40.0,15.8,32,21,0,0.0,0,3.5
CUST-108671,76.9,Low Risk (Healthy),26,70.9,53.8,95,41,0,0.0,0,3.5
CUST-108672,16.5,High Risk (Critical),7,30.5,17.8,113,6,3,63.8,0,3.0
CUST-108673,12.8,High Risk (Critical),3,30.9,21.6,105,0,1,67.8,0,2.0
CUST-108674,53.0,Medium Risk (Warning),16,52.7,35.1,81,13,1,9.1,0,3.5
CUST-108675,5.0,High Risk (Critical),2,12.1,7.2,9,19,3,21.1,0,2.0
CUST-108676,12.5,High Risk (Critical),5,30.3,6.7,58,42,2,26.4,1,3.0
CUST-108677,15.8,High Risk (Critical),10,27.0,13.8,29,1,1,29.4,1,2.0
CUST-108678,76.4,Low Risk (Healthy),23,82.6,76.7,73,6,0,0.0,0,3.5
CUST-108679,7.8,High Risk (Critical),10,28.4,21.3,42,13,1,48.5,1,1.0
CUST-108680,13.1,High Risk (Critical),13,27.5,20.6,100,45,1,35.8,1,1.0
CUST-108681,21.5,High Risk (Critical),8,28.0,16.4,118,13,2,60.8,0,3.0
CUST-108682,72.3,Low Risk (Healthy),18,79.5,43.1,2155,39,1,12.5,0,5.0
CUST-108683,30.9,High Risk (Critical),12,32.5,10.9,53,41,2,38.9,0,3.0
CUST-108684,12.9,High Risk (Critical),7,28.8,12.4,45,40,3,40.3,0,2.0
CUST-108685,71.0,Low Risk (Healthy),27,77.3,75.1,110,9,2,9.9,0,3.5
CUST-108686,5.0,High Risk (Critical),5,13.0,20.9,83,22,3,68.4,1,3.0
CUST-108687,74.9,Low Risk (Healthy),27,83.1,109.1,1527,10,2,16.0,0,4.0
CUST-108688,42.1,High Risk (Critical),9,30.2,4.3,110,42,0,0.0,0,3.5
CUST-108689,54.2,Medium Risk (Warning),16,70.4,31.0,129,17,3,2.2,0,4.0
CUST-108690,15.0,High Risk (Critical),3,39.0,11.0,88,31,1,22.0,0,1.0
CUST-108691,5.0,High Risk (Critical),1,17.0,9.4,54,5,3,61.2,0,2.0
CUST-108692,25.5,High Risk (Critical),9,24.5,13.2,139,41,1,15.2,0,2.0
CUST-108693,76.5,Low Risk (Healthy),21,91.8,102.6,5335,18,0,0.0,0,3.5
CUST-108694,68.0,Medium Risk (Warning),15,83.0,32.5,65,23,1,23.3,0,5.0
CUST-108695,7.0,High Risk (Critical),5,29.8,14.2,132,3,2,53.1,0,1.0
CUST-108696,20.7,High Risk (Critical),4,32.2,19.3,96,14,1,66.7,0,3.0
CUST-108697,5.0,High Risk (Critical),1,38.1,11.3,132,23,5,28.6,0,2.0
CUST-108698,25.6,High Risk (Critical),7,17.7,14.7,105,9,1,24.1,0,3.0
CUST-108699,5.0,High Risk (Critical),9,19.3,5.7,116,36,1,54.4,1,1.0
CUST-108700,65.6,Medium Risk (Warning),16,83.2,37.2,34,27,1,5.9,0,4.0
CUST-108701,5.0,High Risk (Critical),2,17.8,7.5,4,13,2,25.2,1,1.0
CUST-108702,85.3,Low Risk (Healthy),29,91.2,87.9,1845,27,2,22.0,0,5.0
CUST-108703,46.9,Medium Risk (Warning),10,42.0,5.7,105,35,0,0.0,0,3.5
CUST-108704,10.1,High Risk (Critical),5,17.3,4.2,10,6,1,45.7,1,3.0
CUST-108705,69.5,Medium Risk (Warning),18,81.5,63.7,55,15,0,0.0,0,3.5
CUST-108706,67.3,Medium Risk (Warning),27,56.7,63.2,41,12,1,21.4,0,3.5
CUST-108707,70.8,Low Risk (Healthy),25,54.9,106.8,76,13,0,0.0,0,3.5
CUST-108708,10.0,High Risk (Critical),4,36.7,19.3,91,2,2,34.9,0,1.0
CUST-108709,21.2,High Risk (Critical),12,21.8,18.8,127,0,1,42.7,1,3.0
CUST-108710,66.7,Medium Risk (Warning),20,63.3,81.5,39,25,0,0.0,0,3.5
CUST-108711,65.7,Medium Risk (Warning),19,64.7,60.7,86,39,0,0.0,0,3.5
CUST-108712,20.8,High Risk (Critical),8,42.9,16.7,43,27,1,38.1,0,1.0
CUST-108713,28.9,High Risk (Critical),3,13.1,11.4,127,27,0,0.0,0,3.5
CUST-108714,29.5,High Risk (Critical),14,40.0,12.5,93,21,2,41.5,0,2.0
CUST-108715,43.0,High Risk (Critical),13,15.6,4.3,136,17,0,0.0,0,3.5
CUST-108716,77.1,Low Risk (Healthy),28,62.6,49.0,2107,43,0,0.0,0,3.5
CUST-108717,37.6,High Risk (Critical),3,42.0,14.2,120,12,0,0.0,0,3.5
CUST-108718,14.2,High Risk (Critical),8,35.0,4.6,58,21,2,40.1,0,1.0
CUST-108719,72.4,Low Risk (Healthy),23,57.8,37.1,1706,0,1,12.6,0,5.0
CUST-108720,76.1,Low Risk (Healthy),25,72.7,70.8,118,24,0,0.0,0,3.5
CUST-108721,5.0,High Risk (Critical),2,22.7,15.7,112,8,3,19.4,0,1.0
CUST-108722,42.1,High Risk (Critical),6,43.8,21.5,114,38,0,0.0,0,3.5
CUST-108723,60.2,Medium Risk (Warning),18,50.7,86.5,16,31,0,0.0,0,3.5
CUST-108724,5.0,High Risk (Critical),2,32.9,16.6,33,28,3,41.1,1,2.0
CUST-108725,8.3,High Risk (Critical),3,34.5,14.1,49,41,3,16.2,1,3.0
CUST-108726,5.0,High Risk (Critical),10,27.1,21.2,101,16,5,16.8,1,1.0
CUST-108727,73.7,Low Risk (Healthy),22,66.4,52.3,2092,16,1,12.8,0,5.0
CUST-108728,5.8,High Risk (Critical),9,11.0,9.3,117,8,3,28.0,0,1.0
CUST-108729,65.1,Medium Risk (Warning),19,62.7,99.3,136,18,0,0.0,0,3.5
CUST-108730,24.9,High Risk (Critical),14,30.3,5.4,97,23,1,54.5,1,3.0
CUST-108731,37.1,High Risk (Critical),6,27.0,18.6,6,11,0,0.0,0,3.5
CUST-108732,58.8,Medium Risk (Warning),22,60.2,83.3,916,23,2,13.1,0,3.5
CUST-108733,38.0,High Risk (Critical),6,29.9,13.1,7,19,0,0.0,0,3.5
CUST-108734,5.0,High Risk (Critical),5,23.9,11.8,5,21,2,55.4,1,1.0
CUST-108735,43.2,High Risk (Critical),8,38.4,8.5,88,16,0,0.0,0,3.5
CUST-108736,59.1,Medium Risk (Warning),22,67.8,44.0,1496,11,3,20.5,0,4.0
CUST-108737,9.2,High Risk (Critical),2,20.7,5.3,20,30,1,29.7,1,3.0
CUST-108738,5.0,High Risk (Critical),2,24.1,5.0,139,33,3,41.9,1,3.0
CUST-108739,66.9,Medium Risk (Warning),15,86.2,81.7,97,19,0,0.0,0,3.5
CUST-108740,25.6,High Risk (Critical),8,11.4,5.5,125,5,1,19.8,0,3.0
CUST-108741,5.0,High Risk (Critical),4,25.1,15.3,31,13,4,51.6,0,1.0
CUST-108742,86.9,Low Risk (Healthy),29,90.7,59.4,5,17,0,0.0,0,3.5
CUST-108743,61.1,Medium Risk (Warning),23,54.5,62.4,66,0,1,23.7,0,3.5
CUST-108744,32.5,High Risk (Critical),1,33.8,21.4,98,24,0,0.0,0,3.5
CUST-108745,17.2,High Risk (Critical),5,37.6,13.5,9,19,1,70.2,0,2.0
CUST-108746,17.8,High Risk (Critical),7,16.2,11.3,131,16,1,35.4,0,2.0
CUST-108747,17.7,High Risk (Critical),3,42.9,16.4,43,2,1,57.2,0,2.0
CUST-108748,5.3,High Risk (Critical),7,10.7,19.9,33,6,2,41.9,0,1.0
CUST-108749,33.2,High Risk (Critical),14,29.2,4.6,120,10,2,33.9,0,3.0
CUST-108750,69.1,Medium Risk (Warning),16,89.3,90.3,107,5,0,0.0,0,3.5
CUST-108751,5.0,High Risk (Critical),3,22.2,16.3,92,29,1,71.3,0,1.0
CUST-108752,11.9,High Risk (Critical),5,15.8,13.6,100,16,1,59.9,0,2.0
CUST-108753,13.3,High Risk (Critical),2,16.3,13.1,62,23,1,18.1,0,2.0
CUST-108754,5.0,High Risk (Critical),5,26.1,15.8,31,13,3,24.0,1,2.0
CUST-108755,11.2,High Risk (Critical),6,24.6,4.9,103,12,1,17.2,1,2.0
CUST-108756,79.6,Low Risk (Healthy),24,88.6,59.5,2380,19,0,0.0,0,3.5
CUST-108757,84.3,Low Risk (Healthy),24,91.4,26.1,1174,9,1,9.1,0,5.0
CUST-108758,76.9,Low Risk (Healthy),27,76.0,44.0,26,43,1,15.5,0,4.0
CUST-108759,74.4,Low Risk (Healthy),27,58.0,95.1,88,19,0,0.0,0,3.5
CUST-108760,65.8,Medium Risk (Warning),19,92.2,25.2,856,22,4,9.7,0,5.0
CUST-108761,5.7,High Risk (Critical),4,12.0,6.7,143,10,3,26.0,0,2.0
CUST-108762,56.3,Medium Risk (Warning),16,94.2,63.3,107,23,3,18.0,0,3.5
CUST-108763,84.1,Low Risk (Healthy),25,89.8,41.9,3016,39,1,17.2,0,5.0
CUST-108764,5.0,High Risk (Critical),1,10.6,10.9,62,25,3,25.9,1,2.0
CUST-108765,35.7,High Risk (Critical),5,26.9,20.0,124,22,0,0.0,0,3.5
CUST-108766,19.5,High Risk (Critical),6,43.4,4.2,124,8,1,44.0,1,3.0
CUST-108767,79.3,Low Risk (Healthy),26,91.1,98.8,5928,24,1,21.8,0,4.0
CUST-108768,54.7,Medium Risk (Warning),21,53.6,109.6,93,5,2,18.8,0,3.5
CUST-108769,73.8,Low Risk (Healthy),23,73.9,105.9,96,1,0,0.0,0,3.5
CUST-108770,12.3,High Risk (Critical),8,38.0,6.2,34,23,1,13.9,1,1.0
CUST-108771,5.0,High Risk (Critical),4,31.8,16.2,125,6,1,70.8,1,1.0
CUST-108772,21.1,High Risk (Critical),12,22.3,17.2,148,9,2,44.6,0,2.0
CUST-108773,55.6,Medium Risk (Warning),15,68.3,51.6,139,37,2,7.2,0,4.0
CUST-108774,64.6,Medium Risk (Warning),19,69.9,55.3,2930,13,1,13.5,0,4.0
CUST-108775,75.9,Low Risk (Healthy),20,94.0,104.4,91,5,0,0.0,0,3.5
CUST-108776,61.8,Medium Risk (Warning),19,58.3,54.6,1747,39,1,8.5,0,4.0
CUST-108777,66.4,Medium Risk (Warning),22,53.7,101.9,7031,21,0,0.0,0,3.5
CUST-108778,70.4,Low Risk (Healthy),19,80.1,87.9,111,4,0,0.0,0,3.5
CUST-108779,63.2,Medium Risk (Warning),15,73.9,50.4,3628,10,0,0.0,0,3.5
CUST-108780,78.5,Low Risk (Healthy),22,94.0,63.5,87,26,0,0.0,0,3.5
CUST-108781,5.0,High Risk (Critical),7,16.3,12.3,150,9,2,40.9,1,1.0
CUST-108782,19.2,High Risk (Critical),8,34.0,16.9,4,45,3,13.2,0,2.0
CUST-108783,15.0,High Risk (Critical),4,39.5,11.2,26,23,3,65.6,0,3.0
CUST-108784,8.6,High Risk (Critical),6,36.4,20.9,86,16,1,66.5,1,2.0
CUST-108785,8.1,High Risk (Critical),3,19.9,5.1,15,41,1,30.6,0,1.0
CUST-108786,81.4,Low Risk (Healthy),27,81.3,89.2,121,31,0,0.0,0,3.5
CUST-108787,5.0,High Risk (Critical),2,40.4,18.0,88,39,4,46.0,0,2.0
CUST-108788,9.2,High Risk (Critical),6,26.6,11.2,90,25,2,54.2,1,3.0
CUST-108789,38.5,High Risk (Critical),10,13.8,17.1,101,40,0,0.0,0,3.5
CUST-108790,82.7,Low Risk (Healthy),29,76.9,60.6,4060,9,0,0.0,0,3.5
CUST-108791,8.9,High Risk (Critical),1,27.0,11.8,86,16,2,36.1,0,2.0
CUST-108792,57.6,Medium Risk (Warning),16,50.8,81.1,5271,37,0,0.0,0,3.5
CUST-108793,5.0,High Risk (Critical),8,14.9,8.1,71,20,6,30.1,1,1.0
CUST-108794,8.2,High Risk (Critical),4,21.9,6.8,98,5,2,29.6,1,3.0
CUST-108795,17.8,High Risk (Critical),12,11.3,8.2,106,5,3,12.4,0,2.0
CUST-108796,64.7,Medium Risk (Warning),18,55.6,57.2,33,7,1,16.2,0,5.0
CUST-108797,38.4,High Risk (Critical),7,26.8,12.7,100,35,0,0.0,0,3.5
CUST-108798,74.8,Low Risk (Healthy),29,50.5,78.3,85,35,0,0.0,0,3.5
CUST-108799,7.4,High Risk (Critical),5,35.2,18.7,68,31,1,14.8,1,1.0
CUST-108800,5.0,High Risk (Critical),4,36.4,16.9,11,30,5,21.4,1,2.0
CUST-108801,8.5,High Risk (Critical),10,18.0,18.7,106,30,3,33.6,0,1.0
CUST-108802,12.2,High Risk (Critical),4,25.9,19.9,9,17,2,39.2,0,2.0
CUST-108803,22.0,High Risk (Critical),11,32.3,18.9,96,8,1,50.5,1,3.0
CUST-108804,5.0,High Risk (Critical),2,23.3,21.3,84,16,2,21.9,0,1.0
CUST-108805,71.9,Low Risk (Healthy),21,89.4,97.5,105,37,1,23.3,0,4.0
CUST-108806,32.8,High Risk (Critical),1,34.9,17.8,101,7,0,0.0,0,3.5
CUST-108807,58.8,Medium Risk (Warning),15,59.3,82.4,107,11,0,0.0,0,3.5
CUST-108808,5.0,High Risk (Critical),1,21.5,17.5,31,26,5,41.3,0,3.0
CUST-108809,80.7,Low Risk (Healthy),28,65.3,42.2,100,29,1,17.9,0,5.0
CUST-108810,12.6,High Risk (Critical),11,36.5,18.8,150,0,3,55.2,1,2.0
CUST-108811,76.0,Low Risk (Healthy),20,84.6,58.6,146,28,1,16.0,0,5.0
CUST-108812,13.4,High Risk (Critical),6,44.4,10.4,127,37,3,15.2,0,1.0
CUST-108813,67.2,Medium Risk (Warning),25,54.7,95.1,5610,34,1,20.1,0,4.0
CUST-108814,62.8,Medium Risk (Warning),17,77.9,44.2,10,33,1,2.0,0,3.5
CUST-108815,83.5,Low Risk (Healthy),27,88.2,89.4,2413,4,0,0.0,0,3.5
CUST-108816,69.4,Medium Risk (Warning),20,59.9,77.3,17,2,1,9.9,0,5.0
CUST-108817,79.0,Low Risk (Healthy),25,82.2,56.8,4089,11,0,0.0,0,3.5
CUST-108818,12.0,High Risk (Critical),12,38.2,13.9,9,3,1,60.0,1,1.0
CUST-108819,9.3,High Risk (Critical),2,36.3,5.9,86,45,1,50.4,0,1.0
CUST-108820,62.5,Medium Risk (Warning),23,69.8,100.7,6545,30,2,17.2,0,3.5
CUST-108821,17.7,High Risk (Critical),10,41.5,20.2,42,17,3,16.7,0,1.0
CUST-108822,68.7,Medium Risk (Warning),19,79.4,57.3,2120,0,1,3.4,0,4.0
CUST-108823,77.3,Low Risk (Healthy),21,94.3,66.6,1332,5,0,0.0,0,3.5
CUST-108824,60.0,Medium Risk (Warning),15,63.4,101.9,115,32,0,0.0,0,3.5
CUST-108825,5.0,High Risk (Critical),11,16.1,15.0,94,20,1,55.8,1,1.0
CUST-108826,14.9,High Risk (Critical),13,27.6,11.5,37,21,2,69.6,0,1.0
CUST-108827,27.7,High Risk (Critical),8,40.8,16.2,131,35,1,25.9,0,2.0
CUST-108828,61.6,Medium Risk (Warning),17,59.8,67.9,95,16,0,0.0,0,3.5
CUST-108829,27.9,High Risk (Critical),1,18.4,20.8,47,10,0,0.0,0,3.5
CUST-108830,41.0,High Risk (Critical),6,40.1,7.5,144,1,0,0.0,0,3.5
CUST-108831,68.2,Medium Risk (Warning),16,86.1,81.7,3431,8,0,0.0,0,3.5
CUST-108832,69.2,Medium Risk (Warning),17,85.2,72.7,1962,35,0,0.0,0,3.5
CUST-108833,30.6,High Risk (Critical),3,18.7,14.6,104,38,0,0.0,0,3.5
CUST-108834,5.0,High Risk (Critical),4,33.7,16.4,29,42,1,54.8,1,1.0
CUST-108835,64.9,Medium Risk (Warning),28,54.4,57.6,29,44,2,14.1,0,3.5
CUST-108836,13.3,High Risk (Critical),3,38.5,11.7,60,27,1,34.1,0,1.0
CUST-108837,72.2,Low Risk (Healthy),19,87.7,78.7,78,41,2,11.3,0,5.0
CUST-108838,89.7,Low Risk (Healthy),28,90.2,43.1,78,1,1,5.9,0,5.0
CUST-108839,74.8,Low Risk (Healthy),25,68.3,64.8,2721,2,0,0.0,0,3.5
CUST-108840,5.0,High Risk (Critical),1,34.6,8.7,51,3,3,59.4,1,2.0
CUST-108841,72.0,Low Risk (Healthy),19,85.4,91.8,1009,26,0,0.0,0,3.5
CUST-108842,13.1,High Risk (Critical),2,27.7,8.1,37,23,1,47.1,0,2.0
CUST-108843,5.0,High Risk (Critical),1,35.7,7.7,38,28,2,38.8,1,2.0
CUST-108844,81.0,Low Risk (Healthy),24,93.4,37.0,78,35,0,0.0,0,3.5
CUST-108845,31.8,High Risk (Critical),4,18.1,16.7,102,10,0,0.0,0,3.5
CUST-108846,58.2,Medium Risk (Warning),16,52.9,51.4,78,44,0,0.0,0,3.5
CUST-108847,5.0,High Risk (Critical),5,23.3,15.4,13,5,3,24.8,1,2.0
CUST-108848,24.2,High Risk (Critical),14,14.3,6.4,119,10,1,53.9,0,2.0
CUST-108849,16.7,High Risk (Critical),2,26.7,19.7,18,33,1,16.2,0,2.0
CUST-108850,25.3,High Risk (Critical),8,42.1,8.8,91,6,1,16.0,1,3.0
CUST-108851,19.3,High Risk (Critical),11,38.9,13.9,62,7,2,64.4,1,3.0
CUST-108852,5.0,High Risk (Critical),2,36.5,11.6,64,45,4,33.3,0,1.0
CUST-108853,80.9,Low Risk (Healthy),24,80.4,33.3,2464,28,1,10.0,0,5.0
CUST-108854,25.8,High Risk (Critical),11,32.7,19.2,84,34,2,69.7,0,3.0
CUST-108855,19.2,High Risk (Critical),5,13.4,5.1,61,11,1,43.8,0,3.0
CUST-108856,63.8,Medium Risk (Warning),15,76.0,41.2,865,16,0,0.0,0,3.5
CUST-108857,5.0,High Risk (Critical),4,36.6,9.4,88,42,4,32.6,1,2.0
CUST-108858,64.1,Medium Risk (Warning),26,50.2,86.1,87,42,2,12.9,0,4.0
CUST-108859,5.0,High Risk (Critical),4,20.4,7.6,114,38,3,32.7,0,1.0
CUST-108860,22.1,High Risk (Critical),14,16.1,12.7,141,39,2,43.0,0,2.0
CUST-108861,5.0,High Risk (Critical),5,27.8,12.2,125,29,3,52.8,1,1.0
CUST-108862,62.8,Medium Risk (Warning),20,53.7,89.8,62,21,2,15.6,0,5.0
CUST-108863,8.1,High Risk (Critical),7,30.5,10.3,141,32,1,66.9,1,2.0
CUST-108864,30.0,High Risk (Critical),12,22.5,18.1,130,6,2,22.3,0,3.0
CUST-108865,22.9,High Risk (Critical),12,40.6,14.6,76,28,1,26.4,1,2.0
CUST-108866,5.0,High Risk (Critical),4,11.3,14.4,37,20,2,18.2,1,2.0
CUST-108867,5.0,High Risk (Critical),4,14.0,14.8,48,18,4,40.2,1,2.0
CUST-108868,8.7,High Risk (Critical),12,33.3,16.3,149,37,2,42.4,1,1.0
CUST-108869,64.0,Medium Risk (Warning),20,65.8,84.4,1266,17,1,19.3,0,4.0
CUST-108870,18.3,High Risk (Critical),5,24.0,17.1,59,12,3,12.3,0,3.0
CUST-108871,67.2,Medium Risk (Warning),21,60.7,40.8,95,27,0,0.0,0,3.5
CUST-108872,43.1,High Risk (Critical),10,29.3,6.8,141,15,0,0.0,0,3.5
CUST-108873,67.3,Medium Risk (Warning),22,56.6,82.7,3,40,0,0.0,0,3.5
CUST-108874,41.0,High Risk (Critical),12,13.3,11.9,93,31,0,0.0,0,3.5
CUST-108875,70.4,Low Risk (Healthy),21,61.4,28.0,50,17,1,15.9,0,5.0
CUST-108876,68.1,Medium Risk (Warning),21,62.3,105.0,101,3,2,4.4,0,5.0
CUST-108877,27.0,High Risk (Critical),12,35.1,7.6,97,16,4,12.3,0,3.0
CUST-108878,72.0,Low Risk (Healthy),26,60.8,66.3,2519,31,2,22.9,0,5.0
CUST-108879,16.6,High Risk (Critical),3,42.3,9.9,33,32,1,64.5,0,2.0
CUST-108880,6.4,High Risk (Critical),1,30.6,19.2,80,37,1,49.3,0,1.0
CUST-108881,51.2,Medium Risk (Warning),13,42.9,9.1,77,5,0,0.0,0,3.5
CUST-108882,5.0,High Risk (Critical),1,17.4,9.5,67,14,2,63.0,0,2.0
CUST-108883,32.7,High Risk (Critical),10,42.8,19.8,85,9,1,59.9,0,3.0
CUST-108884,18.8,High Risk (Critical),5,36.3,17.6,138,31,3,38.3,0,3.0
CUST-108885,16.2,High Risk (Critical),7,10.1,16.2,81,30,3,17.0,0,3.0
CUST-108886,22.9,High Risk (Critical),11,27.4,19.3,147,21,2,32.2,0,2.0
CUST-108887,84.1,Low Risk (Healthy),25,86.1,53.4,103,18,1,8.3,0,5.0
CUST-108888,78.7,Low Risk (Healthy),24,72.7,90.3,6682,44,1,9.2,0,5.0
CUST-108889,71.2,Low Risk (Healthy),23,88.3,102.1,14,1,1,23.7,0,3.5
CUST-108890,41.4,High Risk (Critical),10,23.4,14.0,43,32,0,0.0,0,3.5
CUST-108891,65.5,Medium Risk (Warning),16,63.9,40.9,2535,13,1,8.1,0,5.0
CUST-108892,71.0,Low Risk (Healthy),23,72.2,58.4,148,5,1,10.6,0,4.0
CUST-108893,5.0,High Risk (Critical),5,20.0,6.3,9,15,2,28.5,1,1.0
CUST-108894,33.2,High Risk (Critical),4,22.9,8.8,40,4,0,0.0,0,3.5
CUST-108895,72.6,Low Risk (Healthy),28,52.7,65.1,100,4,2,20.4,0,5.0
CUST-108896,41.8,High Risk (Critical),11,20.3,9.5,92,45,0,0.0,0,3.5
CUST-108897,66.0,Medium Risk (Warning),17,63.7,95.6,6787,20,1,14.6,0,5.0
CUST-108898,82.2,Low Risk (Healthy),27,84.0,109.3,5246,6,0,0.0,0,3.5
CUST-108899,74.2,Low Risk (Healthy),26,85.1,76.5,4284,18,2,15.6,0,4.0
CUST-108900,5.0,High Risk (Critical),1,41.7,16.1,33,10,3,54.2,0,1.0
CUST-108901,22.9,High Risk (Critical),4,39.2,21.5,17,13,1,17.6,0,2.0
CUST-108902,5.0,High Risk (Critical),3,13.1,19.7,72,32,2,31.0,0,1.0
CUST-108903,33.6,High Risk (Critical),6,15.5,18.0,10,21,0,0.0,0,3.5
CUST-108904,74.4,Low Risk (Healthy),19,93.4,32.4,120,45,0,0.0,0,3.5
CUST-108905,11.7,High Risk (Critical),9,42.2,11.2,111,42,3,49.4,1,2.0
CUST-108906,5.0,High Risk (Critical),1,23.0,10.0,148,13,1,37.6,1,2.0
CUST-108907,62.9,Medium Risk (Warning),20,62.2,80.8,5171,43,1,19.2,0,4.0
CUST-108908,8.4,High Risk (Critical),12,17.6,9.1,34,13,3,23.4,1,2.0
CUST-108909,46.3,Medium Risk (Warning),11,35.3,16.6,77,44,0,0.0,0,3.5
CUST-108910,8.2,High Risk (Critical),14,20.3,21.5,76,36,4,52.3,0,1.0
CUST-108911,65.6,Medium Risk (Warning),16,91.9,65.1,976,21,1,2.2,0,3.5
CUST-108912,46.2,Medium Risk (Warning),14,21.9,10.8,103,28,0,0.0,0,3.5
CUST-108913,27.2,High Risk (Critical),13,38.4,19.2,25,29,2,45.0,0,2.0
CUST-108914,77.1,Low Risk (Healthy),20,91.5,40.0,1960,17,1,24.0,0,5.0
CUST-108915,58.3,Medium Risk (Warning),15,57.8,51.5,70,5,0,0.0,0,3.5
CUST-108916,79.4,Low Risk (Healthy),24,76.2,74.9,4494,12,1,12.0,0,5.0
CUST-108917,9.1,High Risk (Critical),5,31.4,5.2,96,5,2,57.5,1,3.0
CUST-108918,14.2,High Risk (Critical),10,41.8,7.3,49,45,1,29.7,1,1.0
CUST-108919,72.7,Low Risk (Healthy),21,83.7,56.5,112,28,1,3.4,0,4.0
CUST-108920,6.1,High Risk (Critical),8,28.1,11.2,1,36,3,56.4,1,2.0
CUST-108921,14.2,High Risk (Critical),3,39.4,14.2,50,15,2,45.1,0,2.0
CUST-108922,33.1,High Risk (Critical),7,43.1,20.8,44,18,1,25.5,0,3.0
CUST-108923,32.5,High Risk (Critical),6,11.5,16.6,73,33,0,0.0,0,3.5
CUST-108924,79.4,Low Risk (Healthy),27,78.8,87.8,1668,8,1,2.1,0,4.0
CUST-108925,73.2,Low Risk (Healthy),25,62.8,69.5,3336,27,0,0.0,0,3.5
CUST-108926,58.7,Medium Risk (Warning),16,64.5,78.6,82,11,1,15.6,0,4.0
CUST-108927,27.7,High Risk (Critical),2,13.6,7.8,65,26,0,0.0,0,3.5
CUST-108928,14.2,High Risk (Critical),6,18.5,14.4,16,6,1,26.4,1,3.0
CUST-108929,7.8,High Risk (Critical),9,23.3,21.3,26,16,2,41.5,1,2.0
CUST-108930,65.6,Medium Risk (Warning),18,73.6,78.8,100,0,2,20.1,0,5.0
CUST-108931,5.0,High Risk (Critical),3,37.9,8.3,37,41,4,63.0,0,1.0
CUST-108932,62.5,Medium Risk (Warning),17,62.8,109.6,30,42,0,0.0,0,3.5
CUST-108933,69.0,Medium Risk (Warning),17,73.9,59.2,4321,11,1,14.4,0,5.0
CUST-108934,16.1,High Risk (Critical),7,17.9,12.3,141,11,1,20.8,1,3.0
CUST-108935,9.3,High Risk (Critical),3,36.1,10.0,7,21,1,60.1,0,1.0
CUST-108936,76.4,Low Risk (Healthy),26,69.1,62.6,68,29,0,0.0,0,3.5
CUST-108937,59.6,Medium Risk (Warning),19,62.8,92.9,137,35,2,4.7,0,4.0
CUST-108938,5.0,High Risk (Critical),8,25.4,20.8,72,26,1,65.3,1,1.0
CUST-108939,76.9,Low Risk (Healthy),25,75.3,49.7,150,3,0,0.0,0,3.5
CUST-108940,22.0,High Risk (Critical),12,10.5,14.3,99,6,1,41.3,0,2.0
CUST-108941,5.0,High Risk (Critical),2,10.1,18.0,148,37,1,53.8,1,3.0
CUST-108942,12.2,High Risk (Critical),3,41.2,21.8,83,6,1,49.5,0,1.0
CUST-108943,29.5,High Risk (Critical),13,41.7,14.5,55,0,1,67.1,0,2.0
CUST-108944,72.3,Low Risk (Healthy),20,82.0,107.5,76,20,0,0.0,0,3.5
CUST-108945,23.9,High Risk (Critical),9,30.7,13.2,81,4,2,58.4,0,3.0
CUST-108946,36.0,High Risk (Critical),9,10.1,14.9,106,36,0,0.0,0,3.5
CUST-108947,72.9,Low Risk (Healthy),22,75.3,103.2,51,28,0,0.0,0,3.5
CUST-108948,60.2,Medium Risk (Warning),17,55.1,42.9,41,0,0,0.0,0,3.5
CUST-108949,81.4,Low Risk (Healthy),25,90.2,48.4,3630,30,0,0.0,0,3.5
CUST-108950,50.8,Medium Risk (Warning),14,37.2,9.9,68,41,0,0.0,0,3.5
CUST-108951,80.3,Low Risk (Healthy),27,77.7,36.3,1270,16,0,0.0,0,3.5
CUST-108952,13.0,High Risk (Critical),7,35.7,18.5,141,25,3,26.7,1,3.0
CUST-108953,45.3,Medium Risk (Warning),9,41.1,21.1,49,5,0,0.0,0,3.5
CUST-108954,15.3,High Risk (Critical),14,12.2,10.3,138,44,2,68.6,1,3.0
CUST-108955,46.6,Medium Risk (Warning),10,41.0,9.5,91,16,0,0.0,0,3.5
CUST-108956,65.0,Medium Risk (Warning),27,55.5,63.2,112,20,2,5.3,0,3.5
CUST-108957,77.4,Low Risk (Healthy),24,67.8,33.3,139,36,1,7.3,0,5.0
CUST-108958,44.1,High Risk (Critical),10,32.7,18.8,109,32,0,0.0,0,3.5
CUST-108959,80.4,Low Risk (Healthy),24,91.4,50.0,43,2,0,0.0,0,3.5
CUST-108960,56.4,Medium Risk (Warning),15,51.2,27.6,95,28,0,0.0,0,3.5
CUST-108961,77.5,Low Risk (Healthy),22,76.0,61.2,4773,17,1,5.1,0,5.0
CUST-108962,20.6,High Risk (Critical),14,22.9,17.9,138,28,2,23.5,0,1.0
CUST-108963,12.8,High Risk (Critical),13,28.2,12.2,131,31,5,49.5,0,2.0
CUST-108964,8.8,High Risk (Critical),9,12.7,18.6,22,45,6,16.4,0,3.0
CUST-108965,81.0,Low Risk (Healthy),24,93.4,80.1,66,44,0,0.0,0,3.5
CUST-108966,5.0,High Risk (Critical),5,23.0,15.8,3,0,3,59.4,1,2.0
CUST-108967,76.0,Low Risk (Healthy),25,89.0,108.3,1083,1,1,8.5,0,3.5
CUST-108968,82.4,Low Risk (Healthy),23,87.6,105.5,5169,6,1,4.2,0,5.0
CUST-108969,82.7,Low Risk (Healthy),28,86.6,59.4,20,25,1,5.2,0,4.0
CUST-108970,23.8,High Risk (Critical),12,42.1,11.5,124,21,2,70.6,0,2.0
CUST-108971,5.0,High Risk (Critical),11,19.5,18.4,64,1,4,24.7,1,1.0
CUST-108972,72.6,Low Risk (Healthy),27,63.2,74.7,896,0,1,19.2,0,4.0
CUST-108973,8.0,High Risk (Critical),10,12.3,18.8,59,38,3,24.4,0,1.0
CUST-108974,39.1,High Risk (Critical),7,29.2,19.6,124,25,0,0.0,0,3.5
CUST-108975,77.5,Low Risk (Healthy),28,63.8,89.1,106,24,0,0.0,0,3.5
CUST-108976,9.6,High Risk (Critical),2,34.4,21.5,124,29,2,58.8,0,2.0
CUST-108977,5.0,High Risk (Critical),2,34.9,6.8,61,34,2,64.1,1,1.0
CUST-108978,66.3,Medium Risk (Warning),24,55.7,91.0,35,13,1,19.1,0,4.0
CUST-108979,7.7,High Risk (Critical),5,43.1,7.7,58,8,3,47.3,0,1.0
CUST-108980,15.5,High Risk (Critical),11,12.5,19.2,20,43,1,39.7,0,1.0
CUST-108981,54.8,Medium Risk (Warning),17,70.1,71.2,51,15,2,15.2,0,3.5
CUST-108982,70.5,Low Risk (Healthy),19,80.4,79.4,5955,35,0,0.0,0,3.5
CUST-108983,43.4,High Risk (Critical),8,39.0,18.0,93,5,0,0.0,0,3.5
CUST-108984,51.8,Medium Risk (Warning),18,53.8,59.8,1554,40,3,2.8,0,4.0
CUST-108985,14.1,High Risk (Critical),2,14.6,4.3,96,16,2,23.9,0,3.0
CUST-108986,67.8,Medium Risk (Warning),19,71.4,28.7,18,36,0,0.0,0,3.5
CUST-108987,5.0,High Risk (Critical),6,14.8,21.2,62,39,5,66.7,1,2.0
CUST-108988,60.7,Medium Risk (Warning),17,56.7,32.0,384,23,0,0.0,0,3.5
CUST-108989,72.1,Low Risk (Healthy),22,81.4,47.1,95,33,1,13.3,0,4.0
CUST-108990,11.8,High Risk (Critical),8,32.4,5.8,25,1,3,20.5,0,1.0
CUST-108991,21.4,High Risk (Critical),10,27.1,12.6,143,33,1,32.2,1,3.0
CUST-108992,12.3,High Risk (Critical),11,35.5,5.9,91,13,2,62.0,1,2.0
CUST-108993,37.2,High Risk (Critical),6,27.5,13.6,124,13,0,0.0,0,3.5
CUST-108994,71.3,Low Risk (Healthy),17,76.6,81.8,123,12,1,2.8,0,5.0
CUST-108995,65.7,Medium Risk (Warning),20,77.6,90.3,122,36,3,17.9,0,5.0
CUST-108996,58.2,Medium Risk (Warning),16,69.5,58.1,2033,14,1,8.0,0,3.5
CUST-108997,58.4,Medium Risk (Warning),15,69.7,58.4,147,11,1,20.0,0,4.0
CUST-108998,5.0,High Risk (Critical),1,17.4,10.9,107,44,1,25.5,1,2.0
CUST-108999,20.8,High Risk (Critical),4,37.0,22.0,90,35,3,12.8,0,3.0
CUST-109000,75.0,Low Risk (Healthy),17,89.0,66.2,17,18,1,2.9,0,5.0
CUST-109001,20.1,High Risk (Critical),13,31.1,14.5,76,33,3,52.5,0,2.0
CUST-109002,85.5,Low Risk (Healthy),27,88.2,75.5,5813,28,1,23.7,0,5.0
CUST-109003,72.0,Low Risk (Healthy),27,57.4,100.0,2600,31,1,9.8,0,4.0
CUST-109004,71.6,Low Risk (Healthy),23,66.5,27.8,361,12,0,0.0,0,3.5
CUST-109005,76.8,Low Risk (Healthy),27,93.9,45.0,51,3,2,2.6,0,3.5
CUST-109006,64.5,Medium Risk (Warning),20,74.6,56.8,1420,8,1,12.6,0,3.5
CUST-109007,84.5,Low Risk (Healthy),29,82.7,54.3,93,15,0,0.0,0,3.5
CUST-109008,42.2,High Risk (Critical),11,21.8,18.1,143,33,0,0.0,0,3.5
CUST-109009,76.3,Low Risk (Healthy),28,93.4,26.0,47,28,3,8.7,0,4.0
CUST-109010,14.3,High Risk (Critical),10,19.5,12.3,2,31,1,23.0,1,2.0
CUST-109011,70.2,Low Risk (Healthy),18,84.0,83.9,123,2,0,0.0,0,3.5
CUST-109012,11.1,High Risk (Critical),7,18.7,16.1,92,20,1,62.7,1,3.0
CUST-109013,5.0,High Risk (Critical),7,28.8,19.7,17,41,1,40.7,1,1.0
CUST-109014,6.3,High Risk (Critical),1,29.1,20.7,46,23,1,46.3,0,1.0
CUST-109015,42.4,High Risk (Critical),12,18.0,4.9,41,1,0,0.0,0,3.5
CUST-109016,33.1,High Risk (Critical),1,35.9,21.2,98,14,0,0.0,0,3.5
CUST-109017,16.3,High Risk (Critical),10,29.8,16.7,80,44,1,31.7,1,2.0
CUST-109018,5.0,High Risk (Critical),1,33.6,14.2,105,13,1,70.9,0,1.0
CUST-109019,67.2,Medium Risk (Warning),15,79.1,95.5,34,0,1,20.2,0,5.0
CUST-109020,5.0,High Risk (Critical),11,28.1,16.8,121,11,2,59.7,1,1.0
CUST-109021,70.4,Low Risk (Healthy),25,57.3,71.0,38,5,2,16.9,0,5.0
CUST-109022,44.0,High Risk (Critical),12,23.5,8.1,5,11,0,0.0,0,3.5
CUST-109023,27.6,High Risk (Critical),6,25.2,21.1,140,35,1,15.7,0,3.0
CUST-109024,9.4,High Risk (Critical),7,23.6,16.6,78,32,3,55.9,1,3.0
CUST-109025,70.1,Low Risk (Healthy),22,58.9,82.3,106,3,1,23.1,0,5.0
CUST-109026,27.9,High Risk (Critical),1,18.7,13.1,104,16,0,0.0,0,3.5
CUST-109027,8.5,High Risk (Critical),1,18.6,21.9,99,11,1,51.6,0,2.0
CUST-109028,29.5,High Risk (Critical),14,21.5,12.8,50,6,2,44.7,0,3.0
CUST-109029,66.6,Medium Risk (Warning),20,66.9,45.4,90,17,2,16.8,0,5.0
CUST-109030,83.0,Low Risk (Healthy),28,82.1,62.1,69,27,0,0.0,0,3.5
CUST-109031,51.6,Medium Risk (Warning),14,39.9,16.1,68,34,0,0.0,0,3.5
CUST-109032,14.1,High Risk (Critical),13,12.4,17.9,46,31,3,33.0,1,3.0
CUST-109033,5.1,High Risk (Critical),9,15.5,13.8,40,44,2,44.6,1,2.0
CUST-109034,75.4,Low Risk (Healthy),25,77.5,30.1,109,37,1,9.6,0,4.0
CUST-109035,80.2,Low Risk (Healthy),29,68.3,102.1,109,35,0,0.0,0,3.5
CUST-109036,25.5,High Risk (Critical),12,15.8,7.3,79,26,1,25.7,0,2.0
CUST-109037,11.0,High Risk (Critical),11,13.5,17.6,146,8,3,14.0,0,1.0
CUST-109038,31.9,High Risk (Critical),4,18.4,21.3,36,13,0,0.0,0,3.5
CUST-109039,62.9,Medium Risk (Warning),16,68.4,108.5,114,37,0,0.0,0,3.5
CUST-109040,76.3,Low Risk (Healthy),24,77.8,64.2,50,0,0,0.0,0,3.5
CUST-109041,35.5,High Risk (Critical),11,32.7,21.5,47,20,1,23.8,0,3.0
CUST-109042,70.2,Low Risk (Healthy),16,82.2,106.4,4681,34,1,14.0,0,5.0
CUST-109043,39.4,High Risk (Critical),8,25.7,21.1,112,16,0,0.0,0,3.5
CUST-109044,33.0,High Risk (Critical),3,26.5,6.9,65,35,0,0.0,0,3.5
CUST-109045,14.6,High Risk (Critical),6,30.8,8.9,31,27,2,53.0,0,2.0
CUST-109046,25.5,High Risk (Critical),10,39.3,10.0,107,35,2,28.6,0,2.0
CUST-109047,5.0,High Risk (Critical),3,33.9,18.9,74,39,5,67.6,1,1.0
CUST-109048,7.7,High Risk (Critical),3,35.6,13.5,94,1,5,60.8,0,3.0
CUST-109049,15.8,High Risk (Critical),2,44.9,17.3,17,28,1,34.7,1,3.0
CUST-109050,63.8,Medium Risk (Warning),21,59.8,62.5,22,1,1,17.2,0,4.0
CUST-109051,5.0,High Risk (Critical),2,23.3,8.9,19,35,2,40.9,1,1.0
CUST-109052,60.4,Medium Risk (Warning),17,78.7,39.7,119,6,2,15.3,0,4.0
CUST-109053,13.4,High Risk (Critical),4,40.9,8.7,130,18,1,49.8,0,1.0
CUST-109054,6.6,High Risk (Critical),7,34.8,5.5,135,16,3,57.5,0,1.0
CUST-109055,10.5,High Risk (Critical),5,38.1,12.4,64,44,1,45.0,1,2.0
CUST-109056,63.5,Medium Risk (Warning),20,52.7,51.3,98,30,0,0.0,0,3.5
CUST-109057,60.5,Medium Risk (Warning),18,51.8,29.9,115,11,0,0.0,0,3.5
CUST-109058,5.0,High Risk (Critical),1,13.6,14.2,6,42,3,48.7,0,2.0
CUST-109059,5.0,High Risk (Critical),3,23.1,16.3,118,30,4,69.8,1,1.0
CUST-109060,68.0,Medium Risk (Warning),23,54.3,56.0,4368,18,0,0.0,0,3.5
CUST-109061,63.6,Medium Risk (Warning),21,56.1,58.9,55,24,1,9.6,0,4.0
CUST-109062,55.0,Medium Risk (Warning),17,94.4,26.3,1052,28,4,7.7,0,3.5
CUST-109063,9.1,High Risk (Critical),2,20.7,19.2,101,22,1,30.0,1,3.0
CUST-109064,76.4,Low Risk (Healthy),26,87.5,74.4,127,26,2,3.9,0,4.0
CUST-109065,80.0,Low Risk (Healthy),27,87.9,66.5,3790,5,3,2.9,0,5.0
CUST-109066,60.5,Medium Risk (Warning),15,64.9,77.8,38,30,0,0.0,0,3.5
CUST-109067,21.0,High Risk (Critical),11,24.7,18.5,71,29,1,40.9,1,3.0
CUST-109068,5.0,High Risk (Critical),10,11.6,6.6,29,13,4,70.4,0,1.0
CUST-109069,43.9,High Risk (Critical),12,23.1,18.8,120,31,0,0.0,0,3.5
CUST-109070,67.5,Medium Risk (Warning),27,71.4,102.4,1536,21,3,15.2,0,4.0
CUST-109071,41.2,High Risk (Critical),12,13.9,9.0,19,1,0,0.0,0,3.5
CUST-109072,16.7,High Risk (Critical),7,43.9,15.9,37,38,2,30.6,0,1.0
CUST-109073,68.7,Medium Risk (Warning),24,71.2,67.6,3447,6,3,21.4,0,5.0
CUST-109074,53.2,Medium Risk (Warning),19,53.9,55.8,127,37,3,2.1,0,4.0
CUST-109075,74.7,Low Risk (Healthy),28,54.5,64.6,2519,16,0,0.0,0,3.5
CUST-109076,5.0,High Risk (Critical),1,10.5,19.7,25,18,3,40.4,0,1.0
CUST-109077,23.5,High Risk (Critical),11,12.7,19.7,150,33,1,71.7,0,3.0
CUST-109078,44.9,High Risk (Critical),12,26.3,21.8,124,3,0,0.0,0,3.5
CUST-109079,70.9,Low Risk (Healthy),24,59.6,95.3,1810,13,0,0.0,0,3.5
CUST-109080,48.6,Medium Risk (Warning),11,43.0,4.1,105,7,0,0.0,0,3.5
CUST-109081,15.6,High Risk (Critical),5,44.5,5.3,5,25,1,67.2,1,3.0
CUST-109082,74.3,Low Risk (Healthy),28,74.5,75.5,82,40,1,19.2,0,3.5
CUST-109083,18.9,High Risk (Critical),11,26.5,6.1,89,18,2,14.1,0,1.0
CUST-109084,10.9,High Risk (Critical),8,10.5,5.5,112,0,2,55.2,0,2.0
CUST-109085,5.0,High Risk (Critical),12,17.7,5.4,24,22,3,20.1,1,1.0
CUST-109086,63.3,Medium Risk (Warning),16,70.0,95.8,29,42,0,0.0,0,3.5
CUST-109087,69.2,Medium Risk (Warning),20,89.2,40.8,1142,36,1,10.1,0,3.5
CUST-109088,29.7,High Risk (Critical),14,27.0,14.5,96,3,2,56.3,0,3.0
CUST-109089,7.2,High Risk (Critical),5,39.7,4.2,55,1,2,42.7,1,2.0
CUST-109090,78.0,Low Risk (Healthy),24,83.4,68.0,71,42,0,0.0,0,3.5
CUST-109091,24.1,High Risk (Critical),14,41.4,16.3,31,9,4,20.6,1,3.0
CUST-109092,85.8,Low Risk (Healthy),26,88.7,104.9,6503,27,1,12.0,0,5.0
CUST-109093,18.6,High Risk (Critical),13,19.2,5.8,139,23,4,51.7,0,3.0
CUST-109094,5.0,High Risk (Critical),6,34.3,14.5,93,38,2,51.5,1,1.0
CUST-109095,5.9,High Risk (Critical),5,12.5,19.7,140,10,2,68.5,0,2.0
CUST-109096,5.0,High Risk (Critical),6,32.6,15.0,107,16,2,56.6,1,1.0
CUST-109097,67.4,Medium Risk (Warning),21,73.0,63.9,62,29,1,19.9,0,4.0
CUST-109098,72.6,Low Risk (Healthy),29,53.6,105.8,135,13,1,17.4,0,4.0
CUST-109099,68.1,Medium Risk (Warning),22,59.1,55.8,88,35,0,0.0,0,3.5
CUST-109100,24.0,High Risk (Critical),13,22.2,12.1,9,43,1,16.2,0,1.0
CUST-109101,83.5,Low Risk (Healthy),27,73.0,46.8,128,36,1,3.3,0,5.0
CUST-109102,58.1,Medium Risk (Warning),15,56.9,36.6,2562,13,0,0.0,0,3.5
CUST-109103,9.5,High Risk (Critical),11,28.7,17.0,150,6,1,46.6,1,1.0
CUST-109104,59.9,Medium Risk (Warning),23,60.7,28.4,26,34,2,16.0,0,3.5
CUST-109105,19.3,High Risk (Critical),6,37.7,17.8,143,13,1,16.2,0,1.0
CUST-109106,60.8,Medium Risk (Warning),15,65.9,26.5,1,3,0,0.0,0,3.5
CUST-109107,73.4,Low Risk (Healthy),21,70.0,27.5,72,15,1,12.8,0,5.0
CUST-109108,26.7,High Risk (Critical),10,33.3,17.6,140,37,3,20.8,0,3.0
CUST-109109,34.4,High Risk (Critical),13,28.6,10.3,94,33,1,43.9,0,3.0
CUST-109110,63.4,Medium Risk (Warning),19,69.6,94.0,5828,42,1,22.9,0,4.0
CUST-109111,79.1,Low Risk (Healthy),26,78.1,71.7,29,22,0,0.0,0,3.5
CUST-109112,13.0,High Risk (Critical),8,26.0,21.1,7,30,2,44.1,1,3.0
CUST-109113,74.9,Low Risk (Healthy),24,72.9,93.1,4748,3,0,0.0,0,3.5
CUST-109114,62.9,Medium Risk (Warning),25,52.9,78.3,23,12,2,18.7,0,4.0
CUST-109115,69.1,Medium Risk (Warning),22,62.7,82.0,1804,43,0,0.0,0,3.5
CUST-109116,6.8,High Risk (Critical),4,30.4,17.8,26,42,2,13.3,1,2.0
CUST-109117,79.2,Low Risk (Healthy),21,92.4,77.3,14,0,1,20.5,0,5.0
CUST-109118,68.0,Medium Risk (Warning),19,72.2,71.8,97,15,0,0.0,0,3.5
CUST-109119,79.6,Low Risk (Healthy),24,88.6,59.5,3689,43,0,0.0,0,3.5
CUST-109120,73.9,Low Risk (Healthy),16,89.5,56.0,93,34,1,2.1,0,5.0
CUST-109121,5.0,High Risk (Critical),1,39.1,21.8,117,24,2,58.7,1,1.0
CUST-109122,11.9,High Risk (Critical),9,34.7,12.9,55,21,1,67.9,1,2.0
CUST-109123,63.4,Medium Risk (Warning),15,74.6,36.8,73,26,0,0.0,0,3.5
CUST-109124,76.5,Low Risk (Healthy),24,78.5,85.4,2,16,0,0.0,0,3.5
CUST-109125,38.9,High Risk (Critical),9,19.8,10.2,23,5,0,0.0,0,3.5
CUST-109126,28.1,High Risk (Critical),1,19.3,9.8,21,23,0,0.0,0,3.5
CUST-109127,5.0,High Risk (Critical),8,21.4,12.1,42,30,2,62.7,1,2.0
CUST-109128,18.6,High Risk (Critical),11,36.3,13.9,145,34,5,50.7,0,3.0
CUST-109129,68.0,Medium Risk (Warning),17,79.2,71.3,101,28,2,3.4,0,5.0
CUST-109130,5.0,High Risk (Critical),2,35.2,6.3,101,36,4,53.9,1,2.0
CUST-109131,10.8,High Risk (Critical),2,37.5,5.8,47,34,2,25.0,1,3.0
CUST-109132,72.8,Low Risk (Healthy),25,61.4,67.5,107,31,0,0.0,0,3.5
CUST-109133,5.4,High Risk (Critical),6,24.3,20.6,98,9,1,15.4,1,1.0
CUST-109134,58.2,Medium Risk (Warning),15,57.4,42.1,2020,20,0,0.0,0,3.5
CUST-109135,60.0,Medium Risk (Warning),15,68.4,101.9,45,34,1,4.3,0,4.0
CUST-109136,26.7,High Risk (Critical),10,31.0,9.4,50,5,3,15.4,0,3.0
CUST-109137,26.3,High Risk (Critical),9,12.1,20.4,29,37,1,26.4,0,3.0
CUST-109138,5.0,High Risk (Critical),1,32.9,7.0,0,5,3,29.5,1,1.0
CUST-109139,55.2,Medium Risk (Warning),17,57.4,95.6,1912,9,3,21.7,0,5.0
CUST-109140,16.6,High Risk (Critical),12,14.5,13.6,108,42,2,30.4,1,3.0
CUST-109141,7.9,High Risk (Critical),10,22.5,12.0,97,25,1,33.8,1,1.0
CUST-109142,81.4,Low Risk (Healthy),26,89.5,43.3,71,38,2,17.3,0,5.0
CUST-109143,19.3,High Risk (Critical),9,16.4,5.6,86,40,3,29.1,0,3.0
CUST-109144,80.7,Low Risk (Healthy),24,92.2,58.1,56,41,0,0.0,0,3.5
CUST-109145,41.4,High Risk (Critical),9,28.1,12.4,46,39,0,0.0,0,3.5
CUST-109146,63.2,Medium Risk (Warning),17,88.0,84.1,62,28,2,14.6,0,4.0
CUST-109147,23.4,High Risk (Critical),12,32.3,4.5,63,20,1,50.6,1,3.0
CUST-109148,12.0,High Risk (Critical),12,14.8,10.9,30,8,4,35.8,0,2.0
CUST-109149,21.1,High Risk (Critical),4,44.6,21.2,0,42,2,12.9,0,2.0
CUST-109150,23.6,High Risk (Critical),12,40.1,12.2,26,34,1,19.2,1,2.0
CUST-109151,33.9,High Risk (Critical),11,42.2,11.3,115,11,1,59.5,0,3.0
CUST-109152,66.4,Medium Risk (Warning),19,55.4,69.8,139,31,1,12.7,0,5.0
CUST-109153,57.3,Medium Risk (Warning),15,62.7,60.1,47,11,1,11.9,0,4.0
CUST-109154,17.8,High Risk (Critical),3,21.8,19.6,116,18,2,21.9,0,3.0
CUST-109155,30.9,High Risk (Critical),14,35.1,8.0,101,27,2,66.5,0,3.0
CUST-109156,14.7,High Risk (Critical),11,43.6,4.9,68,9,2,59.5,1,2.0
CUST-109157,9.2,High Risk (Critical),13,36.2,9.2,135,24,3,36.8,1,1.0
CUST-109158,61.2,Medium Risk (Warning),15,67.5,34.4,50,12,0,0.0,0,3.5
CUST-109159,5.0,High Risk (Critical),5,26.4,5.8,35,11,5,58.3,0,2.0
CUST-109160,77.5,Low Risk (Healthy),23,72.8,79.3,92,9,1,8.3,0,5.0
CUST-109161,18.7,High Risk (Critical),2,41.7,6.9,31,33,3,20.1,0,3.0
CUST-109162,46.7,Medium Risk (Warning),14,23.5,4.5,88,10,0,0.0,0,3.5
CUST-109163,80.1,Low Risk (Healthy),22,91.5,48.7,1996,1,1,21.4,0,5.0
CUST-109164,82.2,Low Risk (Healthy),28,79.6,47.4,148,18,0,0.0,0,3.5
CUST-109165,42.7,High Risk (Critical),9,32.4,18.2,36,3,0,0.0,0,3.5
CUST-109166,20.4,High Risk (Critical),11,40.9,5.7,9,23,2,52.5,1,3.0
CUST-109167,24.7,High Risk (Critical),8,19.8,17.4,34,13,1,47.3,0,3.0
CUST-109168,74.2,Low Risk (Healthy),21,92.8,43.8,75,5,1,13.4,0,4.0
CUST-109169,32.3,High Risk (Critical),4,19.9,17.0,31,0,0,0.0,0,3.5
CUST-109170,78.3,Low Risk (Healthy),25,80.0,28.1,618,42,0,0.0,0,3.5
CUST-109171,5.0,High Risk (Critical),1,25.1,5.5,134,35,3,51.9,1,2.0
CUST-109172,72.9,Low Risk (Healthy),21,92.2,76.6,138,17,1,21.8,0,4.0
CUST-109173,5.0,High Risk (Critical),1,16.6,11.4,37,40,4,14.4,0,1.0
CUST-109174,27.1,High Risk (Critical),14,37.2,13.8,116,34,1,37.8,0,1.0
CUST-109175,7.8,High Risk (Critical),7,18.2,17.3,84,14,3,54.1,1,3.0
CUST-109176,11.0,High Risk (Critical),13,22.3,19.4,75,36,4,42.9,1,2.0
CUST-109177,77.1,Low Risk (Healthy),23,84.8,102.1,8065,39,0,0.0,0,3.5
CUST-109178,75.4,Low Risk (Healthy),27,67.3,91.2,26,2,2,22.5,0,5.0
CUST-109179,22.1,High Risk (Critical),2,36.2,11.3,17,35,1,43.2,0,3.0
CUST-109180,7.4,High Risk (Critical),1,36.6,14.9,94,26,1,23.5,1,2.0
CUST-109181,28.3,High Risk (Critical),9,30.1,7.9,25,45,1,54.1,0,3.0
CUST-109182,70.8,Low Risk (Healthy),16,94.8,73.6,59,4,0,0.0,0,3.5
CUST-109183,11.1,High Risk (Critical),1,25.7,11.4,85,2,2,63.3,0,3.0
CUST-109184,5.0,High Risk (Critical),7,24.5,16.9,150,16,1,46.2,1,1.0
CUST-109185,76.1,Low Risk (Healthy),23,79.2,45.0,31,26,2,2.4,0,5.0
CUST-109186,35.9,High Risk (Critical),2,40.9,19.4,113,15,0,0.0,0,3.5
CUST-109187,65.1,Medium Risk (Warning),23,69.7,89.5,121,34,2,20.0,0,4.0
CUST-109188,86.1,Low Risk (Healthy),27,83.1,29.0,26,7,1,6.3,0,5.0
CUST-109189,29.1,High Risk (Critical),13,36.9,21.9,17,29,1,58.4,0,2.0
CUST-109190,31.7,High Risk (Critical),10,43.0,5.6,59,1,1,68.5,0,3.0
CUST-109191,5.0,High Risk (Critical),3,37.7,20.9,114,3,2,65.4,1,2.0
CUST-109192,61.8,Medium Risk (Warning),17,50.8,42.6,52,25,1,16.9,0,5.0
CUST-109193,76.1,Low Risk (Healthy),21,90.5,34.9,120,19,2,8.3,0,5.0
CUST-109194,84.2,Low Risk (Healthy),27,90.7,100.4,26,11,0,0.0,0,3.5
CUST-109195,68.0,Medium Risk (Warning),26,52.2,68.5,25,22,1,18.3,0,4.0
CUST-109196,16.2,High Risk (Critical),1,29.0,15.8,53,35,1,62.4,0,3.0
CUST-109197,70.4,Low Risk (Healthy),25,52.7,83.9,2349,39,2,5.8,0,5.0
CUST-109198,71.5,Low Risk (Healthy),26,52.7,81.7,136,22,0,0.0,0,3.5
CUST-109199,6.9,High Risk (Critical),14,19.9,18.3,67,1,3,14.2,1,1.0
CUST-109200,67.1,Medium Risk (Warning),22,63.5,42.8,2140,17,1,10.3,0,4.0
CUST-109201,17.3,High Risk (Critical),14,21.9,22.0,59,37,3,63.7,0,2.0
CUST-109202,23.6,High Risk (Critical),5,33.9,16.5,89,10,2,26.0,0,3.0
CUST-109203,64.2,Medium Risk (Warning),19,59.5,105.7,80,20,0,0.0,0,3.5
CUST-109204,65.0,Medium Risk (Warning),21,52.3,32.5,84,3,2,5.5,0,5.0
CUST-109205,33.4,High Risk (Critical),11,36.9,9.1,73,44,1,50.6,0,3.0
CUST-109206,5.0,High Risk (Critical),10,11.2,16.9,92,5,2,66.5,1,1.0
CUST-109207,22.4,High Risk (Critical),10,20.2,14.3,105,15,2,55.6,0,3.0
CUST-109208,71.8,Low Risk (Healthy),28,68.1,67.7,38,6,1,23.4,0,3.5
CUST-109209,75.0,Low Risk (Healthy),25,68.8,109.0,4360,4,0,0.0,0,3.5
CUST-109210,17.9,High Risk (Critical),3,31.7,5.3,4,18,2,44.6,0,3.0
CUST-109211,30.4,High Risk (Critical),14,34.7,21.3,42,4,3,37.2,0,3.0
CUST-109212,22.1,High Risk (Critical),9,31.7,13.2,4,39,2,26.9,0,2.0
CUST-109213,74.7,Low Risk (Healthy),21,85.8,103.9,48,21,0,0.0,0,3.5
CUST-109214,77.0,Low Risk (Healthy),25,75.4,53.5,37,17,0,0.0,0,3.5
CUST-109215,68.5,Medium Risk (Warning),16,87.2,100.7,1611,27,0,0.0,0,3.5
CUST-109216,15.4,High Risk (Critical),13,15.4,17.2,105,28,2,36.3,0,1.0
CUST-109217,24.4,High Risk (Critical),10,33.9,5.9,83,35,3,40.9,0,3.0
CUST-109218,69.4,Medium Risk (Warning),21,68.1,38.1,141,36,0,0.0,0,3.5
CUST-109219,81.8,Low Risk (Healthy),29,61.3,45.2,43,40,1,10.0,0,5.0
CUST-109220,79.9,Low Risk (Healthy),26,71.3,41.3,2023,17,1,17.2,0,5.0
CUST-109221,74.7,Low Risk (Healthy),28,54.5,53.5,57,33,0,0.0,0,3.5
CUST-109222,5.2,High Risk (Critical),5,18.5,21.6,117,9,4,29.1,1,3.0
CUST-109223,26.1,High Risk (Critical),7,21.8,9.5,37,23,1,30.0,0,3.0
CUST-109224,16.5,High Risk (Critical),7,34.8,16.0,110,40,1,57.8,1,3.0
CUST-109225,34.5,High Risk (Critical),1,40.6,21.3,77,10,0,0.0,0,3.5
CUST-109226,17.1,High Risk (Critical),1,15.9,8.3,106,17,1,24.0,0,3.0
CUST-109227,50.9,Medium Risk (Warning),13,41.8,9.2,131,6,0,0.0,0,3.5
CUST-109228,5.3,High Risk (Critical),9,19.9,19.8,50,44,4,69.2,0,2.0
CUST-109229,25.5,High Risk (Critical),1,10.5,8.1,7,9,0,0.0,0,3.5
CUST-109230,17.9,High Risk (Critical),5,32.2,14.3,74,17,2,67.3,0,3.0
CUST-109231,62.7,Medium Risk (Warning),19,64.9,45.1,25,19,1,16.9,0,4.0
CUST-109232,76.4,Low Risk (Healthy),24,86.2,35.4,62,32,1,11.3,0,4.0
CUST-109233,5.0,High Risk (Critical),1,17.5,12.8,7,19,1,32.4,0,1.0
CUST-109234,66.6,Medium Risk (Warning),17,64.5,28.8,44,41,1,11.6,0,5.0
CUST-109235,58.0,Medium Risk (Warning),17,69.9,28.8,62,9,2,13.3,0,4.0
CUST-109236,63.3,Medium Risk (Warning),19,62.0,46.0,52,17,2,21.2,0,5.0
CUST-109237,80.8,Low Risk (Healthy),27,79.4,61.4,26,1,0,0.0,0,3.5
CUST-109238,72.9,Low Risk (Healthy),26,57.3,96.5,10,5,0,0.0,0,3.5
CUST-109239,62.7,Medium Risk (Warning),17,63.5,97.6,44,40,0,0.0,0,3.5
CUST-109240,70.7,Low Risk (Healthy),22,80.6,105.5,7174,17,1,22.4,0,4.0
CUST-109241,63.0,Medium Risk (Warning),21,53.2,63.9,73,44,2,23.8,0,5.0
CUST-109242,72.3,Low Risk (Healthy),20,82.2,60.8,131,28,0,0.0,0,3.5
CUST-109243,81.7,Low Risk (Healthy),28,86.3,104.9,4091,42,1,12.2,0,4.0
CUST-109244,76.8,Low Risk (Healthy),20,85.6,53.1,138,30,1,12.2,0,5.0
CUST-109245,73.4,Low Risk (Healthy),28,73.2,103.3,41,37,2,14.9,0,4.0
CUST-109246,73.8,Low Risk (Healthy),26,76.5,73.5,4777,8,3,14.6,0,5.0
CUST-109247,5.0,High Risk (Critical),5,15.9,8.6,51,37,2,40.5,1,2.0
CUST-109248,69.9,Medium Risk (Warning),24,56.2,35.6,113,1,0,0.0,0,3.5
CUST-109249,5.0,High Risk (Critical),4,14.9,16.5,84,12,4,24.6,0,1.0
CUST-109250,75.8,Low Risk (Healthy),25,83.2,103.7,50,2,1,19.6,0,4.0
CUST-109251,5.0,High Risk (Critical),1,19.5,12.9,113,5,3,21.9,1,2.0
CUST-109252,73.5,Low Risk (Healthy),24,68.5,54.0,112,44,0,0.0,0,3.5
CUST-109253,27.8,High Risk (Critical),14,21.3,13.8,25,37,2,58.1,0,3.0
CUST-109254,23.1,High Risk (Critical),4,37.2,16.8,91,23,1,59.3,0,3.0
CUST-109255,73.1,Low Risk (Healthy),21,80.2,104.6,126,43,0,0.0,0,3.5
CUST-109256,5.0,High Risk (Critical),2,31.9,21.3,110,25,4,27.6,0,2.0
CUST-109257,71.0,Low Risk (Healthy),21,73.4,38.4,3,41,0,0.0,0,3.5
CUST-109258,5.0,High Risk (Critical),4,19.5,20.7,79,24,3,56.9,1,2.0
CUST-109259,87.3,Low Risk (Healthy),27,89.7,63.4,24,34,1,13.2,0,5.0
CUST-109260,69.2,Medium Risk (Warning),17,85.1,81.8,1799,35,0,0.0,0,3.5
CUST-109261,77.6,Low Risk (Healthy),26,73.2,104.4,6786,19,0,0.0,0,3.5
CUST-109262,5.0,High Risk (Critical),2,19.7,15.6,32,33,4,67.7,0,2.0
CUST-109263,65.2,Medium Risk (Warning),16,85.1,33.4,2371,20,1,13.4,0,4.0
CUST-109264,5.3,High Risk (Critical),5,22.8,4.1,103,14,2,49.7,0,1.0
CUST-109265,76.2,Low Risk (Healthy),21,90.7,109.6,135,44,0,0.0,0,3.5
CUST-109266,5.0,High Risk (Critical),5,39.2,15.5,122,29,2,39.2,1,1.0
CUST-109267,8.1,High Risk (Critical),2,20.3,12.6,127,2,1,21.0,0,1.0
CUST-109268,6.4,High Risk (Critical),11,11.0,9.1,63,17,1,28.3,1,1.0
CUST-109269,5.0,High Risk (Critical),1,41.3,20.8,129,44,3,53.7,0,1.0
CUST-109270,75.6,Low Risk (Healthy),24,80.4,46.4,88,43,2,20.0,0,5.0
CUST-109271,16.7,High Risk (Critical),13,38.6,5.6,11,29,3,18.1,1,2.0
CUST-109272,15.7,High Risk (Critical),9,37.9,15.6,45,0,2,45.4,0,1.0
CUST-109273,5.0,High Risk (Critical),1,31.3,4.5,28,36,5,62.8,0,3.0
CUST-109274,18.8,High Risk (Critical),1,35.5,9.6,35,12,1,57.3,0,3.0
CUST-109275,73.3,Low Risk (Healthy),23,60.7,90.8,3450,29,1,12.3,0,5.0
CUST-109276,35.8,High Risk (Critical),14,24.0,21.0,95,22,1,32.5,0,3.0
CUST-109277,5.0,High Risk (Critical),8,12.0,8.3,86,17,2,62.3,1,1.0
CUST-109278,9.8,High Risk (Critical),12,42.5,4.1,59,11,3,31.1,1,1.0
CUST-109279,59.8,Medium Risk (Warning),18,58.1,56.8,13,11,1,13.4,0,4.0
CUST-109280,5.0,High Risk (Critical),2,40.8,18.1,39,27,3,57.1,0,1.0
CUST-109281,73.6,Low Risk (Healthy),26,59.7,34.0,2448,40,0,0.0,0,3.5
CUST-109282,70.7,Low Risk (Healthy),26,67.3,79.0,1027,28,1,9.5,0,3.5
CUST-109283,62.6,Medium Risk (Warning),18,58.8,48.0,2544,23,0,0.0,0,3.5
CUST-109284,12.7,High Risk (Critical),8,44.8,9.1,47,8,2,43.0,1,2.0
CUST-109285,72.2,Low Risk (Healthy),19,72.1,43.5,77,16,1,6.5,0,5.0
CUST-109286,62.7,Medium Risk (Warning),15,72.2,100.2,39,25,0,0.0,0,3.5
CUST-109287,35.0,High Risk (Critical),13,33.0,5.0,103,2,1,50.0,0,3.0
CUST-109288,65.7,Medium Risk (Warning),16,78.0,68.3,23,45,0,0.0,0,3.5
CUST-109289,5.0,High Risk (Critical),5,18.3,18.7,10,12,4,27.2,1,1.0
CUST-109290,24.9,High Risk (Critical),7,27.8,6.8,58,42,1,53.9,0,3.0
CUST-109291,13.8,High Risk (Critical),11,40.3,18.3,62,34,3,56.1,1,2.0
CUST-109292,5.0,High Risk (Critical),6,26.2,11.1,89,22,2,67.4,1,1.0
CUST-109293,9.9,High Risk (Critical),12,17.4,11.7,48,43,1,26.3,1,1.0
CUST-109294,52.7,Medium Risk (Warning),19,53.4,58.1,38,17,2,13.5,0,3.5
CUST-109295,5.0,High Risk (Critical),1,22.7,13.7,37,22,3,62.1,1,3.0
CUST-109296,26.8,High Risk (Critical),10,24.5,10.9,117,22,1,14.7,0,2.0
CUST-109297,71.1,Low Risk (Healthy),21,73.8,50.9,3410,14,0,0.0,0,3.5
CUST-109298,20.1,High Risk (Critical),10,40.8,18.7,19,1,2,27.4,0,1.0
CUST-109299,21.1,High Risk (Critical),10,41.5,19.3,100,13,1,21.7,1,2.0
CUST-109300,60.9,Medium Risk (Warning),20,65.2,96.9,51,14,1,18.4,0,3.5
CUST-109301,7.4,High Risk (Critical),5,28.9,12.8,14,7,3,15.7,0,1.0
CUST-109302,72.1,Low Risk (Healthy),22,72.5,98.3,9,36,0,0.0,0,3.5
CUST-109303,20.9,High Risk (Critical),11,44.1,9.3,18,30,3,35.4,1,3.0
CUST-109304,87.8,Low Risk (Healthy),29,93.7,50.6,6,9,0,0.0,0,3.5
CUST-109305,58.6,Medium Risk (Warning),19,56.0,25.4,990,16,1,4.4,0,3.5
CUST-109306,19.9,High Risk (Critical),11,18.4,19.5,105,5,1,66.0,0,2.0
CUST-109307,72.5,Low Risk (Healthy),29,76.7,58.4,33,9,3,9.4,0,4.0
CUST-109308,76.2,Low Risk (Healthy),24,87.2,78.9,28,26,1,15.6,0,4.0
CUST-109309,60.0,Medium Risk (Warning),15,63.2,77.2,3782,35,0,0.0,0,3.5
CUST-109310,24.4,High Risk (Critical),3,31.9,19.3,28,40,1,25.4,0,3.0
CUST-109311,26.7,High Risk (Critical),12,24.6,6.4,75,40,2,53.2,0,3.0
CUST-109312,53.0,Medium Risk (Warning),19,56.4,100.5,125,6,2,18.3,0,3.5
CUST-109313,7.6,High Risk (Critical),1,35.5,19.2,72,36,2,67.0,0,2.0
CUST-109314,74.0,Low Risk (Healthy),23,77.8,53.1,98,18,2,16.2,0,5.0
CUST-109315,22.0,High Risk (Critical),11,25.9,5.3,56,28,1,35.8,1,3.0
CUST-109316,5.8,High Risk (Critical),7,31.5,13.0,16,43,7,24.2,0,2.0
CUST-109317,79.2,Low Risk (Healthy),28,61.4,63.7,2038,37,1,20.2,0,5.0
CUST-109318,72.4,Low Risk (Healthy),27,51.4,102.1,147,32,0,0.0,0,3.5
CUST-109319,9.0,High Risk (Critical),3,40.1,19.2,66,25,4,24.4,1,3.0
CUST-109320,34.4,High Risk (Critical),14,24.3,4.2,133,5,1,44.4,0,3.0
CUST-109321,17.7,High Risk (Critical),13,17.4,15.1,122,5,1,71.2,1,3.0
CUST-109322,13.6,High Risk (Critical),3,35.2,21.1,2,17,1,23.3,0,1.0
CUST-109323,72.2,Low Risk (Healthy),23,80.3,90.1,8,6,1,20.5,0,4.0
CUST-109324,77.2,Low Risk (Healthy),25,76.2,72.3,5567,27,0,0.0,0,3.5
CUST-109325,32.8,High Risk (Critical),13,32.6,12.7,61,44,1,18.6,0,2.0
CUST-109326,82.1,Low Risk (Healthy),29,79.6,59.0,2714,16,2,19.3,0,5.0
CUST-109327,10.3,High Risk (Critical),2,28.1,19.0,60,16,1,38.0,1,3.0
CUST-109328,15.1,High Risk (Critical),13,15.9,10.4,44,24,3,29.3,1,3.0
CUST-109329,17.8,High Risk (Critical),11,42.5,16.0,116,18,1,13.2,1,1.0
CUST-109330,72.4,Low Risk (Healthy),16,89.9,51.1,1890,35,1,15.5,0,5.0
CUST-109331,72.0,Low Risk (Healthy),20,85.6,37.6,2293,21,1,2.9,0,4.0
CUST-109332,6.0,High Risk (Critical),9,43.3,21.7,131,21,4,25.8,1,1.0
CUST-109333,56.4,Medium Risk (Warning),20,62.9,45.9,1331,36,2,17.0,0,3.5
CUST-109334,18.0,High Risk (Critical),13,20.1,19.3,60,30,2,42.9,1,3.0
CUST-109335,5.0,High Risk (Critical),6,33.4,12.7,28,3,1,49.7,1,1.0
CUST-109336,50.1,Medium Risk (Warning),15,63.8,69.6,2227,10,3,8.5,0,4.0
CUST-109337,5.0,High Risk (Critical),1,20.5,22.0,139,18,4,37.4,0,2.0
CUST-109338,72.7,Low Risk (Healthy),24,65.6,100.9,132,33,0,0.0,0,3.5
CUST-109339,36.2,High Risk (Critical),13,37.0,15.6,69,26,2,17.5,0,3.0
CUST-109340,5.0,High Risk (Critical),11,21.5,15.5,103,20,2,70.5,1,1.0
CUST-109341,5.0,High Risk (Critical),3,33.5,4.8,7,38,2,70.8,0,1.0
CUST-109342,5.0,High Risk (Critical),4,11.6,20.0,101,31,3,62.9,1,3.0
CUST-109343,69.7,Medium Risk (Warning),19,78.0,89.6,148,40,0,0.0,0,3.5
CUST-109344,63.0,Medium Risk (Warning),18,64.6,71.9,19,21,1,2.9,0,4.0
CUST-109345,19.5,High Risk (Critical),10,13.4,8.8,57,7,1,46.5,0,2.0
CUST-109346,81.0,Low Risk (Healthy),26,84.5,93.0,118,4,0,0.0,0,3.5
CUST-109347,80.1,Low Risk (Healthy),23,80.9,102.8,91,1,1,6.9,0,5.0
CUST-109348,22.8,High Risk (Critical),6,41.7,11.3,76,25,2,13.5,0,2.0
CUST-109349,5.0,High Risk (Critical),4,41.0,10.7,20,23,1,48.9,1,1.0
CUST-109350,8.3,High Risk (Critical),8,36.6,16.0,54,11,4,26.9,0,1.0
CUST-109351,34.7,High Risk (Critical),3,32.4,14.7,21,31,0,0.0,0,3.5
CUST-109352,26.3,High Risk (Critical),12,44.3,20.5,33,33,2,56.2,0,2.0
CUST-109353,20.2,High Risk (Critical),12,25.9,19.4,40,32,1,12.7,1,2.0
CUST-109354,27.6,High Risk (Critical),7,36.8,12.0,38,25,2,21.9,0,3.0
CUST-109355,36.0,High Risk (Critical),6,23.4,15.4,39,31,0,0.0,0,3.5
CUST-109356,51.2,Medium Risk (Warning),15,57.5,108.9,111,23,2,16.3,0,4.0
CUST-109357,12.4,High Risk (Critical),9,24.6,19.8,38,5,2,65.2,1,3.0
CUST-109358,62.3,Medium Risk (Warning),18,57.8,67.2,3763,28,0,0.0,0,3.5
CUST-109359,25.3,High Risk (Critical),4,38.8,11.6,67,17,1,45.2,0,3.0
CUST-109360,82.5,Low Risk (Healthy),29,76.1,99.7,6380,23,0,0.0,0,3.5
CUST-109361,75.9,Low Risk (Healthy),28,58.6,64.0,4672,15,0,0.0,0,3.5
CUST-109362,5.0,High Risk (Critical),11,22.9,21.8,103,38,1,69.6,1,1.0
CUST-109363,78.7,Low Risk (Healthy),23,77.7,69.9,108,30,1,10.0,0,5.0
CUST-109364,5.0,High Risk (Critical),6,24.9,21.1,63,19,3,22.6,1,1.0
CUST-109365,77.4,Low Risk (Healthy),25,90.1,45.3,1313,19,1,23.7,0,4.0
CUST-109366,76.6,Low Risk (Healthy),28,71.2,85.1,111,35,1,16.8,0,4.0
CUST-109367,15.9,High Risk (Critical),10,17.9,18.4,118,31,1,38.6,0,1.0
CUST-109368,67.6,Medium Risk (Warning),18,75.4,81.4,89,17,0,0.0,0,3.5
CUST-109369,5.2,High Risk (Critical),3,41.5,17.2,61,7,4,58.1,0,2.0
CUST-109370,9.0,High Risk (Critical),1,29.6,21.0,65,43,4,25.6,0,3.0
CUST-109371,38.8,High Risk (Critical),5,37.0,9.6,113,35,0,0.0,0,3.5
CUST-109372,69.7,Medium Risk (Warning),19,77.9,104.0,1872,23,0,0.0,0,3.5
CUST-109373,80.8,Low Risk (Healthy),22,89.9,26.0,110,41,1,11.9,0,5.0
CUST-109374,79.8,Low Risk (Healthy),27,85.1,89.1,980,23,1,13.5,0,4.0
CUST-109375,72.6,Low Risk (Healthy),18,92.1,32.0,2368,18,0,0.0,0,3.5
CUST-109376,40.0,High Risk (Critical),7,32.3,14.0,124,5,0,0.0,0,3.5
CUST-109377,14.0,High Risk (Critical),4,39.0,18.4,21,11,2,24.3,1,3.0
CUST-109378,20.5,High Risk (Critical),11,11.3,12.9,82,2,3,28.7,0,3.0
CUST-109379,5.0,High Risk (Critical),7,44.8,7.3,86,0,8,25.6,0,1.0
CUST-109380,7.7,High Risk (Critical),8,39.3,18.5,120,4,2,22.4,1,1.0
CUST-109381,64.5,Medium Risk (Warning),25,55.7,30.6,148,25,2,12.4,0,4.0
CUST-109382,75.7,Low Risk (Healthy),23,80.2,30.3,2242,32,0,0.0,0,3.5
CUST-109383,59.6,Medium Risk (Warning),15,62.0,81.6,56,8,0,0.0,0,3.5
CUST-109384,38.0,High Risk (Critical),6,30.1,5.9,101,41,0,0.0,0,3.5
CUST-109385,80.0,Low Risk (Healthy),28,82.4,80.7,57,24,1,16.4,0,4.0
CUST-109386,12.9,High Risk (Critical),6,31.4,9.5,56,38,2,36.2,1,3.0
CUST-109387,9.8,High Risk (Critical),4,23.5,16.1,55,37,1,52.3,1,3.0
CUST-109388,15.3,High Risk (Critical),7,42.0,7.0,2,5,2,52.9,1,3.0
CUST-109389,5.0,High Risk (Critical),1,44.5,10.9,132,42,2,37.2,1,1.0
CUST-109390,22.3,High Risk (Critical),10,35.3,11.3,57,21,1,28.6,0,1.0
CUST-109391,33.4,High Risk (Critical),7,10.2,8.7,125,42,0,0.0,0,3.5
CUST-109392,20.2,High Risk (Critical),6,34.0,22.0,12,35,1,47.8,0,2.0
CUST-109393,12.6,High Risk (Critical),5,42.8,5.8,6,31,2,39.5,0,1.0
CUST-109394,16.4,High Risk (Critical),14,15.8,20.4,22,45,4,42.4,1,3.0
CUST-109395,11.9,High Risk (Critical),5,39.5,17.8,64,22,4,21.1,0,2.0
CUST-109396,29.5,High Risk (Critical),13,22.8,12.2,120,40,1,69.4,0,3.0
CUST-109397,5.1,High Risk (Critical),1,31.6,18.5,72,32,2,45.7,1,3.0
CUST-109398,75.8,Low Risk (Healthy),28,58.3,58.3,2098,33,0,0.0,0,3.5
CUST-109399,61.1,Medium Risk (Warning),19,59.5,74.5,3352,5,1,16.5,0,4.0
CUST-109400,20.3,High Risk (Critical),13,24.3,14.5,104,25,2,66.2,0,2.0
CUST-109401,11.4,High Risk (Critical),8,23.2,17.1,69,12,1,65.9,0,1.0
CUST-109402,11.6,High Risk (Critical),4,44.1,21.4,117,1,3,23.5,1,3.0
CUST-109403,13.1,High Risk (Critical),5,39.1,15.7,97,16,1,58.2,0,1.0
CUST-109404,78.1,Low Risk (Healthy),26,74.8,104.8,65,35,0,0.0,0,3.5
CUST-109405,74.3,Low Risk (Healthy),25,69.2,45.4,108,32,2,14.0,0,5.0
CUST-109406,29.1,High Risk (Critical),14,43.2,16.8,7,15,1,36.5,0,1.0
CUST-109407,6.9,High Risk (Critical),14,24.1,9.1,136,17,3,48.1,1,1.0
CUST-109408,70.7,Low Risk (Healthy),18,85.6,89.3,127,16,0,0.0,0,3.5
CUST-109409,57.6,Medium Risk (Warning),16,67.7,65.8,4869,13,1,8.7,0,3.5
CUST-109410,17.2,High Risk (Critical),10,27.4,19.5,17,36,1,50.7,0,1.0
CUST-109411,79.3,Low Risk (Healthy),28,80.5,102.6,1128,45,1,17.2,0,4.0
CUST-109412,8.9,High Risk (Critical),6,30.3,19.3,5,41,3,17.6,0,1.0
CUST-109413,79.6,Low Risk (Healthy),29,66.3,33.6,23,31,0,0.0,0,3.5
CUST-109414,60.5,Medium Risk (Warning),15,51.4,60.3,3618,29,1,7.3,0,5.0
CUST-109415,5.0,High Risk (Critical),2,23.5,9.0,39,14,1,29.7,1,1.0
CUST-109416,21.3,High Risk (Critical),12,25.3,8.9,54,15,2,50.1,0,2.0
CUST-109417,67.5,Medium Risk (Warning),20,50.6,30.1,2377,20,1,3.1,0,5.0
CUST-109418,70.1,Low Risk (Healthy),24,57.1,76.2,3429,2,0,0.0,0,3.5
CUST-109419,9.7,High Risk (Critical),12,22.9,7.4,45,18,4,25.3,0,1.0
CUST-109420,83.3,Low Risk (Healthy),28,83.1,54.9,106,26,0,0.0,0,3.5
CUST-109421,50.1,Medium Risk (Warning),12,43.8,21.2,35,4,0,0.0,0,3.5
CUST-109422,10.7,High Risk (Critical),4,42.9,9.1,59,28,1,44.1,1,2.0
CUST-109423,22.6,High Risk (Critical),3,23.0,10.2,27,32,1,18.0,0,3.0
CUST-109424,13.0,High Risk (Critical),7,28.2,19.4,41,38,2,38.5,1,3.0
CUST-109425,57.1,Medium Risk (Warning),19,54.0,49.5,3366,8,2,3.2,0,4.0
CUST-109426,5.0,High Risk (Critical),2,22.1,16.2,150,11,4,34.1,0,1.0
CUST-109427,66.0,Medium Risk (Warning),21,64.1,73.3,3151,42,1,10.1,0,4.0
CUST-109428,80.7,Low Risk (Healthy),26,83.6,74.1,80,13,0,0.0,0,3.5
CUST-109429,10.1,High Risk (Critical),13,37.1,20.6,150,5,2,51.1,1,1.0
CUST-109430,23.0,High Risk (Critical),12,43.8,7.7,87,16,1,33.4,1,2.0
CUST-109431,74.0,Low Risk (Healthy),24,70.0,84.0,53,1,0,0.0,0,3.5
CUST-109432,27.7,High Risk (Critical),14,24.1,18.0,79,28,1,17.9,1,3.0
CUST-109433,26.8,High Risk (Critical),14,29.8,5.6,15,36,3,54.4,0,3.0
CUST-109434,34.4,High Risk (Critical),1,40.3,21.7,31,9,0,0.0,0,3.5
CUST-109435,23.2,High Risk (Critical),14,22.6,9.9,0,1,1,33.9,0,1.0
CUST-109436,13.5,High Risk (Critical),9,32.8,8.4,52,22,1,50.8,1,2.0
CUST-109437,40.8,High Risk (Critical),10,21.4,9.5,24,3,0,0.0,0,3.5
CUST-109438,29.2,High Risk (Critical),11,34.1,18.7,77,25,1,29.2,0,2.0
CUST-109439,5.0,High Risk (Critical),10,23.8,7.8,92,23,3,42.1,1,1.0
CUST-109440,24.0,High Risk (Critical),5,38.1,14.3,86,41,2,33.1,0,3.0
CUST-109441,5.0,High Risk (Critical),5,12.6,17.9,134,35,4,29.2,1,3.0
CUST-109442,65.3,Medium Risk (Warning),21,55.8,79.8,4468,6,2,11.2,0,5.0
CUST-109443,65.9,Medium Risk (Warning),23,50.2,51.2,3174,5,2,15.0,0,5.0
CUST-109444,13.7,High Risk (Critical),8,17.5,9.0,104,0,3,18.0,0,2.0
CUST-109445,24.6,High Risk (Critical),10,33.3,13.2,96,42,2,69.7,0,3.0
CUST-109446,72.3,Low Risk (Healthy),23,71.2,62.2,3732,21,2,14.1,0,5.0
CUST-109447,64.3,Medium Risk (Warning),20,55.3,34.3,99,8,0,0.0,0,3.5
CUST-109448,62.0,Medium Risk (Warning),18,56.6,92.1,2026,14,0,0.0,0,3.5
CUST-109449,11.1,High Risk (Critical),2,22.8,8.1,133,42,2,19.1,0,2.0
CUST-109450,74.2,Low Risk (Healthy),25,72.6,55.0,18,31,2,23.5,0,5.0
CUST-109451,66.6,Medium Risk (Warning),21,58.7,101.2,7691,2,0,0.0,0,3.5
CUST-109452,26.0,High Risk (Critical),10,33.9,11.5,14,13,1,43.7,0,2.0
CUST-109453,76.9,Low Risk (Healthy),20,94.9,78.7,24,21,2,2.2,0,5.0
CUST-109454,49.1,Medium Risk (Warning),13,36.0,20.9,96,20,0,0.0,0,3.5
CUST-109455,67.9,Medium Risk (Warning),16,85.3,87.5,5600,25,0,0.0,0,3.5
CUST-109456,79.4,Low Risk (Healthy),23,92.4,49.5,51,35,0,0.0,0,3.5
CUST-109457,33.9,High Risk (Critical),14,35.9,13.3,29,15,3,12.3,0,3.0
CUST-109458,35.7,High Risk (Critical),3,35.7,6.9,46,28,0,0.0,0,3.5
CUST-109459,68.1,Medium Risk (Warning),29,57.0,81.2,5602,19,2,5.5,0,3.5
CUST-109460,14.6,High Risk (Critical),2,34.4,15.9,127,20,2,19.4,0,2.0
CUST-109461,17.3,High Risk (Critical),8,16.2,7.8,21,28,2,17.6,0,2.0
CUST-109462,45.3,Medium Risk (Warning),10,36.7,13.3,137,25,0,0.0,0,3.5
CUST-109463,5.2,High Risk (Critical),11,13.6,5.7,130,38,1,44.7,1,1.0
CUST-109464,60.6,Medium Risk (Warning),18,70.5,56.2,109,21,1,12.6,0,3.5
CUST-109465,65.5,Medium Risk (Warning),21,64.8,88.0,103,17,1,15.5,0,4.0
CUST-109466,50.0,Medium Risk (Warning),14,34.5,14.8,75,36,0,0.0,0,3.5
CUST-109467,70.0,Low Risk (Healthy),16,81.0,95.3,2954,9,1,13.0,0,5.0
CUST-109468,11.1,High Risk (Critical),8,27.9,13.2,69,7,3,15.1,0,1.0
CUST-109469,72.3,Low Risk (Healthy),23,79.7,66.0,66,15,1,18.4,0,4.0
CUST-109470,5.0,High Risk (Critical),1,22.9,21.7,83,35,2,57.5,0,1.0
CUST-109471,16.0,High Risk (Critical),5,32.3,15.0,119,32,1,67.1,0,2.0
CUST-109472,76.6,Low Risk (Healthy),29,56.5,76.6,4749,44,0,0.0,0,3.5
CUST-109473,78.2,Low Risk (Healthy),28,66.2,99.6,82,7,0,0.0,0,3.5
CUST-109474,29.1,High Risk (Critical),14,12.8,19.4,90,37,2,27.1,0,3.0
CUST-109475,14.5,High Risk (Critical),11,42.9,4.7,56,31,1,40.1,1,1.0
CUST-109476,6.9,High Risk (Critical),5,24.2,8.3,42,25,4,50.3,1,3.0
CUST-109477,60.7,Medium Risk (Warning),16,61.3,100.8,124,21,0,0.0,0,3.5
CUST-109478,80.6,Low Risk (Healthy),27,66.1,105.0,71,28,1,10.1,0,5.0
CUST-109479,15.8,High Risk (Critical),8,10.3,18.5,13,8,2,63.7,0,3.0
CUST-109480,5.0,High Risk (Critical),8,39.8,13.1,92,8,4,45.1,1,1.0
CUST-109481,36.7,High Risk (Critical),6,25.6,15.6,122,4,0,0.0,0,3.5
CUST-109482,67.8,Medium Risk (Warning),23,53.9,34.2,121,11,0,0.0,0,3.5
CUST-109483,61.6,Medium Risk (Warning),15,68.6,93.7,49,22,0,0.0,0,3.5
CUST-109484,13.3,High Risk (Critical),11,10.7,20.1,36,25,4,52.9,0,3.0
CUST-109485,41.5,High Risk (Critical),13,10.5,14.1,107,1,0,0.0,0,3.5
CUST-109486,70.7,Low Risk (Healthy),20,66.7,82.0,6232,42,1,15.9,0,5.0
CUST-109487,5.0,High Risk (Critical),7,29.0,9.7,41,36,2,58.1,1,2.0
CUST-109488,16.1,High Risk (Critical),5,36.8,19.8,8,15,3,61.0,0,3.0
CUST-109489,46.5,Medium Risk (Warning),11,36.2,12.2,9,18,0,0.0,0,3.5
CUST-109490,21.0,High Risk (Critical),9,24.0,15.0,23,16,1,49.4,0,2.0
CUST-109491,76.6,Low Risk (Healthy),26,69.8,39.2,63,4,0,0.0,0,3.5
CUST-109492,71.1,Low Risk (Healthy),26,51.6,69.2,70,0,0,0.0,0,3.5
CUST-109493,72.6,Low Risk (Healthy),22,61.7,80.8,141,1,1,9.7,0,5.0
CUST-109494,71.4,Low Risk (Healthy),19,83.6,51.6,1341,37,0,0.0,0,3.5
CUST-109495,5.0,High Risk (Critical),9,21.7,6.6,54,12,6,17.0,1,1.0
CUST-109496,10.3,High Risk (Critical),5,20.5,15.7,77,35,2,52.3,0,2.0
CUST-109497,74.8,Low Risk (Healthy),27,93.8,103.9,44,41,2,18.9,0,3.5
CUST-109498,73.8,Low Risk (Healthy),26,65.0,36.9,1070,15,1,2.6,0,4.0
CUST-109499,74.0,Low Risk (Healthy),23,74.3,93.8,114,5,0,0.0,0,3.5
CUST-109500,7.7,High Risk (Critical),2,24.8,9.8,29,38,1,35.2,0,1.0
CUST-109501,69.5,Medium Risk (Warning),28,55.1,55.4,139,7,1,11.1,0,3.5
CUST-109502,5.0,High Risk (Critical),1,16.2,21.2,15,30,3,64.9,1,3.0
CUST-109503,65.4,Medium Risk (Warning),21,54.6,59.4,3623,3,0,0.0,0,3.5
CUST-109504,5.0,High Risk (Critical),3,17.6,20.1,49,39,3,50.4,1,3.0
CUST-109505,45.9,Medium Risk (Warning),11,34.2,21.7,27,29,0,0.0,0,3.5
CUST-109506,76.2,Low Risk (Healthy),24,83.7,50.1,60,36,1,7.6,0,4.0
CUST-109507,55.3,Medium Risk (Warning),15,70.4,25.8,5,36,2,14.8,0,4.0
CUST-109508,21.0,High Risk (Critical),12,26.6,4.6,118,6,1,40.1,0,1.0
CUST-109509,13.5,High Risk (Critical),5,43.7,13.7,87,5,3,50.3,0,2.0
CUST-109510,37.4,High Risk (Critical),8,19.2,20.4,88,8,0,0.0,0,3.5
CUST-109511,16.4,High Risk (Critical),8,26.3,8.3,65,40,1,33.1,0,1.0
CUST-109512,27.8,High Risk (Critical),14,29.9,17.4,92,21,1,62.3,0,2.0
CUST-109513,5.0,High Risk (Critical),2,39.8,16.1,4,19,4,36.7,0,1.0
CUST-109514,21.3,High Risk (Critical),7,31.4,6.5,18,29,2,59.3,0,3.0
CUST-109515,74.4,Low Risk (Healthy),29,57.3,26.2,138,38,1,11.5,0,4.0
CUST-109516,43.2,High Risk (Critical),12,20.8,6.3,55,35,0,0.0,0,3.5
CUST-109517,64.0,Medium Risk (Warning),21,83.2,38.2,1719,25,2,15.6,0,3.5
CUST-109518,58.9,Medium Risk (Warning),19,53.0,60.7,28,33,1,18.6,0,4.0
CUST-109519,66.3,Medium Risk (Warning),16,80.0,60.7,130,4,0,0.0,0,3.5
CUST-109520,56.8,Medium Risk (Warning),19,58.5,40.9,12,18,2,16.9,0,4.0
CUST-109521,68.4,Medium Risk (Warning),17,71.5,32.8,43,45,1,13.7,0,5.0
CUST-109522,42.4,High Risk (Critical),12,18.1,6.2,1,40,0,0.0,0,3.5
CUST-109523,56.9,Medium Risk (Warning),17,64.3,77.6,82,2,1,16.6,0,3.5
CUST-109524,5.0,High Risk (Critical),3,32.6,9.0,60,31,3,23.2,0,1.0
CUST-109525,62.0,Medium Risk (Warning),22,78.0,107.1,6104,19,3,21.8,0,4.0
CUST-109526,12.5,High Risk (Critical),4,14.5,4.4,150,36,1,41.5,0,2.0
CUST-109527,23.9,High Risk (Critical),13,23.4,17.7,116,10,1,67.5,0,2.0
CUST-109528,20.8,High Risk (Critical),13,30.7,13.3,113,44,2,29.6,0,1.0
CUST-109529,61.8,Medium Risk (Warning),16,69.3,44.0,1188,45,2,18.5,0,5.0
CUST-109530,8.4,High Risk (Critical),9,22.3,11.9,16,43,1,18.2,1,1.0
CUST-109531,70.7,Low Risk (Healthy),19,81.1,51.5,131,25,0,0.0,0,3.5
CUST-109532,19.6,High Risk (Critical),9,34.5,15.3,69,39,2,22.3,1,3.0
CUST-109533,5.0,High Risk (Critical),2,16.7,9.2,141,45,2,59.0,0,2.0
CUST-109534,83.5,Low Risk (Healthy),27,75.0,41.7,130,28,1,7.7,0,5.0
CUST-109535,5.0,High Risk (Critical),5,12.7,11.2,143,40,2,23.9,1,2.0
CUST-109536,7.0,High Risk (Critical),7,43.0,5.9,36,38,2,26.1,1,1.0
CUST-109537,16.7,High Risk (Critical),9,31.5,7.7,55,35,1,54.1,0,1.0
CUST-109538,43.3,High Risk (Critical),11,25.3,13.5,40,7,0,0.0,0,3.5
CUST-109539,5.0,High Risk (Critical),9,21.1,21.6,16,44,1,54.8,1,1.0
CUST-109540,40.6,High Risk (Critical),7,34.1,10.2,65,24,0,0.0,0,3.5
CUST-109541,42.4,High Risk (Critical),9,31.2,12.1,147,1,0,0.0,0,3.5
CUST-109542,5.0,High Risk (Critical),3,41.4,14.0,9,11,4,59.6,0,1.0
CUST-109543,71.9,Low Risk (Healthy),26,65.8,96.7,56,36,1,20.2,0,4.0
CUST-109544,65.9,Medium Risk (Warning),18,75.2,28.2,1551,28,1,5.6,0,4.0
CUST-109545,69.8,Medium Risk (Warning),20,78.6,65.6,62,9,2,19.4,0,5.0
CUST-109546,70.6,Low Risk (Healthy),22,84.7,49.3,120,24,1,9.2,0,3.5
CUST-109547,19.8,High Risk (Critical),8,34.2,4.5,50,25,2,40.8,0,2.0
CUST-109548,35.9,High Risk (Critical),8,14.2,19.7,49,35,0,0.0,0,3.5
CUST-109549,83.6,Low Risk (Healthy),27,88.6,88.8,5594,28,0,0.0,0,3.5
CUST-109550,71.6,Low Risk (Healthy),25,57.6,105.2,10,17,0,0.0,0,3.5
CUST-109551,5.0,High Risk (Critical),1,30.2,14.2,135,12,4,50.1,0,1.0
CUST-109552,83.5,Low Risk (Healthy),28,83.8,72.5,3262,29,0,0.0,0,3.5
CUST-109553,30.9,High Risk (Critical),14,42.6,11.9,72,34,1,68.1,0,2.0
CUST-109554,26.1,High Risk (Critical),12,34.5,18.4,103,13,1,17.8,0,1.0
CUST-109555,7.4,High Risk (Critical),3,43.1,7.7,50,7,2,60.4,0,1.0
CUST-109556,66.7,Medium Risk (Warning),23,58.8,68.9,2204,21,1,12.5,0,4.0
CUST-109557,5.0,High Risk (Critical),1,36.4,6.3,9,38,3,68.0,1,1.0
CUST-109558,67.9,Medium Risk (Warning),20,77.7,81.8,4417,2,1,16.7,0,4.0
CUST-109559,58.8,Medium Risk (Warning),17,50.6,50.6,1416,39,0,0.0,0,3.5
CUST-109560,15.1,High Risk (Critical),5,43.5,17.4,104,5,2,37.2,1,3.0
CUST-109561,5.0,High Risk (Critical),10,33.5,18.0,36,40,2,66.2,1,1.0
CUST-109562,38.0,High Risk (Critical),8,21.2,9.1,15,33,0,0.0,0,3.5
CUST-109563,74.1,Low Risk (Healthy),22,79.1,65.2,107,40,0,0.0,0,3.5
CUST-109564,59.3,Medium Risk (Warning),15,60.9,49.4,65,17,0,0.0,0,3.5
CUST-109565,21.4,High Risk (Critical),11,35.3,9.7,110,2,1,47.0,0,1.0
CUST-109566,88.1,Low Risk (Healthy),27,94.6,28.8,1468,6,1,18.1,0,5.0
CUST-109567,7.0,High Risk (Critical),5,10.6,8.9,65,26,2,55.0,0,2.0
CUST-109568,10.9,High Risk (Critical),13,42.0,15.7,65,4,4,25.0,1,1.0
CUST-109569,31.6,High Risk (Critical),4,17.4,14.9,59,9,0,0.0,0,3.5
CUST-109570,5.0,High Risk (Critical),6,26.2,17.2,11,37,2,57.4,1,1.0
CUST-109571,14.9,High Risk (Critical),14,11.9,12.4,58,16,1,43.0,1,2.0
CUST-109572,16.7,High Risk (Critical),5,34.5,18.9,62,34,3,50.3,0,3.0
CUST-109573,61.0,Medium Risk (Warning),19,64.9,55.3,89,1,3,14.6,0,5.0
CUST-109574,7.6,High Risk (Critical),6,34.4,13.1,142,38,1,69.6,1,2.0
CUST-109575,72.8,Low Risk (Healthy),26,78.8,102.2,77,36,1,20.0,0,3.5
CUST-109576,84.2,Low Risk (Healthy),29,81.9,71.3,149,28,0,0.0,0,3.5
CUST-109577,64.1,Medium Risk (Warning),16,72.6,54.7,3008,5,0,0.0,0,3.5
CUST-109578,78.5,Low Risk (Healthy),28,72.3,89.1,117,16,1,4.0,0,4.0
CUST-109579,5.0,High Risk (Critical),8,10.4,6.5,104,43,3,46.7,1,2.0
CUST-109580,5.0,High Risk (Critical),1,42.1,20.2,137,24,3,32.0,1,2.0
CUST-109581,19.2,High Risk (Critical),8,19.8,8.2,131,23,1,43.0,0,2.0
CUST-109582,76.0,Low Risk (Healthy),19,91.6,71.0,5396,10,1,22.7,0,5.0
CUST-109583,71.9,Low Risk (Healthy),22,81.8,57.0,4161,16,1,15.9,0,4.0
CUST-109584,33.9,High Risk (Critical),10,28.5,14.1,98,34,1,16.2,0,3.0
CUST-109585,71.7,Low Risk (Healthy),27,74.2,86.8,3819,23,2,20.4,0,4.0
CUST-109586,11.5,High Risk (Critical),9,32.4,4.6,61,16,2,65.8,0,1.0
CUST-109587,11.0,High Risk (Critical),2,38.7,5.8,38,40,2,26.1,1,3.0
CUST-109588,67.1,Medium Risk (Warning),15,71.8,48.7,70,9,1,3.9,0,5.0
CUST-109589,63.8,Medium Risk (Warning),18,62.5,54.3,47,27,0,0.0,0,3.5
CUST-109590,63.3,Medium Risk (Warning),18,76.7,100.6,59,7,1,5.8,0,3.5
CUST-109591,7.0,High Risk (Critical),12,33.4,8.7,140,33,3,60.6,1,1.0
CUST-109592,5.7,High Risk (Critical),2,42.4,9.2,110,11,1,61.2,1,2.0
CUST-109593,35.3,High Risk (Critical),1,43.1,4.5,33,11,0,0.0,0,3.5
CUST-109594,44.2,High Risk (Critical),12,24.1,12.2,131,33,0,0.0,0,3.5
CUST-109595,33.7,High Risk (Critical),2,33.6,20.0,44,12,0,0.0,0,3.5
CUST-109596,5.0,High Risk (Critical),7,10.3,6.9,143,7,5,44.5,0,1.0
CUST-109597,77.4,Low Risk (Healthy),21,86.7,43.0,31,24,1,20.5,0,5.0
CUST-109598,83.1,Low Risk (Healthy),29,78.1,48.8,3904,28,0,0.0,0,3.5
CUST-109599,21.9,High Risk (Critical),6,39.2,15.8,85,22,1,14.6,1,3.0
CUST-109600,22.3,High Risk (Critical),10,42.2,18.5,125,13,1,61.3,1,3.0
CUST-109601,10.5,High Risk (Critical),2,41.7,7.9,62,39,1,21.6,1,2.0
CUST-109602,66.8,Medium Risk (Warning),19,68.2,45.1,1623,4,0,0.0,0,3.5
CUST-109603,74.9,Low Risk (Healthy),28,55.1,34.2,29,22,0,0.0,0,3.5
CUST-109604,5.0,High Risk (Critical),8,22.0,5.8,58,5,4,14.4,1,1.0
CUST-109605,20.5,High Risk (Critical),10,35.6,13.5,49,21,2,28.2,1,3.0
CUST-109606,29.9,High Risk (Critical),12,42.0,15.9,46,44,1,53.5,0,2.0
CUST-109607,13.9,High Risk (Critical),4,33.6,9.1,42,12,2,44.0,0,2.0
CUST-109608,22.2,High Risk (Critical),10,16.3,17.0,69,37,2,47.9,0,3.0
CUST-109609,70.5,Low Risk (Healthy),24,58.4,97.2,0,24,0,0.0,0,3.5
CUST-109610,38.0,High Risk (Critical),13,28.6,13.0,42,22,1,15.3,0,3.0
CUST-109611,40.2,High Risk (Critical),10,19.7,16.5,60,19,0,0.0,0,3.5
CUST-109612,7.8,High Risk (Critical),4,16.2,11.4,135,7,3,67.2,0,3.0
CUST-109613,37.7,High Risk (Critical),3,42.4,19.4,107,37,0,0.0,0,3.5
CUST-109614,11.7,High Risk (Critical),4,29.1,21.4,83,37,1,35.0,0,1.0
CUST-109615,5.0,High Risk (Critical),6,13.3,17.9,55,21,1,24.7,1,1.0
CUST-109616,70.8,Low Risk (Healthy),20,83.3,65.4,59,9,2,22.6,0,5.0
CUST-109617,19.2,High Risk (Critical),6,32.3,6.6,120,37,2,19.6,0,2.0
CUST-109618,5.0,High Risk (Critical),9,27.9,13.2,101,39,5,16.3,0,1.0
CUST-109619,5.0,High Risk (Critical),3,40.7,4.7,111,34,2,68.7,1,2.0
CUST-109620,89.0,Low Risk (Healthy),27,94.7,25.5,59,20,1,11.1,0,5.0
CUST-109621,37.7,High Risk (Critical),12,44.2,15.1,59,32,1,44.4,0,3.0
CUST-109622,17.2,High Risk (Critical),12,24.7,12.9,33,28,2,33.8,0,1.0
CUST-109623,11.2,High Risk (Critical),9,42.8,17.6,120,13,2,12.8,1,1.0
CUST-109624,16.0,High Risk (Critical),5,16.9,6.2,125,38,2,45.9,0,3.0
CUST-109625,25.3,High Risk (Critical),8,44.8,10.3,48,8,1,22.1,1,3.0
CUST-109626,72.6,Low Risk (Healthy),19,87.7,90.1,5,17,0,0.0,0,3.5
CUST-109627,5.0,High Risk (Critical),7,20.3,12.9,43,17,4,19.5,1,2.0
CUST-109628,28.8,High Risk (Critical),3,12.6,6.9,110,41,0,0.0,0,3.5
CUST-109629,39.2,High Risk (Critical),7,29.6,10.2,100,35,0,0.0,0,3.5
CUST-109630,21.0,High Risk (Critical),4,23.2,4.5,131,45,1,42.1,0,3.0
CUST-109631,79.5,Low Risk (Healthy),26,79.4,29.4,1617,14,0,0.0,0,3.5
CUST-109632,26.5,High Risk (Critical),6,41.1,4.9,113,26,1,15.0,0,2.0
CUST-109633,23.4,High Risk (Critical),11,37.6,18.6,149,42,1,36.3,0,1.0
CUST-109634,20.3,High Risk (Critical),14,26.2,22.0,137,20,1,66.2,0,1.0
CUST-109635,58.8,Medium Risk (Warning),15,66.8,105.5,40,41,1,10.3,0,4.0
CUST-109636,13.1,High Risk (Critical),8,31.3,5.2,47,23,4,63.7,1,3.0
CUST-109637,83.7,Low Risk (Healthy),27,89.1,25.6,58,43,0,0.0,0,3.5
CUST-109638,17.4,High Risk (Critical),11,24.7,10.1,5,4,1,53.8,0,1.0
CUST-109639,5.0,High Risk (Critical),5,27.9,8.4,50,43,2,45.8,1,1.0
CUST-109640,66.9,Medium Risk (Warning),25,53.6,59.1,4373,0,1,20.1,0,4.0
CUST-109641,14.2,High Risk (Critical),9,27.7,13.2,148,24,2,49.2,1,3.0
CUST-109642,5.0,High Risk (Critical),2,15.8,9.4,77,16,7,39.0,0,3.0
CUST-109643,60.9,Medium Risk (Warning),17,57.3,38.0,80,1,0,0.0,0,3.5
CUST-109644,52.9,Medium Risk (Warning),15,75.7,61.8,1792,44,2,22.7,0,3.5
CUST-109645,72.3,Low Risk (Healthy),18,88.9,108.6,55,12,2,3.1,0,5.0
CUST-109646,10.9,High Risk (Critical),11,30.8,15.6,96,0,3,58.7,1,2.0
CUST-109647,5.3,High Risk (Critical),5,37.0,7.7,98,14,3,19.7,1,2.0
CUST-109648,79.1,Low Risk (Healthy),26,85.7,107.0,11,24,1,10.2,0,4.0
CUST-109649,66.7,Medium Risk (Warning),15,85.6,27.1,42,39,0,0.0,0,3.5
CUST-109650,58.8,Medium Risk (Warning),17,50.3,48.8,780,19,0,0.0,0,3.5
CUST-109651,77.9,Low Risk (Healthy),28,92.5,76.5,29,12,4,9.2,0,5.0
CUST-109652,71.9,Low Risk (Healthy),17,94.0,80.4,105,4,0,0.0,0,3.5
CUST-109653,22.4,High Risk (Critical),13,25.2,15.4,37,45,2,19.7,1,3.0
CUST-109654,60.6,Medium Risk (Warning),23,55.9,94.4,1888,21,2,22.9,0,4.0
CUST-109655,39.2,High Risk (Critical),6,33.9,8.6,129,14,0,0.0,0,3.5
CUST-109656,14.0,High Risk (Critical),4,39.7,11.3,90,33,1,42.0,0,1.0
CUST-109657,5.9,High Risk (Critical),10,38.5,9.6,10,10,4,22.3,1,1.0
CUST-109658,81.9,Low Risk (Healthy),26,87.3,60.8,3100,9,0,0.0,0,3.5
CUST-109659,19.6,High Risk (Critical),6,33.9,12.1,89,2,2,68.9,0,3.0
CUST-109660,77.3,Low Risk (Healthy),19,91.8,95.1,4184,17,1,12.6,0,5.0
CUST-109661,65.8,Medium Risk (Warning),22,51.4,55.2,125,7,0,0.0,0,3.5
CUST-109662,75.4,Low Risk (Healthy),25,70.1,32.1,60,41,0,0.0,0,3.5
CUST-109663,30.2,High Risk (Critical),4,13.0,4.9,22,40,0,0.0,0,3.5
CUST-109664,10.2,High Risk (Critical),8,10.7,19.1,30,32,1,45.5,0,1.0
CUST-109665,77.5,Low Risk (Healthy),29,62.9,34.3,651,18,2,16.2,0,5.0
CUST-109666,10.2,High Risk (Critical),7,26.2,8.8,77,8,5,48.8,0,3.0
CUST-109667,41.9,High Risk (Critical),11,20.8,20.2,76,21,0,0.0,0,3.5
CUST-109668,73.0,Low Risk (Healthy),24,77.1,99.1,6738,27,1,17.2,0,4.0
CUST-109669,8.3,High Risk (Critical),6,40.4,17.2,46,31,1,30.8,1,1.0
CUST-109670,24.9,High Risk (Critical),13,40.6,18.9,87,18,1,52.7,0,1.0
CUST-109671,70.7,Low Risk (Healthy),24,58.9,30.2,23,5,0,0.0,0,3.5
CUST-109672,13.7,High Risk (Critical),8,31.3,6.0,131,41,2,34.6,0,1.0
CUST-109673,83.6,Low Risk (Healthy),29,79.7,68.1,63,28,0,0.0,0,3.5
CUST-109674,80.1,Low Risk (Healthy),24,81.0,68.6,11,2,1,17.8,0,5.0
CUST-109675,35.3,High Risk (Critical),5,25.3,13.2,135,44,0,0.0,0,3.5
CUST-109676,72.1,Low Risk (Healthy),27,55.8,26.9,1371,18,1,5.2,0,4.0
CUST-109677,21.4,High Risk (Critical),14,23.8,4.5,87,3,3,35.3,0,2.0
CUST-109678,55.6,Medium Risk (Warning),15,79.5,51.4,113,32,2,10.3,0,3.5
CUST-109679,28.6,High Risk (Critical),6,44.4,14.1,24,6,2,21.7,0,3.0
CUST-109680,64.6,Medium Risk (Warning),21,52.0,65.5,18,6,0,0.0,0,3.5
CUST-109681,64.1,Medium Risk (Warning),20,80.3,53.0,65,43,2,21.5,0,4.0
CUST-109682,83.9,Low Risk (Healthy),26,94.0,106.2,5522,33,0,0.0,0,3.5
CUST-109683,7.6,High Risk (Critical),1,15.2,19.0,91,12,1,50.2,0,2.0
CUST-109684,72.1,Low Risk (Healthy),25,79.4,36.4,20,44,2,8.8,0,4.0
CUST-109685,29.5,High Risk (Critical),1,24.0,19.5,147,8,0,0.0,0,3.5
CUST-109686,79.6,Low Risk (Healthy),28,77.2,91.8,87,5,1,7.0,0,4.0
CUST-109687,65.7,Medium Risk (Warning),17,73.5,107.3,79,6,0,0.0,0,3.5
CUST-109688,15.6,High Risk (Critical),12,33.0,10.6,24,44,2,66.0,0,1.0
CUST-109689,14.8,High Risk (Critical),11,35.8,17.4,139,37,2,68.7,0,1.0
CUST-109690,63.8,Medium Risk (Warning),18,62.5,36.6,71,42,0,0.0,0,3.5
CUST-109691,71.5,Low Risk (Healthy),19,84.0,52.4,2620,17,0,0.0,0,3.5
CUST-109692,61.4,Medium Risk (Warning),18,57.0,57.5,74,5,2,13.3,0,5.0
CUST-109693,11.9,High Risk (Critical),10,38.4,6.4,64,32,5,61.2,0,2.0
CUST-109694,60.2,Medium Risk (Warning),25,65.0,57.9,3589,12,4,4.8,0,4.0
CUST-109695,5.0,High Risk (Critical),8,36.6,5.6,69,36,4,70.6,0,1.0
CUST-109696,5.0,High Risk (Critical),1,42.9,13.8,69,10,3,72.0,1,2.0
CUST-109697,79.4,Low Risk (Healthy),24,88.0,50.5,106,7,0,0.0,0,3.5
CUST-109698,8.6,High Risk (Critical),13,11.4,19.6,7,10,4,17.2,0,1.0
CUST-109699,70.6,Low Risk (Healthy),24,91.8,56.8,3578,41,2,15.2,0,3.5
CUST-109700,12.7,High Risk (Critical),9,28.8,6.7,6,32,3,15.3,0,1.0
CUST-109701,9.5,High Risk (Critical),4,20.0,21.3,38,30,1,46.4,1,3.0
CUST-109702,17.2,High Risk (Critical),13,22.8,8.9,115,28,3,61.2,1,3.0
CUST-109703,69.6,Medium Risk (Warning),18,81.9,60.5,75,28,0,0.0,0,3.5
CUST-109704,14.1,High Risk (Critical),11,26.8,19.0,99,24,4,36.6,0,2.0
CUST-109705,16.3,High Risk (Critical),6,30.8,6.7,90,10,2,39.6,0,2.0
CUST-109706,59.0,Medium Risk (Warning),15,59.9,58.1,121,39,0,0.0,0,3.5
CUST-109707,5.0,High Risk (Critical),8,17.3,9.1,52,10,4,40.8,0,1.0
CUST-109708,39.0,High Risk (Critical),9,20.1,11.5,21,24,0,0.0,0,3.5
CUST-109709,31.3,High Risk (Critical),11,37.2,9.4,118,7,1,20.0,0,2.0
CUST-109710,5.0,High Risk (Critical),2,21.9,15.6,32,15,2,46.3,1,2.0
CUST-109711,64.3,Medium Risk (Warning),17,59.7,101.1,57,37,1,18.5,0,5.0
CUST-109712,77.8,Low Risk (Healthy),26,73.6,25.9,1320,40,2,7.7,0,5.0
CUST-109713,7.4,High Risk (Critical),9,28.0,19.8,74,40,6,39.4,1,2.0
CUST-109714,75.7,Low Risk (Healthy),27,62.4,108.1,14,16,0,0.0,0,3.5
CUST-109715,74.6,Low Risk (Healthy),25,67.5,56.3,74,35,0,0.0,0,3.5
CUST-109716,9.2,High Risk (Critical),7,16.5,15.2,35,15,1,25.0,1,2.0
CUST-109717,10.0,High Risk (Critical),13,10.4,9.1,57,14,2,68.0,0,1.0
CUST-109718,69.8,Medium Risk (Warning),17,87.2,60.6,41,40,0,0.0,0,3.5
CUST-109719,74.0,Low Risk (Healthy),25,55.0,61.0,4697,7,1,14.6,0,5.0
CUST-109720,45.5,Medium Risk (Warning),12,28.3,8.0,88,41,0,0.0,0,3.5
CUST-109721,71.0,Low Risk (Healthy),21,73.5,95.5,35,19,0,0.0,0,3.5
CUST-109722,10.4,High Risk (Critical),5,41.3,17.0,81,27,3,69.5,0,2.0
CUST-109723,5.0,High Risk (Critical),7,24.1,20.3,53,36,3,53.5,0,1.0
CUST-109724,5.0,High Risk (Critical),8,16.2,17.1,95,34,4,42.1,1,2.0
CUST-109725,68.1,Medium Risk (Warning),19,72.6,38.2,1719,39,0,0.0,0,3.5
CUST-109726,65.2,Medium Risk (Warning),18,67.4,29.1,552,24,0,0.0,0,3.5
CUST-109727,12.4,High Risk (Critical),5,23.2,15.8,17,15,1,25.9,0,1.0
CUST-109728,78.2,Low Risk (Healthy),25,84.0,39.2,91,8,1,2.4,0,4.0
CUST-109729,5.0,High Risk (Critical),6,24.5,6.8,44,26,3,29.2,1,1.0
CUST-109730,5.0,High Risk (Critical),7,24.9,4.9,102,9,3,39.7,1,1.0
CUST-109731,64.4,Medium Risk (Warning),17,69.1,73.9,63,13,0,0.0,0,3.5
CUST-109732,15.7,High Risk (Critical),8,40.1,16.7,12,33,3,27.9,1,3.0
CUST-109733,24.3,High Risk (Critical),5,17.3,4.9,142,20,1,12.7,0,3.0
CUST-109734,19.9,High Risk (Critical),9,41.3,9.7,104,42,2,67.8,0,2.0
CUST-109735,74.8,Low Risk (Healthy),24,72.7,27.0,1998,27,0,0.0,0,3.5
CUST-109736,5.0,High Risk (Critical),5,19.0,5.2,136,16,4,22.5,1,2.0
CUST-109737,63.1,Medium Risk (Warning),18,60.4,100.4,0,23,0,0.0,0,3.5
CUST-109738,5.0,High Risk (Critical),4,19.2,11.4,7,36,2,30.8,1,1.0
CUST-109739,9.8,High Risk (Critical),5,15.9,10.2,143,39,2,44.7,0,2.0
CUST-109740,85.6,Low Risk (Healthy),29,86.3,87.3,873,38,0,0.0,0,3.5
CUST-109741,12.7,High Risk (Critical),1,27.0,22.0,74,24,1,37.5,0,2.0
CUST-109742,60.2,Medium Risk (Warning),15,64.1,54.9,125,23,0,0.0,0,3.5
CUST-109743,84.1,Low Risk (Healthy),28,76.7,62.1,5,36,1,18.2,0,5.0
CUST-109744,5.0,High Risk (Critical),2,12.9,11.0,89,45,1,34.8,1,1.0
CUST-109745,61.2,Medium Risk (Warning),15,67.4,87.1,28,31,0,0.0,0,3.5
CUST-109746,69.5,Medium Risk (Warning),18,81.8,75.3,828,33,0,0.0,0,3.5
CUST-109747,18.4,High Risk (Critical),6,37.7,18.1,1,29,2,39.0,0,2.0
CUST-109748,68.7,Medium Risk (Warning),24,52.4,86.1,55,32,0,0.0,0,3.5
CUST-109749,74.3,Low Risk (Healthy),23,76.8,46.8,2620,44,2,10.9,0,5.0
CUST-109750,12.8,High Risk (Critical),9,30.9,21.3,4,40,1,51.6,1,2.0
CUST-109751,16.3,High Risk (Critical),9,23.9,11.9,105,32,1,54.7,1,3.0
CUST-109752,5.0,High Risk (Critical),7,10.1,4.5,97,2,1,58.0,1,2.0
CUST-109753,80.4,Low Risk (Healthy),28,73.7,46.3,101,32,0,0.0,0,3.5
CUST-109754,9.1,High Risk (Critical),12,13.1,16.1,93,9,3,38.7,0,1.0
CUST-109755,64.8,Medium Risk (Warning),21,54.5,94.0,18,24,2,12.4,0,5.0
CUST-109756,52.8,Medium Risk (Warning),14,43.9,7.6,69,20,0,0.0,0,3.5
CUST-109757,15.1,High Risk (Critical),10,33.7,4.3,140,33,1,50.5,1,2.0
CUST-109758,5.0,High Risk (Critical),1,16.6,13.6,129,15,2,47.7,0,1.0
CUST-109759,21.7,High Risk (Critical),6,26.5,19.7,58,9,2,33.8,0,3.0
CUST-109760,74.9,Low Risk (Healthy),23,65.6,54.5,31,2,1,11.9,0,5.0
CUST-109761,86.3,Low Risk (Healthy),29,73.2,86.8,45,9,1,2.6,0,5.0
CUST-109762,82.5,Low Risk (Healthy),29,86.6,51.6,122,4,1,16.9,0,4.0
CUST-109763,6.6,High Risk (Critical),9,25.5,5.7,104,25,3,67.7,1,2.0
CUST-109764,9.6,High Risk (Critical),14,15.3,7.9,125,26,2,13.0,1,1.0
CUST-109765,12.2,High Risk (Critical),14,21.7,8.9,41,31,5,45.2,0,2.0
CUST-109766,70.0,Low Risk (Healthy),17,87.7,90.8,5357,4,0,0.0,0,3.5
CUST-109767,9.6,High Risk (Critical),10,36.5,9.1,115,4,4,37.2,0,1.0
CUST-109768,65.8,Medium Risk (Warning),29,56.8,107.8,2479,29,3,15.4,0,4.0
CUST-109769,25.0,High Risk (Critical),11,25.6,8.3,131,43,2,59.0,0,3.0
CUST-109770,59.0,Medium Risk (Warning),15,78.2,90.3,117,6,1,11.5,0,3.5
CUST-109771,15.1,High Risk (Critical),4,11.1,9.7,132,13,1,60.3,0,3.0
CUST-109772,60.5,Medium Risk (Warning),18,56.6,48.9,3520,20,1,3.5,0,4.0
CUST-109773,44.7,High Risk (Critical),8,43.6,11.9,45,12,0,0.0,0,3.5
CUST-109774,5.0,High Risk (Critical),3,15.6,12.7,8,27,3,50.7,0,2.0
CUST-109775,62.5,Medium Risk (Warning),18,58.5,85.9,64,11,0,0.0,0,3.5
CUST-109776,8.5,High Risk (Critical),11,11.2,9.5,55,23,1,12.3,1,1.0
CUST-109777,59.8,Medium Risk (Warning),18,79.2,28.8,14,8,2,7.6,0,3.5
CUST-109778,11.4,High Risk (Critical),13,43.7,13.9,98,40,6,27.2,0,1.0
CUST-109779,5.7,High Risk (Critical),10,17.9,10.4,24,38,3,55.9,0,1.0
CUST-109780,72.3,Low Risk (Healthy),16,91.8,94.4,44,28,1,20.5,0,5.0
CUST-109781,70.0,Low Risk (Healthy),16,92.5,35.7,499,44,2,8.7,0,5.0
CUST-109782,69.9,Medium Risk (Warning),22,51.9,69.7,6,2,1,7.8,0,5.0
CUST-109783,12.9,High Risk (Critical),2,26.6,5.7,131,20,2,61.9,0,3.0
CUST-109784,70.5,Low Risk (Healthy),22,71.8,82.6,99,39,1,2.8,0,4.0
CUST-109785,27.4,High Risk (Critical),5,42.5,5.5,124,22,1,47.9,0,3.0
CUST-109786,10.7,High Risk (Critical),9,39.1,6.4,69,43,4,41.6,1,2.0
CUST-109787,71.1,Low Risk (Healthy),28,70.8,30.0,1380,14,2,4.1,0,3.5
CUST-109788,70.8,Low Risk (Healthy),22,68.1,25.4,27,9,0,0.0,0,3.5
CUST-109789,26.9,High Risk (Critical),6,27.9,15.3,112,15,1,27.4,0,3.0
CUST-109790,5.0,High Risk (Critical),6,42.6,20.2,141,1,2,45.8,1,1.0
CUST-109791,58.0,Medium Risk (Warning),17,56.9,60.4,3020,35,1,13.6,0,4.0
CUST-109792,79.4,Low Risk (Healthy),24,88.1,27.9,1116,8,0,0.0,0,3.5
CUST-109793,5.0,High Risk (Critical),1,15.9,4.4,110,30,2,29.0,1,1.0
CUST-109794,83.6,Low Risk (Healthy),25,85.2,70.4,70,10,1,10.1,0,5.0
CUST-109795,61.6,Medium Risk (Warning),16,64.2,71.3,104,26,0,0.0,0,3.5
CUST-109796,81.6,Low Risk (Healthy),25,91.0,79.1,2689,8,0,0.0,0,3.5
CUST-109797,74.8,Low Risk (Healthy),21,75.0,64.2,95,9,1,14.0,0,5.0
CUST-109798,6.7,High Risk (Critical),6,19.0,5.7,69,27,4,65.4,1,3.0
CUST-109799,20.6,High Risk (Critical),12,11.4,18.2,89,17,1,54.5,0,2.0
CUST-109800,76.7,Low Risk (Healthy),29,79.6,47.4,39,39,1,22.9,0,3.5
CUST-109801,63.3,Medium Risk (Warning),15,60.0,54.2,3468,45,1,5.3,0,5.0
CUST-109802,80.9,Low Risk (Healthy),28,75.1,38.3,919,17,0,0.0,0,3.5
CUST-109803,21.8,High Risk (Critical),11,29.8,18.8,3,16,1,46.6,1,3.0
CUST-109804,5.0,High Risk (Critical),2,40.9,14.0,2,40,3,30.8,1,2.0
CUST-109805,26.2,High Risk (Critical),1,12.8,11.7,110,13,0,0.0,0,3.5
CUST-109806,6.1,High Risk (Critical),3,25.1,18.2,43,25,2,27.3,0,1.0
CUST-109807,24.4,High Risk (Critical),14,18.3,9.4,144,9,1,61.7,0,2.0
CUST-109808,6.0,High Risk (Critical),2,23.1,7.7,14,27,4,44.4,0,3.0
CUST-109809,17.4,High Risk (Critical),4,31.2,9.5,51,28,3,26.1,0,3.0
CUST-109810,14.7,High Risk (Critical),12,12.6,15.5,137,22,3,40.9,0,2.0
CUST-109811,48.1,Medium Risk (Warning),13,32.7,17.1,125,29,0,0.0,0,3.5
CUST-109812,26.4,High Risk (Critical),10,37.0,5.6,66,18,2,64.0,0,3.0
CUST-109813,70.6,Low Risk (Healthy),28,66.1,92.8,3619,4,2,20.5,0,4.0
CUST-109814,8.2,High Risk (Critical),4,25.2,18.6,68,18,2,21.8,0,1.0
CUST-109815,14.4,High Risk (Critical),4,44.5,7.1,3,2,1,65.9,1,3.0
CUST-109816,21.8,High Risk (Critical),10,12.0,8.6,56,11,2,40.9,0,3.0
CUST-109817,67.2,Medium Risk (Warning),21,60.8,107.3,116,25,0,0.0,0,3.5
CUST-109818,11.0,High Risk (Critical),1,32.4,14.9,50,37,1,64.5,0,2.0
CUST-109819,75.5,Low Risk (Healthy),25,70.7,68.9,50,44,0,0.0,0,3.5
CUST-109820,5.0,High Risk (Critical),8,19.6,17.4,122,29,4,42.3,0,1.0
CUST-109821,75.9,Low Risk (Healthy),29,58.7,42.8,120,45,1,2.8,0,4.0
CUST-109822,18.7,High Risk (Critical),12,44.1,18.2,83,16,2,36.1,1,2.0
CUST-109823,15.1,High Risk (Critical),6,25.3,19.8,119,17,1,36.3,1,3.0
CUST-109824,26.3,High Risk (Critical),13,37.2,16.2,37,37,3,65.9,0,3.0
CUST-109825,36.2,High Risk (Critical),9,10.6,9.3,106,43,0,0.0,0,3.5
CUST-109826,76.3,Low Risk (Healthy),29,55.5,44.2,128,44,0,0.0,0,3.5
CUST-109827,72.4,Low Risk (Healthy),19,86.9,81.4,5860,7,0,0.0,0,3.5
CUST-109828,64.1,Medium Risk (Warning),21,63.3,26.3,122,25,1,22.9,0,4.0
CUST-109829,9.1,High Risk (Critical),10,29.1,20.3,54,16,2,61.1,1,2.0
CUST-109830,24.6,High Risk (Critical),10,12.6,15.4,30,44,1,52.1,0,3.0
CUST-109831,19.5,High Risk (Critical),7,39.5,16.2,11,13,3,13.4,0,2.0
CUST-109832,69.5,Medium Risk (Warning),18,88.1,37.6,27,16,1,7.8,0,4.0
CUST-109833,8.6,High Risk (Critical),9,19.4,6.6,18,41,2,57.4,0,1.0
CUST-109834,5.0,High Risk (Critical),9,19.3,10.9,6,2,3,21.9,1,1.0
CUST-109835,46.9,Medium Risk (Warning),15,55.4,97.5,6630,40,2,21.7,0,3.5
CUST-109836,5.0,High Risk (Critical),1,24.8,19.7,61,34,2,37.0,0,1.0
CUST-109837,9.5,High Risk (Critical),1,44.5,16.8,61,44,2,25.2,0,1.0
CUST-109838,69.7,Medium Risk (Warning),23,60.0,25.5,1453,18,0,0.0,0,3.5
CUST-109839,10.9,High Risk (Critical),5,28.2,13.8,18,13,1,65.6,1,3.0
CUST-109840,15.6,High Risk (Critical),6,33.9,20.7,133,27,3,20.2,0,2.0
CUST-109841,5.0,High Risk (Critical),9,14.6,21.9,133,11,2,49.3,1,2.0
CUST-109842,83.1,Low Risk (Healthy),28,71.4,26.3,973,21,1,13.1,0,5.0
CUST-109843,80.5,Low Risk (Healthy),23,88.8,87.8,144,34,1,22.3,0,5.0
CUST-109844,24.5,High Risk (Critical),12,26.1,6.2,64,11,1,26.9,1,3.0
CUST-109845,40.1,High Risk (Critical),8,28.0,4.1,25,1,0,0.0,0,3.5
CUST-109846,19.0,High Risk (Critical),7,44.7,10.2,74,14,2,30.1,1,3.0
CUST-109847,5.0,High Risk (Critical),7,13.1,14.5,10,13,4,14.3,0,1.0
CUST-109848,19.0,High Risk (Critical),3,20.2,10.2,15,34,1,40.2,0,3.0
CUST-109849,9.0,High Risk (Critical),7,11.2,7.0,33,3,2,29.4,1,3.0
CUST-109850,29.6,High Risk (Critical),1,24.2,21.2,85,8,0,0.0,0,3.5
CUST-109851,11.1,High Risk (Critical),9,40.4,10.3,27,21,5,43.1,1,2.0
CUST-109852,22.5,High Risk (Critical),7,37.2,13.3,24,40,2,16.3,0,2.0
CUST-109853,80.0,Low Risk (Healthy),29,55.3,74.1,86,33,1,10.2,0,5.0
CUST-109854,77.1,Low Risk (Healthy),25,75.9,52.7,1264,45,0,0.0,0,3.5
CUST-109855,65.3,Medium Risk (Warning),22,50.0,94.7,1231,42,0,0.0,0,3.5
CUST-109856,5.0,High Risk (Critical),2,23.0,15.7,15,0,2,56.9,0,1.0
CUST-109857,16.9,High Risk (Critical),12,40.6,13.6,83,29,2,42.3,1,2.0
CUST-109858,11.8,High Risk (Critical),10,31.3,18.7,147,32,1,71.2,1,2.0
CUST-109859,15.6,High Risk (Critical),11,22.8,11.1,49,37,1,30.9,1,2.0
CUST-109860,75.0,Low Risk (Healthy),25,68.9,82.3,88,43,0,0.0,0,3.5
CUST-109861,7.7,High Risk (Critical),8,41.2,19.2,18,16,2,26.5,1,1.0
CUST-109862,16.0,High Risk (Critical),11,27.8,5.3,41,11,3,55.7,0,2.0
CUST-109863,68.7,Medium Risk (Warning),15,92.3,77.2,50,43,0,0.0,0,3.5
CUST-109864,6.1,High Risk (Critical),2,22.5,9.5,21,39,1,58.6,1,3.0
CUST-109865,5.0,High Risk (Critical),7,44.9,5.9,102,17,4,55.4,1,1.0
CUST-109866,76.7,Low Risk (Healthy),24,79.1,49.0,135,23,0,0.0,0,3.5
CUST-109867,9.3,High Risk (Critical),5,30.1,19.8,101,28,3,18.8,1,3.0
CUST-109868,33.9,High Risk (Critical),5,20.9,8.1,71,19,0,0.0,0,3.5
CUST-109869,5.0,High Risk (Critical),6,16.6,20.2,1,38,2,16.9,1,1.0
CUST-109870,13.6,High Risk (Critical),2,18.6,16.1,75,36,2,36.8,0,3.0
CUST-109871,80.9,Low Risk (Healthy),23,87.5,32.8,2197,33,1,15.8,0,5.0
CUST-109872,9.0,High Risk (Critical),6,15.9,13.8,126,43,1,14.0,1,2.0
CUST-109873,69.5,Medium Risk (Warning),15,94.9,58.5,0,14,0,0.0,0,3.5
CUST-109874,30.0,High Risk (Critical),2,21.2,19.6,78,8,0,0.0,0,3.5
CUST-109875,74.1,Low Risk (Healthy),28,52.7,81.4,147,9,0,0.0,0,3.5
CUST-109876,66.3,Medium Risk (Warning),23,69.2,106.4,4043,6,1,17.1,0,3.5
CUST-109877,85.3,Low Risk (Healthy),29,75.2,42.0,2814,40,1,15.2,0,5.0
CUST-109878,5.0,High Risk (Critical),4,16.5,16.5,9,43,3,68.9,0,1.0
CUST-109879,8.7,High Risk (Critical),5,34.4,5.4,18,34,2,18.0,1,2.0
CUST-109880,72.2,Low Risk (Healthy),19,86.3,103.0,46,8,0,0.0,0,3.5
CUST-109881,38.8,High Risk (Critical),6,32.7,13.3,60,5,0,0.0,0,3.5
CUST-109882,12.8,High Risk (Critical),7,26.8,15.2,112,13,3,36.5,0,2.0
CUST-109883,39.6,High Risk (Critical),4,44.1,9.9,11,8,0,0.0,0,3.5
CUST-109884,70.5,Low Risk (Healthy),17,89.3,93.1,137,13,0,0.0,0,3.5
CUST-109885,78.6,Low Risk (Healthy),25,88.2,48.3,3332,23,1,9.3,0,4.0
CUST-109886,5.0,High Risk (Critical),3,17.6,8.5,111,29,2,49.3,1,2.0
CUST-109887,37.8,High Risk (Critical),5,33.8,13.3,119,9,0,0.0,0,3.5
CUST-109888,51.7,Medium Risk (Warning),17,62.7,108.7,3369,18,2,21.9,0,3.5
CUST-109889,37.8,High Risk (Critical),8,20.4,10.9,100,0,0,0.0,0,3.5
CUST-109890,62.2,Medium Risk (Warning),15,83.6,84.1,123,0,1,23.4,0,4.0
CUST-109891,39.4,High Risk (Critical),11,12.4,19.4,38,30,0,0.0,0,3.5
CUST-109892,15.6,High Risk (Critical),11,37.0,14.0,10,34,4,49.6,0,2.0
CUST-109893,5.0,High Risk (Critical),8,11.6,18.0,20,3,1,62.0,1,1.0
CUST-109894,5.9,High Risk (Critical),9,12.4,14.5,49,31,2,30.3,1,2.0
CUST-109895,5.0,High Risk (Critical),5,22.9,19.0,86,26,1,53.9,1,2.0
CUST-109896,74.0,Low Risk (Healthy),22,78.4,38.7,43,23,2,7.2,0,5.0
CUST-109897,73.4,Low Risk (Healthy),25,56.8,39.8,45,25,1,23.8,0,5.0
CUST-109898,63.2,Medium Risk (Warning),18,66.7,96.2,139,10,1,6.8,0,4.0
CUST-109899,17.2,High Risk (Critical),14,38.3,5.7,126,1,3,52.3,1,2.0
CUST-109900,81.5,Low Risk (Healthy),25,90.4,64.9,1103,23,0,0.0,0,3.5
CUST-109901,5.0,High Risk (Critical),13,20.2,21.5,32,12,2,64.0,1,1.0
CUST-109902,82.8,Low Risk (Healthy),26,79.3,107.6,4842,29,1,12.9,0,5.0
CUST-109903,61.7,Medium Risk (Warning),16,84.8,92.6,36,3,2,8.9,0,4.0
CUST-109904,73.3,Low Risk (Healthy),25,63.2,32.8,141,7,0,0.0,0,3.5
CUST-109905,5.0,High Risk (Critical),2,12.2,20.2,48,14,4,53.5,1,3.0
CUST-109906,69.1,Medium Risk (Warning),18,80.2,97.5,87,5,0,0.0,0,3.5
CUST-109907,22.4,High Risk (Critical),4,24.2,12.6,69,32,1,33.7,0,3.0
CUST-109908,7.3,High Risk (Critical),6,38.7,20.2,60,12,2,50.4,1,2.0
CUST-109909,33.5,High Risk (Critical),14,27.1,19.9,51,3,1,58.2,0,3.0
CUST-109910,5.0,High Risk (Critical),8,14.3,15.5,27,7,4,22.8,0,1.0
CUST-109911,5.0,High Risk (Critical),4,25.7,4.5,30,8,2,49.8,1,1.0
CUST-109912,43.6,High Risk (Critical),8,39.7,5.5,145,3,0,0.0,0,3.5
CUST-109913,5.0,High Risk (Critical),10,17.1,10.3,104,6,3,28.0,1,1.0
CUST-109914,13.9,High Risk (Critical),8,13.1,9.8,32,4,1,21.6,0,1.0
CUST-109915,86.3,Low Risk (Healthy),28,93.1,104.5,24,6,0,0.0,0,3.5
CUST-109916,37.5,High Risk (Critical),8,19.5,20.2,24,43,0,0.0,0,3.5
CUST-109917,13.7,High Risk (Critical),7,21.4,6.7,122,5,2,48.5,0,2.0
CUST-109918,82.5,Low Risk (Healthy),25,85.4,26.8,141,38,1,19.9,0,5.0
CUST-109919,15.6,High Risk (Critical),7,28.2,11.6,54,4,2,49.4,0,2.0
CUST-109920,56.1,Medium Risk (Warning),15,50.4,38.5,137,6,0,0.0,0,3.5
CUST-109921,5.0,High Risk (Critical),1,22.9,4.2,29,32,2,70.7,0,2.0
CUST-109922,70.3,Low Risk (Healthy),27,66.3,50.0,550,44,2,13.0,0,4.0
CUST-109923,31.4,High Risk (Critical),1,30.1,10.6,137,22,0,0.0,0,3.5
CUST-109924,18.5,High Risk (Critical),11,26.1,4.2,98,27,1,16.2,1,2.0
CUST-109925,70.5,Low Risk (Healthy),18,85.1,34.8,56,2,0,0.0,0,3.5
CUST-109926,75.5,Low Risk (Healthy),27,69.7,99.6,30,4,1,11.6,0,4.0
CUST-109927,13.7,High Risk (Critical),6,42.4,4.9,25,19,5,47.6,0,3.0
CUST-109928,69.6,Medium Risk (Warning),23,72.8,86.4,51,12,1,23.1,0,4.0
CUST-109929,5.0,High Risk (Critical),2,26.6,13.8,91,31,2,56.0,1,3.0
CUST-109930,5.0,High Risk (Critical),3,34.8,17.9,67,31,3,67.0,1,2.0
CUST-109931,44.1,High Risk (Critical),14,14.8,16.4,3,16,0,0.0,0,3.5
CUST-109932,5.0,High Risk (Critical),5,36.3,7.8,19,23,1,59.6,1,1.0
CUST-109933,14.3,High Risk (Critical),11,42.2,16.3,71,16,6,48.6,1,2.0
CUST-109934,57.4,Medium Risk (Warning),20,65.7,84.3,68,29,3,7.8,0,4.0
CUST-109935,6.8,High Risk (Critical),3,12.4,10.3,143,19,1,71.6,0,2.0
CUST-109936,9.6,High Risk (Critical),8,11.3,5.8,6,39,1,67.6,1,3.0
CUST-109937,71.9,Low Risk (Healthy),27,70.6,101.1,7380,9,2,10.1,0,4.0
CUST-109938,11.2,High Risk (Critical),14,28.6,11.2,63,23,1,64.0,1,1.0
CUST-109939,38.5,High Risk (Critical),4,40.5,4.2,141,14,0,0.0,0,3.5
CUST-109940,24.5,High Risk (Critical),8,44.6,8.7,123,4,2,28.6,0,2.0
CUST-109941,5.0,High Risk (Critical),12,20.0,21.2,116,26,2,44.5,1,1.0
CUST-109942,11.9,High Risk (Critical),9,43.0,7.2,64,20,3,53.9,1,2.0
CUST-109943,14.1,High Risk (Critical),8,29.0,17.4,59,17,2,42.0,1,3.0
CUST-109944,86.4,Low Risk (Healthy),28,93.7,48.6,729,12,0,0.0,0,3.5
CUST-109945,57.2,Medium Risk (Warning),16,51.1,99.0,146,25,2,11.9,0,5.0
CUST-109946,14.4,High Risk (Critical),9,27.9,13.0,142,45,2,31.8,0,1.0
CUST-109947,70.0,Low Risk (Healthy),18,88.9,55.8,40,22,2,21.3,0,5.0
CUST-109948,13.4,High Risk (Critical),8,18.1,12.5,89,18,2,53.3,0,2.0
CUST-109949,12.1,High Risk (Critical),9,22.1,4.3,72,3,3,52.1,0,2.0
CUST-109950,13.5,High Risk (Critical),12,35.1,16.1,31,19,4,64.6,1,2.0
CUST-109951,83.2,Low Risk (Healthy),26,91.7,29.5,78,9,0,0.0,0,3.5
CUST-109952,62.3,Medium Risk (Warning),18,57.8,39.3,103,11,0,0.0,0,3.5
CUST-109953,66.7,Medium Risk (Warning),18,72.4,76.8,5990,18,0,0.0,0,3.5
CUST-109954,61.6,Medium Risk (Warning),18,76.2,37.9,70,29,1,17.9,0,3.5
CUST-109955,66.2,Medium Risk (Warning),21,61.8,90.8,71,17,1,2.5,0,4.0
CUST-109956,19.8,High Risk (Critical),8,17.9,4.5,113,10,3,18.1,0,3.0
CUST-109957,82.7,Low Risk (Healthy),29,64.0,59.7,109,10,1,9.2,0,5.0
CUST-109958,13.3,High Risk (Critical),13,21.7,20.0,62,5,3,36.2,0,1.0
CUST-109959,23.8,High Risk (Critical),7,18.3,12.8,7,36,1,39.8,0,3.0
CUST-109960,26.6,High Risk (Critical),12,31.1,20.0,4,23,2,69.9,0,3.0
CUST-109961,76.4,Low Risk (Healthy),21,79.2,32.3,50,3,1,10.5,0,5.0
CUST-109962,15.6,High Risk (Critical),8,39.8,20.4,97,41,3,63.2,1,3.0
CUST-109963,5.0,High Risk (Critical),6,13.2,19.4,40,26,5,42.9,0,3.0
CUST-109964,64.2,Medium Risk (Warning),16,78.8,30.9,2132,2,1,6.2,0,4.0
CUST-109965,11.9,High Risk (Critical),5,24.9,18.9,48,10,2,17.8,1,3.0
CUST-109966,16.6,High Risk (Critical),3,15.0,7.2,113,33,1,47.1,0,3.0
CUST-109967,26.1,High Risk (Critical),9,22.8,7.0,1,23,2,21.7,0,3.0
CUST-109968,67.7,Medium Risk (Warning),23,79.6,73.7,2063,43,2,22.7,0,4.0
CUST-109969,58.4,Medium Risk (Warning),15,57.9,75.4,144,4,0,0.0,0,3.5
CUST-109970,38.7,High Risk (Critical),14,32.0,16.3,131,11,1,28.5,0,3.0
CUST-109971,5.0,High Risk (Critical),6,12.3,13.3,129,18,2,29.5,1,2.0
CUST-109972,17.4,High Risk (Critical),13,18.3,4.0,130,13,2,27.7,0,1.0
CUST-109973,62.6,Medium Risk (Warning),22,50.7,80.7,100,12,1,15.3,0,4.0
CUST-109974,83.9,Low Risk (Healthy),27,80.9,103.6,130,18,1,19.0,0,5.0
CUST-109975,8.2,High Risk (Critical),3,18.9,10.9,58,15,1,28.1,0,1.0
CUST-109976,57.2,Medium Risk (Warning),20,52.1,33.8,123,38,1,16.9,0,3.5
CUST-109977,7.0,High Risk (Critical),3,34.1,12.3,45,39,2,41.8,0,1.0
CUST-109978,20.9,High Risk (Critical),7,38.9,8.6,76,43,1,33.2,1,3.0
CUST-109979,61.2,Medium Risk (Warning),15,67.2,70.1,911,4,0,0.0,0,3.5
CUST-109980,78.5,Low Risk (Healthy),25,80.5,79.6,3422,3,0,0.0,0,3.5
CUST-109981,80.0,Low Risk (Healthy),26,81.1,74.9,30,41,0,0.0,0,3.5
CUST-109982,15.1,High Risk (Critical),9,33.6,7.3,33,15,6,34.2,0,3.0
CUST-109983,5.0,High Risk (Critical),5,16.7,11.6,1,43,4,56.8,1,2.0
CUST-109984,70.7,Low Risk (Healthy),26,61.8,64.6,122,31,1,20.0,0,4.0
CUST-109985,10.2,High Risk (Critical),14,35.0,12.8,150,36,3,63.6,1,1.0
CUST-109986,5.0,High Risk (Critical),12,23.8,14.9,67,11,3,18.2,1,1.0
CUST-109987,23.8,High Risk (Critical),5,32.1,14.9,7,6,1,51.8,0,3.0
CUST-109988,69.3,Medium Risk (Warning),22,63.3,55.7,2562,0,0,0.0,0,3.5
CUST-109989,75.2,Low Risk (Healthy),18,86.7,39.5,59,30,1,6.3,0,5.0
CUST-109990,72.0,Low Risk (Healthy),22,91.9,106.9,95,11,1,15.2,0,3.5
CUST-109991,82.7,Low Risk (Healthy),28,66.7,51.1,562,10,1,5.3,0,5.0
CUST-109992,5.0,High Risk (Critical),9,10.2,20.7,75,41,1,56.1,1,1.0
CUST-109993,20.9,High Risk (Critical),11,44.1,15.8,22,27,3,59.0,1,3.0
CUST-109994,37.2,High Risk (Critical),4,36.2,14.2,6,29,0,0.0,0,3.5
CUST-109995,58.1,Medium Risk (Warning),16,52.7,90.7,3355,32,0,0.0,0,3.5
CUST-109996,10.7,High Risk (Critical),11,17.7,7.8,15,18,2,58.2,0,1.0
CUST-109997,13.6,High Risk (Critical),6,17.6,13.5,99,10,1,13.1,0,1.0
CUST-109998,46.8,Medium Risk (Warning),14,23.8,10.4,61,16,0,0.0,0,3.5
CUST-109999,18.9,High Risk (Critical),12,32.8,10.5,107,35,2,39.9,0,1.0
CUST-110000,71.0,Low Risk (Healthy),16,87.4,41.1,739,38,1,20.8,0,5.0
CUST-110001,38.5,High Risk (Critical),4,40.6,21.8,91,42,0,0.0,0,3.5
CUST-110002,10.6,High Risk (Critical),5,30.7,11.8,61,18,1,25.9,1,2.0
CUST-110003,5.0,High Risk (Critical),12,25.9,16.6,113,43,6,23.9,1,1.0
CUST-110004,15.9,High Risk (Critical),9,28.6,10.3,15,22,1,53.4,0,1.0
CUST-110005,86.2,Low Risk (Healthy),28,92.8,80.1,131,19,0,0.0,0,3.5
CUST-110006,71.7,Low Risk (Healthy),21,76.5,38.6,142,5,2,10.1,0,5.0
CUST-110007,75.1,Low Risk (Healthy),26,93.5,53.0,128,11,2,5.3,0,3.5
CUST-110008,19.1,High Risk (Critical),14,24.7,7.2,63,6,3,35.9,1,3.0
CUST-110009,9.6,High Risk (Critical),10,27.8,17.3,45,5,3,48.9,0,1.0
CUST-110010,31.2,High Risk (Critical),11,40.0,16.5,67,23,3,12.0,0,3.0
CUST-110011,64.1,Medium Risk (Warning),21,52.6,29.0,1740,19,2,13.6,0,5.0
CUST-110012,22.7,High Risk (Critical),12,20.1,19.7,36,0,1,27.0,1,3.0
CUST-110013,75.3,Low Risk (Healthy),29,59.8,81.3,2764,38,1,10.6,0,4.0
CUST-110014,21.5,High Risk (Critical),11,12.3,17.4,91,36,1,38.9,0,2.0
CUST-110015,5.0,High Risk (Critical),1,10.1,5.1,88,33,4,38.4,1,3.0
CUST-110016,33.4,High Risk (Critical),2,32.3,6.7,105,34,0,0.0,0,3.5
CUST-110017,8.7,High Risk (Critical),2,37.2,6.9,105,31,2,25.3,0,1.0
CUST-110018,11.9,High Risk (Critical),9,32.3,21.3,76,20,3,30.5,0,1.0
CUST-110019,69.8,Medium Risk (Warning),23,86.2,59.3,126,15,2,21.6,0,4.0
CUST-110020,65.4,Medium Risk (Warning),18,68.0,72.3,45,33,0,0.0,0,3.5
CUST-110021,5.0,High Risk (Critical),5,30.7,16.0,129,24,1,51.5,1,1.0
CUST-110022,17.5,High Risk (Critical),3,42.0,21.0,120,9,2,24.8,0,2.0
CUST-110023,6.5,High Risk (Critical),10,10.1,6.3,120,21,1,15.0,1,1.0
CUST-110024,13.4,High Risk (Critical),5,27.2,7.0,32,33,3,59.2,0,3.0
CUST-110025,72.1,Low Risk (Healthy),27,50.2,63.2,26,43,0,0.0,0,3.5
CUST-110026,9.1,High Risk (Critical),4,42.6,10.8,3,35,2,24.2,1,2.0
CUST-110027,6.3,High Risk (Critical),4,29.2,9.0,46,23,1,46.5,1,2.0
CUST-110028,12.5,High Risk (Critical),5,13.9,4.8,96,32,2,18.6,0,2.0
CUST-110029,13.7,High Risk (Critical),9,20.6,15.7,149,32,2,19.5,0,1.0
CUST-110030,26.1,High Risk (Critical),10,24.9,12.6,63,25,1,69.9,0,3.0
CUST-110031,5.0,High Risk (Critical),5,17.8,13.4,137,40,2,63.3,0,1.0
CUST-110032,69.0,Medium Risk (Warning),24,53.5,98.3,11,20,0,0.0,0,3.5
CUST-110033,61.7,Medium Risk (Warning),20,65.3,38.5,1193,10,1,12.1,0,3.5
CUST-110034,11.4,High Risk (Critical),4,34.3,18.5,135,41,2,65.8,0,2.0
CUST-110035,5.0,High Risk (Critical),6,19.5,12.8,26,31,2,24.5,1,2.0
CUST-110036,77.8,Low Risk (Healthy),24,82.8,25.3,24,0,0,0.0,0,3.5
CUST-110037,5.0,High Risk (Critical),5,36.2,17.2,116,33,2,25.9,1,1.0
CUST-110038,71.4,Low Risk (Healthy),26,52.3,92.3,77,10,0,0.0,0,3.5
CUST-110039,16.6,High Risk (Critical),9,34.1,10.0,95,28,5,28.7,0,3.0
CUST-110040,71.3,Low Risk (Healthy),19,92.9,107.2,5,19,1,15.4,0,4.0
CUST-110041,35.7,High Risk (Critical),6,22.3,8.7,123,28,0,0.0,0,3.5
CUST-110042,23.5,High Risk (Critical),13,43.9,8.2,17,38,3,44.6,1,3.0
CUST-110043,5.0,High Risk (Critical),2,16.3,20.9,80,35,2,46.3,1,1.0
CUST-110044,22.8,High Risk (Critical),10,33.6,10.8,75,43,1,21.3,0,1.0
CUST-110045,77.8,Low Risk (Healthy),24,82.5,101.2,7792,32,0,0.0,0,3.5
CUST-110046,21.9,High Risk (Critical),14,17.6,5.7,144,4,2,48.2,0,2.0
CUST-110047,74.9,Low Risk (Healthy),28,58.4,26.5,1696,19,2,15.6,0,5.0
CUST-110048,27.1,High Risk (Critical),12,38.8,18.9,86,18,4,20.0,0,3.0
CUST-110049,17.6,High Risk (Critical),9,15.5,20.2,148,22,3,40.6,0,3.0
CUST-110050,19.4,High Risk (Critical),9,17.0,19.5,1,6,3,29.9,0,3.0
CUST-110051,58.4,Medium Risk (Warning),16,53.4,25.7,109,2,0,0.0,0,3.5
CUST-110052,8.2,High Risk (Critical),8,33.5,6.0,128,11,2,52.5,1,2.0
CUST-110053,5.3,High Risk (Critical),11,12.1,9.5,131,25,3,39.7,1,2.0
CUST-110054,17.2,High Risk (Critical),8,18.6,17.8,18,18,3,40.0,0,3.0
CUST-110055,80.1,Low Risk (Healthy),27,75.0,38.2,121,6,2,3.0,0,5.0
CUST-110056,74.6,Low Risk (Healthy),19,94.2,80.2,3208,11,0,0.0,0,3.5
CUST-110057,14.0,High Risk (Critical),7,12.4,8.4,34,6,1,24.2,1,3.0
CUST-110058,10.5,High Risk (Critical),12,21.9,7.1,34,0,4,64.3,0,2.0
CUST-110059,73.9,Low Risk (Healthy),20,76.0,61.0,1037,15,1,12.8,0,5.0
CUST-110060,42.9,High Risk (Critical),11,24.1,14.4,93,20,0,0.0,0,3.5
CUST-110061,12.8,High Risk (Critical),3,21.1,14.8,107,41,1,12.0,1,3.0
CUST-110062,21.5,High Risk (Critical),12,29.5,11.1,50,15,4,43.0,0,3.0
CUST-110063,64.7,Medium Risk (Warning),17,87.3,34.2,51,32,1,9.1,0,3.5
CUST-110064,17.2,High Risk (Critical),12,13.0,14.8,148,29,1,53.2,1,3.0
CUST-110065,5.0,High Risk (Critical),2,25.3,15.2,16,1,2,54.7,1,3.0
CUST-110066,59.0,Medium Risk (Warning),15,63.7,107.1,1927,32,2,17.0,0,5.0
CUST-110067,56.8,Medium Risk (Warning),17,54.6,90.9,78,6,1,17.8,0,4.0
CUST-110068,32.9,High Risk (Critical),14,29.2,5.7,98,28,2,36.0,0,3.0
CUST-110069,63.9,Medium Risk (Warning),17,75.2,46.6,19,42,1,10.5,0,4.0
CUST-110070,68.6,Medium Risk (Warning),22,72.4,65.9,56,22,1,19.9,0,4.0
CUST-110071,73.1,Low Risk (Healthy),18,93.8,51.1,40,4,0,0.0,0,3.5
CUST-110072,38.5,High Risk (Critical),6,31.5,12.6,148,31,0,0.0,0,3.5
CUST-110073,5.0,High Risk (Critical),3,10.6,14.9,27,7,2,33.5,0,1.0
CUST-110074,67.8,Medium Risk (Warning),18,75.9,48.3,821,7,0,0.0,0,3.5
CUST-110075,77.8,Low Risk (Healthy),28,65.0,77.1,4009,21,0,0.0,0,3.5
CUST-110076,72.3,Low Risk (Healthy),19,75.4,81.7,43,15,1,13.0,0,5.0
CUST-110077,58.6,Medium Risk (Warning),15,72.2,76.7,5,33,3,8.6,0,5.0
CUST-110078,33.7,High Risk (Critical),2,33.5,4.2,78,24,0,0.0,0,3.5
CUST-110079,5.0,High Risk (Critical),1,28.5,14.0,14,6,2,37.6,1,2.0
CUST-110080,46.1,Medium Risk (Warning),10,39.3,5.4,14,10,0,0.0,0,3.5
CUST-110081,71.7,Low Risk (Healthy),19,84.6,65.1,1952,16,0,0.0,0,3.5
CUST-110082,5.0,High Risk (Critical),4,39.0,14.3,46,14,3,23.0,1,2.0
CUST-110083,76.3,Low Risk (Healthy),27,79.4,51.8,115,16,1,4.5,0,3.5
CUST-110084,60.8,Medium Risk (Warning),20,56.8,37.1,1521,0,1,23.3,0,4.0
CUST-110085,5.0,High Risk (Critical),1,22.2,4.5,143,37,4,14.8,0,2.0
CUST-110086,62.2,Medium Risk (Warning),15,88.6,30.4,851,43,3,19.3,0,5.0
CUST-110087,76.8,Low Risk (Healthy),28,71.5,59.4,25,13,1,16.1,0,4.0
CUST-110088,71.3,Low Risk (Healthy),16,82.8,31.4,596,6,1,7.3,0,5.0
CUST-110089,26.4,High Risk (Critical),11,42.3,9.2,7,40,2,39.5,0,2.0
CUST-110090,76.7,Low Risk (Healthy),28,69.6,98.7,2664,3,1,12.4,0,4.0
CUST-110091,20.3,High Risk (Critical),4,44.3,21.3,93,1,1,50.3,0,2.0
CUST-110092,13.2,High Risk (Critical),7,22.3,16.1,8,42,2,54.5,0,2.0
CUST-110093,5.0,High Risk (Critical),2,11.3,16.6,114,17,1,45.8,1,2.0
CUST-110094,79.9,Low Risk (Healthy),20,94.4,71.4,116,21,1,8.4,0,5.0
CUST-110095,5.0,High Risk (Critical),5,12.1,14.7,10,42,4,68.8,1,1.0
CUST-110096,38.3,High Risk (Critical),7,26.4,21.9,103,34,0,0.0,0,3.5
CUST-110097,81.4,Low Risk (Healthy),26,85.9,106.4,74,18,0,0.0,0,3.5
CUST-110098,5.0,High Risk (Critical),2,24.2,5.5,23,45,3,51.3,1,2.0
CUST-110099,12.3,High Risk (Critical),3,19.3,16.6,96,23,2,60.3,0,3.0
CUST-110100,19.9,High Risk (Critical),10,24.2,11.3,142,14,3,53.9,0,3.0
CUST-110101,71.1,Low Risk (Healthy),22,91.0,45.2,2440,20,1,20.2,0,3.5
CUST-110102,5.0,High Risk (Critical),11,18.5,15.1,110,35,2,63.4,1,1.0
CUST-110103,6.9,High Risk (Critical),12,32.9,7.8,31,6,5,60.3,0,1.0
CUST-110104,5.0,High Risk (Critical),12,20.6,11.5,55,29,4,68.7,1,1.0
CUST-110105,5.0,High Risk (Critical),9,31.7,4.1,120,6,3,44.3,1,1.0
CUST-110106,18.9,High Risk (Critical),5,13.3,18.2,2,41,2,13.8,0,3.0
CUST-110107,26.0,High Risk (Critical),12,25.4,15.7,57,25,1,44.8,0,2.0
CUST-110108,16.4,High Risk (Critical),11,42.7,17.7,46,7,2,40.8,1,2.0
CUST-110109,63.6,Medium Risk (Warning),26,58.5,77.4,57,19,3,5.0,0,4.0
CUST-110110,60.3,Medium Risk (Warning),18,50.9,93.5,128,20,0,0.0,0,3.5
CUST-110111,33.0,High Risk (Critical),12,30.3,17.6,76,14,2,16.4,0,3.0
CUST-110112,73.2,Low Risk (Healthy),15,93.5,35.0,77,17,1,6.5,0,5.0
CUST-110113,33.5,High Risk (Critical),1,37.3,8.4,51,8,0,0.0,0,3.5
CUST-110114,40.7,High Risk (Critical),7,34.7,14.6,115,31,0,0.0,0,3.5
CUST-110115,36.0,High Risk (Critical),3,36.7,19.0,37,38,0,0.0,0,3.5
CUST-110116,5.0,High Risk (Critical),1,10.5,18.7,49,24,1,30.6,1,1.0
CUST-110117,79.4,Low Risk (Healthy),24,88.1,94.3,3866,14,0,0.0,0,3.5
CUST-110118,83.1,Low Risk (Healthy),29,78.2,62.2,102,3,0,0.0,0,3.5
CUST-110119,69.7,Medium Risk (Warning),15,86.3,65.9,71,1,1,17.2,0,5.0
CUST-110120,8.6,High Risk (Critical),2,15.0,8.5,42,29,2,20.9,0,2.0
CUST-110121,5.9,High Risk (Critical),3,40.1,16.8,70,21,1,17.3,1,1.0
CUST-110122,38.5,High Risk (Critical),6,31.6,9.9,61,26,0,0.0,0,3.5
CUST-110123,69.7,Medium Risk (Warning),21,75.4,54.2,60,24,1,7.1,0,4.0
CUST-110124,73.6,Low Risk (Healthy),16,93.5,68.7,1374,39,1,14.0,0,5.0
CUST-110125,22.9,High Risk (Critical),14,10.5,13.3,31,38,1,23.1,1,3.0
CUST-110126,5.0,High Risk (Critical),5,27.8,6.0,4,10,2,56.5,1,1.0
CUST-110127,12.9,High Risk (Critical),7,21.9,14.5,129,43,2,56.3,0,2.0
CUST-110128,28.7,High Risk (Critical),12,41.3,14.5,103,37,2,29.8,0,2.0
CUST-110129,11.2,High Risk (Critical),1,41.0,15.1,40,5,1,35.8,0,1.0
CUST-110130,19.1,High Risk (Critical),14,34.5,13.3,41,10,2,63.3,0,1.0
CUST-110131,55.2,Medium Risk (Warning),19,55.0,77.7,6138,10,2,20.7,0,4.0
CUST-110132,61.4,Medium Risk (Warning),19,60.2,38.8,2910,19,1,15.6,0,4.0
CUST-110133,73.7,Low Risk (Healthy),20,86.9,83.6,26,33,0,0.0,0,3.5
CUST-110134,44.4,High Risk (Critical),14,15.9,15.1,131,2,0,0.0,0,3.5
CUST-110135,17.2,High Risk (Critical),10,36.3,7.3,65,43,2,61.0,1,3.0
CUST-110136,81.0,Low Risk (Healthy),28,59.8,41.7,78,17,1,2.4,0,5.0
CUST-110137,12.6,High Risk (Critical),12,23.6,8.9,59,3,2,35.6,1,2.0
CUST-110138,62.4,Medium Risk (Warning),17,62.3,100.9,56,34,0,0.0,0,3.5
CUST-110139,21.6,High Risk (Critical),6,33.9,10.0,53,7,2,52.5,0,3.0
CUST-110140,75.8,Low Risk (Healthy),26,67.2,49.9,848,20,0,0.0,0,3.5
CUST-110141,77.3,Low Risk (Healthy),25,76.6,92.9,6131,37,0,0.0,0,3.5
CUST-110142,51.7,Medium Risk (Warning),15,61.1,89.1,891,39,2,20.9,0,4.0
CUST-110143,10.5,High Risk (Critical),11,29.4,6.6,11,25,4,27.6,1,2.0
CUST-110144,22.1,High Risk (Critical),2,43.5,5.8,113,18,1,13.1,0,2.0
CUST-110145,65.3,Medium Risk (Warning),17,72.0,52.3,2771,40,0,0.0,0,3.5
CUST-110146,13.9,High Risk (Critical),12,24.5,10.3,0,22,2,27.4,1,2.0
CUST-110147,5.0,High Risk (Critical),7,35.0,21.5,89,32,2,40.3,1,1.0
CUST-110148,62.5,Medium Risk (Warning),19,76.7,59.2,2308,27,2,14.9,0,4.0
CUST-110149,15.1,High Risk (Critical),2,44.4,12.4,13,1,2,39.4,0,2.0
CUST-110150,78.6,Low Risk (Healthy),25,81.0,34.6,82,45,0,0.0,0,3.5
CUST-110151,65.4,Medium Risk (Warning),19,63.7,75.2,2932,36,0,0.0,0,3.5
CUST-110152,59.3,Medium Risk (Warning),15,51.1,44.2,140,35,1,16.1,0,5.0
CUST-110153,6.3,High Risk (Critical),4,10.9,7.1,136,19,3,18.4,0,2.0
CUST-110154,58.9,Medium Risk (Warning),16,61.9,34.2,60,10,1,7.8,0,4.0
CUST-110155,18.4,High Risk (Critical),12,20.1,8.3,26,4,3,28.7,0,2.0
CUST-110156,72.5,Low Risk (Healthy),29,53.8,88.8,4,15,1,18.8,0,4.0
CUST-110157,12.9,High Risk (Critical),2,41.9,17.4,93,13,1,35.0,0,1.0
CUST-110158,5.0,High Risk (Critical),3,43.9,7.1,70,8,2,59.5,1,1.0
CUST-110159,71.8,Low Risk (Healthy),29,61.6,62.6,42,25,2,11.0,0,4.0
CUST-110160,5.0,High Risk (Critical),6,24.9,13.8,111,20,2,61.2,1,2.0
CUST-110161,64.9,Medium Risk (Warning),18,66.3,75.5,3926,33,0,0.0,0,3.5
CUST-110162,82.0,Low Risk (Healthy),27,83.2,84.9,37,34,0,0.0,0,3.5
CUST-110163,13.9,High Risk (Critical),9,12.6,9.6,73,21,2,15.3,1,3.0
CUST-110164,5.0,High Risk (Critical),12,16.5,13.6,62,17,4,50.8,0,1.0
CUST-110165,5.0,High Risk (Critical),4,41.2,21.9,119,31,4,69.8,0,1.0
CUST-110166,6.0,High Risk (Critical),12,20.5,21.3,14,12,1,65.0,1,1.0
CUST-110167,6.0,High Risk (Critical),7,18.9,21.5,42,31,3,23.7,0,1.0
CUST-110168,57.2,Medium Risk (Warning),15,54.0,42.3,0,39,0,0.0,0,3.5
CUST-110169,14.9,High Risk (Critical),7,33.9,19.2,119,5,2,37.1,1,3.0
CUST-110170,72.0,Low Risk (Healthy),20,83.1,64.6,5038,25,2,12.9,0,5.0
CUST-110171,21.5,High Risk (Critical),14,39.7,15.6,102,41,1,56.4,1,2.0
CUST-110172,85.1,Low Risk (Healthy),28,93.0,66.0,726,11,2,16.7,0,5.0
CUST-110173,75.3,Low Risk (Healthy),27,61.0,51.0,1581,1,0,0.0,0,3.5
CUST-110174,17.7,High Risk (Critical),10,26.9,13.4,78,33,1,62.0,1,3.0
CUST-110175,18.2,High Risk (Critical),3,41.7,16.4,41,45,1,50.8,0,2.0
CUST-110176,54.8,Medium Risk (Warning),21,55.3,99.3,138,6,3,14.5,0,4.0
CUST-110177,9.6,High Risk (Critical),6,14.1,16.3,100,8,2,20.7,1,3.0
CUST-110178,20.2,High Risk (Critical),6,30.7,6.1,36,31,1,40.3,0,2.0
CUST-110179,5.0,High Risk (Critical),12,14.3,10.4,35,30,2,57.5,1,1.0
CUST-110180,29.1,High Risk (Critical),3,13.8,16.6,83,20,0,0.0,0,3.5
CUST-110181,26.3,High Risk (Critical),7,37.8,16.7,114,25,2,34.7,0,3.0
CUST-110182,69.9,Medium Risk (Warning),22,52.2,104.7,1047,3,1,8.6,0,5.0
CUST-110183,26.1,High Risk (Critical),13,12.6,5.8,40,8,2,40.5,0,3.0
CUST-110184,67.7,Medium Risk (Warning),18,75.6,36.8,99,13,0,0.0,0,3.5
CUST-110185,11.7,High Risk (Critical),1,27.5,21.1,128,35,2,62.8,0,3.0
CUST-110186,74.9,Low Risk (Healthy),29,63.1,82.2,60,43,1,21.9,0,4.0
CUST-110187,10.3,High Risk (Critical),2,30.7,5.3,44,33,3,12.5,0,2.0
CUST-110188,67.5,Medium Risk (Warning),18,93.2,62.4,2308,43,1,11.9,0,3.5
CUST-110189,65.4,Medium Risk (Warning),18,58.8,99.8,115,0,1,18.3,0,5.0
CUST-110190,63.6,Medium Risk (Warning),19,66.1,34.3,94,8,1,12.5,0,4.0
CUST-110191,63.0,Medium Risk (Warning),18,74.6,59.7,4059,4,1,2.7,0,3.5
CUST-110192,71.5,Low Risk (Healthy),25,67.5,93.8,1594,16,1,16.7,0,4.0
CUST-110193,7.6,High Risk (Critical),4,22.4,7.1,53,42,2,67.5,0,2.0
CUST-110194,75.1,Low Risk (Healthy),24,89.0,106.0,6254,18,1,4.7,0,3.5
CUST-110195,6.4,High Risk (Critical),11,35.7,21.9,63,6,3,56.1,1,1.0
CUST-110196,36.6,High Risk (Critical),8,16.5,14.5,57,21,0,0.0,0,3.5
CUST-110197,14.7,High Risk (Critical),13,14.5,13.9,42,40,3,61.6,1,3.0
CUST-110198,13.8,High Risk (Critical),10,29.2,18.5,24,20,1,50.7,1,2.0
CUST-110199,84.8,Low Risk (Healthy),24,92.2,51.9,96,23,1,7.1,0,5.0
CUST-110200,10.5,High Risk (Critical),3,40.9,20.2,67,9,1,30.5,1,2.0
CUST-110201,61.1,Medium Risk (Warning),18,66.6,33.6,1075,4,1,23.3,0,4.0
CUST-110202,16.4,High Risk (Critical),2,39.5,9.5,55,12,1,16.7,1,3.0
CUST-110203,19.4,High Risk (Critical),7,33.0,8.4,141,38,4,14.6,0,3.0
CUST-110204,5.0,High Risk (Critical),1,43.0,6.0,81,3,5,67.1,1,2.0
CUST-110205,9.5,High Risk (Critical),7,10.1,15.6,115,29,4,38.6,0,3.0
CUST-110206,70.0,Low Risk (Healthy),16,92.1,82.2,110,43,0,0.0,0,3.5
CUST-110207,5.0,High Risk (Critical),1,22.0,11.7,72,30,3,24.8,0,2.0
CUST-110208,80.8,Low Risk (Healthy),27,79.3,88.5,1858,34,0,0.0,0,3.5
CUST-110209,65.5,Medium Risk (Warning),18,55.9,83.6,73,44,1,10.0,0,5.0
CUST-110210,39.5,High Risk (Critical),9,21.6,19.2,63,13,0,0.0,0,3.5
CUST-110211,6.3,High Risk (Critical),10,19.9,21.5,58,28,3,40.7,1,2.0
CUST-110212,71.2,Low Risk (Healthy),23,51.5,77.1,126,26,1,7.1,0,5.0
CUST-110213,76.0,Low Risk (Healthy),27,63.4,63.2,4929,19,0,0.0,0,3.5
CUST-110214,85.3,Low Risk (Healthy),29,71.7,77.9,934,31,1,7.1,0,5.0
CUST-110215,71.3,Low Risk (Healthy),21,74.5,80.7,807,4,0,0.0,0,3.5
CUST-110216,27.7,High Risk (Critical),2,13.4,21.3,103,20,0,0.0,0,3.5
CUST-110217,49.1,Medium Risk (Warning),14,31.5,12.3,8,27,0,0.0,0,3.5
CUST-110218,63.8,Medium Risk (Warning),19,89.9,100.3,2607,40,2,12.3,0,3.5
CUST-110219,73.9,Low Risk (Healthy),22,68.1,102.8,1028,34,1,15.0,0,5.0
CUST-110220,5.0,High Risk (Critical),2,25.8,19.2,19,32,1,22.1,1,1.0
CUST-110221,68.2,Medium Risk (Warning),16,86.2,87.3,80,20,0,0.0,0,3.5
CUST-110222,76.6,Low Risk (Healthy),29,56.5,52.7,20,26,0,0.0,0,3.5
CUST-110223,7.6,High Risk (Critical),10,42.3,10.5,84,44,2,51.3,1,1.0
CUST-110224,35.4,High Risk (Critical),4,30.3,8.6,100,26,0,0.0,0,3.5
CUST-110225,10.7,High Risk (Critical),7,27.8,8.2,45,17,3,26.6,1,3.0
CUST-110226,83.1,Low Risk (Healthy),26,91.4,51.6,23,39,0,0.0,0,3.5
CUST-110227,78.3,Low Risk (Healthy),28,84.8,74.9,55,21,2,3.5,0,4.0
CUST-110228,38.7,High Risk (Critical),9,18.9,8.5,119,13,0,0.0,0,3.5
CUST-110229,77.0,Low Risk (Healthy),28,81.6,42.4,1441,11,1,14.2,0,3.5
CUST-110230,63.6,Medium Risk (Warning),18,62.1,46.5,39,17,0,0.0,0,3.5
CUST-110231,79.0,Low Risk (Healthy),27,73.3,25.4,76,20,0,0.0,0,3.5
CUST-110232,66.5,Medium Risk (Warning),16,80.6,64.8,842,8,0,0.0,0,3.5
CUST-110233,21.4,High Risk (Critical),6,42.9,21.3,13,42,3,43.6,0,3.0
CUST-110234,31.8,High Risk (Critical),4,18.1,7.3,125,13,0,0.0,0,3.5
CUST-110235,51.8,Medium Risk (Warning),14,40.6,20.8,55,41,0,0.0,0,3.5
CUST-110236,5.4,High Risk (Critical),9,26.5,17.5,91,14,1,52.1,1,1.0
CUST-110237,76.0,Low Risk (Healthy),27,63.3,48.1,101,4,0,0.0,0,3.5
CUST-110238,69.0,Medium Risk (Warning),18,65.1,41.2,1483,32,1,4.6,0,5.0
CUST-110239,13.1,High Risk (Critical),7,35.6,9.5,76,28,2,55.5,1,3.0
CUST-110240,33.1,High Risk (Critical),7,40.7,7.6,84,31,1,19.3,0,3.0
CUST-110241,17.1,High Risk (Critical),6,38.2,7.3,58,9,1,34.8,0,1.0
CUST-110242,13.8,High Risk (Critical),12,15.9,14.0,67,20,5,46.7,1,3.0
CUST-110243,82.6,Low Risk (Healthy),29,76.3,29.8,41,22,0,0.0,0,3.5
CUST-110244,12.9,High Risk (Critical),6,14.7,7.0,55,15,1,60.3,0,2.0
CUST-110245,12.4,High Risk (Critical),1,19.9,16.6,8,21,1,71.5,0,3.0
CUST-110246,68.0,Medium Risk (Warning),21,77.9,90.2,7216,44,1,2.9,0,3.5
CUST-110247,69.9,Medium Risk (Warning),16,91.8,74.1,3630,45,0,0.0,0,3.5
CUST-110248,26.9,High Risk (Critical),14,37.5,5.4,77,12,2,24.1,1,3.0
CUST-110249,83.6,Low Risk (Healthy),29,79.9,36.2,51,44,0,0.0,0,3.5
CUST-110250,10.0,High Risk (Critical),7,36.2,19.0,27,37,1,65.3,1,2.0
CUST-110251,5.8,High Risk (Critical),1,11.8,4.9,65,24,1,56.9,0,2.0
CUST-110252,66.3,Medium Risk (Warning),18,71.0,86.3,2589,22,0,0.0,0,3.5
CUST-110253,65.3,Medium Risk (Warning),22,53.3,40.4,2,30,2,15.8,0,5.0
CUST-110254,5.0,High Risk (Critical),6,19.4,10.7,139,21,4,29.3,1,2.0
CUST-110255,18.1,High Risk (Critical),13,32.9,17.9,49,6,2,56.5,0,1.0
CUST-110256,21.0,High Risk (Critical),14,15.6,10.7,92,24,3,66.4,0,3.0
CUST-110257,13.2,High Risk (Critical),9,29.8,15.8,11,32,4,29.6,0,2.0
CUST-110258,46.3,Medium Risk (Warning),12,31.1,13.0,133,35,0,0.0,0,3.5
CUST-110259,42.0,High Risk (Critical),11,21.0,8.1,26,34,0,0.0,0,3.5
CUST-110260,75.8,Low Risk (Healthy),28,65.9,64.6,4328,37,1,10.5,0,4.0
CUST-110261,21.9,High Risk (Critical),14,18.2,13.0,119,17,3,18.1,0,2.0
CUST-110262,66.1,Medium Risk (Warning),20,69.6,109.6,31,45,1,11.9,0,4.0
CUST-110263,72.2,Low Risk (Healthy),27,50.5,109.8,60,6,0,0.0,0,3.5
CUST-110264,61.2,Medium Risk (Warning),15,67.2,51.5,135,2,0,0.0,0,3.5
CUST-110265,11.3,High Risk (Critical),11,33.8,6.1,99,36,1,44.4,1,1.0
CUST-110266,12.5,High Risk (Critical),8,29.3,14.1,53,37,4,55.1,1,3.0
CUST-110267,63.1,Medium Risk (Warning),20,51.6,92.9,6874,22,0,0.0,0,3.5
CUST-110268,20.0,High Risk (Critical),13,15.8,16.9,135,23,2,16.4,1,3.0
CUST-110269,17.0,High Risk (Critical),6,33.6,9.6,25,11,1,41.0,1,3.0
CUST-110270,17.9,High Risk (Critical),12,21.3,21.8,34,33,4,52.0,0,3.0
CUST-110271,75.6,Low Risk (Healthy),26,66.5,101.2,7387,11,0,0.0,0,3.5
CUST-110272,62.8,Medium Risk (Warning),20,66.2,97.9,14,37,3,13.9,0,5.0
CUST-110273,41.9,High Risk (Critical),11,20.7,12.3,81,36,0,0.0,0,3.5
CUST-110274,5.0,High Risk (Critical),2,32.6,8.4,126,30,6,59.5,1,2.0
CUST-110275,30.8,High Risk (Critical),5,10.3,5.2,118,23,0,0.0,0,3.5
CUST-110276,69.0,Medium Risk (Warning),26,63.1,68.1,1225,21,2,4.7,0,4.0
CUST-110277,75.2,Low Risk (Healthy),27,60.7,95.4,119,43,0,0.0,0,3.5
CUST-110278,7.8,High Risk (Critical),10,24.8,15.3,3,19,4,56.0,1,2.0
CUST-110279,5.0,High Risk (Critical),3,40.2,16.1,52,21,1,31.1,1,1.0
CUST-110280,66.9,Medium Risk (Warning),23,57.6,45.6,48,44,2,24.0,0,5.0
CUST-110281,78.9,Low Risk (Healthy),26,77.4,87.6,79,11,0,0.0,0,3.5
CUST-110282,30.3,High Risk (Critical),6,40.0,6.0,10,17,1,29.9,0,3.0
CUST-110283,69.5,Medium Risk (Warning),22,80.8,71.1,5,21,1,8.6,0,3.5
CUST-110284,72.9,Low Risk (Healthy),26,65.3,50.9,126,4,1,11.1,0,4.0
CUST-110285,34.7,High Risk (Critical),5,23.3,20.1,41,42,0,0.0,0,3.5
CUST-110286,68.7,Medium Risk (Warning),23,79.2,88.3,4150,24,1,21.5,0,3.5
CUST-110287,65.2,Medium Risk (Warning),21,54.7,100.2,5911,26,2,9.8,0,5.0
CUST-110288,22.0,High Risk (Critical),5,10.5,13.1,113,4,1,14.8,0,3.0
CUST-110289,63.9,Medium Risk (Warning),17,67.3,28.7,3,10,0,0.0,0,3.5
CUST-110290,5.8,High Risk (Critical),4,31.3,4.5,103,18,3,23.5,0,1.0
CUST-110291,63.6,Medium Risk (Warning),18,62.0,32.1,124,4,0,0.0,0,3.5
CUST-110292,37.1,High Risk (Critical),9,13.8,10.8,97,16,0,0.0,0,3.5
CUST-110293,5.0,High Risk (Critical),1,24.2,12.3,86,45,1,60.9,1,2.0
CUST-110294,5.0,High Risk (Critical),1,13.8,10.8,97,33,2,16.3,0,1.0
CUST-110295,77.3,Low Risk (Healthy),25,80.9,43.5,2218,34,2,18.3,0,5.0
CUST-110296,28.8,High Risk (Critical),12,26.5,4.5,80,40,2,41.5,0,3.0
CUST-110297,18.6,High Risk (Critical),11,36.3,6.4,119,30,3,58.9,1,3.0
CUST-110298,80.6,Low Risk (Healthy),29,61.1,39.6,22,6,1,19.0,0,5.0
CUST-110299,8.4,High Risk (Critical),9,42.9,11.4,112,18,2,36.0,1,1.0
CUST-110300,64.4,Medium Risk (Warning),19,66.0,91.8,2,16,1,5.8,0,4.0
CUST-110301,35.5,High Risk (Critical),4,30.6,15.8,7,6,0,0.0,0,3.5
CUST-110302,18.4,High Risk (Critical),11,32.1,5.3,27,3,1,30.9,1,2.0
CUST-110303,5.0,High Risk (Critical),1,37.5,6.4,145,11,2,38.2,1,1.0
CUST-110304,8.3,High Risk (Critical),11,11.3,9.5,147,19,2,30.4,1,2.0
CUST-110305,40.9,High Risk (Critical),13,37.5,16.3,89,27,1,13.2,0,3.0
CUST-110306,10.6,High Risk (Critical),4,12.5,18.3,2,25,1,52.2,0,2.0
CUST-110307,68.3,Medium Risk (Warning),16,86.5,57.3,148,1,0,0.0,0,3.5
CUST-110308,61.3,Medium Risk (Warning),22,57.7,90.8,136,42,1,18.8,0,3.5
CUST-110309,5.0,High Risk (Critical),3,12.1,16.9,9,25,2,54.7,0,1.0
CUST-110310,79.9,Low Risk (Healthy),28,89.6,37.5,15,2,3,18.7,0,5.0
CUST-110311,68.3,Medium Risk (Warning),22,60.0,84.8,24,20,0,0.0,0,3.5
CUST-110312,11.4,High Risk (Critical),7,22.3,9.7,142,3,1,52.6,0,1.0
CUST-110313,80.5,Low Risk (Healthy),24,76.7,68.7,755,30,1,3.8,0,5.0
CUST-110314,5.0,High Risk (Critical),6,20.2,21.9,129,11,2,24.7,1,1.0
CUST-110315,5.0,High Risk (Critical),10,27.4,18.7,58,27,2,62.8,1,1.0
CUST-110316,72.0,Low Risk (Healthy),17,94.4,25.2,38,32,0,0.0,0,3.5
CUST-110317,79.9,Low Risk (Healthy),26,70.4,105.8,118,31,1,15.4,0,5.0
CUST-110318,75.7,Low Risk (Healthy),22,84.8,61.1,1160,5,2,8.3,0,5.0
CUST-110319,5.0,High Risk (Critical),5,17.9,10.4,97,24,1,45.9,1,1.0
CUST-110320,18.9,High Risk (Critical),13,28.7,18.9,97,4,3,59.3,1,3.0
CUST-110321,30.9,High Risk (Critical),5,10.8,6.2,87,17,0,0.0,0,3.5
CUST-110322,56.5,Medium Risk (Warning),16,53.8,90.8,2360,10,2,23.9,0,5.0
CUST-110323,62.0,Medium Risk (Warning),18,54.5,63.2,3033,9,2,2.4,0,5.0
CUST-110324,14.6,High Risk (Critical),13,13.7,11.2,106,29,2,38.7,0,1.0
CUST-110325,75.6,Low Risk (Healthy),24,75.3,106.5,25,8,0,0.0,0,3.5
CUST-110326,27.2,High Risk (Critical),7,32.2,9.4,143,9,2,14.1,0,3.0
CUST-110327,74.0,Low Risk (Healthy),29,65.0,78.9,2367,27,1,9.0,0,3.5
CUST-110328,66.5,Medium Risk (Warning),16,80.4,37.0,141,44,0,0.0,0,3.5
CUST-110329,13.5,High Risk (Critical),3,44.8,13.2,75,3,2,15.6,0,1.0
CUST-110330,63.1,Medium Risk (Warning),17,62.8,60.9,140,25,2,3.3,0,5.0
CUST-110331,17.5,High Risk (Critical),8,32.4,21.0,144,6,3,71.3,0,3.0
CUST-110332,5.0,High Risk (Critical),1,13.1,19.0,28,15,1,66.9,1,1.0
CUST-110333,73.0,Low Risk (Healthy),20,84.6,44.5,2225,36,0,0.0,0,3.5
CUST-110334,5.0,High Risk (Critical),2,15.7,20.4,114,12,2,53.4,1,3.0
CUST-110335,15.2,High Risk (Critical),13,42.7,9.8,7,17,1,55.5,1,1.0
CUST-110336,5.0,High Risk (Critical),5,13.1,10.7,13,30,2,52.5,1,3.0
CUST-110337,80.2,Low Risk (Healthy),27,67.5,44.1,1764,30,1,16.0,0,5.0
CUST-110338,70.1,Low Risk (Healthy),23,61.3,99.1,3964,29,0,0.0,0,3.5
CUST-110339,40.3,High Risk (Critical),15,53.6,85.8,3861,43,4,6.2,0,3.5
CUST-110340,16.1,High Risk (Critical),8,23.6,15.2,4,38,1,28.8,0,1.0
CUST-110341,21.8,High Risk (Critical),12,42.1,6.9,11,2,3,22.9,1,3.0
CUST-110342,64.3,Medium Risk (Warning),17,69.2,90.3,119,26,2,9.1,0,5.0
CUST-110343,69.8,Medium Risk (Warning),19,78.2,63.8,2934,27,0,0.0,0,3.5
CUST-110344,76.2,Low Risk (Healthy),21,90.5,65.5,917,5,0,0.0,0,3.5
CUST-110345,12.1,High Risk (Critical),4,18.4,11.1,13,12,1,54.0,0,2.0
CUST-110346,5.0,High Risk (Critical),3,12.9,10.9,22,35,5,12.7,1,3.0
CUST-110347,71.0,Low Risk (Healthy),26,85.9,98.1,17,38,2,19.7,0,3.5
CUST-110348,69.9,Medium Risk (Warning),19,78.5,58.1,120,34,0,0.0,0,3.5
CUST-110349,59.3,Medium Risk (Warning),16,76.9,103.0,25,1,1,17.0,0,3.5
CUST-110350,81.5,Low Risk (Healthy),23,85.5,80.1,46,4,1,6.5,0,5.0
CUST-110351,29.9,High Risk (Critical),11,35.2,15.1,44,34,2,42.7,0,3.0
CUST-110352,74.4,Low Risk (Healthy),26,55.7,42.3,129,18,1,23.6,0,5.0
CUST-110353,73.2,Low Risk (Healthy),23,71.9,67.0,52,42,0,0.0,0,3.5
CUST-110354,60.5,Medium Risk (Warning),16,53.8,98.1,6670,45,1,23.7,0,5.0
CUST-110355,73.2,Low Risk (Healthy),20,86.5,56.8,83,3,2,11.3,0,5.0
CUST-110356,75.1,Low Risk (Healthy),29,60.2,107.2,9,40,1,13.2,0,4.0
CUST-110357,75.3,Low Risk (Healthy),28,86.6,30.7,60,34,2,8.2,0,3.5
CUST-110358,41.2,High Risk (Critical),9,27.2,4.9,148,15,0,0.0,0,3.5
CUST-110359,83.6,Low Risk (Healthy),26,93.0,46.0,14,45,0,0.0,0,3.5
CUST-110360,68.6,Medium Risk (Warning),23,56.5,48.7,3360,29,0,0.0,0,3.5
CUST-110361,60.6,Medium Risk (Warning),15,65.3,51.6,2115,38,0,0.0,0,3.5
CUST-110362,25.0,High Risk (Critical),14,24.3,7.3,77,12,1,71.5,0,2.0
CUST-110363,6.3,High Risk (Critical),7,19.2,8.3,149,22,3,22.0,0,1.0
CUST-110364,63.0,Medium Risk (Warning),15,73.3,88.2,882,21,0,0.0,0,3.5
CUST-110365,20.1,High Risk (Critical),11,37.8,20.4,2,14,2,47.4,1,3.0
CUST-110366,5.7,High Risk (Critical),4,14.9,11.6,3,8,2,16.7,0,1.0
CUST-110367,75.8,Low Risk (Healthy),23,73.6,31.7,1299,0,1,23.9,0,5.0
CUST-110368,72.2,Low Risk (Healthy),20,67.2,106.6,2984,12,1,5.2,0,5.0
CUST-110369,83.9,Low Risk (Healthy),29,81.6,78.3,136,31,2,9.6,0,5.0
CUST-110370,11.5,High Risk (Critical),6,39.2,11.1,132,38,3,66.0,0,2.0
CUST-110371,83.5,Low Risk (Healthy),28,83.8,39.0,12,20,0,0.0,0,3.5
CUST-110372,10.9,High Risk (Critical),9,34.6,5.8,2,21,2,43.8,1,2.0
CUST-110373,5.0,High Risk (Critical),3,13.4,10.0,146,31,4,50.4,0,3.0
CUST-110374,73.1,Low Risk (Healthy),25,82.2,73.1,142,15,1,15.0,0,3.5
CUST-110375,6.5,High Risk (Critical),12,30.9,21.6,6,16,2,54.5,1,1.0
CUST-110376,8.7,High Risk (Critical),12,39.1,13.3,141,15,4,56.8,1,1.0
CUST-110377,71.4,Low Risk (Healthy),29,59.8,93.6,89,41,1,18.0,0,3.5
CUST-110378,68.0,Medium Risk (Warning),16,75.0,30.4,75,10,1,14.4,0,5.0
CUST-110379,5.0,High Risk (Critical),1,26.5,17.0,87,36,2,58.3,1,1.0
CUST-110380,5.0,High Risk (Critical),10,16.7,15.4,14,3,3,59.4,1,1.0
CUST-110381,12.7,High Risk (Critical),10,32.9,8.7,97,31,2,36.1,1,2.0
CUST-110382,18.7,High Risk (Critical),5,34.0,15.3,65,38,2,17.2,0,2.0
CUST-110383,18.3,High Risk (Critical),12,26.4,17.9,27,10,4,12.9,0,2.0
CUST-110384,6.4,High Risk (Critical),6,36.1,4.9,98,0,2,51.8,1,2.0
CUST-110385,78.8,Low Risk (Healthy),25,81.7,38.6,79,22,0,0.0,0,3.5
CUST-110386,12.8,High Risk (Critical),10,22.3,15.7,30,21,3,57.9,0,2.0
CUST-110387,70.8,Low Risk (Healthy),26,75.8,55.0,18,8,2,20.8,0,4.0
CUST-110388,5.0,High Risk (Critical),4,16.1,10.0,98,18,3,63.2,0,2.0
CUST-110389,12.5,High Risk (Critical),9,43.2,6.4,49,14,4,19.6,0,1.0
CUST-110390,29.8,High Risk (Critical),13,20.8,6.7,134,37,1,62.3,0,3.0
CUST-110391,21.3,High Risk (Critical),11,31.8,18.1,78,8,4,39.0,0,3.0
CUST-110392,6.7,High Risk (Critical),9,25.7,5.3,91,31,4,44.6,1,2.0
CUST-110393,6.0,High Risk (Critical),8,27.9,12.5,88,0,3,37.6,1,2.0
CUST-110394,8.7,High Risk (Critical),6,34.2,8.5,134,23,1,60.2,1,2.0
CUST-110395,15.4,High Risk (Critical),2,41.3,20.3,32,18,2,28.9,0,2.0
CUST-110396,74.8,Low Risk (Healthy),28,54.8,33.6,24,31,0,0.0,0,3.5
CUST-110397,66.4,Medium Risk (Warning),15,76.7,26.3,8,16,1,21.0,0,5.0
CUST-110398,49.5,Medium Risk (Warning),14,32.9,9.0,123,32,0,0.0,0,3.5
CUST-110399,78.4,Low Risk (Healthy),28,54.8,74.4,1488,24,1,10.8,0,5.0
CUST-110400,76.7,Low Risk (Healthy),28,61.2,48.7,124,13,0,0.0,0,3.5
CUST-110401,64.4,Medium Risk (Warning),20,55.7,30.7,1320,9,0,0.0,0,3.5
CUST-110402,62.4,Medium Risk (Warning),18,73.5,62.4,119,44,3,13.0,0,5.0
CUST-110403,26.1,High Risk (Critical),9,27.0,14.1,7,20,1,16.3,0,2.0
CUST-110404,38.8,High Risk (Critical),4,41.7,10.2,110,32,0,0.0,0,3.5
CUST-110405,18.7,High Risk (Critical),11,36.3,16.2,64,12,4,70.6,0,3.0
CUST-110406,57.3,Medium Risk (Warning),18,50.9,32.5,1657,7,1,15.5,0,4.0
CUST-110407,13.4,High Risk (Critical),6,32.3,15.8,82,20,3,34.4,0,2.0
CUST-110408,66.0,Medium Risk (Warning),17,74.6,57.0,8,4,0,0.0,0,3.5
CUST-110409,85.0,Low Risk (Healthy),28,94.5,55.4,1,19,2,21.2,0,5.0
CUST-110410,7.3,High Risk (Critical),3,31.9,5.6,141,6,3,18.1,1,3.0
CUST-110411,15.2,High Risk (Critical),4,43.7,6.5,74,39,2,58.2,0,2.0
CUST-110412,24.2,High Risk (Critical),8,37.8,20.1,118,41,1,46.2,0,2.0
CUST-110413,5.0,High Risk (Critical),8,23.8,18.0,9,24,2,53.8,1,1.0
CUST-110414,64.2,Medium Risk (Warning),17,68.5,51.5,3399,43,0,0.0,0,3.5
CUST-110415,9.1,High Risk (Critical),5,38.5,18.6,101,6,3,24.9,0,1.0
CUST-110416,59.8,Medium Risk (Warning),18,69.1,91.0,4095,23,1,15.6,0,3.5
CUST-110417,5.8,High Risk (Critical),12,15.5,4.6,113,22,2,22.7,1,1.0
CUST-110418,8.1,High Risk (Critical),8,39.4,5.1,43,27,2,18.7,1,1.0
CUST-110419,13.9,High Risk (Critical),12,31.8,21.4,3,6,3,12.9,1,2.0
CUST-110420,5.0,High Risk (Critical),3,20.4,8.3,7,18,2,33.4,1,2.0
CUST-110421,10.0,High Risk (Critical),3,12.5,21.6,66,37,2,62.3,0,3.0
CUST-110422,7.6,High Risk (Critical),6,21.7,11.5,51,6,2,38.9,0,1.0
CUST-110423,12.0,High Risk (Critical),4,22.1,16.4,137,11,1,16.0,0,1.0
CUST-110424,5.0,High Risk (Critical),1,25.0,19.7,98,27,3,21.4,1,2.0
CUST-110425,68.5,Medium Risk (Warning),15,80.5,32.5,148,8,1,13.6,0,5.0
CUST-110426,71.5,Low Risk (Healthy),20,67.3,59.2,4203,25,1,11.2,0,5.0
CUST-110427,12.7,High Risk (Critical),10,19.5,18.5,2,6,1,36.0,1,2.0
CUST-110428,61.3,Medium Risk (Warning),20,54.7,67.5,120,4,1,14.6,0,4.0
CUST-110429,34.6,High Risk (Critical),14,32.9,7.7,136,23,1,15.3,0,2.0
CUST-110430,78.4,Low Risk (Healthy),24,84.6,72.5,5800,9,0,0.0,0,3.5
CUST-110431,63.4,Medium Risk (Warning),15,74.5,106.0,44,10,0,0.0,0,3.5
CUST-110432,28.8,High Risk (Critical),1,21.6,4.1,51,13,0,0.0,0,3.5
CUST-110433,14.8,High Risk (Critical),5,27.6,17.8,148,38,2,33.5,0,2.0
CUST-110434,5.8,High Risk (Critical),9,31.5,7.4,19,24,1,61.2,1,1.0
CUST-110435,18.2,High Risk (Critical),4,19.7,18.7,138,41,1,56.4,0,3.0
CUST-110436,10.3,High Risk (Critical),6,30.9,16.4,84,43,2,67.1,1,3.0
CUST-110437,5.3,High Risk (Critical),3,27.1,20.2,38,34,3,22.8,1,3.0
CUST-110438,20.8,High Risk (Critical),10,35.0,8.1,25,16,2,56.5,0,2.0
CUST-110439,9.1,High Risk (Critical),3,42.5,12.6,137,39,3,13.1,0,1.0
CUST-110440,20.2,High Risk (Critical),14,18.6,14.6,128,21,1,48.6,0,1.0
CUST-110441,10.2,High Risk (Critical),12,34.4,4.4,65,30,4,49.1,0,1.0
CUST-110442,24.2,High Risk (Critical),5,43.6,20.7,6,27,1,28.5,0,2.0
CUST-110443,21.2,High Risk (Critical),13,23.8,14.4,93,1,1,42.4,0,1.0
CUST-110444,67.9,Medium Risk (Warning),23,74.0,93.4,30,14,2,7.9,0,4.0
CUST-110445,76.5,Low Risk (Healthy),22,87.2,49.2,27,33,0,0.0,0,3.5
CUST-110446,63.4,Medium Risk (Warning),15,74.7,92.9,4737,0,0,0.0,0,3.5
CUST-110447,70.4,Low Risk (Healthy),16,93.5,61.5,38,40,0,0.0,0,3.5
CUST-110448,28.6,High Risk (Critical),3,12.0,20.8,99,31,0,0.0,0,3.5
CUST-110449,14.5,High Risk (Critical),9,10.7,21.6,107,27,1,69.8,0,2.0
CUST-110450,70.5,Low Risk (Healthy),23,62.9,66.4,47,0,0,0.0,0,3.5
CUST-110451,45.5,Medium Risk (Warning),13,23.8,6.2,32,11,0,0.0,0,3.5
CUST-110452,79.1,Low Risk (Healthy),25,82.7,68.8,1582,4,0,0.0,0,3.5
CUST-110453,38.5,High Risk (Critical),7,27.1,16.6,67,42,0,0.0,0,3.5
CUST-110454,34.1,High Risk (Critical),2,34.8,4.4,53,37,0,0.0,0,3.5
CUST-110455,33.4,High Risk (Critical),6,14.5,13.2,51,28,0,0.0,0,3.5
CUST-110456,16.6,High Risk (Critical),8,12.4,9.0,137,42,1,45.9,0,2.0
CUST-110457,75.1,Low Risk (Healthy),27,60.2,57.1,2969,39,0,0.0,0,3.5
CUST-110458,7.6,High Risk (Critical),9,22.8,13.1,141,8,1,25.6,1,1.0
CUST-110459,42.8,High Risk (Critical),12,19.4,11.1,115,22,0,0.0,0,3.5
CUST-110460,19.5,High Risk (Critical),1,42.0,13.6,7,4,1,19.1,0,2.0
CUST-110461,11.1,High Risk (Critical),2,13.3,19.9,44,22,3,12.6,0,3.0
CUST-110462,69.2,Medium Risk (Warning),21,94.5,72.0,4032,33,4,9.2,0,5.0
CUST-110463,15.9,High Risk (Critical),7,34.9,4.8,46,31,2,15.0,0,1.0
CUST-110464,66.1,Medium Risk (Warning),21,58.4,61.7,25,8,2,11.6,0,5.0
CUST-110465,8.5,High Risk (Critical),4,14.8,4.1,83,24,2,42.5,0,2.0
CUST-110466,17.7,High Risk (Critical),13,28.4,12.2,149,10,3,16.9,0,1.0
CUST-110467,71.7,Low Risk (Healthy),20,71.1,91.4,5,31,1,18.6,0,5.0
CUST-110468,72.4,Low Risk (Healthy),20,87.4,83.8,3938,6,2,20.2,0,5.0
CUST-110469,67.9,Medium Risk (Warning),24,64.1,46.1,135,23,1,2.8,0,3.5
CUST-110470,5.0,High Risk (Critical),12,11.9,15.1,69,11,3,38.0,1,1.0
CUST-110471,58.6,Medium Risk (Warning),16,54.2,72.6,5445,2,0,0.0,0,3.5
CUST-110472,16.3,High Risk (Critical),13,28.5,6.7,132,33,2,61.0,0,1.0
CUST-110473,27.1,High Risk (Critical),9,24.0,20.3,39,16,1,49.0,0,3.0
CUST-110474,5.0,High Risk (Critical),6,22.7,15.1,38,39,1,62.7,1,1.0
CUST-110475,5.0,High Risk (Critical),2,23.2,5.1,135,13,2,26.1,1,2.0
CUST-110476,5.0,High Risk (Critical),3,22.2,11.9,77,11,2,61.5,0,1.0
CUST-110477,5.0,High Risk (Critical),5,29.3,5.3,14,41,4,45.5,1,1.0
CUST-110478,37.2,High Risk (Critical),14,25.2,9.0,9,44,1,24.1,0,3.0
CUST-110479,5.0,High Risk (Critical),2,22.4,13.0,124,23,2,56.3,1,2.0
CUST-110480,12.6,High Risk (Critical),12,31.8,16.1,15,36,3,55.6,0,1.0
CUST-110481,86.4,Low Risk (Healthy),29,89.0,26.0,149,9,0,0.0,0,3.5
CUST-110482,77.0,Low Risk (Healthy),26,76.4,46.5,2790,36,1,4.4,0,4.0
CUST-110483,65.3,Medium Risk (Warning),21,54.2,29.2,1635,1,0,0.0,0,3.5
CUST-110484,57.7,Medium Risk (Warning),17,51.0,36.5,2920,36,1,2.1,0,4.0
CUST-110485,61.7,Medium Risk (Warning),15,91.3,58.8,34,42,1,21.4,0,3.5
CUST-110486,6.2,High Risk (Critical),3,30.8,15.0,67,11,7,49.0,0,3.0
CUST-110487,5.0,High Risk (Critical),5,16.7,11.8,63,24,1,42.7,1,2.0
CUST-110488,65.9,Medium Risk (Warning),15,83.0,70.3,3585,40,0,0.0,0,3.5
CUST-110489,79.4,Low Risk (Healthy),28,70.2,44.7,16,27,0,0.0,0,3.5
CUST-110490,65.8,Medium Risk (Warning),18,69.4,48.2,12,30,0,0.0,0,3.5
CUST-110491,72.9,Low Risk (Healthy),28,69.6,29.8,67,17,1,18.3,0,3.5
CUST-110492,73.4,Low Risk (Healthy),27,54.6,61.0,2562,26,0,0.0,0,3.5
CUST-110493,25.5,High Risk (Critical),1,10.7,7.4,47,2,0,0.0,0,3.5
CUST-110494,83.1,Low Risk (Healthy),27,86.9,79.5,6280,42,0,0.0,0,3.5
CUST-110495,5.0,High Risk (Critical),4,12.2,18.2,101,28,4,47.9,0,1.0
CUST-110496,63.2,Medium Risk (Warning),24,52.3,39.2,125,34,2,4.0,0,4.0
CUST-110497,77.3,Low Risk (Healthy),24,81.1,75.4,15,17,0,0.0,0,3.5
CUST-110498,19.7,High Risk (Critical),11,32.1,12.0,134,22,1,21.0,1,2.0
CUST-110499,83.6,Low Risk (Healthy),26,91.4,77.8,3812,7,2,4.2,0,5.0
CUST-110500,60.6,Medium Risk (Warning),18,52.1,57.4,127,13,0,0.0,0,3.5
CUST-110501,26.4,High Risk (Critical),14,20.6,7.6,59,40,2,67.8,0,3.0
CUST-110502,66.3,Medium Risk (Warning),17,75.3,36.2,76,37,0,0.0,0,3.5
CUST-110503,70.0,Low Risk (Healthy),22,65.7,59.2,9,22,0,0.0,0,3.5
CUST-110504,58.2,Medium Risk (Warning),15,57.4,26.7,70,21,0,0.0,0,3.5
CUST-110505,18.5,High Risk (Critical),14,10.8,7.7,48,15,1,43.4,0,1.0
CUST-110506,14.3,High Risk (Critical),4,27.7,5.9,138,0,1,26.5,1,3.0
CUST-110507,75.6,Low Risk (Healthy),21,87.0,82.9,121,44,2,4.0,0,5.0
CUST-110508,23.3,High Risk (Critical),10,26.8,4.3,110,39,2,64.4,0,3.0
CUST-110509,60.2,Medium Risk (Warning),18,62.6,41.5,41,45,1,20.3,0,4.0
CUST-110510,84.4,Low Risk (Healthy),26,82.6,52.5,1102,30,1,8.4,0,5.0
CUST-110511,10.2,High Risk (Critical),2,37.6,14.2,86,37,1,46.2,0,1.0
CUST-110512,28.5,High Risk (Critical),14,35.6,15.6,42,20,1,70.8,0,2.0
CUST-110513,72.6,Low Risk (Healthy),23,57.9,94.4,1699,19,1,11.5,0,5.0
CUST-110514,63.1,Medium Risk (Warning),20,58.5,73.4,4917,13,1,8.9,0,4.0
CUST-110515,7.7,High Risk (Critical),2,31.0,18.1,95,20,2,18.4,0,1.0
CUST-110516,66.1,Medium Risk (Warning),18,70.4,41.1,452,40,0,0.0,0,3.5
CUST-110517,76.5,Low Risk (Healthy),21,91.7,76.2,4191,27,0,0.0,0,3.5
CUST-110518,20.2,High Risk (Critical),5,27.6,13.5,135,37,2,38.2,0,3.0
CUST-110519,60.1,Medium Risk (Warning),16,78.6,103.2,3715,27,1,14.3,0,3.5
CUST-110520,16.5,High Risk (Critical),14,33.7,7.0,43,29,2,50.2,1,2.0
CUST-110521,75.0,Low Risk (Healthy),24,65.6,33.4,1068,36,1,21.3,0,5.0
CUST-110522,67.4,Medium Risk (Warning),20,77.5,100.4,122,30,1,20.3,0,4.0
CUST-110523,70.1,Low Risk (Healthy),16,93.4,59.6,21,2,2,9.9,0,5.0
CUST-110524,78.9,Low Risk (Healthy),21,90.3,34.7,126,7,1,17.2,0,5.0
CUST-110525,70.5,Low Risk (Healthy),21,71.7,97.9,146,6,0,0.0,0,3.5
CUST-110526,40.4,High Risk (Critical),9,24.8,8.6,142,14,0,0.0,0,3.5
CUST-110527,14.4,High Risk (Critical),10,16.5,17.8,8,14,3,31.2,0,2.0
CUST-110528,15.0,High Risk (Critical),11,44.5,14.1,7,37,2,57.7,1,2.0
CUST-110529,11.4,High Risk (Critical),6,40.3,15.2,139,11,4,37.3,0,2.0
CUST-110530,76.1,Low Risk (Healthy),22,86.0,65.7,139,11,0,0.0,0,3.5
CUST-110531,54.9,Medium Risk (Warning),15,70.2,73.0,5,28,2,17.2,0,4.0
CUST-110532,22.3,High Risk (Critical),12,20.2,16.3,37,40,1,14.2,0,1.0
CUST-110533,29.5,High Risk (Critical),3,14.9,17.4,119,30,0,0.0,0,3.5
CUST-110534,24.4,High Risk (Critical),12,37.7,16.2,33,38,1,55.0,1,3.0
CUST-110535,59.1,Medium Risk (Warning),25,51.3,74.0,27,5,2,20.6,0,3.5
CUST-110536,6.2,High Risk (Critical),9,24.1,17.1,0,29,4,66.4,1,2.0
CUST-110537,49.1,Medium Risk (Warning),11,44.9,9.5,101,42,0,0.0,0,3.5
CUST-110538,15.9,High Risk (Critical),2,37.2,15.6,29,6,2,15.3,0,2.0
CUST-110539,5.0,High Risk (Critical),13,22.1,16.4,44,9,2,68.3,1,1.0
CUST-110540,5.0,High Risk (Critical),1,31.4,19.7,117,7,2,17.4,1,1.0
CUST-110541,68.6,Medium Risk (Warning),24,52.0,32.5,31,32,0,0.0,0,3.5
CUST-110542,11.6,High Risk (Critical),12,33.6,14.9,38,37,3,67.9,0,1.0
CUST-110543,20.8,High Risk (Critical),10,25.8,8.8,131,28,2,34.1,0,2.0
CUST-110544,78.8,Low Risk (Healthy),20,88.6,50.8,2895,14,1,3.6,0,5.0
CUST-110545,69.8,Medium Risk (Warning),21,69.3,44.0,1804,36,0,0.0,0,3.5
CUST-110546,22.2,High Risk (Critical),12,44.1,17.1,41,4,3,45.4,1,3.0
CUST-110547,39.3,High Risk (Critical),11,12.0,21.3,139,9,0,0.0,0,3.5
CUST-110548,48.7,Medium Risk (Warning),14,30.1,14.3,35,33,0,0.0,0,3.5
CUST-110549,62.5,Medium Risk (Warning),27,54.2,50.6,117,5,2,22.4,0,3.5
CUST-110550,24.1,High Risk (Critical),13,32.9,14.4,131,41,3,24.7,0,2.0
CUST-110551,5.0,High Risk (Critical),3,11.0,17.8,94,35,2,15.7,1,2.0
CUST-110552,52.4,Medium Risk (Warning),18,62.8,93.7,2155,26,3,19.4,0,4.0
CUST-110553,29.6,High Risk (Critical),14,21.5,9.5,55,24,1,28.1,0,2.0
CUST-110554,66.1,Medium Risk (Warning),16,79.2,84.8,3392,4,0,0.0,0,3.5
CUST-110555,34.8,High Risk (Critical),5,23.7,4.7,104,28,0,0.0,0,3.5
CUST-110556,20.2,High Risk (Critical),10,38.7,7.8,53,5,2,70.1,0,2.0
CUST-110557,41.8,High Risk (Critical),10,24.9,21.5,34,44,0,0.0,0,3.5
CUST-110558,13.0,High Risk (Critical),11,14.6,18.0,122,20,2,32.0,0,1.0
CUST-110559,73.2,Low Risk (Healthy),22,87.1,105.6,61,7,1,18.2,0,4.0
CUST-110560,11.3,High Risk (Critical),10,11.3,13.0,53,28,1,27.2,1,2.0
CUST-110561,9.9,High Risk (Critical),14,31.5,19.5,96,6,2,49.9,1,1.0
CUST-110562,76.9,Low Risk (Healthy),27,77.2,81.4,6186,24,1,17.8,0,4.0
CUST-110563,68.7,Medium Risk (Warning),21,65.2,68.4,47,36,2,6.5,0,5.0
CUST-110564,12.4,High Risk (Critical),14,19.6,12.4,71,12,3,49.0,0,1.0
CUST-110565,17.0,High Risk (Critical),9,19.7,19.4,57,44,2,38.9,0,2.0
CUST-110566,6.3,High Risk (Critical),7,26.2,21.5,92,42,1,23.0,1,1.0
CUST-110567,19.3,High Risk (Critical),11,38.7,6.6,66,22,3,71.8,1,3.0
CUST-110568,65.0,Medium Risk (Warning),19,85.4,103.5,34,41,2,15.7,0,4.0
CUST-110569,21.8,High Risk (Critical),10,11.1,19.0,72,29,2,39.3,0,3.0
CUST-110570,70.2,Low Risk (Healthy),17,74.3,77.1,96,8,1,6.1,0,5.0
CUST-110571,79.3,Low Risk (Healthy),25,83.3,89.0,20,23,0,0.0,0,3.5
CUST-110572,64.5,Medium Risk (Warning),15,78.4,28.7,10,4,0,0.0,0,3.5
CUST-110573,5.0,High Risk (Critical),4,11.6,12.2,22,25,2,26.0,0,1.0
CUST-110574,64.5,Medium Risk (Warning),17,69.3,70.9,3828,14,0,0.0,0,3.5
CUST-110575,65.8,Medium Risk (Warning),27,78.3,42.4,932,32,3,21.4,0,3.5
CUST-110576,67.4,Medium Risk (Warning),17,79.2,36.4,1456,27,0,0.0,0,3.5
CUST-110577,59.3,Medium Risk (Warning),15,80.4,40.6,1299,0,2,6.8,0,4.0
CUST-110578,78.3,Low Risk (Healthy),25,79.9,97.7,2833,22,0,0.0,0,3.5
CUST-110579,6.2,High Risk (Critical),10,26.3,15.7,40,31,4,40.2,0,1.0
CUST-110580,66.3,Medium Risk (Warning),20,82.6,63.6,4324,35,2,9.2,0,4.0
CUST-110581,47.7,Medium Risk (Warning),12,35.6,5.2,129,26,0,0.0,0,3.5
CUST-110582,20.1,High Risk (Critical),13,12.6,10.1,74,32,1,71.9,0,2.0
CUST-110583,25.1,High Risk (Critical),14,33.6,19.8,121,44,2,29.3,1,3.0
CUST-110584,17.1,High Risk (Critical),3,43.7,16.8,85,18,2,31.7,0,2.0
CUST-110585,81.0,Low Risk (Healthy),27,72.7,97.3,5,42,1,22.1,0,5.0
CUST-110586,17.3,High Risk (Critical),14,11.6,19.4,113,14,1,70.9,1,3.0
CUST-110587,69.6,Medium Risk (Warning),25,51.0,48.6,16,20,0,0.0,0,3.5
CUST-110588,37.9,High Risk (Critical),9,16.3,5.2,50,36,0,0.0,0,3.5
CUST-110589,35.8,High Risk (Critical),14,38.8,11.7,61,41,2,35.9,0,3.0
CUST-110590,72.1,Low Risk (Healthy),26,54.8,39.0,585,14,0,0.0,0,3.5
CUST-110591,83.5,Low Risk (Healthy),27,94.4,52.3,46,43,1,6.6,0,4.0
CUST-110592,80.9,Low Risk (Healthy),29,70.9,92.3,7384,29,0,0.0,0,3.5
CUST-110593,56.4,Medium Risk (Warning),16,50.8,83.8,93,4,2,17.2,0,5.0
CUST-110594,20.0,High Risk (Critical),3,17.9,12.1,58,31,1,27.3,0,3.0
CUST-110595,83.4,Low Risk (Healthy),26,78.6,107.5,108,42,1,6.5,0,5.0
CUST-110596,57.6,Medium Risk (Warning),20,52.6,95.3,139,8,2,6.6,0,4.0
CUST-110597,66.2,Medium Risk (Warning),16,82.3,51.8,1916,45,2,14.6,0,5.0
CUST-110598,85.7,Low Risk (Healthy),29,86.7,67.0,2814,22,0,0.0,0,3.5
CUST-110599,15.2,High Risk (Critical),13,15.3,7.3,41,13,3,53.5,0,2.0
CUST-110600,23.4,High Risk (Critical),4,25.6,7.2,13,45,1,29.1,0,3.0
CUST-110601,55.5,Medium Risk (Warning),16,66.2,85.5,4,10,2,13.3,0,4.0
CUST-110602,18.4,High Risk (Critical),8,42.1,9.8,150,43,1,55.1,0,1.0
CUST-110603,64.0,Medium Risk (Warning),20,75.7,37.7,93,18,1,18.8,0,3.5
CUST-110604,72.8,Low Risk (Healthy),21,79.3,74.0,117,33,0,0.0,0,3.5
CUST-110605,71.3,Low Risk (Healthy),15,86.8,102.0,6528,21,1,6.1,0,5.0
CUST-110606,14.8,High Risk (Critical),12,19.2,9.7,35,41,3,24.2,1,3.0
CUST-110607,83.7,Low Risk (Healthy),27,88.9,77.0,2849,1,0,0.0,0,3.5
CUST-110608,75.9,Low Risk (Healthy),21,89.6,53.0,101,30,0,0.0,0,3.5
CUST-110609,61.5,Medium Risk (Warning),23,50.0,106.1,3395,37,1,9.1,0,3.5
CUST-110610,70.6,Low Risk (Healthy),22,67.6,65.3,90,44,0,0.0,0,3.5
CUST-110611,72.5,Low Risk (Healthy),25,60.4,49.5,940,13,0,0.0,0,3.5
CUST-110612,42.1,High Risk (Critical),13,12.7,6.4,22,32,0,0.0,0,3.5
CUST-110613,55.2,Medium Risk (Warning),19,62.9,35.4,107,24,3,8.1,0,4.0
CUST-110614,60.7,Medium Risk (Warning),15,65.8,72.7,14,0,0,0.0,0,3.5
CUST-110615,9.8,High Risk (Critical),2,31.9,19.4,104,12,1,35.2,0,1.0
CUST-110616,74.2,Low Risk (Healthy),21,84.0,55.0,24,34,0,0.0,0,3.5
CUST-110617,59.1,Medium Risk (Warning),17,51.3,97.0,41,23,0,0.0,0,3.5
CUST-110618,52.2,Medium Risk (Warning),15,68.0,104.6,49,37,2,9.7,0,3.5
CUST-110619,71.1,Low Risk (Healthy),25,74.6,38.7,890,5,2,5.1,0,4.0
CUST-110620,16.2,High Risk (Critical),7,43.5,18.3,54,11,2,49.4,1,3.0
CUST-110621,18.6,High Risk (Critical),14,29.2,19.4,126,23,3,22.8,0,1.0
CUST-110622,81.4,Low Risk (Healthy),29,63.7,84.0,2520,32,1,18.9,0,5.0
CUST-110623,14.1,High Risk (Critical),5,37.9,6.9,63,36,2,15.2,0,1.0
CUST-110624,63.4,Medium Risk (Warning),22,64.3,107.7,102,13,1,17.5,0,3.5
CUST-110625,7.7,High Risk (Critical),9,43.8,18.3,100,31,2,43.8,1,1.0
CUST-110626,19.2,High Risk (Critical),11,19.5,5.0,111,8,1,26.4,0,1.0
CUST-110627,9.1,High Risk (Critical),7,22.6,11.8,139,10,3,66.8,1,3.0
CUST-110628,26.2,High Risk (Critical),7,38.9,14.4,56,16,1,22.8,0,2.0
CUST-110629,61.1,Medium Risk (Warning),18,53.8,90.6,8,14,0,0.0,0,3.5
CUST-110630,14.8,High Risk (Critical),7,35.2,21.9,10,25,1,24.8,1,2.0
CUST-110631,40.5,High Risk (Critical),7,33.8,16.1,10,27,0,0.0,0,3.5
CUST-110632,38.3,High Risk (Critical),7,26.5,18.4,35,4,0,0.0,0,3.5
CUST-110633,5.0,High Risk (Critical),2,11.1,15.7,100,20,3,49.7,1,1.0
CUST-110634,70.6,Low Risk (Healthy),25,54.2,47.4,3697,20,0,0.0,0,3.5
CUST-110635,5.0,High Risk (Critical),2,23.4,4.2,91,38,3,37.0,1,2.0
CUST-110636,5.0,High Risk (Critical),2,37.9,12.8,29,40,2,61.7,1,1.0
CUST-110637,29.6,High Risk (Critical),14,37.6,10.9,127,11,3,50.5,0,3.0
CUST-110638,22.9,High Risk (Critical),13,42.0,7.1,136,44,3,24.7,1,3.0
CUST-110639,5.0,High Risk (Critical),1,40.9,4.4,1,37,3,38.3,1,1.0
CUST-110640,73.1,Low Risk (Healthy),19,89.1,33.2,14,22,0,0.0,0,3.5
CUST-110641,30.2,High Risk (Critical),3,17.2,14.1,111,4,0,0.0,0,3.5
CUST-110642,68.0,Medium Risk (Warning),17,81.2,84.7,136,23,0,0.0,0,3.5
CUST-110643,18.7,High Risk (Critical),8,20.0,11.1,72,23,2,63.9,0,3.0
CUST-110644,27.2,High Risk (Critical),1,16.1,12.9,22,40,0,0.0,0,3.5
CUST-110645,13.5,High Risk (Critical),5,41.6,14.2,112,22,1,29.3,1,2.0
CUST-110646,23.6,High Risk (Critical),13,12.1,10.8,97,3,1,43.3,0,2.0
CUST-110647,66.3,Medium Risk (Warning),20,81.0,98.6,103,5,1,13.1,0,3.5
CUST-110648,74.5,Low Risk (Healthy),22,80.7,93.4,4483,41,0,0.0,0,3.5
CUST-110649,59.0,Medium Risk (Warning),15,65.4,38.3,43,36,1,4.6,0,4.0
CUST-110650,14.4,High Risk (Critical),13,16.8,13.3,102,8,2,47.7,0,1.0
CUST-110651,5.0,High Risk (Critical),2,19.5,15.1,121,0,1,62.4,1,3.0
CUST-110652,82.8,Low Risk (Healthy),29,93.6,50.6,1214,14,1,7.4,0,3.5
CUST-110653,17.4,High Risk (Critical),7,21.3,19.4,61,12,1,18.4,1,3.0
CUST-110654,32.0,High Risk (Critical),10,30.2,5.6,66,5,1,34.9,0,3.0
CUST-110655,65.4,Medium Risk (Warning),23,67.4,106.5,82,17,1,20.1,0,3.5
CUST-110656,84.5,Low Risk (Healthy),28,93.8,61.5,3751,15,1,7.6,0,4.0
CUST-110657,11.2,High Risk (Critical),14,29.2,20.9,79,21,4,49.9,0,1.0
CUST-110658,72.6,Low Risk (Healthy),27,51.9,101.6,2641,19,0,0.0,0,3.5
CUST-110659,5.0,High Risk (Critical),4,11.9,19.1,107,26,4,26.5,1,1.0
CUST-110660,5.0,High Risk (Critical),4,32.6,19.4,73,20,5,48.2,0,1.0
CUST-110661,12.5,High Risk (Critical),6,38.5,17.1,21,4,5,53.1,1,3.0
CUST-110662,23.5,High Risk (Critical),10,17.6,19.6,92,31,1,25.2,0,2.0
CUST-110663,66.4,Medium Risk (Warning),17,66.8,54.8,2137,29,1,18.5,0,5.0
CUST-110664,71.6,Low Risk (Healthy),23,72.0,63.7,3885,3,1,5.0,0,4.0
CUST-110665,74.6,Low Risk (Healthy),21,73.0,40.0,1000,1,1,10.6,0,5.0
CUST-110666,74.6,Low Risk (Healthy),18,85.1,96.9,65,31,1,7.8,0,5.0
CUST-110667,15.3,High Risk (Critical),7,17.9,19.5,55,38,2,27.1,0,2.0
CUST-110668,35.7,High Risk (Critical),11,39.2,4.6,79,22,1,38.2,0,3.0
CUST-110669,77.7,Low Risk (Healthy),27,68.9,79.9,43,2,0,0.0,0,3.5
CUST-110670,73.9,Low Risk (Healthy),19,79.1,100.1,7207,2,1,9.0,0,5.0
CUST-110671,20.3,High Risk (Critical),11,44.2,20.6,101,30,1,45.4,1,2.0
CUST-110672,27.0,High Risk (Critical),12,18.1,17.6,67,40,1,67.2,0,3.0
CUST-110673,5.0,High Risk (Critical),8,10.1,18.7,21,31,1,57.2,1,1.0
CUST-110674,69.4,Medium Risk (Warning),20,72.3,34.9,1361,28,0,0.0,0,3.5
CUST-110675,5.0,High Risk (Critical),3,20.6,6.4,130,34,2,65.5,1,3.0
CUST-110676,79.0,Low Risk (Healthy),24,84.4,69.7,63,12,2,2.3,0,5.0
CUST-110677,40.0,High Risk (Critical),12,10.1,19.5,65,6,0,0.0,0,3.5
CUST-110678,33.6,High Risk (Critical),11,40.4,10.2,47,30,2,25.4,0,3.0
CUST-110679,10.6,High Risk (Critical),2,36.9,21.8,2,16,1,57.2,1,3.0
CUST-110680,5.0,High Risk (Critical),5,14.7,18.1,77,7,1,36.1,1,2.0
CUST-110681,13.5,High Risk (Critical),4,34.7,9.7,68,22,1,33.7,0,1.0
CUST-110682,77.2,Low Risk (Healthy),23,85.2,76.4,2444,25,0,0.0,0,3.5
CUST-110683,67.1,Medium Risk (Warning),21,68.7,78.9,24,25,1,12.0,0,4.0
CUST-110684,11.8,High Risk (Critical),8,18.4,9.5,144,35,1,67.2,1,3.0
CUST-110685,20.9,High Risk (Critical),7,32.5,21.2,120,44,2,65.8,0,3.0
CUST-110686,71.8,Low Risk (Healthy),26,78.1,60.4,4046,9,2,18.4,0,4.0
CUST-110687,31.0,High Risk (Critical),14,23.0,19.8,20,7,1,20.4,0,2.0
CUST-110688,5.0,High Risk (Critical),5,20.9,15.7,140,30,3,25.2,1,2.0
CUST-110689,60.7,Medium Risk (Warning),15,73.0,38.8,1823,37,1,9.6,0,4.0
CUST-110690,31.7,High Risk (Critical),2,26.9,7.7,140,30,0,0.0,0,3.5
CUST-110691,46.5,Medium Risk (Warning),10,40.5,6.9,113,36,0,0.0,0,3.5
CUST-110692,37.8,High Risk (Critical),3,42.5,4.1,135,34,0,0.0,0,3.5
CUST-110693,5.0,High Risk (Critical),11,20.8,11.4,32,28,4,46.2,1,1.0
CUST-110694,13.6,High Risk (Critical),8,26.3,15.6,79,19,1,71.8,1,3.0
CUST-110695,16.3,High Risk (Critical),4,12.8,4.4,18,34,2,23.2,0,3.0
CUST-110696,66.4,Medium Risk (Warning),15,91.9,73.2,5563,16,1,9.1,0,4.0
CUST-110697,9.0,High Risk (Critical),4,28.4,16.1,112,33,1,70.7,1,3.0
CUST-110698,13.6,High Risk (Critical),8,13.6,4.4,52,6,1,41.4,1,3.0
CUST-110699,72.5,Low Risk (Healthy),25,51.3,56.4,4512,15,1,17.7,0,5.0
CUST-110700,5.5,High Risk (Critical),1,39.9,15.2,77,35,2,14.5,1,2.0
CUST-110701,5.9,High Risk (Critical),14,20.9,6.5,82,16,3,35.2,1,1.0
CUST-110702,22.8,High Risk (Critical),10,12.8,7.5,37,27,2,34.6,0,3.0
CUST-110703,5.0,High Risk (Critical),9,15.6,10.9,64,8,2,37.5,1,1.0
CUST-110704,71.4,Low Risk (Healthy),17,92.5,27.6,414,31,0,0.0,0,3.5
CUST-110705,6.9,High Risk (Critical),10,12.4,14.4,115,8,1,17.1,1,1.0
CUST-110706,10.3,High Risk (Critical),2,38.4,16.7,120,3,2,63.3,0,2.0
CUST-110707,12.6,High Risk (Critical),12,28.1,4.6,57,2,1,30.7,1,1.0
CUST-110708,26.7,High Risk (Critical),3,35.1,7.6,100,33,1,14.3,0,3.0
CUST-110709,24.1,High Risk (Critical),13,36.9,19.6,37,42,1,50.7,0,1.0
CUST-110710,62.1,Medium Risk (Warning),23,54.6,95.7,63,28,1,15.4,0,3.5
CUST-110711,15.0,High Risk (Critical),5,37.2,8.7,57,15,2,55.0,0,2.0
CUST-110712,24.0,High Risk (Critical),13,17.9,7.4,30,36,2,70.0,0,3.0
CUST-110713,27.4,High Risk (Critical),6,28.2,14.0,149,41,1,24.8,0,3.0
CUST-110714,10.6,High Risk (Critical),2,25.3,6.1,141,5,1,61.4,0,2.0
CUST-110715,27.1,High Risk (Critical),14,26.7,13.6,77,5,1,60.5,0,2.0
CUST-110716,65.5,Medium Risk (Warning),18,76.8,38.8,25,29,1,12.0,0,4.0
CUST-110717,70.6,Low Risk (Healthy),16,94.2,90.4,1536,26,0,0.0,0,3.5
CUST-110718,13.1,High Risk (Critical),6,32.3,15.1,72,1,1,20.6,1,2.0
CUST-110719,28.0,High Risk (Critical),11,12.8,10.4,33,11,1,36.2,0,3.0
CUST-110720,16.6,High Risk (Critical),6,37.7,20.7,11,43,2,53.8,0,2.0
CUST-110721,10.9,High Risk (Critical),4,35.1,6.0,94,18,2,23.7,0,1.0
CUST-110722,25.8,High Risk (Critical),10,41.8,17.3,59,30,3,48.8,0,3.0
CUST-110723,81.8,Low Risk (Healthy),24,88.1,30.8,123,44,1,21.4,0,5.0
CUST-110724,33.0,High Risk (Critical),13,34.7,17.3,80,1,1,69.9,0,3.0
CUST-110725,64.6,Medium Risk (Warning),19,85.5,82.8,26,7,2,19.3,0,4.0
CUST-110726,58.9,Medium Risk (Warning),15,59.6,33.5,2546,1,0,0.0,0,3.5
CUST-110727,64.6,Medium Risk (Warning),15,71.6,71.9,14,12,1,23.1,0,5.0
CUST-110728,5.0,High Risk (Critical),5,17.9,9.7,83,6,1,50.3,1,1.0
CUST-110729,85.6,Low Risk (Healthy),25,90.2,63.4,1331,28,1,6.4,0,5.0
CUST-110730,59.0,Medium Risk (Warning),21,55.8,96.9,125,1,1,21.9,0,3.5
CUST-110731,63.3,Medium Risk (Warning),20,63.2,102.5,3690,35,1,18.4,0,4.0
CUST-110732,61.2,Medium Risk (Warning),15,89.0,43.4,2083,23,1,19.6,0,3.5
CUST-110733,6.2,High Risk (Critical),5,14.3,6.4,26,21,1,70.1,1,3.0
CUST-110734,17.8,High Risk (Critical),13,12.8,15.1,106,30,2,27.0,1,3.0
CUST-110735,5.0,High Risk (Critical),6,25.9,7.6,145,16,2,56.0,1,1.0
CUST-110736,5.0,High Risk (Critical),2,12.2,8.6,60,42,3,39.9,0,1.0
CUST-110737,5.4,High Risk (Critical),6,25.2,18.7,74,43,2,65.0,0,1.0
CUST-110738,75.7,Low Risk (Healthy),26,71.3,58.7,2641,38,1,2.8,0,4.0
CUST-110739,60.2,Medium Risk (Warning),22,55.7,57.8,3757,45,2,14.4,0,4.0
CUST-110740,5.0,High Risk (Critical),1,16.9,19.3,105,36,1,14.8,1,2.0
CUST-110741,71.7,Low Risk (Healthy),21,75.6,62.9,2138,25,0,0.0,0,3.5
CUST-110742,9.4,High Risk (Critical),5,32.0,6.0,63,3,3,22.6,1,3.0
CUST-110743,9.6,High Risk (Critical),6,22.9,5.6,110,10,1,25.8,1,2.0
CUST-110744,27.2,High Risk (Critical),12,45.0,17.5,23,20,1,50.5,1,3.0
CUST-110745,43.2,High Risk (Critical),7,43.0,4.8,70,12,0,0.0,0,3.5
CUST-110746,87.3,Low Risk (Healthy),29,92.1,109.5,3832,42,0,0.0,0,3.5
CUST-110747,5.0,High Risk (Critical),6,20.2,20.1,90,23,4,49.4,1,2.0
CUST-110748,5.0,High Risk (Critical),7,17.9,21.7,61,14,2,64.2,0,1.0
CUST-110749,72.7,Low Risk (Healthy),21,89.4,28.9,77,24,1,17.0,0,4.0
CUST-110750,68.2,Medium Risk (Warning),18,77.2,96.9,19,26,0,0.0,0,3.5
CUST-110751,72.4,Low Risk (Healthy),17,82.0,103.6,2072,37,1,6.8,0,5.0
CUST-110752,11.1,High Risk (Critical),7,18.4,9.4,31,12,2,29.9,1,3.0
CUST-110753,5.0,High Risk (Critical),3,22.5,19.0,79,26,4,37.9,1,1.0
CUST-110754,77.5,Low Risk (Healthy),27,68.5,26.2,786,39,0,0.0,0,3.5
CUST-110755,76.9,Low Risk (Healthy),23,94.7,94.2,33,27,1,17.5,0,4.0
CUST-110756,6.5,High Risk (Critical),11,32.3,4.6,50,15,3,14.9,1,1.0
CUST-110757,78.2,Low Risk (Healthy),28,66.1,59.7,3582,19,0,0.0,0,3.5
CUST-110758,6.7,High Risk (Critical),1,25.2,17.4,48,3,2,49.6,0,2.0
CUST-110759,31.4,High Risk (Critical),10,41.4,21.5,24,37,2,34.7,0,3.0
CUST-110760,5.0,High Risk (Critical),3,31.6,17.4,78,26,4,35.8,1,2.0
CUST-110761,62.5,Medium Risk (Warning),21,66.9,52.9,33,42,1,20.3,0,3.5
CUST-110762,11.9,High Risk (Critical),1,17.3,8.7,97,8,1,20.8,0,2.0
CUST-110763,61.1,Medium Risk (Warning),18,53.8,79.0,0,33,0,0.0,0,3.5
CUST-110764,23.5,High Risk (Critical),11,44.8,20.1,8,39,5,21.0,0,3.0
CUST-110765,38.0,High Risk (Critical),4,38.8,20.9,19,39,0,0.0,0,3.5
CUST-110766,8.5,High Risk (Critical),5,29.3,15.5,91,25,6,47.5,1,3.0
CUST-110767,21.7,High Risk (Critical),13,24.4,17.9,131,30,1,39.6,0,1.0
CUST-110768,62.2,Medium Risk (Warning),25,51.9,48.5,3783,23,2,21.3,0,4.0
CUST-110769,26.7,High Risk (Critical),9,20.3,7.7,21,12,1,43.3,0,3.0
CUST-110770,22.7,High Risk (Critical),3,27.0,4.9,103,25,1,27.5,0,3.0
CUST-110771,20.3,High Risk (Critical),7,20.4,15.9,68,26,1,25.1,0,2.0
CUST-110772,24.0,High Risk (Critical),9,19.9,8.6,123,30,1,15.8,0,2.0
CUST-110773,63.4,Medium Risk (Warning),15,74.8,79.8,35,40,0,0.0,0,3.5
CUST-110774,11.7,High Risk (Critical),3,37.6,7.2,84,1,2,60.3,0,2.0
CUST-110775,25.4,High Risk (Critical),3,31.2,15.9,52,40,1,15.7,0,3.0
CUST-110776,78.7,Low Risk (Healthy),19,92.1,84.7,130,28,1,2.3,0,5.0
CUST-110777,28.9,High Risk (Critical),9,37.5,4.3,134,43,1,18.8,0,2.0
CUST-110778,39.1,High Risk (Critical),12,39.9,13.7,88,9,1,22.8,0,3.0
CUST-110779,29.0,High Risk (Critical),1,22.3,15.5,85,16,0,0.0,0,3.5
CUST-110780,5.9,High Risk (Critical),8,14.9,10.1,138,37,3,26.2,0,1.0
CUST-110781,14.0,High Risk (Critical),7,11.6,6.5,100,3,2,22.8,0,2.0
CUST-110782,8.8,High Risk (Critical),5,26.5,13.3,94,31,2,30.2,0,1.0
CUST-110783,12.5,High Risk (Critical),6,10.3,12.0,100,32,1,52.8,0,2.0
CUST-110784,66.3,Medium Risk (Warning),22,62.9,39.7,73,32,1,15.0,0,4.0
CUST-110785,27.1,High Risk (Critical),13,11.4,9.1,17,41,1,61.2,0,3.0
CUST-110786,5.0,High Risk (Critical),1,38.9,20.2,65,36,3,71.8,0,2.0
CUST-110787,65.0,Medium Risk (Warning),26,64.2,99.8,19,36,3,7.5,0,4.0
CUST-110788,20.7,High Risk (Critical),14,30.2,13.4,16,41,5,41.8,1,3.0
CUST-110789,5.0,High Risk (Critical),1,11.2,6.9,55,32,2,56.9,0,1.0
CUST-110790,77.0,Low Risk (Healthy),19,92.1,66.0,11,36,1,16.1,0,5.0
CUST-110791,79.1,Low Risk (Healthy),26,78.1,76.7,67,0,0,0.0,0,3.5
CUST-110792,33.0,High Risk (Critical),6,44.5,8.0,74,13,1,18.7,0,3.0
CUST-110793,81.2,Low Risk (Healthy),24,93.9,30.4,820,30,0,0.0,0,3.5
CUST-110794,7.3,High Risk (Critical),8,32.1,19.4,104,2,4,71.5,1,2.0
CUST-110795,14.6,High Risk (Critical),2,44.1,10.0,15,4,1,42.7,1,3.0
CUST-110796,40.7,High Risk (Critical),12,42.8,17.6,129,37,1,16.9,0,3.0
CUST-110797,59.6,Medium Risk (Warning),16,62.7,104.8,5449,29,2,20.1,0,5.0
CUST-110798,23.6,High Risk (Critical),11,16.5,21.6,59,16,2,48.5,0,3.0
CUST-110799,26.8,High Risk (Critical),13,38.4,7.2,56,33,2,48.4,0,2.0
CUST-110800,11.3,High Risk (Critical),5,39.1,21.1,135,44,1,41.0,1,2.0
CUST-110801,83.8,Low Risk (Healthy),27,89.4,63.5,129,39,0,0.0,0,3.5
CUST-110802,22.3,High Risk (Critical),7,38.6,11.0,66,16,1,52.6,0,2.0
CUST-110803,24.5,High Risk (Critical),5,37.1,21.1,53,41,1,58.0,0,3.0
CUST-110804,27.7,High Risk (Critical),14,38.7,14.2,20,33,2,52.4,0,2.0
CUST-110805,5.0,High Risk (Critical),9,24.3,14.9,97,32,5,64.7,0,1.0
CUST-110806,19.7,High Risk (Critical),10,16.5,16.2,82,7,3,36.7,0,3.0
CUST-110807,12.3,High Risk (Critical),3,36.5,11.4,36,22,2,21.6,1,3.0
CUST-110808,7.3,High Risk (Critical),6,40.9,11.8,62,30,3,30.7,1,2.0
CUST-110809,5.0,High Risk (Critical),8,10.5,21.5,45,34,1,71.6,1,1.0
CUST-110810,7.1,High Risk (Critical),4,12.8,12.2,2,19,1,48.4,1,3.0
CUST-110811,5.0,High Risk (Critical),4,15.2,4.5,102,6,2,57.6,1,3.0
CUST-110812,5.0,High Risk (Critical),8,22.2,13.4,102,8,5,65.3,0,1.0
CUST-110813,61.7,Medium Risk (Warning),16,64.6,44.3,45,40,0,0.0,0,3.5
CUST-110814,34.5,High Risk (Critical),1,40.6,16.9,38,2,0,0.0,0,3.5
CUST-110815,9.0,High Risk (Critical),8,34.5,19.2,84,22,1,31.9,1,1.0
CUST-110816,68.1,Medium Risk (Warning),16,72.4,103.2,107,22,1,7.8,0,5.0
CUST-110817,39.4,High Risk (Critical),11,12.5,4.6,14,40,0,0.0,0,3.5
CUST-110818,5.0,High Risk (Critical),3,11.8,7.4,111,25,3,65.3,0,1.0
CUST-110819,12.6,High Risk (Critical),11,25.1,4.2,127,35,1,61.0,1,2.0
CUST-110820,61.5,Medium Risk (Warning),18,74.5,60.2,1565,42,2,7.1,0,4.0
CUST-110821,12.4,High Risk (Critical),13,13.6,9.1,15,39,2,24.4,1,2.0
CUST-110822,15.6,High Risk (Critical),7,16.7,6.8,119,17,1,53.7,0,2.0
CUST-110823,61.8,Medium Risk (Warning),21,65.0,109.3,5902,42,1,21.6,0,3.5
CUST-110824,82.5,Low Risk (Healthy),25,94.0,68.2,30,28,0,0.0,0,3.5
CUST-110825,70.7,Low Risk (Healthy),25,54.6,104.9,5454,6,0,0.0,0,3.5
CUST-110826,66.7,Medium Risk (Warning),24,56.1,100.7,6444,24,1,17.3,0,4.0
CUST-110827,71.5,Low Risk (Healthy),23,66.2,72.1,134,0,0,0.0,0,3.5
CUST-110828,71.0,Low Risk (Healthy),22,78.5,57.3,16,3,1,14.8,0,4.0
CUST-110829,13.8,High Risk (Critical),8,22.2,6.8,6,40,3,28.4,0,2.0
CUST-110830,26.6,High Risk (Critical),11,10.8,19.9,94,11,1,42.8,0,3.0
CUST-110831,59.8,Medium Risk (Warning),15,62.5,86.1,3616,31,0,0.0,0,3.5
CUST-110832,21.8,High Risk (Critical),9,31.8,15.6,6,37,3,45.8,0,3.0
CUST-110833,61.8,Medium Risk (Warning),19,93.0,69.0,1932,37,5,11.7,0,5.0
CUST-110834,15.9,High Risk (Critical),9,39.8,10.2,75,23,1,48.6,1,2.0
CUST-110835,9.7,High Risk (Critical),13,19.7,7.9,132,45,2,12.4,1,1.0
CUST-110836,68.9,Medium Risk (Warning),25,71.3,109.0,51,18,2,14.3,0,4.0
CUST-110837,65.3,Medium Risk (Warning),21,92.3,52.1,20,35,3,19.5,0,4.0
CUST-110838,73.4,Low Risk (Healthy),19,78.0,95.4,7155,24,1,10.9,0,5.0
CUST-110839,31.0,High Risk (Critical),14,44.0,17.1,104,5,1,39.1,1,3.0
CUST-110840,65.2,Medium Risk (Warning),20,58.4,88.3,2030,40,0,0.0,0,3.5
CUST-110841,6.1,High Risk (Critical),3,28.7,21.9,97,16,1,67.8,0,1.0
CUST-110842,67.8,Medium Risk (Warning),20,57.0,75.0,24,10,1,15.8,0,5.0
CUST-110843,29.2,High Risk (Critical),12,36.9,14.5,121,4,1,46.9,0,2.0
CUST-110844,78.2,Low Risk (Healthy),29,54.9,38.6,2624,6,1,23.2,0,5.0
CUST-110845,17.6,High Risk (Critical),7,35.3,5.1,2,45,2,18.4,1,3.0
CUST-110846,48.2,Medium Risk (Warning),13,32.9,10.3,64,45,0,0.0,0,3.5
CUST-110847,11.6,High Risk (Critical),4,16.3,19.4,121,15,1,53.1,0,2.0
CUST-110848,27.8,High Risk (Critical),8,38.8,21.7,16,20,1,68.2,0,3.0
CUST-110849,12.3,High Risk (Critical),2,33.8,10.4,101,3,1,36.4,1,3.0
CUST-110850,7.5,High Risk (Critical),5,24.2,6.1,53,39,2,35.4,0,1.0
CUST-110851,68.0,Medium Risk (Warning),17,81.2,62.4,73,42,0,0.0,0,3.5
CUST-110852,62.6,Medium Risk (Warning),16,67.7,72.9,3790,30,0,0.0,0,3.5
CUST-110853,61.7,Medium Risk (Warning),22,71.7,27.6,469,17,2,17.4,0,3.5
CUST-110854,23.3,High Risk (Critical),10,13.1,9.2,41,11,2,31.5,0,3.0
CUST-110855,16.1,High Risk (Critical),4,18.7,14.8,119,5,1,23.0,0,2.0
CUST-110856,74.6,Low Risk (Healthy),26,63.0,84.2,75,15,0,0.0,0,3.5
CUST-110857,65.6,Medium Risk (Warning),16,77.5,70.6,1129,6,0,0.0,0,3.5
CUST-110858,31.0,High Risk (Critical),2,24.6,10.2,111,22,0,0.0,0,3.5
CUST-110859,76.1,Low Risk (Healthy),26,68.2,42.5,892,42,0,0.0,0,3.5
CUST-110860,16.5,High Risk (Critical),13,30.7,8.5,43,19,2,64.0,0,1.0
CUST-110861,79.7,Low Risk (Healthy),28,71.1,69.7,2578,26,0,0.0,0,3.5
CUST-110862,19.8,High Risk (Critical),7,29.4,5.6,9,23,1,18.6,1,3.0
CUST-110863,63.5,Medium Risk (Warning),22,65.8,103.1,141,3,1,20.2,0,3.5
CUST-110864,20.3,High Risk (Critical),11,35.9,4.6,41,44,3,41.4,0,2.0
CUST-110865,78.2,Low Risk (Healthy),22,92.9,78.0,38,15,0,0.0,0,3.5
CUST-110866,42.4,High Risk (Critical),6,44.6,4.1,93,8,0,0.0,0,3.5
CUST-110867,75.2,Low Risk (Healthy),18,88.3,57.5,2875,40,1,10.3,0,5.0
CUST-110868,73.3,Low Risk (Healthy),18,84.0,33.6,1276,43,1,15.4,0,5.0
CUST-110869,64.3,Medium Risk (Warning),20,55.6,56.1,98,33,0,0.0,0,3.5
CUST-110870,5.0,High Risk (Critical),7,15.6,19.1,52,27,2,60.9,1,1.0
CUST-110871,67.2,Medium Risk (Warning),18,60.7,102.6,2359,10,1,8.2,0,5.0
CUST-110872,68.3,Medium Risk (Warning),17,82.2,55.3,70,9,0,0.0,0,3.5
CUST-110873,12.5,High Risk (Critical),6,32.4,6.9,146,16,1,57.6,0,1.0
CUST-110874,67.1,Medium Risk (Warning),28,54.8,52.9,102,7,2,21.0,0,4.0
CUST-110875,37.9,High Risk (Critical),9,16.2,4.8,146,27,0,0.0,0,3.5
CUST-110876,17.2,High Risk (Critical),12,19.1,4.5,66,39,1,20.0,1,2.0
CUST-110877,23.4,High Risk (Critical),11,34.0,6.0,1,25,1,27.7,0,1.0
CUST-110878,66.9,Medium Risk (Warning),19,68.5,46.1,104,9,0,0.0,0,3.5
CUST-110879,59.3,Medium Risk (Warning),16,56.5,94.3,6978,0,0,0.0,0,3.5
CUST-110880,18.8,High Risk (Critical),8,29.1,9.4,122,11,1,20.8,0,1.0
CUST-110881,70.2,Low Risk (Healthy),24,57.5,81.1,86,28,0,0.0,0,3.5
CUST-110882,77.4,Low Risk (Healthy),25,76.9,72.1,40,38,0,0.0,0,3.5
CUST-110883,9.9,High Risk (Critical),1,12.1,13.4,90,15,1,24.5,0,2.0
CUST-110884,75.9,Low Risk (Healthy),20,94.2,25.2,140,37,0,0.0,0,3.5
CUST-110885,5.0,High Risk (Critical),2,12.6,20.1,143,37,2,64.5,1,1.0
CUST-110886,76.0,Low Risk (Healthy),25,72.1,72.0,5184,9,0,0.0,0,3.5
CUST-110887,75.3,Low Risk (Healthy),28,66.3,50.8,97,18,1,15.2,0,4.0
CUST-110888,5.7,High Risk (Critical),4,13.1,19.3,16,45,1,44.6,0,1.0
CUST-110889,63.2,Medium Risk (Warning),20,61.6,50.7,23,26,1,15.2,0,4.0
CUST-110890,33.0,High Risk (Critical),6,13.2,15.6,145,34,0,0.0,0,3.5
CUST-110891,5.0,High Risk (Critical),10,33.0,9.7,85,43,3,43.0,1,1.0
CUST-110892,15.4,High Risk (Critical),10,19.5,17.8,22,43,2,29.9,1,3.0
CUST-110893,6.9,High Risk (Critical),13,10.9,10.3,65,8,1,45.3,1,1.0
CUST-110894,71.0,Low Risk (Healthy),21,77.9,70.8,142,6,1,3.1,0,4.0
CUST-110895,75.0,Low Risk (Healthy),29,51.0,71.6,4152,16,0,0.0,0,3.5
CUST-110896,67.2,Medium Risk (Warning),15,87.3,99.6,141,18,2,7.7,0,5.0
CUST-110897,39.0,High Risk (Critical),8,24.6,9.6,96,22,0,0.0,0,3.5
CUST-110898,33.8,High Risk (Critical),3,29.4,6.2,98,3,0,0.0,0,3.5
CUST-110899,19.6,High Risk (Critical),3,42.3,4.5,111,0,1,40.5,0,2.0
CUST-110900,80.5,Low Risk (Healthy),25,87.1,62.3,2678,22,0,0.0,0,3.5
CUST-110901,49.9,Medium Risk (Warning),14,34.0,11.9,148,41,0,0.0,0,3.5
CUST-110902,18.9,High Risk (Critical),11,37.5,15.7,62,20,3,71.0,1,3.0
CUST-110903,21.0,High Risk (Critical),13,15.6,5.8,98,10,1,24.4,0,1.0
CUST-110904,78.6,Low Risk (Healthy),28,67.5,43.5,1957,44,0,0.0,0,3.5
CUST-110905,25.2,High Risk (Critical),8,29.2,21.2,107,42,1,65.5,0,3.0
CUST-110906,5.0,High Risk (Critical),3,14.2,10.4,95,10,2,26.0,1,3.0
CUST-110907,5.0,High Risk (Critical),7,29.1,7.2,34,14,1,53.0,1,1.0
CUST-110908,60.0,Medium Risk (Warning),19,81.2,55.0,935,22,2,21.8,0,3.5
CUST-110909,18.5,High Risk (Critical),6,38.5,9.3,13,1,2,40.2,0,2.0
CUST-110910,5.0,High Risk (Critical),6,18.3,20.2,110,43,4,21.2,1,2.0
CUST-110911,81.4,Low Risk (Healthy),28,77.0,88.0,53,36,0,0.0,0,3.5
CUST-110912,13.1,High Risk (Critical),2,28.1,9.3,16,29,1,48.3,0,2.0
CUST-110913,69.1,Medium Risk (Warning),16,89.3,83.6,147,26,0,0.0,0,3.5
CUST-110914,60.6,Medium Risk (Warning),17,56.5,90.3,3070,1,0,0.0,0,3.5
CUST-110915,75.4,Low Risk (Healthy),21,87.9,66.2,4369,37,0,0.0,0,3.5
CUST-110916,83.7,Low Risk (Healthy),26,93.4,67.9,1290,36,0,0.0,0,3.5
CUST-110917,72.6,Low Risk (Healthy),22,94.6,75.9,136,38,1,17.1,0,3.5
CUST-110918,32.8,High Risk (Critical),13,22.6,20.1,90,29,1,42.9,0,3.0
CUST-110919,14.9,High Risk (Critical),8,16.6,19.2,71,11,1,70.3,0,2.0
CUST-110920,39.6,High Risk (Critical),6,35.5,10.7,49,35,0,0.0,0,3.5
CUST-110921,8.8,High Risk (Critical),8,13.0,7.0,92,36,2,30.5,0,1.0
CUST-110922,69.6,Medium Risk (Warning),18,79.7,57.0,3477,41,2,2.8,0,5.0
CUST-110923,77.3,Low Risk (Healthy),29,58.8,34.8,140,27,0,0.0,0,3.5
CUST-110924,7.1,High Risk (Critical),5,43.3,12.0,99,29,2,52.4,1,2.0
CUST-110925,11.0,High Risk (Critical),1,16.2,14.8,38,43,2,41.7,0,3.0
CUST-110926,71.9,Low Risk (Healthy),17,79.7,28.6,629,5,1,5.5,0,5.0
CUST-110927,19.7,High Risk (Critical),11,16.3,10.4,20,17,2,30.6,0,2.0
CUST-110928,65.4,Medium Risk (Warning),20,79.8,77.5,75,31,2,9.3,0,4.0
CUST-110929,5.0,High Risk (Critical),3,17.6,8.9,66,18,3,69.3,0,1.0
CUST-110930,5.0,High Risk (Critical),2,26.6,13.3,126,9,2,53.4,0,1.0
CUST-110931,34.7,High Risk (Critical),2,36.7,4.6,14,45,0,0.0,0,3.5
CUST-110932,5.0,High Risk (Critical),1,25.0,8.7,83,1,2,67.6,1,3.0
CUST-110933,70.9,Low Risk (Healthy),25,55.2,43.7,2884,31,0,0.0,0,3.5
CUST-110934,5.0,High Risk (Critical),5,33.1,13.3,19,3,1,39.0,1,1.0
CUST-110935,19.4,High Risk (Critical),9,31.4,11.0,56,40,3,63.9,0,3.0
CUST-110936,27.4,High Risk (Critical),12,25.2,21.3,121,45,1,33.0,0,2.0
CUST-110937,70.5,Low Risk (Healthy),24,58.5,79.7,1992,28,0,0.0,0,3.5
CUST-110938,62.0,Medium Risk (Warning),22,57.8,71.9,2,39,3,21.4,0,5.0
CUST-110939,71.9,Low Risk (Healthy),25,64.3,32.6,2347,43,2,21.5,0,5.0
CUST-110940,88.0,Low Risk (Healthy),28,86.2,99.3,21,34,1,9.4,0,5.0
CUST-110941,59.7,Medium Risk (Warning),15,62.3,36.6,139,28,0,0.0,0,3.5
CUST-110942,78.0,Low Risk (Healthy),25,91.1,44.7,3218,21,1,21.1,0,4.0
CUST-110943,62.2,Medium Risk (Warning),15,70.7,39.6,109,5,0,0.0,0,3.5
CUST-110944,75.0,Low Risk (Healthy),25,74.2,78.3,1096,31,1,4.4,0,4.0
CUST-110945,72.8,Low Risk (Healthy),27,67.4,67.4,93,29,1,3.7,0,3.5
CUST-110946,5.0,High Risk (Critical),2,25.5,17.6,88,35,2,17.1,1,1.0
CUST-110947,67.8,Medium Risk (Warning),16,72.9,92.9,90,3,1,11.1,0,5.0
CUST-110948,69.3,Medium Risk (Warning),16,90.0,91.3,4930,36,0,0.0,0,3.5
CUST-110949,12.8,High Risk (Critical),5,15.5,7.1,6,33,2,68.1,0,3.0
CUST-110950,21.6,High Risk (Critical),13,32.0,13.3,31,31,2,26.6,0,1.0
CUST-110951,15.3,High Risk (Critical),6,44.4,14.7,56,34,1,31.8,1,2.0
CUST-110952,14.4,High Risk (Critical),12,38.0,12.3,30,10,3,63.7,1,2.0
CUST-110953,70.0,Low Risk (Healthy),27,50.4,42.6,3024,13,1,8.7,0,4.0
CUST-110954,77.2,Low Risk (Healthy),28,91.3,69.6,2088,22,2,3.9,0,3.5
CUST-110955,5.0,High Risk (Critical),10,21.9,8.0,43,4,5,66.5,0,1.0
CUST-110956,12.5,High Risk (Critical),7,30.8,21.1,56,31,4,64.7,0,3.0
CUST-110957,40.6,High Risk (Critical),9,25.3,15.1,20,2,0,0.0,0,3.5
CUST-110958,58.9,Medium Risk (Warning),19,59.4,52.5,54,39,2,2.2,0,4.0
CUST-110959,36.6,High Risk (Critical),14,25.8,6.2,55,33,1,30.4,0,3.0
CUST-110960,7.6,High Risk (Critical),1,28.4,20.1,107,39,2,18.1,1,3.0
CUST-110961,26.8,High Risk (Critical),11,41.6,5.4,1,15,1,66.4,0,2.0
CUST-110962,64.8,Medium Risk (Warning),24,51.7,108.7,3261,0,1,21.7,0,4.0
CUST-110963,11.5,High Risk (Critical),1,31.6,17.6,34,33,3,42.2,0,3.0
CUST-110964,5.9,High Risk (Critical),8,13.7,15.7,16,16,1,54.9,1,2.0
CUST-110965,12.6,High Risk (Critical),14,32.4,13.4,113,4,1,62.5,1,1.0
CUST-110966,25.8,High Risk (Critical),2,44.6,15.2,87,41,1,33.9,0,3.0
CUST-110967,17.4,High Risk (Critical),13,43.7,10.9,121,30,5,68.6,1,2.0
CUST-110968,45.2,Medium Risk (Warning),13,22.9,11.8,68,33,0,0.0,0,3.5
CUST-110969,18.0,High Risk (Critical),9,43.4,5.2,143,20,2,57.4,1,3.0
CUST-110970,66.6,Medium Risk (Warning),17,76.5,65.7,81,35,0,0.0,0,3.5
CUST-110971,6.7,High Risk (Critical),7,25.4,16.2,127,25,2,65.7,0,1.0
CUST-110972,11.4,High Risk (Critical),3,42.6,20.7,22,19,1,26.8,1,2.0
CUST-110973,5.0,High Risk (Critical),2,12.1,15.6,150,35,1,71.6,1,1.0
CUST-110974,82.0,Low Risk (Healthy),25,92.1,50.9,104,2,0,0.0,0,3.5
CUST-110975,68.9,Medium Risk (Warning),29,63.4,100.5,7839,28,2,13.9,0,3.5
CUST-110976,27.1,High Risk (Critical),13,17.4,10.6,131,3,1,27.9,0,2.0
CUST-110977,5.0,High Risk (Critical),2,39.7,16.4,52,9,2,56.6,1,2.0
CUST-110978,20.1,High Risk (Critical),7,44.1,6.8,24,23,2,19.7,1,3.0
CUST-110979,21.5,High Risk (Critical),11,32.3,14.3,86,43,2,22.9,1,3.0
CUST-110980,63.5,Medium Risk (Warning),17,74.0,75.9,1973,24,1,11.0,0,4.0
CUST-110981,86.7,Low Risk (Healthy),29,90.1,79.5,43,9,0,0.0,0,3.5
CUST-110982,81.4,Low Risk (Healthy),24,94.8,70.1,1191,24,0,0.0,0,3.5
CUST-110983,17.9,High Risk (Critical),7,19.6,7.5,49,25,1,42.5,0,2.0
CUST-110984,74.7,Low Risk (Healthy),19,86.7,71.2,135,36,1,21.0,0,5.0
CUST-110985,65.2,Medium Risk (Warning),17,71.8,58.9,148,11,0,0.0,0,3.5
CUST-110986,65.6,Medium Risk (Warning),20,59.8,45.6,92,42,0,0.0,0,3.5
CUST-110987,79.7,Low Risk (Healthy),25,84.6,85.9,120,3,0,0.0,0,3.5
CUST-110988,69.8,Medium Risk (Warning),20,73.9,47.3,94,19,0,0.0,0,3.5
CUST-110989,72.4,Low Risk (Healthy),18,91.2,87.8,91,45,0,0.0,0,3.5
CUST-110990,84.1,Low Risk (Healthy),27,90.4,69.8,129,16,0,0.0,0,3.5
CUST-110991,5.9,High Risk (Critical),10,18.4,4.4,25,12,3,30.3,1,2.0
CUST-110992,83.3,Low Risk (Healthy),27,87.6,76.0,145,23,0,0.0,0,3.5
CUST-110993,27.1,High Risk (Critical),11,37.9,11.3,113,1,1,23.4,1,3.0
CUST-110994,21.8,High Risk (Critical),10,21.6,20.3,101,14,1,16.5,1,3.0
CUST-110995,76.6,Low Risk (Healthy),29,55.4,103.2,5,31,2,5.8,0,5.0
CUST-110996,5.0,High Risk (Critical),3,42.9,20.9,125,10,3,59.7,1,1.0
CUST-110997,38.3,High Risk (Critical),5,35.5,6.7,9,18,0,0.0,0,3.5
CUST-110998,16.7,High Risk (Critical),12,31.9,12.8,125,5,3,22.6,0,1.0
CUST-110999,85.0,Low Risk (Healthy),29,84.3,97.1,4078,44,0,0.0,0,3.5
CUST-111000,8.3,High Risk (Critical),12,15.1,20.6,8,35,2,49.5,1,2.0
CUST-111001,53.1,Medium Risk (Warning),16,60.0,108.9,4247,39,2,17.7,0,4.0
CUST-111002,49.2,Medium Risk (Warning),13,36.2,7.4,68,45,0,0.0,0,3.5
CUST-111003,19.8,High Risk (Critical),2,39.4,10.3,46,39,1,69.1,0,3.0
CUST-111004,5.0,High Risk (Critical),3,36.4,14.7,91,15,4,24.7,1,1.0
CUST-111005,5.0,High Risk (Critical),8,15.7,15.6,129,27,2,15.5,1,1.0
CUST-111006,7.1,High Risk (Critical),3,42.7,17.0,83,32,3,29.4,0,1.0
CUST-111007,22.0,High Risk (Critical),11,37.4,12.4,40,35,1,47.2,0,1.0
CUST-111008,29.8,High Risk (Critical),2,20.4,12.4,100,14,0,0.0,0,3.5
CUST-111009,7.7,High Risk (Critical),10,44.6,20.3,81,33,7,20.7,1,1.0
CUST-111010,85.4,Low Risk (Healthy),29,85.8,26.7,1895,6,0,0.0,0,3.5
CUST-111011,67.2,Medium Risk (Warning),25,54.0,108.3,6606,37,1,18.8,0,4.0
CUST-111012,67.7,Medium Risk (Warning),23,53.3,61.0,129,11,0,0.0,0,3.5
CUST-111013,10.6,High Risk (Critical),5,30.6,20.0,45,22,2,25.7,0,1.0
CUST-111014,67.6,Medium Risk (Warning),25,57.5,104.2,2,15,1,23.7,0,4.0
CUST-111015,6.8,High Risk (Critical),2,23.5,11.5,93,31,3,71.3,0,3.0
CUST-111016,13.4,High Risk (Critical),12,34.5,20.5,28,40,3,67.0,1,2.0
CUST-111017,75.7,Low Risk (Healthy),26,54.5,34.7,46,27,1,10.9,0,5.0
CUST-111018,9.2,High Risk (Critical),5,23.6,5.3,63,41,2,36.3,1,3.0
CUST-111019,5.0,High Risk (Critical),3,14.0,19.8,56,10,3,46.4,1,3.0
CUST-111020,57.3,Medium Risk (Warning),15,63.5,25.4,787,24,1,13.8,0,4.0
CUST-111021,13.7,High Risk (Critical),13,24.0,13.7,29,0,2,70.7,0,1.0
CUST-111022,57.5,Medium Risk (Warning),17,57.4,108.4,5636,33,1,19.3,0,4.0
CUST-111023,28.6,High Risk (Critical),14,38.0,5.7,109,10,2,12.1,1,3.0
CUST-111024,61.7,Medium Risk (Warning),18,55.4,109.2,8736,36,2,7.0,0,5.0
CUST-111025,5.0,High Risk (Critical),1,27.0,4.9,8,32,2,20.8,0,1.0
CUST-111026,79.6,Low Risk (Healthy),21,93.5,95.5,4393,35,1,19.8,0,5.0
CUST-111027,81.8,Low Risk (Healthy),28,78.3,44.9,2155,5,0,0.0,0,3.5
CUST-111028,73.9,Low Risk (Healthy),24,93.2,30.9,84,24,2,16.6,0,4.0
CUST-111029,66.1,Medium Risk (Warning),22,65.1,54.0,9,18,1,22.5,0,4.0
CUST-111030,63.5,Medium Risk (Warning),24,51.6,28.1,31,27,1,8.2,0,3.5
CUST-111031,14.5,High Risk (Critical),12,13.0,15.8,142,27,1,26.8,1,2.0
CUST-111032,82.1,Low Risk (Healthy),27,83.7,41.3,495,32,0,0.0,0,3.5
CUST-111033,5.0,High Risk (Critical),5,23.8,19.4,36,13,2,58.9,1,2.0
CUST-111034,26.7,High Risk (Critical),4,38.2,20.1,72,4,1,32.5,0,3.0
CUST-111035,70.3,Low Risk (Healthy),20,75.6,74.0,3922,27,0,0.0,0,3.5
CUST-111036,63.1,Medium Risk (Warning),22,51.0,35.1,2702,7,1,12.1,0,4.0
CUST-111037,67.0,Medium Risk (Warning),20,64.3,35.6,1993,3,0,0.0,0,3.5
CUST-111038,22.0,High Risk (Critical),3,38.5,5.3,28,38,1,60.4,0,3.0
CUST-111039,65.2,Medium Risk (Warning),20,58.6,82.6,95,12,0,0.0,0,3.5
CUST-111040,44.4,High Risk (Critical),19,54.5,90.4,5695,20,5,10.5,0,4.0
CUST-111041,15.5,High Risk (Critical),10,40.6,18.7,138,26,1,16.0,1,1.0
CUST-111042,15.1,High Risk (Critical),8,30.3,10.8,68,43,1,21.3,1,2.0
CUST-111043,71.9,Low Risk (Healthy),22,61.6,57.5,89,5,1,15.2,0,5.0
CUST-111044,61.5,Medium Risk (Warning),17,81.3,51.4,771,14,2,12.2,0,4.0
CUST-111045,43.4,High Risk (Critical),9,34.8,21.0,81,32,0,0.0,0,3.5
CUST-111046,17.9,High Risk (Critical),8,30.9,13.4,123,5,1,31.9,0,1.0
CUST-111047,5.0,High Risk (Critical),5,10.9,19.2,8,22,4,66.4,1,1.0
CUST-111048,35.6,High Risk (Critical),3,35.3,8.4,148,27,0,0.0,0,3.5
CUST-111049,16.2,High Risk (Critical),6,43.5,16.5,24,38,2,71.1,0,2.0
CUST-111050,83.5,Low Risk (Healthy),28,89.1,105.0,5985,29,1,4.3,0,4.0
CUST-111051,55.9,Medium Risk (Warning),15,70.3,49.0,1225,45,1,17.8,0,3.5
CUST-111052,15.7,High Risk (Critical),12,12.1,4.0,110,13,3,31.5,0,2.0
CUST-111053,16.7,High Risk (Critical),11,36.7,4.7,19,37,3,23.7,0,1.0
CUST-111054,21.0,High Risk (Critical),12,32.5,7.2,98,6,2,69.7,0,2.0
CUST-111055,26.1,High Risk (Critical),14,16.3,10.6,111,27,1,43.5,0,2.0
CUST-111056,81.9,Low Risk (Healthy),23,93.8,50.7,912,13,1,23.4,0,5.0
CUST-111057,64.3,Medium Risk (Warning),17,89.1,69.3,118,34,1,16.9,0,3.5
CUST-111058,5.0,High Risk (Critical),1,13.0,18.7,28,10,2,46.2,1,3.0
CUST-111059,57.4,Medium Risk (Warning),16,50.1,92.4,101,10,0,0.0,0,3.5
CUST-111060,18.5,High Risk (Critical),4,31.4,8.2,12,0,3,18.2,0,3.0
CUST-111061,17.2,High Risk (Critical),9,40.7,15.0,36,38,6,64.9,0,3.0
CUST-111062,77.2,Low Risk (Healthy),24,80.5,27.5,8,1,0,0.0,0,3.5
CUST-111063,13.9,High Risk (Critical),5,40.2,19.6,116,23,4,55.0,0,3.0
CUST-111064,59.7,Medium Risk (Warning),15,72.7,87.4,5506,25,1,16.5,0,4.0
CUST-111065,6.9,High Risk (Critical),1,20.0,8.6,58,37,1,67.8,0,2.0
CUST-111066,30.1,High Risk (Critical),9,37.6,11.1,109,3,1,57.7,0,3.0
CUST-111067,46.4,Medium Risk (Warning),11,35.9,9.1,120,15,0,0.0,0,3.5
CUST-111068,12.9,High Risk (Critical),1,26.7,20.7,30,19,3,19.2,0,3.0
CUST-111069,71.9,Low Risk (Healthy),25,58.4,56.5,108,28,0,0.0,0,3.5
CUST-111070,27.4,High Risk (Critical),13,36.4,6.1,58,7,1,23.2,0,1.0
CUST-111071,36.3,High Risk (Critical),12,42.5,20.9,44,40,1,51.4,0,3.0
CUST-111072,63.9,Medium Risk (Warning),17,88.1,52.8,15,1,2,9.6,0,4.0
CUST-111073,71.9,Low Risk (Healthy),26,54.1,89.5,76,32,0,0.0,0,3.5
CUST-111074,56.0,Medium Risk (Warning),22,57.9,42.1,2526,17,3,21.8,0,4.0
CUST-111075,9.8,High Risk (Critical),12,42.7,4.1,67,5,3,49.7,1,1.0
CUST-111076,53.9,Medium Risk (Warning),16,56.8,69.0,52,26,2,3.6,0,4.0
CUST-111077,63.8,Medium Risk (Warning),21,75.4,84.2,4546,36,2,22.2,0,4.0
CUST-111078,66.8,Medium Risk (Warning),19,75.6,44.6,2943,24,1,9.8,0,4.0
CUST-111079,51.3,Medium Risk (Warning),16,66.9,77.4,2012,41,3,16.5,0,4.0
CUST-111080,7.2,High Risk (Critical),12,14.0,21.9,71,8,4,20.5,1,2.0
CUST-111081,74.5,Low Risk (Healthy),17,94.7,109.4,15,15,1,20.3,0,5.0
CUST-111082,19.4,High Risk (Critical),14,17.3,17.5,17,37,1,67.4,1,3.0
CUST-111083,70.6,Low Risk (Healthy),24,58.7,44.6,81,37,0,0.0,0,3.5
CUST-111084,12.2,High Risk (Critical),12,10.8,6.3,104,27,5,47.6,1,3.0
CUST-111085,69.1,Medium Risk (Warning),21,66.9,57.5,2070,45,0,0.0,0,3.5
CUST-111086,64.9,Medium Risk (Warning),18,58.5,29.4,1558,15,1,21.3,0,5.0
CUST-111087,78.2,Low Risk (Healthy),25,79.7,59.2,1302,2,0,0.0,0,3.5
CUST-111088,24.2,High Risk (Critical),10,17.6,13.3,109,28,1,67.4,0,3.0
CUST-111089,5.0,High Risk (Critical),5,18.9,9.6,52,42,3,41.9,1,2.0
CUST-111090,69.2,Medium Risk (Warning),17,93.5,52.9,2433,17,1,12.0,0,4.0
CUST-111091,74.4,Low Risk (Healthy),28,53.6,34.5,19,1,0,0.0,0,3.5
CUST-111092,5.0,High Risk (Critical),11,17.7,8.6,71,7,6,56.3,0,1.0
CUST-111093,14.1,High Risk (Critical),8,12.9,5.1,89,33,1,35.2,1,3.0
CUST-111094,42.5,High Risk (Critical),11,22.7,6.4,104,22,0,0.0,0,3.5
CUST-111095,79.7,Low Risk (Healthy),23,91.9,29.3,84,19,2,4.0,0,5.0
CUST-111096,65.2,Medium Risk (Warning),21,60.8,26.8,40,29,1,8.4,0,4.0
CUST-111097,27.1,High Risk (Critical),9,11.7,12.6,137,3,1,19.6,0,3.0
CUST-111098,65.3,Medium Risk (Warning),23,64.5,35.3,92,21,1,13.7,0,3.5
CUST-111099,81.5,Low Risk (Healthy),26,86.2,62.9,629,39,0,0.0,0,3.5
CUST-111100,81.2,Low Risk (Healthy),29,78.1,36.7,2055,2,2,23.4,0,5.0
CUST-111101,20.6,High Risk (Critical),12,38.6,17.9,115,40,2,64.0,1,3.0
CUST-111102,72.8,Low Risk (Healthy),19,88.1,57.6,1900,5,0,0.0,0,3.5
CUST-111103,5.0,High Risk (Critical),6,20.8,19.8,109,39,3,69.9,1,2.0
CUST-111104,69.5,Medium Risk (Warning),16,90.4,96.3,3274,2,0,0.0,0,3.5
CUST-111105,14.6,High Risk (Critical),14,12.5,11.9,83,26,3,62.3,0,2.0
CUST-111106,42.8,High Risk (Critical),13,14.8,9.4,104,6,0,0.0,0,3.5
CUST-111107,5.9,High Risk (Critical),3,19.3,17.3,51,13,4,47.0,0,3.0
CUST-111108,5.0,High Risk (Critical),2,15.7,8.1,90,25,1,56.3,1,2.0
CUST-111109,5.8,High Risk (Critical),9,29.4,15.0,12,37,4,40.1,0,1.0
CUST-111110,6.2,High Risk (Critical),11,35.0,10.6,121,13,5,56.2,1,1.0
CUST-111111,75.9,Low Risk (Healthy),23,90.1,98.6,5521,29,1,14.1,0,4.0
CUST-111112,20.6,High Risk (Critical),13,32.3,11.1,6,30,1,67.5,0,1.0
CUST-111113,78.1,Low Risk (Healthy),23,86.3,104.3,149,10,2,4.0,0,5.0
CUST-111114,7.8,High Risk (Critical),1,16.8,7.5,26,29,2,20.2,0,2.0
CUST-111115,63.6,Medium Risk (Warning),17,66.6,102.3,28,39,0,0.0,0,3.5
CUST-111116,66.1,Medium Risk (Warning),20,61.6,106.7,0,42,0,0.0,0,3.5
CUST-111117,5.0,High Risk (Critical),2,31.2,15.7,114,0,1,18.9,1,1.0
CUST-111118,37.9,High Risk (Critical),7,25.2,13.3,26,21,0,0.0,0,3.5
CUST-111119,7.2,High Risk (Critical),3,19.4,18.5,73,13,3,21.0,0,2.0
CUST-111120,5.0,High Risk (Critical),2,30.4,4.5,72,3,3,36.0,1,3.0
CUST-111121,5.0,High Risk (Critical),1,24.1,17.3,3,4,3,40.4,1,3.0
CUST-111122,76.2,Low Risk (Healthy),20,95.0,80.2,1844,11,0,0.0,0,3.5
CUST-111123,7.2,High Risk (Critical),1,17.6,18.5,51,34,1,59.2,0,2.0
CUST-111124,20.2,High Risk (Critical),14,43.0,21.3,103,45,3,43.3,0,1.0
CUST-111125,18.1,High Risk (Critical),3,16.8,10.8,16,5,1,39.6,0,3.0
CUST-111126,23.2,High Risk (Critical),4,44.1,14.9,25,23,2,43.2,0,3.0
CUST-111127,7.2,High Risk (Critical),2,13.2,18.2,53,7,2,27.3,0,2.0
CUST-111128,77.8,Low Risk (Healthy),24,72.9,101.9,13,11,1,16.8,0,5.0
CUST-111129,72.0,Low Risk (Healthy),24,83.4,76.2,86,7,2,8.4,0,4.0
CUST-111130,12.9,High Risk (Critical),2,42.5,14.4,111,41,1,36.4,0,1.0
CUST-111131,7.4,High Risk (Critical),1,38.5,10.5,60,32,1,27.6,1,2.0
CUST-111132,66.2,Medium Risk (Warning),22,53.0,56.8,137,30,0,0.0,0,3.5
CUST-111133,16.5,High Risk (Critical),1,44.0,5.9,67,35,1,48.5,0,2.0
CUST-111134,5.4,High Risk (Critical),3,30.1,5.3,104,5,2,45.1,0,1.0
CUST-111135,77.3,Low Risk (Healthy),23,85.3,75.7,36,13,0,0.0,0,3.5
CUST-111136,79.7,Low Risk (Healthy),27,80.8,97.8,16,12,2,20.2,0,5.0
CUST-111137,20.3,High Risk (Critical),14,20.6,15.5,83,33,2,36.7,1,3.0
CUST-111138,73.1,Low Risk (Healthy),22,75.8,34.0,35,1,0,0.0,0,3.5
CUST-111139,21.2,High Risk (Critical),8,44.3,6.7,14,39,3,70.3,0,3.0
CUST-111140,39.6,High Risk (Critical),5,39.8,6.7,0,4,0,0.0,0,3.5
CUST-111141,11.3,High Risk (Critical),2,21.4,11.5,114,28,1,13.9,1,3.0
CUST-111142,56.8,Medium Risk (Warning),16,65.1,47.0,1128,5,1,8.9,0,3.5
CUST-111143,34.9,High Risk (Critical),8,10.8,6.4,87,45,0,0.0,0,3.5
CUST-111144,73.9,Low Risk (Healthy),25,80.9,70.5,81,38,1,5.3,0,3.5
CUST-111145,49.4,Medium Risk (Warning),12,41.4,20.5,113,20,0,0.0,0,3.5
CUST-111146,5.0,High Risk (Critical),6,26.3,17.1,97,31,2,62.2,1,2.0
CUST-111147,19.8,High Risk (Critical),7,36.9,19.9,2,19,1,36.8,1,3.0
CUST-111148,59.8,Medium Risk (Warning),15,62.7,66.0,105,10,0,0.0,0,3.5
CUST-111149,9.1,High Risk (Critical),12,30.2,14.8,61,39,5,15.5,0,1.0
CUST-111150,12.7,High Risk (Critical),4,18.5,4.9,147,13,2,65.5,0,3.0
CUST-111151,25.4,High Risk (Critical),14,39.1,14.0,88,43,4,55.6,0,3.0
CUST-111152,5.0,High Risk (Critical),9,40.0,16.1,18,24,2,70.3,1,1.0
CUST-111153,5.0,High Risk (Critical),1,15.7,11.8,95,30,3,50.1,1,2.0
CUST-111154,72.5,Low Risk (Healthy),27,51.7,73.5,5512,19,0,0.0,0,3.5
CUST-111155,60.5,Medium Risk (Warning),15,64.9,30.7,51,38,0,0.0,0,3.5
CUST-111156,28.6,High Risk (Critical),14,27.5,12.8,129,30,1,50.9,0,2.0
CUST-111157,11.8,High Risk (Critical),6,24.6,14.4,125,44,1,44.7,0,1.0
CUST-111158,73.4,Low Risk (Healthy),20,93.8,47.0,2115,26,1,11.3,0,4.0
CUST-111159,5.0,High Risk (Critical),2,36.7,9.2,84,30,3,46.4,0,1.0
CUST-111160,5.0,High Risk (Critical),3,35.5,16.4,15,27,3,12.3,1,1.0
CUST-111161,5.0,High Risk (Critical),4,12.7,18.5,127,7,1,29.1,1,2.0
CUST-111162,5.0,High Risk (Critical),3,37.6,11.4,10,42,1,63.0,1,1.0
CUST-111163,11.0,High Risk (Critical),1,39.8,20.1,50,12,1,34.2,0,1.0
CUST-111164,69.6,Medium Risk (Warning),23,79.5,31.2,147,28,3,23.7,0,5.0
CUST-111165,57.9,Medium Risk (Warning),19,57.1,69.0,141,45,1,12.6,0,3.5
CUST-111166,18.2,High Risk (Critical),11,23.9,17.1,23,16,1,44.9,0,1.0
CUST-111167,24.4,High Risk (Critical),10,29.2,5.0,80,4,3,29.9,0,3.0
CUST-111168,5.0,High Risk (Critical),1,10.1,16.3,32,11,3,20.8,0,2.0
CUST-111169,5.0,High Risk (Critical),1,15.8,15.7,59,32,3,25.6,0,1.0
CUST-111170,57.2,Medium Risk (Warning),17,50.3,98.2,7168,13,1,4.7,0,4.0
CUST-111171,64.8,Medium Risk (Warning),18,65.9,96.3,150,11,0,0.0,0,3.5
CUST-111172,50.6,Medium Risk (Warning),14,36.3,5.0,2,44,0,0.0,0,3.5
CUST-111173,84.1,Low Risk (Healthy),26,79.7,43.2,44,8,1,3.7,0,5.0
CUST-111174,77.5,Low Risk (Healthy),27,57.7,38.8,2056,21,1,14.2,0,5.0
CUST-111175,13.6,High Risk (Critical),10,41.7,17.5,22,21,3,17.7,1,2.0
CUST-111176,10.3,High Risk (Critical),3,37.4,5.3,72,27,1,71.2,1,3.0
CUST-111177,71.4,Low Risk (Healthy),18,88.1,59.6,4112,23,0,0.0,0,3.5
CUST-111178,20.8,High Risk (Critical),7,43.2,8.2,59,7,1,28.3,0,1.0
CUST-111179,20.4,High Risk (Critical),9,18.4,12.3,127,9,1,41.1,0,2.0
CUST-111180,6.9,High Risk (Critical),3,32.9,20.0,8,4,1,71.7,0,1.0
CUST-111181,9.4,High Risk (Critical),7,43.4,15.2,7,13,2,68.8,1,2.0
CUST-111182,71.4,Low Risk (Healthy),25,57.0,85.8,4375,38,0,0.0,0,3.5
CUST-111183,22.2,High Risk (Critical),10,27.1,9.4,8,30,2,26.1,0,2.0
CUST-111184,18.7,High Risk (Critical),13,26.6,8.7,113,18,2,53.2,1,3.0
CUST-111185,22.6,High Risk (Critical),13,37.2,12.8,111,0,3,14.9,1,3.0
CUST-111186,17.2,High Risk (Critical),4,39.0,4.2,118,4,1,31.0,1,3.0
CUST-111187,63.4,Medium Risk (Warning),16,94.0,37.0,1665,44,2,16.9,0,4.0
CUST-111188,5.0,High Risk (Critical),3,11.4,13.4,129,18,3,57.7,0,2.0
CUST-111189,58.8,Medium Risk (Warning),22,61.2,86.3,3365,35,2,14.8,0,3.5
CUST-111190,6.8,High Risk (Critical),5,23.9,10.6,148,0,5,62.2,1,3.0
CUST-111191,62.6,Medium Risk (Warning),17,80.2,25.7,129,41,1,9.1,0,3.5
CUST-111192,75.9,Low Risk (Healthy),26,79.8,59.1,143,5,1,21.6,0,4.0
CUST-111193,65.3,Medium Risk (Warning),21,56.3,30.5,59,2,2,12.9,0,5.0
CUST-111194,71.6,Low Risk (Healthy),17,93.1,29.5,796,8,0,0.0,0,3.5
CUST-111195,14.9,High Risk (Critical),4,37.8,21.3,131,24,2,46.0,0,2.0
CUST-111196,20.4,High Risk (Critical),9,32.4,21.9,147,9,1,42.6,1,3.0
CUST-111197,7.7,High Risk (Critical),11,19.5,8.4,123,41,3,54.8,0,1.0
CUST-111198,30.8,High Risk (Critical),4,15.0,20.5,46,23,0,0.0,0,3.5
CUST-111199,66.1,Medium Risk (Warning),15,73.4,66.7,44,28,1,15.5,0,5.0
CUST-111200,79.9,Low Risk (Healthy),26,81.7,59.7,17,15,2,10.0,0,5.0
CUST-111201,80.5,Low Risk (Healthy),29,69.4,25.2,982,0,0,0.0,0,3.5
CUST-111202,81.9,Low Risk (Healthy),28,78.7,40.8,100,20,0,0.0,0,3.5
CUST-111203,20.6,High Risk (Critical),14,38.1,14.1,85,30,2,27.6,1,2.0
CUST-111204,17.8,High Risk (Critical),8,22.3,9.4,51,24,1,12.6,0,1.0
CUST-111205,32.6,High Risk (Critical),3,25.2,20.6,53,20,0,0.0,0,3.5
CUST-111206,24.7,High Risk (Critical),6,42.4,5.8,91,9,2,48.4,0,3.0
CUST-111207,66.8,Medium Risk (Warning),17,77.1,67.0,1809,26,0,0.0,0,3.5
CUST-111208,69.1,Medium Risk (Warning),15,93.7,70.0,92,37,0,0.0,0,3.5
CUST-111209,45.2,Medium Risk (Warning),12,27.4,11.7,39,26,0,0.0,0,3.5
CUST-111210,14.9,High Risk (Critical),10,28.5,16.2,89,19,3,55.1,1,3.0
CUST-111211,81.1,Low Risk (Healthy),29,71.4,63.6,1272,26,0,0.0,0,3.5
CUST-111212,58.1,Medium Risk (Warning),16,67.6,87.1,3222,25,1,3.8,0,3.5
CUST-111213,8.3,High Risk (Critical),13,27.0,15.2,96,27,4,56.8,0,1.0
CUST-111214,21.1,High Risk (Critical),9,16.8,16.9,121,19,1,31.4,0,2.0
CUST-111215,9.7,High Risk (Critical),13,37.8,17.0,145,31,2,64.3,1,1.0
CUST-111216,28.4,High Risk (Critical),11,37.9,6.1,83,43,3,29.2,0,3.0
CUST-111217,16.1,High Risk (Critical),10,20.6,19.3,41,36,4,43.3,0,3.0
CUST-111218,27.7,High Risk (Critical),14,12.7,5.9,44,31,1,21.9,0,2.0
CUST-111219,38.9,High Risk (Critical),5,37.3,20.0,22,40,0,0.0,0,3.5
CUST-111220,66.6,Medium Risk (Warning),19,57.4,77.4,118,39,1,15.9,0,5.0
CUST-111221,6.8,High Risk (Critical),14,23.8,20.2,36,28,3,50.7,1,1.0
CUST-111222,74.7,Low Risk (Healthy),28,57.4,38.6,2856,19,2,14.8,0,5.0
CUST-111223,23.2,High Risk (Critical),6,21.8,18.0,111,29,1,42.5,0,3.0
CUST-111224,80.2,Low Risk (Healthy),29,79.6,75.9,3187,24,1,19.0,0,4.0
CUST-111225,74.8,Low Risk (Healthy),19,95.0,106.2,9,8,0,0.0,0,3.5
CUST-111226,5.0,High Risk (Critical),2,39.3,10.5,52,44,1,32.9,1,1.0
CUST-111227,31.0,High Risk (Critical),12,39.7,5.2,3,41,2,55.6,0,3.0
CUST-111228,9.7,High Risk (Critical),10,13.4,6.9,68,30,2,13.0,1,2.0
CUST-111229,7.6,High Risk (Critical),8,11.2,9.1,55,2,2,35.4,0,1.0
CUST-111230,33.8,High Risk (Critical),14,35.9,11.2,63,3,3,13.3,0,3.0
CUST-111231,43.6,High Risk (Critical),11,26.4,21.1,27,17,0,0.0,0,3.5
CUST-111232,82.5,Low Risk (Healthy),27,74.4,76.9,125,25,1,14.3,0,5.0
CUST-111233,77.2,Low Risk (Healthy),21,93.9,37.0,1924,12,0,0.0,0,3.5
CUST-111234,10.7,High Risk (Critical),12,19.1,11.8,17,23,2,40.4,1,2.0
CUST-111235,13.9,High Risk (Critical),13,18.0,9.7,88,25,2,54.4,0,1.0
CUST-111236,29.0,High Risk (Critical),11,34.5,9.0,61,19,2,48.0,0,3.0
CUST-111237,67.3,Medium Risk (Warning),23,58.3,48.5,1649,11,1,7.1,0,4.0
CUST-111238,40.5,High Risk (Critical),9,25.0,15.9,130,22,0,0.0,0,3.5
CUST-111239,36.3,High Risk (Critical),6,24.4,8.2,137,8,0,0.0,0,3.5
CUST-111240,10.7,High Risk (Critical),8,23.5,14.0,52,30,3,47.4,1,3.0
CUST-111241,69.5,Medium Risk (Warning),16,90.6,89.6,3494,27,0,0.0,0,3.5
CUST-111242,5.0,High Risk (Critical),6,12.4,17.8,79,39,4,20.1,1,1.0
CUST-111243,77.0,Low Risk (Healthy),24,80.1,84.9,54,11,0,0.0,0,3.5
CUST-111244,70.0,Low Risk (Healthy),15,88.7,38.2,113,40,1,20.6,0,5.0
CUST-111245,86.7,Low Risk (Healthy),28,94.6,44.6,91,7,0,0.0,0,3.5
CUST-111246,69.4,Medium Risk (Warning),17,85.9,59.3,104,24,0,0.0,0,3.5
CUST-111247,73.9,Low Risk (Healthy),27,62.7,94.2,57,2,1,7.5,0,4.0
CUST-111248,57.6,Medium Risk (Warning),17,58.0,74.8,1496,2,1,19.4,0,4.0
CUST-111249,36.7,High Risk (Critical),3,38.9,21.6,58,44,0,0.0,0,3.5
CUST-111250,73.1,Low Risk (Healthy),24,67.1,100.4,4016,38,0,0.0,0,3.5
CUST-111251,13.8,High Risk (Critical),6,17.5,7.9,113,21,3,43.6,0,3.0
CUST-111252,67.6,Medium Risk (Warning),18,87.7,79.6,2,1,1,22.0,0,4.0
CUST-111253,71.6,Low Risk (Healthy),25,57.7,102.4,2252,35,0,0.0,0,3.5
CUST-111254,70.4,Low Risk (Healthy),28,70.3,59.3,99,45,2,7.9,0,3.5
CUST-111255,12.4,High Risk (Critical),5,35.0,14.9,31,1,2,70.0,0,2.0
CUST-111256,78.3,Low Risk (Healthy),25,69.2,108.1,6053,9,1,14.6,0,5.0
CUST-111257,40.7,High Risk (Critical),8,30.1,18.5,24,9,0,0.0,0,3.5
CUST-111258,14.8,High Risk (Critical),8,30.1,12.5,129,33,2,70.9,0,2.0
CUST-111259,73.4,Low Risk (Healthy),27,54.7,73.1,99,3,0,0.0,0,3.5
CUST-111260,62.5,Medium Risk (Warning),19,53.8,30.7,460,22,0,0.0,0,3.5
CUST-111261,5.0,High Risk (Critical),4,11.1,5.8,94,31,3,54.0,0,2.0
CUST-111262,38.9,High Risk (Critical),10,15.1,4.1,60,30,0,0.0,0,3.5
CUST-111263,82.2,Low Risk (Healthy),27,71.5,77.7,5283,12,1,10.1,0,5.0
CUST-111264,5.0,High Risk (Critical),1,30.0,16.4,62,7,2,42.3,1,1.0
CUST-111265,25.4,High Risk (Critical),11,21.2,15.2,38,43,1,29.4,0,2.0
CUST-111266,63.4,Medium Risk (Warning),18,69.6,98.8,7607,45,1,11.5,0,4.0
CUST-111267,65.7,Medium Risk (Warning),20,75.0,73.6,20,27,1,3.8,0,3.5
CUST-111268,73.6,Low Risk (Healthy),20,72.3,43.1,19,29,1,6.0,0,5.0
CUST-111269,75.6,Low Risk (Healthy),24,86.6,28.7,11,8,1,18.9,0,4.0
CUST-111270,32.4,High Risk (Critical),14,30.5,18.6,79,40,1,27.6,0,2.0
CUST-111271,5.0,High Risk (Critical),6,38.9,8.6,149,45,8,19.8,1,1.0
CUST-111272,5.0,High Risk (Critical),1,24.3,20.1,47,10,2,47.2,0,1.0
CUST-111273,62.6,Medium Risk (Warning),15,81.5,102.7,47,5,1,15.1,0,4.0
CUST-111274,36.7,High Risk (Critical),11,40.2,15.4,32,44,1,31.9,0,3.0
CUST-111275,38.3,High Risk (Critical),11,38.0,7.9,23,27,1,14.2,0,3.0
CUST-111276,58.9,Medium Risk (Warning),16,55.1,60.8,1033,43,0,0.0,0,3.5
CUST-111277,17.6,High Risk (Critical),7,22.5,21.3,145,41,1,51.5,0,2.0
CUST-111278,10.0,High Risk (Critical),3,43.5,4.4,79,36,2,62.4,1,3.0
CUST-111279,7.6,High Risk (Critical),11,37.9,20.6,67,43,4,67.2,0,1.0
CUST-111280,5.0,High Risk (Critical),13,18.0,14.3,129,7,3,20.5,1,1.0
CUST-111281,85.7,Low Risk (Healthy),29,86.9,80.3,125,11,0,0.0,0,3.5
CUST-111282,72.3,Low Risk (Healthy),22,73.1,80.8,60,43,0,0.0,0,3.5
CUST-111283,19.5,High Risk (Critical),13,17.0,11.0,17,7,1,39.6,0,1.0
CUST-111284,75.8,Low Risk (Healthy),23,92.3,32.9,72,0,1,20.2,0,4.0
CUST-111285,64.0,Medium Risk (Warning),15,76.5,76.0,23,42,0,0.0,0,3.5
CUST-111286,13.9,High Risk (Critical),7,20.1,17.4,17,29,1,27.5,0,1.0
CUST-111287,82.7,Low Risk (Healthy),23,87.8,71.7,9,22,1,2.7,0,5.0
CUST-111288,18.4,High Risk (Critical),10,44.4,14.2,97,8,2,50.1,0,1.0
CUST-111289,5.6,High Risk (Critical),1,33.5,4.1,97,29,1,62.2,0,1.0
CUST-111290,70.2,Low Risk (Healthy),21,70.8,79.8,30,18,0,0.0,0,3.5
CUST-111291,21.6,High Risk (Critical),10,21.3,18.5,75,25,2,16.6,0,2.0
CUST-111292,5.0,High Risk (Critical),2,13.4,6.0,19,3,4,28.2,1,2.0
CUST-111293,9.8,High Risk (Critical),8,19.5,13.3,114,19,3,54.0,0,2.0
CUST-111294,9.9,High Risk (Critical),12,31.2,7.7,6,23,1,59.6,1,1.0
CUST-111295,90.2,Low Risk (Healthy),29,92.3,44.1,2822,42,1,17.0,0,5.0
CUST-111296,16.4,High Risk (Critical),10,33.5,8.5,42,45,3,35.7,1,3.0
CUST-111297,17.3,High Risk (Critical),5,22.6,19.7,126,29,3,17.2,0,3.0
CUST-111298,10.2,High Risk (Critical),5,17.9,7.1,33,36,2,46.5,0,2.0
CUST-111299,15.1,High Risk (Critical),7,13.3,20.4,140,15,1,49.5,0,2.0
CUST-111300,62.3,Medium Risk (Warning),20,71.4,109.5,7774,18,2,14.5,0,4.0
CUST-111301,78.0,Low Risk (Healthy),24,90.7,49.8,61,15,1,10.0,0,4.0
CUST-111302,62.7,Medium Risk (Warning),17,63.3,35.8,103,21,0,0.0,0,3.5
CUST-111303,57.4,Medium Risk (Warning),19,71.7,40.7,1098,32,3,11.9,0,4.0
CUST-111304,75.2,Low Risk (Healthy),26,93.8,95.7,6603,10,2,5.2,0,3.5
CUST-111305,78.0,Low Risk (Healthy),28,65.6,30.1,2377,14,0,0.0,0,3.5
CUST-111306,10.1,High Risk (Critical),9,25.7,17.5,144,8,4,45.1,0,2.0
CUST-111307,17.8,High Risk (Critical),5,41.3,21.6,140,11,1,42.3,1,3.0
CUST-111308,6.3,High Risk (Critical),7,26.9,5.0,49,11,2,40.5,1,2.0
CUST-111309,73.1,Low Risk (Healthy),24,85.0,95.8,140,4,1,11.3,0,3.5
CUST-111310,20.6,High Risk (Critical),11,20.4,12.4,18,35,1,33.7,1,3.0
CUST-111311,15.1,High Risk (Critical),12,40.4,21.1,144,4,4,33.5,1,2.0
CUST-111312,83.0,Low Risk (Healthy),29,77.9,107.6,150,8,0,0.0,0,3.5
CUST-111313,15.3,High Risk (Critical),1,41.7,15.5,95,19,3,36.4,0,3.0
CUST-111314,10.1,High Risk (Critical),4,16.3,8.4,139,7,3,49.1,0,3.0
CUST-111315,15.9,High Risk (Critical),11,39.1,20.5,119,15,2,67.7,0,1.0
CUST-111316,5.0,High Risk (Critical),1,20.0,19.4,145,15,2,29.2,1,2.0
CUST-111317,59.1,Medium Risk (Warning),15,60.3,89.7,106,38,0,0.0,0,3.5
CUST-111318,66.6,Medium Risk (Warning),19,56.3,57.4,91,22,1,12.6,0,5.0
CUST-111319,81.1,Low Risk (Healthy),29,71.3,52.0,1248,6,0,0.0,0,3.5
CUST-111320,21.5,High Risk (Critical),12,23.3,16.9,111,45,4,27.8,0,3.0
CUST-111321,66.8,Medium Risk (Warning),22,54.8,72.2,10,16,0,0.0,0,3.5
CUST-111322,45.0,Medium Risk (Warning),10,35.5,21.9,140,4,0,0.0,0,3.5
CUST-111323,7.0,High Risk (Critical),1,34.8,11.1,48,20,1,22.3,1,2.0
CUST-111324,86.7,Low Risk (Healthy),29,90.0,61.0,2806,43,0,0.0,0,3.5
CUST-111325,85.3,Low Risk (Healthy),28,77.0,28.3,1216,36,1,9.4,0,5.0
CUST-111326,36.2,High Risk (Critical),8,15.0,5.4,110,23,0,0.0,0,3.5
CUST-111327,38.0,High Risk (Critical),4,38.8,17.3,41,13,0,0.0,0,3.5
CUST-111328,6.7,High Risk (Critical),10,29.5,4.8,64,18,1,59.6,1,1.0
CUST-111329,70.9,Low Risk (Healthy),23,64.1,69.2,1522,23,0,0.0,0,3.5
CUST-111330,68.2,Medium Risk (Warning),18,61.9,27.7,122,36,1,3.0,0,5.0
CUST-111331,81.0,Low Risk (Healthy),26,84.3,25.7,1387,22,0,0.0,0,3.5
CUST-111332,25.7,High Risk (Critical),13,31.1,16.6,5,45,1,71.5,0,2.0
CUST-111333,21.2,High Risk (Critical),9,32.8,14.7,32,25,4,21.2,0,3.0
CUST-111334,43.4,High Risk (Critical),14,12.3,15.7,138,32,0,0.0,0,3.5
CUST-111335,5.0,High Risk (Critical),10,21.1,18.8,33,12,3,24.7,1,1.0
CUST-111336,63.3,Medium Risk (Warning),17,70.3,25.8,1315,6,2,19.3,0,5.0
CUST-111337,67.2,Medium Risk (Warning),17,78.5,60.9,72,31,0,0.0,0,3.5
CUST-111338,7.5,High Risk (Critical),3,30.9,17.8,40,28,2,46.1,1,3.0
CUST-111339,44.3,High Risk (Critical),11,28.9,6.8,104,30,0,0.0,0,3.5
CUST-111340,45.7,Medium Risk (Warning),12,29.0,4.6,127,33,0,0.0,0,3.5
CUST-111341,7.6,High Risk (Critical),8,20.7,4.7,0,23,2,58.4,0,1.0
CUST-111342,65.8,Medium Risk (Warning),26,52.5,100.0,72,26,1,12.8,0,3.5
CUST-111343,5.0,High Risk (Critical),4,20.5,14.5,116,32,3,51.7,1,3.0
CUST-111344,5.0,High Risk (Critical),2,22.5,14.7,112,31,3,30.1,1,2.0
CUST-111345,60.2,Medium Risk (Warning),19,51.6,41.7,708,9,1,4.6,0,4.0
CUST-111346,13.2,High Risk (Critical),9,38.1,11.7,127,4,2,66.0,0,1.0
CUST-111347,5.0,High Risk (Critical),6,22.6,4.3,74,2,1,64.6,1,2.0
CUST-111348,11.7,High Risk (Critical),13,44.4,7.8,33,16,3,49.8,1,1.0
CUST-111349,60.4,Medium Risk (Warning),20,55.9,83.4,79,25,1,24.0,0,4.0
CUST-111350,18.8,High Risk (Critical),5,19.4,8.6,131,28,1,61.2,0,3.0
CUST-111351,35.3,High Risk (Critical),6,20.9,13.2,78,13,0,0.0,0,3.5
CUST-111352,11.4,High Risk (Critical),5,29.7,12.7,139,3,2,17.1,0,1.0
CUST-111353,5.0,High Risk (Critical),4,18.2,8.9,40,37,6,20.5,1,3.0
CUST-111354,67.9,Medium Risk (Warning),21,75.1,34.4,412,10,1,20.9,0,4.0
CUST-111355,81.7,Low Risk (Healthy),26,86.7,88.2,150,31,0,0.0,0,3.5
CUST-111356,57.3,Medium Risk (Warning),17,78.2,43.5,31,31,3,7.0,0,4.0
CUST-111357,14.7,High Risk (Critical),10,27.8,7.7,94,31,4,27.9,1,3.0
CUST-111358,74.3,Low Risk (Healthy),24,58.5,51.0,3162,19,1,10.3,0,5.0
CUST-111359,67.9,Medium Risk (Warning),22,58.7,58.7,146,25,0,0.0,0,3.5
CUST-111360,14.3,High Risk (Critical),12,37.7,18.9,12,10,3,70.5,1,2.0
CUST-111361,27.1,High Risk (Critical),9,20.4,17.0,142,28,1,39.9,0,3.0
CUST-111362,7.1,High Risk (Critical),7,14.0,4.6,148,30,3,51.7,0,2.0
CUST-111363,34.7,High Risk (Critical),7,14.5,18.4,39,0,0,0.0,0,3.5
CUST-111364,70.8,Low Risk (Healthy),17,90.3,104.3,7822,17,0,0.0,0,3.5
CUST-111365,23.2,High Risk (Critical),6,44.9,9.2,11,39,1,49.9,0,2.0
CUST-111366,72.5,Low Risk (Healthy),25,66.8,63.2,2528,35,1,6.8,0,4.0
CUST-111367,5.0,High Risk (Critical),3,11.6,18.9,139,9,3,64.1,1,3.0
CUST-111368,22.6,High Risk (Critical),13,32.8,15.4,78,28,1,52.4,0,1.0
CUST-111369,5.0,High Risk (Critical),4,14.9,19.1,3,44,2,61.0,1,1.0
CUST-111370,39.7,High Risk (Critical),8,26.9,13.0,26,0,0,0.0,0,3.5
CUST-111371,23.6,High Risk (Critical),13,13.9,14.0,37,27,2,15.6,0,2.0
CUST-111372,59.1,Medium Risk (Warning),16,65.8,80.3,7,37,1,16.1,0,4.0
CUST-111373,17.0,High Risk (Critical),6,28.4,9.5,52,25,2,28.3,0,2.0
CUST-111374,71.8,Low Risk (Healthy),19,84.9,33.8,77,31,0,0.0,0,3.5
CUST-111375,17.9,High Risk (Critical),10,41.2,8.3,24,12,1,46.7,1,2.0
CUST-111376,13.0,High Risk (Critical),8,21.1,10.0,13,18,3,31.7,0,2.0
CUST-111377,9.0,High Risk (Critical),13,35.7,15.1,142,37,4,36.1,1,1.0
CUST-111378,25.6,High Risk (Critical),14,40.7,6.9,2,0,1,58.2,0,1.0
CUST-111379,42.9,High Risk (Critical),13,15.1,9.6,98,16,0,0.0,0,3.5
CUST-111380,63.5,Medium Risk (Warning),18,61.7,30.2,136,30,0,0.0,0,3.5
CUST-111381,12.1,High Risk (Critical),6,37.2,7.0,89,12,2,40.6,0,1.0
CUST-111382,78.6,Low Risk (Healthy),25,80.8,71.2,22,8,0,0.0,0,3.5
CUST-111383,15.5,High Risk (Critical),13,17.1,8.6,79,25,3,45.5,1,3.0
CUST-111384,69.1,Medium Risk (Warning),16,89.1,89.9,6922,39,0,0.0,0,3.5
CUST-111385,36.7,High Risk (Critical),8,16.9,21.0,99,24,0,0.0,0,3.5
CUST-111386,20.4,High Risk (Critical),13,43.4,15.9,138,43,2,31.9,1,2.0
CUST-111387,30.8,High Risk (Critical),3,19.3,16.6,28,9,0,0.0,0,3.5
CUST-111388,33.7,High Risk (Critical),4,24.6,14.8,150,8,0,0.0,0,3.5
CUST-111389,5.0,High Risk (Critical),2,21.8,8.0,0,21,1,60.0,1,1.0
CUST-111390,38.3,High Risk (Critical),5,35.4,18.9,64,45,0,0.0,0,3.5
CUST-111391,26.7,High Risk (Critical),13,14.3,4.4,107,24,1,23.5,0,2.0
CUST-111392,73.6,Low Risk (Healthy),25,80.3,105.7,3276,30,1,6.5,0,3.5
CUST-111393,19.2,High Risk (Critical),1,42.4,9.9,75,38,1,23.1,0,2.0
CUST-111394,32.2,High Risk (Critical),3,24.1,16.0,123,37,0,0.0,0,3.5
CUST-111395,5.0,High Risk (Critical),2,23.1,5.6,44,44,3,22.3,1,3.0
CUST-111396,31.2,High Risk (Critical),9,44.3,6.5,140,39,1,64.5,0,3.0
CUST-111397,67.8,Medium Risk (Warning),19,71.6,90.7,115,6,0,0.0,0,3.5
CUST-111398,23.2,High Risk (Critical),8,37.0,8.3,135,28,1,52.6,0,2.0
CUST-111399,67.9,Medium Risk (Warning),22,93.7,94.9,23,35,2,20.4,0,3.5
CUST-111400,64.0,Medium Risk (Warning),21,78.8,26.8,104,14,2,4.8,0,3.5
CUST-111401,5.0,High Risk (Critical),3,41.1,11.3,10,12,4,48.2,0,1.0
CUST-111402,12.0,High Risk (Critical),11,18.7,5.4,77,31,3,18.5,0,1.0
CUST-111403,5.0,High Risk (Critical),6,41.4,6.5,113,3,1,63.8,1,1.0
CUST-111404,51.7,Medium Risk (Warning),13,44.5,10.8,142,9,0,0.0,0,3.5
CUST-111405,5.0,High Risk (Critical),4,16.9,9.9,98,7,2,16.2,1,2.0
CUST-111406,11.2,High Risk (Critical),6,22.4,6.1,10,35,3,28.0,0,2.0
CUST-111407,69.0,Medium Risk (Warning),20,71.0,46.3,38,17,0,0.0,0,3.5
CUST-111408,65.9,Medium Risk (Warning),16,78.7,81.9,5733,15,0,0.0,0,3.5
CUST-111409,5.0,High Risk (Critical),11,22.4,19.2,43,2,2,67.2,1,1.0
CUST-111410,67.8,Medium Risk (Warning),15,89.2,73.5,86,45,0,0.0,0,3.5
CUST-111411,78.2,Low Risk (Healthy),25,66.8,56.6,2886,37,1,9.5,0,5.0
CUST-111412,75.3,Low Risk (Healthy),23,78.8,76.5,65,7,0,0.0,0,3.5
CUST-111413,61.4,Medium Risk (Warning),24,50.3,86.0,128,15,1,21.2,0,3.5
CUST-111414,22.3,High Risk (Critical),4,20.0,13.5,113,40,1,24.4,0,3.0
CUST-111415,60.1,Medium Risk (Warning),21,69.0,87.9,33,41,2,12.5,0,3.5
CUST-111416,19.4,High Risk (Critical),2,27.7,12.9,36,40,1,44.7,0,3.0
CUST-111417,5.0,High Risk (Critical),3,19.4,20.2,53,8,2,30.1,0,1.0
CUST-111418,17.1,High Risk (Critical),6,26.7,9.4,80,42,2,71.4,0,3.0
CUST-111419,28.0,High Risk (Critical),14,27.8,6.7,12,42,2,23.7,0,2.0
CUST-111420,32.0,High Risk (Critical),13,44.3,6.9,138,16,2,20.9,0,2.0
CUST-111421,85.8,Low Risk (Healthy),29,75.1,65.0,1755,17,1,11.1,0,5.0
CUST-111422,41.4,High Risk (Critical),9,27.9,8.0,148,39,0,0.0,0,3.5
CUST-111423,70.4,Low Risk (Healthy),24,58.0,44.4,27,36,0,0.0,0,3.5
CUST-111424,7.6,High Risk (Critical),3,35.3,15.1,57,44,3,39.4,1,3.0
CUST-111425,5.0,High Risk (Critical),5,31.6,5.1,146,20,6,13.9,0,2.0
CUST-111426,64.0,Medium Risk (Warning),15,76.5,38.9,1205,23,0,0.0,0,3.5
CUST-111427,5.0,High Risk (Critical),6,38.1,8.8,89,15,2,57.3,1,1.0
CUST-111428,68.5,Medium Risk (Warning),18,78.5,31.4,1507,11,0,0.0,0,3.5
CUST-111429,5.0,High Risk (Critical),2,28.8,21.0,142,21,3,66.6,1,1.0
CUST-111430,31.3,High Risk (Critical),14,33.9,19.1,27,8,2,60.5,0,3.0
CUST-111431,63.9,Medium Risk (Warning),19,58.7,32.1,834,16,0,0.0,0,3.5
CUST-111432,64.2,Medium Risk (Warning),20,73.6,46.3,1759,37,1,12.1,0,3.5
CUST-111433,14.4,High Risk (Critical),8,41.7,5.9,36,34,3,70.1,0,2.0
CUST-111434,71.6,Low Risk (Healthy),24,72.4,86.9,130,12,1,16.9,0,4.0
CUST-111435,8.3,High Risk (Critical),7,27.0,9.1,94,23,2,24.8,1,2.0
CUST-111436,5.0,High Risk (Critical),1,18.7,14.8,96,22,2,40.9,1,3.0
CUST-111437,71.0,Low Risk (Healthy),23,81.6,90.8,1816,23,1,9.5,0,3.5
CUST-111438,72.7,Low Risk (Healthy),21,83.6,87.3,66,43,1,3.0,0,4.0
CUST-111439,50.2,Medium Risk (Warning),13,39.4,12.9,47,26,0,0.0,0,3.5
CUST-111440,9.7,High Risk (Critical),13,17.1,14.4,146,21,3,54.3,0,1.0
CUST-111441,5.0,High Risk (Critical),6,16.0,8.2,22,6,2,46.7,0,1.0
CUST-111442,10.8,High Risk (Critical),13,21.6,21.3,85,41,3,66.6,1,2.0
CUST-111443,64.9,Medium Risk (Warning),17,56.1,62.3,1183,19,1,4.5,0,5.0
CUST-111444,17.4,High Risk (Critical),12,14.2,14.4,74,10,2,55.1,0,2.0
CUST-111445,5.0,High Risk (Critical),11,17.4,14.3,23,8,2,28.8,1,1.0
CUST-111446,77.7,Low Risk (Healthy),25,69.6,31.7,665,0,1,20.3,0,5.0
CUST-111447,79.6,Low Risk (Healthy),28,70.9,105.7,4016,15,0,0.0,0,3.5
CUST-111448,57.2,Medium Risk (Warning),16,51.5,55.0,3,10,2,13.0,0,5.0
CUST-111449,5.0,High Risk (Critical),6,13.6,4.4,40,32,3,20.8,1,2.0
CUST-111450,38.1,High Risk (Critical),12,36.7,19.2,40,37,1,23.1,0,3.0
CUST-111451,5.0,High Risk (Critical),5,15.2,11.5,115,43,2,23.7,1,2.0
CUST-111452,5.0,High Risk (Critical),3,20.0,18.6,69,2,4,71.8,1,1.0
CUST-111453,76.8,Low Risk (Healthy),21,92.8,67.8,92,21,0,0.0,0,3.5
CUST-111454,13.0,High Risk (Critical),1,26.6,5.6,86,31,2,50.8,0,3.0
CUST-111455,21.0,High Risk (Critical),11,42.9,20.6,4,33,2,52.1,1,3.0
CUST-111456,5.0,High Risk (Critical),7,23.7,6.1,79,41,1,40.5,1,1.0
CUST-111457,5.0,High Risk (Critical),1,20.9,7.5,37,34,1,25.0,1,2.0
CUST-111458,69.0,Medium Risk (Warning),15,93.2,85.1,6127,10,0,0.0,0,3.5
CUST-111459,61.4,Medium Risk (Warning),19,50.2,77.2,104,45,0,0.0,0,3.5
CUST-111460,5.0,High Risk (Critical),6,19.1,17.8,24,38,2,64.7,1,1.0
CUST-111461,76.3,Low Risk (Healthy),18,93.9,69.8,23,33,1,14.8,0,5.0
CUST-111462,30.7,High Risk (Critical),12,42.6,6.0,44,19,1,16.7,1,3.0
CUST-111463,9.3,High Risk (Critical),2,20.2,9.9,52,44,1,59.1,0,2.0
CUST-111464,6.3,High Risk (Critical),7,10.6,19.1,128,16,2,33.9,0,1.0
CUST-111465,10.3,High Risk (Critical),1,29.5,11.7,15,1,1,62.7,0,2.0
CUST-111466,61.9,Medium Risk (Warning),18,56.4,40.2,22,26,0,0.0,0,3.5
CUST-111467,73.5,Low Risk (Healthy),24,68.4,88.8,139,23,0,0.0,0,3.5
CUST-111468,19.4,High Risk (Critical),3,19.6,7.5,138,29,1,35.5,0,3.0
CUST-111469,73.8,Low Risk (Healthy),28,58.1,48.0,142,30,1,7.6,0,4.0
CUST-111470,21.5,High Risk (Critical),14,32.1,16.9,139,2,1,70.0,0,1.0
CUST-111471,75.5,Low Risk (Healthy),21,95.0,53.0,2597,43,2,23.8,0,5.0
CUST-111472,67.8,Medium Risk (Warning),16,84.9,67.6,4191,25,0,0.0,0,3.5
CUST-111473,78.9,Low Risk (Healthy),24,72.2,71.5,1144,36,1,5.8,0,5.0
CUST-111474,23.7,High Risk (Critical),1,41.8,20.3,56,45,1,33.6,0,3.0
CUST-111475,36.5,High Risk (Critical),3,38.2,9.5,74,2,0,0.0,0,3.5
CUST-111476,33.3,High Risk (Critical),1,36.7,19.3,16,1,0,0.0,0,3.5
CUST-111477,82.7,Low Risk (Healthy),29,76.9,86.4,69,0,0,0.0,0,3.5
CUST-111478,69.2,Medium Risk (Warning),18,80.6,51.9,144,32,0,0.0,0,3.5
CUST-111479,82.4,Low Risk (Healthy),24,84.6,78.9,34,5,1,7.8,0,5.0
CUST-111480,19.1,High Risk (Critical),9,36.8,7.3,59,40,3,31.4,0,2.0
CUST-111481,67.5,Medium Risk (Warning),21,61.7,89.0,137,14,0,0.0,0,3.5
CUST-111482,9.6,High Risk (Critical),7,44.2,14.8,60,17,2,57.1,1,2.0
CUST-111483,67.5,Medium Risk (Warning),18,93.9,34.8,93,11,2,5.3,0,4.0
CUST-111484,8.5,High Risk (Critical),2,14.5,14.4,125,31,1,52.5,0,2.0
CUST-111485,67.2,Medium Risk (Warning),20,65.2,63.0,133,11,0,0.0,0,3.5
CUST-111486,5.0,High Risk (Critical),6,27.6,5.5,118,26,3,61.2,1,1.0
CUST-111487,16.2,High Risk (Critical),14,40.3,8.3,11,2,1,52.8,1,1.0
CUST-111488,41.6,High Risk (Critical),11,19.7,15.0,74,45,0,0.0,0,3.5
CUST-111489,88.2,Low Risk (Healthy),29,88.3,71.7,60,34,1,23.3,0,5.0
CUST-111490,5.0,High Risk (Critical),1,24.5,15.9,137,24,2,43.4,1,3.0
CUST-111491,70.9,Low Risk (Healthy),27,68.1,104.1,98,6,1,20.2,0,3.5
CUST-111492,72.4,Low Risk (Healthy),23,87.4,46.7,3128,34,1,12.1,0,3.5
CUST-111493,76.7,Low Risk (Healthy),24,71.1,26.7,60,2,1,21.0,0,5.0
CUST-111494,75.8,Low Risk (Healthy),24,80.6,45.7,1508,44,2,18.9,0,5.0
CUST-111495,5.0,High Risk (Critical),3,20.4,14.2,116,38,4,69.5,0,2.0
CUST-111496,27.9,High Risk (Critical),14,18.6,10.1,8,15,3,18.7,0,3.0
CUST-111497,11.0,High Risk (Critical),6,26.6,9.1,39,44,1,55.7,0,1.0
CUST-111498,44.2,High Risk (Critical),13,19.6,19.0,53,31,0,0.0,0,3.5
CUST-111499,6.4,High Risk (Critical),5,44.9,15.9,65,36,1,46.2,1,1.0
CUST-111500,60.7,Medium Risk (Warning),15,65.7,57.4,1,5,0,0.0,0,3.5
CUST-111501,13.1,High Risk (Critical),8,12.6,9.5,106,25,1,42.7,1,3.0
CUST-111502,83.5,Low Risk (Healthy),29,72.1,109.5,147,17,1,22.4,0,5.0
CUST-111503,65.2,Medium Risk (Warning),20,82.9,42.4,77,33,2,18.7,0,4.0
CUST-111504,30.9,High Risk (Critical),11,37.7,13.6,43,5,1,24.7,0,2.0
CUST-111505,32.9,High Risk (Critical),5,17.3,9.4,76,6,0,0.0,0,3.5
CUST-111506,68.6,Medium Risk (Warning),22,61.0,65.5,2096,2,0,0.0,0,3.5
CUST-111507,69.4,Medium Risk (Warning),27,51.2,76.5,1606,25,1,15.6,0,4.0
CUST-111508,10.9,High Risk (Critical),9,24.4,10.1,81,40,2,51.5,0,1.0
CUST-111509,73.2,Low Risk (Healthy),22,76.2,61.3,5,19,0,0.0,0,3.5
CUST-111510,15.4,High Risk (Critical),10,17.1,10.0,4,1,1,40.9,0,1.0
CUST-111511,78.5,Low Risk (Healthy),23,89.5,75.3,5496,9,0,0.0,0,3.5
CUST-111512,68.2,Medium Risk (Warning),24,50.6,82.7,2315,18,0,0.0,0,3.5
CUST-111513,5.0,High Risk (Critical),4,42.8,13.7,53,5,3,47.0,1,1.0
CUST-111514,46.2,Medium Risk (Warning),9,44.0,9.6,145,39,0,0.0,0,3.5
CUST-111515,7.9,High Risk (Critical),5,38.6,11.6,122,8,3,34.4,0,1.0
CUST-111516,68.2,Medium Risk (Warning),16,73.1,99.9,7492,3,1,8.6,0,5.0
CUST-111517,20.2,High Risk (Critical),10,43.3,11.7,56,35,3,17.2,1,3.0
CUST-111518,57.1,Medium Risk (Warning),15,53.6,68.3,23,6,0,0.0,0,3.5
CUST-111519,42.1,High Risk (Critical),9,30.4,10.0,30,0,0,0.0,0,3.5
CUST-111520,57.4,Medium Risk (Warning),18,61.4,92.1,34,12,1,16.5,0,3.5
CUST-111521,78.6,Low Risk (Healthy),26,68.3,100.8,135,30,1,20.2,0,5.0
CUST-111522,70.7,Low Risk (Healthy),20,76.8,52.9,41,15,0,0.0,0,3.5
CUST-111523,71.3,Low Risk (Healthy),25,56.6,36.2,54,0,0,0.0,0,3.5
CUST-111524,5.0,High Risk (Critical),1,18.9,17.7,36,33,3,41.4,0,1.0
CUST-111525,5.1,High Risk (Critical),5,30.6,14.7,131,38,2,70.3,0,1.0
CUST-111526,75.1,Low Risk (Healthy),22,82.4,57.2,6,35,0,0.0,0,3.5
CUST-111527,19.7,High Risk (Critical),8,43.0,7.3,149,24,1,46.7,0,1.0
CUST-111528,59.8,Medium Risk (Warning),21,62.6,39.8,113,18,2,23.8,0,4.0
CUST-111529,55.1,Medium Risk (Warning),17,57.1,78.0,129,31,1,13.9,0,3.5
CUST-111530,74.1,Low Risk (Healthy),21,83.7,101.2,86,31,0,0.0,0,3.5
CUST-111531,25.9,High Risk (Critical),1,11.9,18.5,39,5,0,0.0,0,3.5
CUST-111532,82.5,Low Risk (Healthy),26,89.5,46.3,29,22,0,0.0,0,3.5
CUST-111533,36.1,High Risk (Critical),3,37.0,18.5,102,6,0,0.0,0,3.5
CUST-111534,33.9,High Risk (Critical),6,16.2,17.4,10,19,0,0.0,0,3.5
CUST-111535,63.8,Medium Risk (Warning),16,71.5,49.8,2440,17,0,0.0,0,3.5
CUST-111536,5.0,High Risk (Critical),8,10.6,10.9,82,32,4,41.8,0,2.0
CUST-111537,12.0,High Risk (Critical),5,28.5,19.7,56,42,3,25.8,0,2.0
CUST-111538,63.7,Medium Risk (Warning),20,53.4,66.5,57,36,0,0.0,0,3.5
CUST-111539,72.9,Low Risk (Healthy),19,88.6,70.9,61,5,0,0.0,0,3.5
CUST-111540,10.3,High Risk (Critical),6,22.2,16.8,93,30,1,66.6,1,3.0
CUST-111541,52.6,Medium Risk (Warning),14,43.1,13.2,150,32,0,0.0,0,3.5
CUST-111542,16.8,High Risk (Critical),5,36.2,15.2,130,41,1,22.2,0,1.0
CUST-111543,74.2,Low Risk (Healthy),25,66.2,106.0,3392,18,0,0.0,0,3.5
CUST-111544,30.8,High Risk (Critical),12,42.5,7.0,90,5,2,63.5,0,3.0
CUST-111545,45.3,Medium Risk (Warning),14,18.9,14.0,32,12,0,0.0,0,3.5
CUST-111546,5.0,High Risk (Critical),9,16.9,20.6,108,26,3,66.0,0,1.0
CUST-111547,71.5,Low Risk (Healthy),26,70.3,55.0,2530,18,1,10.1,0,3.5
CUST-111548,68.0,Medium Risk (Warning),23,89.6,97.2,126,19,2,20.4,0,3.5
CUST-111549,24.2,High Risk (Critical),9,16.6,9.9,144,34,1,54.2,0,3.0
CUST-111550,5.0,High Risk (Critical),2,11.9,8.2,64,26,1,24.5,1,2.0
CUST-111551,5.0,High Risk (Critical),4,42.1,7.4,10,14,3,34.1,1,2.0
CUST-111552,5.0,High Risk (Critical),3,15.1,13.7,7,25,1,65.8,1,2.0
CUST-111553,40.2,High Risk (Critical),7,33.0,18.9,59,24,0,0.0,0,3.5
CUST-111554,5.8,High Risk (Critical),9,22.5,19.0,100,36,3,69.9,1,2.0
CUST-111555,73.2,Low Risk (Healthy),19,89.7,64.1,4615,38,0,0.0,0,3.5
CUST-111556,34.5,High Risk (Critical),1,40.4,20.8,4,20,0,0.0,0,3.5
CUST-111557,22.4,High Risk (Critical),14,40.4,10.0,47,26,3,18.7,0,1.0
CUST-111558,5.0,High Risk (Critical),1,11.1,10.7,48,35,2,61.5,0,2.0
CUST-111559,80.5,Low Risk (Healthy),25,87.1,75.0,4725,16,0,0.0,0,3.5
CUST-111560,88.7,Low Risk (Healthy),29,86.3,74.0,5550,25,1,14.9,0,5.0
CUST-111561,59.9,Medium Risk (Warning),15,63.1,48.4,59,29,0,0.0,0,3.5
CUST-111562,16.6,High Risk (Critical),6,19.9,6.5,93,3,2,59.3,0,3.0
CUST-111563,64.1,Medium Risk (Warning),18,63.7,69.1,34,10,0,0.0,0,3.5
CUST-111564,78.6,Low Risk (Healthy),24,85.3,38.9,2800,13,0,0.0,0,3.5
CUST-111565,71.2,Low Risk (Healthy),19,82.9,92.0,5704,37,0,0.0,0,3.5
CUST-111566,8.1,High Risk (Critical),9,30.3,14.4,78,12,2,57.3,1,2.0
CUST-111567,5.8,High Risk (Critical),1,30.6,6.8,68,23,1,69.6,1,3.0
CUST-111568,5.0,High Risk (Critical),11,10.2,10.6,10,27,4,59.1,1,2.0
CUST-111569,5.0,High Risk (Critical),2,18.0,19.3,62,9,1,49.7,0,1.0
CUST-111570,5.0,High Risk (Critical),8,44.3,16.8,138,5,5,21.0,1,1.0
CUST-111571,56.5,Medium Risk (Warning),19,59.9,84.9,122,31,2,22.2,0,4.0
CUST-111572,63.1,Medium Risk (Warning),17,83.7,104.2,28,17,1,13.2,0,3.5
CUST-111573,64.1,Medium Risk (Warning),25,52.9,107.8,3988,39,2,8.8,0,4.0
CUST-111574,5.0,High Risk (Critical),9,18.7,8.1,129,44,5,23.0,0,1.0
CUST-111575,74.8,Low Risk (Healthy),20,90.6,104.3,82,32,0,0.0,0,3.5
CUST-111576,15.5,High Risk (Critical),1,12.9,13.6,23,29,1,29.3,0,3.0
CUST-111577,16.6,High Risk (Critical),6,34.4,8.1,56,13,3,62.0,0,3.0
CUST-111578,7.3,High Risk (Critical),12,14.4,21.1,134,40,4,61.0,1,2.0
CUST-111579,11.2,High Risk (Critical),8,28.1,15.6,90,31,1,46.8,1,2.0
CUST-111580,5.0,High Risk (Critical),1,26.3,12.9,82,26,3,39.0,1,1.0
CUST-111581,7.8,High Risk (Critical),11,20.3,13.7,25,4,5,71.5,0,2.0
CUST-111582,42.5,High Risk (Critical),13,13.9,12.7,134,15,0,0.0,0,3.5
CUST-111583,67.0,Medium Risk (Warning),22,55.4,66.7,127,31,0,0.0,0,3.5
CUST-111584,8.0,High Risk (Critical),6,22.8,16.7,115,29,4,71.0,0,3.0
CUST-111585,8.8,High Risk (Critical),3,20.0,21.4,109,24,1,41.6,1,3.0
CUST-111586,65.1,Medium Risk (Warning),21,64.2,67.1,62,13,1,17.5,0,4.0
CUST-111587,12.2,High Risk (Critical),9,16.9,13.3,40,7,1,23.3,1,2.0
CUST-111588,77.0,Low Risk (Healthy),26,62.8,35.6,128,45,1,19.8,0,5.0
CUST-111589,16.9,High Risk (Critical),9,22.0,17.5,93,43,1,45.4,1,3.0
CUST-111590,9.4,High Risk (Critical),13,28.6,6.6,26,40,2,36.3,1,1.0
CUST-111591,20.7,High Risk (Critical),14,40.2,17.2,92,36,1,64.4,1,2.0
CUST-111592,5.0,High Risk (Critical),3,24.1,7.0,56,1,3,39.7,1,1.0
CUST-111593,10.1,High Risk (Critical),10,23.2,8.8,118,33,1,65.8,1,2.0
CUST-111594,64.2,Medium Risk (Warning),21,74.2,77.4,96,7,2,16.3,0,4.0
CUST-111595,22.1,High Risk (Critical),11,32.6,13.0,31,36,3,66.5,0,3.0
CUST-111596,69.0,Medium Risk (Warning),23,57.8,57.4,4247,37,0,0.0,0,3.5
CUST-111597,67.7,Medium Risk (Warning),16,84.5,34.1,51,8,0,0.0,0,3.5
CUST-111598,11.0,High Risk (Critical),13,34.9,14.2,142,30,1,70.2,1,1.0
CUST-111599,19.1,High Risk (Critical),11,38.2,9.4,97,14,3,40.8,1,3.0
CUST-111600,5.0,High Risk (Critical),4,29.2,6.5,127,20,2,59.3,0,1.0
CUST-111601,5.0,High Risk (Critical),7,20.9,17.4,87,29,2,30.7,1,1.0
CUST-111602,58.0,Medium Risk (Warning),16,52.2,63.3,2025,21,0,0.0,0,3.5
CUST-111603,28.2,High Risk (Critical),14,36.1,14.9,95,10,2,42.1,0,2.0
CUST-111604,21.6,High Risk (Critical),9,38.2,16.4,32,23,3,14.8,0,2.0
CUST-111605,17.1,High Risk (Critical),14,30.3,7.1,44,38,2,36.9,1,2.0
CUST-111606,6.9,High Risk (Critical),2,37.3,17.0,54,31,4,32.1,1,3.0
CUST-111607,13.2,High Risk (Critical),10,42.1,11.5,29,9,2,54.0,1,2.0
CUST-111608,75.3,Low Risk (Healthy),21,75.1,84.0,1344,16,1,9.7,0,5.0
CUST-111609,15.3,High Risk (Critical),5,17.5,14.0,143,24,2,52.9,0,3.0
CUST-111610,32.9,High Risk (Critical),11,33.9,19.2,82,2,2,15.5,0,3.0
CUST-111611,31.3,High Risk (Critical),1,29.8,12.6,23,42,0,0.0,0,3.5
CUST-111612,35.4,High Risk (Critical),2,39.1,14.4,130,31,0,0.0,0,3.5
CUST-111613,77.5,Low Risk (Healthy),21,83.2,67.2,3763,21,1,11.6,0,5.0
CUST-111614,31.5,High Risk (Critical),11,39.3,21.5,77,3,2,40.0,0,3.0
CUST-111615,60.1,Medium Risk (Warning),18,71.9,105.1,143,10,2,11.9,0,4.0
CUST-111616,5.5,High Risk (Critical),3,24.0,21.8,58,35,2,45.8,1,3.0
CUST-111617,10.0,High Risk (Critical),11,31.7,10.2,102,26,2,17.3,1,1.0
CUST-111618,61.7,Medium Risk (Warning),19,55.6,39.7,1627,23,2,18.2,0,5.0
CUST-111619,39.5,High Risk (Critical),5,39.4,6.1,150,7,0,0.0,0,3.5
CUST-111620,5.0,High Risk (Critical),2,11.0,13.6,82,8,1,61.9,0,1.0
CUST-111621,7.8,High Risk (Critical),1,40.2,11.8,33,6,2,28.8,0,1.0
CUST-111622,81.3,Low Risk (Healthy),28,76.7,33.4,1336,17,0,0.0,0,3.5
CUST-111623,66.6,Medium Risk (Warning),23,57.8,91.4,39,28,1,11.6,0,4.0
CUST-111624,66.2,Medium Risk (Warning),20,73.2,60.0,3660,31,3,3.1,0,5.0
CUST-111625,37.1,High Risk (Critical),4,35.9,10.5,111,5,0,0.0,0,3.5
CUST-111626,35.5,High Risk (Critical),6,21.6,9.4,2,39,0,0.0,0,3.5
CUST-111627,76.1,Low Risk (Healthy),27,53.2,47.2,1557,43,1,15.1,0,5.0
CUST-111628,60.4,Medium Risk (Warning),15,64.8,53.3,128,30,0,0.0,0,3.5
CUST-111629,6.8,High Risk (Critical),1,41.6,19.8,115,22,3,58.1,1,3.0
CUST-111630,5.0,High Risk (Critical),2,29.4,17.6,58,27,2,13.1,1,1.0
CUST-111631,81.1,Low Risk (Healthy),26,94.3,40.5,2349,20,1,15.0,0,4.0
CUST-111632,15.3,High Risk (Critical),9,12.4,18.8,60,40,1,67.7,0,2.0
CUST-111633,51.3,Medium Risk (Warning),21,54.4,75.2,4662,26,3,16.4,0,3.5
CUST-111634,5.0,High Risk (Critical),2,41.2,18.4,16,1,5,62.6,1,2.0
CUST-111635,47.7,Medium Risk (Warning),13,31.3,9.1,87,31,0,0.0,0,3.5
CUST-111636,70.3,Low Risk (Healthy),24,57.7,37.0,102,33,0,0.0,0,3.5
CUST-111637,14.9,High Risk (Critical),10,14.2,10.1,89,37,3,69.7,0,3.0
CUST-111638,68.3,Medium Risk (Warning),19,73.3,102.8,5140,43,0,0.0,0,3.5
CUST-111639,69.2,Medium Risk (Warning),24,54.1,78.8,131,25,0,0.0,0,3.5
CUST-111640,37.3,High Risk (Critical),9,14.3,11.1,26,22,0,0.0,0,3.5
CUST-111641,71.1,Low Risk (Healthy),17,91.3,39.8,24,26,0,0.0,0,3.5
CUST-111642,26.6,High Risk (Critical),12,38.4,9.9,150,7,1,39.0,1,3.0
CUST-111643,73.8,Low Risk (Healthy),28,51.6,28.7,86,37,0,0.0,0,3.5
CUST-111644,5.0,High Risk (Critical),7,31.0,15.6,94,19,3,66.2,1,1.0
CUST-111645,13.1,High Risk (Critical),10,42.5,17.8,58,44,1,39.5,1,1.0
CUST-111646,81.2,Low Risk (Healthy),24,94.0,50.2,147,35,0,0.0,0,3.5
CUST-111647,12.1,High Risk (Critical),11,34.7,20.1,119,12,6,27.0,1,2.0
CUST-111648,21.2,High Risk (Critical),13,20.5,4.2,62,26,2,18.4,1,3.0
CUST-111649,62.6,Medium Risk (Warning),23,53.6,67.0,79,30,3,16.8,0,5.0
CUST-111650,32.8,High Risk (Critical),1,34.9,19.5,41,4,0,0.0,0,3.5
CUST-111651,12.6,High Risk (Critical),12,36.1,22.0,59,7,3,66.0,0,1.0
CUST-111652,5.0,High Risk (Critical),6,41.2,12.4,110,24,3,22.5,1,1.0
CUST-111653,43.1,High Risk (Critical),14,11.5,7.1,78,41,0,0.0,0,3.5
CUST-111654,39.7,High Risk (Critical),14,41.1,7.2,7,7,1,42.0,0,3.0
CUST-111655,26.5,High Risk (Critical),14,35.8,6.6,24,27,1,55.1,1,3.0
CUST-111656,72.9,Low Risk (Healthy),23,70.7,98.9,4648,26,0,0.0,0,3.5
CUST-111657,77.2,Low Risk (Healthy),21,93.9,71.3,855,42,0,0.0,0,3.5
CUST-111658,6.1,High Risk (Critical),5,18.6,18.7,119,24,2,49.3,1,3.0
CUST-111659,5.0,High Risk (Critical),3,24.8,8.3,102,29,3,53.6,0,2.0
CUST-111660,5.0,High Risk (Critical),3,19.8,20.4,128,2,3,37.3,1,1.0
CUST-111661,13.0,High Risk (Critical),12,13.4,4.6,4,34,4,68.0,1,3.0
CUST-111662,6.9,High Risk (Critical),8,13.4,21.0,89,32,3,62.4,0,2.0
CUST-111663,16.2,High Risk (Critical),5,33.9,9.7,14,0,1,21.0,0,1.0
CUST-111664,41.8,High Risk (Critical),7,38.3,4.9,73,45,0,0.0,0,3.5
CUST-111665,74.1,Low Risk (Healthy),19,92.4,70.1,1612,23,0,0.0,0,3.5
CUST-111666,14.3,High Risk (Critical),5,44.3,18.0,32,21,1,61.3,0,1.0
CUST-111667,70.0,Low Risk (Healthy),17,87.9,65.4,1373,38,0,0.0,0,3.5
CUST-111668,84.6,Low Risk (Healthy),28,79.0,35.7,52,32,1,19.8,0,5.0
CUST-111669,79.4,Low Risk (Healthy),27,63.3,70.1,2874,17,1,12.5,0,5.0
CUST-111670,75.6,Low Risk (Healthy),27,61.9,85.8,1029,28,0,0.0,0,3.5
CUST-111671,76.2,Low Risk (Healthy),27,71.9,67.1,101,13,1,10.6,0,4.0
CUST-111672,5.0,High Risk (Critical),3,18.0,21.5,70,39,2,51.8,1,1.0
CUST-111673,74.6,Low Risk (Healthy),19,94.1,105.8,4655,18,0,0.0,0,3.5
CUST-111674,19.3,High Risk (Critical),13,42.7,17.8,78,13,1,22.8,1,1.0
CUST-111675,21.3,High Risk (Critical),13,17.4,19.6,94,25,2,42.1,0,2.0
CUST-111676,51.6,Medium Risk (Warning),15,57.9,94.4,127,16,1,22.3,0,3.5
CUST-111677,82.4,Low Risk (Healthy),28,80.3,79.0,5688,8,0,0.0,0,3.5
CUST-111678,75.9,Low Risk (Healthy),24,80.5,66.0,68,30,1,2.0,0,4.0
CUST-111679,64.5,Medium Risk (Warning),17,76.7,91.1,1184,36,1,9.1,0,4.0
CUST-111680,5.0,High Risk (Critical),4,44.6,12.0,34,9,4,33.6,0,1.0
CUST-111681,35.3,High Risk (Critical),2,38.7,4.2,56,18,0,0.0,0,3.5
CUST-111682,77.1,Low Risk (Healthy),26,60.1,57.3,1833,3,1,12.9,0,5.0
CUST-111683,17.8,High Risk (Critical),13,34.5,12.9,128,23,2,31.1,1,2.0
CUST-111684,9.1,High Risk (Critical),5,31.5,15.6,150,44,4,26.2,1,3.0
CUST-111685,81.8,Low Risk (Healthy),26,76.1,62.0,4898,22,1,13.4,0,5.0
CUST-111686,34.8,High Risk (Critical),6,19.4,12.4,54,43,0,0.0,0,3.5
CUST-111687,12.7,High Risk (Critical),8,30.1,12.3,68,8,3,61.9,1,3.0
CUST-111688,15.4,High Risk (Critical),5,18.4,5.3,58,36,2,54.2,0,3.0
CUST-111689,64.9,Medium Risk (Warning),21,87.7,92.2,1,31,2,18.9,0,3.5
CUST-111690,6.0,High Risk (Critical),1,33.9,16.7,123,18,2,43.8,1,3.0
CUST-111691,6.9,High Risk (Critical),6,29.7,13.9,17,27,1,64.3,1,2.0
CUST-111692,28.6,High Risk (Critical),7,44.0,6.3,14,5,1,15.7,0,2.0
CUST-111693,60.9,Medium Risk (Warning),16,62.0,58.0,133,42,0,0.0,0,3.5
CUST-111694,23.9,High Risk (Critical),9,22.4,21.8,136,9,1,22.6,0,2.0
CUST-111695,76.4,Low Risk (Healthy),24,89.2,109.1,1200,31,1,18.9,0,4.0
CUST-111696,78.0,Low Risk (Healthy),23,87.7,85.2,38,17,0,0.0,0,3.5
CUST-111697,18.8,High Risk (Critical),10,33.6,16.9,15,20,2,20.6,0,1.0
CUST-111698,67.0,Medium Risk (Warning),19,69.0,25.8,72,34,0,0.0,0,3.5
CUST-111699,5.0,High Risk (Critical),6,10.6,6.8,140,22,1,15.6,1,1.0
CUST-111700,19.3,High Risk (Critical),6,18.6,11.9,150,34,2,34.2,0,3.0
CUST-111701,69.3,Medium Risk (Warning),25,54.8,103.3,2582,30,1,4.1,0,4.0
CUST-111702,68.0,Medium Risk (Warning),20,67.7,109.8,12,13,0,0.0,0,3.5
CUST-111703,80.9,Low Risk (Healthy),23,90.6,68.3,22,27,1,23.6,0,5.0
CUST-111704,12.6,High Risk (Critical),8,20.7,12.4,14,15,2,18.3,0,1.0
CUST-111705,11.1,High Risk (Critical),11,31.4,14.8,12,3,4,25.5,1,2.0
CUST-111706,5.0,High Risk (Critical),11,29.7,17.5,82,27,2,69.9,1,1.0
CUST-111707,10.9,High Risk (Critical),5,29.0,17.4,2,37,1,51.4,0,1.0
CUST-111708,9.5,High Risk (Critical),12,41.7,6.5,131,34,3,53.8,1,1.0
CUST-111709,60.5,Medium Risk (Warning),15,79.9,67.1,38,29,1,3.8,0,3.5
CUST-111710,59.9,Medium Risk (Warning),16,66.6,72.6,2105,0,1,11.4,0,4.0
CUST-111711,17.6,High Risk (Critical),10,33.3,15.3,72,34,2,45.6,1,3.0
CUST-111712,34.7,High Risk (Critical),6,19.0,20.6,60,23,0,0.0,0,3.5
CUST-111713,63.9,Medium Risk (Warning),20,85.1,57.5,88,10,2,10.5,0,3.5
CUST-111714,5.0,High Risk (Critical),9,13.5,15.2,102,27,3,51.3,0,1.0
CUST-111715,80.5,Low Risk (Healthy),28,74.0,77.8,4668,18,0,0.0,0,3.5
CUST-111716,57.2,Medium Risk (Warning),16,77.7,93.0,2046,43,2,3.4,0,3.5
CUST-111717,5.0,High Risk (Critical),1,43.7,20.0,47,26,1,15.3,1,1.0
CUST-111718,30.3,High Risk (Critical),14,40.3,8.6,65,27,3,51.7,0,3.0
CUST-111719,27.9,High Risk (Critical),1,18.6,13.5,53,32,0,0.0,0,3.5
CUST-111720,24.2,High Risk (Critical),4,37.6,10.4,133,10,1,51.2,0,3.0
CUST-111721,17.6,High Risk (Critical),11,12.1,10.5,85,24,1,21.8,0,1.0
CUST-111722,6.5,High Risk (Critical),11,36.0,18.8,12,28,3,30.3,1,1.0
CUST-111723,33.5,High Risk (Critical),12,29.0,4.1,138,44,1,41.5,0,3.0
CUST-111724,35.3,High Risk (Critical),3,34.4,14.0,132,2,0,0.0,0,3.5
CUST-111725,10.7,High Risk (Critical),9,19.1,13.7,34,2,4,30.5,1,3.0
CUST-111726,22.8,High Risk (Critical),10,25.3,13.0,57,26,1,49.1,0,2.0
CUST-111727,52.8,Medium Risk (Warning),15,61.7,100.9,71,4,1,22.0,0,3.5
CUST-111728,82.1,Low Risk (Healthy),28,65.5,43.5,2914,28,1,7.0,0,5.0
CUST-111729,5.0,High Risk (Critical),3,14.3,9.5,37,24,1,59.5,0,1.0
CUST-111730,10.4,High Risk (Critical),6,39.9,6.9,26,37,1,12.3,1,1.0
CUST-111731,72.8,Low Risk (Healthy),22,75.0,99.7,112,23,0,0.0,0,3.5
CUST-111732,58.9,Medium Risk (Warning),19,55.2,107.9,4423,3,1,24.0,0,4.0
CUST-111733,68.5,Medium Risk (Warning),22,60.4,75.2,150,5,0,0.0,0,3.5
CUST-111734,5.0,High Risk (Critical),1,21.7,12.2,139,2,1,60.7,0,1.0
CUST-111735,65.4,Medium Risk (Warning),16,64.1,41.2,73,20,1,9.2,0,5.0
CUST-111736,49.5,Medium Risk (Warning),13,37.3,21.6,135,34,0,0.0,0,3.5
CUST-111737,35.2,High Risk (Critical),3,34.1,12.7,50,19,0,0.0,0,3.5
CUST-111738,64.8,Medium Risk (Warning),16,85.8,105.2,5,27,1,18.3,0,4.0
CUST-111739,8.2,High Risk (Critical),5,20.2,21.5,90,9,3,36.2,0,2.0
CUST-111740,68.2,Medium Risk (Warning),18,77.3,27.4,139,14,0,0.0,0,3.5
CUST-111741,33.7,High Risk (Critical),7,11.3,14.5,42,27,0,0.0,0,3.5
CUST-111742,13.5,High Risk (Critical),12,34.9,9.7,61,31,3,45.0,1,2.0
CUST-111743,7.5,High Risk (Critical),5,17.4,19.6,25,20,2,19.4,0,1.0
CUST-111744,74.3,Low Risk (Healthy),22,79.8,26.7,961,45,0,0.0,0,3.5
CUST-111745,9.1,High Risk (Critical),6,25.5,10.1,1,20,4,68.5,0,3.0
CUST-111746,69.3,Medium Risk (Warning),21,59.6,33.1,728,39,1,20.7,0,5.0
CUST-111747,16.2,High Risk (Critical),4,44.6,9.5,82,3,1,51.9,1,3.0
CUST-111748,64.5,Medium Risk (Warning),20,56.1,87.9,25,33,0,0.0,0,3.5
CUST-111749,66.5,Medium Risk (Warning),18,85.5,42.4,129,39,3,9.6,0,5.0
CUST-111750,28.6,High Risk (Critical),14,17.1,14.7,66,20,2,41.5,0,3.0
CUST-111751,69.7,Medium Risk (Warning),24,55.6,99.9,101,37,0,0.0,0,3.5
CUST-111752,5.0,High Risk (Critical),4,30.9,6.1,2,30,4,61.3,0,2.0
CUST-111753,24.5,High Risk (Critical),9,42.0,18.7,119,2,2,32.8,0,2.0
CUST-111754,71.4,Low Risk (Healthy),22,74.4,109.1,40,33,2,17.9,0,5.0
CUST-111755,28.2,High Risk (Critical),11,39.0,8.2,79,9,3,33.7,0,3.0
CUST-111756,71.6,Low Risk (Healthy),26,53.0,105.9,94,7,0,0.0,0,3.5
CUST-111757,65.7,Medium Risk (Warning),21,58.5,38.5,13,21,2,14.5,0,5.0
CUST-111758,7.2,High Risk (Critical),6,40.7,7.1,34,24,3,63.0,1,2.0
CUST-111759,22.1,High Risk (Critical),8,44.5,13.1,148,43,2,47.3,0,2.0
CUST-111760,19.8,High Risk (Critical),7,37.1,8.3,90,8,1,21.4,0,1.0
CUST-111761,68.9,Medium Risk (Warning),18,79.7,106.2,97,5,0,0.0,0,3.5
CUST-111762,21.1,High Risk (Critical),7,21.1,12.8,132,43,1,20.2,0,2.0
CUST-111763,66.1,Medium Risk (Warning),19,65.8,105.1,4624,1,0,0.0,0,3.5
CUST-111764,58.8,Medium Risk (Warning),21,57.3,46.5,30,44,2,18.9,0,4.0
CUST-111765,73.0,Low Risk (Healthy),22,60.8,31.4,111,23,1,4.8,0,5.0
CUST-111766,74.7,Low Risk (Healthy),27,66.2,85.8,943,12,1,9.2,0,4.0
CUST-111767,11.8,High Risk (Critical),11,13.8,21.6,48,14,2,60.3,1,3.0
CUST-111768,60.7,Medium Risk (Warning),16,69.6,43.8,788,13,1,12.1,0,4.0
CUST-111769,75.3,Low Risk (Healthy),25,60.2,74.9,117,13,1,16.6,0,5.0
CUST-111770,20.1,High Risk (Critical),8,12.8,16.4,49,28,1,19.5,0,2.0
CUST-111771,5.0,High Risk (Critical),4,16.7,19.5,28,16,1,67.0,1,2.0
CUST-111772,5.0,High Risk (Critical),1,39.9,4.1,35,38,2,57.0,0,1.0
CUST-111773,83.2,Low Risk (Healthy),26,83.1,86.0,121,1,1,19.5,0,5.0
CUST-111774,83.9,Low Risk (Healthy),29,80.9,75.5,32,34,0,0.0,0,3.5
CUST-111775,25.5,High Risk (Critical),12,39.4,14.0,14,1,2,50.4,0,2.0
CUST-111776,8.3,High Risk (Critical),6,24.2,8.7,27,8,3,37.5,1,3.0
CUST-111777,16.3,High Risk (Critical),3,20.8,21.2,121,32,2,31.5,0,3.0
CUST-111778,62.7,Medium Risk (Warning),19,54.5,108.7,68,15,0,0.0,0,3.5
CUST-111779,10.3,High Risk (Critical),4,32.8,14.0,132,43,1,70.7,1,3.0
CUST-111780,10.6,High Risk (Critical),3,28.8,8.0,95,41,2,48.4,0,2.0
CUST-111781,5.0,High Risk (Critical),7,15.3,18.5,18,5,3,36.4,1,2.0
CUST-111782,74.2,Low Risk (Healthy),25,73.5,39.6,1623,39,1,9.6,0,4.0
CUST-111783,5.0,High Risk (Critical),4,18.8,13.3,17,28,2,33.9,1,1.0
CUST-111784,24.7,High Risk (Critical),14,23.2,10.9,60,37,1,71.1,0,2.0
CUST-111785,29.8,High Risk (Critical),14,25.4,13.3,37,35,1,35.7,0,2.0
CUST-111786,74.1,Low Risk (Healthy),24,63.6,71.7,3,1,1,23.8,0,5.0
CUST-111787,8.4,High Risk (Critical),7,20.1,20.5,105,26,4,53.1,1,3.0
CUST-111788,5.0,High Risk (Critical),5,20.3,17.1,118,27,2,33.7,1,1.0
CUST-111789,27.7,High Risk (Critical),10,27.6,9.7,77,6,1,15.7,0,2.0
CUST-111790,5.0,High Risk (Critical),2,10.1,5.3,123,24,2,22.1,0,1.0
CUST-111791,74.4,Low Risk (Healthy),26,62.6,87.4,6817,19,0,0.0,0,3.5
CUST-111792,5.8,High Risk (Critical),5,40.4,20.7,6,11,4,14.3,1,2.0
CUST-111793,29.9,High Risk (Critical),2,20.9,12.9,23,3,0,0.0,0,3.5
CUST-111794,11.5,High Risk (Critical),6,21.9,20.9,61,20,2,24.3,1,3.0
CUST-111795,73.4,Low Risk (Healthy),26,68.0,83.2,99,20,1,13.5,0,4.0
CUST-111796,15.6,High Risk (Critical),1,36.2,20.3,133,45,2,52.6,0,3.0
CUST-111797,69.8,Medium Risk (Warning),24,94.8,70.6,5365,32,3,21.1,0,4.0
CUST-111798,14.0,High Risk (Critical),12,40.9,6.8,126,45,3,65.8,0,1.0
CUST-111799,73.3,Low Risk (Healthy),22,76.6,74.1,54,0,0,0.0,0,3.5
CUST-111800,12.0,High Risk (Critical),2,37.3,18.7,79,22,1,30.7,0,1.0
CUST-111801,5.0,High Risk (Critical),1,18.8,7.1,40,25,2,59.5,0,2.0
CUST-111802,18.1,High Risk (Critical),14,29.4,8.2,80,33,1,58.9,1,2.0
CUST-111803,80.3,Low Risk (Healthy),25,75.3,82.9,5471,30,1,12.6,0,5.0
CUST-111804,7.0,High Risk (Critical),3,41.3,17.3,147,37,2,59.1,0,1.0
CUST-111805,5.0,High Risk (Critical),3,10.8,8.5,67,32,2,25.9,1,3.0
CUST-111806,71.3,Low Risk (Healthy),21,60.7,32.1,449,13,1,7.6,0,5.0
CUST-111807,74.9,Low Risk (Healthy),23,77.5,50.4,28,19,0,0.0,0,3.5
CUST-111808,78.1,Low Risk (Healthy),24,83.6,86.4,3196,3,0,0.0,0,3.5
CUST-111809,84.9,Low Risk (Healthy),29,70.8,104.3,6258,33,1,8.3,0,5.0
CUST-111810,75.4,Low Risk (Healthy),24,74.7,60.4,84,37,0,0.0,0,3.5
CUST-111811,8.9,High Risk (Critical),2,44.1,5.3,16,3,2,59.8,1,3.0
CUST-111812,42.5,High Risk (Critical),12,18.2,19.4,129,18,0,0.0,0,3.5
CUST-111813,68.7,Medium Risk (Warning),20,70.1,83.3,3831,4,0,0.0,0,3.5
CUST-111814,63.6,Medium Risk (Warning),17,56.0,105.3,2421,28,1,14.8,0,5.0
CUST-111815,63.8,Medium Risk (Warning),18,73.8,79.8,77,13,1,19.0,0,4.0
CUST-111816,77.2,Low Risk (Healthy),29,58.3,91.0,7280,43,0,0.0,0,3.5
CUST-111817,5.0,High Risk (Critical),3,21.4,13.3,58,7,2,42.9,1,2.0
CUST-111818,59.2,Medium Risk (Warning),17,74.6,42.7,134,18,2,15.0,0,4.0
CUST-111819,21.4,High Risk (Critical),12,18.4,6.9,12,21,1,32.9,1,3.0
CUST-111820,11.9,High Risk (Critical),7,17.8,4.9,146,34,3,70.5,0,3.0
CUST-111821,77.4,Low Risk (Healthy),18,93.4,52.2,991,13,1,4.7,0,5.0
CUST-111822,40.1,High Risk (Critical),10,19.3,17.4,71,35,0,0.0,0,3.5
CUST-111823,73.2,Low Risk (Healthy),26,50.9,71.0,150,36,1,21.8,0,5.0
CUST-111824,58.5,Medium Risk (Warning),20,65.4,62.9,10,37,2,6.2,0,3.5
CUST-111825,63.5,Medium Risk (Warning),17,66.9,39.0,147,6,2,9.6,0,5.0
CUST-111826,23.4,High Risk (Critical),6,42.6,15.5,124,45,3,26.9,0,3.0
CUST-111827,57.2,Medium Risk (Warning),20,71.6,30.3,92,6,3,23.4,0,4.0
CUST-111828,76.1,Low Risk (Healthy),22,85.8,78.0,2808,18,0,0.0,0,3.5
CUST-111829,70.1,Low Risk (Healthy),17,79.4,93.6,113,41,1,18.9,0,5.0
CUST-111830,65.2,Medium Risk (Warning),20,58.6,49.4,1037,24,0,0.0,0,3.5
CUST-111831,69.8,Medium Risk (Warning),28,70.3,53.1,1646,42,3,5.2,0,4.0
CUST-111832,8.6,High Risk (Critical),3,38.8,5.1,79,7,4,49.7,1,3.0
CUST-111833,60.5,Medium Risk (Warning),19,69.6,72.9,29,18,2,13.6,0,4.0
CUST-111834,83.7,Low Risk (Healthy),26,86.2,66.8,146,13,1,22.6,0,5.0
CUST-111835,62.9,Medium Risk (Warning),15,72.9,94.6,111,30,0,0.0,0,3.5
CUST-111836,42.1,High Risk (Critical),13,12.6,19.5,149,39,0,0.0,0,3.5
CUST-111837,71.9,Low Risk (Healthy),26,54.1,51.3,7,5,0,0.0,0,3.5
CUST-111838,7.3,High Risk (Critical),6,20.9,17.4,5,44,4,50.6,1,3.0
CUST-111839,10.4,High Risk (Critical),8,22.6,13.5,105,19,1,72.0,0,1.0
CUST-111840,8.2,High Risk (Critical),9,10.7,11.6,103,41,3,43.0,1,3.0
CUST-111841,21.6,High Risk (Critical),13,40.4,7.7,81,8,2,14.6,1,2.0
CUST-111842,5.0,High Risk (Critical),2,10.3,20.8,143,12,2,40.4,0,1.0
CUST-111843,86.6,Low Risk (Healthy),27,87.7,56.2,955,5,1,13.5,0,5.0
CUST-111844,83.8,Low Risk (Healthy),29,80.4,109.8,46,28,0,0.0,0,3.5
CUST-111845,15.9,High Risk (Critical),13,38.4,18.1,89,3,3,44.2,1,2.0
CUST-111846,22.7,High Risk (Critical),2,27.6,5.5,86,3,1,18.0,0,3.0
CUST-111847,5.0,High Risk (Critical),13,10.7,4.8,1,15,4,51.4,0,1.0
CUST-111848,63.6,Medium Risk (Warning),27,79.0,49.4,91,43,4,9.0,0,3.5
CUST-111849,57.3,Medium Risk (Warning),20,54.6,45.2,11,18,1,22.0,0,3.5
CUST-111850,69.3,Medium Risk (Warning),23,62.9,52.0,1092,9,2,18.1,0,5.0
CUST-111851,7.8,High Risk (Critical),11,22.9,9.3,5,35,3,61.6,0,1.0
CUST-111852,59.7,Medium Risk (Warning),15,88.2,26.8,20,14,2,22.2,0,4.0
CUST-111853,5.0,High Risk (Critical),2,38.7,20.8,65,19,1,30.0,1,1.0
CUST-111854,5.0,High Risk (Critical),1,31.9,14.6,79,41,2,34.3,1,2.0
CUST-111855,65.5,Medium Risk (Warning),18,92.4,68.8,112,22,4,2.0,0,5.0
CUST-111856,86.5,Low Risk (Healthy),29,89.5,40.7,1831,38,0,0.0,0,3.5
CUST-111857,8.5,High Risk (Critical),1,37.6,10.4,81,26,4,48.9,0,3.0
CUST-111858,10.1,High Risk (Critical),5,16.8,20.2,103,42,3,13.1,0,2.0
CUST-111859,76.4,Low Risk (Healthy),28,70.9,57.0,3876,41,1,17.3,0,4.0
CUST-111860,74.7,Low Risk (Healthy),19,94.6,99.3,128,7,0,0.0,0,3.5
CUST-111861,12.7,High Risk (Critical),9,25.6,15.9,131,9,2,56.2,1,3.0
CUST-111862,71.3,Low Risk (Healthy),24,60.9,35.8,2291,37,0,0.0,0,3.5
CUST-111863,11.7,High Risk (Critical),10,26.5,6.3,30,8,2,28.4,1,2.0
CUST-111864,5.8,High Risk (Critical),4,44.8,16.0,1,28,2,69.7,1,2.0
CUST-111865,62.0,Medium Risk (Warning),16,71.8,86.7,1994,13,1,6.7,0,4.0
CUST-111866,26.4,High Risk (Critical),8,42.7,5.8,144,20,2,56.6,0,3.0
CUST-111867,40.8,High Risk (Critical),10,21.4,10.3,136,0,0,0.0,0,3.5
CUST-111868,27.2,High Risk (Critical),6,44.3,8.6,53,20,1,64.6,0,3.0
CUST-111869,45.8,Medium Risk (Warning),10,38.1,9.5,75,23,0,0.0,0,3.5
CUST-111870,50.3,Medium Risk (Warning),14,35.4,19.6,115,43,0,0.0,0,3.5
CUST-111871,59.9,Medium Risk (Warning),20,62.8,75.1,149,19,1,20.7,0,3.5
CUST-111872,73.8,Low Risk (Healthy),27,56.1,60.0,2220,22,0,0.0,0,3.5
CUST-111873,27.9,High Risk (Critical),11,38.0,21.1,93,11,2,17.2,0,2.0
CUST-111874,74.0,Low Risk (Healthy),27,56.5,48.0,112,4,0,0.0,0,3.5
CUST-111875,17.8,High Risk (Critical),13,10.7,18.5,137,42,2,22.3,1,3.0
CUST-111876,76.4,Low Risk (Healthy),22,86.9,99.3,5958,25,0,0.0,0,3.5
CUST-111877,76.0,Low Risk (Healthy),24,76.5,75.1,24,37,0,0.0,0,3.5
CUST-111878,5.0,High Risk (Critical),7,17.9,17.3,128,0,2,37.8,1,1.0
CUST-111879,64.7,Medium Risk (Warning),18,65.7,94.3,119,5,0,0.0,0,3.5
CUST-111880,11.2,High Risk (Critical),2,27.5,11.2,45,25,1,13.9,0,1.0
CUST-111881,14.9,High Risk (Critical),11,36.5,18.3,40,3,1,69.4,1,2.0
CUST-111882,21.9,High Risk (Critical),13,38.4,17.9,45,6,4,60.7,1,3.0
CUST-111883,72.5,Low Risk (Healthy),24,65.1,35.1,142,3,0,0.0,0,3.5
CUST-111884,88.0,Low Risk (Healthy),29,94.6,109.1,66,43,0,0.0,0,3.5
CUST-111885,15.8,High Risk (Critical),7,12.9,8.8,74,25,1,43.1,0,2.0
CUST-111886,5.0,High Risk (Critical),9,28.0,20.3,108,7,2,27.3,1,1.0
CUST-111887,5.0,High Risk (Critical),4,11.8,13.1,67,43,3,69.1,1,1.0
CUST-111888,81.0,Low Risk (Healthy),29,71.2,64.3,2379,41,0,0.0,0,3.5
CUST-111889,73.1,Low Risk (Healthy),17,89.4,73.5,2646,0,1,19.1,0,5.0
CUST-111890,73.6,Low Risk (Healthy),28,78.6,52.5,47,39,2,2.2,0,3.5
CUST-111891,19.5,High Risk (Critical),12,39.6,21.0,21,31,1,51.3,1,2.0
CUST-111892,64.0,Medium Risk (Warning),16,72.2,78.0,90,26,0,0.0,0,3.5
CUST-111893,29.8,High Risk (Critical),11,27.8,14.8,2,7,1,57.6,0,3.0
CUST-111894,72.3,Low Risk (Healthy),19,86.4,107.7,102,23,0,0.0,0,3.5
CUST-111895,57.8,Medium Risk (Warning),18,64.5,77.8,83,14,1,20.7,0,3.5
CUST-111896,59.0,Medium Risk (Warning),18,67.3,81.9,5651,37,1,17.9,0,3.5
CUST-111897,10.2,High Risk (Critical),6,38.0,15.7,5,21,2,57.7,0,1.0
CUST-111898,75.5,Low Risk (Healthy),28,57.2,75.0,5100,18,0,0.0,0,3.5
CUST-111899,5.0,High Risk (Critical),8,10.5,9.2,133,10,5,41.4,0,2.0
CUST-111900,81.4,Low Risk (Healthy),24,84.2,52.5,2100,33,1,15.2,0,5.0
CUST-111901,11.3,High Risk (Critical),8,42.9,13.5,27,8,3,18.1,1,2.0
CUST-111902,63.3,Medium Risk (Warning),19,56.5,105.7,99,1,0,0.0,0,3.5
CUST-111903,11.6,High Risk (Critical),4,37.6,18.4,34,21,3,40.2,0,2.0
CUST-111904,74.8,Low Risk (Healthy),25,59.2,41.0,104,45,1,18.4,0,5.0
CUST-111905,20.9,High Risk (Critical),14,16.9,12.8,84,13,3,22.8,0,2.0
CUST-111906,12.7,High Risk (Critical),2,38.7,20.9,132,38,1,28.7,0,1.0
CUST-111907,5.0,High Risk (Critical),3,19.3,20.4,29,17,3,40.1,1,1.0
CUST-111908,69.0,Medium Risk (Warning),20,71.0,109.6,4164,10,0,0.0,0,3.5
CUST-111909,15.3,High Risk (Critical),9,13.0,8.7,68,40,1,68.4,0,2.0
CUST-111910,15.8,High Risk (Critical),4,34.7,16.4,114,25,3,47.5,0,3.0
CUST-111911,76.5,Low Risk (Healthy),18,94.7,92.6,44,11,1,15.6,0,5.0
CUST-111912,79.5,Low Risk (Healthy),27,75.0,101.3,2026,8,0,0.0,0,3.5
CUST-111913,13.7,High Risk (Critical),10,44.3,10.7,79,18,2,55.7,1,2.0
CUST-111914,14.6,High Risk (Critical),3,43.6,15.7,51,19,2,19.6,1,3.0
CUST-111915,60.2,Medium Risk (Warning),15,72.8,73.0,150,5,1,13.1,0,4.0
CUST-111916,44.2,High Risk (Critical),11,28.5,20.5,19,20,0,0.0,0,3.5
CUST-111917,76.2,Low Risk (Healthy),19,84.4,95.1,1997,38,1,4.0,0,5.0
CUST-111918,59.9,Medium Risk (Warning),21,69.8,29.9,113,45,2,16.4,0,3.5
CUST-111919,68.7,Medium Risk (Warning),21,65.5,103.0,113,30,0,0.0,0,3.5
CUST-111920,30.4,High Risk (Critical),2,22.3,13.2,60,16,0,0.0,0,3.5
CUST-111921,38.6,High Risk (Critical),7,27.6,21.2,72,39,0,0.0,0,3.5
CUST-111922,71.7,Low Risk (Healthy),27,84.6,109.6,140,13,2,21.3,0,3.5
CUST-111923,37.0,High Risk (Critical),7,22.2,6.9,45,30,0,0.0,0,3.5
CUST-111924,30.4,High Risk (Critical),2,22.6,12.9,7,34,0,0.0,0,3.5
CUST-111925,39.7,High Risk (Critical),7,31.3,16.8,104,21,0,0.0,0,3.5
CUST-111926,30.6,High Risk (Critical),3,18.8,6.4,77,27,0,0.0,0,3.5
CUST-111927,6.9,High Risk (Critical),4,23.1,13.5,74,29,1,26.7,1,2.0
CUST-111928,6.5,High Risk (Critical),11,30.2,9.1,28,16,2,41.7,1,1.0
CUST-111929,14.2,High Risk (Critical),5,39.1,16.7,22,39,1,65.5,1,3.0
CUST-111930,25.9,High Risk (Critical),8,36.0,12.4,103,32,3,12.6,0,3.0
CUST-111931,65.8,Medium Risk (Warning),21,65.1,50.7,1419,27,1,13.7,0,4.0
CUST-111932,9.6,High Risk (Critical),3,26.4,4.8,9,27,1,34.9,0,1.0
CUST-111933,25.1,High Risk (Critical),13,16.0,15.8,31,26,2,56.1,0,3.0
CUST-111934,80.4,Low Risk (Healthy),25,87.0,64.2,1284,35,0,0.0,0,3.5
CUST-111935,16.9,High Risk (Critical),12,24.6,4.2,7,1,4,68.1,0,3.0
CUST-111936,62.1,Medium Risk (Warning),16,65.9,60.8,19,42,0,0.0,0,3.5
CUST-111937,73.8,Low Risk (Healthy),27,56.1,58.3,24,41,0,0.0,0,3.5
CUST-111938,37.1,High Risk (Critical),5,31.4,10.3,101,9,0,0.0,0,3.5
CUST-111939,7.6,High Risk (Critical),11,11.0,9.5,55,1,1,66.6,1,2.0
CUST-111940,73.2,Low Risk (Healthy),24,84.1,26.9,116,20,1,8.4,0,3.5
CUST-111941,15.0,High Risk (Critical),1,41.2,13.2,110,16,1,53.7,0,2.0
CUST-111942,12.7,High Risk (Critical),10,19.6,19.0,3,4,2,52.5,1,3.0
CUST-111943,65.1,Medium Risk (Warning),15,90.9,30.8,739,19,1,17.2,0,4.0
CUST-111944,40.0,High Risk (Critical),14,35.1,13.1,125,25,1,25.9,0,3.0
CUST-111945,21.5,High Risk (Critical),7,37.1,15.1,3,7,2,71.8,0,3.0
CUST-111946,39.7,High Risk (Critical),6,35.7,17.0,26,6,0,0.0,0,3.5
CUST-111947,41.2,High Risk (Critical),6,40.8,7.1,57,2,0,0.0,0,3.5
CUST-111948,69.3,Medium Risk (Warning),18,81.1,41.8,877,44,0,0.0,0,3.5
CUST-111949,72.0,Low Risk (Healthy),29,53.1,46.2,14,19,1,20.8,0,4.0
CUST-111950,57.9,Medium Risk (Warning),18,68.7,28.1,50,30,2,22.0,0,4.0
CUST-111951,55.5,Medium Risk (Warning),18,52.6,59.4,34,0,1,10.4,0,3.5
CUST-111952,77.7,Low Risk (Healthy),29,52.0,87.9,124,38,1,20.2,0,5.0
CUST-111953,15.6,High Risk (Critical),10,38.2,15.8,136,39,1,57.9,1,2.0
CUST-111954,24.7,High Risk (Critical),9,36.2,11.7,92,29,1,17.2,1,3.0
CUST-111955,74.4,Low Risk (Healthy),21,92.3,81.7,122,8,1,10.4,0,4.0
CUST-111956,72.9,Low Risk (Healthy),21,79.7,98.7,25,5,0,0.0,0,3.5
CUST-111957,75.7,Low Risk (Healthy),26,73.1,57.8,1907,38,1,7.5,0,4.0
CUST-111958,11.0,High Risk (Critical),12,26.5,21.9,1,39,4,23.7,1,2.0
CUST-111959,5.8,High Risk (Critical),4,24.9,17.9,21,26,3,47.8,1,3.0
CUST-111960,16.2,High Risk (Critical),11,28.4,9.2,77,26,3,24.1,1,3.0
CUST-111961,6.3,High Risk (Critical),2,20.5,14.3,23,40,2,19.9,1,3.0
CUST-111962,7.1,High Risk (Critical),12,15.5,8.4,41,24,1,44.5,1,1.0
CUST-111963,27.8,High Risk (Critical),12,44.7,7.2,61,0,2,12.6,1,3.0
CUST-111964,25.1,High Risk (Critical),10,19.8,16.6,128,35,2,33.5,0,3.0
CUST-111965,18.6,High Risk (Critical),2,42.7,6.2,17,14,3,23.1,0,3.0
CUST-111966,5.0,High Risk (Critical),1,44.6,11.7,48,23,3,41.5,0,1.0
CUST-111967,35.6,High Risk (Critical),2,39.9,6.6,61,21,0,0.0,0,3.5
CUST-111968,27.3,High Risk (Critical),11,34.9,11.8,38,1,1,14.5,1,3.0
CUST-111969,8.6,High Risk (Critical),5,23.6,17.7,101,40,1,25.4,1,2.0
CUST-111970,69.2,Medium Risk (Warning),18,80.7,101.6,66,9,0,0.0,0,3.5
CUST-111971,81.6,Low Risk (Healthy),29,73.1,56.0,4312,30,0,0.0,0,3.5
CUST-111972,35.3,High Risk (Critical),13,19.7,14.7,47,41,1,15.4,0,3.0
CUST-111973,11.8,High Risk (Critical),5,21.0,6.1,86,43,4,25.0,0,3.0
CUST-111974,11.6,High Risk (Critical),9,20.0,8.8,81,22,2,50.9,1,3.0
CUST-111975,70.8,Low Risk (Healthy),25,54.8,45.2,125,30,0,0.0,0,3.5
CUST-111976,72.4,Low Risk (Healthy),19,71.8,107.0,112,27,1,3.4,0,5.0
CUST-111977,62.9,Medium Risk (Warning),21,56.6,77.0,21,13,1,16.9,0,4.0
CUST-111978,74.0,Low Risk (Healthy),20,87.8,77.0,1540,35,0,0.0,0,3.5
CUST-111979,28.0,High Risk (Critical),14,16.6,15.3,26,37,1,29.0,0,2.0
CUST-111980,19.9,High Risk (Critical),8,38.7,20.3,95,16,1,51.3,1,3.0
CUST-111981,68.4,Medium Risk (Warning),17,72.8,105.8,6982,11,1,17.1,0,5.0
CUST-111982,7.6,High Risk (Critical),2,10.4,9.7,75,13,3,33.8,0,3.0
CUST-111983,69.7,Medium Risk (Warning),21,68.9,87.6,23,18,0,0.0,0,3.5
CUST-111984,74.1,Low Risk (Healthy),25,65.9,40.7,1180,12,0,0.0,0,3.5
CUST-111985,22.6,High Risk (Critical),10,12.0,20.5,41,15,1,18.9,0,2.0
CUST-111986,5.0,High Risk (Critical),1,25.8,12.6,121,22,1,61.1,1,2.0
CUST-111987,77.3,Low Risk (Healthy),29,58.9,40.0,32,42,0,0.0,0,3.5
CUST-111988,21.5,High Risk (Critical),1,40.6,17.7,120,6,1,48.5,0,3.0
CUST-111989,5.4,High Risk (Critical),4,23.6,4.1,118,7,2,61.3,1,3.0
CUST-111990,69.5,Medium Risk (Warning),19,63.2,82.8,1242,33,1,6.6,0,5.0
CUST-111991,70.1,Low Risk (Healthy),22,65.8,62.0,143,17,0,0.0,0,3.5
CUST-111992,71.4,Low Risk (Healthy),23,65.8,56.8,150,11,0,0.0,0,3.5
CUST-111993,7.7,High Risk (Critical),7,10.6,13.9,121,23,2,22.9,0,1.0
CUST-111994,17.8,High Risk (Critical),10,38.3,14.0,58,42,2,64.7,1,3.0
CUST-111995,62.0,Medium Risk (Warning),18,80.9,80.9,95,13,2,18.0,0,4.0
CUST-111996,5.9,High Risk (Critical),6,36.5,21.7,126,19,4,23.6,1,2.0
CUST-111997,74.1,Low Risk (Healthy),21,71.6,91.9,109,35,1,11.1,0,5.0
CUST-111998,16.7,High Risk (Critical),13,11.5,19.8,58,24,2,16.6,0,1.0
CUST-111999,81.3,Low Risk (Healthy),29,72.0,79.4,6352,32,0,0.0,0,3.5
CUST-112000,65.7,Medium Risk (Warning),22,74.3,52.7,1581,12,2,15.0,0,4.0
CUST-112001,20.9,High Risk (Critical),14,16.1,4.2,30,38,1,37.1,0,1.0
CUST-112002,73.9,Low Risk (Healthy),28,51.8,53.7,644,3,0,0.0,0,3.5
CUST-112003,75.3,Low Risk (Healthy),24,85.6,81.7,6209,16,1,19.4,0,4.0
CUST-112004,14.9,High Risk (Critical),5,28.1,14.4,28,26,1,33.5,1,3.0
CUST-112005,74.5,Low Risk (Healthy),27,58.5,53.2,691,15,0,0.0,0,3.5
CUST-112006,78.1,Low Risk (Healthy),26,91.6,62.3,34,1,1,8.3,0,3.5
CUST-112007,49.1,Medium Risk (Warning),11,44.7,7.9,121,35,0,0.0,0,3.5
CUST-112008,66.2,Medium Risk (Warning),20,85.1,36.4,1856,16,1,23.6,0,3.5
CUST-112009,7.5,High Risk (Critical),1,24.3,14.9,139,14,1,25.2,0,1.0
CUST-112010,31.5,High Risk (Critical),14,31.3,5.6,91,30,2,52.5,0,3.0
CUST-112011,19.5,High Risk (Critical),10,32.6,9.3,108,14,1,45.0,0,1.0
CUST-112012,74.0,Low Risk (Healthy),21,83.3,90.6,31,25,0,0.0,0,3.5
CUST-112013,5.0,High Risk (Critical),2,21.2,11.4,133,29,1,71.5,1,2.0
CUST-112014,14.7,High Risk (Critical),8,12.4,19.0,42,1,1,61.5,0,2.0
CUST-112015,69.8,Medium Risk (Warning),21,69.2,89.3,52,43,0,0.0,0,3.5
CUST-112016,5.0,High Risk (Critical),12,26.2,11.6,78,24,4,67.2,1,1.0
CUST-112017,82.5,Low Risk (Healthy),23,92.5,97.1,4660,26,1,15.6,0,5.0
CUST-112018,15.3,High Risk (Critical),4,39.4,4.3,8,34,3,15.0,0,2.0
CUST-112019,34.4,High Risk (Critical),5,22.3,5.6,74,44,0,0.0,0,3.5
CUST-112020,33.6,High Risk (Critical),1,37.5,15.9,2,14,0,0.0,0,3.5
CUST-112021,64.7,Medium Risk (Warning),18,65.8,50.2,3915,11,0,0.0,0,3.5
CUST-112022,7.8,High Risk (Critical),4,22.0,11.3,11,40,2,33.1,1,3.0
CUST-112023,64.5,Medium Risk (Warning),21,52.9,99.1,103,30,2,10.7,0,5.0
CUST-112024,46.4,Medium Risk (Warning),12,31.3,16.1,67,33,0,0.0,0,3.5
CUST-112025,63.3,Medium Risk (Warning),24,52.9,28.5,137,27,2,4.4,0,4.0
CUST-112026,5.0,High Risk (Critical),5,23.6,18.0,108,7,2,64.5,0,1.0
CUST-112027,63.3,Medium Risk (Warning),20,81.4,34.9,15,41,2,6.3,0,3.5
CUST-112028,17.1,High Risk (Critical),7,36.3,11.9,42,21,1,41.3,0,1.0
CUST-112029,65.8,Medium Risk (Warning),16,68.9,74.6,27,28,1,18.0,0,5.0
CUST-112030,33.5,High Risk (Critical),11,40.0,21.6,97,1,1,57.0,0,3.0
CUST-112031,5.0,High Risk (Critical),5,29.5,10.9,42,33,6,37.3,1,1.0
CUST-112032,74.3,Low Risk (Healthy),19,83.4,57.0,84,33,1,16.6,0,5.0
CUST-112033,42.9,High Risk (Critical),11,24.1,12.9,73,34,0,0.0,0,3.5
CUST-112034,33.5,High Risk (Critical),5,19.4,6.1,134,29,0,0.0,0,3.5
CUST-112035,15.6,High Risk (Critical),11,25.4,9.0,63,5,2,53.3,1,3.0
CUST-112036,14.8,High Risk (Critical),14,15.8,11.2,27,28,1,52.6,1,2.0
CUST-112037,73.7,Low Risk (Healthy),25,64.5,105.2,12,0,0,0.0,0,3.5
CUST-112038,12.5,High Risk (Critical),9,10.3,5.9,63,14,4,36.7,0,3.0
CUST-112039,17.8,High Risk (Critical),13,12.4,11.4,96,22,1,42.1,0,1.0
CUST-112040,21.1,High Risk (Critical),10,19.8,14.5,30,29,1,49.5,0,2.0
CUST-112041,31.2,High Risk (Critical),1,29.5,4.4,88,17,0,0.0,0,3.5
CUST-112042,70.5,Low Risk (Healthy),22,89.9,44.0,108,27,2,14.3,0,4.0
CUST-112043,77.1,Low Risk (Healthy),22,89.2,38.4,104,3,0,0.0,0,3.5
CUST-112044,54.3,Medium Risk (Warning),18,52.8,65.2,117,20,2,12.5,0,4.0
CUST-112045,74.3,Low Risk (Healthy),22,82.5,47.4,853,16,2,14.6,0,5.0
CUST-112046,47.2,Medium Risk (Warning),12,33.9,15.0,149,11,0,0.0,0,3.5
CUST-112047,68.9,Medium Risk (Warning),25,70.7,25.4,125,32,2,13.0,0,4.0
CUST-112048,18.6,High Risk (Critical),11,18.5,16.8,3,19,1,29.2,0,1.0
CUST-112049,65.4,Medium Risk (Warning),20,81.8,83.6,6186,32,2,14.8,0,4.0
CUST-112050,17.5,High Risk (Critical),11,40.3,5.9,1,9,2,58.0,0,1.0
CUST-112051,41.4,High Risk (Critical),10,23.5,16.3,140,7,0,0.0,0,3.5
CUST-112052,67.4,Medium Risk (Warning),24,59.9,106.2,60,2,1,20.9,0,4.0
CUST-112053,51.0,Medium Risk (Warning),14,37.7,9.2,78,1,0,0.0,0,3.5
CUST-112054,9.0,High Risk (Critical),2,28.1,10.2,8,13,3,64.5,0,3.0
CUST-112055,40.1,High Risk (Critical),6,37.1,14.5,11,14,0,0.0,0,3.5
CUST-112056,76.4,Low Risk (Healthy),28,60.2,66.9,98,39,0,0.0,0,3.5
CUST-112057,9.4,High Risk (Critical),2,42.0,12.4,40,26,3,46.8,0,2.0
CUST-112058,37.0,High Risk (Critical),7,22.1,21.4,51,28,0,0.0,0,3.5
CUST-112059,5.0,High Risk (Critical),2,33.3,19.9,93,5,1,34.4,1,1.0
CUST-112060,8.6,High Risk (Critical),12,22.7,9.9,27,45,1,49.7,1,1.0
CUST-112061,37.9,High Risk (Critical),13,33.1,21.4,18,26,1,27.2,0,3.0
CUST-112062,16.9,High Risk (Critical),12,24.9,9.9,20,4,1,36.3,1,2.0
CUST-112063,8.0,High Risk (Critical),12,16.7,18.4,1,45,3,32.4,1,2.0
CUST-112064,8.9,High Risk (Critical),7,10.8,18.1,81,41,1,45.1,0,1.0
CUST-112065,79.9,Low Risk (Healthy),28,78.5,76.1,4,35,1,7.9,0,4.0
CUST-112066,7.6,High Risk (Critical),12,15.4,4.0,54,8,2,57.5,1,2.0
CUST-112067,73.8,Low Risk (Healthy),29,63.4,101.7,81,37,1,6.9,0,3.5
CUST-112068,72.6,Low Risk (Healthy),20,90.9,91.5,6954,40,1,10.9,0,4.0
CUST-112069,52.3,Medium Risk (Warning),15,55.4,80.6,4271,4,1,10.4,0,3.5
CUST-112070,12.5,High Risk (Critical),14,34.9,17.9,40,34,2,37.1,1,1.0
CUST-112071,7.8,High Risk (Critical),1,29.5,19.9,58,13,3,19.2,0,2.0
CUST-112072,79.7,Low Risk (Healthy),26,87.0,35.0,1400,21,1,8.6,0,4.0
CUST-112073,64.3,Medium Risk (Warning),24,60.0,106.2,82,35,1,21.4,0,3.5
CUST-112074,63.1,Medium Risk (Warning),21,52.1,68.7,3160,24,2,20.4,0,5.0
CUST-112075,24.1,High Risk (Critical),8,36.7,11.7,10,19,2,60.4,0,3.0
CUST-112076,5.0,High Risk (Critical),13,13.7,17.5,144,7,2,63.3,1,1.0
CUST-112077,18.0,High Risk (Critical),3,43.5,9.9,125,19,1,24.1,1,3.0
CUST-112078,69.6,Medium Risk (Warning),23,71.2,84.0,1176,10,1,19.7,0,4.0
CUST-112079,86.3,Low Risk (Healthy),29,88.7,75.7,149,33,0,0.0,0,3.5
CUST-112080,42.5,High Risk (Critical),10,27.2,5.0,13,44,0,0.0,0,3.5
CUST-112081,41.3,High Risk (Critical),11,18.8,10.6,15,31,0,0.0,0,3.5
CUST-112082,16.4,High Risk (Critical),10,33.5,9.2,96,3,3,45.2,1,3.0
CUST-112083,71.4,Low Risk (Healthy),26,52.3,91.2,24,8,0,0.0,0,3.5
CUST-112084,68.9,Medium Risk (Warning),18,79.6,99.3,25,41,0,0.0,0,3.5
CUST-112085,69.7,Medium Risk (Warning),19,69.4,33.1,38,25,1,19.6,0,5.0
CUST-112086,43.0,High Risk (Critical),10,28.9,18.2,96,38,0,0.0,0,3.5
CUST-112087,8.8,High Risk (Critical),3,28.2,16.8,115,11,2,29.2,1,3.0
CUST-112088,70.8,Low Risk (Healthy),23,63.9,47.7,3291,18,0,0.0,0,3.5
CUST-112089,7.3,High Risk (Critical),9,27.8,5.4,125,29,2,71.5,1,2.0
CUST-112090,30.1,High Risk (Critical),9,40.2,5.2,143,39,1,15.3,0,2.0
CUST-112091,65.3,Medium Risk (Warning),16,64.5,81.1,1946,24,1,11.3,0,5.0
CUST-112092,11.2,High Risk (Critical),14,38.4,15.2,114,42,3,70.9,1,1.0
CUST-112093,77.1,Low Risk (Healthy),29,58.2,46.3,3611,23,0,0.0,0,3.5
CUST-112094,28.5,High Risk (Critical),14,21.2,20.8,3,18,2,52.4,0,3.0
CUST-112095,21.1,High Risk (Critical),12,40.5,17.2,101,40,4,50.7,1,3.0
CUST-112096,75.5,Low Risk (Healthy),27,61.5,68.8,37,37,0,0.0,0,3.5
CUST-112097,30.6,High Risk (Critical),10,28.7,20.9,83,26,1,42.4,0,3.0
CUST-112098,16.6,High Risk (Critical),12,25.4,10.3,135,42,3,60.4,1,3.0
CUST-112099,17.5,High Risk (Critical),2,41.7,8.9,115,43,2,13.2,0,2.0
CUST-112100,29.2,High Risk (Critical),13,29.2,21.7,118,36,3,22.8,0,3.0
CUST-112101,84.5,Low Risk (Healthy),27,91.5,76.2,55,19,0,0.0,0,3.5
CUST-112102,78.1,Low Risk (Healthy),27,70.2,106.7,116,22,0,0.0,0,3.5
CUST-112103,5.0,High Risk (Critical),6,29.1,9.5,82,17,3,20.9,1,1.0
CUST-112104,82.8,Low Risk (Healthy),27,94.1,77.2,133,21,1,11.1,0,4.0
CUST-112105,82.4,Low Risk (Healthy),25,93.6,39.3,2475,40,0,0.0,0,3.5
CUST-112106,9.7,High Risk (Critical),14,11.7,16.3,109,22,3,19.5,1,2.0
CUST-112107,80.7,Low Risk (Healthy),27,79.1,25.9,259,27,0,0.0,0,3.5
CUST-112108,10.5,High Risk (Critical),7,27.2,7.3,139,34,1,40.3,1,2.0
CUST-112109,46.8,Medium Risk (Warning),13,28.2,14.5,96,18,0,0.0,0,3.5
CUST-112110,82.5,Low Risk (Healthy),29,76.2,66.1,4957,22,0,0.0,0,3.5
CUST-112111,19.5,High Risk (Critical),13,42.4,6.9,104,44,1,20.4,1,1.0
CUST-112112,14.5,High Risk (Critical),12,13.6,13.7,79,44,2,28.9,0,1.0
CUST-112113,5.0,High Risk (Critical),1,27.0,14.3,20,20,3,56.3,1,2.0
CUST-112114,73.7,Low Risk (Healthy),22,77.9,60.3,2592,8,0,0.0,0,3.5
CUST-112115,36.2,High Risk (Critical),8,15.0,6.9,70,24,0,0.0,0,3.5
CUST-112116,82.2,Low Risk (Healthy),26,76.8,36.1,123,29,1,12.1,0,5.0
CUST-112117,86.2,Low Risk (Healthy),27,90.5,95.8,1724,7,1,23.6,0,5.0
CUST-112118,5.0,High Risk (Critical),7,12.2,18.2,28,39,1,66.9,1,2.0
CUST-112119,5.0,High Risk (Critical),5,12.2,18.5,119,21,2,34.6,1,2.0
CUST-112120,42.4,High Risk (Critical),6,44.7,13.7,149,16,0,0.0,0,3.5
CUST-112121,46.5,Medium Risk (Warning),13,27.3,9.8,114,12,0,0.0,0,3.5
CUST-112122,14.2,High Risk (Critical),14,28.5,11.1,70,30,1,40.5,1,1.0
CUST-112123,29.2,High Risk (Critical),13,24.5,4.7,18,29,1,27.7,0,2.0
CUST-112124,68.1,Medium Risk (Warning),21,70.4,69.1,16,15,1,8.1,0,4.0
CUST-112125,63.7,Medium Risk (Warning),15,75.8,31.1,1461,45,0,0.0,0,3.5
CUST-112126,59.6,Medium Risk (Warning),15,62.0,50.6,2985,26,0,0.0,0,3.5
CUST-112127,78.0,Low Risk (Healthy),26,64.2,45.4,104,3,1,15.2,0,5.0
CUST-112128,5.0,High Risk (Critical),3,12.6,16.7,86,42,3,55.8,1,3.0
CUST-112129,17.4,High Risk (Critical),10,12.8,8.9,43,10,3,46.4,0,3.0
CUST-112130,75.0,Low Risk (Healthy),24,73.2,38.3,880,12,0,0.0,0,3.5
CUST-112131,5.0,High Risk (Critical),1,38.5,12.8,135,30,2,20.6,1,2.0
CUST-112132,21.9,High Risk (Critical),8,40.2,15.3,141,15,1,38.8,1,3.0
CUST-112133,25.3,High Risk (Critical),13,23.9,10.9,29,23,3,41.4,0,3.0
CUST-112134,78.2,Low Risk (Healthy),23,72.9,59.0,3540,36,1,2.6,0,5.0
CUST-112135,20.9,High Risk (Critical),8,17.5,16.2,134,33,2,39.9,0,3.0
CUST-112136,70.1,Low Risk (Healthy),29,69.3,105.5,4114,22,2,18.9,0,3.5
CUST-112137,5.0,High Risk (Critical),7,31.9,4.6,59,23,2,70.6,1,1.0
CUST-112138,62.8,Medium Risk (Warning),18,59.4,83.8,4441,8,0,0.0,0,3.5
CUST-112139,52.8,Medium Risk (Warning),16,55.4,34.2,2530,12,1,17.0,0,3.5
CUST-112140,59.8,Medium Risk (Warning),22,68.1,83.1,3074,39,2,23.7,0,3.5
CUST-112141,71.3,Low Risk (Healthy),24,83.2,105.0,4515,41,2,13.5,0,4.0
CUST-112142,14.8,High Risk (Critical),8,29.3,12.0,110,24,2,68.9,0,2.0
CUST-112143,14.4,High Risk (Critical),12,37.2,13.9,23,27,5,38.3,0,2.0
CUST-112144,71.9,Low Risk (Healthy),25,58.5,107.2,62,12,0,0.0,0,3.5
CUST-112145,5.9,High Risk (Critical),11,14.0,11.1,35,38,3,44.4,1,2.0
CUST-112146,5.0,High Risk (Critical),3,17.9,17.2,32,11,3,14.8,1,3.0
CUST-112147,15.5,High Risk (Critical),11,21.9,17.0,51,9,1,30.0,1,2.0
CUST-112148,5.0,High Risk (Critical),7,14.3,11.1,50,2,2,70.8,0,1.0
CUST-112149,25.9,High Risk (Critical),14,25.9,15.4,149,42,2,36.2,0,2.0
CUST-112150,10.6,High Risk (Critical),10,34.3,5.5,8,21,4,57.0,1,2.0
CUST-112151,82.0,Low Risk (Healthy),25,92.1,102.0,3,11,0,0.0,0,3.5
CUST-112152,68.2,Medium Risk (Warning),15,90.6,89.1,139,33,0,0.0,0,3.5
CUST-112153,26.5,High Risk (Critical),12,14.6,20.3,35,10,2,31.3,0,3.0
CUST-112154,21.7,High Risk (Critical),12,40.5,13.0,61,6,1,67.3,0,1.0
CUST-112155,14.5,High Risk (Critical),9,31.7,11.2,32,2,4,19.3,1,3.0
CUST-112156,70.2,Low Risk (Healthy),29,57.3,104.8,5764,17,1,21.0,0,3.5
CUST-112157,12.8,High Risk (Critical),4,44.9,16.5,115,14,3,16.3,1,3.0
CUST-112158,64.5,Medium Risk (Warning),21,51.7,44.1,2954,14,0,0.0,0,3.5
CUST-112159,59.7,Medium Risk (Warning),16,57.9,30.9,39,11,0,0.0,0,3.5
CUST-112160,5.0,High Risk (Critical),2,27.3,8.9,136,13,1,30.9,1,2.0
CUST-112161,14.7,High Risk (Critical),11,41.5,10.3,97,27,4,67.0,0,2.0
CUST-112162,5.0,High Risk (Critical),2,18.9,18.7,4,5,3,39.1,1,3.0
CUST-112163,36.9,High Risk (Critical),3,39.7,14.7,150,15,0,0.0,0,3.5
CUST-112164,76.5,Low Risk (Healthy),28,60.7,32.4,1296,36,0,0.0,0,3.5
CUST-112165,69.1,Medium Risk (Warning),22,62.7,89.4,2682,27,0,0.0,0,3.5
CUST-112166,25.2,High Risk (Critical),14,25.9,11.6,90,38,1,42.1,1,3.0
CUST-112167,71.2,Low Risk (Healthy),20,78.3,88.4,45,2,0,0.0,0,3.5
CUST-112168,5.0,High Risk (Critical),8,20.2,8.0,27,1,3,20.0,1,1.0
CUST-112169,76.0,Low Risk (Healthy),26,58.1,34.6,72,32,1,16.6,0,5.0
CUST-112170,5.0,High Risk (Critical),5,15.9,15.0,54,35,1,54.1,1,2.0
CUST-112171,57.0,Medium Risk (Warning),19,86.9,51.1,1073,17,4,18.9,0,4.0
CUST-112172,76.1,Low Risk (Healthy),21,89.8,68.8,4472,13,2,6.9,0,5.0
CUST-112173,81.2,Low Risk (Healthy),27,80.5,68.5,2466,41,0,0.0,0,3.5
CUST-112174,31.6,High Risk (Critical),14,29.8,17.2,71,6,3,15.8,0,3.0
CUST-112175,16.1,High Risk (Critical),1,43.4,9.0,142,31,1,18.0,1,3.0
CUST-112176,15.5,High Risk (Critical),13,22.2,5.9,104,17,2,52.2,0,1.0
CUST-112177,17.0,High Risk (Critical),2,39.8,6.3,24,35,2,13.2,0,2.0
CUST-112178,73.2,Low Risk (Healthy),22,76.2,41.9,1215,12,0,0.0,0,3.5
CUST-112179,33.3,High Risk (Critical),14,21.4,20.6,121,6,1,46.4,0,3.0
CUST-112180,41.1,High Risk (Critical),6,40.5,13.5,136,38,0,0.0,0,3.5
CUST-112181,22.2,High Risk (Critical),6,17.9,4.5,19,31,1,41.0,0,3.0
CUST-112182,12.3,High Risk (Critical),11,28.8,4.8,73,30,2,40.1,1,2.0
CUST-112183,71.3,Low Risk (Healthy),21,74.4,81.6,979,44,0,0.0,0,3.5
CUST-112184,7.2,High Risk (Critical),8,11.9,12.3,7,23,2,56.1,1,3.0
CUST-112185,26.7,High Risk (Critical),12,44.3,12.9,12,41,1,53.0,1,3.0
CUST-112186,79.5,Low Risk (Healthy),26,79.3,71.5,76,28,0,0.0,0,3.5
CUST-112187,40.3,High Risk (Critical),11,15.6,6.4,144,4,0,0.0,0,3.5
CUST-112188,39.1,High Risk (Critical),9,20.2,6.4,32,10,0,0.0,0,3.5
CUST-112189,81.4,Low Risk (Healthy),29,72.4,33.3,78,2,0,0.0,0,3.5
CUST-112190,18.3,High Risk (Critical),13,26.4,6.5,78,20,3,31.8,1,3.0
CUST-112191,32.0,High Risk (Critical),1,32.1,8.3,6,30,0,0.0,0,3.5
CUST-112192,28.5,High Risk (Critical),11,41.4,5.0,53,25,1,52.8,0,2.0
CUST-112193,69.8,Medium Risk (Warning),22,90.3,76.9,50,40,2,21.2,0,4.0
CUST-112194,28.3,High Risk (Critical),13,34.7,14.7,9,14,3,43.4,0,3.0
CUST-112195,5.9,High Risk (Critical),8,27.4,7.0,122,23,2,58.4,1,2.0
CUST-112196,59.1,Medium Risk (Warning),19,76.1,90.2,20,10,2,16.3,0,3.5
CUST-112197,23.0,High Risk (Critical),1,34.3,17.1,119,25,1,20.6,0,3.0
CUST-112198,80.1,Low Risk (Healthy),28,72.7,60.1,3425,1,0,0.0,0,3.5
CUST-112199,77.1,Low Risk (Healthy),25,84.4,83.2,63,3,1,12.2,0,4.0
CUST-112200,64.4,Medium Risk (Warning),23,74.1,85.8,2,12,3,3.6,0,4.0
CUST-112201,5.0,High Risk (Critical),10,18.2,20.9,101,20,4,50.8,0,1.0
CUST-112202,20.9,High Risk (Critical),4,25.5,17.4,149,45,2,16.9,0,3.0
CUST-112203,5.0,High Risk (Critical),6,10.7,21.6,150,19,1,35.3,1,2.0
CUST-112204,29.3,High Risk (Critical),2,18.7,14.7,136,32,0,0.0,0,3.5
CUST-112205,17.4,High Risk (Critical),11,39.5,9.4,0,32,2,25.1,1,2.0
CUST-112206,41.7,High Risk (Critical),8,33.4,6.6,114,40,0,0.0,0,3.5
CUST-112207,89.3,Low Risk (Healthy),28,94.6,31.0,40,6,1,19.3,0,5.0
CUST-112208,21.0,High Risk (Critical),10,30.7,19.5,12,10,1,28.2,0,1.0
CUST-112209,8.2,High Risk (Critical),7,16.4,15.7,66,0,2,32.6,0,1.0
CUST-112210,17.6,High Risk (Critical),10,37.5,6.7,16,22,4,23.5,0,2.0
CUST-112211,22.5,High Risk (Critical),7,42.3,18.9,128,8,1,28.0,1,3.0
CUST-112212,40.1,High Risk (Critical),12,10.2,17.4,41,14,0,0.0,0,3.5
CUST-112213,36.6,High Risk (Critical),5,29.7,21.4,110,38,0,0.0,0,3.5
CUST-112214,64.0,Medium Risk (Warning),25,52.4,75.0,125,37,1,16.2,0,3.5
CUST-112215,70.6,Low Risk (Healthy),23,63.0,89.5,3132,41,0,0.0,0,3.5
CUST-112216,32.9,High Risk (Critical),4,22.0,20.8,22,5,0,0.0,0,3.5
CUST-112217,57.8,Medium Risk (Warning),19,57.3,28.4,539,26,1,13.4,0,3.5
CUST-112218,66.4,Medium Risk (Warning),16,80.2,103.3,4235,22,0,0.0,0,3.5
CUST-112219,41.6,High Risk (Critical),13,10.9,18.1,19,24,0,0.0,0,3.5
CUST-112220,66.5,Medium Risk (Warning),26,60.0,72.3,142,7,2,17.7,0,4.0
CUST-112221,76.8,Low Risk (Healthy),22,88.2,108.7,8696,11,0,0.0,0,3.5
CUST-112222,67.9,Medium Risk (Warning),15,89.7,77.1,2621,27,0,0.0,0,3.5
CUST-112223,41.6,High Risk (Critical),6,42.1,18.0,147,5,0,0.0,0,3.5
CUST-112224,5.1,High Risk (Critical),9,40.2,8.3,11,12,3,71.3,1,1.0
CUST-112225,79.2,Low Risk (Healthy),25,83.0,43.5,149,26,0,0.0,0,3.5
CUST-112226,17.1,High Risk (Critical),5,13.7,5.8,142,19,2,29.8,0,3.0
CUST-112227,58.8,Medium Risk (Warning),21,68.4,84.7,1270,23,3,14.1,0,4.0
CUST-112228,5.0,High Risk (Critical),9,25.7,7.3,37,20,4,44.5,0,1.0
CUST-112229,65.3,Medium Risk (Warning),21,54.3,59.2,138,36,0,0.0,0,3.5
CUST-112230,6.4,High Risk (Critical),3,18.4,20.6,59,19,2,56.9,0,2.0
CUST-112231,12.2,High Risk (Critical),10,37.6,18.5,54,0,3,51.7,0,1.0
CUST-112232,5.0,High Risk (Critical),2,20.2,13.6,77,36,2,37.6,1,3.0
CUST-112233,77.1,Low Risk (Healthy),26,71.4,54.3,3420,23,0,0.0,0,3.5
CUST-112234,5.0,High Risk (Critical),2,34.2,20.4,67,16,2,59.8,0,1.0
CUST-112235,34.4,High Risk (Critical),13,37.4,8.3,71,31,2,33.3,0,3.0
CUST-112236,10.6,High Risk (Critical),13,17.2,9.1,34,39,2,47.2,1,2.0
CUST-112237,27.4,High Risk (Critical),9,43.6,6.5,52,42,1,13.1,1,3.0
CUST-112238,7.6,High Risk (Critical),12,35.4,20.7,2,16,4,23.8,1,1.0
CUST-112239,5.0,High Risk (Critical),6,10.3,7.4,67,16,1,51.3,1,2.0
CUST-112240,63.8,Medium Risk (Warning),19,62.4,62.3,37,6,2,17.9,0,5.0
CUST-112241,67.7,Medium Risk (Warning),21,62.3,65.7,139,12,0,0.0,0,3.5
CUST-112242,10.6,High Risk (Critical),11,42.8,16.5,76,6,2,39.5,1,1.0
CUST-112243,64.6,Medium Risk (Warning),23,54.1,49.4,3161,44,1,18.3,0,4.0
CUST-112244,27.6,High Risk (Critical),5,44.3,19.3,114,16,2,18.9,0,3.0
CUST-112245,5.5,High Risk (Critical),1,16.4,7.3,45,31,2,38.2,0,2.0
CUST-112246,38.8,High Risk (Critical),5,37.2,5.4,127,16,0,0.0,0,3.5
CUST-112247,67.3,Medium Risk (Warning),17,78.8,52.9,6,28,0,0.0,0,3.5
CUST-112248,73.2,Low Risk (Healthy),28,64.5,77.6,85,29,1,4.0,0,3.5
CUST-112249,29.4,High Risk (Critical),14,18.2,17.3,34,38,1,69.9,0,3.0
CUST-112250,18.7,High Risk (Critical),4,40.4,18.3,0,26,2,70.4,0,3.0
CUST-112251,15.4,High Risk (Critical),7,14.6,11.4,90,42,1,50.9,0,2.0
CUST-112252,82.3,Low Risk (Healthy),25,93.2,102.0,1326,27,0,0.0,0,3.5
CUST-112253,60.4,Medium Risk (Warning),29,51.0,75.8,833,8,3,20.5,0,3.5
CUST-112254,56.1,Medium Risk (Warning),15,50.2,51.3,56,3,0,0.0,0,3.5
CUST-112255,5.0,High Risk (Critical),8,15.9,18.7,75,38,4,22.7,0,1.0
CUST-112256,24.5,High Risk (Critical),4,36.8,17.9,65,8,1,46.8,0,3.0
CUST-112257,70.7,Low Risk (Healthy),18,85.6,85.0,3995,40,0,0.0,0,3.5
CUST-112258,64.9,Medium Risk (Warning),20,57.6,76.1,89,43,0,0.0,0,3.5
CUST-112259,8.4,High Risk (Critical),7,26.3,18.6,41,25,3,22.3,0,1.0
CUST-112260,34.7,High Risk (Critical),1,41.2,18.8,136,3,0,0.0,0,3.5
CUST-112261,15.5,High Risk (Critical),2,37.1,15.5,88,41,2,18.1,0,2.0
CUST-112262,74.3,Low Risk (Healthy),28,52.5,72.3,26,2,2,5.9,0,5.0
CUST-112263,6.6,High Risk (Critical),3,24.2,21.7,140,13,2,21.0,0,1.0
CUST-112264,67.2,Medium Risk (Warning),18,73.9,56.8,4260,1,0,0.0,0,3.5
CUST-112265,8.4,High Risk (Critical),1,20.3,19.4,91,3,1,24.5,1,3.0
CUST-112266,47.6,Medium Risk (Warning),12,35.4,10.1,77,26,0,0.0,0,3.5
CUST-112267,21.6,High Risk (Critical),11,43.7,17.7,80,43,1,65.2,0,1.0
CUST-112268,12.3,High Risk (Critical),6,21.2,5.8,6,45,2,16.1,1,3.0
CUST-112269,68.8,Medium Risk (Warning),17,74.3,54.1,143,19,1,17.5,0,5.0
CUST-112270,76.3,Low Risk (Healthy),23,82.2,78.2,60,32,0,0.0,0,3.5
CUST-112271,64.2,Medium Risk (Warning),15,93.6,85.0,4080,24,1,6.9,0,3.5
CUST-112272,62.3,Medium Risk (Warning),16,58.4,35.7,785,22,1,20.2,0,5.0
CUST-112273,15.4,High Risk (Critical),7,13.3,15.9,106,44,2,15.0,0,2.0
CUST-112274,9.4,High Risk (Critical),7,23.7,14.2,74,38,4,53.6,1,3.0
CUST-112275,12.7,High Risk (Critical),6,41.7,12.8,110,32,4,30.4,0,2.0
CUST-112276,5.0,High Risk (Critical),6,12.1,10.4,17,1,1,53.9,1,1.0
CUST-112277,5.0,High Risk (Critical),8,33.3,14.5,23,45,4,67.1,0,1.0
CUST-112278,77.2,Low Risk (Healthy),25,76.3,57.8,121,25,0,0.0,0,3.5
CUST-112279,60.7,Medium Risk (Warning),15,65.7,86.8,18,38,0,0.0,0,3.5
CUST-112280,5.0,High Risk (Critical),3,40.6,11.6,90,36,3,58.3,1,2.0
CUST-112281,77.4,Low Risk (Healthy),28,86.3,104.7,131,31,2,14.8,0,4.0
CUST-112282,5.0,High Risk (Critical),2,14.0,21.2,14,34,3,58.4,0,2.0
CUST-112283,62.6,Medium Risk (Warning),21,69.4,96.2,2886,29,2,17.6,0,4.0
CUST-112284,69.6,Medium Risk (Warning),18,69.9,42.6,148,23,1,11.0,0,5.0
CUST-112285,29.3,High Risk (Critical),3,14.2,15.3,6,33,0,0.0,0,3.5
CUST-112286,20.4,High Risk (Critical),12,35.9,6.4,44,19,1,66.8,0,1.0
CUST-112287,22.4,High Risk (Critical),13,16.9,18.4,50,42,1,16.3,0,1.0
CUST-112288,54.3,Medium Risk (Warning),17,65.1,83.4,17,15,2,7.5,0,3.5
CUST-112289,5.0,High Risk (Critical),12,23.4,8.3,11,22,4,34.3,1,1.0
CUST-112290,9.9,High Risk (Critical),14,24.3,15.4,133,8,2,32.4,1,1.0
CUST-112291,16.1,High Risk (Critical),7,42.5,5.8,94,42,3,47.7,0,2.0
CUST-112292,76.4,Low Risk (Healthy),24,77.9,103.9,2805,28,0,0.0,0,3.5
CUST-112293,22.6,High Risk (Critical),9,42.6,8.1,51,28,2,17.6,1,3.0
CUST-112294,12.8,High Risk (Critical),11,15.3,20.0,129,17,2,35.7,0,1.0
CUST-112295,23.5,High Risk (Critical),14,26.3,12.5,21,25,2,24.3,1,3.0
CUST-112296,40.0,High Risk (Critical),12,10.1,12.2,126,10,0,0.0,0,3.5
CUST-112297,33.5,High Risk (Critical),6,14.9,7.1,104,25,0,0.0,0,3.5
CUST-112298,19.6,High Risk (Critical),10,44.1,14.5,22,17,4,54.8,1,3.0
CUST-112299,9.7,High Risk (Critical),2,39.7,6.6,61,16,1,22.8,1,2.0
CUST-112300,11.4,High Risk (Critical),3,27.4,21.5,29,9,1,38.8,1,3.0
CUST-112301,71.5,Low Risk (Healthy),18,88.4,89.8,130,41,0,0.0,0,3.5
CUST-112302,46.7,Medium Risk (Warning),10,41.3,7.5,11,37,0,0.0,0,3.5
CUST-112303,5.0,High Risk (Critical),2,41.2,12.6,137,28,2,67.8,0,1.0
CUST-112304,86.6,Low Risk (Healthy),26,88.6,49.5,2277,44,1,5.3,0,5.0
CUST-112305,85.8,Low Risk (Healthy),29,79.9,64.9,1168,40,1,23.0,0,5.0
CUST-112306,19.1,High Risk (Critical),9,43.6,9.6,90,1,4,16.1,0,2.0
CUST-112307,25.2,High Risk (Critical),8,42.0,6.7,65,39,1,48.6,0,2.0
CUST-112308,76.7,Low Risk (Healthy),26,70.2,88.9,21,21,0,0.0,0,3.5
CUST-112309,23.3,High Risk (Critical),5,15.8,12.3,30,17,1,16.6,0,3.0
CUST-112310,78.5,Low Risk (Healthy),29,55.4,98.7,136,0,1,21.9,0,5.0
CUST-112311,23.2,High Risk (Critical),13,27.6,16.7,108,16,4,35.0,0,3.0
CUST-112312,16.3,High Risk (Critical),7,40.8,7.2,33,9,2,26.3,0,1.0
CUST-112313,70.9,Low Risk (Healthy),21,87.1,89.5,11,37,3,9.6,0,5.0
CUST-112314,39.4,High Risk (Critical),11,12.4,10.5,27,11,0,0.0,0,3.5
CUST-112315,36.7,High Risk (Critical),2,43.4,5.0,126,17,0,0.0,0,3.5
CUST-112316,49.5,Medium Risk (Warning),14,32.8,12.9,50,40,0,0.0,0,3.5
CUST-112317,61.2,Medium Risk (Warning),15,60.1,69.1,15,4,1,23.0,0,5.0
CUST-112318,74.2,Low Risk (Healthy),21,84.0,87.7,3420,10,0,0.0,0,3.5
CUST-112319,72.9,Low Risk (Healthy),25,62.0,90.5,146,27,0,0.0,0,3.5
CUST-112320,15.2,High Risk (Critical),12,40.8,8.4,83,25,4,24.9,1,2.0
CUST-112321,63.7,Medium Risk (Warning),20,53.3,77.0,2156,5,0,0.0,0,3.5
CUST-112322,5.4,High Risk (Critical),13,22.4,5.3,49,35,3,21.1,1,1.0
CUST-112323,7.1,High Risk (Critical),8,31.8,21.0,61,10,3,57.2,0,1.0
CUST-112324,5.0,High Risk (Critical),8,29.4,9.8,150,30,1,70.0,1,1.0
CUST-112325,11.2,High Risk (Critical),7,19.0,5.5,15,7,2,62.7,0,2.0
CUST-112326,64.0,Medium Risk (Warning),18,63.3,101.6,4775,21,0,0.0,0,3.5
CUST-112327,29.2,High Risk (Critical),1,22.8,20.0,84,31,0,0.0,0,3.5
CUST-112328,8.2,High Risk (Critical),3,42.3,21.7,17,41,3,67.7,0,2.0
CUST-112329,64.2,Medium Risk (Warning),15,77.5,51.9,26,7,0,0.0,0,3.5
CUST-112330,67.8,Medium Risk (Warning),22,66.9,93.2,7176,37,1,12.7,0,4.0
CUST-112331,64.3,Medium Risk (Warning),17,68.8,102.6,108,19,0,0.0,0,3.5
CUST-112332,5.0,High Risk (Critical),5,21.0,8.6,86,41,1,52.4,1,1.0
CUST-112333,73.5,Low Risk (Healthy),22,77.1,84.5,3042,11,0,0.0,0,3.5
CUST-112334,15.9,High Risk (Critical),14,14.0,12.8,111,8,3,26.2,1,3.0
CUST-112335,59.3,Medium Risk (Warning),15,68.1,108.0,2052,34,1,9.0,0,4.0
CUST-112336,17.6,High Risk (Critical),13,24.1,21.5,30,1,3,57.3,1,3.0
CUST-112337,21.4,High Risk (Critical),13,34.6,16.8,148,42,1,66.5,0,1.0
CUST-112338,68.0,Medium Risk (Warning),23,54.4,86.3,73,0,0,0.0,0,3.5
CUST-112339,61.0,Medium Risk (Warning),17,57.7,78.8,97,41,0,0.0,0,3.5
CUST-112340,36.0,High Risk (Critical),11,42.5,4.2,147,14,1,43.2,0,3.0
CUST-112341,81.3,Low Risk (Healthy),27,80.9,60.4,7,9,0,0.0,0,3.5
CUST-112342,81.2,Low Risk (Healthy),27,80.6,64.7,70,28,0,0.0,0,3.5
CUST-112343,84.8,Low Risk (Healthy),27,78.6,59.9,3953,18,1,6.4,0,5.0
CUST-112344,20.2,High Risk (Critical),10,19.7,16.8,20,16,1,56.4,0,2.0
CUST-112345,18.5,High Risk (Critical),5,34.0,18.8,33,16,1,51.3,0,2.0
CUST-112346,18.9,High Risk (Critical),10,34.1,7.4,88,15,1,69.3,1,3.0
CUST-112347,5.3,High Risk (Critical),5,38.8,12.2,2,27,2,55.8,1,2.0
CUST-112348,26.9,High Risk (Critical),14,10.2,7.4,105,35,2,38.9,0,3.0
CUST-112349,62.5,Medium Risk (Warning),15,62.6,67.6,67,33,1,18.6,0,5.0
CUST-112350,5.0,High Risk (Critical),6,23.0,6.8,74,34,5,63.7,1,1.0
CUST-112351,30.1,High Risk (Critical),6,38.3,4.8,13,3,1,26.8,0,3.0
CUST-112352,30.4,High Risk (Critical),9,36.2,12.9,24,29,2,19.3,0,3.0
CUST-112353,18.8,High Risk (Critical),12,34.1,17.7,4,43,3,59.6,0,2.0
CUST-112354,26.2,High Risk (Critical),1,12.9,10.0,68,22,0,0.0,0,3.5
CUST-112355,66.7,Medium Risk (Warning),19,77.1,88.9,119,20,1,14.0,0,4.0
CUST-112356,33.5,High Risk (Critical),3,28.3,21.9,36,17,0,0.0,0,3.5
CUST-112357,5.9,High Risk (Critical),3,33.5,21.8,129,4,3,16.9,0,1.0
CUST-112358,18.8,High Risk (Critical),9,19.2,11.5,105,2,2,71.6,0,3.0
CUST-112359,17.6,High Risk (Critical),9,41.2,11.6,102,43,2,54.4,1,3.0
CUST-112360,81.3,Low Risk (Healthy),29,76.9,26.4,1082,1,1,3.4,0,4.0
CUST-112361,41.0,High Risk (Critical),6,40.1,20.8,2,11,0,0.0,0,3.5
CUST-112362,19.5,High Risk (Critical),13,18.1,6.3,133,38,4,41.8,0,3.0
CUST-112363,12.9,High Risk (Critical),8,32.8,18.8,108,18,3,60.8,0,2.0
CUST-112364,79.6,Low Risk (Healthy),27,75.3,89.3,5268,4,0,0.0,0,3.5
CUST-112365,14.1,High Risk (Critical),13,12.7,13.7,39,32,3,64.0,1,3.0
CUST-112366,60.6,Medium Risk (Warning),19,80.9,51.6,2425,25,3,8.3,0,4.0
CUST-112367,5.0,High Risk (Critical),11,11.0,20.6,112,30,4,56.0,1,1.0
CUST-112368,29.3,High Risk (Critical),12,21.5,9.5,38,13,1,57.1,0,3.0
CUST-112369,73.7,Low Risk (Healthy),22,77.9,89.0,76,21,0,0.0,0,3.5
CUST-112370,71.2,Low Risk (Healthy),22,69.5,38.6,52,4,0,0.0,0,3.5
CUST-112371,61.4,Medium Risk (Warning),18,86.1,94.2,24,9,3,3.6,0,4.0
CUST-112372,17.6,High Risk (Critical),14,39.8,14.8,82,32,5,61.2,1,2.0
CUST-112373,34.5,High Risk (Critical),3,31.7,14.8,20,17,0,0.0,0,3.5
CUST-112374,6.0,High Risk (Critical),6,15.5,14.4,123,17,1,37.5,1,2.0
CUST-112375,31.6,High Risk (Critical),3,22.1,19.5,46,30,0,0.0,0,3.5
CUST-112376,79.6,Low Risk (Healthy),24,88.7,69.5,143,28,0,0.0,0,3.5
CUST-112377,13.7,High Risk (Critical),8,33.3,5.3,78,40,3,25.6,1,3.0
CUST-112378,7.4,High Risk (Critical),14,16.1,15.2,17,30,1,64.8,1,1.0
CUST-112379,74.2,Low Risk (Healthy),17,90.3,49.9,3143,32,1,12.3,0,5.0
CUST-112380,5.0,High Risk (Critical),4,34.4,17.6,38,30,3,27.2,1,1.0
CUST-112381,81.8,Low Risk (Healthy),27,71.1,88.2,119,15,1,12.6,0,5.0
CUST-112382,11.0,High Risk (Critical),5,10.9,17.8,150,14,1,23.3,1,3.0
CUST-112383,12.6,High Risk (Critical),13,27.1,13.2,27,17,2,54.7,1,2.0
CUST-112384,65.7,Medium Risk (Warning),17,73.4,32.9,1875,35,0,0.0,0,3.5
CUST-112385,76.1,Low Risk (Healthy),26,83.6,98.6,7789,36,1,5.3,0,3.5
CUST-112386,24.7,High Risk (Critical),12,34.2,21.3,76,14,1,28.8,0,1.0
CUST-112387,9.4,High Risk (Critical),8,37.9,13.1,112,38,2,52.7,1,2.0
CUST-112388,67.1,Medium Risk (Warning),16,82.4,78.2,150,16,0,0.0,0,3.5
CUST-112389,48.9,Medium Risk (Warning),11,44.0,14.1,14,24,0,0.0,0,3.5
CUST-112390,66.1,Medium Risk (Warning),17,74.9,49.6,1884,42,0,0.0,0,3.5
CUST-112391,5.0,High Risk (Critical),8,11.1,5.4,111,11,3,68.4,0,1.0
CUST-112392,51.9,Medium Risk (Warning),14,40.9,10.2,63,45,0,0.0,0,3.5
CUST-112393,65.4,Medium Risk (Warning),26,55.3,55.5,2664,24,2,15.2,0,4.0
CUST-112394,43.1,High Risk (Critical),9,33.7,11.4,73,5,0,0.0,0,3.5
CUST-112395,7.2,High Risk (Critical),3,32.1,14.8,121,11,4,67.2,0,3.0
CUST-112396,69.9,Medium Risk (Warning),23,60.7,98.5,139,40,0,0.0,0,3.5
CUST-112397,44.3,High Risk (Critical),11,28.8,7.4,3,30,0,0.0,0,3.5
CUST-112398,7.2,High Risk (Critical),4,19.6,6.0,23,22,1,48.1,0,1.0
CUST-112399,5.0,High Risk (Critical),6,11.5,15.3,120,33,1,46.5,1,1.0
CUST-112400,5.0,High Risk (Critical),5,12.4,19.5,79,2,3,42.8,0,2.0
CUST-112401,28.5,High Risk (Critical),4,40.5,17.5,1,24,1,24.0,0,3.0
CUST-112402,70.4,Low Risk (Healthy),22,66.8,59.2,66,28,0,0.0,0,3.5
CUST-112403,67.6,Medium Risk (Warning),15,75.9,69.2,1522,5,1,9.6,0,5.0
CUST-112404,19.2,High Risk (Critical),11,24.3,8.3,95,29,1,38.3,0,1.0
CUST-112405,15.4,High Risk (Critical),5,18.7,12.5,56,2,1,39.1,0,2.0
CUST-112406,72.8,Low Risk (Healthy),19,88.1,88.9,1155,23,0,0.0,0,3.5
CUST-112407,13.8,High Risk (Critical),10,15.4,18.2,131,4,4,49.1,0,3.0
CUST-112408,24.9,High Risk (Critical),12,35.0,17.3,1,31,1,44.5,1,3.0
CUST-112409,75.3,Low Risk (Healthy),25,85.9,78.5,38,22,1,6.5,0,3.5
CUST-112410,26.1,High Risk (Critical),14,24.7,5.5,10,2,2,31.8,0,2.0
CUST-112411,10.3,High Risk (Critical),7,27.8,10.5,69,8,1,43.0,1,2.0
CUST-112412,31.8,High Risk (Critical),12,41.4,6.8,132,8,1,36.9,0,2.0
CUST-112413,70.0,Low Risk (Healthy),21,58.5,88.7,32,15,1,12.3,0,5.0
CUST-112414,60.9,Medium Risk (Warning),17,57.3,69.1,18,36,0,0.0,0,3.5
CUST-112415,13.0,High Risk (Critical),8,26.3,11.1,109,31,3,12.1,1,3.0
CUST-112416,82.0,Low Risk (Healthy),26,91.4,68.6,114,22,2,16.5,0,5.0
CUST-112417,10.6,High Risk (Critical),10,34.3,16.9,106,16,3,45.1,1,2.0
CUST-112418,23.0,High Risk (Critical),13,36.0,21.2,124,38,4,56.7,0,3.0
CUST-112419,56.9,Medium Risk (Warning),17,53.1,89.5,125,37,1,13.5,0,4.0
CUST-112420,10.0,High Risk (Critical),6,30.5,4.4,71,0,2,41.4,0,1.0
CUST-112421,75.7,Low Risk (Healthy),19,90.6,69.4,114,19,1,22.6,0,5.0
CUST-112422,69.6,Medium Risk (Warning),25,68.0,102.8,33,13,3,17.1,0,5.0
CUST-112423,72.8,Low Risk (Healthy),26,57.2,35.9,101,40,0,0.0,0,3.5
CUST-112424,12.6,High Risk (Critical),5,22.8,9.5,61,32,1,23.3,0,1.0
CUST-112425,64.5,Medium Risk (Warning),18,64.9,72.1,58,33,0,0.0,0,3.5
CUST-112426,20.9,High Risk (Critical),14,19.0,21.2,67,38,1,59.5,1,3.0
CUST-112427,80.6,Low Risk (Healthy),28,95.0,34.0,70,36,1,18.0,0,3.5
CUST-112428,72.0,Low Risk (Healthy),16,86.0,40.6,60,16,1,8.7,0,5.0
CUST-112429,6.1,High Risk (Critical),10,39.1,10.1,125,41,2,63.9,1,1.0
CUST-112430,5.0,High Risk (Critical),1,41.0,17.5,145,10,2,40.9,1,2.0
CUST-112431,78.8,Low Risk (Healthy),29,73.7,80.7,6375,39,1,15.7,0,4.0
CUST-112432,75.9,Low Risk (Healthy),27,67.2,70.3,88,17,1,2.4,0,4.0
CUST-112433,68.4,Medium Risk (Warning),22,60.2,88.7,45,43,0,0.0,0,3.5
CUST-112434,35.0,High Risk (Critical),3,33.3,13.5,71,12,0,0.0,0,3.5
CUST-112435,75.4,Low Risk (Healthy),22,83.6,99.5,82,40,0,0.0,0,3.5
CUST-112436,18.2,High Risk (Critical),10,34.7,20.6,26,9,2,28.0,0,1.0
CUST-112437,12.5,High Risk (Critical),10,16.3,4.3,146,0,2,30.1,0,1.0
CUST-112438,8.7,High Risk (Critical),9,13.2,19.0,25,13,1,41.9,1,2.0
CUST-112439,36.6,High Risk (Critical),7,21.0,6.3,70,3,0,0.0,0,3.5
CUST-112440,10.7,High Risk (Critical),8,22.8,10.0,118,33,1,38.6,1,2.0
CUST-112441,25.6,High Risk (Critical),9,44.1,11.5,94,11,2,29.4,0,2.0
CUST-112442,67.6,Medium Risk (Warning),19,71.0,95.4,132,9,0,0.0,0,3.5
CUST-112443,66.1,Medium Risk (Warning),16,79.3,67.9,4345,42,0,0.0,0,3.5
CUST-112444,5.0,High Risk (Critical),1,28.6,18.9,122,13,4,20.4,1,2.0
CUST-112445,17.8,High Risk (Critical),9,20.6,8.5,80,12,1,67.0,0,2.0
CUST-112446,5.0,High Risk (Critical),2,36.5,12.7,54,31,4,33.6,1,1.0
CUST-112447,18.6,High Risk (Critical),11,36.3,13.7,132,9,6,62.3,0,3.0
CUST-112448,11.7,High Risk (Critical),13,24.7,5.9,36,38,2,60.9,1,2.0
CUST-112449,9.4,High Risk (Critical),10,10.3,8.2,8,21,4,60.7,1,3.0
CUST-112450,64.6,Medium Risk (Warning),18,65.4,58.2,141,41,0,0.0,0,3.5
CUST-112451,5.0,High Risk (Critical),2,21.6,6.5,55,6,4,53.7,1,2.0
CUST-112452,6.0,High Risk (Critical),7,18.5,11.5,69,16,2,22.7,1,2.0
CUST-112453,11.3,High Risk (Critical),5,44.8,10.0,128,15,2,54.5,0,1.0
CUST-112454,56.1,Medium Risk (Warning),15,69.9,35.3,138,19,1,14.9,0,3.5
CUST-112455,10.3,High Risk (Critical),10,10.3,12.9,20,19,2,32.6,0,1.0
CUST-112456,16.0,High Risk (Critical),14,34.5,14.0,39,27,4,23.4,1,2.0
CUST-112457,44.3,High Risk (Critical),14,15.3,17.4,92,19,0,0.0,0,3.5
CUST-112458,15.7,High Risk (Critical),6,23.1,10.7,132,38,2,25.9,0,2.0
CUST-112459,31.5,High Risk (Critical),3,21.6,6.3,82,8,0,0.0,0,3.5
CUST-112460,22.4,High Risk (Critical),9,39.3,6.1,45,30,1,27.3,0,1.0
CUST-112461,5.0,High Risk (Critical),4,18.5,13.4,66,14,3,16.1,1,2.0
CUST-112462,70.6,Low Risk (Healthy),18,85.4,39.9,2633,20,0,0.0,0,3.5
CUST-112463,11.6,High Risk (Critical),11,17.6,4.9,37,30,1,51.0,1,2.0
CUST-112464,18.4,High Risk (Critical),7,44.5,5.8,42,8,2,34.0,1,3.0
CUST-112465,78.7,Low Risk (Healthy),29,63.5,79.6,1432,9,0,0.0,0,3.5
CUST-112466,69.8,Medium Risk (Warning),24,73.7,52.8,97,24,1,10.7,0,3.5
CUST-112467,68.5,Medium Risk (Warning),24,58.6,94.9,1423,22,1,8.4,0,4.0
CUST-112468,27.1,High Risk (Critical),9,30.1,10.1,68,17,1,15.6,0,2.0
CUST-112469,12.9,High Risk (Critical),2,11.5,14.6,149,42,2,25.5,0,3.0
CUST-112470,28.2,High Risk (Critical),3,10.7,16.4,129,41,0,0.0,0,3.5
CUST-112471,75.2,Low Risk (Healthy),26,79.5,101.1,87,8,3,10.8,0,5.0
CUST-112472,40.9,High Risk (Critical),6,39.6,5.6,130,31,0,0.0,0,3.5
CUST-112473,63.6,Medium Risk (Warning),18,62.1,100.0,3600,38,0,0.0,0,3.5
CUST-112474,30.8,High Risk (Critical),1,28.2,21.7,15,45,0,0.0,0,3.5
CUST-112475,14.5,High Risk (Critical),11,22.8,5.2,24,21,2,68.1,1,3.0
CUST-112476,70.8,Low Risk (Healthy),23,63.9,103.0,7519,21,0,0.0,0,3.5
CUST-112477,13.8,High Risk (Critical),8,36.3,8.0,2,20,3,62.4,0,2.0
CUST-112478,12.0,High Risk (Critical),9,31.9,9.1,64,42,2,28.8,1,2.0
CUST-112479,38.1,High Risk (Critical),3,43.6,7.1,49,28,0,0.0,0,3.5
CUST-112480,44.0,High Risk (Critical),13,19.0,6.1,124,13,0,0.0,0,3.5
CUST-112481,55.5,Medium Risk (Warning),17,51.0,79.7,4861,25,1,19.9,0,4.0
CUST-112482,13.7,High Risk (Critical),11,10.1,16.3,29,37,1,16.1,1,2.0
CUST-112483,21.0,High Risk (Critical),13,29.5,4.3,66,1,1,25.5,1,2.0
CUST-112484,22.4,High Risk (Critical),10,13.4,21.0,115,34,1,23.4,0,2.0
CUST-112485,77.6,Low Risk (Healthy),26,83.5,60.3,30,32,1,17.3,0,4.0
CUST-112486,74.2,Low Risk (Healthy),18,86.4,87.5,136,2,1,13.6,0,5.0
CUST-112487,63.4,Medium Risk (Warning),19,57.0,87.7,6402,6,0,0.0,0,3.5
CUST-112488,48.1,Medium Risk (Warning),15,71.1,47.2,3540,38,3,17.8,0,3.5
CUST-112489,73.7,Low Risk (Healthy),25,64.6,78.1,140,21,0,0.0,0,3.5
CUST-112490,10.0,High Risk (Critical),7,38.3,21.7,57,14,1,22.7,1,1.0
CUST-112491,11.9,High Risk (Critical),5,35.3,21.4,51,2,1,58.5,0,1.0
CUST-112492,30.7,High Risk (Critical),14,20.1,15.4,74,26,1,16.0,0,2.0
CUST-112493,12.2,High Risk (Critical),9,17.3,19.6,99,20,1,55.9,0,1.0
CUST-112494,10.0,High Risk (Critical),5,32.1,6.2,29,24,1,34.7,1,2.0
CUST-112495,8.3,High Risk (Critical),2,40.6,4.4,122,4,1,36.7,1,2.0
CUST-112496,65.8,Medium Risk (Warning),20,60.5,35.5,19,1,0,0.0,0,3.5
CUST-112497,90.5,Low Risk (Healthy),28,94.4,43.1,2068,2,1,9.1,0,5.0
CUST-112498,76.7,Low Risk (Healthy),21,92.2,103.1,97,6,0,0.0,0,3.5
CUST-112499,12.7,High Risk (Critical),1,43.4,17.7,31,39,3,13.3,0,2.0
