customer_id,total_tickets_logged,avg_resolution_time_hrs,escalated_tickets_count,latest_csat_score,primary_issue_category
CUST-100000,0,0.0,0,,None
CUST-100001,3,39.4,0,3,Technical Bug
CUST-100002,2,53.4,0,3,Billing Inquiry
CUST-100003,3,14.2,0,4,Technical Bug
CUST-100004,3,52.6,0,1,Feature Request
CUST-100005,2,37.0,1,2,Onboarding Help
CUST-100006,1,16.5,0,4,Billing Inquiry
CUST-100007,2,64.1,0,1,Billing Inquiry
CUST-100008,3,47.7,1,1,Feature Request
CUST-100009,1,9.1,0,5,Onboarding Help
CUST-100010,0,0.0,0,,None
CUST-100011,1,40.1,1,2,Onboarding Help
CUST-100012,1,23.7,0,2,Onboarding Help
CUST-100013,0,0.0,0,,None
CUST-100014,0,0.0,0,,None
CUST-100015,0,0.0,0,,None
CUST-100016,2,29.4,1,3,Onboarding Help
CUST-100017,1,38.3,0,3,Technical Bug
CUST-100018,2,13.6,0,,Onboarding Help
CUST-100019,2,53.5,0,3,Feature Request
CUST-100020,3,27.8,0,2,Onboarding Help
CUST-100021,0,0.0,0,,None
CUST-100022,4,18.2,0,2,Onboarding Help
CUST-100023,2,26.5,0,2,Billing Inquiry
CUST-100024,3,43.1,0,3,Onboarding Help
CUST-100025,3,54.9,0,3,Billing Inquiry
CUST-100026,1,13.0,0,3,Technical Bug
CUST-100027,1,13.2,0,5,Onboarding Help
CUST-100028,4,50.7,0,1,Feature Request
CUST-100029,2,29.2,1,1,Technical Bug
CUST-100030,1,16.9,0,,Feature Request
CUST-100031,3,41.5,0,2,Billing Inquiry
CUST-100032,3,66.9,1,2,Technical Bug
CUST-100033,0,0.0,0,,None
CUST-100034,0,0.0,0,,None
CUST-100035,3,25.2,0,1,Feature Request
CUST-100036,2,18.5,0,3,Technical Bug
CUST-100037,0,0.0,0,,None
CUST-100038,2,19.2,0,2,Feature Request
CUST-100039,1,20.1,0,,Billing Inquiry
CUST-100040,1,67.6,0,2,Feature Request
CUST-100041,0,0.0,0,,None
CUST-100042,0,0.0,0,,None
CUST-100043,2,8.4,0,4,Technical Bug
CUST-100044,1,2.6,0,,Feature Request
CUST-100045,0,0.0,0,,None
CUST-100046,1,21.4,0,4,Onboarding Help
CUST-100047,0,0.0,0,,None
CUST-100048,2,14.6,0,1,Onboarding Help
CUST-100049,2,54.1,1,2,Feature Request
CUST-100050,0,0.0,0,,None
CUST-100051,1,38.3,1,2,Onboarding Help
CUST-100052,1,45.8,1,1,Feature Request
CUST-100053,2,15.0,0,1,Feature Request
CUST-100054,1,9.8,0,,Onboarding Help
CUST-100055,0,0.0,0,,None
CUST-100056,4,34.3,1,2,Billing Inquiry
CUST-100057,3,13.3,0,5,Onboarding Help
CUST-100058,3,63.1,0,2,Feature Request
CUST-100059,1,14.2,0,5,Feature Request
CUST-100060,0,0.0,0,,None
CUST-100061,0,0.0,0,,None
CUST-100062,3,46.9,0,1,Feature Request
CUST-100063,0,0.0,0,,None
CUST-100064,1,19.9,0,5,Billing Inquiry
CUST-100065,4,12.8,1,2,Billing Inquiry
CUST-100066,2,65.5,0,1,Feature Request
CUST-100067,2,29.4,0,1,Billing Inquiry
CUST-100068,0,0.0,0,,None
CUST-100069,0,0.0,0,,None
CUST-100070,1,20.6,0,4,Billing Inquiry
CUST-100071,2,63.1,0,1,Onboarding Help
CUST-100072,2,32.2,1,2,Technical Bug
CUST-100073,2,68.6,0,2,Billing Inquiry
CUST-100074,2,23.7,0,3,Technical Bug
CUST-100075,1,17.8,0,3,Billing Inquiry
CUST-100076,1,7.3,0,4,Billing Inquiry
CUST-100077,1,15.2,0,5,Onboarding Help
CUST-100078,2,15.8,0,1,Feature Request
CUST-100079,2,17.9,1,2,Billing Inquiry
CUST-100080,0,0.0,0,,None
CUST-100081,1,7.8,0,,Feature Request
CUST-100082,1,6.7,0,,Technical Bug
CUST-100083,4,32.5,0,1,Feature Request
CUST-100084,0,0.0,0,,None
CUST-100085,0,0.0,0,,None
CUST-100086,1,18.6,0,5,Onboarding Help
CUST-100087,0,0.0,0,,None
CUST-100088,3,31.3,1,1,Technical Bug
CUST-100089,0,0.0,0,,None
CUST-100090,2,71.0,1,2,Billing Inquiry
CUST-100091,2,14.1,0,4,Feature Request
CUST-100092,2,16.8,0,5,Technical Bug
CUST-100093,0,0.0,0,,None
CUST-100094,0,0.0,0,,None
CUST-100095,2,36.0,0,3,Feature Request
CUST-100096,0,0.0,0,,None
CUST-100097,0,0.0,0,,None
CUST-100098,0,0.0,0,,None
CUST-100099,0,0.0,0,,None
CUST-100100,2,63.1,1,2,Feature Request
CUST-100101,1,14.8,1,3,Feature Request
CUST-100102,2,44.1,0,2,Feature Request
CUST-100103,3,2.9,0,,Feature Request
CUST-100104,4,27.1,0,3,Billing Inquiry
CUST-100105,1,9.6,0,5,Technical Bug
CUST-100106,0,0.0,0,,None
CUST-100107,3,55.8,0,1,Onboarding Help
CUST-100108,4,36.1,1,1,Billing Inquiry
CUST-100109,2,20.6,0,5,Onboarding Help
CUST-100110,0,0.0,0,,None
CUST-100111,1,21.5,0,5,Feature Request
CUST-100112,6,20.6,1,1,Technical Bug
CUST-100113,0,0.0,0,,None
CUST-100114,2,37.6,1,2,Feature Request
CUST-100115,1,31.0,0,3,Onboarding Help
CUST-100116,0,0.0,0,,None
CUST-100117,2,65.9,0,3,Feature Request
CUST-100118,1,20.6,0,5,Feature Request
CUST-100119,1,25.7,0,2,Technical Bug
CUST-100120,1,6.1,0,5,Billing Inquiry
CUST-100121,1,13.5,0,5,Billing Inquiry
CUST-100122,4,21.8,0,1,Technical Bug
CUST-100123,2,57.2,1,1,Technical Bug
CUST-100124,5,67.0,0,3,Onboarding Help
CUST-100125,3,23.4,0,5,Feature Request
CUST-100126,2,20.5,0,,Billing Inquiry
CUST-100127,2,59.8,0,2,Technical Bug
CUST-100128,0,0.0,0,,None
CUST-100129,3,16.4,0,4,Technical Bug
CUST-100130,1,23.6,0,4,Technical Bug
CUST-100131,1,23.7,0,4,Billing Inquiry
CUST-100132,5,10.5,0,5,Billing Inquiry
CUST-100133,0,0.0,0,,None
CUST-100134,1,45.1,1,3,Billing Inquiry
CUST-100135,2,43.5,0,3,Feature Request
CUST-100136,1,4.6,0,4,Technical Bug
CUST-100137,3,31.1,0,1,Feature Request
CUST-100138,2,60.7,1,1,Billing Inquiry
CUST-100139,2,56.4,0,1,Onboarding Help
CUST-100140,1,10.7,0,,Technical Bug
CUST-100141,4,65.3,0,2,Billing Inquiry
CUST-100142,2,15.2,0,4,Onboarding Help
CUST-100143,2,62.0,0,1,Technical Bug
CUST-100144,1,44.7,1,3,Billing Inquiry
CUST-100145,0,0.0,0,,None
CUST-100146,0,0.0,0,,None
CUST-100147,2,45.4,1,2,Feature Request
CUST-100148,3,71.2,1,2,Technical Bug
CUST-100149,0,0.0,0,,None
CUST-100150,3,9.8,0,4,Onboarding Help
CUST-100151,0,0.0,0,,None
CUST-100152,0,0.0,0,,None
CUST-100153,0,0.0,0,,None
CUST-100154,1,3.8,0,4,Onboarding Help
CUST-100155,5,16.5,1,1,Onboarding Help
CUST-100156,3,19.6,1,3,Billing Inquiry
CUST-100157,6,68.1,1,1,Onboarding Help
CUST-100158,2,66.5,1,2,Onboarding Help
CUST-100159,0,0.0,0,,None
CUST-100160,2,22.0,0,2,Technical Bug
CUST-100161,2,41.6,0,1,Billing Inquiry
CUST-100162,2,46.0,0,2,Onboarding Help
CUST-100163,3,23.0,1,1,Billing Inquiry
CUST-100164,2,67.1,1,2,Feature Request
CUST-100165,0,0.0,0,,None
CUST-100166,1,20.7,0,4,Technical Bug
CUST-100167,2,20.6,0,2,Onboarding Help
CUST-100168,2,43.2,1,3,Billing Inquiry
CUST-100169,0,0.0,0,,None
CUST-100170,2,7.0,0,5,Feature Request
CUST-100171,0,0.0,0,,None
CUST-100172,0,0.0,0,,None
CUST-100173,3,68.6,0,3,Technical Bug
CUST-100174,1,31.2,1,1,Feature Request
CUST-100175,0,0.0,0,,None
CUST-100176,5,39.6,0,1,Technical Bug
CUST-100177,0,0.0,0,,None
CUST-100178,1,6.9,0,5,Technical Bug
CUST-100179,0,0.0,0,,None
CUST-100180,2,41.3,0,2,Billing Inquiry
CUST-100181,1,15.3,1,1,Onboarding Help
CUST-100182,2,60.6,1,2,Feature Request
CUST-100183,0,0.0,0,,None
CUST-100184,1,32.8,1,3,Technical Bug
CUST-100185,3,36.6,0,3,Billing Inquiry
CUST-100186,0,0.0,0,,None
CUST-100187,1,20.4,0,4,Technical Bug
CUST-100188,4,69.6,1,2,Technical Bug
CUST-100189,0,0.0,0,,None
CUST-100190,2,12.2,1,2,Technical Bug
CUST-100191,2,41.7,0,2,Technical Bug
CUST-100192,0,0.0,0,,None
CUST-100193,0,0.0,0,,None
CUST-100194,2,3.4,0,4,Feature Request
CUST-100195,0,0.0,0,,None
CUST-100196,2,52.7,0,1,Technical Bug
CUST-100197,1,11.5,0,5,Billing Inquiry
CUST-100198,1,36.4,0,3,Technical Bug
CUST-100199,1,69.0,0,2,Onboarding Help
CUST-100200,0,0.0,0,,None
CUST-100201,2,6.1,0,,Billing Inquiry
CUST-100202,3,23.5,0,4,Billing Inquiry
CUST-100203,3,40.9,1,1,Technical Bug
CUST-100204,0,0.0,0,,None
CUST-100205,2,21.1,0,,Billing Inquiry
CUST-100206,1,13.2,0,4,Onboarding Help
CUST-100207,0,0.0,0,,None
CUST-100208,2,13.2,1,2,Billing Inquiry
CUST-100209,0,0.0,0,,None
CUST-100210,3,47.8,1,3,Technical Bug
CUST-100211,2,59.0,1,1,Technical Bug
CUST-100212,2,20.3,1,1,Feature Request
CUST-100213,0,0.0,0,,None
CUST-100214,3,52.9,0,1,Billing Inquiry
CUST-100215,1,55.9,0,1,Feature Request
CUST-100216,1,49.2,0,2,Technical Bug
CUST-100217,0,0.0,0,,None
CUST-100218,1,20.8,0,1,Technical Bug
CUST-100219,2,13.9,0,4,Billing Inquiry
CUST-100220,1,22.6,0,,Billing Inquiry
CUST-100221,2,25.8,0,1,Billing Inquiry
CUST-100222,0,0.0,0,,None
CUST-100223,2,2.7,0,4,Technical Bug
CUST-100224,5,12.0,0,3,Onboarding Help
CUST-100225,0,0.0,0,,None
CUST-100226,0,0.0,0,,None
CUST-100227,2,19.7,0,3,Technical Bug
CUST-100228,0,0.0,0,,None
CUST-100229,1,17.9,0,2,Billing Inquiry
CUST-100230,1,32.0,0,1,Technical Bug
CUST-100231,0,0.0,0,,None
CUST-100232,1,17.3,0,5,Billing Inquiry
CUST-100233,2,12.5,0,3,Billing Inquiry
CUST-100234,1,20.5,0,,Technical Bug
CUST-100235,2,11.1,0,4,Feature Request
CUST-100236,1,16.8,0,4,Technical Bug
CUST-100237,0,0.0,0,,None
CUST-100238,1,63.8,0,1,Technical Bug
CUST-100239,0,0.0,0,,None
CUST-100240,2,71.5,1,1,Onboarding Help
CUST-100241,3,43.8,1,3,Billing Inquiry
CUST-100242,1,67.9,1,2,Technical Bug
CUST-100243,0,0.0,0,,None
CUST-100244,0,0.0,0,,None
CUST-100245,1,30.7,0,3,Billing Inquiry
CUST-100246,1,69.1,0,2,Feature Request
CUST-100247,2,5.2,0,4,Feature Request
CUST-100248,3,50.3,1,3,Feature Request
CUST-100249,0,0.0,0,,None
CUST-100250,1,23.5,0,3,Technical Bug
CUST-100251,0,0.0,0,,None
CUST-100252,2,41.7,0,1,Billing Inquiry
CUST-100253,4,17.3,1,1,Feature Request
CUST-100254,0,0.0,0,,None
CUST-100255,3,48.7,0,1,Billing Inquiry
CUST-100256,3,59.1,1,2,Onboarding Help
CUST-100257,1,50.2,1,2,Billing Inquiry
CUST-100258,0,0.0,0,,None
CUST-100259,0,0.0,0,,None
CUST-100260,1,48.5,1,1,Onboarding Help
CUST-100261,1,23.6,0,5,Onboarding Help
CUST-100262,2,5.8,0,5,Feature Request
CUST-100263,1,50.0,0,2,Billing Inquiry
CUST-100264,0,0.0,0,,None
CUST-100265,1,22.7,0,2,Feature Request
CUST-100266,2,70.6,0,2,Feature Request
CUST-100267,0,0.0,0,,None
CUST-100268,1,5.3,0,,Feature Request
CUST-100269,0,0.0,0,,None
CUST-100270,4,38.7,0,3,Onboarding Help
CUST-100271,1,62.8,1,1,Feature Request
CUST-100272,2,32.6,1,2,Feature Request
CUST-100273,0,0.0,0,,None
CUST-100274,1,17.6,1,1,Feature Request
CUST-100275,0,0.0,0,,None
CUST-100276,1,13.2,0,,Technical Bug
CUST-100277,0,0.0,0,,None
CUST-100278,1,20.1,0,5,Technical Bug
CUST-100279,0,0.0,0,,None
CUST-100280,0,0.0,0,,None
CUST-100281,2,12.2,1,1,Technical Bug
CUST-100282,3,58.7,0,3,Technical Bug
CUST-100283,0,0.0,0,,None
CUST-100284,2,46.5,0,3,Billing Inquiry
CUST-100285,1,3.2,0,5,Feature Request
CUST-100286,1,3.5,0,5,Technical Bug
CUST-100287,2,11.4,0,4,Feature Request
CUST-100288,1,7.3,0,4,Technical Bug
CUST-100289,2,36.7,1,3,Technical Bug
CUST-100290,1,9.9,0,4,Onboarding Help
CUST-100291,1,39.8,0,3,Onboarding Help
CUST-100292,0,0.0,0,,None
CUST-100293,1,15.3,0,,Feature Request
CUST-100294,0,0.0,0,,None
CUST-100295,0,0.0,0,,None
CUST-100296,2,51.4,1,2,Onboarding Help
CUST-100297,0,0.0,0,,None
CUST-100298,3,53.7,0,3,Technical Bug
CUST-100299,2,58.5,1,2,Technical Bug
CUST-100300,1,9.0,0,4,Feature Request
CUST-100301,1,7.5,0,4,Feature Request
CUST-100302,3,27.4,0,1,Feature Request
CUST-100303,2,5.6,0,,Feature Request
CUST-100304,1,16.6,0,,Onboarding Help
CUST-100305,2,8.5,0,5,Onboarding Help
CUST-100306,2,11.1,0,,Onboarding Help
CUST-100307,1,12.1,0,1,Billing Inquiry
CUST-100308,1,56.4,0,2,Onboarding Help
CUST-100309,1,64.2,1,3,Feature Request
CUST-100310,0,0.0,0,,None
CUST-100311,1,20.7,0,3,Onboarding Help
CUST-100312,3,12.5,0,,Billing Inquiry
CUST-100313,0,0.0,0,,None
CUST-100314,1,72.0,1,1,Technical Bug
CUST-100315,4,64.0,0,1,Onboarding Help
CUST-100316,3,36.1,0,2,Feature Request
CUST-100317,1,60.6,0,3,Feature Request
CUST-100318,2,25.1,0,2,Feature Request
CUST-100319,1,31.4,0,3,Onboarding Help
CUST-100320,2,4.2,0,5,Billing Inquiry
CUST-100321,3,65.2,0,1,Feature Request
CUST-100322,2,5.0,0,5,Feature Request
CUST-100323,0,0.0,0,,None
CUST-100324,3,24.7,1,1,Technical Bug
CUST-100325,1,56.5,0,1,Feature Request
CUST-100326,0,0.0,0,,None
CUST-100327,0,0.0,0,,None
CUST-100328,0,0.0,0,,None
CUST-100329,2,22.3,1,2,Technical Bug
CUST-100330,0,0.0,0,,None
CUST-100331,5,15.3,1,1,Feature Request
CUST-100332,2,19.9,0,3,Feature Request
CUST-100333,0,0.0,0,,None
CUST-100334,0,0.0,0,,None
CUST-100335,0,0.0,0,,None
CUST-100336,0,0.0,0,,None
CUST-100337,1,5.0,0,5,Billing Inquiry
CUST-100338,4,29.9,0,3,Billing Inquiry
CUST-100339,0,0.0,0,,None
CUST-100340,1,14.4,0,4,Billing Inquiry
CUST-100341,2,50.1,1,1,Billing Inquiry
CUST-100342,2,29.3,1,2,Feature Request
CUST-100343,3,30.2,1,1,Billing Inquiry
CUST-100344,2,71.0,0,3,Billing Inquiry
CUST-100345,1,68.5,1,3,Onboarding Help
CUST-100346,3,23.8,0,5,Billing Inquiry
CUST-100347,3,31.1,1,3,Technical Bug
CUST-100348,0,0.0,0,,None
CUST-100349,1,22.5,0,,Billing Inquiry
CUST-100350,2,56.9,1,1,Technical Bug
CUST-100351,6,53.6,0,3,Onboarding Help
CUST-100352,1,72.0,0,3,Billing Inquiry
CUST-100353,3,34.6,0,1,Feature Request
CUST-100354,2,12.0,0,2,Onboarding Help
CUST-100355,3,51.3,0,3,Technical Bug
CUST-100356,1,6.5,0,5,Onboarding Help
CUST-100357,3,21.4,0,5,Feature Request
CUST-100358,2,45.8,0,3,Technical Bug
CUST-100359,1,15.8,1,2,Billing Inquiry
CUST-100360,0,0.0,0,,None
CUST-100361,2,57.7,0,1,Billing Inquiry
CUST-100362,0,0.0,0,,None
CUST-100363,0,0.0,0,,None
CUST-100364,2,63.9,0,2,Onboarding Help
CUST-100365,0,0.0,0,,None
CUST-100366,0,0.0,0,,None
CUST-100367,2,69.2,1,1,Technical Bug
CUST-100368,0,0.0,0,,None
CUST-100369,3,49.8,0,2,Technical Bug
CUST-100370,0,0.0,0,,None
CUST-100371,1,19.8,0,5,Technical Bug
CUST-100372,0,0.0,0,,None
CUST-100373,1,2.9,0,4,Billing Inquiry
CUST-100374,0,0.0,0,,None
CUST-100375,1,69.4,0,1,Technical Bug
CUST-100376,1,6.0,0,4,Feature Request
CUST-100377,2,14.4,1,3,Feature Request
CUST-100378,2,7.9,0,4,Feature Request
CUST-100379,1,18.6,0,4,Technical Bug
CUST-100380,1,21.6,0,4,Onboarding Help
CUST-100381,3,17.7,1,1,Onboarding Help
CUST-100382,4,67.9,1,2,Technical Bug
CUST-100383,0,0.0,0,,None
CUST-100384,1,67.9,0,1,Billing Inquiry
CUST-100385,0,0.0,0,,None
CUST-100386,1,15.5,0,4,Feature Request
CUST-100387,1,12.5,0,,Onboarding Help
CUST-100388,0,0.0,0,,None
CUST-100389,2,38.4,0,3,Onboarding Help
CUST-100390,0,0.0,0,,None
CUST-100391,2,22.5,0,2,Technical Bug
CUST-100392,1,16.4,0,2,Feature Request
CUST-100393,0,0.0,0,,None
CUST-100394,1,13.2,0,2,Feature Request
CUST-100395,0,0.0,0,,None
CUST-100396,3,56.0,0,1,Technical Bug
CUST-100397,0,0.0,0,,None
CUST-100398,4,69.6,1,2,Onboarding Help
CUST-100399,2,63.3,0,2,Billing Inquiry
CUST-100400,2,65.2,1,3,Onboarding Help
CUST-100401,0,0.0,0,,None
CUST-100402,1,7.7,0,4,Technical Bug
CUST-100403,0,0.0,0,,None
CUST-100404,2,7.2,0,4,Billing Inquiry
CUST-100405,3,55.5,0,1,Billing Inquiry
CUST-100406,5,52.9,0,1,Onboarding Help
CUST-100407,1,55.6,1,3,Billing Inquiry
CUST-100408,0,0.0,0,,None
CUST-100409,0,0.0,0,,None
CUST-100410,0,0.0,0,,None
CUST-100411,1,19.9,1,2,Billing Inquiry
CUST-100412,4,37.9,1,1,Onboarding Help
CUST-100413,0,0.0,0,,None
CUST-100414,1,2.5,0,,Technical Bug
CUST-100415,0,0.0,0,,None
CUST-100416,3,25.4,0,1,Billing Inquiry
CUST-100417,0,0.0,0,,None
CUST-100418,0,0.0,0,,None
CUST-100419,1,57.6,1,3,Technical Bug
CUST-100420,1,11.4,0,4,Feature Request
CUST-100421,0,0.0,0,,None
CUST-100422,1,33.8,1,1,Onboarding Help
CUST-100423,1,54.8,0,3,Onboarding Help
CUST-100424,1,15.1,1,1,Billing Inquiry
CUST-100425,0,0.0,0,,None
CUST-100426,1,45.4,0,3,Technical Bug
CUST-100427,1,68.7,0,3,Technical Bug
CUST-100428,1,15.8,0,5,Onboarding Help
CUST-100429,2,21.1,0,3,Feature Request
CUST-100430,3,11.1,0,,Onboarding Help
CUST-100431,1,44.4,0,2,Feature Request
CUST-100432,0,0.0,0,,None
CUST-100433,3,4.8,0,5,Onboarding Help
CUST-100434,3,32.8,0,2,Onboarding Help
CUST-100435,1,9.9,0,5,Billing Inquiry
CUST-100436,3,51.7,0,2,Technical Bug
CUST-100437,1,21.8,0,5,Billing Inquiry
CUST-100438,5,26.6,1,3,Feature Request
CUST-100439,1,19.8,0,,Onboarding Help
CUST-100440,2,12.1,0,5,Billing Inquiry
CUST-100441,0,0.0,0,,None
CUST-100442,1,16.9,0,4,Billing Inquiry
CUST-100443,1,17.2,0,,Billing Inquiry
CUST-100444,1,62.7,0,2,Onboarding Help
CUST-100445,1,23.3,0,,Technical Bug
CUST-100446,1,19.0,0,,Feature Request
CUST-100447,2,28.2,1,1,Onboarding Help
CUST-100448,0,0.0,0,,None
CUST-100449,1,24.0,0,4,Onboarding Help
CUST-100450,0,0.0,0,,None
CUST-100451,5,59.7,0,3,Billing Inquiry
CUST-100452,0,0.0,0,,None
CUST-100453,1,3.1,0,,Feature Request
CUST-100454,1,10.5,0,5,Technical Bug
CUST-100455,2,54.9,1,1,Technical Bug
CUST-100456,1,24.0,0,4,Technical Bug
CUST-100457,1,70.9,1,2,Technical Bug
CUST-100458,3,17.5,0,2,Feature Request
CUST-100459,1,16.9,0,5,Onboarding Help
CUST-100460,0,0.0,0,,None
CUST-100461,1,65.1,0,1,Billing Inquiry
CUST-100462,1,17.9,0,4,Onboarding Help
CUST-100463,2,17.9,1,1,Onboarding Help
CUST-100464,4,5.0,0,,Onboarding Help
CUST-100465,0,0.0,0,,None
CUST-100466,1,32.9,1,1,Feature Request
CUST-100467,2,22.5,1,3,Onboarding Help
CUST-100468,0,0.0,0,,None
CUST-100469,1,59.9,1,2,Feature Request
CUST-100470,1,58.9,0,3,Technical Bug
CUST-100471,1,5.1,0,5,Onboarding Help
CUST-100472,0,0.0,0,,None
CUST-100473,2,6.2,0,,Feature Request
CUST-100474,1,18.6,0,5,Technical Bug
CUST-100475,2,42.1,0,3,Billing Inquiry
CUST-100476,2,13.5,0,3,Onboarding Help
CUST-100477,1,22.3,0,5,Technical Bug
CUST-100478,2,70.0,1,1,Billing Inquiry
CUST-100479,2,19.9,1,2,Billing Inquiry
CUST-100480,0,0.0,0,,None
CUST-100481,3,25.4,0,2,Feature Request
CUST-100482,1,13.8,1,1,Onboarding Help
CUST-100483,1,65.8,1,2,Technical Bug
CUST-100484,0,0.0,0,,None
CUST-100485,1,10.9,0,,Feature Request
CUST-100486,1,10.1,0,,Feature Request
CUST-100487,4,27.2,1,3,Feature Request
CUST-100488,2,21.0,0,,Technical Bug
CUST-100489,2,44.2,1,2,Billing Inquiry
CUST-100490,1,30.2,1,1,Billing Inquiry
CUST-100491,0,0.0,0,,None
CUST-100492,2,56.4,0,1,Technical Bug
CUST-100493,0,0.0,0,,None
CUST-100494,1,49.2,0,1,Billing Inquiry
CUST-100495,4,63.6,0,3,Billing Inquiry
CUST-100496,4,49.5,0,2,Onboarding Help
CUST-100497,0,0.0,0,,None
CUST-100498,0,0.0,0,,None
CUST-100499,5,19.3,1,3,Onboarding Help
CUST-100500,0,0.0,0,,None
CUST-100501,2,43.9,0,2,Technical Bug
CUST-100502,0,0.0,0,,None
CUST-100503,0,0.0,0,,None
CUST-100504,1,18.6,0,4,Technical Bug
CUST-100505,2,56.8,0,3,Billing Inquiry
CUST-100506,2,18.0,0,1,Billing Inquiry
CUST-100507,1,59.2,0,1,Onboarding Help
CUST-100508,1,14.0,0,4,Onboarding Help
CUST-100509,1,15.8,0,3,Technical Bug
CUST-100510,0,0.0,0,,None
CUST-100511,3,40.1,0,2,Technical Bug
CUST-100512,1,68.6,1,3,Billing Inquiry
CUST-100513,0,0.0,0,,None
CUST-100514,2,19.6,0,5,Billing Inquiry
CUST-100515,1,71.1,0,3,Onboarding Help
CUST-100516,1,10.7,0,4,Onboarding Help
CUST-100517,1,5.7,0,4,Billing Inquiry
CUST-100518,3,56.1,1,3,Feature Request
CUST-100519,1,3.5,0,5,Technical Bug
CUST-100520,5,26.6,0,1,Feature Request
CUST-100521,1,21.1,0,3,Billing Inquiry
CUST-100522,0,0.0,0,,None
CUST-100523,1,19.0,0,4,Feature Request
CUST-100524,0,0.0,0,,None
CUST-100525,3,53.3,0,2,Onboarding Help
CUST-100526,1,20.0,0,1,Billing Inquiry
CUST-100527,2,9.2,0,5,Technical Bug
CUST-100528,1,42.3,0,3,Feature Request
CUST-100529,1,22.4,0,,Onboarding Help
CUST-100530,1,52.4,0,2,Feature Request
CUST-100531,1,21.3,0,5,Onboarding Help
CUST-100532,1,21.9,0,4,Technical Bug
CUST-100533,1,13.0,0,,Feature Request
CUST-100534,0,0.0,0,,None
CUST-100535,4,26.6,0,1,Onboarding Help
CUST-100536,1,14.4,0,,Onboarding Help
CUST-100537,2,12.6,0,3,Billing Inquiry
CUST-100538,1,71.6,1,2,Onboarding Help
CUST-100539,2,66.7,1,2,Feature Request
CUST-100540,0,0.0,0,,None
CUST-100541,0,0.0,0,,None
CUST-100542,3,20.9,1,1,Billing Inquiry
CUST-100543,1,31.0,1,2,Billing Inquiry
CUST-100544,3,61.3,0,3,Technical Bug
CUST-100545,1,7.2,0,5,Feature Request
CUST-100546,4,16.0,0,1,Feature Request
CUST-100547,1,51.9,0,3,Technical Bug
CUST-100548,1,20.2,0,4,Billing Inquiry
CUST-100549,0,0.0,0,,None
CUST-100550,1,24.0,0,4,Feature Request
CUST-100551,1,7.8,0,5,Billing Inquiry
CUST-100552,1,16.8,0,,Feature Request
CUST-100553,2,46.9,0,1,Billing Inquiry
CUST-100554,4,57.0,0,1,Onboarding Help
CUST-100555,0,0.0,0,,None
CUST-100556,4,68.1,0,1,Onboarding Help
CUST-100557,0,0.0,0,,None
CUST-100558,4,16.0,0,2,Onboarding Help
CUST-100559,0,0.0,0,,None
CUST-100560,0,0.0,0,,None
CUST-100561,1,10.0,0,,Onboarding Help
CUST-100562,1,19.9,0,5,Feature Request
CUST-100563,0,0.0,0,,None
CUST-100564,0,0.0,0,,None
CUST-100565,0,0.0,0,,None
CUST-100566,3,38.6,0,1,Billing Inquiry
CUST-100567,2,41.6,0,3,Onboarding Help
CUST-100568,1,12.2,0,5,Technical Bug
CUST-100569,2,20.3,1,1,Billing Inquiry
CUST-100570,1,10.2,0,5,Feature Request
CUST-100571,1,29.8,1,3,Billing Inquiry
CUST-100572,2,19.2,1,1,Technical Bug
CUST-100573,3,36.6,0,3,Billing Inquiry
CUST-100574,1,8.2,0,5,Feature Request
CUST-100575,1,22.9,1,2,Onboarding Help
CUST-100576,3,38.3,0,1,Technical Bug
CUST-100577,1,16.3,1,3,Technical Bug
CUST-100578,2,50.4,0,2,Feature Request
CUST-100579,0,0.0,0,,None
CUST-100580,2,21.4,0,1,Feature Request
CUST-100581,1,12.4,0,4,Billing Inquiry
CUST-100582,1,32.8,0,3,Billing Inquiry
CUST-100583,2,17.5,0,5,Technical Bug
CUST-100584,2,16.5,1,1,Onboarding Help
CUST-100585,3,52.1,0,2,Onboarding Help
CUST-100586,2,12.4,0,5,Feature Request
CUST-100587,0,0.0,0,,None
CUST-100588,1,8.3,0,5,Billing Inquiry
CUST-100589,2,58.6,0,1,Onboarding Help
CUST-100590,1,16.0,1,3,Feature Request
CUST-100591,1,14.0,0,,Onboarding Help
CUST-100592,2,18.9,1,2,Billing Inquiry
CUST-100593,0,0.0,0,,None
CUST-100594,0,0.0,0,,None
CUST-100595,1,20.7,0,3,Billing Inquiry
CUST-100596,2,55.6,1,2,Onboarding Help
CUST-100597,1,15.7,0,,Onboarding Help
CUST-100598,1,20.2,0,4,Onboarding Help
CUST-100599,4,21.6,0,2,Feature Request
CUST-100600,4,44.2,0,1,Onboarding Help
CUST-100601,1,21.5,0,4,Onboarding Help
CUST-100602,0,0.0,0,,None
CUST-100603,2,60.4,1,1,Technical Bug
CUST-100604,4,32.6,1,3,Feature Request
CUST-100605,2,14.8,0,5,Technical Bug
CUST-100606,1,52.6,0,3,Feature Request
CUST-100607,3,16.9,0,1,Billing Inquiry
CUST-100608,0,0.0,0,,None
CUST-100609,1,55.2,1,1,Technical Bug
CUST-100610,1,52.8,0,2,Onboarding Help
CUST-100611,1,44.6,1,2,Billing Inquiry
CUST-100612,2,16.5,0,5,Billing Inquiry
CUST-100613,0,0.0,0,,None
CUST-100614,2,58.4,1,1,Billing Inquiry
CUST-100615,0,0.0,0,,None
CUST-100616,3,66.0,0,1,Onboarding Help
CUST-100617,3,24.4,0,2,Onboarding Help
CUST-100618,2,23.9,0,1,Onboarding Help
CUST-100619,0,0.0,0,,None
CUST-100620,1,21.1,0,4,Technical Bug
CUST-100621,0,0.0,0,,None
CUST-100622,2,16.0,0,4,Feature Request
CUST-100623,1,23.2,1,3,Onboarding Help
CUST-100624,2,48.4,0,3,Technical Bug
CUST-100625,1,17.8,0,4,Billing Inquiry
CUST-100626,1,22.2,0,,Billing Inquiry
CUST-100627,1,2.6,0,4,Billing Inquiry
CUST-100628,0,0.0,0,,None
CUST-100629,1,25.9,0,1,Onboarding Help
CUST-100630,1,58.4,1,1,Feature Request
CUST-100631,0,0.0,0,,None
CUST-100632,1,47.4,0,3,Feature Request
CUST-100633,3,65.2,1,3,Feature Request
CUST-100634,1,57.6,1,2,Billing Inquiry
CUST-100635,2,20.4,0,4,Feature Request
CUST-100636,1,7.1,0,5,Billing Inquiry
CUST-100637,1,24.2,0,2,Technical Bug
CUST-100638,1,19.8,0,5,Onboarding Help
CUST-100639,1,14.6,1,3,Onboarding Help
CUST-100640,3,53.8,1,3,Onboarding Help
CUST-100641,0,0.0,0,,None
CUST-100642,4,44.5,0,1,Feature Request
CUST-100643,3,58.0,1,3,Feature Request
CUST-100644,2,46.8,0,2,Feature Request
CUST-100645,1,13.6,0,5,Billing Inquiry
CUST-100646,1,55.9,1,2,Onboarding Help
CUST-100647,2,37.0,1,3,Feature Request
CUST-100648,5,49.7,0,2,Technical Bug
CUST-100649,1,20.0,0,5,Technical Bug
CUST-100650,1,19.1,0,4,Technical Bug
CUST-100651,4,27.1,0,2,Technical Bug
CUST-100652,4,50.8,0,2,Feature Request
CUST-100653,1,64.2,1,1,Technical Bug
CUST-100654,1,63.6,1,3,Technical Bug
CUST-100655,1,66.0,1,1,Onboarding Help
CUST-100656,2,11.0,0,4,Onboarding Help
CUST-100657,1,56.9,0,1,Technical Bug
CUST-100658,2,17.3,0,4,Technical Bug
CUST-100659,0,0.0,0,,None
CUST-100660,2,2.4,0,,Technical Bug
CUST-100661,2,12.1,0,2,Technical Bug
CUST-100662,1,69.7,1,3,Onboarding Help
CUST-100663,1,11.8,0,5,Technical Bug
CUST-100664,1,39.6,1,1,Onboarding Help
CUST-100665,1,66.8,1,1,Onboarding Help
CUST-100666,1,51.6,0,2,Technical Bug
CUST-100667,0,0.0,0,,None
CUST-100668,4,23.6,0,3,Billing Inquiry
CUST-100669,1,55.6,0,1,Technical Bug
CUST-100670,1,48.7,0,2,Technical Bug
CUST-100671,3,39.9,0,3,Feature Request
CUST-100672,0,0.0,0,,None
CUST-100673,3,70.4,1,3,Billing Inquiry
CUST-100674,0,0.0,0,,None
CUST-100675,1,16.7,0,5,Feature Request
CUST-100676,2,13.5,0,5,Billing Inquiry
CUST-100677,2,54.0,0,3,Onboarding Help
CUST-100678,1,14.6,0,,Technical Bug
CUST-100679,0,0.0,0,,None
CUST-100680,3,47.5,0,1,Feature Request
CUST-100681,1,4.3,0,4,Feature Request
CUST-100682,1,23.0,0,2,Billing Inquiry
CUST-100683,2,31.5,0,2,Technical Bug
CUST-100684,2,20.1,0,1,Billing Inquiry
CUST-100685,0,0.0,0,,None
CUST-100686,1,7.4,0,4,Technical Bug
CUST-100687,2,24.1,1,3,Feature Request
CUST-100688,2,15.0,1,1,Technical Bug
CUST-100689,0,0.0,0,,None
CUST-100690,2,17.0,0,4,Feature Request
CUST-100691,2,2.7,0,5,Onboarding Help
CUST-100692,2,18.1,0,4,Technical Bug
CUST-100693,0,0.0,0,,None
CUST-100694,1,17.7,0,,Billing Inquiry
CUST-100695,1,11.9,0,4,Feature Request
CUST-100696,1,61.2,1,1,Billing Inquiry
CUST-100697,0,0.0,0,,None
CUST-100698,0,0.0,0,,None
CUST-100699,0,0.0,0,,None
CUST-100700,1,44.5,1,2,Onboarding Help
CUST-100701,0,0.0,0,,None
CUST-100702,2,57.2,0,3,Onboarding Help
CUST-100703,2,69.0,1,2,Billing Inquiry
CUST-100704,1,46.4,0,2,Technical Bug
CUST-100705,0,0.0,0,,None
CUST-100706,4,22.8,0,2,Billing Inquiry
CUST-100707,0,0.0,0,,None
CUST-100708,0,0.0,0,,None
CUST-100709,0,0.0,0,,None
CUST-100710,5,38.6,1,1,Onboarding Help
CUST-100711,0,0.0,0,,None
CUST-100712,0,0.0,0,,None
CUST-100713,2,43.7,0,3,Onboarding Help
CUST-100714,1,55.1,1,3,Onboarding Help
CUST-100715,1,26.7,0,1,Onboarding Help
CUST-100716,0,0.0,0,,None
CUST-100717,2,26.0,1,3,Onboarding Help
CUST-100718,3,70.1,0,1,Technical Bug
CUST-100719,0,0.0,0,,None
CUST-100720,1,33.3,0,2,Technical Bug
CUST-100721,2,64.6,1,1,Onboarding Help
CUST-100722,3,47.4,1,3,Billing Inquiry
CUST-100723,1,4.4,0,4,Onboarding Help
CUST-100724,1,20.7,0,1,Feature Request
CUST-100725,1,14.1,1,3,Technical Bug
CUST-100726,0,0.0,0,,None
CUST-100727,0,0.0,0,,None
CUST-100728,1,2.7,0,4,Technical Bug
CUST-100729,2,17.8,0,4,Technical Bug
CUST-100730,1,26.3,0,3,Onboarding Help
CUST-100731,1,69.3,0,2,Onboarding Help
CUST-100732,1,55.5,0,2,Feature Request
CUST-100733,3,53.2,0,2,Feature Request
CUST-100734,1,2.9,0,,Feature Request
CUST-100735,2,15.0,1,3,Billing Inquiry
CUST-100736,2,19.5,1,2,Billing Inquiry
CUST-100737,1,10.9,0,4,Feature Request
CUST-100738,0,0.0,0,,None
CUST-100739,1,4.3,0,4,Onboarding Help
CUST-100740,0,0.0,0,,None
CUST-100741,0,0.0,0,,None
CUST-100742,3,53.3,0,2,Technical Bug
CUST-100743,1,43.8,0,2,Technical Bug
CUST-100744,1,23.0,1,2,Feature Request
CUST-100745,1,55.8,0,2,Billing Inquiry
CUST-100746,3,52.1,0,2,Technical Bug
CUST-100747,0,0.0,0,,None
CUST-100748,2,29.3,0,2,Feature Request
CUST-100749,3,66.7,1,3,Feature Request
CUST-100750,1,4.0,0,4,Feature Request
CUST-100751,1,5.2,0,,Billing Inquiry
CUST-100752,0,0.0,0,,None
CUST-100753,3,56.9,1,2,Billing Inquiry
CUST-100754,0,0.0,0,,None
CUST-100755,2,19.7,0,5,Technical Bug
CUST-100756,1,5.2,0,4,Onboarding Help
CUST-100757,0,0.0,0,,None
CUST-100758,6,50.4,0,1,Billing Inquiry
CUST-100759,1,4.7,0,5,Feature Request
CUST-100760,1,7.4,0,5,Onboarding Help
CUST-100761,0,0.0,0,,None
CUST-100762,1,7.6,0,,Onboarding Help
CUST-100763,1,33.8,1,3,Onboarding Help
CUST-100764,0,0.0,0,,None
CUST-100765,1,32.4,1,3,Onboarding Help
CUST-100766,0,0.0,0,,None
CUST-100767,1,42.1,0,1,Technical Bug
CUST-100768,1,50.0,0,1,Feature Request
CUST-100769,1,60.0,0,1,Technical Bug
CUST-100770,0,0.0,0,,None
CUST-100771,4,12.7,1,1,Technical Bug
CUST-100772,3,50.1,0,1,Feature Request
CUST-100773,2,25.5,0,2,Billing Inquiry
CUST-100774,0,0.0,0,,None
CUST-100775,1,41.2,1,1,Onboarding Help
CUST-100776,1,9.6,0,5,Billing Inquiry
CUST-100777,5,68.9,0,1,Feature Request
CUST-100778,4,62.1,0,1,Onboarding Help
CUST-100779,1,6.8,0,5,Feature Request
CUST-100780,0,0.0,0,,None
CUST-100781,3,3.6,0,,Technical Bug
CUST-100782,1,56.9,1,2,Billing Inquiry
CUST-100783,0,0.0,0,,None
CUST-100784,0,0.0,0,,None
CUST-100785,0,0.0,0,,None
CUST-100786,2,43.7,0,1,Billing Inquiry
CUST-100787,2,20.2,0,4,Billing Inquiry
CUST-100788,1,21.7,0,,Feature Request
CUST-100789,1,20.4,0,5,Technical Bug
CUST-100790,3,40.5,1,2,Billing Inquiry
CUST-100791,0,0.0,0,,None
CUST-100792,1,18.6,0,5,Onboarding Help
CUST-100793,1,56.2,1,1,Billing Inquiry
CUST-100794,0,0.0,0,,None
CUST-100795,3,48.7,1,2,Onboarding Help
CUST-100796,0,0.0,0,,None
CUST-100797,2,57.3,0,2,Billing Inquiry
CUST-100798,1,12.2,0,2,Billing Inquiry
CUST-100799,1,5.0,0,5,Onboarding Help
CUST-100800,2,60.8,1,2,Feature Request
CUST-100801,0,0.0,0,,None
CUST-100802,1,23.9,0,4,Billing Inquiry
CUST-100803,1,20.0,0,4,Technical Bug
CUST-100804,0,0.0,0,,None
CUST-100805,0,0.0,0,,None
CUST-100806,0,0.0,0,,None
CUST-100807,2,69.5,0,3,Billing Inquiry
CUST-100808,0,0.0,0,,None
CUST-100809,1,9.7,0,5,Feature Request
CUST-100810,1,55.6,1,1,Technical Bug
CUST-100811,2,63.8,0,2,Onboarding Help
CUST-100812,1,3.3,0,4,Technical Bug
CUST-100813,2,51.2,1,2,Technical Bug
CUST-100814,2,58.2,0,3,Feature Request
CUST-100815,3,60.1,1,1,Technical Bug
CUST-100816,0,0.0,0,,None
CUST-100817,1,17.5,0,4,Technical Bug
CUST-100818,2,49.3,0,2,Onboarding Help
CUST-100819,4,33.0,1,3,Billing Inquiry
CUST-100820,1,10.0,0,4,Technical Bug
CUST-100821,0,0.0,0,,None
CUST-100822,1,19.9,0,5,Feature Request
CUST-100823,2,51.1,0,3,Onboarding Help
CUST-100824,0,0.0,0,,None
CUST-100825,1,28.3,1,3,Feature Request
CUST-100826,1,16.3,0,5,Onboarding Help
CUST-100827,1,71.2,0,1,Technical Bug
CUST-100828,0,0.0,0,,None
CUST-100829,2,34.7,1,2,Onboarding Help
CUST-100830,0,0.0,0,,None
CUST-100831,1,51.5,1,1,Technical Bug
CUST-100832,2,6.0,0,4,Billing Inquiry
CUST-100833,1,21.4,0,5,Onboarding Help
CUST-100834,0,0.0,0,,None
CUST-100835,3,13.0,0,4,Feature Request
CUST-100836,0,0.0,0,,None
CUST-100837,3,34.5,0,1,Feature Request
CUST-100838,0,0.0,0,,None
CUST-100839,1,22.0,0,5,Technical Bug
CUST-100840,2,30.2,1,3,Feature Request
CUST-100841,0,0.0,0,,None
CUST-100842,3,35.9,0,2,Onboarding Help
CUST-100843,0,0.0,0,,None
CUST-100844,1,32.1,0,2,Feature Request
CUST-100845,1,58.3,1,3,Billing Inquiry
CUST-100846,3,55.1,1,3,Technical Bug
CUST-100847,0,0.0,0,,None
CUST-100848,0,0.0,0,,None
CUST-100849,0,0.0,0,,None
CUST-100850,3,22.6,1,2,Onboarding Help
CUST-100851,1,34.9,0,1,Technical Bug
CUST-100852,2,16.0,0,5,Technical Bug
CUST-100853,2,43.2,1,1,Onboarding Help
CUST-100854,0,0.0,0,,None
CUST-100855,3,44.6,1,3,Feature Request
CUST-100856,1,65.9,0,1,Onboarding Help
CUST-100857,0,0.0,0,,None
CUST-100858,1,18.7,0,,Feature Request
CUST-100859,2,29.0,1,3,Onboarding Help
CUST-100860,1,9.6,0,4,Onboarding Help
CUST-100861,0,0.0,0,,None
CUST-100862,0,0.0,0,,None
CUST-100863,3,58.2,0,2,Billing Inquiry
CUST-100864,0,0.0,0,,None
CUST-100865,1,21.0,0,5,Technical Bug
CUST-100866,0,0.0,0,,None
CUST-100867,1,26.0,1,2,Feature Request
CUST-100868,2,44.8,0,2,Feature Request
CUST-100869,1,53.7,0,2,Technical Bug
CUST-100870,0,0.0,0,,None
CUST-100871,3,20.3,1,3,Technical Bug
CUST-100872,1,22.9,0,1,Onboarding Help
CUST-100873,2,17.8,0,,Technical Bug
CUST-100874,1,21.2,0,4,Onboarding Help
CUST-100875,4,27.1,1,3,Technical Bug
CUST-100876,0,0.0,0,,None
CUST-100877,1,65.1,1,3,Technical Bug
CUST-100878,1,11.0,0,5,Technical Bug
CUST-100879,6,30.5,0,3,Technical Bug
CUST-100880,1,20.2,0,4,Onboarding Help
CUST-100881,1,30.2,1,1,Billing Inquiry
CUST-100882,2,65.5,0,3,Technical Bug
CUST-100883,0,0.0,0,,None
CUST-100884,1,5.3,0,4,Billing Inquiry
CUST-100885,2,8.0,0,4,Billing Inquiry
CUST-100886,0,0.0,0,,None
CUST-100887,1,17.1,0,4,Onboarding Help
CUST-100888,0,0.0,0,,None
CUST-100889,1,45.8,0,3,Feature Request
CUST-100890,2,19.7,0,1,Feature Request
CUST-100891,0,0.0,0,,None
CUST-100892,3,28.6,0,3,Billing Inquiry
CUST-100893,0,0.0,0,,None
CUST-100894,2,33.7,0,2,Technical Bug
CUST-100895,3,71.0,1,1,Billing Inquiry
CUST-100896,0,0.0,0,,None
CUST-100897,0,0.0,0,,None
CUST-100898,2,8.8,0,4,Technical Bug
CUST-100899,1,53.8,1,1,Billing Inquiry
CUST-100900,2,56.2,0,3,Onboarding Help
CUST-100901,0,0.0,0,,None
CUST-100902,1,65.3,0,1,Billing Inquiry
CUST-100903,1,41.1,1,2,Technical Bug
CUST-100904,3,20.9,0,1,Billing Inquiry
CUST-100905,0,0.0,0,,None
CUST-100906,1,57.4,1,1,Billing Inquiry
CUST-100907,0,0.0,0,,None
CUST-100908,0,0.0,0,,None
CUST-100909,3,48.1,0,1,Billing Inquiry
CUST-100910,3,47.6,0,2,Billing Inquiry
CUST-100911,2,48.4,0,2,Billing Inquiry
CUST-100912,1,21.6,0,5,Feature Request
CUST-100913,1,6.9,0,5,Feature Request
CUST-100914,1,10.9,0,5,Feature Request
CUST-100915,0,0.0,0,,None
CUST-100916,3,37.7,1,2,Billing Inquiry
CUST-100917,2,15.2,0,5,Onboarding Help
CUST-100918,1,14.4,0,4,Onboarding Help
CUST-100919,2,56.2,0,1,Technical Bug
CUST-100920,3,29.6,0,2,Billing Inquiry
CUST-100921,3,51.4,1,2,Feature Request
CUST-100922,1,48.1,1,1,Onboarding Help
CUST-100923,1,22.7,0,1,Onboarding Help
CUST-100924,1,60.3,0,2,Billing Inquiry
CUST-100925,4,41.1,0,2,Feature Request
CUST-100926,2,21.5,0,1,Feature Request
CUST-100927,4,18.5,1,2,Onboarding Help
CUST-100928,0,0.0,0,,None
CUST-100929,1,13.4,0,4,Technical Bug
CUST-100930,4,33.5,1,3,Billing Inquiry
CUST-100931,0,0.0,0,,None
CUST-100932,2,61.3,0,2,Feature Request
CUST-100933,0,0.0,0,,None
CUST-100934,1,53.6,0,3,Onboarding Help
CUST-100935,1,12.9,0,5,Billing Inquiry
CUST-100936,2,36.0,1,1,Onboarding Help
CUST-100937,0,0.0,0,,None
CUST-100938,0,0.0,0,,None
CUST-100939,1,22.0,0,3,Billing Inquiry
CUST-100940,1,33.9,0,3,Billing Inquiry
CUST-100941,3,54.0,0,3,Billing Inquiry
CUST-100942,2,45.2,1,3,Billing Inquiry
CUST-100943,1,12.7,0,1,Billing Inquiry
CUST-100944,0,0.0,0,,None
CUST-100945,3,34.2,0,1,Onboarding Help
CUST-100946,4,28.5,0,1,Technical Bug
CUST-100947,2,6.2,0,4,Technical Bug
CUST-100948,2,30.1,0,1,Technical Bug
CUST-100949,1,41.1,1,2,Technical Bug
CUST-100950,2,66.8,0,2,Onboarding Help
CUST-100951,2,14.6,0,1,Feature Request
CUST-100952,2,6.8,0,5,Onboarding Help
CUST-100953,4,50.4,0,2,Billing Inquiry
CUST-100954,0,0.0,0,,None
CUST-100955,0,0.0,0,,None
CUST-100956,1,19.7,0,3,Billing Inquiry
CUST-100957,2,44.7,0,1,Onboarding Help
CUST-100958,1,12.7,0,5,Billing Inquiry
CUST-100959,4,17.2,1,1,Billing Inquiry
CUST-100960,1,14.6,0,5,Technical Bug
CUST-100961,1,29.2,0,1,Billing Inquiry
CUST-100962,0,0.0,0,,None
CUST-100963,0,0.0,0,,None
CUST-100964,1,39.1,1,1,Billing Inquiry
CUST-100965,1,54.9,0,2,Billing Inquiry
CUST-100966,3,11.2,0,4,Feature Request
CUST-100967,1,50.7,0,3,Feature Request
CUST-100968,0,0.0,0,,None
CUST-100969,1,22.0,0,4,Onboarding Help
CUST-100970,1,4.8,0,5,Billing Inquiry
CUST-100971,2,53.5,0,3,Feature Request
CUST-100972,0,0.0,0,,None
CUST-100973,4,31.4,0,3,Technical Bug
CUST-100974,2,15.1,0,2,Technical Bug
CUST-100975,3,23.8,0,,Onboarding Help
CUST-100976,2,45.4,0,2,Feature Request
CUST-100977,0,0.0,0,,None
CUST-100978,0,0.0,0,,None
CUST-100979,2,21.9,0,,Onboarding Help
CUST-100980,1,20.3,0,4,Billing Inquiry
CUST-100981,1,20.2,0,,Onboarding Help
CUST-100982,0,0.0,0,,None
CUST-100983,0,0.0,0,,None
CUST-100984,3,70.6,1,1,Feature Request
CUST-100985,0,0.0,0,,None
CUST-100986,2,55.3,0,3,Feature Request
CUST-100987,2,64.4,0,2,Billing Inquiry
CUST-100988,1,41.9,1,1,Billing Inquiry
CUST-100989,3,66.7,1,2,Onboarding Help
CUST-100990,0,0.0,0,,None
CUST-100991,0,0.0,0,,None
CUST-100992,0,0.0,0,,None
CUST-100993,0,0.0,0,,None
CUST-100994,0,0.0,0,,None
CUST-100995,2,19.6,1,1,Onboarding Help
CUST-100996,0,0.0,0,,None
CUST-100997,2,33.6,0,3,Onboarding Help
CUST-100998,2,48.8,1,1,Onboarding Help
CUST-100999,1,53.5,1,2,Onboarding Help
CUST-101000,1,9.0,0,,Technical Bug
CUST-101001,0,0.0,0,,None
CUST-101002,1,42.2,0,2,Technical Bug
CUST-101003,1,22.4,0,3,Billing Inquiry
CUST-101004,0,0.0,0,,None
CUST-101005,2,52.5,0,1,Onboarding Help
CUST-101006,0,0.0,0,,None
CUST-101007,2,53.6,1,3,Billing Inquiry
CUST-101008,3,44.8,1,1,Billing Inquiry
CUST-101009,2,22.4,0,1,Billing Inquiry
CUST-101010,2,11.0,0,5,Onboarding Help
CUST-101011,0,0.0,0,,None
CUST-101012,2,16.2,1,2,Feature Request
CUST-101013,4,59.9,1,1,Billing Inquiry
CUST-101014,2,39.3,0,3,Technical Bug
CUST-101015,1,61.4,0,1,Onboarding Help
CUST-101016,1,5.8,0,4,Billing Inquiry
CUST-101017,2,15.5,0,4,Billing Inquiry
CUST-101018,1,6.4,0,4,Technical Bug
CUST-101019,1,20.0,0,,Onboarding Help
CUST-101020,3,37.1,1,1,Technical Bug
CUST-101021,6,21.3,1,3,Billing Inquiry
CUST-101022,1,63.0,0,1,Billing Inquiry
CUST-101023,1,67.1,0,3,Onboarding Help
CUST-101024,1,21.9,0,4,Feature Request
CUST-101025,0,0.0,0,,None
CUST-101026,1,39.2,1,1,Onboarding Help
CUST-101027,1,52.3,0,1,Technical Bug
CUST-101028,1,14.7,0,5,Feature Request
CUST-101029,1,66.8,0,3,Feature Request
CUST-101030,1,13.7,0,5,Feature Request
CUST-101031,2,6.8,0,5,Onboarding Help
CUST-101032,3,53.1,1,3,Feature Request
CUST-101033,1,24.1,0,3,Technical Bug
CUST-101034,3,14.5,0,1,Technical Bug
CUST-101035,2,12.5,0,4,Technical Bug
CUST-101036,2,12.5,1,3,Billing Inquiry
CUST-101037,1,63.1,0,3,Billing Inquiry
CUST-101038,5,28.9,1,2,Technical Bug
CUST-101039,1,68.7,0,3,Technical Bug
CUST-101040,2,7.6,0,,Technical Bug
CUST-101041,0,0.0,0,,None
CUST-101042,2,14.4,1,3,Billing Inquiry
CUST-101043,3,17.5,0,4,Technical Bug
CUST-101044,2,26.1,0,1,Feature Request
CUST-101045,0,0.0,0,,None
CUST-101046,1,14.1,0,4,Technical Bug
CUST-101047,1,50.0,0,3,Feature Request
CUST-101048,1,55.7,1,3,Onboarding Help
CUST-101049,3,20.4,0,4,Feature Request
CUST-101050,3,17.1,0,5,Technical Bug
CUST-101051,3,19.0,0,5,Billing Inquiry
CUST-101052,1,14.3,0,5,Feature Request
CUST-101053,1,55.4,1,2,Feature Request
CUST-101054,1,3.7,0,,Feature Request
CUST-101055,3,19.0,0,3,Onboarding Help
CUST-101056,3,67.9,1,3,Feature Request
CUST-101057,2,36.1,1,2,Onboarding Help
CUST-101058,0,0.0,0,,None
CUST-101059,0,0.0,0,,None
CUST-101060,4,37.7,0,1,Billing Inquiry
CUST-101061,2,60.3,1,1,Technical Bug
CUST-101062,0,0.0,0,,None
CUST-101063,2,53.2,0,1,Onboarding Help
CUST-101064,1,64.3,0,2,Technical Bug
CUST-101065,1,21.1,1,3,Technical Bug
CUST-101066,4,20.5,1,3,Feature Request
CUST-101067,1,12.8,0,5,Billing Inquiry
CUST-101068,2,30.4,0,2,Billing Inquiry
CUST-101069,3,13.6,0,1,Onboarding Help
CUST-101070,1,69.7,1,1,Technical Bug
CUST-101071,1,4.2,0,,Billing Inquiry
CUST-101072,1,47.8,0,1,Technical Bug
CUST-101073,2,9.9,0,4,Technical Bug
CUST-101074,2,47.7,0,3,Billing Inquiry
CUST-101075,2,5.9,0,4,Billing Inquiry
CUST-101076,1,2.6,0,5,Onboarding Help
CUST-101077,1,6.6,0,5,Technical Bug
CUST-101078,0,0.0,0,,None
CUST-101079,1,58.9,0,2,Onboarding Help
CUST-101080,2,5.4,0,4,Feature Request
CUST-101081,1,65.3,0,1,Billing Inquiry
CUST-101082,0,0.0,0,,None
CUST-101083,0,0.0,0,,None
CUST-101084,2,16.0,1,2,Billing Inquiry
CUST-101085,0,0.0,0,,None
CUST-101086,2,62.5,1,2,Feature Request
CUST-101087,3,29.7,0,3,Billing Inquiry
CUST-101088,0,0.0,0,,None
CUST-101089,1,41.3,0,3,Onboarding Help
CUST-101090,1,13.2,0,5,Billing Inquiry
CUST-101091,2,15.5,0,2,Billing Inquiry
CUST-101092,0,0.0,0,,None
CUST-101093,0,0.0,0,,None
CUST-101094,2,6.1,0,5,Feature Request
CUST-101095,0,0.0,0,,None
CUST-101096,1,18.9,0,4,Technical Bug
CUST-101097,1,18.0,0,4,Feature Request
CUST-101098,1,13.4,0,,Onboarding Help
CUST-101099,2,11.9,0,4,Onboarding Help
CUST-101100,4,47.4,0,2,Billing Inquiry
CUST-101101,2,37.1,0,3,Feature Request
CUST-101102,0,0.0,0,,None
CUST-101103,2,45.2,0,3,Billing Inquiry
CUST-101104,1,35.1,1,2,Billing Inquiry
CUST-101105,1,21.6,0,,Onboarding Help
CUST-101106,0,0.0,0,,None
CUST-101107,3,63.4,1,3,Onboarding Help
CUST-101108,2,13.0,1,1,Onboarding Help
CUST-101109,4,34.2,1,3,Billing Inquiry
CUST-101110,5,18.5,1,3,Feature Request
CUST-101111,0,0.0,0,,None
CUST-101112,1,9.2,0,5,Billing Inquiry
CUST-101113,0,0.0,0,,None
CUST-101114,1,16.2,0,,Onboarding Help
CUST-101115,1,19.1,0,2,Technical Bug
CUST-101116,0,0.0,0,,None
CUST-101117,0,0.0,0,,None
CUST-101118,1,20.3,0,5,Billing Inquiry
CUST-101119,1,13.8,1,2,Feature Request
CUST-101120,1,61.2,0,3,Feature Request
CUST-101121,0,0.0,0,,None
CUST-101122,4,69.3,1,1,Billing Inquiry
CUST-101123,1,22.8,0,5,Feature Request
CUST-101124,0,0.0,0,,None
CUST-101125,1,15.8,0,,Onboarding Help
CUST-101126,0,0.0,0,,None
CUST-101127,1,19.2,0,,Billing Inquiry
CUST-101128,1,57.4,1,2,Onboarding Help
CUST-101129,4,19.7,1,1,Billing Inquiry
CUST-101130,2,46.1,1,1,Technical Bug
CUST-101131,4,54.2,1,2,Onboarding Help
CUST-101132,1,19.7,0,5,Technical Bug
CUST-101133,1,61.2,0,2,Feature Request
CUST-101134,1,11.0,0,5,Feature Request
CUST-101135,1,24.4,0,2,Billing Inquiry
CUST-101136,1,67.1,0,3,Onboarding Help
CUST-101137,0,0.0,0,,None
CUST-101138,1,16.6,0,4,Technical Bug
CUST-101139,1,37.0,1,1,Billing Inquiry
CUST-101140,1,16.9,1,1,Onboarding Help
CUST-101141,2,57.1,0,2,Billing Inquiry
CUST-101142,2,22.3,0,3,Billing Inquiry
CUST-101143,3,43.9,0,1,Onboarding Help
CUST-101144,2,69.0,0,1,Feature Request
CUST-101145,1,9.4,0,,Billing Inquiry
CUST-101146,2,18.8,0,4,Billing Inquiry
CUST-101147,1,50.5,0,3,Billing Inquiry
CUST-101148,1,15.9,1,1,Billing Inquiry
CUST-101149,0,0.0,0,,None
CUST-101150,1,4.3,0,4,Feature Request
CUST-101151,0,0.0,0,,None
CUST-101152,1,71.9,0,2,Onboarding Help
CUST-101153,1,3.8,0,4,Feature Request
CUST-101154,1,69.7,0,3,Onboarding Help
CUST-101155,4,70.4,1,1,Billing Inquiry
CUST-101156,1,26.3,0,1,Billing Inquiry
CUST-101157,1,22.9,1,2,Technical Bug
CUST-101158,1,18.9,0,5,Technical Bug
CUST-101159,2,40.0,1,1,Onboarding Help
CUST-101160,1,16.8,0,4,Feature Request
CUST-101161,2,43.6,1,2,Billing Inquiry
CUST-101162,2,67.8,0,1,Technical Bug
CUST-101163,4,44.0,0,3,Billing Inquiry
CUST-101164,0,0.0,0,,None
CUST-101165,1,9.5,0,,Onboarding Help
CUST-101166,2,20.0,0,4,Feature Request
CUST-101167,0,0.0,0,,None
CUST-101168,2,10.6,0,4,Billing Inquiry
CUST-101169,0,0.0,0,,None
CUST-101170,2,30.6,1,3,Onboarding Help
CUST-101171,3,61.0,0,2,Onboarding Help
CUST-101172,2,26.3,1,3,Feature Request
CUST-101173,1,54.0,0,3,Feature Request
CUST-101174,1,13.2,0,4,Billing Inquiry
CUST-101175,1,12.7,0,5,Billing Inquiry
CUST-101176,2,32.6,0,1,Onboarding Help
CUST-101177,0,0.0,0,,None
CUST-101178,1,8.0,0,,Technical Bug
CUST-101179,0,0.0,0,,None
CUST-101180,1,24.5,1,3,Billing Inquiry
CUST-101181,4,44.2,1,1,Technical Bug
CUST-101182,0,0.0,0,,None
CUST-101183,2,71.8,0,3,Technical Bug
CUST-101184,4,15.0,0,,Onboarding Help
CUST-101185,1,23.4,0,5,Onboarding Help
CUST-101186,0,0.0,0,,None
CUST-101187,0,0.0,0,,None
CUST-101188,1,5.0,0,4,Technical Bug
CUST-101189,2,16.3,0,5,Technical Bug
CUST-101190,3,57.5,0,3,Technical Bug
CUST-101191,1,13.5,1,1,Technical Bug
CUST-101192,1,22.0,1,3,Technical Bug
CUST-101193,1,16.9,0,,Technical Bug
CUST-101194,1,19.0,0,,Billing Inquiry
CUST-101195,0,0.0,0,,None
CUST-101196,2,18.8,0,4,Onboarding Help
CUST-101197,0,0.0,0,,None
CUST-101198,3,57.2,0,1,Feature Request
CUST-101199,0,0.0,0,,None
CUST-101200,2,42.7,1,3,Feature Request
CUST-101201,0,0.0,0,,None
CUST-101202,2,43.5,1,3,Billing Inquiry
CUST-101203,0,0.0,0,,None
CUST-101204,3,42.0,0,2,Feature Request
CUST-101205,2,49.0,0,1,Feature Request
CUST-101206,4,56.2,0,1,Onboarding Help
CUST-101207,0,0.0,0,,None
CUST-101208,1,14.5,0,4,Feature Request
CUST-101209,2,62.2,0,1,Onboarding Help
CUST-101210,1,13.4,0,2,Feature Request
CUST-101211,3,33.8,1,1,Feature Request
CUST-101212,0,0.0,0,,None
CUST-101213,1,4.5,0,4,Technical Bug
CUST-101214,2,50.6,1,3,Feature Request
CUST-101215,0,0.0,0,,None
CUST-101216,0,0.0,0,,None
CUST-101217,2,27.7,0,3,Billing Inquiry
CUST-101218,1,41.6,0,2,Technical Bug
CUST-101219,3,52.0,1,2,Billing Inquiry
CUST-101220,3,34.2,0,3,Onboarding Help
CUST-101221,0,0.0,0,,None
CUST-101222,3,27.9,1,3,Billing Inquiry
CUST-101223,1,68.7,0,1,Technical Bug
CUST-101224,1,56.8,0,1,Technical Bug
CUST-101225,2,69.4,0,2,Billing Inquiry
CUST-101226,2,34.1,0,2,Onboarding Help
CUST-101227,1,14.4,0,5,Onboarding Help
CUST-101228,0,0.0,0,,None
CUST-101229,2,19.3,1,3,Billing Inquiry
CUST-101230,2,34.4,1,3,Billing Inquiry
CUST-101231,2,3.8,0,5,Onboarding Help
CUST-101232,2,21.8,0,,Billing Inquiry
CUST-101233,0,0.0,0,,None
CUST-101234,0,0.0,0,,None
CUST-101235,2,18.1,0,5,Feature Request
CUST-101236,0,0.0,0,,None
CUST-101237,2,58.7,0,1,Billing Inquiry
CUST-101238,1,18.4,0,5,Technical Bug
CUST-101239,2,20.9,1,3,Feature Request
CUST-101240,1,23.6,0,4,Technical Bug
CUST-101241,1,2.2,0,,Billing Inquiry
CUST-101242,0,0.0,0,,None
CUST-101243,4,61.4,0,3,Feature Request
CUST-101244,1,21.4,1,1,Feature Request
CUST-101245,0,0.0,0,,None
CUST-101246,1,71.1,0,3,Billing Inquiry
CUST-101247,1,65.9,0,2,Billing Inquiry
CUST-101248,2,26.8,1,1,Billing Inquiry
CUST-101249,0,0.0,0,,None
CUST-101250,2,55.9,0,3,Billing Inquiry
CUST-101251,0,0.0,0,,None
CUST-101252,1,6.5,0,4,Feature Request
CUST-101253,2,33.3,0,1,Onboarding Help
CUST-101254,0,0.0,0,,None
CUST-101255,0,0.0,0,,None
CUST-101256,1,12.4,0,5,Technical Bug
CUST-101257,2,65.6,0,2,Technical Bug
CUST-101258,0,0.0,0,,None
CUST-101259,1,14.0,0,,Feature Request
CUST-101260,0,0.0,0,,None
CUST-101261,2,37.1,0,2,Billing Inquiry
CUST-101262,1,18.2,0,5,Onboarding Help
CUST-101263,1,14.4,0,4,Feature Request
CUST-101264,1,40.1,0,2,Onboarding Help
CUST-101265,2,49.2,0,2,Feature Request
CUST-101266,1,14.3,0,,Onboarding Help
CUST-101267,0,0.0,0,,None
CUST-101268,1,21.1,0,1,Billing Inquiry
CUST-101269,2,14.5,0,5,Onboarding Help
CUST-101270,1,54.2,1,3,Feature Request
CUST-101271,1,44.3,1,3,Onboarding Help
CUST-101272,0,0.0,0,,None
CUST-101273,3,64.9,1,1,Billing Inquiry
CUST-101274,0,0.0,0,,None
CUST-101275,0,0.0,0,,None
CUST-101276,1,48.1,0,2,Feature Request
CUST-101277,0,0.0,0,,None
CUST-101278,2,60.1,0,2,Feature Request
CUST-101279,1,9.4,0,5,Billing Inquiry
CUST-101280,2,14.2,0,5,Feature Request
CUST-101281,0,0.0,0,,None
CUST-101282,0,0.0,0,,None
CUST-101283,1,21.6,0,5,Technical Bug
CUST-101284,2,17.8,0,,Feature Request
CUST-101285,2,71.1,1,2,Feature Request
CUST-101286,0,0.0,0,,None
CUST-101287,2,20.4,1,2,Billing Inquiry
CUST-101288,4,30.7,0,1,Billing Inquiry
CUST-101289,4,27.4,1,1,Feature Request
CUST-101290,4,53.0,1,1,Feature Request
CUST-101291,1,67.8,0,1,Onboarding Help
CUST-101292,1,13.2,0,4,Feature Request
CUST-101293,1,23.8,1,3,Billing Inquiry
CUST-101294,0,0.0,0,,None
CUST-101295,1,57.0,0,3,Feature Request
CUST-101296,0,0.0,0,,None
CUST-101297,2,34.3,0,2,Technical Bug
CUST-101298,1,21.5,0,,Billing Inquiry
CUST-101299,0,0.0,0,,None
CUST-101300,2,52.2,1,2,Technical Bug
CUST-101301,0,0.0,0,,None
CUST-101302,0,0.0,0,,None
CUST-101303,1,40.9,0,1,Billing Inquiry
CUST-101304,0,0.0,0,,None
CUST-101305,2,15.8,0,2,Onboarding Help
CUST-101306,1,18.3,0,4,Onboarding Help
CUST-101307,0,0.0,0,,None
CUST-101308,1,23.9,0,,Billing Inquiry
CUST-101309,2,13.6,0,4,Billing Inquiry
CUST-101310,3,18.5,1,1,Billing Inquiry
CUST-101311,1,13.4,1,2,Onboarding Help
CUST-101312,4,51.9,0,2,Billing Inquiry
CUST-101313,1,5.9,0,5,Billing Inquiry
CUST-101314,0,0.0,0,,None
CUST-101315,2,49.9,0,3,Technical Bug
CUST-101316,0,0.0,0,,None
CUST-101317,0,0.0,0,,None
CUST-101318,1,32.2,0,1,Onboarding Help
CUST-101319,0,0.0,0,,None
CUST-101320,0,0.0,0,,None
CUST-101321,2,44.5,0,3,Feature Request
CUST-101322,2,18.1,1,3,Feature Request
CUST-101323,1,20.1,0,5,Technical Bug
CUST-101324,0,0.0,0,,None
CUST-101325,2,59.3,1,1,Technical Bug
CUST-101326,3,36.2,1,2,Onboarding Help
CUST-101327,1,38.9,0,2,Feature Request
CUST-101328,0,0.0,0,,None
CUST-101329,3,45.2,1,2,Onboarding Help
CUST-101330,0,0.0,0,,None
CUST-101331,0,0.0,0,,None
CUST-101332,0,0.0,0,,None
CUST-101333,0,0.0,0,,None
CUST-101334,1,34.5,0,1,Billing Inquiry
CUST-101335,1,37.5,1,1,Feature Request
CUST-101336,4,30.8,1,2,Technical Bug
CUST-101337,1,7.0,0,4,Technical Bug
CUST-101338,0,0.0,0,,None
CUST-101339,0,0.0,0,,None
CUST-101340,2,6.3,0,5,Billing Inquiry
CUST-101341,2,34.0,0,1,Feature Request
CUST-101342,2,14.0,0,,Feature Request
CUST-101343,0,0.0,0,,None
CUST-101344,1,65.3,0,3,Onboarding Help
CUST-101345,1,20.9,0,4,Onboarding Help
CUST-101346,1,17.9,0,3,Onboarding Help
CUST-101347,0,0.0,0,,None
CUST-101348,0,0.0,0,,None
CUST-101349,1,69.6,0,1,Billing Inquiry
CUST-101350,1,21.7,0,3,Billing Inquiry
CUST-101351,1,34.1,1,3,Billing Inquiry
CUST-101352,3,16.6,0,4,Technical Bug
CUST-101353,0,0.0,0,,None
CUST-101354,4,49.9,0,2,Billing Inquiry
CUST-101355,0,0.0,0,,None
CUST-101356,2,40.1,1,2,Onboarding Help
CUST-101357,2,22.2,1,2,Billing Inquiry
CUST-101358,1,60.1,0,2,Technical Bug
CUST-101359,0,0.0,0,,None
CUST-101360,2,38.3,1,1,Technical Bug
CUST-101361,1,60.3,1,3,Feature Request
CUST-101362,1,32.3,0,3,Technical Bug
CUST-101363,2,5.6,0,5,Feature Request
CUST-101364,1,19.2,0,4,Technical Bug
CUST-101365,2,68.8,1,3,Billing Inquiry
CUST-101366,1,63.0,1,3,Technical Bug
CUST-101367,1,16.8,0,2,Billing Inquiry
CUST-101368,3,60.8,0,1,Onboarding Help
CUST-101369,1,43.6,1,1,Onboarding Help
CUST-101370,1,18.2,0,4,Billing Inquiry
CUST-101371,3,62.9,0,3,Feature Request
CUST-101372,1,64.3,0,3,Technical Bug
CUST-101373,1,10.5,0,5,Feature Request
CUST-101374,1,13.6,1,1,Billing Inquiry
CUST-101375,3,50.4,0,3,Feature Request
CUST-101376,1,7.0,0,5,Technical Bug
CUST-101377,0,0.0,0,,None
CUST-101378,0,0.0,0,,None
CUST-101379,0,0.0,0,,None
CUST-101380,2,28.9,0,1,Feature Request
CUST-101381,0,0.0,0,,None
CUST-101382,2,24.0,1,2,Technical Bug
CUST-101383,2,43.6,0,3,Feature Request
CUST-101384,0,0.0,0,,None
CUST-101385,2,64.0,1,1,Feature Request
CUST-101386,0,0.0,0,,None
CUST-101387,2,18.6,0,5,Technical Bug
CUST-101388,1,12.3,0,4,Technical Bug
CUST-101389,1,63.5,1,3,Billing Inquiry
CUST-101390,2,58.3,0,2,Billing Inquiry
CUST-101391,2,4.5,0,4,Onboarding Help
CUST-101392,5,19.1,0,1,Onboarding Help
CUST-101393,2,20.4,0,4,Onboarding Help
CUST-101394,0,0.0,0,,None
CUST-101395,1,36.6,1,3,Feature Request
CUST-101396,3,9.6,0,,Technical Bug
CUST-101397,1,20.3,0,2,Feature Request
CUST-101398,0,0.0,0,,None
CUST-101399,2,22.5,0,4,Feature Request
CUST-101400,6,13.8,0,3,Onboarding Help
CUST-101401,3,61.9,1,2,Billing Inquiry
CUST-101402,0,0.0,0,,None
CUST-101403,1,59.9,0,1,Feature Request
CUST-101404,3,44.3,0,1,Onboarding Help
CUST-101405,2,7.6,0,5,Onboarding Help
CUST-101406,3,2.9,0,5,Billing Inquiry
CUST-101407,2,21.2,0,4,Technical Bug
CUST-101408,1,11.5,0,,Onboarding Help
CUST-101409,0,0.0,0,,None
CUST-101410,1,23.6,1,3,Billing Inquiry
CUST-101411,1,5.5,0,4,Billing Inquiry
CUST-101412,1,39.4,1,3,Technical Bug
CUST-101413,2,61.6,1,2,Onboarding Help
CUST-101414,1,71.6,1,2,Feature Request
CUST-101415,1,14.5,0,4,Billing Inquiry
CUST-101416,7,26.2,0,1,Technical Bug
CUST-101417,0,0.0,0,,None
CUST-101418,0,0.0,0,,None
CUST-101419,2,22.0,0,4,Billing Inquiry
CUST-101420,6,64.9,1,3,Technical Bug
CUST-101421,2,36.7,1,3,Feature Request
CUST-101422,0,0.0,0,,None
CUST-101423,3,70.3,1,3,Onboarding Help
CUST-101424,3,19.0,0,3,Onboarding Help
CUST-101425,2,5.8,0,4,Billing Inquiry
CUST-101426,3,52.3,1,3,Onboarding Help
CUST-101427,1,23.7,0,5,Billing Inquiry
CUST-101428,2,24.8,1,1,Technical Bug
CUST-101429,0,0.0,0,,None
CUST-101430,0,0.0,0,,None
CUST-101431,3,32.5,0,1,Onboarding Help
CUST-101432,3,23.6,1,1,Feature Request
CUST-101433,1,36.6,0,2,Feature Request
CUST-101434,1,70.1,0,2,Onboarding Help
CUST-101435,0,0.0,0,,None
CUST-101436,1,22.3,0,3,Onboarding Help
CUST-101437,5,54.5,1,1,Billing Inquiry
CUST-101438,0,0.0,0,,None
CUST-101439,1,48.2,0,1,Onboarding Help
CUST-101440,0,0.0,0,,None
CUST-101441,0,0.0,0,,None
CUST-101442,0,0.0,0,,None
CUST-101443,0,0.0,0,,None
CUST-101444,0,0.0,0,,None
CUST-101445,0,0.0,0,,None
CUST-101446,1,22.9,0,5,Onboarding Help
CUST-101447,1,7.7,0,4,Billing Inquiry
CUST-101448,1,14.0,0,4,Onboarding Help
CUST-101449,0,0.0,0,,None
CUST-101450,2,16.8,0,1,Technical Bug
CUST-101451,3,20.5,0,1,Billing Inquiry
CUST-101452,0,0.0,0,,None
CUST-101453,1,44.9,0,1,Technical Bug
CUST-101454,2,34.4,0,2,Technical Bug
CUST-101455,4,18.7,1,1,Feature Request
CUST-101456,0,0.0,0,,None
CUST-101457,1,33.3,1,3,Billing Inquiry
CUST-101458,4,61.9,0,3,Technical Bug
CUST-101459,1,17.6,0,5,Billing Inquiry
CUST-101460,0,0.0,0,,None
CUST-101461,2,38.6,1,2,Feature Request
CUST-101462,1,16.4,0,2,Feature Request
CUST-101463,1,27.9,0,2,Feature Request
CUST-101464,0,0.0,0,,None
CUST-101465,1,59.6,1,2,Feature Request
CUST-101466,0,0.0,0,,None
CUST-101467,2,34.4,0,2,Feature Request
CUST-101468,4,31.8,0,2,Billing Inquiry
CUST-101469,0,0.0,0,,None
CUST-101470,2,18.2,0,,Onboarding Help
CUST-101471,2,24.5,0,1,Technical Bug
CUST-101472,4,61.5,1,3,Onboarding Help
CUST-101473,2,19.9,0,5,Billing Inquiry
CUST-101474,3,48.5,1,2,Billing Inquiry
CUST-101475,3,45.4,0,2,Onboarding Help
CUST-101476,2,23.7,0,2,Onboarding Help
CUST-101477,3,54.3,1,2,Feature Request
CUST-101478,4,57.5,0,2,Feature Request
CUST-101479,1,13.1,0,,Feature Request
CUST-101480,1,35.2,0,3,Billing Inquiry
CUST-101481,0,0.0,0,,None
CUST-101482,1,42.9,0,3,Onboarding Help
CUST-101483,1,41.1,0,1,Feature Request
CUST-101484,0,0.0,0,,None
CUST-101485,2,60.0,1,3,Billing Inquiry
CUST-101486,4,27.8,0,1,Feature Request
CUST-101487,1,6.7,0,,Onboarding Help
CUST-101488,1,12.8,0,5,Onboarding Help
CUST-101489,2,51.8,0,3,Technical Bug
CUST-101490,1,5.1,0,4,Feature Request
CUST-101491,1,63.4,0,1,Feature Request
CUST-101492,0,0.0,0,,None
CUST-101493,3,38.6,1,1,Billing Inquiry
CUST-101494,0,0.0,0,,None
CUST-101495,3,10.4,0,5,Technical Bug
CUST-101496,1,61.1,1,2,Onboarding Help
CUST-101497,4,33.4,1,3,Billing Inquiry
CUST-101498,1,56.4,0,1,Technical Bug
CUST-101499,1,32.6,0,2,Feature Request
CUST-101500,4,62.1,0,2,Onboarding Help
CUST-101501,2,23.5,0,,Technical Bug
CUST-101502,1,16.8,0,3,Onboarding Help
CUST-101503,1,7.5,0,5,Billing Inquiry
CUST-101504,2,16.9,0,4,Onboarding Help
CUST-101505,2,18.1,0,5,Feature Request
CUST-101506,1,6.8,0,5,Technical Bug
CUST-101507,3,54.7,0,1,Onboarding Help
CUST-101508,2,30.2,0,3,Technical Bug
CUST-101509,1,20.2,0,3,Technical Bug
CUST-101510,0,0.0,0,,None
CUST-101511,0,0.0,0,,None
CUST-101512,1,66.3,1,3,Billing Inquiry
CUST-101513,1,51.9,0,1,Technical Bug
CUST-101514,2,61.4,1,3,Technical Bug
CUST-101515,1,29.8,1,3,Feature Request
CUST-101516,0,0.0,0,,None
CUST-101517,3,43.3,0,1,Billing Inquiry
CUST-101518,1,5.3,0,5,Billing Inquiry
CUST-101519,2,50.0,1,2,Technical Bug
CUST-101520,0,0.0,0,,None
CUST-101521,1,38.2,0,3,Technical Bug
CUST-101522,0,0.0,0,,None
CUST-101523,2,3.4,0,4,Feature Request
CUST-101524,1,14.1,0,4,Feature Request
CUST-101525,2,57.4,0,2,Billing Inquiry
CUST-101526,1,45.2,1,1,Billing Inquiry
CUST-101527,1,22.8,1,3,Billing Inquiry
CUST-101528,3,39.3,1,1,Onboarding Help
CUST-101529,0,0.0,0,,None
CUST-101530,3,59.7,0,3,Billing Inquiry
CUST-101531,1,21.8,0,4,Onboarding Help
CUST-101532,1,14.2,0,3,Technical Bug
CUST-101533,2,15.6,0,4,Technical Bug
CUST-101534,2,17.7,0,4,Feature Request
CUST-101535,0,0.0,0,,None
CUST-101536,2,53.7,1,3,Onboarding Help
CUST-101537,2,32.4,1,2,Onboarding Help
CUST-101538,2,55.0,0,1,Onboarding Help
CUST-101539,0,0.0,0,,None
CUST-101540,1,39.1,0,1,Technical Bug
CUST-101541,2,56.7,0,1,Technical Bug
CUST-101542,3,42.0,1,2,Feature Request
CUST-101543,1,21.0,0,4,Feature Request
CUST-101544,0,0.0,0,,None
CUST-101545,0,0.0,0,,None
CUST-101546,0,0.0,0,,None
CUST-101547,2,37.3,0,3,Feature Request
CUST-101548,2,27.4,0,3,Onboarding Help
CUST-101549,3,17.3,1,2,Onboarding Help
CUST-101550,1,40.0,0,1,Billing Inquiry
CUST-101551,2,32.6,0,2,Technical Bug
CUST-101552,0,0.0,0,,None
CUST-101553,1,53.6,0,2,Onboarding Help
CUST-101554,4,48.5,0,3,Onboarding Help
CUST-101555,3,64.3,1,3,Billing Inquiry
CUST-101556,2,21.9,0,4,Technical Bug
CUST-101557,3,63.1,0,3,Feature Request
CUST-101558,2,41.6,0,1,Onboarding Help
CUST-101559,1,45.4,1,1,Onboarding Help
CUST-101560,2,15.9,0,4,Feature Request
CUST-101561,1,10.4,0,5,Feature Request
CUST-101562,1,57.3,1,1,Technical Bug
CUST-101563,1,13.6,0,5,Billing Inquiry
CUST-101564,1,43.7,1,1,Feature Request
CUST-101565,1,43.5,0,1,Technical Bug
CUST-101566,2,21.0,0,3,Feature Request
CUST-101567,1,15.9,0,,Feature Request
CUST-101568,2,19.6,0,4,Onboarding Help
CUST-101569,0,0.0,0,,None
CUST-101570,0,0.0,0,,None
CUST-101571,4,60.3,0,1,Billing Inquiry
CUST-101572,1,21.2,0,5,Feature Request
CUST-101573,1,32.9,0,2,Technical Bug
CUST-101574,0,0.0,0,,None
CUST-101575,1,23.7,0,,Feature Request
CUST-101576,2,59.1,1,1,Technical Bug
CUST-101577,2,69.6,0,1,Billing Inquiry
CUST-101578,2,8.4,0,5,Onboarding Help
CUST-101579,2,32.8,1,1,Feature Request
CUST-101580,1,4.9,0,4,Onboarding Help
CUST-101581,2,13.8,0,4,Billing Inquiry
CUST-101582,1,60.1,0,1,Billing Inquiry
CUST-101583,1,19.4,0,,Technical Bug
CUST-101584,2,12.2,0,2,Billing Inquiry
CUST-101585,2,31.8,0,3,Feature Request
CUST-101586,1,23.6,1,2,Feature Request
CUST-101587,2,27.3,0,2,Billing Inquiry
CUST-101588,0,0.0,0,,None
CUST-101589,3,15.4,1,1,Technical Bug
CUST-101590,1,20.2,0,4,Technical Bug
CUST-101591,1,22.7,0,,Technical Bug
CUST-101592,1,52.2,1,3,Feature Request
CUST-101593,2,6.8,0,5,Billing Inquiry
CUST-101594,1,13.0,0,5,Feature Request
CUST-101595,2,23.7,0,4,Feature Request
CUST-101596,1,40.7,0,3,Technical Bug
CUST-101597,2,65.3,0,2,Technical Bug
CUST-101598,0,0.0,0,,None
CUST-101599,1,17.9,0,,Billing Inquiry
CUST-101600,1,17.6,0,2,Onboarding Help
CUST-101601,0,0.0,0,,None
CUST-101602,2,16.2,0,1,Onboarding Help
CUST-101603,1,51.5,1,2,Billing Inquiry
CUST-101604,0,0.0,0,,None
CUST-101605,0,0.0,0,,None
CUST-101606,2,36.9,0,3,Technical Bug
CUST-101607,0,0.0,0,,None
CUST-101608,2,19.9,0,5,Onboarding Help
CUST-101609,2,25.4,0,1,Onboarding Help
CUST-101610,1,15.4,1,2,Technical Bug
CUST-101611,4,60.9,0,2,Onboarding Help
CUST-101612,4,48.4,1,1,Billing Inquiry
CUST-101613,2,35.9,0,2,Onboarding Help
CUST-101614,2,17.5,0,1,Billing Inquiry
CUST-101615,2,50.5,1,1,Feature Request
CUST-101616,0,0.0,0,,None
CUST-101617,1,38.1,1,3,Onboarding Help
CUST-101618,6,65.3,0,3,Onboarding Help
CUST-101619,4,10.8,0,4,Billing Inquiry
CUST-101620,1,62.2,0,3,Onboarding Help
CUST-101621,4,60.5,1,3,Feature Request
CUST-101622,0,0.0,0,,None
CUST-101623,0,0.0,0,,None
CUST-101624,0,0.0,0,,None
CUST-101625,1,23.5,0,4,Technical Bug
CUST-101626,1,12.8,0,3,Technical Bug
CUST-101627,1,18.9,0,4,Onboarding Help
CUST-101628,2,37.6,0,3,Technical Bug
CUST-101629,1,13.2,0,5,Onboarding Help
CUST-101630,1,23.5,1,1,Feature Request
CUST-101631,0,0.0,0,,None
CUST-101632,1,32.7,0,2,Billing Inquiry
CUST-101633,2,70.3,0,2,Feature Request
CUST-101634,3,33.9,1,3,Onboarding Help
CUST-101635,2,35.3,0,3,Billing Inquiry
CUST-101636,1,10.9,0,4,Technical Bug
CUST-101637,3,8.3,0,4,Technical Bug
CUST-101638,2,22.0,0,4,Onboarding Help
CUST-101639,1,34.5,1,1,Technical Bug
CUST-101640,0,0.0,0,,None
CUST-101641,1,2.1,0,5,Technical Bug
CUST-101642,0,0.0,0,,None
CUST-101643,2,40.4,0,3,Technical Bug
CUST-101644,3,19.9,0,5,Onboarding Help
CUST-101645,2,12.6,0,3,Technical Bug
CUST-101646,2,3.4,0,4,Billing Inquiry
CUST-101647,2,11.0,0,,Billing Inquiry
CUST-101648,1,64.1,0,2,Onboarding Help
CUST-101649,1,41.0,0,3,Onboarding Help
CUST-101650,3,15.6,1,3,Onboarding Help
CUST-101651,1,56.2,0,1,Onboarding Help
CUST-101652,0,0.0,0,,None
CUST-101653,1,16.8,0,4,Feature Request
CUST-101654,0,0.0,0,,None
CUST-101655,0,0.0,0,,None
CUST-101656,1,22.8,0,3,Onboarding Help
CUST-101657,1,5.8,0,4,Onboarding Help
CUST-101658,0,0.0,0,,None
CUST-101659,2,27.4,0,1,Billing Inquiry
CUST-101660,5,28.8,0,1,Technical Bug
CUST-101661,0,0.0,0,,None
CUST-101662,1,22.7,0,4,Technical Bug
CUST-101663,2,31.5,1,3,Onboarding Help
CUST-101664,0,0.0,0,,None
CUST-101665,2,67.0,0,3,Feature Request
CUST-101666,0,0.0,0,,None
CUST-101667,0,0.0,0,,None
CUST-101668,1,6.1,0,4,Feature Request
CUST-101669,1,8.1,0,4,Billing Inquiry
CUST-101670,0,0.0,0,,None
CUST-101671,2,13.4,0,4,Onboarding Help
CUST-101672,3,33.1,1,2,Billing Inquiry
CUST-101673,3,22.6,0,4,Onboarding Help
CUST-101674,0,0.0,0,,None
CUST-101675,2,38.4,1,1,Billing Inquiry
CUST-101676,1,52.0,0,3,Billing Inquiry
CUST-101677,3,71.6,1,2,Onboarding Help
CUST-101678,1,6.9,0,4,Technical Bug
CUST-101679,1,4.9,0,,Onboarding Help
CUST-101680,1,6.3,0,4,Technical Bug
CUST-101681,2,4.1,0,,Billing Inquiry
CUST-101682,2,28.8,1,1,Feature Request
CUST-101683,3,57.7,0,3,Billing Inquiry
CUST-101684,2,23.3,0,,Onboarding Help
CUST-101685,3,29.2,0,1,Onboarding Help
CUST-101686,1,2.7,0,5,Billing Inquiry
CUST-101687,0,0.0,0,,None
CUST-101688,4,53.6,1,1,Technical Bug
CUST-101689,2,4.8,0,4,Billing Inquiry
CUST-101690,0,0.0,0,,None
CUST-101691,5,21.8,0,1,Technical Bug
CUST-101692,3,66.4,0,1,Feature Request
CUST-101693,1,31.1,1,2,Onboarding Help
CUST-101694,0,0.0,0,,None
CUST-101695,1,20.5,0,2,Onboarding Help
CUST-101696,2,3.2,0,4,Onboarding Help
CUST-101697,2,13.4,0,4,Feature Request
CUST-101698,4,70.7,1,3,Onboarding Help
CUST-101699,0,0.0,0,,None
CUST-101700,1,13.7,0,,Feature Request
CUST-101701,1,71.7,0,1,Feature Request
CUST-101702,1,9.9,0,,Billing Inquiry
CUST-101703,1,71.5,1,3,Billing Inquiry
CUST-101704,3,58.1,1,3,Feature Request
CUST-101705,0,0.0,0,,None
CUST-101706,2,24.1,1,3,Technical Bug
CUST-101707,0,0.0,0,,None
CUST-101708,1,2.2,0,5,Feature Request
CUST-101709,3,39.9,1,2,Technical Bug
CUST-101710,2,70.6,1,3,Onboarding Help
CUST-101711,1,4.4,0,5,Technical Bug
CUST-101712,1,4.7,0,5,Billing Inquiry
CUST-101713,4,28.3,1,2,Onboarding Help
CUST-101714,2,60.6,0,1,Onboarding Help
CUST-101715,1,64.6,1,3,Onboarding Help
CUST-101716,1,4.2,0,4,Onboarding Help
CUST-101717,1,17.0,0,4,Onboarding Help
CUST-101718,2,60.3,1,1,Billing Inquiry
CUST-101719,0,0.0,0,,None
CUST-101720,2,14.0,0,5,Onboarding Help
CUST-101721,6,58.1,0,3,Billing Inquiry
CUST-101722,0,0.0,0,,None
CUST-101723,3,22.7,0,1,Billing Inquiry
CUST-101724,2,31.3,0,2,Billing Inquiry
CUST-101725,1,50.2,0,2,Technical Bug
CUST-101726,2,39.1,0,1,Billing Inquiry
CUST-101727,1,12.3,0,3,Technical Bug
CUST-101728,1,17.5,0,5,Onboarding Help
CUST-101729,6,37.5,1,2,Feature Request
CUST-101730,2,17.1,0,5,Onboarding Help
CUST-101731,1,66.0,0,1,Onboarding Help
CUST-101732,3,19.8,0,2,Technical Bug
CUST-101733,0,0.0,0,,None
CUST-101734,1,25.2,0,1,Onboarding Help
CUST-101735,2,2.1,0,,Feature Request
CUST-101736,2,19.9,0,1,Billing Inquiry
CUST-101737,5,58.2,0,2,Feature Request
CUST-101738,4,54.1,1,1,Technical Bug
CUST-101739,0,0.0,0,,None
CUST-101740,0,0.0,0,,None
CUST-101741,1,68.2,0,3,Onboarding Help
CUST-101742,2,14.3,0,4,Billing Inquiry
CUST-101743,4,42.7,1,1,Billing Inquiry
CUST-101744,1,41.6,1,2,Feature Request
CUST-101745,1,10.0,0,4,Billing Inquiry
CUST-101746,0,0.0,0,,None
CUST-101747,2,57.2,0,3,Feature Request
CUST-101748,1,18.7,0,4,Technical Bug
CUST-101749,0,0.0,0,,None
CUST-101750,0,0.0,0,,None
CUST-101751,1,6.5,0,5,Onboarding Help
CUST-101752,1,53.5,1,3,Feature Request
CUST-101753,3,35.6,1,2,Billing Inquiry
CUST-101754,1,54.2,0,2,Billing Inquiry
CUST-101755,0,0.0,0,,None
CUST-101756,4,58.6,0,3,Billing Inquiry
CUST-101757,1,5.9,0,5,Billing Inquiry
CUST-101758,0,0.0,0,,None
CUST-101759,1,11.8,0,5,Billing Inquiry
CUST-101760,2,16.0,0,3,Technical Bug
CUST-101761,0,0.0,0,,None
CUST-101762,0,0.0,0,,None
CUST-101763,2,35.9,0,1,Technical Bug
CUST-101764,0,0.0,0,,None
CUST-101765,2,41.6,0,3,Technical Bug
CUST-101766,3,44.5,0,3,Technical Bug
CUST-101767,2,17.9,1,3,Feature Request
CUST-101768,3,57.6,0,2,Feature Request
CUST-101769,5,53.8,1,3,Technical Bug
CUST-101770,4,48.3,0,2,Feature Request
CUST-101771,1,20.1,0,3,Billing Inquiry
CUST-101772,0,0.0,0,,None
CUST-101773,1,15.8,0,5,Feature Request
CUST-101774,1,7.2,0,4,Feature Request
CUST-101775,1,14.5,1,1,Feature Request
CUST-101776,1,59.3,0,2,Feature Request
CUST-101777,1,20.8,0,4,Feature Request
CUST-101778,0,0.0,0,,None
CUST-101779,3,29.8,0,3,Onboarding Help
CUST-101780,0,0.0,0,,None
CUST-101781,1,23.1,0,3,Onboarding Help
CUST-101782,1,23.3,0,5,Technical Bug
CUST-101783,3,67.8,1,2,Technical Bug
CUST-101784,1,7.3,0,,Onboarding Help
CUST-101785,4,19.6,0,3,Feature Request
CUST-101786,0,0.0,0,,None
CUST-101787,0,0.0,0,,None
CUST-101788,1,14.9,0,5,Billing Inquiry
CUST-101789,2,5.2,0,,Technical Bug
CUST-101790,0,0.0,0,,None
CUST-101791,1,54.6,1,1,Technical Bug
CUST-101792,3,55.0,1,3,Feature Request
CUST-101793,5,64.4,1,1,Billing Inquiry
CUST-101794,0,0.0,0,,None
CUST-101795,0,0.0,0,,None
CUST-101796,4,69.4,1,3,Billing Inquiry
CUST-101797,0,0.0,0,,None
CUST-101798,2,3.8,0,5,Technical Bug
CUST-101799,1,59.9,0,2,Onboarding Help
CUST-101800,2,48.2,1,3,Billing Inquiry
CUST-101801,2,23.0,0,,Onboarding Help
CUST-101802,0,0.0,0,,None
CUST-101803,1,51.7,0,3,Feature Request
CUST-101804,2,58.4,0,1,Billing Inquiry
CUST-101805,1,6.3,0,4,Feature Request
CUST-101806,2,6.5,0,5,Technical Bug
CUST-101807,0,0.0,0,,None
CUST-101808,0,0.0,0,,None
CUST-101809,0,0.0,0,,None
CUST-101810,1,22.7,0,5,Onboarding Help
CUST-101811,0,0.0,0,,None
CUST-101812,1,38.5,1,1,Feature Request
CUST-101813,2,48.0,1,3,Billing Inquiry
CUST-101814,2,26.3,1,1,Technical Bug
CUST-101815,1,45.1,0,1,Onboarding Help
CUST-101816,3,62.9,0,2,Billing Inquiry
CUST-101817,0,0.0,0,,None
CUST-101818,2,12.3,0,4,Billing Inquiry
CUST-101819,1,12.5,0,5,Feature Request
CUST-101820,2,16.7,0,4,Onboarding Help
CUST-101821,4,68.1,0,1,Technical Bug
CUST-101822,0,0.0,0,,None
CUST-101823,2,39.7,1,3,Feature Request
CUST-101824,0,0.0,0,,None
CUST-101825,1,5.9,0,4,Billing Inquiry
CUST-101826,0,0.0,0,,None
CUST-101827,1,15.0,0,5,Onboarding Help
CUST-101828,2,14.3,0,4,Feature Request
CUST-101829,0,0.0,0,,None
CUST-101830,2,18.1,0,3,Billing Inquiry
CUST-101831,1,12.5,0,4,Onboarding Help
CUST-101832,5,21.3,0,3,Feature Request
CUST-101833,1,15.6,0,4,Feature Request
CUST-101834,1,11.9,0,,Feature Request
CUST-101835,2,50.8,0,2,Technical Bug
CUST-101836,2,9.3,0,5,Technical Bug
CUST-101837,3,48.5,1,1,Feature Request
CUST-101838,1,15.3,0,2,Technical Bug
CUST-101839,4,28.3,0,1,Billing Inquiry
CUST-101840,0,0.0,0,,None
CUST-101841,1,35.6,0,2,Feature Request
CUST-101842,1,14.3,0,,Onboarding Help
CUST-101843,2,12.2,0,5,Technical Bug
CUST-101844,2,24.7,1,1,Onboarding Help
CUST-101845,2,38.9,0,1,Billing Inquiry
CUST-101846,0,0.0,0,,None
CUST-101847,0,0.0,0,,None
CUST-101848,0,0.0,0,,None
CUST-101849,1,15.4,0,5,Billing Inquiry
CUST-101850,2,18.7,1,1,Feature Request
CUST-101851,0,0.0,0,,None
CUST-101852,7,33.6,0,3,Feature Request
CUST-101853,0,0.0,0,,None
CUST-101854,1,4.5,0,,Feature Request
CUST-101855,2,11.6,0,4,Onboarding Help
CUST-101856,0,0.0,0,,None
CUST-101857,0,0.0,0,,None
CUST-101858,0,0.0,0,,None
CUST-101859,1,20.5,0,5,Technical Bug
CUST-101860,1,3.0,0,5,Feature Request
CUST-101861,2,41.0,0,2,Feature Request
CUST-101862,0,0.0,0,,None
CUST-101863,4,20.2,0,3,Billing Inquiry
CUST-101864,2,52.5,0,1,Technical Bug
CUST-101865,2,23.4,0,4,Onboarding Help
CUST-101866,0,0.0,0,,None
CUST-101867,1,15.6,0,2,Technical Bug
CUST-101868,1,51.4,0,3,Onboarding Help
CUST-101869,1,19.7,0,4,Feature Request
CUST-101870,4,56.9,0,2,Onboarding Help
CUST-101871,1,15.2,0,4,Billing Inquiry
CUST-101872,1,10.4,0,5,Billing Inquiry
CUST-101873,0,0.0,0,,None
CUST-101874,0,0.0,0,,None
CUST-101875,4,55.7,0,1,Feature Request
CUST-101876,0,0.0,0,,None
CUST-101877,3,10.3,0,4,Feature Request
CUST-101878,2,43.3,1,1,Technical Bug
CUST-101879,2,2.7,0,4,Feature Request
CUST-101880,3,26.6,0,1,Feature Request
CUST-101881,2,43.2,1,3,Feature Request
CUST-101882,1,10.7,0,5,Onboarding Help
CUST-101883,0,0.0,0,,None
CUST-101884,4,49.8,0,1,Billing Inquiry
CUST-101885,0,0.0,0,,None
CUST-101886,0,0.0,0,,None
CUST-101887,1,16.5,1,2,Feature Request
CUST-101888,2,5.3,0,4,Technical Bug
CUST-101889,0,0.0,0,,None
CUST-101890,1,68.2,1,2,Technical Bug
CUST-101891,1,8.6,0,4,Feature Request
CUST-101892,0,0.0,0,,None
CUST-101893,1,4.3,0,5,Feature Request
CUST-101894,1,15.1,0,3,Onboarding Help
CUST-101895,0,0.0,0,,None
CUST-101896,2,4.7,0,5,Feature Request
CUST-101897,1,13.0,0,5,Onboarding Help
CUST-101898,1,7.3,0,5,Onboarding Help
CUST-101899,2,66.8,0,3,Feature Request
CUST-101900,5,36.3,0,1,Technical Bug
CUST-101901,1,4.0,0,4,Onboarding Help
CUST-101902,1,22.6,0,5,Technical Bug
CUST-101903,0,0.0,0,,None
CUST-101904,1,14.7,0,4,Technical Bug
CUST-101905,2,67.2,0,1,Onboarding Help
CUST-101906,1,66.0,0,1,Billing Inquiry
CUST-101907,0,0.0,0,,None
CUST-101908,0,0.0,0,,None
CUST-101909,1,19.2,0,4,Technical Bug
CUST-101910,0,0.0,0,,None
CUST-101911,1,30.6,1,1,Billing Inquiry
CUST-101912,2,28.6,0,3,Feature Request
CUST-101913,1,14.2,0,4,Technical Bug
CUST-101914,1,17.6,0,1,Feature Request
CUST-101915,3,35.9,0,3,Technical Bug
CUST-101916,0,0.0,0,,None
CUST-101917,3,3.5,0,4,Billing Inquiry
CUST-101918,1,15.9,0,5,Billing Inquiry
CUST-101919,1,10.1,0,5,Technical Bug
CUST-101920,3,54.3,1,3,Billing Inquiry
CUST-101921,0,0.0,0,,None
CUST-101922,2,20.1,1,1,Technical Bug
CUST-101923,0,0.0,0,,None
CUST-101924,1,22.8,0,4,Technical Bug
CUST-101925,0,0.0,0,,None
CUST-101926,2,62.9,0,1,Billing Inquiry
CUST-101927,1,68.4,0,2,Onboarding Help
CUST-101928,3,35.3,0,2,Billing Inquiry
CUST-101929,3,69.3,1,1,Technical Bug
CUST-101930,2,69.2,0,2,Feature Request
CUST-101931,1,29.8,0,3,Billing Inquiry
CUST-101932,0,0.0,0,,None
CUST-101933,1,38.7,0,2,Technical Bug
CUST-101934,0,0.0,0,,None
CUST-101935,1,15.2,0,5,Feature Request
CUST-101936,4,29.7,0,3,Feature Request
CUST-101937,2,12.3,0,1,Technical Bug
CUST-101938,1,16.0,0,4,Onboarding Help
CUST-101939,1,18.2,0,,Technical Bug
CUST-101940,1,21.6,1,2,Onboarding Help
CUST-101941,0,0.0,0,,None
CUST-101942,3,35.6,0,3,Onboarding Help
CUST-101943,1,17.5,1,2,Billing Inquiry
CUST-101944,2,68.1,1,2,Billing Inquiry
CUST-101945,0,0.0,0,,None
CUST-101946,1,39.5,1,1,Feature Request
CUST-101947,2,4.2,0,5,Billing Inquiry
CUST-101948,3,40.5,0,2,Onboarding Help
CUST-101949,1,18.0,0,4,Feature Request
CUST-101950,1,10.5,0,4,Onboarding Help
CUST-101951,2,11.8,0,5,Billing Inquiry
CUST-101952,2,28.7,1,1,Technical Bug
CUST-101953,0,0.0,0,,None
CUST-101954,0,0.0,0,,None
CUST-101955,0,0.0,0,,None
CUST-101956,2,44.9,0,3,Technical Bug
CUST-101957,0,0.0,0,,None
CUST-101958,2,55.4,1,3,Technical Bug
CUST-101959,1,14.3,0,5,Feature Request
CUST-101960,1,32.4,0,2,Technical Bug
CUST-101961,0,0.0,0,,None
CUST-101962,1,8.9,0,4,Feature Request
CUST-101963,1,18.6,1,3,Feature Request
CUST-101964,0,0.0,0,,None
CUST-101965,4,20.0,0,1,Technical Bug
CUST-101966,0,0.0,0,,None
CUST-101967,0,0.0,0,,None
CUST-101968,3,16.2,1,3,Technical Bug
CUST-101969,2,55.3,1,3,Billing Inquiry
CUST-101970,1,3.7,0,5,Billing Inquiry
CUST-101971,2,15.1,0,4,Technical Bug
CUST-101972,0,0.0,0,,None
CUST-101973,1,4.8,0,4,Billing Inquiry
CUST-101974,1,69.7,0,1,Technical Bug
CUST-101975,1,61.1,0,2,Technical Bug
CUST-101976,1,13.4,0,5,Technical Bug
CUST-101977,3,38.9,1,1,Onboarding Help
CUST-101978,4,56.7,0,3,Billing Inquiry
CUST-101979,3,18.9,0,1,Feature Request
CUST-101980,1,11.9,0,5,Onboarding Help
CUST-101981,1,17.2,0,4,Feature Request
CUST-101982,2,13.1,0,4,Feature Request
CUST-101983,2,28.5,1,1,Onboarding Help
CUST-101984,2,20.6,0,,Billing Inquiry
CUST-101985,1,54.6,0,1,Feature Request
CUST-101986,2,6.7,0,4,Feature Request
CUST-101987,1,51.7,1,2,Onboarding Help
CUST-101988,2,14.8,0,4,Onboarding Help
CUST-101989,1,49.3,0,3,Feature Request
CUST-101990,2,18.9,0,2,Technical Bug
CUST-101991,2,59.2,0,3,Onboarding Help
CUST-101992,3,59.6,0,2,Onboarding Help
CUST-101993,1,40.6,0,2,Feature Request
CUST-101994,4,37.2,1,1,Technical Bug
CUST-101995,1,14.6,0,4,Billing Inquiry
CUST-101996,2,53.6,1,1,Billing Inquiry
CUST-101997,0,0.0,0,,None
CUST-101998,3,62.7,1,1,Technical Bug
CUST-101999,4,50.4,1,2,Technical Bug
CUST-102000,1,12.0,0,5,Feature Request
CUST-102001,3,69.6,0,2,Feature Request
CUST-102002,0,0.0,0,,None
CUST-102003,3,25.2,0,2,Billing Inquiry
CUST-102004,1,5.1,0,4,Billing Inquiry
CUST-102005,1,31.1,0,1,Feature Request
CUST-102006,6,36.3,1,3,Technical Bug
CUST-102007,1,9.6,0,5,Billing Inquiry
CUST-102008,1,67.8,0,3,Onboarding Help
CUST-102009,1,28.8,1,1,Feature Request
CUST-102010,2,8.2,0,4,Billing Inquiry
CUST-102011,4,16.1,0,2,Billing Inquiry
CUST-102012,1,37.1,1,1,Onboarding Help
CUST-102013,0,0.0,0,,None
CUST-102014,1,22.1,0,5,Billing Inquiry
CUST-102015,2,37.1,1,2,Billing Inquiry
CUST-102016,2,50.4,0,3,Onboarding Help
CUST-102017,1,63.8,1,1,Onboarding Help
CUST-102018,1,58.1,1,3,Feature Request
CUST-102019,2,12.3,0,4,Billing Inquiry
CUST-102020,4,34.3,1,3,Technical Bug
CUST-102021,0,0.0,0,,None
CUST-102022,1,8.8,0,5,Onboarding Help
CUST-102023,1,28.4,0,2,Billing Inquiry
CUST-102024,1,18.2,0,4,Billing Inquiry
CUST-102025,0,0.0,0,,None
CUST-102026,0,0.0,0,,None
CUST-102027,3,53.9,0,2,Feature Request
CUST-102028,2,22.7,0,,Onboarding Help
CUST-102029,1,32.7,0,2,Technical Bug
CUST-102030,1,13.9,0,4,Billing Inquiry
CUST-102031,3,12.0,0,2,Billing Inquiry
CUST-102032,3,57.3,1,3,Technical Bug
CUST-102033,1,3.9,0,4,Onboarding Help
CUST-102034,2,18.4,0,5,Technical Bug
CUST-102035,1,67.8,0,2,Technical Bug
CUST-102036,6,64.7,0,2,Billing Inquiry
CUST-102037,2,18.0,1,3,Feature Request
CUST-102038,0,0.0,0,,None
CUST-102039,1,21.9,0,5,Onboarding Help
CUST-102040,0,0.0,0,,None
CUST-102041,2,9.3,0,,Billing Inquiry
CUST-102042,1,7.4,0,4,Onboarding Help
CUST-102043,1,8.1,0,5,Billing Inquiry
CUST-102044,1,56.7,1,1,Feature Request
CUST-102045,2,8.1,0,5,Feature Request
CUST-102046,0,0.0,0,,None
CUST-102047,1,6.7,0,,Onboarding Help
CUST-102048,2,23.1,1,3,Feature Request
CUST-102049,1,45.5,0,2,Feature Request
CUST-102050,2,66.1,0,3,Technical Bug
CUST-102051,3,31.7,0,2,Billing Inquiry
CUST-102052,1,15.2,0,,Technical Bug
CUST-102053,1,2.6,0,4,Feature Request
CUST-102054,4,69.1,0,1,Technical Bug
CUST-102055,1,28.2,0,3,Feature Request
CUST-102056,0,0.0,0,,None
CUST-102057,0,0.0,0,,None
CUST-102058,0,0.0,0,,None
CUST-102059,2,39.9,1,3,Onboarding Help
CUST-102060,0,0.0,0,,None
CUST-102061,2,56.6,1,3,Technical Bug
CUST-102062,3,13.6,1,1,Billing Inquiry
CUST-102063,1,59.8,0,2,Onboarding Help
CUST-102064,2,13.1,0,2,Feature Request
CUST-102065,0,0.0,0,,None
CUST-102066,1,22.5,0,5,Billing Inquiry
CUST-102067,1,3.1,0,5,Feature Request
CUST-102068,3,39.2,0,2,Feature Request
CUST-102069,1,23.9,0,2,Technical Bug
CUST-102070,5,63.7,0,1,Feature Request
CUST-102071,1,56.8,0,1,Onboarding Help
CUST-102072,1,14.0,0,4,Onboarding Help
CUST-102073,0,0.0,0,,None
CUST-102074,1,47.0,0,3,Technical Bug
CUST-102075,1,2.5,0,,Onboarding Help
CUST-102076,2,41.3,0,2,Onboarding Help
CUST-102077,0,0.0,0,,None
CUST-102078,1,31.1,0,3,Onboarding Help
CUST-102079,1,15.1,0,,Feature Request
CUST-102080,0,0.0,0,,None
CUST-102081,1,10.7,0,5,Feature Request
CUST-102082,0,0.0,0,,None
CUST-102083,1,19.2,0,,Billing Inquiry
CUST-102084,1,21.3,0,5,Technical Bug
CUST-102085,1,63.0,1,2,Onboarding Help
CUST-102086,3,23.8,1,2,Onboarding Help
CUST-102087,0,0.0,0,,None
CUST-102088,0,0.0,0,,None
CUST-102089,1,21.5,0,5,Technical Bug
CUST-102090,0,0.0,0,,None
CUST-102091,0,0.0,0,,None
CUST-102092,2,70.2,1,1,Technical Bug
CUST-102093,1,4.8,0,5,Onboarding Help
CUST-102094,1,18.9,1,2,Billing Inquiry
CUST-102095,0,0.0,0,,None
CUST-102096,0,0.0,0,,None
CUST-102097,1,12.6,0,4,Feature Request
CUST-102098,2,41.9,0,1,Technical Bug
CUST-102099,2,47.0,1,3,Technical Bug
CUST-102100,1,9.0,0,4,Feature Request
CUST-102101,3,28.5,1,2,Billing Inquiry
CUST-102102,0,0.0,0,,None
CUST-102103,0,0.0,0,,None
CUST-102104,1,8.5,0,5,Onboarding Help
CUST-102105,3,66.5,1,1,Billing Inquiry
CUST-102106,1,2.7,0,5,Feature Request
CUST-102107,0,0.0,0,,None
CUST-102108,0,0.0,0,,None
CUST-102109,0,0.0,0,,None
CUST-102110,1,51.4,0,1,Technical Bug
CUST-102111,2,22.2,0,5,Onboarding Help
CUST-102112,2,23.6,0,3,Billing Inquiry
CUST-102113,1,49.5,1,2,Onboarding Help
CUST-102114,1,32.7,0,1,Onboarding Help
CUST-102115,4,63.1,0,1,Technical Bug
CUST-102116,1,4.5,0,,Onboarding Help
CUST-102117,1,20.1,0,4,Feature Request
CUST-102118,3,19.8,0,4,Onboarding Help
CUST-102119,1,21.7,0,1,Onboarding Help
CUST-102120,3,18.4,0,1,Onboarding Help
CUST-102121,1,65.3,1,3,Onboarding Help
CUST-102122,1,51.4,0,1,Onboarding Help
CUST-102123,1,39.2,0,3,Technical Bug
CUST-102124,1,34.0,0,3,Feature Request
CUST-102125,1,34.1,0,3,Feature Request
CUST-102126,2,9.0,0,5,Feature Request
CUST-102127,1,63.1,1,1,Billing Inquiry
CUST-102128,0,0.0,0,,None
CUST-102129,2,25.3,1,1,Onboarding Help
CUST-102130,0,0.0,0,,None
CUST-102131,0,0.0,0,,None
CUST-102132,0,0.0,0,,None
CUST-102133,0,0.0,0,,None
CUST-102134,1,30.6,0,3,Billing Inquiry
CUST-102135,0,0.0,0,,None
CUST-102136,0,0.0,0,,None
CUST-102137,0,0.0,0,,None
CUST-102138,4,25.6,1,1,Billing Inquiry
CUST-102139,3,63.1,0,3,Onboarding Help
CUST-102140,3,59.9,1,2,Feature Request
CUST-102141,2,44.8,0,3,Billing Inquiry
CUST-102142,2,5.5,0,5,Technical Bug
CUST-102143,1,26.4,1,3,Technical Bug
CUST-102144,1,23.5,0,5,Feature Request
CUST-102145,1,12.0,0,4,Onboarding Help
CUST-102146,0,0.0,0,,None
CUST-102147,2,17.1,0,5,Feature Request
CUST-102148,1,49.8,0,3,Technical Bug
CUST-102149,0,0.0,0,,None
CUST-102150,0,0.0,0,,None
CUST-102151,0,0.0,0,,None
CUST-102152,0,0.0,0,,None
CUST-102153,0,0.0,0,,None
CUST-102154,0,0.0,0,,None
CUST-102155,1,12.3,0,5,Feature Request
CUST-102156,1,14.6,1,3,Technical Bug
CUST-102157,2,21.3,0,5,Feature Request
CUST-102158,2,17.6,0,4,Feature Request
CUST-102159,3,61.4,0,3,Feature Request
CUST-102160,2,43.3,0,1,Feature Request
CUST-102161,1,7.8,0,5,Onboarding Help
CUST-102162,4,31.6,1,3,Billing Inquiry
CUST-102163,0,0.0,0,,None
CUST-102164,1,15.4,0,2,Onboarding Help
CUST-102165,0,0.0,0,,None
CUST-102166,2,45.1,1,3,Billing Inquiry
CUST-102167,1,15.2,0,4,Technical Bug
CUST-102168,6,13.2,0,3,Billing Inquiry
CUST-102169,3,31.6,0,3,Billing Inquiry
CUST-102170,0,0.0,0,,None
CUST-102171,2,57.9,0,1,Billing Inquiry
CUST-102172,0,0.0,0,,None
CUST-102173,1,10.4,0,,Billing Inquiry
CUST-102174,1,17.2,0,1,Technical Bug
CUST-102175,0,0.0,0,,None
CUST-102176,2,17.3,0,5,Technical Bug
CUST-102177,2,15.2,0,4,Billing Inquiry
CUST-102178,3,33.6,1,3,Onboarding Help
CUST-102179,1,3.6,0,4,Technical Bug
CUST-102180,0,0.0,0,,None
CUST-102181,2,13.9,0,4,Feature Request
CUST-102182,0,0.0,0,,None
CUST-102183,0,0.0,0,,None
CUST-102184,0,0.0,0,,None
CUST-102185,1,12.5,0,5,Billing Inquiry
CUST-102186,2,30.3,1,1,Technical Bug
CUST-102187,0,0.0,0,,None
CUST-102188,4,35.5,0,2,Feature Request
CUST-102189,1,18.2,1,2,Billing Inquiry
CUST-102190,0,0.0,0,,None
CUST-102191,4,39.6,1,3,Billing Inquiry
CUST-102192,3,11.1,0,4,Onboarding Help
CUST-102193,4,63.8,1,2,Onboarding Help
CUST-102194,2,58.5,1,2,Billing Inquiry
CUST-102195,0,0.0,0,,None
CUST-102196,1,4.2,0,4,Feature Request
CUST-102197,1,13.4,0,5,Feature Request
CUST-102198,0,0.0,0,,None
CUST-102199,0,0.0,0,,None
CUST-102200,0,0.0,0,,None
CUST-102201,2,34.7,0,2,Billing Inquiry
CUST-102202,1,35.9,1,3,Billing Inquiry
CUST-102203,4,19.9,1,1,Billing Inquiry
CUST-102204,0,0.0,0,,None
CUST-102205,0,0.0,0,,None
CUST-102206,0,0.0,0,,None
CUST-102207,1,11.8,0,5,Billing Inquiry
CUST-102208,0,0.0,0,,None
CUST-102209,1,19.6,0,1,Feature Request
CUST-102210,1,13.6,0,4,Onboarding Help
CUST-102211,1,18.7,0,1,Feature Request
CUST-102212,5,64.0,1,1,Onboarding Help
CUST-102213,1,18.5,0,3,Feature Request
CUST-102214,3,26.3,0,1,Feature Request
CUST-102215,3,4.0,0,5,Feature Request
CUST-102216,0,0.0,0,,None
CUST-102217,1,17.8,0,5,Technical Bug
CUST-102218,1,18.3,0,5,Technical Bug
CUST-102219,1,33.5,1,1,Onboarding Help
CUST-102220,2,61.1,0,2,Feature Request
CUST-102221,4,32.3,1,1,Onboarding Help
CUST-102222,1,65.7,0,2,Technical Bug
CUST-102223,0,0.0,0,,None
CUST-102224,5,44.2,1,1,Technical Bug
CUST-102225,1,28.5,1,1,Feature Request
CUST-102226,1,68.3,0,1,Billing Inquiry
CUST-102227,4,14.2,0,1,Onboarding Help
CUST-102228,1,28.8,0,3,Billing Inquiry
CUST-102229,3,36.1,0,1,Onboarding Help
CUST-102230,3,65.9,1,3,Billing Inquiry
CUST-102231,0,0.0,0,,None
CUST-102232,0,0.0,0,,None
CUST-102233,4,68.7,1,2,Onboarding Help
CUST-102234,2,31.2,0,3,Feature Request
CUST-102235,1,18.6,0,4,Technical Bug
CUST-102236,1,18.0,0,3,Feature Request
CUST-102237,2,31.9,0,2,Feature Request
CUST-102238,1,5.6,0,5,Onboarding Help
CUST-102239,1,33.0,1,3,Onboarding Help
CUST-102240,3,71.2,0,3,Technical Bug
CUST-102241,3,42.2,0,2,Technical Bug
CUST-102242,0,0.0,0,,None
CUST-102243,1,56.7,1,2,Technical Bug
CUST-102244,1,10.1,0,5,Technical Bug
CUST-102245,1,55.1,1,2,Onboarding Help
CUST-102246,0,0.0,0,,None
CUST-102247,0,0.0,0,,None
CUST-102248,5,71.0,1,2,Billing Inquiry
CUST-102249,3,36.7,0,2,Billing Inquiry
CUST-102250,2,36.6,1,1,Feature Request
CUST-102251,2,46.3,0,3,Technical Bug
CUST-102252,1,51.3,0,1,Onboarding Help
CUST-102253,2,32.9,0,1,Technical Bug
CUST-102254,0,0.0,0,,None
CUST-102255,1,40.5,1,1,Feature Request
CUST-102256,3,40.1,1,1,Onboarding Help
CUST-102257,0,0.0,0,,None
CUST-102258,0,0.0,0,,None
CUST-102259,0,0.0,0,,None
CUST-102260,2,20.9,1,1,Feature Request
CUST-102261,1,18.7,0,,Onboarding Help
CUST-102262,4,71.7,0,2,Technical Bug
CUST-102263,5,21.3,0,2,Feature Request
CUST-102264,2,71.8,0,3,Billing Inquiry
CUST-102265,0,0.0,0,,None
CUST-102266,2,3.4,0,4,Billing Inquiry
CUST-102267,0,0.0,0,,None
CUST-102268,0,0.0,0,,None
CUST-102269,1,22.0,0,5,Technical Bug
CUST-102270,0,0.0,0,,None
CUST-102271,1,6.6,0,,Feature Request
CUST-102272,2,35.4,0,1,Feature Request
CUST-102273,1,22.2,0,1,Feature Request
CUST-102274,0,0.0,0,,None
CUST-102275,0,0.0,0,,None
CUST-102276,2,67.3,0,1,Technical Bug
CUST-102277,2,19.5,0,5,Feature Request
CUST-102278,0,0.0,0,,None
CUST-102279,1,23.0,0,5,Onboarding Help
CUST-102280,0,0.0,0,,None
CUST-102281,1,39.2,1,2,Billing Inquiry
CUST-102282,0,0.0,0,,None
CUST-102283,3,36.4,1,3,Onboarding Help
CUST-102284,3,69.8,1,1,Onboarding Help
CUST-102285,4,43.4,1,2,Billing Inquiry
CUST-102286,2,38.7,1,1,Feature Request
CUST-102287,0,0.0,0,,None
CUST-102288,4,12.1,0,2,Technical Bug
CUST-102289,0,0.0,0,,None
CUST-102290,1,64.0,0,3,Technical Bug
CUST-102291,1,13.2,1,3,Feature Request
CUST-102292,2,15.0,1,3,Technical Bug
CUST-102293,1,42.8,1,1,Billing Inquiry
CUST-102294,1,64.6,0,1,Feature Request
CUST-102295,5,21.4,1,1,Billing Inquiry
CUST-102296,2,36.8,0,2,Onboarding Help
CUST-102297,2,8.0,0,4,Billing Inquiry
CUST-102298,0,0.0,0,,None
CUST-102299,0,0.0,0,,None
CUST-102300,1,28.6,0,3,Onboarding Help
CUST-102301,3,18.1,0,1,Technical Bug
CUST-102302,1,6.7,0,5,Billing Inquiry
CUST-102303,3,31.5,0,2,Feature Request
CUST-102304,2,16.1,0,4,Onboarding Help
CUST-102305,0,0.0,0,,None
CUST-102306,1,8.1,0,4,Onboarding Help
CUST-102307,1,64.9,0,3,Onboarding Help
CUST-102308,2,13.3,1,3,Technical Bug
CUST-102309,2,34.9,0,3,Onboarding Help
CUST-102310,1,35.0,1,3,Onboarding Help
CUST-102311,2,12.8,0,4,Technical Bug
CUST-102312,0,0.0,0,,None
CUST-102313,0,0.0,0,,None
CUST-102314,1,20.6,0,3,Billing Inquiry
CUST-102315,0,0.0,0,,None
CUST-102316,0,0.0,0,,None
CUST-102317,1,16.1,0,,Billing Inquiry
CUST-102318,0,0.0,0,,None
CUST-102319,3,68.3,1,3,Technical Bug
CUST-102320,1,53.3,1,1,Onboarding Help
CUST-102321,2,26.8,1,3,Technical Bug
CUST-102322,4,53.8,1,3,Billing Inquiry
CUST-102323,3,46.4,0,1,Technical Bug
CUST-102324,1,7.9,0,,Feature Request
CUST-102325,3,30.9,1,1,Onboarding Help
CUST-102326,1,65.0,0,1,Onboarding Help
CUST-102327,2,22.9,0,1,Onboarding Help
CUST-102328,2,6.7,0,4,Billing Inquiry
CUST-102329,0,0.0,0,,None
CUST-102330,5,49.5,1,3,Technical Bug
CUST-102331,0,0.0,0,,None
CUST-102332,1,17.0,0,1,Billing Inquiry
CUST-102333,4,22.4,0,2,Technical Bug
CUST-102334,0,0.0,0,,None
CUST-102335,2,60.6,1,3,Technical Bug
CUST-102336,0,0.0,0,,None
CUST-102337,1,46.9,1,2,Onboarding Help
CUST-102338,5,63.2,1,1,Onboarding Help
CUST-102339,2,13.7,1,3,Technical Bug
CUST-102340,0,0.0,0,,None
CUST-102341,1,2.2,0,,Billing Inquiry
CUST-102342,1,2.1,0,5,Billing Inquiry
CUST-102343,2,34.6,1,1,Feature Request
CUST-102344,2,56.3,0,2,Onboarding Help
CUST-102345,2,50.9,0,1,Billing Inquiry
CUST-102346,2,54.4,1,2,Technical Bug
CUST-102347,4,58.0,1,1,Onboarding Help
CUST-102348,1,34.8,0,3,Onboarding Help
CUST-102349,1,22.1,0,5,Feature Request
CUST-102350,1,20.5,0,4,Onboarding Help
CUST-102351,0,0.0,0,,None
CUST-102352,1,13.7,0,4,Technical Bug
CUST-102353,2,17.2,0,2,Billing Inquiry
CUST-102354,1,24.1,0,2,Feature Request
CUST-102355,2,12.3,0,4,Technical Bug
CUST-102356,2,64.9,0,1,Onboarding Help
CUST-102357,3,19.3,1,1,Billing Inquiry
CUST-102358,1,46.0,1,2,Technical Bug
CUST-102359,0,0.0,0,,None
CUST-102360,1,3.5,0,4,Onboarding Help
CUST-102361,0,0.0,0,,None
CUST-102362,0,0.0,0,,None
CUST-102363,4,28.6,0,1,Technical Bug
CUST-102364,2,19.5,0,5,Technical Bug
CUST-102365,1,38.0,1,2,Feature Request
CUST-102366,0,0.0,0,,None
CUST-102367,0,0.0,0,,None
CUST-102368,0,0.0,0,,None
CUST-102369,2,28.9,1,2,Feature Request
CUST-102370,1,66.0,0,2,Technical Bug
CUST-102371,1,17.0,0,5,Feature Request
CUST-102372,1,8.7,0,5,Onboarding Help
CUST-102373,0,0.0,0,,None
CUST-102374,2,29.2,0,2,Technical Bug
CUST-102375,0,0.0,0,,None
CUST-102376,3,59.9,1,1,Onboarding Help
CUST-102377,2,33.8,1,3,Feature Request
CUST-102378,2,19.1,1,1,Billing Inquiry
CUST-102379,3,49.1,0,1,Onboarding Help
CUST-102380,0,0.0,0,,None
CUST-102381,0,0.0,0,,None
CUST-102382,2,41.9,0,3,Onboarding Help
CUST-102383,1,15.2,0,5,Technical Bug
CUST-102384,1,16.9,0,1,Technical Bug
CUST-102385,0,0.0,0,,None
CUST-102386,1,29.9,0,2,Billing Inquiry
CUST-102387,0,0.0,0,,None
CUST-102388,1,17.6,0,5,Feature Request
CUST-102389,0,0.0,0,,None
CUST-102390,0,0.0,0,,None
CUST-102391,1,29.1,1,2,Technical Bug
CUST-102392,0,0.0,0,,None
CUST-102393,0,0.0,0,,None
CUST-102394,1,44.9,1,1,Onboarding Help
CUST-102395,0,0.0,0,,None
CUST-102396,1,7.2,0,5,Feature Request
CUST-102397,2,27.2,1,2,Onboarding Help
CUST-102398,0,0.0,0,,None
CUST-102399,2,53.1,1,1,Feature Request
CUST-102400,1,18.3,0,4,Onboarding Help
CUST-102401,2,63.0,1,2,Technical Bug
CUST-102402,1,7.7,0,5,Billing Inquiry
CUST-102403,1,27.3,1,1,Billing Inquiry
CUST-102404,6,12.4,0,2,Technical Bug
CUST-102405,0,0.0,0,,None
CUST-102406,3,70.0,1,2,Feature Request
CUST-102407,2,22.0,0,3,Technical Bug
CUST-102408,1,6.9,0,,Feature Request
CUST-102409,2,55.1,0,3,Onboarding Help
CUST-102410,1,70.5,1,1,Billing Inquiry
CUST-102411,1,23.3,0,5,Onboarding Help
CUST-102412,2,58.3,0,2,Feature Request
CUST-102413,2,13.1,0,3,Technical Bug
CUST-102414,3,40.2,0,2,Onboarding Help
CUST-102415,1,61.5,0,2,Onboarding Help
CUST-102416,1,20.0,0,4,Billing Inquiry
CUST-102417,1,66.7,0,1,Onboarding Help
CUST-102418,3,31.8,0,3,Feature Request
CUST-102419,2,19.1,1,2,Billing Inquiry
CUST-102420,2,21.3,0,5,Feature Request
CUST-102421,1,14.8,0,,Onboarding Help
CUST-102422,3,54.0,1,3,Technical Bug
CUST-102423,2,35.9,0,1,Onboarding Help
CUST-102424,0,0.0,0,,None
CUST-102425,0,0.0,0,,None
CUST-102426,2,64.0,0,1,Billing Inquiry
CUST-102427,1,24.6,1,2,Technical Bug
CUST-102428,2,42.8,0,2,Billing Inquiry
CUST-102429,4,19.8,1,1,Technical Bug
CUST-102430,1,5.2,0,5,Feature Request
CUST-102431,1,61.0,1,3,Technical Bug
CUST-102432,0,0.0,0,,None
CUST-102433,1,11.8,0,4,Onboarding Help
CUST-102434,3,52.3,0,3,Technical Bug
CUST-102435,2,37.5,0,2,Onboarding Help
CUST-102436,2,17.3,0,4,Billing Inquiry
CUST-102437,1,7.9,0,5,Technical Bug
CUST-102438,1,11.4,0,,Technical Bug
CUST-102439,1,49.4,0,1,Onboarding Help
CUST-102440,1,40.2,1,3,Feature Request
CUST-102441,3,64.1,0,3,Billing Inquiry
CUST-102442,1,11.3,0,4,Technical Bug
CUST-102443,2,21.4,0,3,Technical Bug
CUST-102444,2,19.1,0,4,Technical Bug
CUST-102445,2,19.3,1,2,Feature Request
CUST-102446,4,56.8,0,2,Onboarding Help
CUST-102447,1,39.2,0,3,Technical Bug
CUST-102448,0,0.0,0,,None
CUST-102449,1,10.4,0,4,Feature Request
CUST-102450,0,0.0,0,,None
CUST-102451,4,27.5,0,2,Onboarding Help
CUST-102452,2,29.8,0,3,Onboarding Help
CUST-102453,1,49.6,0,3,Technical Bug
CUST-102454,4,57.1,1,3,Feature Request
CUST-102455,0,0.0,0,,None
CUST-102456,1,11.7,0,4,Feature Request
CUST-102457,2,2.3,0,5,Feature Request
CUST-102458,0,0.0,0,,None
CUST-102459,1,53.1,1,1,Feature Request
CUST-102460,2,52.1,1,3,Onboarding Help
CUST-102461,0,0.0,0,,None
CUST-102462,0,0.0,0,,None
CUST-102463,1,18.8,0,5,Onboarding Help
CUST-102464,2,19.4,0,3,Billing Inquiry
CUST-102465,1,42.9,1,2,Technical Bug
CUST-102466,3,26.3,1,3,Feature Request
CUST-102467,0,0.0,0,,None
CUST-102468,1,62.0,0,1,Feature Request
CUST-102469,0,0.0,0,,None
CUST-102470,1,42.9,0,3,Feature Request
CUST-102471,2,29.8,1,2,Feature Request
CUST-102472,2,17.5,0,,Onboarding Help
CUST-102473,0,0.0,0,,None
CUST-102474,1,23.9,0,,Onboarding Help
CUST-102475,3,40.6,1,1,Onboarding Help
CUST-102476,3,18.9,1,1,Billing Inquiry
CUST-102477,1,53.6,1,3,Feature Request
CUST-102478,1,57.9,0,2,Technical Bug
CUST-102479,0,0.0,0,,None
CUST-102480,3,55.0,0,2,Technical Bug
CUST-102481,4,53.2,0,2,Feature Request
CUST-102482,2,51.6,0,2,Billing Inquiry
CUST-102483,0,0.0,0,,None
CUST-102484,0,0.0,0,,None
CUST-102485,0,0.0,0,,None
CUST-102486,4,26.7,0,3,Feature Request
CUST-102487,0,0.0,0,,None
CUST-102488,2,71.6,0,3,Feature Request
CUST-102489,2,44.8,0,3,Feature Request
CUST-102490,2,50.7,1,1,Onboarding Help
CUST-102491,1,13.2,1,2,Feature Request
CUST-102492,0,0.0,0,,None
CUST-102493,2,41.7,0,3,Onboarding Help
CUST-102494,0,0.0,0,,None
CUST-102495,0,0.0,0,,None
CUST-102496,0,0.0,0,,None
CUST-102497,1,14.9,0,4,Feature Request
CUST-102498,1,37.5,0,1,Technical Bug
CUST-102499,0,0.0,0,,None
CUST-102500,1,23.0,0,4,Feature Request
CUST-102501,1,13.7,0,5,Onboarding Help
CUST-102502,0,0.0,0,,None
CUST-102503,0,0.0,0,,None
CUST-102504,1,68.9,0,1,Technical Bug
CUST-102505,0,0.0,0,,None
CUST-102506,4,56.1,1,3,Onboarding Help
CUST-102507,0,0.0,0,,None
CUST-102508,1,13.5,0,5,Onboarding Help
CUST-102509,0,0.0,0,,None
CUST-102510,3,50.8,0,1,Technical Bug
CUST-102511,2,56.5,1,2,Onboarding Help
CUST-102512,2,62.5,0,3,Billing Inquiry
CUST-102513,0,0.0,0,,None
CUST-102514,2,44.7,0,2,Feature Request
CUST-102515,0,0.0,0,,None
CUST-102516,2,41.7,1,2,Onboarding Help
CUST-102517,0,0.0,0,,None
CUST-102518,3,36.2,0,2,Technical Bug
CUST-102519,1,15.8,0,5,Billing Inquiry
CUST-102520,0,0.0,0,,None
CUST-102521,2,18.1,0,4,Billing Inquiry
CUST-102522,3,3.7,0,4,Onboarding Help
CUST-102523,1,6.0,0,,Feature Request
CUST-102524,1,68.1,0,2,Onboarding Help
CUST-102525,2,23.9,0,3,Onboarding Help
CUST-102526,3,39.7,0,2,Billing Inquiry
CUST-102527,1,9.1,0,4,Billing Inquiry
CUST-102528,0,0.0,0,,None
CUST-102529,3,30.5,0,3,Onboarding Help
CUST-102530,0,0.0,0,,None
CUST-102531,1,60.0,0,1,Feature Request
CUST-102532,0,0.0,0,,None
CUST-102533,2,19.8,0,5,Feature Request
CUST-102534,0,0.0,0,,None
CUST-102535,1,59.5,0,1,Onboarding Help
CUST-102536,0,0.0,0,,None
CUST-102537,2,10.0,0,5,Onboarding Help
CUST-102538,1,45.8,0,2,Technical Bug
CUST-102539,0,0.0,0,,None
CUST-102540,1,21.1,0,5,Billing Inquiry
CUST-102541,1,7.2,0,5,Technical Bug
CUST-102542,2,15.7,0,3,Billing Inquiry
CUST-102543,1,24.9,1,2,Onboarding Help
CUST-102544,0,0.0,0,,None
CUST-102545,1,68.1,0,1,Onboarding Help
CUST-102546,1,29.7,1,3,Feature Request
CUST-102547,2,58.9,0,3,Billing Inquiry
CUST-102548,3,25.9,1,3,Billing Inquiry
CUST-102549,0,0.0,0,,None
CUST-102550,1,3.0,0,5,Onboarding Help
CUST-102551,2,19.1,0,2,Onboarding Help
CUST-102552,0,0.0,0,,None
CUST-102553,3,62.7,1,2,Onboarding Help
CUST-102554,4,59.5,1,1,Billing Inquiry
CUST-102555,1,14.4,0,4,Billing Inquiry
CUST-102556,1,14.8,0,,Feature Request
CUST-102557,0,0.0,0,,None
CUST-102558,3,54.2,1,2,Billing Inquiry
CUST-102559,1,21.8,0,5,Feature Request
CUST-102560,0,0.0,0,,None
CUST-102561,3,21.2,0,2,Technical Bug
CUST-102562,2,17.6,0,3,Billing Inquiry
CUST-102563,1,20.4,0,2,Billing Inquiry
CUST-102564,1,27.1,1,1,Feature Request
CUST-102565,2,13.6,0,4,Billing Inquiry
CUST-102566,0,0.0,0,,None
CUST-102567,1,15.1,0,3,Technical Bug
CUST-102568,0,0.0,0,,None
CUST-102569,1,43.8,0,2,Onboarding Help
CUST-102570,1,26.9,1,1,Onboarding Help
CUST-102571,2,22.4,0,2,Onboarding Help
CUST-102572,1,4.5,0,5,Technical Bug
CUST-102573,2,53.3,1,1,Onboarding Help
CUST-102574,0,0.0,0,,None
CUST-102575,2,66.1,1,1,Billing Inquiry
CUST-102576,0,0.0,0,,None
CUST-102577,0,0.0,0,,None
CUST-102578,0,0.0,0,,None
CUST-102579,2,22.1,0,3,Feature Request
CUST-102580,0,0.0,0,,None
CUST-102581,0,0.0,0,,None
CUST-102582,1,20.3,1,3,Feature Request
CUST-102583,0,0.0,0,,None
CUST-102584,4,39.7,1,3,Billing Inquiry
CUST-102585,2,13.4,0,3,Billing Inquiry
CUST-102586,1,34.6,1,3,Billing Inquiry
CUST-102587,1,7.9,0,5,Billing Inquiry
CUST-102588,3,33.9,0,2,Onboarding Help
CUST-102589,0,0.0,0,,None
CUST-102590,4,26.7,0,1,Technical Bug
CUST-102591,1,22.1,0,5,Feature Request
CUST-102592,3,11.3,0,,Onboarding Help
CUST-102593,1,57.0,0,3,Technical Bug
CUST-102594,1,12.9,0,5,Onboarding Help
CUST-102595,1,58.1,0,1,Technical Bug
CUST-102596,2,11.3,0,5,Billing Inquiry
CUST-102597,1,52.0,1,3,Technical Bug
CUST-102598,0,0.0,0,,None
CUST-102599,1,15.9,1,3,Onboarding Help
CUST-102600,1,19.5,0,5,Onboarding Help
CUST-102601,1,20.7,0,5,Billing Inquiry
CUST-102602,1,19.2,0,2,Onboarding Help
CUST-102603,1,35.5,1,2,Billing Inquiry
CUST-102604,2,39.5,1,3,Billing Inquiry
CUST-102605,1,44.3,0,1,Onboarding Help
CUST-102606,0,0.0,0,,None
CUST-102607,0,0.0,0,,None
CUST-102608,2,64.8,0,3,Technical Bug
CUST-102609,1,43.4,1,3,Technical Bug
CUST-102610,1,71.7,1,3,Billing Inquiry
CUST-102611,1,18.5,0,4,Onboarding Help
CUST-102612,2,13.9,0,1,Technical Bug
CUST-102613,2,6.9,0,4,Feature Request
CUST-102614,1,8.1,0,4,Technical Bug
CUST-102615,5,36.8,0,2,Technical Bug
CUST-102616,4,23.6,1,1,Feature Request
CUST-102617,2,21.5,0,,Billing Inquiry
CUST-102618,0,0.0,0,,None
CUST-102619,2,25.8,0,1,Feature Request
CUST-102620,0,0.0,0,,None
CUST-102621,0,0.0,0,,None
CUST-102622,0,0.0,0,,None
CUST-102623,2,57.5,0,2,Technical Bug
CUST-102624,1,70.6,0,2,Onboarding Help
CUST-102625,5,17.1,1,1,Technical Bug
CUST-102626,2,52.4,1,3,Technical Bug
CUST-102627,3,62.6,0,3,Feature Request
CUST-102628,2,20.6,0,5,Onboarding Help
CUST-102629,2,13.9,0,1,Technical Bug
CUST-102630,2,17.6,1,2,Onboarding Help
CUST-102631,1,15.3,0,4,Billing Inquiry
CUST-102632,4,40.8,1,2,Billing Inquiry
CUST-102633,1,9.8,0,4,Onboarding Help
CUST-102634,2,50.8,1,1,Feature Request
CUST-102635,1,53.3,1,1,Technical Bug
CUST-102636,1,15.7,1,2,Billing Inquiry
CUST-102637,2,61.2,1,3,Feature Request
CUST-102638,2,40.8,1,2,Feature Request
CUST-102639,0,0.0,0,,None
CUST-102640,0,0.0,0,,None
CUST-102641,2,25.1,0,3,Technical Bug
CUST-102642,2,36.3,0,2,Onboarding Help
CUST-102643,4,21.0,0,2,Onboarding Help
CUST-102644,2,43.0,0,2,Feature Request
CUST-102645,0,0.0,0,,None
CUST-102646,1,65.6,1,3,Technical Bug
CUST-102647,0,0.0,0,,None
CUST-102648,1,60.6,0,2,Technical Bug
CUST-102649,1,23.9,0,,Feature Request
CUST-102650,2,14.9,0,4,Technical Bug
CUST-102651,2,2.4,0,5,Technical Bug
CUST-102652,0,0.0,0,,None
CUST-102653,3,45.2,0,3,Billing Inquiry
CUST-102654,1,18.3,0,5,Onboarding Help
CUST-102655,1,26.6,1,2,Feature Request
CUST-102656,0,0.0,0,,None
CUST-102657,3,24.5,0,1,Onboarding Help
CUST-102658,3,34.9,0,2,Feature Request
CUST-102659,2,33.6,0,2,Technical Bug
CUST-102660,1,21.5,0,4,Technical Bug
CUST-102661,1,53.4,0,1,Technical Bug
CUST-102662,2,12.4,0,5,Technical Bug
CUST-102663,1,37.1,1,2,Technical Bug
CUST-102664,2,31.3,0,2,Feature Request
CUST-102665,3,67.0,1,3,Feature Request
CUST-102666,3,39.4,1,1,Billing Inquiry
CUST-102667,0,0.0,0,,None
CUST-102668,2,17.2,0,3,Onboarding Help
CUST-102669,2,20.3,0,4,Billing Inquiry
CUST-102670,0,0.0,0,,None
CUST-102671,3,34.0,1,1,Billing Inquiry
CUST-102672,3,55.9,0,2,Technical Bug
CUST-102673,1,35.8,1,3,Onboarding Help
CUST-102674,1,8.3,0,5,Onboarding Help
CUST-102675,1,49.3,0,3,Feature Request
CUST-102676,1,21.1,0,,Technical Bug
CUST-102677,4,4.2,0,,Onboarding Help
CUST-102678,3,64.0,1,3,Feature Request
CUST-102679,4,55.3,1,1,Technical Bug
CUST-102680,0,0.0,0,,None
CUST-102681,3,10.7,0,5,Technical Bug
CUST-102682,1,67.6,1,3,Technical Bug
CUST-102683,0,0.0,0,,None
CUST-102684,0,0.0,0,,None
CUST-102685,1,12.3,0,4,Feature Request
CUST-102686,3,67.8,0,3,Billing Inquiry
CUST-102687,1,19.0,0,5,Onboarding Help
CUST-102688,1,27.9,0,3,Feature Request
CUST-102689,1,11.5,0,4,Billing Inquiry
CUST-102690,1,7.3,0,4,Technical Bug
CUST-102691,1,57.6,0,2,Feature Request
CUST-102692,1,17.8,0,,Technical Bug
CUST-102693,1,20.7,1,2,Technical Bug
CUST-102694,1,12.5,0,5,Onboarding Help
CUST-102695,2,51.7,0,3,Technical Bug
CUST-102696,2,5.7,0,5,Billing Inquiry
CUST-102697,2,52.4,0,3,Feature Request
CUST-102698,1,45.2,1,2,Onboarding Help
CUST-102699,1,18.9,0,5,Feature Request
CUST-102700,2,16.6,0,,Technical Bug
CUST-102701,1,6.0,0,,Billing Inquiry
CUST-102702,0,0.0,0,,None
CUST-102703,0,0.0,0,,None
CUST-102704,0,0.0,0,,None
CUST-102705,3,52.1,0,3,Technical Bug
CUST-102706,0,0.0,0,,None
CUST-102707,2,38.4,0,2,Onboarding Help
CUST-102708,2,39.9,0,2,Billing Inquiry
CUST-102709,3,62.1,1,1,Technical Bug
CUST-102710,3,27.4,0,2,Technical Bug
CUST-102711,0,0.0,0,,None
CUST-102712,1,59.4,0,1,Billing Inquiry
CUST-102713,1,5.2,0,4,Onboarding Help
CUST-102714,3,43.7,1,3,Billing Inquiry
CUST-102715,3,48.0,1,2,Onboarding Help
CUST-102716,1,49.7,1,3,Billing Inquiry
CUST-102717,0,0.0,0,,None
CUST-102718,0,0.0,0,,None
CUST-102719,4,35.4,1,3,Billing Inquiry
CUST-102720,0,0.0,0,,None
CUST-102721,4,44.9,0,3,Feature Request
CUST-102722,2,18.1,0,2,Onboarding Help
CUST-102723,1,13.8,0,4,Feature Request
CUST-102724,2,53.2,1,1,Billing Inquiry
CUST-102725,2,41.2,1,1,Feature Request
CUST-102726,1,23.8,0,5,Feature Request
CUST-102727,2,9.4,0,,Billing Inquiry
CUST-102728,2,22.2,0,4,Billing Inquiry
CUST-102729,0,0.0,0,,None
CUST-102730,2,38.6,1,2,Billing Inquiry
CUST-102731,1,16.2,0,5,Onboarding Help
CUST-102732,0,0.0,0,,None
CUST-102733,1,13.7,1,3,Feature Request
CUST-102734,2,27.2,1,3,Billing Inquiry
CUST-102735,0,0.0,0,,None
CUST-102736,1,4.4,0,5,Billing Inquiry
CUST-102737,1,12.4,0,4,Technical Bug
CUST-102738,2,65.5,1,1,Feature Request
CUST-102739,1,23.0,1,1,Feature Request
CUST-102740,2,20.6,0,,Onboarding Help
CUST-102741,2,69.2,0,3,Feature Request
CUST-102742,2,29.7,1,3,Billing Inquiry
CUST-102743,1,4.0,0,,Technical Bug
CUST-102744,3,29.3,0,3,Feature Request
CUST-102745,0,0.0,0,,None
CUST-102746,1,21.4,0,5,Billing Inquiry
CUST-102747,1,3.4,0,4,Billing Inquiry
CUST-102748,3,23.6,1,2,Feature Request
CUST-102749,0,0.0,0,,None
CUST-102750,1,14.1,0,,Billing Inquiry
CUST-102751,1,69.5,0,3,Technical Bug
CUST-102752,4,56.9,0,2,Technical Bug
CUST-102753,1,22.4,1,1,Billing Inquiry
CUST-102754,1,12.6,0,5,Technical Bug
CUST-102755,1,19.9,0,5,Onboarding Help
CUST-102756,0,0.0,0,,None
CUST-102757,0,0.0,0,,None
CUST-102758,0,0.0,0,,None
CUST-102759,0,0.0,0,,None
CUST-102760,0,0.0,0,,None
CUST-102761,1,34.3,1,3,Onboarding Help
CUST-102762,2,19.7,1,3,Feature Request
CUST-102763,1,61.2,1,1,Feature Request
CUST-102764,3,26.1,1,2,Feature Request
CUST-102765,1,11.0,0,5,Onboarding Help
CUST-102766,1,49.9,1,1,Feature Request
CUST-102767,2,16.0,0,,Billing Inquiry
CUST-102768,1,55.2,0,1,Onboarding Help
CUST-102769,1,30.9,0,2,Onboarding Help
CUST-102770,2,40.7,1,1,Technical Bug
CUST-102771,1,14.6,0,5,Technical Bug
CUST-102772,1,10.7,0,5,Billing Inquiry
CUST-102773,0,0.0,0,,None
CUST-102774,2,22.5,0,1,Technical Bug
CUST-102775,0,0.0,0,,None
CUST-102776,3,27.5,1,3,Technical Bug
CUST-102777,1,44.0,0,3,Billing Inquiry
CUST-102778,1,64.0,0,1,Technical Bug
CUST-102779,2,36.8,0,3,Technical Bug
CUST-102780,1,31.9,0,2,Onboarding Help
CUST-102781,2,44.1,0,3,Feature Request
CUST-102782,0,0.0,0,,None
CUST-102783,1,27.5,0,1,Technical Bug
CUST-102784,1,57.1,1,3,Onboarding Help
CUST-102785,1,54.2,0,1,Onboarding Help
CUST-102786,0,0.0,0,,None
CUST-102787,2,23.1,0,3,Billing Inquiry
CUST-102788,0,0.0,0,,None
CUST-102789,3,52.0,0,1,Technical Bug
CUST-102790,1,55.6,1,3,Feature Request
CUST-102791,0,0.0,0,,None
CUST-102792,2,11.6,0,5,Onboarding Help
CUST-102793,2,20.6,0,4,Onboarding Help
CUST-102794,2,46.9,1,3,Billing Inquiry
CUST-102795,2,41.2,0,3,Onboarding Help
CUST-102796,0,0.0,0,,None
CUST-102797,2,14.8,0,4,Technical Bug
CUST-102798,0,0.0,0,,None
CUST-102799,2,26.3,1,2,Technical Bug
CUST-102800,1,22.3,0,4,Technical Bug
CUST-102801,1,15.2,0,5,Billing Inquiry
CUST-102802,0,0.0,0,,None
CUST-102803,3,47.8,1,3,Technical Bug
CUST-102804,0,0.0,0,,None
CUST-102805,3,5.7,0,,Onboarding Help
CUST-102806,3,14.7,1,3,Billing Inquiry
CUST-102807,0,0.0,0,,None
CUST-102808,4,18.2,1,1,Billing Inquiry
CUST-102809,3,20.8,0,3,Feature Request
CUST-102810,1,12.6,0,5,Feature Request
CUST-102811,0,0.0,0,,None
CUST-102812,0,0.0,0,,None
CUST-102813,0,0.0,0,,None
CUST-102814,3,65.3,0,1,Technical Bug
CUST-102815,2,36.5,0,3,Technical Bug
CUST-102816,2,67.3,0,3,Feature Request
CUST-102817,1,20.8,0,4,Technical Bug
CUST-102818,0,0.0,0,,None
CUST-102819,0,0.0,0,,None
CUST-102820,0,0.0,0,,None
CUST-102821,1,8.1,0,5,Technical Bug
CUST-102822,0,0.0,0,,None
CUST-102823,0,0.0,0,,None
CUST-102824,1,70.5,1,2,Feature Request
CUST-102825,5,69.1,0,1,Feature Request
CUST-102826,2,16.4,0,5,Onboarding Help
CUST-102827,2,54.8,1,3,Onboarding Help
CUST-102828,1,24.3,0,1,Billing Inquiry
CUST-102829,1,62.9,0,3,Technical Bug
CUST-102830,2,69.0,1,1,Feature Request
CUST-102831,0,0.0,0,,None
CUST-102832,1,67.4,1,3,Billing Inquiry
CUST-102833,1,14.9,0,3,Billing Inquiry
CUST-102834,0,0.0,0,,None
CUST-102835,1,15.5,0,5,Technical Bug
CUST-102836,3,26.4,1,1,Feature Request
CUST-102837,0,0.0,0,,None
CUST-102838,3,45.6,1,1,Onboarding Help
CUST-102839,1,22.5,0,1,Technical Bug
CUST-102840,0,0.0,0,,None
CUST-102841,2,15.7,0,1,Onboarding Help
CUST-102842,1,44.1,0,1,Technical Bug
CUST-102843,0,0.0,0,,None
CUST-102844,1,13.5,0,,Onboarding Help
CUST-102845,0,0.0,0,,None
CUST-102846,0,0.0,0,,None
CUST-102847,2,35.1,0,2,Onboarding Help
CUST-102848,1,33.3,0,1,Feature Request
CUST-102849,2,17.4,0,5,Billing Inquiry
CUST-102850,1,20.1,0,4,Feature Request
CUST-102851,0,0.0,0,,None
CUST-102852,0,0.0,0,,None
CUST-102853,1,26.0,0,2,Feature Request
CUST-102854,3,19.6,0,,Onboarding Help
CUST-102855,1,33.2,0,1,Technical Bug
CUST-102856,5,58.5,1,3,Feature Request
CUST-102857,0,0.0,0,,None
CUST-102858,0,0.0,0,,None
CUST-102859,2,19.8,1,2,Onboarding Help
CUST-102860,2,35.9,0,3,Onboarding Help
CUST-102861,3,50.9,0,3,Onboarding Help
CUST-102862,4,55.6,0,1,Onboarding Help
CUST-102863,0,0.0,0,,None
CUST-102864,3,48.6,1,3,Feature Request
CUST-102865,1,17.1,0,4,Billing Inquiry
CUST-102866,3,23.3,1,2,Onboarding Help
CUST-102867,2,33.5,0,2,Feature Request
CUST-102868,2,34.8,1,3,Technical Bug
CUST-102869,1,23.2,0,4,Feature Request
CUST-102870,1,42.6,0,1,Feature Request
CUST-102871,4,32.1,0,2,Onboarding Help
CUST-102872,3,28.4,0,2,Billing Inquiry
CUST-102873,2,13.1,0,5,Billing Inquiry
CUST-102874,0,0.0,0,,None
CUST-102875,4,43.4,0,1,Feature Request
CUST-102876,0,0.0,0,,None
CUST-102877,0,0.0,0,,None
CUST-102878,3,63.1,0,2,Billing Inquiry
CUST-102879,0,0.0,0,,None
CUST-102880,3,41.6,0,2,Technical Bug
CUST-102881,4,29.0,0,3,Technical Bug
CUST-102882,0,0.0,0,,None
CUST-102883,0,0.0,0,,None
CUST-102884,2,22.7,0,,Billing Inquiry
CUST-102885,0,0.0,0,,None
CUST-102886,2,3.3,0,,Onboarding Help
CUST-102887,0,0.0,0,,None
CUST-102888,2,53.0,1,2,Onboarding Help
CUST-102889,2,12.8,0,5,Billing Inquiry
CUST-102890,3,56.1,0,3,Feature Request
CUST-102891,3,44.0,1,1,Technical Bug
CUST-102892,0,0.0,0,,None
CUST-102893,0,0.0,0,,None
CUST-102894,0,0.0,0,,None
CUST-102895,2,18.1,1,1,Feature Request
CUST-102896,0,0.0,0,,None
CUST-102897,0,0.0,0,,None
CUST-102898,1,8.5,0,4,Technical Bug
CUST-102899,1,15.6,0,4,Onboarding Help
CUST-102900,0,0.0,0,,None
CUST-102901,3,39.9,0,2,Feature Request
CUST-102902,2,69.9,1,1,Feature Request
CUST-102903,2,47.9,0,3,Onboarding Help
CUST-102904,1,56.4,0,1,Onboarding Help
CUST-102905,2,27.9,0,1,Technical Bug
CUST-102906,3,33.7,0,2,Onboarding Help
CUST-102907,1,66.4,1,1,Billing Inquiry
CUST-102908,4,23.4,0,3,Feature Request
CUST-102909,2,58.7,0,2,Billing Inquiry
CUST-102910,0,0.0,0,,None
CUST-102911,0,0.0,0,,None
CUST-102912,1,4.5,0,5,Technical Bug
CUST-102913,3,66.5,0,1,Technical Bug
CUST-102914,1,67.4,0,1,Technical Bug
CUST-102915,0,0.0,0,,None
CUST-102916,0,0.0,0,,None
CUST-102917,3,35.4,1,1,Technical Bug
CUST-102918,0,0.0,0,,None
CUST-102919,4,46.1,1,1,Feature Request
CUST-102920,0,0.0,0,,None
CUST-102921,0,0.0,0,,None
CUST-102922,1,10.7,0,5,Billing Inquiry
CUST-102923,2,12.8,0,4,Feature Request
CUST-102924,0,0.0,0,,None
CUST-102925,3,50.8,0,3,Technical Bug
CUST-102926,1,25.6,1,3,Technical Bug
CUST-102927,1,6.6,0,5,Technical Bug
CUST-102928,0,0.0,0,,None
CUST-102929,0,0.0,0,,None
CUST-102930,3,46.6,0,1,Technical Bug
CUST-102931,1,44.7,1,3,Billing Inquiry
CUST-102932,0,0.0,0,,None
CUST-102933,0,0.0,0,,None
CUST-102934,1,17.3,0,4,Onboarding Help
CUST-102935,1,50.0,0,3,Technical Bug
CUST-102936,1,44.2,0,1,Onboarding Help
CUST-102937,2,19.6,0,3,Onboarding Help
CUST-102938,2,44.1,1,3,Feature Request
CUST-102939,0,0.0,0,,None
CUST-102940,1,14.3,0,4,Billing Inquiry
CUST-102941,1,62.2,0,1,Technical Bug
CUST-102942,0,0.0,0,,None
CUST-102943,1,3.0,0,4,Technical Bug
CUST-102944,0,0.0,0,,None
CUST-102945,2,17.5,0,,Technical Bug
CUST-102946,2,3.6,0,5,Feature Request
CUST-102947,2,3.6,0,4,Onboarding Help
CUST-102948,0,0.0,0,,None
CUST-102949,2,59.7,0,2,Technical Bug
CUST-102950,1,60.6,1,3,Technical Bug
CUST-102951,0,0.0,0,,None
CUST-102952,0,0.0,0,,None
CUST-102953,0,0.0,0,,None
CUST-102954,0,0.0,0,,None
CUST-102955,1,19.5,0,5,Feature Request
CUST-102956,1,20.3,0,4,Onboarding Help
CUST-102957,0,0.0,0,,None
CUST-102958,1,22.7,0,,Technical Bug
CUST-102959,1,16.6,0,5,Onboarding Help
CUST-102960,0,0.0,0,,None
CUST-102961,4,56.0,1,2,Billing Inquiry
CUST-102962,1,17.3,0,3,Feature Request
CUST-102963,0,0.0,0,,None
CUST-102964,3,67.9,1,2,Onboarding Help
CUST-102965,4,66.3,1,2,Feature Request
CUST-102966,3,25.4,1,2,Feature Request
CUST-102967,2,21.6,0,5,Technical Bug
CUST-102968,1,19.3,0,5,Technical Bug
CUST-102969,0,0.0,0,,None
CUST-102970,2,49.0,1,1,Billing Inquiry
CUST-102971,1,5.4,0,4,Billing Inquiry
CUST-102972,2,18.3,0,5,Onboarding Help
CUST-102973,1,5.6,0,5,Technical Bug
CUST-102974,1,7.4,0,4,Onboarding Help
CUST-102975,1,52.5,1,2,Feature Request
CUST-102976,2,8.1,0,,Billing Inquiry
CUST-102977,0,0.0,0,,None
CUST-102978,2,16.1,0,3,Billing Inquiry
CUST-102979,0,0.0,0,,None
CUST-102980,2,11.6,0,5,Technical Bug
CUST-102981,0,0.0,0,,None
CUST-102982,1,23.0,0,5,Billing Inquiry
CUST-102983,1,26.6,1,1,Onboarding Help
CUST-102984,1,22.7,0,3,Billing Inquiry
CUST-102985,2,30.4,0,3,Billing Inquiry
CUST-102986,3,60.6,0,2,Onboarding Help
CUST-102987,0,0.0,0,,None
CUST-102988,0,0.0,0,,None
CUST-102989,1,18.2,0,5,Billing Inquiry
CUST-102990,1,3.0,0,5,Feature Request
CUST-102991,1,15.5,0,4,Technical Bug
CUST-102992,1,2.6,0,4,Technical Bug
CUST-102993,2,63.1,0,3,Onboarding Help
CUST-102994,2,5.1,0,4,Feature Request
CUST-102995,1,18.9,0,5,Billing Inquiry
CUST-102996,3,39.8,1,2,Technical Bug
CUST-102997,0,0.0,0,,None
CUST-102998,0,0.0,0,,None
CUST-102999,1,60.4,0,3,Feature Request
CUST-103000,4,66.0,1,3,Feature Request
CUST-103001,1,49.7,0,2,Technical Bug
CUST-103002,1,59.7,1,1,Billing Inquiry
CUST-103003,1,54.0,0,1,Onboarding Help
CUST-103004,1,51.9,0,2,Billing Inquiry
CUST-103005,0,0.0,0,,None
CUST-103006,0,0.0,0,,None
CUST-103007,3,53.6,1,1,Billing Inquiry
CUST-103008,1,15.8,0,3,Feature Request
CUST-103009,2,69.3,0,3,Technical Bug
CUST-103010,2,27.4,1,3,Feature Request
CUST-103011,1,39.3,0,2,Technical Bug
CUST-103012,3,19.2,0,3,Technical Bug
CUST-103013,2,7.5,0,4,Onboarding Help
CUST-103014,1,43.4,1,2,Technical Bug
CUST-103015,1,6.5,0,,Feature Request
CUST-103016,3,51.0,0,1,Feature Request
CUST-103017,4,68.7,1,1,Feature Request
CUST-103018,1,43.0,0,3,Technical Bug
CUST-103019,2,27.8,1,1,Technical Bug
CUST-103020,0,0.0,0,,None
CUST-103021,4,61.7,1,2,Technical Bug
CUST-103022,2,59.8,0,3,Onboarding Help
CUST-103023,2,29.4,0,1,Billing Inquiry
CUST-103024,2,57.2,0,3,Billing Inquiry
CUST-103025,3,25.1,0,2,Onboarding Help
CUST-103026,3,15.4,0,3,Feature Request
CUST-103027,1,6.4,0,5,Onboarding Help
CUST-103028,2,54.3,1,2,Billing Inquiry
CUST-103029,0,0.0,0,,None
CUST-103030,1,18.4,0,4,Onboarding Help
CUST-103031,0,0.0,0,,None
CUST-103032,3,18.3,1,3,Onboarding Help
CUST-103033,4,13.3,0,3,Onboarding Help
CUST-103034,1,22.0,0,5,Onboarding Help
CUST-103035,2,31.2,1,2,Feature Request
CUST-103036,0,0.0,0,,None
CUST-103037,0,0.0,0,,None
CUST-103038,1,53.0,1,3,Billing Inquiry
CUST-103039,2,33.7,0,3,Onboarding Help
CUST-103040,2,66.5,1,3,Onboarding Help
CUST-103041,2,5.6,0,5,Billing Inquiry
CUST-103042,2,23.9,0,,Onboarding Help
CUST-103043,0,0.0,0,,None
CUST-103044,4,12.8,0,2,Technical Bug
CUST-103045,1,5.4,0,,Onboarding Help
CUST-103046,2,17.0,0,5,Billing Inquiry
CUST-103047,3,65.3,1,2,Technical Bug
CUST-103048,0,0.0,0,,None
CUST-103049,6,63.5,1,3,Onboarding Help
CUST-103050,1,24.2,0,1,Billing Inquiry
CUST-103051,1,42.3,0,3,Feature Request
CUST-103052,3,48.2,1,1,Onboarding Help
CUST-103053,1,60.3,0,3,Onboarding Help
CUST-103054,0,0.0,0,,None
CUST-103055,0,0.0,0,,None
CUST-103056,1,54.2,0,2,Feature Request
CUST-103057,2,26.6,1,3,Onboarding Help
CUST-103058,1,61.1,1,2,Onboarding Help
CUST-103059,1,21.2,1,1,Technical Bug
CUST-103060,0,0.0,0,,None
CUST-103061,1,13.7,0,4,Feature Request
CUST-103062,1,14.1,0,3,Onboarding Help
CUST-103063,0,0.0,0,,None
CUST-103064,3,67.0,1,2,Technical Bug
CUST-103065,0,0.0,0,,None
CUST-103066,2,39.8,1,1,Billing Inquiry
CUST-103067,0,0.0,0,,None
CUST-103068,0,0.0,0,,None
CUST-103069,1,18.1,0,4,Billing Inquiry
CUST-103070,2,60.0,1,2,Technical Bug
CUST-103071,0,0.0,0,,None
CUST-103072,1,23.4,0,5,Onboarding Help
CUST-103073,0,0.0,0,,None
CUST-103074,0,0.0,0,,None
CUST-103075,3,70.0,0,1,Feature Request
CUST-103076,2,24.2,0,1,Billing Inquiry
CUST-103077,0,0.0,0,,None
CUST-103078,2,14.3,0,4,Technical Bug
CUST-103079,0,0.0,0,,None
CUST-103080,0,0.0,0,,None
CUST-103081,4,29.4,1,3,Billing Inquiry
CUST-103082,0,0.0,0,,None
CUST-103083,3,23.2,0,2,Billing Inquiry
CUST-103084,2,45.2,0,2,Feature Request
CUST-103085,0,0.0,0,,None
CUST-103086,0,0.0,0,,None
CUST-103087,0,0.0,0,,None
CUST-103088,0,0.0,0,,None
CUST-103089,1,12.6,0,4,Onboarding Help
CUST-103090,0,0.0,0,,None
CUST-103091,4,53.5,0,2,Onboarding Help
CUST-103092,0,0.0,0,,None
CUST-103093,0,0.0,0,,None
CUST-103094,4,30.9,0,1,Technical Bug
CUST-103095,1,17.2,0,5,Technical Bug
CUST-103096,1,4.2,0,4,Feature Request
CUST-103097,3,15.0,1,1,Technical Bug
CUST-103098,0,0.0,0,,None
CUST-103099,0,0.0,0,,None
CUST-103100,0,0.0,0,,None
CUST-103101,5,68.4,0,2,Feature Request
CUST-103102,1,60.0,0,1,Technical Bug
CUST-103103,2,4.6,0,4,Technical Bug
CUST-103104,2,31.3,0,3,Technical Bug
CUST-103105,3,23.6,0,3,Billing Inquiry
CUST-103106,1,23.8,0,4,Feature Request
CUST-103107,0,0.0,0,,None
CUST-103108,1,22.3,0,4,Billing Inquiry
CUST-103109,0,0.0,0,,None
CUST-103110,0,0.0,0,,None
CUST-103111,0,0.0,0,,None
CUST-103112,2,22.7,0,4,Onboarding Help
CUST-103113,1,24.0,0,4,Onboarding Help
CUST-103114,3,25.2,1,1,Technical Bug
CUST-103115,3,62.0,1,1,Technical Bug
CUST-103116,4,27.5,1,2,Technical Bug
CUST-103117,0,0.0,0,,None
CUST-103118,0,0.0,0,,None
CUST-103119,1,11.9,0,,Billing Inquiry
CUST-103120,2,8.9,0,,Technical Bug
CUST-103121,0,0.0,0,,None
CUST-103122,0,0.0,0,,None
CUST-103123,1,47.0,0,2,Billing Inquiry
CUST-103124,2,5.7,0,5,Billing Inquiry
CUST-103125,0,0.0,0,,None
CUST-103126,2,19.5,0,1,Feature Request
CUST-103127,3,63.7,1,2,Technical Bug
CUST-103128,1,19.8,0,,Technical Bug
CUST-103129,5,47.1,0,1,Feature Request
CUST-103130,1,22.6,0,1,Technical Bug
CUST-103131,1,70.9,1,2,Onboarding Help
CUST-103132,0,0.0,0,,None
CUST-103133,5,45.0,0,3,Billing Inquiry
CUST-103134,3,55.1,0,2,Billing Inquiry
CUST-103135,0,0.0,0,,None
CUST-103136,1,5.4,0,,Onboarding Help
CUST-103137,1,21.0,0,5,Onboarding Help
CUST-103138,1,15.3,0,2,Technical Bug
CUST-103139,2,36.7,0,3,Onboarding Help
CUST-103140,3,18.0,1,1,Billing Inquiry
CUST-103141,1,35.3,1,1,Technical Bug
CUST-103142,0,0.0,0,,None
CUST-103143,1,23.6,1,3,Billing Inquiry
CUST-103144,2,7.2,0,5,Technical Bug
CUST-103145,1,24.2,0,2,Feature Request
CUST-103146,4,45.0,0,1,Technical Bug
CUST-103147,1,3.3,0,5,Feature Request
CUST-103148,0,0.0,0,,None
CUST-103149,0,0.0,0,,None
CUST-103150,2,13.6,1,3,Onboarding Help
CUST-103151,1,18.5,0,4,Technical Bug
CUST-103152,0,0.0,0,,None
CUST-103153,2,39.0,1,2,Billing Inquiry
CUST-103154,2,48.7,0,2,Feature Request
CUST-103155,0,0.0,0,,None
CUST-103156,1,40.9,0,1,Billing Inquiry
CUST-103157,1,21.6,0,4,Technical Bug
CUST-103158,1,50.8,1,1,Billing Inquiry
CUST-103159,3,43.6,0,2,Onboarding Help
CUST-103160,2,20.0,0,4,Billing Inquiry
CUST-103161,1,42.1,0,1,Onboarding Help
CUST-103162,1,70.7,1,1,Feature Request
CUST-103163,1,21.4,0,5,Billing Inquiry
CUST-103164,0,0.0,0,,None
CUST-103165,0,0.0,0,,None
CUST-103166,1,59.6,1,3,Technical Bug
CUST-103167,0,0.0,0,,None
CUST-103168,0,0.0,0,,None
CUST-103169,1,22.2,0,5,Onboarding Help
CUST-103170,0,0.0,0,,None
CUST-103171,1,6.8,0,5,Feature Request
CUST-103172,3,22.5,1,1,Onboarding Help
CUST-103173,2,56.8,0,3,Billing Inquiry
CUST-103174,0,0.0,0,,None
CUST-103175,0,0.0,0,,None
CUST-103176,1,17.1,0,5,Feature Request
CUST-103177,0,0.0,0,,None
CUST-103178,1,11.7,0,5,Billing Inquiry
CUST-103179,1,54.3,1,1,Onboarding Help
CUST-103180,2,36.1,1,2,Feature Request
CUST-103181,2,36.8,1,3,Feature Request
CUST-103182,0,0.0,0,,None
CUST-103183,1,8.8,0,5,Billing Inquiry
CUST-103184,1,66.1,0,3,Onboarding Help
CUST-103185,2,4.1,0,,Feature Request
CUST-103186,0,0.0,0,,None
CUST-103187,4,57.5,0,3,Technical Bug
CUST-103188,1,44.2,1,3,Onboarding Help
CUST-103189,2,28.9,1,2,Feature Request
CUST-103190,0,0.0,0,,None
CUST-103191,2,65.7,0,1,Technical Bug
CUST-103192,0,0.0,0,,None
CUST-103193,1,69.0,0,1,Technical Bug
CUST-103194,3,38.0,0,3,Technical Bug
CUST-103195,5,59.3,1,3,Billing Inquiry
CUST-103196,0,0.0,0,,None
CUST-103197,0,0.0,0,,None
CUST-103198,0,0.0,0,,None
CUST-103199,3,53.3,1,3,Billing Inquiry
CUST-103200,0,0.0,0,,None
CUST-103201,2,23.3,0,,Billing Inquiry
CUST-103202,2,18.0,0,3,Onboarding Help
CUST-103203,2,29.7,0,1,Feature Request
CUST-103204,3,16.7,0,2,Feature Request
CUST-103205,1,30.9,0,1,Technical Bug
CUST-103206,0,0.0,0,,None
CUST-103207,0,0.0,0,,None
CUST-103208,3,48.0,0,1,Technical Bug
CUST-103209,0,0.0,0,,None
CUST-103210,1,49.9,0,2,Billing Inquiry
CUST-103211,3,16.0,1,1,Feature Request
CUST-103212,1,19.2,1,1,Onboarding Help
CUST-103213,1,28.6,0,3,Technical Bug
CUST-103214,1,15.8,0,4,Technical Bug
CUST-103215,1,36.2,1,1,Feature Request
CUST-103216,2,51.9,0,2,Onboarding Help
CUST-103217,0,0.0,0,,None
CUST-103218,0,0.0,0,,None
CUST-103219,1,38.5,0,1,Technical Bug
CUST-103220,4,33.1,1,1,Technical Bug
CUST-103221,1,19.8,0,4,Feature Request
CUST-103222,1,6.8,0,4,Onboarding Help
CUST-103223,3,63.9,0,3,Feature Request
CUST-103224,1,3.5,0,4,Technical Bug
CUST-103225,1,8.6,0,,Technical Bug
CUST-103226,1,32.4,0,2,Onboarding Help
CUST-103227,2,59.1,0,2,Onboarding Help
CUST-103228,4,62.6,0,1,Billing Inquiry
CUST-103229,3,53.0,1,3,Technical Bug
CUST-103230,2,40.7,0,1,Technical Bug
CUST-103231,2,6.3,0,5,Billing Inquiry
CUST-103232,1,15.6,1,1,Onboarding Help
CUST-103233,0,0.0,0,,None
CUST-103234,1,24.8,1,3,Onboarding Help
CUST-103235,0,0.0,0,,None
CUST-103236,0,0.0,0,,None
CUST-103237,1,35.4,0,1,Feature Request
CUST-103238,2,35.4,0,3,Feature Request
CUST-103239,0,0.0,0,,None
CUST-103240,0,0.0,0,,None
CUST-103241,1,22.0,0,1,Onboarding Help
CUST-103242,0,0.0,0,,None
CUST-103243,1,68.6,1,1,Feature Request
CUST-103244,1,12.1,0,4,Onboarding Help
CUST-103245,0,0.0,0,,None
CUST-103246,4,40.6,0,2,Onboarding Help
CUST-103247,1,4.7,0,4,Technical Bug
CUST-103248,0,0.0,0,,None
CUST-103249,1,10.8,0,,Technical Bug
CUST-103250,0,0.0,0,,None
CUST-103251,0,0.0,0,,None
CUST-103252,0,0.0,0,,None
CUST-103253,0,0.0,0,,None
CUST-103254,1,24.0,1,1,Technical Bug
CUST-103255,2,61.2,1,2,Feature Request
CUST-103256,2,2.4,0,5,Billing Inquiry
CUST-103257,0,0.0,0,,None
CUST-103258,1,26.4,0,2,Technical Bug
CUST-103259,2,17.0,0,2,Technical Bug
CUST-103260,4,65.1,1,1,Onboarding Help
CUST-103261,2,21.6,1,2,Technical Bug
CUST-103262,2,64.2,0,2,Onboarding Help
CUST-103263,3,70.4,1,3,Billing Inquiry
CUST-103264,0,0.0,0,,None
CUST-103265,0,0.0,0,,None
CUST-103266,2,18.1,0,4,Technical Bug
CUST-103267,3,71.3,1,1,Technical Bug
CUST-103268,1,18.8,0,4,Onboarding Help
CUST-103269,1,15.3,0,,Technical Bug
CUST-103270,0,0.0,0,,None
CUST-103271,2,19.6,1,2,Onboarding Help
CUST-103272,1,31.2,1,3,Billing Inquiry
CUST-103273,2,18.6,0,3,Onboarding Help
CUST-103274,0,0.0,0,,None
CUST-103275,1,6.0,0,4,Feature Request
CUST-103276,1,17.4,1,1,Feature Request
CUST-103277,1,19.4,0,,Onboarding Help
CUST-103278,1,12.8,0,4,Feature Request
CUST-103279,2,16.7,0,2,Technical Bug
CUST-103280,2,4.9,0,4,Feature Request
CUST-103281,0,0.0,0,,None
CUST-103282,4,44.4,0,2,Billing Inquiry
CUST-103283,3,41.1,1,1,Technical Bug
CUST-103284,1,6.9,0,5,Technical Bug
CUST-103285,0,0.0,0,,None
CUST-103286,2,30.0,0,2,Technical Bug
CUST-103287,0,0.0,0,,None
CUST-103288,0,0.0,0,,None
CUST-103289,4,64.5,1,1,Billing Inquiry
CUST-103290,1,12.0,0,5,Technical Bug
CUST-103291,1,25.0,1,2,Onboarding Help
CUST-103292,1,45.8,0,3,Onboarding Help
CUST-103293,2,22.2,0,2,Billing Inquiry
CUST-103294,0,0.0,0,,None
CUST-103295,0,0.0,0,,None
CUST-103296,0,0.0,0,,None
CUST-103297,1,14.2,1,2,Onboarding Help
CUST-103298,1,16.7,0,5,Technical Bug
CUST-103299,2,62.5,1,1,Onboarding Help
CUST-103300,2,27.9,1,1,Onboarding Help
CUST-103301,1,9.7,0,4,Feature Request
CUST-103302,0,0.0,0,,None
CUST-103303,1,71.5,0,3,Onboarding Help
CUST-103304,0,0.0,0,,None
CUST-103305,0,0.0,0,,None
CUST-103306,2,45.6,1,2,Onboarding Help
CUST-103307,2,49.5,0,3,Feature Request
CUST-103308,1,59.1,1,3,Technical Bug
CUST-103309,2,11.0,0,5,Billing Inquiry
CUST-103310,2,71.7,1,1,Billing Inquiry
CUST-103311,0,0.0,0,,None
CUST-103312,1,2.8,0,4,Technical Bug
CUST-103313,0,0.0,0,,None
CUST-103314,0,0.0,0,,None
CUST-103315,0,0.0,0,,None
CUST-103316,3,66.5,0,1,Billing Inquiry
CUST-103317,1,7.2,0,5,Technical Bug
CUST-103318,0,0.0,0,,None
CUST-103319,2,21.3,0,,Feature Request
CUST-103320,1,23.7,0,4,Billing Inquiry
CUST-103321,1,23.3,0,4,Feature Request
CUST-103322,1,8.3,0,,Billing Inquiry
CUST-103323,3,59.7,1,2,Technical Bug
CUST-103324,2,34.1,1,3,Billing Inquiry
CUST-103325,1,52.1,0,3,Technical Bug
CUST-103326,1,13.5,0,2,Technical Bug
CUST-103327,1,19.8,0,3,Onboarding Help
CUST-103328,0,0.0,0,,None
CUST-103329,0,0.0,0,,None
CUST-103330,2,46.1,0,3,Billing Inquiry
CUST-103331,3,56.5,0,2,Onboarding Help
CUST-103332,0,0.0,0,,None
CUST-103333,2,15.4,0,5,Onboarding Help
CUST-103334,1,7.2,0,5,Feature Request
CUST-103335,2,58.2,0,3,Technical Bug
CUST-103336,4,64.3,1,1,Technical Bug
CUST-103337,1,22.1,0,5,Feature Request
CUST-103338,0,0.0,0,,None
CUST-103339,0,0.0,0,,None
CUST-103340,2,53.2,0,2,Billing Inquiry
CUST-103341,2,29.4,0,2,Onboarding Help
CUST-103342,0,0.0,0,,None
CUST-103343,1,10.0,0,4,Technical Bug
CUST-103344,1,16.9,0,5,Technical Bug
CUST-103345,1,29.5,0,3,Feature Request
CUST-103346,1,67.7,0,1,Technical Bug
CUST-103347,3,17.7,0,,Technical Bug
CUST-103348,1,7.1,0,,Billing Inquiry
CUST-103349,1,40.5,0,1,Onboarding Help
CUST-103350,0,0.0,0,,None
CUST-103351,0,0.0,0,,None
CUST-103352,0,0.0,0,,None
CUST-103353,5,49.7,0,3,Feature Request
CUST-103354,0,0.0,0,,None
CUST-103355,3,17.8,0,1,Onboarding Help
CUST-103356,0,0.0,0,,None
CUST-103357,0,0.0,0,,None
CUST-103358,0,0.0,0,,None
CUST-103359,0,0.0,0,,None
CUST-103360,4,62.2,0,3,Technical Bug
CUST-103361,2,26.8,1,2,Billing Inquiry
CUST-103362,2,13.1,0,5,Technical Bug
CUST-103363,4,2.1,0,4,Billing Inquiry
CUST-103364,1,51.1,1,3,Onboarding Help
CUST-103365,5,46.4,1,1,Billing Inquiry
CUST-103366,4,12.7,0,2,Onboarding Help
CUST-103367,2,65.9,1,2,Onboarding Help
CUST-103368,1,19.7,0,5,Feature Request
CUST-103369,2,45.1,1,3,Technical Bug
CUST-103370,0,0.0,0,,None
CUST-103371,3,38.8,1,2,Billing Inquiry
CUST-103372,1,7.8,0,4,Billing Inquiry
CUST-103373,1,19.2,0,1,Technical Bug
CUST-103374,0,0.0,0,,None
CUST-103375,0,0.0,0,,None
CUST-103376,1,9.3,0,5,Onboarding Help
CUST-103377,3,61.3,1,3,Technical Bug
CUST-103378,1,22.0,0,2,Billing Inquiry
CUST-103379,1,61.2,0,3,Technical Bug
CUST-103380,4,36.4,1,3,Feature Request
CUST-103381,1,14.4,0,4,Feature Request
CUST-103382,3,5.0,0,,Billing Inquiry
CUST-103383,1,2.7,0,,Billing Inquiry
CUST-103384,2,37.6,0,1,Billing Inquiry
CUST-103385,0,0.0,0,,None
CUST-103386,0,0.0,0,,None
CUST-103387,0,0.0,0,,None
CUST-103388,2,9.6,0,,Onboarding Help
CUST-103389,3,20.2,1,2,Onboarding Help
CUST-103390,0,0.0,0,,None
CUST-103391,4,45.2,0,1,Onboarding Help
CUST-103392,0,0.0,0,,None
CUST-103393,0,0.0,0,,None
CUST-103394,1,3.5,0,,Feature Request
CUST-103395,0,0.0,0,,None
CUST-103396,3,16.8,0,2,Billing Inquiry
CUST-103397,0,0.0,0,,None
CUST-103398,1,50.9,0,3,Technical Bug
CUST-103399,1,6.9,0,,Feature Request
CUST-103400,3,19.5,0,5,Technical Bug
CUST-103401,2,41.0,1,1,Billing Inquiry
CUST-103402,1,8.6,0,4,Technical Bug
CUST-103403,2,53.8,1,1,Technical Bug
CUST-103404,0,0.0,0,,None
CUST-103405,2,53.8,0,3,Billing Inquiry
CUST-103406,2,66.8,0,2,Billing Inquiry
CUST-103407,0,0.0,0,,None
CUST-103408,3,32.0,0,2,Feature Request
CUST-103409,1,23.5,0,5,Technical Bug
CUST-103410,2,15.6,1,2,Technical Bug
CUST-103411,0,0.0,0,,None
CUST-103412,1,8.4,0,5,Technical Bug
CUST-103413,2,32.2,1,1,Feature Request
CUST-103414,4,15.7,0,2,Billing Inquiry
CUST-103415,0,0.0,0,,None
CUST-103416,1,43.2,0,3,Technical Bug
CUST-103417,3,66.2,0,2,Feature Request
CUST-103418,4,12.6,0,3,Technical Bug
CUST-103419,2,17.7,1,1,Feature Request
CUST-103420,0,0.0,0,,None
CUST-103421,2,47.3,1,1,Billing Inquiry
CUST-103422,4,60.9,0,3,Billing Inquiry
CUST-103423,1,34.0,0,1,Billing Inquiry
CUST-103424,0,0.0,0,,None
CUST-103425,2,70.0,1,3,Onboarding Help
CUST-103426,1,69.4,0,1,Billing Inquiry
CUST-103427,4,15.4,1,3,Onboarding Help
CUST-103428,0,0.0,0,,None
CUST-103429,0,0.0,0,,None
CUST-103430,0,0.0,0,,None
CUST-103431,2,12.4,0,4,Billing Inquiry
CUST-103432,1,5.7,0,4,Feature Request
CUST-103433,1,42.0,1,1,Billing Inquiry
CUST-103434,1,4.4,0,,Onboarding Help
CUST-103435,0,0.0,0,,None
CUST-103436,2,67.7,0,3,Onboarding Help
CUST-103437,2,67.7,1,2,Technical Bug
CUST-103438,2,18.8,0,4,Billing Inquiry
CUST-103439,2,36.6,0,2,Onboarding Help
CUST-103440,1,38.5,1,1,Technical Bug
CUST-103441,2,65.5,1,1,Technical Bug
CUST-103442,0,0.0,0,,None
CUST-103443,1,71.1,0,2,Onboarding Help
CUST-103444,1,21.3,0,4,Feature Request
CUST-103445,2,18.9,0,4,Billing Inquiry
CUST-103446,2,66.5,1,3,Technical Bug
CUST-103447,2,19.1,0,,Billing Inquiry
CUST-103448,0,0.0,0,,None
CUST-103449,1,19.0,0,5,Technical Bug
CUST-103450,1,68.2,1,1,Technical Bug
CUST-103451,1,51.8,1,2,Technical Bug
CUST-103452,3,46.8,1,2,Feature Request
CUST-103453,1,5.4,0,5,Billing Inquiry
CUST-103454,0,0.0,0,,None
CUST-103455,2,13.2,0,5,Billing Inquiry
CUST-103456,0,0.0,0,,None
CUST-103457,0,0.0,0,,None
CUST-103458,0,0.0,0,,None
CUST-103459,3,51.8,1,3,Technical Bug
CUST-103460,1,17.2,0,5,Feature Request
CUST-103461,1,68.8,1,1,Onboarding Help
CUST-103462,1,39.7,0,2,Onboarding Help
CUST-103463,2,26.9,1,3,Feature Request
CUST-103464,1,22.2,0,5,Feature Request
CUST-103465,2,12.1,0,5,Feature Request
CUST-103466,2,52.1,1,1,Feature Request
CUST-103467,0,0.0,0,,None
CUST-103468,0,0.0,0,,None
CUST-103469,5,66.7,0,1,Feature Request
CUST-103470,1,16.7,0,4,Billing Inquiry
CUST-103471,3,57.0,0,1,Billing Inquiry
CUST-103472,3,40.6,1,1,Technical Bug
CUST-103473,1,10.1,0,5,Feature Request
CUST-103474,0,0.0,0,,None
CUST-103475,4,41.1,0,1,Technical Bug
CUST-103476,0,0.0,0,,None
CUST-103477,1,23.6,0,,Technical Bug
CUST-103478,5,36.0,1,3,Technical Bug
CUST-103479,3,62.0,0,2,Feature Request
CUST-103480,1,29.8,0,2,Technical Bug
CUST-103481,1,5.2,0,5,Feature Request
CUST-103482,4,24.6,0,1,Feature Request
CUST-103483,4,57.4,1,1,Onboarding Help
CUST-103484,1,19.0,0,1,Onboarding Help
CUST-103485,3,21.4,0,5,Billing Inquiry
CUST-103486,0,0.0,0,,None
CUST-103487,0,0.0,0,,None
CUST-103488,2,4.3,0,,Billing Inquiry
CUST-103489,2,13.0,0,,Feature Request
CUST-103490,0,0.0,0,,None
CUST-103491,2,39.1,0,1,Billing Inquiry
CUST-103492,1,52.5,0,2,Billing Inquiry
CUST-103493,4,31.7,1,2,Onboarding Help
CUST-103494,1,60.3,1,3,Feature Request
CUST-103495,4,30.4,0,2,Billing Inquiry
CUST-103496,0,0.0,0,,None
CUST-103497,0,0.0,0,,None
CUST-103498,1,13.0,0,4,Billing Inquiry
CUST-103499,1,22.9,1,2,Onboarding Help
CUST-103500,4,25.8,1,1,Billing Inquiry
CUST-103501,1,16.0,0,4,Billing Inquiry
CUST-103502,1,36.8,1,3,Onboarding Help
CUST-103503,0,0.0,0,,None
CUST-103504,1,54.4,0,3,Onboarding Help
CUST-103505,2,4.2,0,4,Billing Inquiry
CUST-103506,2,61.9,1,2,Feature Request
CUST-103507,1,22.4,1,1,Billing Inquiry
CUST-103508,0,0.0,0,,None
CUST-103509,1,4.2,0,5,Onboarding Help
CUST-103510,1,70.0,0,3,Feature Request
CUST-103511,2,18.6,1,1,Feature Request
CUST-103512,2,30.5,0,3,Billing Inquiry
CUST-103513,1,38.0,0,1,Onboarding Help
CUST-103514,0,0.0,0,,None
CUST-103515,2,31.6,0,2,Feature Request
CUST-103516,0,0.0,0,,None
CUST-103517,0,0.0,0,,None
CUST-103518,1,63.5,0,3,Technical Bug
CUST-103519,1,16.0,0,3,Onboarding Help
CUST-103520,1,49.6,1,1,Onboarding Help
CUST-103521,0,0.0,0,,None
CUST-103522,0,0.0,0,,None
CUST-103523,1,29.6,0,3,Onboarding Help
CUST-103524,0,0.0,0,,None
CUST-103525,2,68.3,0,3,Billing Inquiry
CUST-103526,1,22.0,0,4,Technical Bug
CUST-103527,3,3.8,0,4,Technical Bug
CUST-103528,2,19.9,1,2,Feature Request
CUST-103529,1,63.0,0,3,Technical Bug
CUST-103530,1,49.6,1,1,Technical Bug
CUST-103531,1,57.7,0,2,Feature Request
CUST-103532,2,41.5,1,1,Billing Inquiry
CUST-103533,1,12.3,1,2,Onboarding Help
CUST-103534,1,16.9,0,1,Billing Inquiry
CUST-103535,1,12.1,1,1,Feature Request
CUST-103536,0,0.0,0,,None
CUST-103537,0,0.0,0,,None
CUST-103538,1,61.8,0,3,Billing Inquiry
CUST-103539,0,0.0,0,,None
CUST-103540,0,0.0,0,,None
CUST-103541,3,36.2,1,3,Technical Bug
CUST-103542,0,0.0,0,,None
CUST-103543,3,46.8,0,1,Technical Bug
CUST-103544,5,49.5,1,2,Feature Request
CUST-103545,3,57.5,1,2,Technical Bug
CUST-103546,0,0.0,0,,None
CUST-103547,0,0.0,0,,None
CUST-103548,1,20.3,1,3,Billing Inquiry
CUST-103549,0,0.0,0,,None
CUST-103550,1,12.4,0,4,Onboarding Help
CUST-103551,1,46.3,1,2,Technical Bug
CUST-103552,1,14.8,0,5,Feature Request
CUST-103553,1,16.9,0,5,Technical Bug
CUST-103554,1,22.1,0,4,Billing Inquiry
CUST-103555,1,17.1,0,3,Feature Request
CUST-103556,0,0.0,0,,None
CUST-103557,2,16.0,1,3,Onboarding Help
CUST-103558,3,69.0,1,1,Feature Request
CUST-103559,2,19.6,0,4,Billing Inquiry
CUST-103560,3,47.2,1,1,Onboarding Help
CUST-103561,0,0.0,0,,None
CUST-103562,4,56.1,1,1,Onboarding Help
CUST-103563,2,11.7,0,4,Onboarding Help
CUST-103564,2,17.8,0,1,Billing Inquiry
CUST-103565,4,13.8,1,1,Onboarding Help
CUST-103566,1,25.1,0,1,Billing Inquiry
CUST-103567,4,43.6,1,1,Onboarding Help
CUST-103568,1,3.9,0,4,Billing Inquiry
CUST-103569,2,53.7,1,3,Technical Bug
CUST-103570,1,14.6,0,4,Billing Inquiry
CUST-103571,1,14.9,0,4,Billing Inquiry
CUST-103572,1,50.3,0,1,Feature Request
CUST-103573,2,31.9,1,2,Feature Request
CUST-103574,1,65.7,0,2,Onboarding Help
CUST-103575,1,60.0,0,1,Technical Bug
CUST-103576,0,0.0,0,,None
CUST-103577,3,23.8,0,5,Feature Request
CUST-103578,1,20.9,0,,Billing Inquiry
CUST-103579,0,0.0,0,,None
CUST-103580,0,0.0,0,,None
CUST-103581,2,10.5,0,4,Billing Inquiry
CUST-103582,1,3.9,0,4,Technical Bug
CUST-103583,2,55.9,1,1,Onboarding Help
CUST-103584,2,15.0,0,1,Onboarding Help
CUST-103585,0,0.0,0,,None
CUST-103586,3,33.3,1,2,Feature Request
CUST-103587,0,0.0,0,,None
CUST-103588,5,52.7,0,1,Onboarding Help
CUST-103589,1,16.5,1,3,Onboarding Help
CUST-103590,0,0.0,0,,None
CUST-103591,2,7.5,0,,Onboarding Help
CUST-103592,2,44.1,1,1,Onboarding Help
CUST-103593,1,48.3,0,3,Billing Inquiry
CUST-103594,5,14.5,1,1,Billing Inquiry
CUST-103595,3,54.6,0,3,Technical Bug
CUST-103596,0,0.0,0,,None
CUST-103597,2,11.1,0,5,Feature Request
CUST-103598,1,12.6,1,1,Feature Request
CUST-103599,1,62.6,0,1,Billing Inquiry
CUST-103600,1,7.5,0,5,Billing Inquiry
CUST-103601,1,18.3,0,4,Feature Request
CUST-103602,0,0.0,0,,None
CUST-103603,0,0.0,0,,None
CUST-103604,0,0.0,0,,None
CUST-103605,0,0.0,0,,None
CUST-103606,3,36.5,1,1,Billing Inquiry
CUST-103607,2,5.7,0,5,Onboarding Help
CUST-103608,2,60.9,0,1,Billing Inquiry
CUST-103609,3,3.5,0,,Technical Bug
CUST-103610,1,56.2,0,3,Billing Inquiry
CUST-103611,1,39.2,0,1,Billing Inquiry
CUST-103612,0,0.0,0,,None
CUST-103613,0,0.0,0,,None
CUST-103614,0,0.0,0,,None
CUST-103615,1,21.5,0,4,Billing Inquiry
CUST-103616,4,71.2,1,1,Feature Request
CUST-103617,2,12.9,0,4,Onboarding Help
CUST-103618,2,50.7,0,2,Technical Bug
CUST-103619,0,0.0,0,,None
CUST-103620,2,33.1,0,2,Technical Bug
CUST-103621,1,11.1,0,5,Billing Inquiry
CUST-103622,1,2.2,0,4,Feature Request
CUST-103623,2,29.5,1,1,Billing Inquiry
CUST-103624,5,52.7,1,2,Billing Inquiry
CUST-103625,1,15.8,0,4,Onboarding Help
CUST-103626,3,29.3,1,1,Onboarding Help
CUST-103627,3,17.6,0,1,Billing Inquiry
CUST-103628,0,0.0,0,,None
CUST-103629,0,0.0,0,,None
CUST-103630,1,5.1,0,4,Onboarding Help
CUST-103631,0,0.0,0,,None
CUST-103632,3,71.3,0,2,Feature Request
CUST-103633,1,64.7,0,3,Technical Bug
CUST-103634,1,38.2,0,1,Technical Bug
CUST-103635,0,0.0,0,,None
CUST-103636,0,0.0,0,,None
CUST-103637,1,6.8,0,4,Technical Bug
CUST-103638,0,0.0,0,,None
CUST-103639,2,6.2,0,5,Feature Request
CUST-103640,1,29.7,1,2,Onboarding Help
CUST-103641,1,39.7,0,1,Billing Inquiry
CUST-103642,0,0.0,0,,None
CUST-103643,1,43.7,1,1,Onboarding Help
CUST-103644,1,18.5,0,,Feature Request
CUST-103645,2,28.3,0,3,Onboarding Help
CUST-103646,1,18.4,1,2,Billing Inquiry
CUST-103647,1,25.6,0,2,Billing Inquiry
CUST-103648,3,26.1,1,3,Technical Bug
CUST-103649,1,21.8,0,,Feature Request
CUST-103650,3,12.7,1,1,Technical Bug
CUST-103651,3,68.5,0,3,Feature Request
CUST-103652,2,41.5,0,2,Feature Request
CUST-103653,2,42.1,1,2,Feature Request
CUST-103654,1,64.0,1,2,Onboarding Help
CUST-103655,2,65.5,0,3,Billing Inquiry
CUST-103656,0,0.0,0,,None
CUST-103657,0,0.0,0,,None
CUST-103658,2,56.5,0,2,Onboarding Help
CUST-103659,1,34.2,1,1,Onboarding Help
CUST-103660,0,0.0,0,,None
CUST-103661,1,2.9,0,,Billing Inquiry
CUST-103662,1,21.1,0,1,Technical Bug
CUST-103663,0,0.0,0,,None
CUST-103664,1,59.4,1,1,Technical Bug
CUST-103665,1,70.5,1,1,Feature Request
CUST-103666,1,39.5,0,2,Feature Request
CUST-103667,2,59.6,0,1,Onboarding Help
CUST-103668,1,17.7,0,,Onboarding Help
CUST-103669,2,52.0,0,3,Onboarding Help
CUST-103670,0,0.0,0,,None
CUST-103671,1,71.1,1,3,Feature Request
CUST-103672,2,44.0,0,3,Billing Inquiry
CUST-103673,2,58.9,1,1,Feature Request
CUST-103674,2,17.1,0,3,Technical Bug
CUST-103675,2,19.4,0,2,Billing Inquiry
CUST-103676,1,10.0,0,5,Feature Request
CUST-103677,0,0.0,0,,None
CUST-103678,2,21.3,0,3,Billing Inquiry
CUST-103679,2,58.1,1,2,Onboarding Help
CUST-103680,1,5.2,0,4,Technical Bug
CUST-103681,2,53.7,1,2,Feature Request
CUST-103682,1,8.7,0,,Billing Inquiry
CUST-103683,3,12.6,0,3,Onboarding Help
CUST-103684,1,20.8,0,4,Billing Inquiry
CUST-103685,2,11.5,0,4,Onboarding Help
CUST-103686,3,21.1,0,,Technical Bug
CUST-103687,2,33.1,0,1,Feature Request
CUST-103688,1,14.8,0,5,Technical Bug
CUST-103689,2,54.4,0,1,Billing Inquiry
CUST-103690,0,0.0,0,,None
CUST-103691,4,62.1,1,3,Onboarding Help
CUST-103692,1,8.8,0,,Billing Inquiry
CUST-103693,1,13.6,0,4,Technical Bug
CUST-103694,0,0.0,0,,None
CUST-103695,1,8.0,0,4,Onboarding Help
CUST-103696,0,0.0,0,,None
CUST-103697,3,20.0,0,,Onboarding Help
CUST-103698,3,38.5,1,1,Technical Bug
CUST-103699,2,28.9,0,1,Onboarding Help
CUST-103700,3,65.6,0,1,Feature Request
CUST-103701,0,0.0,0,,None
CUST-103702,0,0.0,0,,None
CUST-103703,0,0.0,0,,None
CUST-103704,3,57.6,0,1,Technical Bug
CUST-103705,2,60.7,0,1,Onboarding Help
CUST-103706,0,0.0,0,,None
CUST-103707,2,18.1,0,4,Technical Bug
CUST-103708,0,0.0,0,,None
CUST-103709,0,0.0,0,,None
CUST-103710,1,12.5,0,,Technical Bug
CUST-103711,1,10.5,0,5,Onboarding Help
CUST-103712,0,0.0,0,,None
CUST-103713,1,44.2,1,2,Onboarding Help
CUST-103714,3,42.2,0,3,Technical Bug
CUST-103715,1,5.7,0,5,Onboarding Help
CUST-103716,1,22.1,0,5,Onboarding Help
CUST-103717,2,23.8,0,5,Technical Bug
CUST-103718,0,0.0,0,,None
CUST-103719,2,59.6,0,3,Billing Inquiry
CUST-103720,1,51.0,0,2,Technical Bug
CUST-103721,0,0.0,0,,None
CUST-103722,3,49.4,0,3,Technical Bug
CUST-103723,0,0.0,0,,None
CUST-103724,2,28.3,0,1,Technical Bug
CUST-103725,2,68.5,0,3,Technical Bug
CUST-103726,2,27.5,0,3,Technical Bug
CUST-103727,0,0.0,0,,None
CUST-103728,0,0.0,0,,None
CUST-103729,1,40.4,1,2,Technical Bug
CUST-103730,0,0.0,0,,None
CUST-103731,2,15.3,0,1,Feature Request
CUST-103732,0,0.0,0,,None
CUST-103733,0,0.0,0,,None
CUST-103734,3,13.4,1,1,Feature Request
CUST-103735,0,0.0,0,,None
CUST-103736,1,5.9,0,5,Feature Request
CUST-103737,0,0.0,0,,None
CUST-103738,2,30.4,0,2,Technical Bug
CUST-103739,1,19.9,0,,Feature Request
CUST-103740,2,7.1,0,5,Feature Request
CUST-103741,2,40.9,1,3,Billing Inquiry
CUST-103742,1,56.2,0,3,Technical Bug
CUST-103743,3,56.7,0,2,Billing Inquiry
CUST-103744,1,9.2,0,5,Technical Bug
CUST-103745,1,17.0,0,4,Technical Bug
CUST-103746,2,36.8,0,2,Onboarding Help
CUST-103747,1,30.8,1,1,Feature Request
CUST-103748,2,30.3,0,2,Feature Request
CUST-103749,1,18.6,0,1,Technical Bug
CUST-103750,0,0.0,0,,None
CUST-103751,1,18.4,0,5,Technical Bug
CUST-103752,2,56.1,0,1,Technical Bug
CUST-103753,2,2.1,0,5,Technical Bug
CUST-103754,1,17.0,0,,Feature Request
CUST-103755,0,0.0,0,,None
CUST-103756,1,3.8,0,5,Feature Request
CUST-103757,1,50.3,1,3,Onboarding Help
CUST-103758,1,61.6,1,1,Feature Request
CUST-103759,3,14.5,0,5,Onboarding Help
CUST-103760,2,7.0,0,4,Onboarding Help
CUST-103761,1,20.4,1,2,Technical Bug
CUST-103762,0,0.0,0,,None
CUST-103763,1,21.5,0,5,Onboarding Help
CUST-103764,1,10.5,0,4,Onboarding Help
CUST-103765,3,70.6,1,1,Feature Request
CUST-103766,0,0.0,0,,None
CUST-103767,2,25.2,1,3,Feature Request
CUST-103768,4,63.9,1,3,Feature Request
CUST-103769,2,22.7,0,5,Technical Bug
CUST-103770,0,0.0,0,,None
CUST-103771,0,0.0,0,,None
CUST-103772,0,0.0,0,,None
CUST-103773,3,34.1,0,1,Technical Bug
CUST-103774,1,4.4,0,5,Onboarding Help
CUST-103775,2,35.0,0,1,Billing Inquiry
CUST-103776,2,25.7,1,2,Technical Bug
CUST-103777,2,3.7,0,4,Onboarding Help
CUST-103778,4,35.8,0,2,Onboarding Help
CUST-103779,0,0.0,0,,None
CUST-103780,0,0.0,0,,None
CUST-103781,1,40.6,0,1,Onboarding Help
CUST-103782,0,0.0,0,,None
CUST-103783,0,0.0,0,,None
CUST-103784,1,54.0,1,3,Billing Inquiry
CUST-103785,1,13.2,0,,Technical Bug
CUST-103786,1,16.9,0,4,Billing Inquiry
CUST-103787,1,23.4,0,5,Billing Inquiry
CUST-103788,1,5.1,0,4,Feature Request
CUST-103789,2,70.0,1,2,Feature Request
CUST-103790,2,26.3,1,2,Billing Inquiry
CUST-103791,0,0.0,0,,None
CUST-103792,2,29.6,0,1,Onboarding Help
CUST-103793,1,34.0,0,3,Technical Bug
CUST-103794,3,34.4,0,1,Technical Bug
CUST-103795,0,0.0,0,,None
CUST-103796,1,4.7,0,5,Onboarding Help
CUST-103797,3,70.0,0,3,Onboarding Help
CUST-103798,1,16.2,0,4,Feature Request
CUST-103799,5,38.0,1,2,Onboarding Help
CUST-103800,1,13.7,0,5,Feature Request
CUST-103801,2,65.2,1,3,Onboarding Help
CUST-103802,3,44.5,1,2,Billing Inquiry
CUST-103803,1,52.0,0,2,Technical Bug
CUST-103804,0,0.0,0,,None
CUST-103805,1,27.5,1,2,Feature Request
CUST-103806,3,30.7,1,3,Billing Inquiry
CUST-103807,3,42.5,0,3,Billing Inquiry
CUST-103808,3,52.3,0,1,Billing Inquiry
CUST-103809,0,0.0,0,,None
CUST-103810,5,52.1,0,2,Onboarding Help
CUST-103811,2,21.1,1,2,Billing Inquiry
CUST-103812,0,0.0,0,,None
CUST-103813,1,37.9,0,3,Technical Bug
CUST-103814,1,12.9,0,2,Onboarding Help
CUST-103815,2,7.8,0,5,Onboarding Help
CUST-103816,0,0.0,0,,None
CUST-103817,5,45.1,0,2,Billing Inquiry
CUST-103818,2,48.6,1,1,Billing Inquiry
CUST-103819,0,0.0,0,,None
CUST-103820,0,0.0,0,,None
CUST-103821,0,0.0,0,,None
CUST-103822,1,8.6,0,4,Onboarding Help
CUST-103823,0,0.0,0,,None
CUST-103824,0,0.0,0,,None
CUST-103825,4,34.5,1,2,Technical Bug
CUST-103826,1,23.7,0,,Onboarding Help
CUST-103827,1,54.6,0,1,Feature Request
CUST-103828,0,0.0,0,,None
CUST-103829,2,7.4,0,5,Billing Inquiry
CUST-103830,1,58.6,1,1,Technical Bug
CUST-103831,0,0.0,0,,None
CUST-103832,4,43.3,0,1,Onboarding Help
CUST-103833,2,45.3,0,1,Technical Bug
CUST-103834,2,39.7,1,3,Onboarding Help
CUST-103835,0,0.0,0,,None
CUST-103836,2,29.9,1,3,Onboarding Help
CUST-103837,2,46.0,0,3,Feature Request
CUST-103838,1,53.6,0,2,Technical Bug
CUST-103839,0,0.0,0,,None
CUST-103840,2,53.6,0,3,Technical Bug
CUST-103841,2,17.0,1,2,Billing Inquiry
CUST-103842,5,16.5,0,3,Billing Inquiry
CUST-103843,2,46.8,0,3,Onboarding Help
CUST-103844,0,0.0,0,,None
CUST-103845,1,59.3,0,2,Billing Inquiry
CUST-103846,0,0.0,0,,None
CUST-103847,2,52.5,0,3,Feature Request
CUST-103848,2,56.5,0,3,Feature Request
CUST-103849,1,28.9,1,2,Billing Inquiry
CUST-103850,1,37.2,1,3,Billing Inquiry
CUST-103851,0,0.0,0,,None
CUST-103852,1,56.2,1,1,Feature Request
CUST-103853,1,18.0,0,,Onboarding Help
CUST-103854,1,16.5,0,4,Feature Request
CUST-103855,2,24.8,1,1,Feature Request
CUST-103856,1,49.8,0,3,Onboarding Help
CUST-103857,1,28.2,0,1,Technical Bug
CUST-103858,1,12.2,0,4,Onboarding Help
CUST-103859,2,63.2,0,3,Technical Bug
CUST-103860,2,63.8,1,1,Feature Request
CUST-103861,3,29.2,1,3,Onboarding Help
CUST-103862,0,0.0,0,,None
CUST-103863,1,3.4,0,5,Feature Request
CUST-103864,2,55.8,0,1,Feature Request
CUST-103865,3,50.3,0,2,Technical Bug
CUST-103866,2,9.3,0,4,Technical Bug
CUST-103867,1,16.5,0,4,Onboarding Help
CUST-103868,1,19.8,0,4,Feature Request
CUST-103869,0,0.0,0,,None
CUST-103870,0,0.0,0,,None
CUST-103871,2,44.1,0,1,Onboarding Help
CUST-103872,1,15.3,0,4,Billing Inquiry
CUST-103873,1,60.2,0,1,Feature Request
CUST-103874,1,17.5,0,2,Feature Request
CUST-103875,5,61.6,0,1,Onboarding Help
CUST-103876,1,21.4,0,5,Billing Inquiry
CUST-103877,2,54.8,0,2,Technical Bug
CUST-103878,4,21.6,0,1,Billing Inquiry
CUST-103879,3,53.1,0,2,Feature Request
CUST-103880,2,19.8,1,2,Onboarding Help
CUST-103881,2,55.2,1,3,Feature Request
CUST-103882,1,44.2,1,2,Onboarding Help
CUST-103883,3,17.2,0,,Feature Request
CUST-103884,1,13.7,0,5,Technical Bug
CUST-103885,2,26.0,0,1,Technical Bug
CUST-103886,0,0.0,0,,None
CUST-103887,2,60.4,0,2,Technical Bug
CUST-103888,2,67.7,0,1,Feature Request
CUST-103889,1,21.2,0,4,Feature Request
CUST-103890,0,0.0,0,,None
CUST-103891,2,25.6,1,1,Billing Inquiry
CUST-103892,5,20.1,0,1,Onboarding Help
CUST-103893,2,70.0,0,1,Technical Bug
CUST-103894,1,7.6,0,5,Onboarding Help
CUST-103895,3,58.5,1,1,Billing Inquiry
CUST-103896,2,43.6,1,2,Technical Bug
CUST-103897,2,51.6,1,1,Billing Inquiry
CUST-103898,3,20.7,1,1,Feature Request
CUST-103899,2,21.5,0,3,Technical Bug
CUST-103900,1,62.1,1,2,Technical Bug
CUST-103901,4,45.2,1,3,Onboarding Help
CUST-103902,3,27.4,0,1,Billing Inquiry
CUST-103903,3,23.8,0,3,Technical Bug
CUST-103904,1,21.1,0,5,Onboarding Help
CUST-103905,0,0.0,0,,None
CUST-103906,2,22.0,0,5,Onboarding Help
CUST-103907,5,56.8,1,2,Feature Request
CUST-103908,3,36.1,1,1,Technical Bug
CUST-103909,3,23.6,0,4,Onboarding Help
CUST-103910,2,15.3,0,5,Technical Bug
CUST-103911,2,24.0,0,2,Feature Request
CUST-103912,1,19.5,0,5,Technical Bug
CUST-103913,2,37.7,0,2,Feature Request
CUST-103914,1,12.2,0,4,Onboarding Help
CUST-103915,1,18.1,0,5,Technical Bug
CUST-103916,1,61.8,1,1,Billing Inquiry
CUST-103917,0,0.0,0,,None
CUST-103918,0,0.0,0,,None
CUST-103919,1,28.6,0,3,Onboarding Help
CUST-103920,0,0.0,0,,None
CUST-103921,1,49.1,1,2,Onboarding Help
CUST-103922,1,48.6,1,1,Onboarding Help
CUST-103923,0,0.0,0,,None
CUST-103924,2,36.9,0,3,Feature Request
CUST-103925,2,43.1,0,1,Billing Inquiry
CUST-103926,0,0.0,0,,None
CUST-103927,0,0.0,0,,None
CUST-103928,1,60.1,1,2,Feature Request
CUST-103929,2,67.4,0,1,Billing Inquiry
CUST-103930,0,0.0,0,,None
CUST-103931,0,0.0,0,,None
CUST-103932,1,11.7,0,5,Technical Bug
CUST-103933,2,67.4,0,2,Feature Request
CUST-103934,0,0.0,0,,None
CUST-103935,2,40.2,0,2,Billing Inquiry
CUST-103936,0,0.0,0,,None
CUST-103937,0,0.0,0,,None
CUST-103938,2,3.8,0,5,Billing Inquiry
CUST-103939,3,19.7,0,4,Billing Inquiry
CUST-103940,1,7.9,0,4,Billing Inquiry
CUST-103941,0,0.0,0,,None
CUST-103942,2,16.7,1,3,Onboarding Help
CUST-103943,0,0.0,0,,None
CUST-103944,0,0.0,0,,None
CUST-103945,0,0.0,0,,None
CUST-103946,0,0.0,0,,None
CUST-103947,4,15.0,0,3,Billing Inquiry
CUST-103948,0,0.0,0,,None
CUST-103949,3,42.5,0,2,Onboarding Help
CUST-103950,1,31.2,1,1,Onboarding Help
CUST-103951,3,29.3,0,1,Billing Inquiry
CUST-103952,2,40.1,0,1,Technical Bug
CUST-103953,3,54.4,0,1,Technical Bug
CUST-103954,3,19.5,1,2,Technical Bug
CUST-103955,2,14.4,0,5,Technical Bug
CUST-103956,1,71.4,0,3,Onboarding Help
CUST-103957,2,36.8,0,1,Onboarding Help
CUST-103958,2,8.0,0,5,Onboarding Help
CUST-103959,1,22.2,0,1,Technical Bug
CUST-103960,0,0.0,0,,None
CUST-103961,2,24.9,1,2,Technical Bug
CUST-103962,0,0.0,0,,None
CUST-103963,0,0.0,0,,None
CUST-103964,2,18.4,0,,Technical Bug
CUST-103965,0,0.0,0,,None
CUST-103966,3,16.5,0,3,Feature Request
CUST-103967,1,54.0,0,1,Onboarding Help
CUST-103968,0,0.0,0,,None
CUST-103969,3,53.8,1,1,Feature Request
CUST-103970,3,46.1,0,3,Feature Request
CUST-103971,3,22.6,0,2,Billing Inquiry
CUST-103972,1,22.8,0,5,Feature Request
CUST-103973,0,0.0,0,,None
CUST-103974,2,5.2,0,,Onboarding Help
CUST-103975,2,5.4,0,5,Technical Bug
CUST-103976,1,15.9,0,5,Billing Inquiry
CUST-103977,2,11.7,0,4,Onboarding Help
CUST-103978,1,42.0,1,1,Technical Bug
CUST-103979,0,0.0,0,,None
CUST-103980,0,0.0,0,,None
CUST-103981,0,0.0,0,,None
CUST-103982,1,51.3,0,2,Onboarding Help
CUST-103983,4,36.4,1,3,Feature Request
CUST-103984,0,0.0,0,,None
CUST-103985,1,11.9,0,4,Billing Inquiry
CUST-103986,3,16.8,0,5,Onboarding Help
CUST-103987,2,46.3,0,1,Technical Bug
CUST-103988,2,30.0,1,2,Feature Request
CUST-103989,0,0.0,0,,None
CUST-103990,0,0.0,0,,None
CUST-103991,2,17.2,0,4,Feature Request
CUST-103992,0,0.0,0,,None
CUST-103993,1,20.3,1,1,Onboarding Help
CUST-103994,0,0.0,0,,None
CUST-103995,2,20.7,0,2,Feature Request
CUST-103996,0,0.0,0,,None
CUST-103997,0,0.0,0,,None
CUST-103998,4,46.1,1,3,Onboarding Help
CUST-103999,2,23.8,0,4,Billing Inquiry
CUST-104000,2,11.7,0,5,Feature Request
CUST-104001,1,65.1,0,3,Onboarding Help
CUST-104002,1,21.0,0,4,Billing Inquiry
CUST-104003,2,11.5,0,4,Technical Bug
CUST-104004,3,13.3,0,3,Billing Inquiry
CUST-104005,2,10.2,0,,Billing Inquiry
CUST-104006,1,35.7,1,3,Technical Bug
CUST-104007,3,23.5,0,,Billing Inquiry
CUST-104008,0,0.0,0,,None
CUST-104009,1,4.1,0,5,Feature Request
CUST-104010,2,38.9,1,1,Billing Inquiry
CUST-104011,2,15.1,0,2,Billing Inquiry
CUST-104012,1,4.0,0,4,Billing Inquiry
CUST-104013,0,0.0,0,,None
CUST-104014,0,0.0,0,,None
CUST-104015,2,7.3,0,,Feature Request
CUST-104016,3,56.1,0,3,Billing Inquiry
CUST-104017,0,0.0,0,,None
CUST-104018,3,14.4,1,2,Billing Inquiry
CUST-104019,1,44.9,0,3,Feature Request
CUST-104020,0,0.0,0,,None
CUST-104021,1,8.9,0,,Onboarding Help
CUST-104022,1,68.6,0,3,Onboarding Help
CUST-104023,0,0.0,0,,None
CUST-104024,1,53.9,0,3,Billing Inquiry
CUST-104025,0,0.0,0,,None
CUST-104026,1,16.0,0,4,Billing Inquiry
CUST-104027,2,3.1,0,,Onboarding Help
CUST-104028,1,22.4,1,3,Feature Request
CUST-104029,2,2.3,0,4,Onboarding Help
CUST-104030,4,33.3,1,3,Billing Inquiry
CUST-104031,3,50.4,0,3,Technical Bug
CUST-104032,0,0.0,0,,None
CUST-104033,1,28.6,0,1,Technical Bug
CUST-104034,2,21.2,0,,Technical Bug
CUST-104035,1,17.0,0,4,Technical Bug
CUST-104036,1,11.7,0,4,Onboarding Help
CUST-104037,0,0.0,0,,None
CUST-104038,4,51.8,0,2,Billing Inquiry
CUST-104039,3,59.2,0,2,Billing Inquiry
CUST-104040,0,0.0,0,,None
CUST-104041,1,15.6,0,5,Billing Inquiry
CUST-104042,1,11.6,0,,Technical Bug
CUST-104043,1,7.0,0,5,Technical Bug
CUST-104044,1,12.1,1,2,Feature Request
CUST-104045,0,0.0,0,,None
CUST-104046,1,43.8,1,1,Onboarding Help
CUST-104047,1,58.0,0,1,Technical Bug
CUST-104048,1,4.6,0,5,Billing Inquiry
CUST-104049,0,0.0,0,,None
CUST-104050,3,38.6,0,3,Onboarding Help
CUST-104051,1,15.4,0,,Onboarding Help
CUST-104052,3,25.7,0,1,Billing Inquiry
CUST-104053,2,18.8,0,2,Billing Inquiry
CUST-104054,2,27.4,0,3,Onboarding Help
CUST-104055,3,33.9,1,1,Billing Inquiry
CUST-104056,1,5.6,0,,Billing Inquiry
CUST-104057,0,0.0,0,,None
CUST-104058,1,20.5,1,3,Technical Bug
CUST-104059,0,0.0,0,,None
CUST-104060,2,34.8,1,1,Feature Request
CUST-104061,4,53.8,1,3,Onboarding Help
CUST-104062,2,17.0,0,,Billing Inquiry
CUST-104063,4,30.7,0,3,Onboarding Help
CUST-104064,2,57.1,1,2,Billing Inquiry
CUST-104065,2,17.4,1,1,Billing Inquiry
CUST-104066,0,0.0,0,,None
CUST-104067,2,25.7,0,2,Billing Inquiry
CUST-104068,2,51.6,0,1,Onboarding Help
CUST-104069,3,52.4,1,2,Billing Inquiry
CUST-104070,1,23.5,0,3,Billing Inquiry
CUST-104071,1,51.9,0,2,Billing Inquiry
CUST-104072,1,3.0,0,5,Feature Request
CUST-104073,3,36.2,1,1,Billing Inquiry
CUST-104074,2,39.1,0,3,Onboarding Help
CUST-104075,0,0.0,0,,None
CUST-104076,1,6.3,0,,Feature Request
CUST-104077,0,0.0,0,,None
CUST-104078,2,19.5,0,1,Feature Request
CUST-104079,0,0.0,0,,None
CUST-104080,3,66.6,1,2,Onboarding Help
CUST-104081,0,0.0,0,,None
CUST-104082,0,0.0,0,,None
CUST-104083,0,0.0,0,,None
CUST-104084,2,60.1,0,1,Onboarding Help
CUST-104085,2,22.6,0,5,Onboarding Help
CUST-104086,3,5.7,0,5,Technical Bug
CUST-104087,0,0.0,0,,None
CUST-104088,3,38.0,0,1,Billing Inquiry
CUST-104089,3,22.5,0,5,Billing Inquiry
CUST-104090,1,22.5,0,5,Onboarding Help
CUST-104091,1,18.3,0,1,Billing Inquiry
CUST-104092,1,23.3,0,3,Technical Bug
CUST-104093,1,37.5,1,1,Technical Bug
CUST-104094,4,67.4,0,3,Technical Bug
CUST-104095,2,16.4,0,5,Onboarding Help
CUST-104096,1,5.7,0,5,Technical Bug
CUST-104097,1,8.7,0,4,Onboarding Help
CUST-104098,0,0.0,0,,None
CUST-104099,1,25.3,0,2,Technical Bug
CUST-104100,2,6.2,0,5,Technical Bug
CUST-104101,2,22.0,1,1,Onboarding Help
CUST-104102,0,0.0,0,,None
CUST-104103,0,0.0,0,,None
CUST-104104,4,14.4,0,2,Feature Request
CUST-104105,1,9.7,0,,Billing Inquiry
CUST-104106,0,0.0,0,,None
CUST-104107,2,40.2,0,1,Onboarding Help
CUST-104108,0,0.0,0,,None
CUST-104109,1,36.9,1,2,Billing Inquiry
CUST-104110,0,0.0,0,,None
CUST-104111,1,23.4,0,2,Feature Request
CUST-104112,0,0.0,0,,None
CUST-104113,0,0.0,0,,None
CUST-104114,0,0.0,0,,None
CUST-104115,0,0.0,0,,None
CUST-104116,1,40.9,1,3,Feature Request
CUST-104117,2,16.6,1,1,Onboarding Help
CUST-104118,2,18.0,1,1,Feature Request
CUST-104119,3,34.2,0,3,Onboarding Help
CUST-104120,1,9.0,0,,Onboarding Help
CUST-104121,1,16.0,0,4,Onboarding Help
CUST-104122,2,59.0,0,3,Billing Inquiry
CUST-104123,0,0.0,0,,None
CUST-104124,0,0.0,0,,None
CUST-104125,0,0.0,0,,None
CUST-104126,4,24.1,1,1,Technical Bug
CUST-104127,4,68.0,0,3,Billing Inquiry
CUST-104128,2,10.1,0,4,Onboarding Help
CUST-104129,1,10.3,0,4,Onboarding Help
CUST-104130,1,17.9,0,4,Onboarding Help
CUST-104131,2,58.8,0,2,Feature Request
CUST-104132,2,23.4,1,2,Technical Bug
CUST-104133,2,15.8,0,5,Feature Request
CUST-104134,2,38.9,1,1,Onboarding Help
CUST-104135,2,20.6,1,2,Billing Inquiry
CUST-104136,0,0.0,0,,None
CUST-104137,1,16.1,0,2,Feature Request
CUST-104138,2,23.8,0,2,Billing Inquiry
CUST-104139,0,0.0,0,,None
CUST-104140,0,0.0,0,,None
CUST-104141,2,23.6,1,3,Technical Bug
CUST-104142,0,0.0,0,,None
CUST-104143,1,6.1,0,4,Onboarding Help
CUST-104144,2,68.8,0,3,Billing Inquiry
CUST-104145,3,20.7,0,2,Onboarding Help
CUST-104146,5,34.9,0,3,Feature Request
CUST-104147,3,31.1,0,2,Billing Inquiry
CUST-104148,2,50.7,1,3,Feature Request
CUST-104149,0,0.0,0,,None
CUST-104150,1,32.8,0,1,Technical Bug
CUST-104151,3,23.4,0,3,Technical Bug
CUST-104152,3,62.9,0,1,Feature Request
CUST-104153,0,0.0,0,,None
CUST-104154,1,67.3,0,2,Technical Bug
CUST-104155,4,14.2,0,5,Onboarding Help
CUST-104156,0,0.0,0,,None
CUST-104157,1,18.8,0,5,Onboarding Help
CUST-104158,3,17.7,0,5,Billing Inquiry
CUST-104159,1,12.1,0,2,Technical Bug
CUST-104160,1,5.2,0,5,Technical Bug
CUST-104161,1,6.3,0,5,Billing Inquiry
CUST-104162,3,10.5,0,4,Onboarding Help
CUST-104163,1,58.0,0,3,Feature Request
CUST-104164,1,18.3,0,4,Technical Bug
CUST-104165,2,24.2,0,2,Technical Bug
CUST-104166,2,38.2,1,2,Billing Inquiry
CUST-104167,2,63.6,1,1,Onboarding Help
CUST-104168,3,49.5,0,3,Billing Inquiry
CUST-104169,1,31.3,0,1,Technical Bug
CUST-104170,1,12.5,0,4,Feature Request
CUST-104171,1,61.8,1,1,Onboarding Help
CUST-104172,1,16.0,0,1,Technical Bug
CUST-104173,1,18.9,0,,Billing Inquiry
CUST-104174,0,0.0,0,,None
CUST-104175,1,37.8,1,1,Onboarding Help
CUST-104176,4,34.5,0,2,Feature Request
CUST-104177,3,70.9,1,1,Billing Inquiry
CUST-104178,1,5.3,0,4,Feature Request
CUST-104179,1,21.6,0,5,Feature Request
CUST-104180,1,49.5,0,3,Technical Bug
CUST-104181,1,14.5,0,,Onboarding Help
CUST-104182,1,13.6,0,4,Billing Inquiry
CUST-104183,1,15.2,0,5,Feature Request
CUST-104184,1,9.6,0,4,Feature Request
CUST-104185,0,0.0,0,,None
CUST-104186,0,0.0,0,,None
CUST-104187,2,43.5,1,1,Onboarding Help
CUST-104188,2,36.3,1,2,Onboarding Help
CUST-104189,2,18.3,0,1,Feature Request
CUST-104190,3,49.1,1,2,Billing Inquiry
CUST-104191,1,58.3,0,1,Onboarding Help
CUST-104192,0,0.0,0,,None
CUST-104193,0,0.0,0,,None
CUST-104194,1,19.9,0,4,Billing Inquiry
CUST-104195,2,6.7,0,4,Technical Bug
CUST-104196,2,55.7,0,2,Technical Bug
CUST-104197,1,52.7,1,3,Technical Bug
CUST-104198,1,17.4,0,4,Technical Bug
CUST-104199,0,0.0,0,,None
CUST-104200,1,19.1,0,4,Technical Bug
CUST-104201,0,0.0,0,,None
CUST-104202,2,56.7,1,3,Feature Request
CUST-104203,3,31.9,1,3,Technical Bug
CUST-104204,2,15.3,0,4,Technical Bug
CUST-104205,4,51.3,0,2,Billing Inquiry
CUST-104206,1,42.4,0,1,Technical Bug
CUST-104207,0,0.0,0,,None
CUST-104208,0,0.0,0,,None
CUST-104209,1,60.7,0,1,Technical Bug
CUST-104210,1,18.8,0,4,Feature Request
CUST-104211,1,54.7,1,2,Feature Request
CUST-104212,2,67.4,0,1,Technical Bug
CUST-104213,0,0.0,0,,None
CUST-104214,2,47.1,0,3,Feature Request
CUST-104215,1,29.6,0,1,Technical Bug
CUST-104216,1,20.6,0,4,Billing Inquiry
CUST-104217,3,40.3,0,1,Feature Request
CUST-104218,0,0.0,0,,None
CUST-104219,1,21.4,0,4,Onboarding Help
CUST-104220,3,22.5,0,5,Onboarding Help
CUST-104221,1,14.8,0,4,Onboarding Help
CUST-104222,4,26.6,0,1,Feature Request
CUST-104223,3,39.7,0,1,Feature Request
CUST-104224,3,2.1,0,4,Billing Inquiry
CUST-104225,1,40.9,0,3,Onboarding Help
CUST-104226,2,60.9,0,3,Feature Request
CUST-104227,4,62.4,1,1,Feature Request
CUST-104228,3,20.0,0,1,Billing Inquiry
CUST-104229,2,19.0,0,4,Feature Request
CUST-104230,0,0.0,0,,None
CUST-104231,1,22.4,1,2,Billing Inquiry
CUST-104232,0,0.0,0,,None
CUST-104233,1,5.9,0,4,Technical Bug
CUST-104234,1,26.3,1,1,Onboarding Help
CUST-104235,1,44.1,1,1,Onboarding Help
CUST-104236,7,62.6,1,1,Onboarding Help
CUST-104237,0,0.0,0,,None
CUST-104238,0,0.0,0,,None
CUST-104239,1,70.7,0,3,Technical Bug
CUST-104240,1,4.8,0,5,Billing Inquiry
CUST-104241,1,19.9,0,2,Feature Request
CUST-104242,1,15.7,0,4,Feature Request
CUST-104243,1,67.7,0,2,Feature Request
CUST-104244,0,0.0,0,,None
CUST-104245,2,57.6,0,1,Billing Inquiry
CUST-104246,0,0.0,0,,None
CUST-104247,0,0.0,0,,None
CUST-104248,2,27.3,1,1,Onboarding Help
CUST-104249,1,15.8,0,5,Technical Bug
CUST-104250,0,0.0,0,,None
CUST-104251,3,32.1,1,3,Feature Request
CUST-104252,0,0.0,0,,None
CUST-104253,0,0.0,0,,None
CUST-104254,2,23.3,1,2,Billing Inquiry
CUST-104255,0,0.0,0,,None
CUST-104256,0,0.0,0,,None
CUST-104257,2,39.5,0,3,Billing Inquiry
CUST-104258,1,2.7,0,5,Technical Bug
CUST-104259,0,0.0,0,,None
CUST-104260,1,58.9,0,2,Feature Request
CUST-104261,1,37.3,1,2,Technical Bug
CUST-104262,0,0.0,0,,None
CUST-104263,0,0.0,0,,None
CUST-104264,1,23.2,1,3,Technical Bug
CUST-104265,1,7.7,0,4,Onboarding Help
CUST-104266,0,0.0,0,,None
CUST-104267,0,0.0,0,,None
CUST-104268,1,9.1,0,,Feature Request
CUST-104269,1,5.8,0,,Feature Request
CUST-104270,0,0.0,0,,None
CUST-104271,1,12.5,1,2,Technical Bug
CUST-104272,6,31.0,0,3,Technical Bug
CUST-104273,2,44.6,0,3,Feature Request
CUST-104274,2,12.3,0,4,Billing Inquiry
CUST-104275,1,71.1,0,1,Billing Inquiry
CUST-104276,1,3.3,0,5,Onboarding Help
CUST-104277,4,35.6,0,3,Onboarding Help
CUST-104278,0,0.0,0,,None
CUST-104279,0,0.0,0,,None
CUST-104280,5,32.3,1,3,Onboarding Help
CUST-104281,0,0.0,0,,None
CUST-104282,4,65.3,1,3,Feature Request
CUST-104283,2,17.5,1,1,Onboarding Help
CUST-104284,1,71.7,1,3,Feature Request
CUST-104285,3,38.0,0,2,Technical Bug
CUST-104286,0,0.0,0,,None
CUST-104287,0,0.0,0,,None
CUST-104288,0,0.0,0,,None
CUST-104289,2,22.8,0,3,Billing Inquiry
CUST-104290,1,61.8,0,3,Feature Request
CUST-104291,0,0.0,0,,None
CUST-104292,1,49.6,1,3,Feature Request
CUST-104293,2,18.2,0,2,Feature Request
CUST-104294,2,50.6,0,1,Billing Inquiry
CUST-104295,2,36.5,0,1,Feature Request
CUST-104296,1,44.9,0,2,Feature Request
CUST-104297,0,0.0,0,,None
CUST-104298,4,26.7,0,3,Onboarding Help
CUST-104299,2,65.9,1,1,Onboarding Help
CUST-104300,4,12.4,1,2,Onboarding Help
CUST-104301,3,52.1,0,2,Feature Request
CUST-104302,1,5.4,0,5,Feature Request
CUST-104303,0,0.0,0,,None
CUST-104304,3,11.5,0,5,Feature Request
CUST-104305,2,22.7,0,1,Onboarding Help
CUST-104306,0,0.0,0,,None
CUST-104307,2,63.8,0,3,Technical Bug
CUST-104308,0,0.0,0,,None
CUST-104309,2,46.2,0,1,Feature Request
CUST-104310,0,0.0,0,,None
CUST-104311,0,0.0,0,,None
CUST-104312,1,4.6,0,4,Technical Bug
CUST-104313,0,0.0,0,,None
CUST-104314,2,47.2,0,2,Billing Inquiry
CUST-104315,0,0.0,0,,None
CUST-104316,1,4.1,0,4,Feature Request
CUST-104317,3,44.2,0,1,Technical Bug
CUST-104318,2,19.1,0,5,Billing Inquiry
CUST-104319,0,0.0,0,,None
CUST-104320,1,21.0,0,4,Technical Bug
CUST-104321,2,7.5,0,4,Technical Bug
CUST-104322,0,0.0,0,,None
CUST-104323,1,20.2,0,5,Technical Bug
CUST-104324,1,59.3,0,2,Billing Inquiry
CUST-104325,2,23.2,0,5,Billing Inquiry
CUST-104326,3,32.5,1,3,Technical Bug
CUST-104327,1,37.5,1,3,Onboarding Help
CUST-104328,1,10.9,0,,Onboarding Help
CUST-104329,0,0.0,0,,None
CUST-104330,2,42.7,0,1,Billing Inquiry
CUST-104331,0,0.0,0,,None
CUST-104332,0,0.0,0,,None
CUST-104333,4,61.0,0,1,Feature Request
CUST-104334,5,61.0,0,3,Technical Bug
CUST-104335,2,24.1,1,3,Onboarding Help
CUST-104336,1,22.4,0,4,Billing Inquiry
CUST-104337,1,12.4,0,3,Feature Request
CUST-104338,2,64.8,0,3,Billing Inquiry
CUST-104339,2,62.7,1,1,Onboarding Help
CUST-104340,1,15.1,0,,Feature Request
CUST-104341,0,0.0,0,,None
CUST-104342,1,26.1,1,3,Onboarding Help
CUST-104343,0,0.0,0,,None
CUST-104344,2,16.0,0,2,Billing Inquiry
CUST-104345,2,6.0,0,5,Technical Bug
CUST-104346,2,5.8,0,4,Billing Inquiry
CUST-104347,1,8.8,0,4,Technical Bug
CUST-104348,0,0.0,0,,None
CUST-104349,3,60.1,0,2,Billing Inquiry
CUST-104350,1,11.8,0,,Feature Request
CUST-104351,2,54.9,0,3,Feature Request
CUST-104352,2,7.0,0,5,Billing Inquiry
CUST-104353,1,12.8,0,2,Onboarding Help
CUST-104354,0,0.0,0,,None
CUST-104355,1,17.3,0,,Onboarding Help
CUST-104356,3,40.6,1,2,Feature Request
CUST-104357,1,22.4,0,1,Feature Request
CUST-104358,1,23.5,0,5,Onboarding Help
CUST-104359,4,15.7,1,3,Feature Request
CUST-104360,2,28.2,0,1,Feature Request
CUST-104361,3,15.3,1,2,Billing Inquiry
CUST-104362,4,24.7,0,3,Technical Bug
CUST-104363,1,13.0,0,,Feature Request
CUST-104364,1,20.7,0,3,Feature Request
CUST-104365,1,15.2,0,4,Onboarding Help
CUST-104366,4,70.0,1,3,Onboarding Help
CUST-104367,1,10.8,0,4,Feature Request
CUST-104368,2,13.9,0,4,Billing Inquiry
CUST-104369,3,38.9,1,1,Billing Inquiry
CUST-104370,0,0.0,0,,None
CUST-104371,6,22.1,0,1,Feature Request
CUST-104372,0,0.0,0,,None
CUST-104373,0,0.0,0,,None
CUST-104374,2,30.1,0,1,Onboarding Help
CUST-104375,2,23.3,0,1,Feature Request
CUST-104376,7,44.5,0,3,Feature Request
CUST-104377,1,68.3,0,1,Technical Bug
CUST-104378,1,20.7,0,5,Billing Inquiry
CUST-104379,1,2.0,0,4,Technical Bug
CUST-104380,2,70.2,0,3,Feature Request
CUST-104381,1,17.4,1,1,Feature Request
CUST-104382,0,0.0,0,,None
CUST-104383,1,15.4,0,,Billing Inquiry
CUST-104384,0,0.0,0,,None
CUST-104385,1,5.2,0,4,Feature Request
CUST-104386,3,34.4,1,1,Technical Bug
CUST-104387,2,15.5,1,1,Onboarding Help
CUST-104388,1,35.4,1,2,Feature Request
CUST-104389,1,17.9,0,4,Technical Bug
CUST-104390,0,0.0,0,,None
CUST-104391,1,6.1,0,5,Billing Inquiry
CUST-104392,1,12.8,0,4,Technical Bug
CUST-104393,1,7.8,0,4,Feature Request
CUST-104394,1,57.2,1,3,Feature Request
CUST-104395,1,17.2,0,5,Feature Request
CUST-104396,1,7.3,0,4,Technical Bug
CUST-104397,2,52.4,0,2,Billing Inquiry
CUST-104398,3,54.5,1,3,Billing Inquiry
CUST-104399,1,6.8,0,5,Feature Request
CUST-104400,1,20.9,1,1,Technical Bug
CUST-104401,0,0.0,0,,None
CUST-104402,1,13.4,0,4,Onboarding Help
CUST-104403,1,28.0,1,3,Onboarding Help
CUST-104404,2,54.5,0,2,Onboarding Help
CUST-104405,0,0.0,0,,None
CUST-104406,0,0.0,0,,None
CUST-104407,2,21.5,0,4,Onboarding Help
CUST-104408,0,0.0,0,,None
CUST-104409,2,10.6,0,5,Feature Request
CUST-104410,2,62.9,0,1,Feature Request
CUST-104411,1,9.1,0,5,Technical Bug
CUST-104412,0,0.0,0,,None
CUST-104413,2,25.7,0,3,Feature Request
CUST-104414,3,30.0,0,2,Feature Request
CUST-104415,1,2.1,0,4,Billing Inquiry
CUST-104416,1,15.6,0,2,Feature Request
CUST-104417,4,52.4,0,3,Onboarding Help
CUST-104418,2,45.2,1,3,Feature Request
CUST-104419,0,0.0,0,,None
CUST-104420,0,0.0,0,,None
CUST-104421,0,0.0,0,,None
CUST-104422,0,0.0,0,,None
CUST-104423,1,16.6,0,5,Technical Bug
CUST-104424,2,64.2,0,2,Technical Bug
CUST-104425,0,0.0,0,,None
CUST-104426,2,24.4,0,2,Onboarding Help
CUST-104427,3,60.3,1,1,Feature Request
CUST-104428,0,0.0,0,,None
CUST-104429,2,9.6,0,4,Feature Request
CUST-104430,1,7.0,0,4,Technical Bug
CUST-104431,2,19.9,1,3,Onboarding Help
CUST-104432,1,71.5,0,3,Feature Request
CUST-104433,1,9.1,0,,Technical Bug
CUST-104434,1,20.1,0,,Onboarding Help
CUST-104435,5,29.8,1,3,Feature Request
CUST-104436,1,16.6,1,3,Feature Request
CUST-104437,1,65.9,1,2,Onboarding Help
CUST-104438,0,0.0,0,,None
CUST-104439,3,33.8,1,2,Onboarding Help
CUST-104440,0,0.0,0,,None
CUST-104441,3,48.3,0,3,Billing Inquiry
CUST-104442,1,21.2,0,5,Feature Request
CUST-104443,1,32.8,0,2,Technical Bug
CUST-104444,3,32.2,0,2,Technical Bug
CUST-104445,1,20.3,0,1,Onboarding Help
CUST-104446,2,64.2,1,3,Feature Request
CUST-104447,0,0.0,0,,None
CUST-104448,0,0.0,0,,None
CUST-104449,2,69.7,1,2,Technical Bug
CUST-104450,2,11.4,0,4,Feature Request
CUST-104451,1,32.8,0,3,Technical Bug
CUST-104452,4,47.5,1,1,Technical Bug
CUST-104453,1,25.6,0,2,Onboarding Help
CUST-104454,0,0.0,0,,None
CUST-104455,1,18.0,0,4,Billing Inquiry
CUST-104456,1,43.5,1,1,Onboarding Help
CUST-104457,0,0.0,0,,None
CUST-104458,2,15.5,0,4,Feature Request
CUST-104459,1,26.7,0,2,Feature Request
CUST-104460,0,0.0,0,,None
CUST-104461,0,0.0,0,,None
CUST-104462,3,19.4,0,1,Onboarding Help
CUST-104463,3,23.7,0,2,Feature Request
CUST-104464,1,19.4,0,2,Billing Inquiry
CUST-104465,2,14.0,0,5,Billing Inquiry
CUST-104466,3,15.7,0,1,Technical Bug
CUST-104467,1,29.8,0,2,Onboarding Help
CUST-104468,2,14.2,0,5,Billing Inquiry
CUST-104469,1,12.5,0,5,Technical Bug
CUST-104470,0,0.0,0,,None
CUST-104471,3,46.3,1,3,Billing Inquiry
CUST-104472,0,0.0,0,,None
CUST-104473,2,34.1,0,3,Onboarding Help
CUST-104474,0,0.0,0,,None
CUST-104475,2,17.3,1,2,Feature Request
CUST-104476,0,0.0,0,,None
CUST-104477,1,6.0,0,5,Onboarding Help
CUST-104478,2,33.0,1,3,Feature Request
CUST-104479,4,20.7,0,2,Technical Bug
CUST-104480,2,22.9,1,3,Feature Request
CUST-104481,1,49.6,1,3,Onboarding Help
CUST-104482,0,0.0,0,,None
CUST-104483,4,42.3,1,1,Billing Inquiry
CUST-104484,1,63.5,0,3,Onboarding Help
CUST-104485,1,13.9,0,5,Technical Bug
CUST-104486,2,53.7,0,3,Feature Request
CUST-104487,2,22.8,0,4,Onboarding Help
CUST-104488,0,0.0,0,,None
CUST-104489,1,9.7,0,4,Onboarding Help
CUST-104490,0,0.0,0,,None
CUST-104491,0,0.0,0,,None
CUST-104492,2,30.8,0,2,Feature Request
CUST-104493,1,38.1,0,3,Technical Bug
CUST-104494,0,0.0,0,,None
CUST-104495,3,15.7,1,2,Onboarding Help
CUST-104496,2,64.8,1,1,Onboarding Help
CUST-104497,4,51.3,0,2,Technical Bug
CUST-104498,2,53.1,0,2,Technical Bug
CUST-104499,2,4.0,0,4,Onboarding Help
CUST-104500,4,67.4,1,1,Technical Bug
CUST-104501,2,21.6,0,4,Technical Bug
CUST-104502,2,39.0,0,2,Feature Request
CUST-104503,2,19.7,0,4,Technical Bug
CUST-104504,2,54.0,0,1,Technical Bug
CUST-104505,2,51.6,0,2,Onboarding Help
CUST-104506,1,46.0,0,3,Technical Bug
CUST-104507,5,19.9,1,1,Technical Bug
CUST-104508,0,0.0,0,,None
CUST-104509,1,41.6,1,2,Billing Inquiry
CUST-104510,3,46.2,1,3,Technical Bug
CUST-104511,0,0.0,0,,None
CUST-104512,1,61.6,0,1,Feature Request
CUST-104513,0,0.0,0,,None
CUST-104514,2,42.0,1,2,Technical Bug
CUST-104515,4,55.7,1,1,Billing Inquiry
CUST-104516,1,50.4,0,3,Technical Bug
CUST-104517,1,23.2,0,4,Technical Bug
CUST-104518,1,3.3,0,4,Billing Inquiry
CUST-104519,1,20.9,0,,Onboarding Help
CUST-104520,1,24.1,1,3,Technical Bug
CUST-104521,0,0.0,0,,None
CUST-104522,3,71.8,1,1,Technical Bug
CUST-104523,0,0.0,0,,None
CUST-104524,0,0.0,0,,None
CUST-104525,2,22.1,1,1,Onboarding Help
CUST-104526,0,0.0,0,,None
CUST-104527,1,65.0,0,3,Technical Bug
CUST-104528,0,0.0,0,,None
CUST-104529,2,44.4,1,3,Technical Bug
CUST-104530,0,0.0,0,,None
CUST-104531,0,0.0,0,,None
CUST-104532,2,14.8,0,5,Feature Request
CUST-104533,0,0.0,0,,None
CUST-104534,1,10.1,0,5,Feature Request
CUST-104535,0,0.0,0,,None
CUST-104536,1,13.2,0,4,Billing Inquiry
CUST-104537,1,33.6,0,2,Onboarding Help
CUST-104538,0,0.0,0,,None
CUST-104539,1,64.0,1,3,Feature Request
CUST-104540,3,24.8,0,1,Billing Inquiry
CUST-104541,3,46.4,0,1,Feature Request
CUST-104542,1,18.9,0,4,Billing Inquiry
CUST-104543,2,46.9,0,2,Feature Request
CUST-104544,1,17.4,0,4,Billing Inquiry
CUST-104545,0,0.0,0,,None
CUST-104546,4,24.9,1,2,Feature Request
CUST-104547,4,20.3,0,5,Billing Inquiry
CUST-104548,1,60.2,1,1,Onboarding Help
CUST-104549,1,35.1,0,3,Onboarding Help
CUST-104550,1,61.1,1,2,Feature Request
CUST-104551,0,0.0,0,,None
CUST-104552,1,14.8,0,1,Billing Inquiry
CUST-104553,1,33.9,0,2,Billing Inquiry
CUST-104554,3,38.3,1,3,Feature Request
CUST-104555,0,0.0,0,,None
CUST-104556,0,0.0,0,,None
CUST-104557,2,7.2,0,4,Onboarding Help
CUST-104558,2,8.0,0,4,Billing Inquiry
CUST-104559,1,7.5,0,4,Billing Inquiry
CUST-104560,2,6.9,0,,Onboarding Help
CUST-104561,2,17.4,0,4,Feature Request
CUST-104562,4,38.2,0,2,Technical Bug
CUST-104563,1,11.7,0,4,Technical Bug
CUST-104564,3,9.8,0,4,Technical Bug
CUST-104565,1,24.4,1,1,Billing Inquiry
CUST-104566,1,20.7,0,4,Billing Inquiry
CUST-104567,0,0.0,0,,None
CUST-104568,0,0.0,0,,None
CUST-104569,5,63.5,0,1,Billing Inquiry
CUST-104570,1,18.2,0,5,Onboarding Help
CUST-104571,2,21.1,0,4,Technical Bug
CUST-104572,0,0.0,0,,None
CUST-104573,2,40.2,1,3,Technical Bug
CUST-104574,1,71.1,1,3,Billing Inquiry
CUST-104575,0,0.0,0,,None
CUST-104576,1,53.2,1,1,Feature Request
CUST-104577,0,0.0,0,,None
CUST-104578,1,9.6,0,5,Billing Inquiry
CUST-104579,3,68.8,1,2,Billing Inquiry
CUST-104580,2,53.3,1,2,Feature Request
CUST-104581,1,13.0,0,3,Feature Request
CUST-104582,1,9.9,0,4,Onboarding Help
CUST-104583,4,27.7,1,2,Billing Inquiry
CUST-104584,0,0.0,0,,None
CUST-104585,0,0.0,0,,None
CUST-104586,1,40.6,0,2,Onboarding Help
CUST-104587,2,17.7,0,2,Onboarding Help
CUST-104588,0,0.0,0,,None
CUST-104589,2,26.2,0,2,Technical Bug
CUST-104590,0,0.0,0,,None
CUST-104591,3,67.9,0,3,Technical Bug
CUST-104592,1,66.0,0,1,Technical Bug
CUST-104593,0,0.0,0,,None
CUST-104594,2,68.4,0,1,Technical Bug
CUST-104595,0,0.0,0,,None
CUST-104596,1,22.6,0,4,Technical Bug
CUST-104597,1,4.9,0,4,Technical Bug
CUST-104598,3,18.1,1,1,Onboarding Help
CUST-104599,0,0.0,0,,None
CUST-104600,1,4.5,0,4,Billing Inquiry
CUST-104601,2,67.3,0,2,Onboarding Help
CUST-104602,2,48.5,0,1,Feature Request
CUST-104603,1,8.3,0,4,Billing Inquiry
CUST-104604,0,0.0,0,,None
CUST-104605,1,7.4,0,,Onboarding Help
CUST-104606,1,47.5,1,3,Feature Request
CUST-104607,0,0.0,0,,None
CUST-104608,2,24.8,1,1,Feature Request
CUST-104609,2,13.0,0,3,Onboarding Help
CUST-104610,3,31.7,0,2,Technical Bug
CUST-104611,0,0.0,0,,None
CUST-104612,3,51.5,0,3,Feature Request
CUST-104613,0,0.0,0,,None
CUST-104614,1,35.0,0,1,Feature Request
CUST-104615,1,42.4,0,3,Technical Bug
CUST-104616,1,34.2,0,2,Billing Inquiry
CUST-104617,2,25.1,1,2,Feature Request
CUST-104618,1,18.9,0,4,Onboarding Help
CUST-104619,4,63.3,0,2,Onboarding Help
CUST-104620,4,48.1,1,3,Onboarding Help
CUST-104621,2,16.2,0,1,Billing Inquiry
CUST-104622,1,17.7,0,4,Technical Bug
CUST-104623,2,18.9,0,5,Onboarding Help
CUST-104624,0,0.0,0,,None
CUST-104625,2,12.2,0,1,Billing Inquiry
CUST-104626,0,0.0,0,,None
CUST-104627,0,0.0,0,,None
CUST-104628,3,60.2,0,3,Onboarding Help
CUST-104629,1,67.0,1,2,Billing Inquiry
CUST-104630,1,7.1,0,,Billing Inquiry
CUST-104631,0,0.0,0,,None
CUST-104632,1,23.5,0,5,Billing Inquiry
CUST-104633,1,67.1,1,1,Onboarding Help
CUST-104634,4,65.4,0,3,Technical Bug
CUST-104635,3,35.1,0,2,Onboarding Help
CUST-104636,1,19.0,0,5,Technical Bug
CUST-104637,3,66.2,1,3,Onboarding Help
CUST-104638,0,0.0,0,,None
CUST-104639,0,0.0,0,,None
CUST-104640,2,10.7,0,4,Feature Request
CUST-104641,1,16.6,0,4,Onboarding Help
CUST-104642,1,69.9,1,2,Technical Bug
CUST-104643,0,0.0,0,,None
CUST-104644,3,49.9,1,2,Feature Request
CUST-104645,1,22.8,0,5,Feature Request
CUST-104646,0,0.0,0,,None
CUST-104647,2,17.9,1,2,Feature Request
CUST-104648,0,0.0,0,,None
CUST-104649,1,8.2,0,5,Billing Inquiry
CUST-104650,1,20.1,0,2,Billing Inquiry
CUST-104651,3,40.1,1,1,Billing Inquiry
CUST-104652,3,38.0,1,1,Feature Request
CUST-104653,1,13.2,1,3,Feature Request
CUST-104654,0,0.0,0,,None
CUST-104655,3,35.2,1,3,Technical Bug
CUST-104656,3,20.0,1,1,Feature Request
CUST-104657,1,2.2,0,4,Onboarding Help
CUST-104658,0,0.0,0,,None
CUST-104659,1,33.0,0,3,Onboarding Help
CUST-104660,1,66.8,0,1,Billing Inquiry
CUST-104661,1,15.5,0,4,Technical Bug
CUST-104662,6,59.7,1,3,Technical Bug
CUST-104663,0,0.0,0,,None
CUST-104664,2,22.2,0,5,Onboarding Help
CUST-104665,0,0.0,0,,None
CUST-104666,1,16.0,0,4,Onboarding Help
CUST-104667,2,7.6,0,4,Technical Bug
CUST-104668,1,31.1,1,1,Billing Inquiry
CUST-104669,1,20.0,0,5,Billing Inquiry
CUST-104670,4,23.4,1,1,Onboarding Help
CUST-104671,0,0.0,0,,None
CUST-104672,2,40.5,1,1,Feature Request
CUST-104673,0,0.0,0,,None
CUST-104674,1,67.5,1,1,Feature Request
CUST-104675,1,48.9,0,1,Onboarding Help
CUST-104676,0,0.0,0,,None
CUST-104677,0,0.0,0,,None
CUST-104678,2,57.1,1,2,Onboarding Help
CUST-104679,4,46.7,0,1,Feature Request
CUST-104680,0,0.0,0,,None
CUST-104681,0,0.0,0,,None
CUST-104682,3,24.0,1,3,Technical Bug
CUST-104683,2,18.6,1,2,Feature Request
CUST-104684,3,68.1,1,3,Feature Request
CUST-104685,1,19.8,0,4,Billing Inquiry
CUST-104686,1,14.2,0,1,Billing Inquiry
CUST-104687,0,0.0,0,,None
CUST-104688,3,41.9,0,1,Technical Bug
CUST-104689,1,62.3,1,2,Onboarding Help
CUST-104690,3,35.4,0,3,Technical Bug
CUST-104691,2,58.4,1,2,Onboarding Help
CUST-104692,0,0.0,0,,None
CUST-104693,3,67.8,1,2,Billing Inquiry
CUST-104694,1,21.3,1,3,Billing Inquiry
CUST-104695,1,20.5,0,4,Feature Request
CUST-104696,0,0.0,0,,None
CUST-104697,0,0.0,0,,None
CUST-104698,3,21.8,0,3,Technical Bug
CUST-104699,1,25.9,0,3,Technical Bug
CUST-104700,0,0.0,0,,None
CUST-104701,0,0.0,0,,None
CUST-104702,0,0.0,0,,None
CUST-104703,0,0.0,0,,None
CUST-104704,1,8.4,0,5,Technical Bug
CUST-104705,0,0.0,0,,None
CUST-104706,1,13.4,1,1,Feature Request
CUST-104707,3,66.8,0,3,Onboarding Help
CUST-104708,2,9.7,0,4,Feature Request
CUST-104709,0,0.0,0,,None
CUST-104710,2,71.3,0,2,Billing Inquiry
CUST-104711,0,0.0,0,,None
CUST-104712,0,0.0,0,,None
CUST-104713,2,14.8,0,1,Technical Bug
CUST-104714,2,20.5,0,4,Onboarding Help
CUST-104715,3,34.2,1,2,Feature Request
CUST-104716,1,21.4,0,3,Technical Bug
CUST-104717,2,24.3,0,3,Onboarding Help
CUST-104718,1,63.6,0,2,Onboarding Help
CUST-104719,2,66.4,0,2,Billing Inquiry
CUST-104720,0,0.0,0,,None
CUST-104721,0,0.0,0,,None
CUST-104722,2,18.0,0,4,Onboarding Help
CUST-104723,0,0.0,0,,None
CUST-104724,1,11.3,0,5,Onboarding Help
CUST-104725,1,5.8,0,4,Onboarding Help
CUST-104726,2,70.7,0,2,Feature Request
CUST-104727,0,0.0,0,,None
CUST-104728,5,66.3,0,2,Onboarding Help
CUST-104729,3,5.6,0,5,Billing Inquiry
CUST-104730,0,0.0,0,,None
CUST-104731,2,40.8,0,3,Technical Bug
CUST-104732,1,11.5,0,5,Billing Inquiry
CUST-104733,1,15.5,0,4,Onboarding Help
CUST-104734,2,39.1,0,2,Billing Inquiry
CUST-104735,3,50.8,1,1,Onboarding Help
CUST-104736,2,46.0,0,3,Onboarding Help
CUST-104737,3,47.0,0,2,Technical Bug
CUST-104738,1,69.2,1,1,Technical Bug
CUST-104739,1,19.5,0,2,Onboarding Help
CUST-104740,0,0.0,0,,None
CUST-104741,0,0.0,0,,None
CUST-104742,3,22.9,0,5,Technical Bug
CUST-104743,2,15.1,1,3,Feature Request
CUST-104744,1,22.3,0,4,Onboarding Help
CUST-104745,4,35.9,0,3,Feature Request
CUST-104746,4,45.7,1,2,Billing Inquiry
CUST-104747,0,0.0,0,,None
CUST-104748,1,32.4,1,1,Feature Request
CUST-104749,0,0.0,0,,None
CUST-104750,0,0.0,0,,None
CUST-104751,0,0.0,0,,None
CUST-104752,2,2.3,0,,Onboarding Help
CUST-104753,1,5.5,0,4,Billing Inquiry
CUST-104754,1,18.3,0,4,Technical Bug
CUST-104755,0,0.0,0,,None
CUST-104756,3,27.9,1,1,Onboarding Help
CUST-104757,1,24.7,0,1,Onboarding Help
CUST-104758,0,0.0,0,,None
CUST-104759,0,0.0,0,,None
CUST-104760,1,29.1,1,3,Feature Request
CUST-104761,3,41.1,0,3,Billing Inquiry
CUST-104762,1,56.8,0,3,Onboarding Help
CUST-104763,2,21.6,1,2,Feature Request
CUST-104764,4,58.8,1,1,Feature Request
CUST-104765,1,12.1,0,4,Feature Request
CUST-104766,2,5.0,0,5,Technical Bug
CUST-104767,1,32.6,0,3,Feature Request
CUST-104768,2,43.0,1,1,Onboarding Help
CUST-104769,1,14.4,0,2,Feature Request
CUST-104770,0,0.0,0,,None
CUST-104771,1,34.9,1,2,Feature Request
CUST-104772,4,19.2,0,4,Billing Inquiry
CUST-104773,0,0.0,0,,None
CUST-104774,0,0.0,0,,None
CUST-104775,1,70.6,0,2,Billing Inquiry
CUST-104776,1,13.9,0,5,Technical Bug
CUST-104777,1,19.6,0,4,Billing Inquiry
CUST-104778,0,0.0,0,,None
CUST-104779,0,0.0,0,,None
CUST-104780,1,10.0,0,4,Onboarding Help
CUST-104781,1,9.3,0,5,Onboarding Help
CUST-104782,1,19.4,0,5,Feature Request
CUST-104783,2,72.0,1,1,Onboarding Help
CUST-104784,0,0.0,0,,None
CUST-104785,2,42.5,1,1,Technical Bug
CUST-104786,2,33.6,1,3,Technical Bug
CUST-104787,2,70.8,0,1,Billing Inquiry
CUST-104788,2,14.3,0,5,Technical Bug
CUST-104789,2,54.5,0,2,Onboarding Help
CUST-104790,1,5.8,0,5,Technical Bug
CUST-104791,0,0.0,0,,None
CUST-104792,0,0.0,0,,None
CUST-104793,0,0.0,0,,None
CUST-104794,0,0.0,0,,None
CUST-104795,0,0.0,0,,None
CUST-104796,1,40.3,1,1,Onboarding Help
CUST-104797,0,0.0,0,,None
CUST-104798,1,3.6,0,5,Feature Request
CUST-104799,1,6.3,0,5,Billing Inquiry
CUST-104800,3,69.9,0,1,Feature Request
CUST-104801,2,16.0,0,4,Feature Request
CUST-104802,1,24.5,1,3,Feature Request
CUST-104803,1,67.9,0,2,Billing Inquiry
CUST-104804,2,16.0,0,5,Feature Request
CUST-104805,4,39.5,0,1,Feature Request
CUST-104806,0,0.0,0,,None
CUST-104807,2,15.7,0,4,Technical Bug
CUST-104808,3,29.0,0,1,Billing Inquiry
CUST-104809,1,38.9,0,2,Billing Inquiry
CUST-104810,1,48.7,0,1,Billing Inquiry
CUST-104811,3,71.9,1,2,Billing Inquiry
CUST-104812,1,18.8,0,5,Billing Inquiry
CUST-104813,3,31.4,0,2,Feature Request
CUST-104814,0,0.0,0,,None
CUST-104815,5,49.1,0,1,Onboarding Help
CUST-104816,4,21.9,1,2,Feature Request
CUST-104817,3,10.7,0,5,Billing Inquiry
CUST-104818,1,42.6,0,2,Onboarding Help
CUST-104819,0,0.0,0,,None
CUST-104820,3,35.8,0,1,Technical Bug
CUST-104821,2,37.6,0,3,Onboarding Help
CUST-104822,2,50.9,0,3,Onboarding Help
CUST-104823,1,71.8,0,2,Onboarding Help
CUST-104824,1,70.9,0,3,Technical Bug
CUST-104825,1,48.6,0,2,Technical Bug
CUST-104826,4,66.3,1,2,Technical Bug
CUST-104827,1,15.0,0,,Billing Inquiry
CUST-104828,1,28.5,0,3,Technical Bug
CUST-104829,0,0.0,0,,None
CUST-104830,1,6.5,0,,Feature Request
CUST-104831,1,4.4,0,,Billing Inquiry
CUST-104832,2,16.3,0,4,Billing Inquiry
CUST-104833,4,41.1,0,3,Onboarding Help
CUST-104834,1,17.2,0,4,Technical Bug
CUST-104835,1,9.1,0,5,Feature Request
CUST-104836,0,0.0,0,,None
CUST-104837,2,21.5,0,4,Feature Request
CUST-104838,2,60.4,0,1,Feature Request
CUST-104839,0,0.0,0,,None
CUST-104840,1,8.4,0,,Feature Request
CUST-104841,4,25.4,0,1,Onboarding Help
CUST-104842,0,0.0,0,,None
CUST-104843,3,65.2,1,3,Onboarding Help
CUST-104844,0,0.0,0,,None
CUST-104845,2,27.0,0,3,Billing Inquiry
CUST-104846,0,0.0,0,,None
CUST-104847,2,14.0,0,2,Feature Request
CUST-104848,2,46.6,0,2,Billing Inquiry
CUST-104849,1,15.0,0,5,Onboarding Help
CUST-104850,4,26.3,1,3,Onboarding Help
CUST-104851,2,68.1,1,1,Billing Inquiry
CUST-104852,0,0.0,0,,None
CUST-104853,2,20.2,0,4,Feature Request
CUST-104854,1,44.2,1,3,Technical Bug
CUST-104855,0,0.0,0,,None
CUST-104856,0,0.0,0,,None
CUST-104857,0,0.0,0,,None
CUST-104858,2,23.1,0,5,Billing Inquiry
CUST-104859,1,17.1,0,,Billing Inquiry
CUST-104860,1,22.2,0,,Technical Bug
CUST-104861,3,44.4,0,3,Onboarding Help
CUST-104862,1,14.5,0,5,Feature Request
CUST-104863,2,55.4,0,3,Feature Request
CUST-104864,1,54.0,1,2,Feature Request
CUST-104865,0,0.0,0,,None
CUST-104866,1,16.6,0,2,Technical Bug
CUST-104867,0,0.0,0,,None
CUST-104868,0,0.0,0,,None
CUST-104869,3,53.8,1,1,Billing Inquiry
CUST-104870,1,69.3,1,3,Feature Request
CUST-104871,1,41.6,1,2,Technical Bug
CUST-104872,0,0.0,0,,None
CUST-104873,2,38.7,0,3,Feature Request
CUST-104874,2,12.5,0,5,Onboarding Help
CUST-104875,0,0.0,0,,None
CUST-104876,3,3.4,0,4,Onboarding Help
CUST-104877,0,0.0,0,,None
CUST-104878,5,26.4,0,3,Billing Inquiry
CUST-104879,0,0.0,0,,None
CUST-104880,5,31.1,0,2,Onboarding Help
CUST-104881,0,0.0,0,,None
CUST-104882,1,69.3,0,1,Feature Request
CUST-104883,2,45.6,1,2,Technical Bug
CUST-104884,3,6.6,0,5,Feature Request
CUST-104885,1,13.9,0,5,Billing Inquiry
CUST-104886,0,0.0,0,,None
CUST-104887,8,64.0,0,2,Technical Bug
CUST-104888,1,31.4,0,2,Technical Bug
CUST-104889,1,61.0,0,1,Onboarding Help
CUST-104890,0,0.0,0,,None
CUST-104891,0,0.0,0,,None
CUST-104892,1,42.0,1,2,Feature Request
CUST-104893,0,0.0,0,,None
CUST-104894,3,71.1,1,2,Technical Bug
CUST-104895,1,11.2,0,4,Feature Request
CUST-104896,4,21.5,0,4,Billing Inquiry
CUST-104897,1,8.1,0,5,Billing Inquiry
CUST-104898,1,51.3,0,2,Feature Request
CUST-104899,1,15.5,0,4,Billing Inquiry
CUST-104900,4,17.0,0,4,Feature Request
CUST-104901,3,15.4,0,5,Technical Bug
CUST-104902,1,23.6,1,3,Onboarding Help
CUST-104903,1,3.3,0,4,Onboarding Help
CUST-104904,1,16.2,0,5,Billing Inquiry
CUST-104905,1,22.8,0,5,Technical Bug
CUST-104906,2,2.0,0,5,Onboarding Help
CUST-104907,1,71.1,1,1,Billing Inquiry
CUST-104908,0,0.0,0,,None
CUST-104909,1,16.5,0,,Feature Request
CUST-104910,2,30.3,0,2,Feature Request
CUST-104911,1,65.7,0,1,Technical Bug
CUST-104912,3,16.0,0,1,Onboarding Help
CUST-104913,1,9.5,0,,Onboarding Help
CUST-104914,0,0.0,0,,None
CUST-104915,1,13.8,0,2,Billing Inquiry
CUST-104916,5,39.6,1,1,Onboarding Help
CUST-104917,1,47.5,0,2,Technical Bug
CUST-104918,1,5.5,0,4,Onboarding Help
CUST-104919,0,0.0,0,,None
CUST-104920,1,17.7,0,,Onboarding Help
CUST-104921,1,17.2,0,2,Technical Bug
CUST-104922,0,0.0,0,,None
CUST-104923,2,39.7,0,1,Onboarding Help
CUST-104924,2,23.9,0,,Billing Inquiry
CUST-104925,1,63.0,1,1,Billing Inquiry
CUST-104926,0,0.0,0,,None
CUST-104927,1,26.8,1,1,Billing Inquiry
CUST-104928,3,17.4,1,1,Onboarding Help
CUST-104929,1,19.2,1,3,Feature Request
CUST-104930,5,37.7,1,1,Billing Inquiry
CUST-104931,3,48.6,1,2,Technical Bug
CUST-104932,1,38.4,0,3,Feature Request
CUST-104933,0,0.0,0,,None
CUST-104934,1,19.9,0,,Feature Request
CUST-104935,2,57.3,1,3,Technical Bug
CUST-104936,0,0.0,0,,None
CUST-104937,0,0.0,0,,None
CUST-104938,0,0.0,0,,None
CUST-104939,2,63.8,0,3,Onboarding Help
CUST-104940,1,50.7,0,3,Technical Bug
CUST-104941,0,0.0,0,,None
CUST-104942,0,0.0,0,,None
CUST-104943,4,57.2,1,1,Billing Inquiry
CUST-104944,2,15.8,0,4,Onboarding Help
CUST-104945,1,33.0,1,1,Onboarding Help
CUST-104946,2,70.5,0,3,Technical Bug
CUST-104947,0,0.0,0,,None
CUST-104948,2,4.3,0,,Onboarding Help
CUST-104949,2,24.5,0,1,Onboarding Help
CUST-104950,2,9.1,0,4,Feature Request
CUST-104951,5,58.5,1,1,Feature Request
CUST-104952,2,54.6,1,2,Onboarding Help
CUST-104953,1,6.5,0,4,Onboarding Help
CUST-104954,1,6.6,0,4,Onboarding Help
CUST-104955,1,12.5,0,5,Billing Inquiry
CUST-104956,0,0.0,0,,None
CUST-104957,1,22.5,0,,Onboarding Help
CUST-104958,3,68.8,0,2,Onboarding Help
CUST-104959,0,0.0,0,,None
CUST-104960,1,9.7,0,4,Onboarding Help
CUST-104961,6,37.9,0,3,Technical Bug
CUST-104962,4,48.8,1,1,Technical Bug
CUST-104963,1,42.8,1,1,Billing Inquiry
CUST-104964,3,52.1,0,2,Onboarding Help
CUST-104965,0,0.0,0,,None
CUST-104966,2,34.8,0,3,Billing Inquiry
CUST-104967,1,40.8,0,3,Billing Inquiry
CUST-104968,0,0.0,0,,None
CUST-104969,5,64.0,0,1,Onboarding Help
CUST-104970,2,29.9,0,3,Technical Bug
CUST-104971,1,19.2,0,4,Onboarding Help
CUST-104972,0,0.0,0,,None
CUST-104973,1,52.2,1,2,Feature Request
CUST-104974,1,53.9,0,1,Feature Request
CUST-104975,0,0.0,0,,None
CUST-104976,2,37.0,1,3,Billing Inquiry
CUST-104977,0,0.0,0,,None
CUST-104978,1,20.0,0,5,Technical Bug
CUST-104979,0,0.0,0,,None
CUST-104980,3,16.4,1,3,Onboarding Help
CUST-104981,2,17.2,1,2,Technical Bug
CUST-104982,0,0.0,0,,None
CUST-104983,0,0.0,0,,None
CUST-104984,0,0.0,0,,None
CUST-104985,1,12.3,0,5,Feature Request
CUST-104986,2,40.6,0,1,Onboarding Help
CUST-104987,0,0.0,0,,None
CUST-104988,3,28.0,1,2,Onboarding Help
CUST-104989,0,0.0,0,,None
CUST-104990,0,0.0,0,,None
CUST-104991,0,0.0,0,,None
CUST-104992,6,64.3,0,1,Technical Bug
CUST-104993,0,0.0,0,,None
CUST-104994,1,19.7,0,4,Billing Inquiry
CUST-104995,3,41.8,0,3,Billing Inquiry
CUST-104996,0,0.0,0,,None
CUST-104997,1,67.6,0,2,Billing Inquiry
CUST-104998,1,32.7,0,1,Billing Inquiry
CUST-104999,1,60.4,1,1,Feature Request
CUST-105000,2,11.6,0,5,Technical Bug
CUST-105001,1,6.5,0,5,Onboarding Help
CUST-105002,0,0.0,0,,None
CUST-105003,0,0.0,0,,None
CUST-105004,0,0.0,0,,None
CUST-105005,2,70.6,1,3,Billing Inquiry
CUST-105006,3,19.0,1,3,Technical Bug
CUST-105007,0,0.0,0,,None
CUST-105008,0,0.0,0,,None
CUST-105009,0,0.0,0,,None
CUST-105010,3,66.6,0,3,Onboarding Help
CUST-105011,1,54.4,1,2,Billing Inquiry
CUST-105012,1,19.9,0,3,Billing Inquiry
CUST-105013,0,0.0,0,,None
CUST-105014,2,62.5,1,2,Billing Inquiry
CUST-105015,1,12.0,0,5,Technical Bug
CUST-105016,2,14.5,0,5,Onboarding Help
CUST-105017,0,0.0,0,,None
CUST-105018,0,0.0,0,,None
CUST-105019,1,17.0,0,4,Feature Request
CUST-105020,2,27.2,1,3,Billing Inquiry
CUST-105021,0,0.0,0,,None
CUST-105022,0,0.0,0,,None
CUST-105023,2,39.7,1,2,Feature Request
CUST-105024,1,15.0,0,5,Onboarding Help
CUST-105025,1,57.2,0,2,Onboarding Help
CUST-105026,1,26.3,0,2,Billing Inquiry
CUST-105027,2,22.4,0,2,Technical Bug
CUST-105028,3,31.1,0,2,Feature Request
CUST-105029,2,61.9,0,2,Technical Bug
CUST-105030,2,42.9,1,3,Onboarding Help
CUST-105031,0,0.0,0,,None
CUST-105032,1,20.1,0,5,Onboarding Help
CUST-105033,2,61.5,0,1,Technical Bug
CUST-105034,1,37.1,0,3,Billing Inquiry
CUST-105035,1,18.2,0,5,Technical Bug
CUST-105036,1,3.7,0,4,Onboarding Help
CUST-105037,0,0.0,0,,None
CUST-105038,0,0.0,0,,None
CUST-105039,1,63.1,0,2,Technical Bug
CUST-105040,2,37.5,0,1,Billing Inquiry
CUST-105041,0,0.0,0,,None
CUST-105042,2,41.4,1,1,Billing Inquiry
CUST-105043,3,27.1,0,1,Onboarding Help
CUST-105044,3,3.1,0,5,Onboarding Help
CUST-105045,4,18.1,0,3,Onboarding Help
CUST-105046,4,19.6,1,3,Onboarding Help
CUST-105047,0,0.0,0,,None
CUST-105048,2,50.2,0,3,Onboarding Help
CUST-105049,0,0.0,0,,None
CUST-105050,2,46.3,0,1,Onboarding Help
CUST-105051,1,6.4,0,,Billing Inquiry
CUST-105052,2,69.2,0,1,Feature Request
CUST-105053,4,46.9,0,2,Billing Inquiry
CUST-105054,2,39.6,1,1,Onboarding Help
CUST-105055,1,23.5,0,5,Technical Bug
CUST-105056,0,0.0,0,,None
CUST-105057,1,32.3,0,3,Onboarding Help
CUST-105058,1,21.9,1,2,Onboarding Help
CUST-105059,3,60.8,1,2,Feature Request
CUST-105060,4,51.6,0,1,Technical Bug
CUST-105061,4,17.9,0,4,Feature Request
CUST-105062,3,18.3,0,4,Billing Inquiry
CUST-105063,1,53.2,0,2,Billing Inquiry
CUST-105064,4,23.6,0,,Onboarding Help
CUST-105065,0,0.0,0,,None
CUST-105066,0,0.0,0,,None
CUST-105067,4,51.8,1,2,Billing Inquiry
CUST-105068,0,0.0,0,,None
CUST-105069,2,41.4,0,1,Onboarding Help
CUST-105070,1,64.6,0,1,Feature Request
CUST-105071,2,17.7,1,1,Billing Inquiry
CUST-105072,2,24.2,0,1,Technical Bug
CUST-105073,2,17.0,0,1,Billing Inquiry
CUST-105074,2,7.8,0,5,Onboarding Help
CUST-105075,1,16.1,0,5,Onboarding Help
CUST-105076,0,0.0,0,,None
CUST-105077,0,0.0,0,,None
CUST-105078,1,2.6,0,4,Onboarding Help
CUST-105079,2,57.8,0,2,Billing Inquiry
CUST-105080,2,16.4,0,2,Billing Inquiry
CUST-105081,2,27.5,0,1,Billing Inquiry
CUST-105082,1,14.2,0,2,Technical Bug
CUST-105083,1,22.2,0,4,Feature Request
CUST-105084,0,0.0,0,,None
CUST-105085,2,48.8,1,1,Onboarding Help
CUST-105086,1,2.5,0,5,Billing Inquiry
CUST-105087,2,20.4,0,5,Onboarding Help
CUST-105088,0,0.0,0,,None
CUST-105089,4,22.3,0,3,Feature Request
CUST-105090,1,68.6,0,3,Feature Request
CUST-105091,3,31.0,0,1,Onboarding Help
CUST-105092,3,14.1,0,2,Feature Request
CUST-105093,1,18.4,1,2,Onboarding Help
CUST-105094,3,12.2,0,1,Technical Bug
CUST-105095,0,0.0,0,,None
CUST-105096,2,71.0,1,2,Technical Bug
CUST-105097,1,10.4,0,5,Feature Request
CUST-105098,1,36.4,1,1,Billing Inquiry
CUST-105099,1,7.2,0,4,Technical Bug
CUST-105100,3,47.9,1,2,Technical Bug
CUST-105101,1,65.6,0,2,Billing Inquiry
CUST-105102,4,54.6,0,1,Billing Inquiry
CUST-105103,2,56.7,1,2,Onboarding Help
CUST-105104,2,15.3,0,4,Onboarding Help
CUST-105105,1,30.3,1,2,Technical Bug
CUST-105106,1,56.9,1,3,Onboarding Help
CUST-105107,2,45.0,0,1,Onboarding Help
CUST-105108,0,0.0,0,,None
CUST-105109,2,61.9,0,2,Billing Inquiry
CUST-105110,2,6.0,0,5,Onboarding Help
CUST-105111,1,24.2,1,1,Onboarding Help
CUST-105112,1,19.6,0,5,Onboarding Help
CUST-105113,0,0.0,0,,None
CUST-105114,2,24.1,1,3,Billing Inquiry
CUST-105115,3,18.9,1,1,Billing Inquiry
CUST-105116,1,56.0,0,1,Onboarding Help
CUST-105117,3,25.7,0,3,Onboarding Help
CUST-105118,1,48.9,1,2,Feature Request
CUST-105119,2,23.4,0,2,Feature Request
CUST-105120,2,23.2,0,5,Billing Inquiry
CUST-105121,1,16.9,0,4,Billing Inquiry
CUST-105122,2,34.1,1,1,Billing Inquiry
CUST-105123,2,12.4,0,5,Technical Bug
CUST-105124,0,0.0,0,,None
CUST-105125,3,67.6,0,3,Technical Bug
CUST-105126,3,69.6,0,3,Technical Bug
CUST-105127,2,22.7,1,1,Onboarding Help
CUST-105128,0,0.0,0,,None
CUST-105129,2,65.9,1,3,Billing Inquiry
CUST-105130,0,0.0,0,,None
CUST-105131,1,48.4,0,3,Billing Inquiry
CUST-105132,1,4.5,0,4,Technical Bug
CUST-105133,3,49.7,0,1,Feature Request
CUST-105134,1,64.4,0,2,Technical Bug
CUST-105135,1,23.0,0,5,Onboarding Help
CUST-105136,0,0.0,0,,None
CUST-105137,2,4.9,0,5,Billing Inquiry
CUST-105138,0,0.0,0,,None
CUST-105139,0,0.0,0,,None
CUST-105140,1,2.2,0,5,Billing Inquiry
CUST-105141,3,42.1,1,3,Billing Inquiry
CUST-105142,0,0.0,0,,None
CUST-105143,1,43.1,1,3,Technical Bug
CUST-105144,2,18.0,0,3,Technical Bug
CUST-105145,1,21.7,0,3,Onboarding Help
CUST-105146,1,20.5,0,5,Technical Bug
CUST-105147,2,72.0,0,2,Billing Inquiry
CUST-105148,1,71.2,0,1,Feature Request
CUST-105149,1,14.3,0,4,Technical Bug
CUST-105150,0,0.0,0,,None
CUST-105151,3,63.5,0,2,Onboarding Help
CUST-105152,1,35.4,1,3,Feature Request
CUST-105153,2,23.5,0,5,Feature Request
CUST-105154,1,4.7,0,4,Billing Inquiry
CUST-105155,1,44.2,1,3,Billing Inquiry
CUST-105156,0,0.0,0,,None
CUST-105157,0,0.0,0,,None
CUST-105158,2,6.6,0,4,Onboarding Help
CUST-105159,1,45.2,0,1,Technical Bug
CUST-105160,0,0.0,0,,None
CUST-105161,3,9.3,0,5,Feature Request
CUST-105162,1,19.2,0,4,Feature Request
CUST-105163,2,49.3,1,2,Onboarding Help
CUST-105164,2,3.6,0,,Onboarding Help
CUST-105165,3,55.6,1,3,Technical Bug
CUST-105166,3,26.9,1,1,Feature Request
CUST-105167,0,0.0,0,,None
CUST-105168,4,44.0,1,1,Technical Bug
CUST-105169,1,16.7,0,,Feature Request
CUST-105170,1,20.8,0,5,Onboarding Help
CUST-105171,1,15.3,0,2,Technical Bug
CUST-105172,2,18.9,1,2,Feature Request
CUST-105173,1,22.0,0,,Billing Inquiry
CUST-105174,0,0.0,0,,None
CUST-105175,0,0.0,0,,None
CUST-105176,2,6.8,0,5,Onboarding Help
CUST-105177,1,13.9,0,,Feature Request
CUST-105178,5,60.4,1,1,Onboarding Help
CUST-105179,2,70.2,1,3,Technical Bug
CUST-105180,3,39.8,1,1,Billing Inquiry
CUST-105181,0,0.0,0,,None
CUST-105182,0,0.0,0,,None
CUST-105183,1,49.2,0,2,Billing Inquiry
CUST-105184,1,10.9,0,4,Billing Inquiry
CUST-105185,2,45.4,0,3,Billing Inquiry
CUST-105186,1,4.2,0,,Onboarding Help
CUST-105187,0,0.0,0,,None
CUST-105188,2,66.1,1,1,Onboarding Help
CUST-105189,0,0.0,0,,None
CUST-105190,1,4.1,0,5,Billing Inquiry
CUST-105191,0,0.0,0,,None
CUST-105192,4,45.9,0,2,Feature Request
CUST-105193,1,69.8,0,1,Onboarding Help
CUST-105194,0,0.0,0,,None
CUST-105195,2,10.9,0,5,Feature Request
CUST-105196,1,8.8,0,4,Billing Inquiry
CUST-105197,2,21.1,0,,Technical Bug
CUST-105198,0,0.0,0,,None
CUST-105199,2,53.6,1,1,Billing Inquiry
CUST-105200,1,13.9,1,2,Onboarding Help
CUST-105201,5,9.4,0,5,Onboarding Help
CUST-105202,0,0.0,0,,None
CUST-105203,0,0.0,0,,None
CUST-105204,0,0.0,0,,None
CUST-105205,0,0.0,0,,None
CUST-105206,0,0.0,0,,None
CUST-105207,0,0.0,0,,None
CUST-105208,0,0.0,0,,None
CUST-105209,3,50.9,0,2,Billing Inquiry
CUST-105210,2,23.1,0,5,Onboarding Help
CUST-105211,2,20.8,0,3,Onboarding Help
CUST-105212,2,23.6,1,3,Onboarding Help
CUST-105213,2,26.6,0,2,Technical Bug
CUST-105214,0,0.0,0,,None
CUST-105215,2,44.5,1,3,Technical Bug
CUST-105216,3,2.7,0,5,Technical Bug
CUST-105217,2,20.1,0,5,Onboarding Help
CUST-105218,1,15.5,1,3,Technical Bug
CUST-105219,0,0.0,0,,None
CUST-105220,3,10.2,0,4,Feature Request
CUST-105221,1,22.4,0,5,Technical Bug
CUST-105222,2,34.6,1,2,Feature Request
CUST-105223,1,19.3,0,5,Billing Inquiry
CUST-105224,1,70.9,0,2,Onboarding Help
CUST-105225,1,45.8,0,2,Billing Inquiry
CUST-105226,1,12.0,0,4,Billing Inquiry
CUST-105227,1,11.7,0,5,Billing Inquiry
CUST-105228,1,52.1,1,3,Feature Request
CUST-105229,0,0.0,0,,None
CUST-105230,1,14.1,0,5,Onboarding Help
CUST-105231,0,0.0,0,,None
CUST-105232,5,58.5,0,3,Billing Inquiry
CUST-105233,1,12.4,1,3,Feature Request
CUST-105234,2,66.1,1,1,Feature Request
CUST-105235,3,12.2,1,2,Billing Inquiry
CUST-105236,0,0.0,0,,None
CUST-105237,0,0.0,0,,None
CUST-105238,2,13.6,0,1,Feature Request
CUST-105239,0,0.0,0,,None
CUST-105240,2,19.2,1,3,Technical Bug
CUST-105241,0,0.0,0,,None
CUST-105242,0,0.0,0,,None
CUST-105243,2,27.2,0,1,Technical Bug
CUST-105244,7,34.4,1,2,Technical Bug
CUST-105245,3,51.9,0,3,Onboarding Help
CUST-105246,1,22.8,0,5,Feature Request
CUST-105247,1,34.1,1,2,Technical Bug
CUST-105248,3,35.1,1,3,Technical Bug
CUST-105249,1,13.8,0,5,Billing Inquiry
CUST-105250,2,17.0,0,4,Onboarding Help
CUST-105251,0,0.0,0,,None
CUST-105252,1,22.3,0,4,Onboarding Help
CUST-105253,0,0.0,0,,None
CUST-105254,2,7.5,0,5,Technical Bug
CUST-105255,4,65.0,0,3,Technical Bug
CUST-105256,2,9.1,0,4,Billing Inquiry
CUST-105257,1,4.3,0,,Billing Inquiry
CUST-105258,1,2.3,0,,Feature Request
CUST-105259,1,18.8,0,4,Feature Request
CUST-105260,0,0.0,0,,None
CUST-105261,3,13.7,0,4,Technical Bug
CUST-105262,0,0.0,0,,None
CUST-105263,0,0.0,0,,None
CUST-105264,2,32.2,0,1,Feature Request
CUST-105265,0,0.0,0,,None
CUST-105266,0,0.0,0,,None
CUST-105267,1,12.0,0,,Technical Bug
CUST-105268,0,0.0,0,,None
CUST-105269,1,33.5,0,2,Billing Inquiry
CUST-105270,2,46.5,0,3,Billing Inquiry
CUST-105271,4,32.4,1,2,Feature Request
CUST-105272,3,45.3,0,2,Billing Inquiry
CUST-105273,0,0.0,0,,None
CUST-105274,3,36.9,1,3,Technical Bug
CUST-105275,1,30.4,0,2,Feature Request
CUST-105276,2,23.8,1,2,Onboarding Help
CUST-105277,3,12.1,0,4,Billing Inquiry
CUST-105278,0,0.0,0,,None
CUST-105279,0,0.0,0,,None
CUST-105280,1,23.6,1,2,Onboarding Help
CUST-105281,0,0.0,0,,None
CUST-105282,0,0.0,0,,None
CUST-105283,1,13.8,0,,Onboarding Help
CUST-105284,2,13.7,0,3,Feature Request
CUST-105285,2,45.0,1,2,Billing Inquiry
CUST-105286,0,0.0,0,,None
CUST-105287,2,49.9,0,3,Feature Request
CUST-105288,2,64.5,0,1,Technical Bug
CUST-105289,0,0.0,0,,None
CUST-105290,2,19.3,0,2,Technical Bug
CUST-105291,2,13.1,1,1,Feature Request
CUST-105292,0,0.0,0,,None
CUST-105293,3,38.8,0,3,Technical Bug
CUST-105294,0,0.0,0,,None
CUST-105295,3,23.1,0,2,Billing Inquiry
CUST-105296,0,0.0,0,,None
CUST-105297,2,29.3,1,2,Billing Inquiry
CUST-105298,2,21.3,0,4,Billing Inquiry
CUST-105299,0,0.0,0,,None
CUST-105300,2,5.3,0,5,Onboarding Help
CUST-105301,0,0.0,0,,None
CUST-105302,4,41.7,0,1,Onboarding Help
CUST-105303,1,44.8,1,1,Feature Request
CUST-105304,0,0.0,0,,None
CUST-105305,0,0.0,0,,None
CUST-105306,2,18.8,0,4,Feature Request
CUST-105307,0,0.0,0,,None
CUST-105308,1,33.8,1,1,Feature Request
CUST-105309,3,17.3,0,5,Billing Inquiry
CUST-105310,3,55.7,1,2,Technical Bug
CUST-105311,3,33.8,0,1,Onboarding Help
CUST-105312,0,0.0,0,,None
CUST-105313,1,12.4,0,5,Onboarding Help
CUST-105314,4,61.3,1,2,Technical Bug
CUST-105315,0,0.0,0,,None
CUST-105316,1,17.7,0,5,Technical Bug
CUST-105317,0,0.0,0,,None
CUST-105318,2,16.0,1,1,Technical Bug
CUST-105319,1,3.0,0,,Technical Bug
CUST-105320,1,41.6,1,3,Feature Request
CUST-105321,1,45.4,0,1,Billing Inquiry
CUST-105322,0,0.0,0,,None
CUST-105323,3,62.5,0,2,Billing Inquiry
CUST-105324,1,15.9,0,5,Billing Inquiry
CUST-105325,2,23.2,0,3,Billing Inquiry
CUST-105326,0,0.0,0,,None
CUST-105327,2,5.5,0,4,Onboarding Help
CUST-105328,2,21.5,0,2,Onboarding Help
CUST-105329,1,14.6,0,,Technical Bug
CUST-105330,0,0.0,0,,None
CUST-105331,2,21.1,0,2,Billing Inquiry
CUST-105332,3,57.5,0,3,Onboarding Help
CUST-105333,4,50.5,0,3,Feature Request
CUST-105334,3,63.9,1,1,Billing Inquiry
CUST-105335,0,0.0,0,,None
CUST-105336,2,26.3,1,2,Onboarding Help
CUST-105337,2,6.8,0,4,Technical Bug
CUST-105338,0,0.0,0,,None
CUST-105339,4,68.3,1,3,Feature Request
CUST-105340,0,0.0,0,,None
CUST-105341,3,59.3,0,1,Technical Bug
CUST-105342,2,44.9,0,3,Feature Request
CUST-105343,0,0.0,0,,None
CUST-105344,2,45.6,1,3,Onboarding Help
CUST-105345,0,0.0,0,,None
CUST-105346,0,0.0,0,,None
CUST-105347,1,52.4,1,2,Technical Bug
CUST-105348,3,16.2,0,4,Feature Request
CUST-105349,5,21.0,0,2,Billing Inquiry
CUST-105350,2,55.9,0,2,Feature Request
CUST-105351,0,0.0,0,,None
CUST-105352,1,66.3,0,2,Technical Bug
CUST-105353,3,55.6,0,1,Onboarding Help
CUST-105354,2,37.3,0,3,Onboarding Help
CUST-105355,2,71.9,1,1,Billing Inquiry
CUST-105356,2,18.0,0,5,Feature Request
CUST-105357,0,0.0,0,,None
CUST-105358,2,23.6,1,2,Feature Request
CUST-105359,1,64.0,1,2,Technical Bug
CUST-105360,0,0.0,0,,None
CUST-105361,2,70.3,1,1,Technical Bug
CUST-105362,1,19.7,1,1,Onboarding Help
CUST-105363,3,33.0,1,1,Onboarding Help
CUST-105364,1,15.8,0,3,Billing Inquiry
CUST-105365,0,0.0,0,,None
CUST-105366,0,0.0,0,,None
CUST-105367,2,15.8,0,4,Feature Request
CUST-105368,2,35.8,1,1,Onboarding Help
CUST-105369,3,31.0,0,2,Technical Bug
CUST-105370,1,28.6,1,3,Onboarding Help
CUST-105371,2,4.7,0,4,Billing Inquiry
CUST-105372,1,57.6,1,2,Feature Request
CUST-105373,0,0.0,0,,None
CUST-105374,1,53.8,0,1,Feature Request
CUST-105375,3,38.2,0,3,Feature Request
CUST-105376,1,7.1,0,4,Billing Inquiry
CUST-105377,0,0.0,0,,None
CUST-105378,1,65.1,0,1,Billing Inquiry
CUST-105379,1,37.8,0,1,Technical Bug
CUST-105380,0,0.0,0,,None
CUST-105381,0,0.0,0,,None
CUST-105382,1,3.2,0,,Onboarding Help
CUST-105383,0,0.0,0,,None
CUST-105384,1,64.8,0,2,Feature Request
CUST-105385,2,49.4,1,1,Technical Bug
CUST-105386,5,69.0,1,1,Billing Inquiry
CUST-105387,2,56.4,0,3,Technical Bug
CUST-105388,2,14.3,0,4,Billing Inquiry
CUST-105389,5,42.0,1,3,Onboarding Help
CUST-105390,0,0.0,0,,None
CUST-105391,1,10.6,0,5,Technical Bug
CUST-105392,0,0.0,0,,None
CUST-105393,3,56.8,0,3,Billing Inquiry
CUST-105394,1,47.0,0,3,Onboarding Help
CUST-105395,1,21.8,0,1,Onboarding Help
CUST-105396,4,34.0,0,3,Feature Request
CUST-105397,0,0.0,0,,None
CUST-105398,3,45.3,1,3,Feature Request
CUST-105399,0,0.0,0,,None
CUST-105400,0,0.0,0,,None
CUST-105401,0,0.0,0,,None
CUST-105402,2,17.3,0,5,Onboarding Help
CUST-105403,2,22.9,0,5,Technical Bug
CUST-105404,2,12.2,0,4,Technical Bug
CUST-105405,0,0.0,0,,None
CUST-105406,2,61.3,1,1,Feature Request
CUST-105407,0,0.0,0,,None
CUST-105408,4,40.9,1,3,Feature Request
CUST-105409,4,51.5,0,3,Technical Bug
CUST-105410,5,67.1,1,3,Billing Inquiry
CUST-105411,0,0.0,0,,None
CUST-105412,2,7.8,0,5,Technical Bug
CUST-105413,0,0.0,0,,None
CUST-105414,0,0.0,0,,None
CUST-105415,1,8.3,0,,Feature Request
CUST-105416,0,0.0,0,,None
CUST-105417,2,20.9,0,4,Onboarding Help
CUST-105418,4,28.8,0,2,Onboarding Help
CUST-105419,0,0.0,0,,None
CUST-105420,3,32.5,0,1,Technical Bug
CUST-105421,2,17.6,0,5,Feature Request
CUST-105422,3,30.2,1,3,Billing Inquiry
CUST-105423,0,0.0,0,,None
CUST-105424,2,5.7,0,,Billing Inquiry
CUST-105425,1,24.0,0,,Feature Request
CUST-105426,1,58.2,0,2,Feature Request
CUST-105427,3,17.2,0,2,Billing Inquiry
CUST-105428,0,0.0,0,,None
CUST-105429,1,15.5,0,4,Technical Bug
CUST-105430,2,5.7,0,,Feature Request
CUST-105431,2,24.6,1,2,Feature Request
CUST-105432,0,0.0,0,,None
CUST-105433,0,0.0,0,,None
CUST-105434,2,67.5,1,3,Feature Request
CUST-105435,2,21.3,0,5,Billing Inquiry
CUST-105436,2,19.9,0,1,Billing Inquiry
CUST-105437,2,69.3,1,1,Billing Inquiry
CUST-105438,1,63.2,1,2,Billing Inquiry
CUST-105439,1,7.7,0,,Technical Bug
CUST-105440,2,56.5,1,2,Onboarding Help
CUST-105441,2,50.6,0,3,Onboarding Help
CUST-105442,2,12.4,0,4,Onboarding Help
CUST-105443,2,10.4,0,4,Billing Inquiry
CUST-105444,3,15.4,0,2,Technical Bug
CUST-105445,0,0.0,0,,None
CUST-105446,1,25.1,0,2,Feature Request
CUST-105447,0,0.0,0,,None
CUST-105448,0,0.0,0,,None
CUST-105449,2,23.0,1,1,Feature Request
CUST-105450,2,47.9,1,3,Feature Request
CUST-105451,1,35.2,1,3,Technical Bug
CUST-105452,0,0.0,0,,None
CUST-105453,0,0.0,0,,None
CUST-105454,0,0.0,0,,None
CUST-105455,4,10.2,0,4,Billing Inquiry
CUST-105456,1,19.4,0,1,Onboarding Help
CUST-105457,0,0.0,0,,None
CUST-105458,3,21.1,0,4,Billing Inquiry
CUST-105459,1,7.1,0,5,Billing Inquiry
CUST-105460,2,7.1,0,4,Technical Bug
CUST-105461,0,0.0,0,,None
CUST-105462,2,3.1,0,5,Onboarding Help
CUST-105463,5,16.0,1,3,Technical Bug
CUST-105464,5,39.4,1,3,Technical Bug
CUST-105465,0,0.0,0,,None
CUST-105466,0,0.0,0,,None
CUST-105467,1,21.7,0,5,Billing Inquiry
CUST-105468,1,30.6,1,2,Onboarding Help
CUST-105469,0,0.0,0,,None
CUST-105470,0,0.0,0,,None
CUST-105471,1,39.7,0,2,Onboarding Help
CUST-105472,0,0.0,0,,None
CUST-105473,1,59.4,0,2,Technical Bug
CUST-105474,2,19.7,0,4,Technical Bug
CUST-105475,2,23.7,0,5,Billing Inquiry
CUST-105476,0,0.0,0,,None
CUST-105477,1,33.0,1,2,Technical Bug
CUST-105478,0,0.0,0,,None
CUST-105479,3,21.1,1,1,Onboarding Help
CUST-105480,1,53.9,0,3,Onboarding Help
CUST-105481,1,14.5,0,4,Technical Bug
CUST-105482,1,20.9,0,4,Feature Request
CUST-105483,2,56.9,1,2,Onboarding Help
CUST-105484,0,0.0,0,,None
CUST-105485,0,0.0,0,,None
CUST-105486,1,37.6,1,3,Onboarding Help
CUST-105487,4,54.3,0,2,Onboarding Help
CUST-105488,3,33.5,0,3,Onboarding Help
CUST-105489,0,0.0,0,,None
CUST-105490,1,15.3,0,5,Feature Request
CUST-105491,4,49.3,1,2,Billing Inquiry
CUST-105492,0,0.0,0,,None
CUST-105493,3,40.4,0,2,Billing Inquiry
CUST-105494,4,39.5,1,1,Onboarding Help
CUST-105495,2,16.2,1,1,Billing Inquiry
CUST-105496,2,6.8,0,4,Billing Inquiry
CUST-105497,2,44.3,0,1,Onboarding Help
CUST-105498,4,65.6,0,1,Feature Request
CUST-105499,2,8.2,0,4,Billing Inquiry
CUST-105500,0,0.0,0,,None
CUST-105501,2,58.7,0,3,Onboarding Help
CUST-105502,3,21.6,0,2,Onboarding Help
CUST-105503,0,0.0,0,,None
CUST-105504,2,30.2,0,2,Feature Request
CUST-105505,3,56.5,1,1,Technical Bug
CUST-105506,2,26.5,0,3,Feature Request
CUST-105507,0,0.0,0,,None
CUST-105508,2,25.5,0,1,Onboarding Help
CUST-105509,2,18.0,0,4,Billing Inquiry
CUST-105510,0,0.0,0,,None
CUST-105511,3,54.9,0,2,Technical Bug
CUST-105512,1,4.1,0,4,Technical Bug
CUST-105513,2,61.2,0,1,Onboarding Help
CUST-105514,1,16.9,0,5,Feature Request
CUST-105515,0,0.0,0,,None
CUST-105516,1,22.6,0,4,Technical Bug
CUST-105517,3,71.4,0,1,Onboarding Help
CUST-105518,1,2.9,0,5,Onboarding Help
CUST-105519,0,0.0,0,,None
CUST-105520,1,53.5,0,3,Feature Request
CUST-105521,1,11.6,0,5,Feature Request
CUST-105522,2,13.4,0,3,Onboarding Help
CUST-105523,0,0.0,0,,None
CUST-105524,2,55.6,1,3,Billing Inquiry
CUST-105525,1,22.9,0,,Billing Inquiry
CUST-105526,1,2.6,0,5,Technical Bug
CUST-105527,6,26.9,0,1,Feature Request
CUST-105528,1,40.3,0,1,Technical Bug
CUST-105529,4,32.2,1,1,Feature Request
CUST-105530,0,0.0,0,,None
CUST-105531,0,0.0,0,,None
CUST-105532,2,66.5,1,2,Technical Bug
CUST-105533,1,67.6,0,3,Billing Inquiry
CUST-105534,2,46.5,0,2,Billing Inquiry
CUST-105535,0,0.0,0,,None
CUST-105536,0,0.0,0,,None
CUST-105537,1,15.0,0,1,Billing Inquiry
CUST-105538,3,28.2,1,1,Onboarding Help
CUST-105539,5,68.7,0,1,Technical Bug
CUST-105540,0,0.0,0,,None
CUST-105541,2,66.1,1,2,Onboarding Help
CUST-105542,0,0.0,0,,None
CUST-105543,1,33.0,0,3,Feature Request
CUST-105544,0,0.0,0,,None
CUST-105545,3,38.7,0,2,Technical Bug
CUST-105546,5,54.2,0,1,Feature Request
CUST-105547,1,13.6,0,4,Technical Bug
CUST-105548,2,4.1,0,5,Feature Request
CUST-105549,2,23.3,0,,Billing Inquiry
CUST-105550,1,70.3,0,1,Onboarding Help
CUST-105551,3,16.3,1,2,Billing Inquiry
CUST-105552,0,0.0,0,,None
CUST-105553,2,69.6,0,2,Onboarding Help
CUST-105554,3,37.0,0,2,Onboarding Help
CUST-105555,1,21.8,0,5,Billing Inquiry
CUST-105556,1,6.6,0,5,Technical Bug
CUST-105557,1,14.3,0,,Technical Bug
CUST-105558,4,45.0,1,2,Onboarding Help
CUST-105559,0,0.0,0,,None
CUST-105560,1,17.7,0,,Technical Bug
CUST-105561,1,5.3,0,5,Billing Inquiry
CUST-105562,2,25.6,1,2,Feature Request
CUST-105563,0,0.0,0,,None
CUST-105564,1,11.8,0,4,Technical Bug
CUST-105565,0,0.0,0,,None
CUST-105566,3,17.6,1,2,Onboarding Help
CUST-105567,0,0.0,0,,None
CUST-105568,0,0.0,0,,None
CUST-105569,5,11.7,0,,Onboarding Help
CUST-105570,3,61.2,1,3,Feature Request
CUST-105571,2,23.6,0,1,Technical Bug
CUST-105572,2,51.7,1,2,Technical Bug
CUST-105573,1,19.6,1,3,Billing Inquiry
CUST-105574,2,10.5,0,5,Technical Bug
CUST-105575,1,16.0,0,4,Technical Bug
CUST-105576,3,65.1,0,3,Technical Bug
CUST-105577,1,43.3,0,2,Technical Bug
CUST-105578,2,59.5,0,1,Feature Request
CUST-105579,0,0.0,0,,None
CUST-105580,0,0.0,0,,None
CUST-105581,3,50.2,1,3,Onboarding Help
CUST-105582,2,20.3,0,5,Billing Inquiry
CUST-105583,1,25.4,0,3,Onboarding Help
CUST-105584,1,8.7,0,4,Technical Bug
CUST-105585,2,65.7,1,3,Feature Request
CUST-105586,0,0.0,0,,None
CUST-105587,0,0.0,0,,None
CUST-105588,1,28.2,0,3,Feature Request
CUST-105589,4,48.4,0,1,Feature Request
CUST-105590,1,60.3,0,1,Feature Request
CUST-105591,2,52.5,1,2,Onboarding Help
CUST-105592,1,21.7,0,5,Billing Inquiry
CUST-105593,1,7.5,0,5,Billing Inquiry
CUST-105594,1,57.7,0,3,Technical Bug
CUST-105595,4,28.3,0,1,Billing Inquiry
CUST-105596,0,0.0,0,,None
CUST-105597,0,0.0,0,,None
CUST-105598,2,59.2,0,2,Feature Request
CUST-105599,0,0.0,0,,None
CUST-105600,2,38.1,1,2,Feature Request
CUST-105601,0,0.0,0,,None
CUST-105602,2,65.9,0,1,Billing Inquiry
CUST-105603,2,58.4,0,3,Onboarding Help
CUST-105604,4,28.0,0,2,Onboarding Help
CUST-105605,0,0.0,0,,None
CUST-105606,1,13.6,0,4,Onboarding Help
CUST-105607,1,2.3,0,,Feature Request
CUST-105608,1,15.9,1,1,Feature Request
CUST-105609,1,53.2,0,3,Technical Bug
CUST-105610,2,13.7,0,4,Feature Request
CUST-105611,2,68.4,1,1,Feature Request
CUST-105612,3,40.0,1,1,Technical Bug
CUST-105613,1,15.4,1,2,Billing Inquiry
CUST-105614,1,15.4,0,4,Onboarding Help
CUST-105615,1,19.3,0,4,Onboarding Help
CUST-105616,1,26.3,1,3,Onboarding Help
CUST-105617,0,0.0,0,,None
CUST-105618,2,12.7,1,2,Onboarding Help
CUST-105619,3,49.4,0,3,Onboarding Help
CUST-105620,1,62.0,0,3,Billing Inquiry
CUST-105621,0,0.0,0,,None
CUST-105622,2,20.5,1,2,Feature Request
CUST-105623,0,0.0,0,,None
CUST-105624,0,0.0,0,,None
CUST-105625,2,2.3,0,5,Onboarding Help
CUST-105626,1,15.9,0,4,Billing Inquiry
CUST-105627,1,18.7,0,4,Feature Request
CUST-105628,4,25.8,0,2,Technical Bug
CUST-105629,1,15.8,1,3,Onboarding Help
CUST-105630,1,9.7,0,5,Onboarding Help
CUST-105631,0,0.0,0,,None
CUST-105632,2,8.1,0,,Billing Inquiry
CUST-105633,2,43.8,0,3,Billing Inquiry
CUST-105634,0,0.0,0,,None
CUST-105635,4,23.3,0,5,Feature Request
CUST-105636,1,21.0,1,3,Onboarding Help
CUST-105637,1,69.3,1,3,Feature Request
CUST-105638,0,0.0,0,,None
CUST-105639,2,5.1,0,4,Onboarding Help
CUST-105640,2,63.0,1,1,Feature Request
CUST-105641,1,16.2,0,4,Feature Request
CUST-105642,0,0.0,0,,None
CUST-105643,2,20.6,0,4,Feature Request
CUST-105644,2,56.5,1,3,Onboarding Help
CUST-105645,0,0.0,0,,None
CUST-105646,0,0.0,0,,None
CUST-105647,1,18.6,0,1,Onboarding Help
CUST-105648,0,0.0,0,,None
CUST-105649,1,34.9,0,3,Onboarding Help
CUST-105650,3,50.7,1,1,Feature Request
CUST-105651,1,8.6,0,,Feature Request
CUST-105652,0,0.0,0,,None
CUST-105653,0,0.0,0,,None
CUST-105654,4,33.1,1,3,Onboarding Help
CUST-105655,2,48.6,0,3,Feature Request
CUST-105656,1,17.5,0,,Technical Bug
CUST-105657,3,12.1,1,1,Technical Bug
CUST-105658,0,0.0,0,,None
CUST-105659,2,7.5,0,5,Onboarding Help
CUST-105660,1,39.7,1,1,Feature Request
CUST-105661,3,53.3,1,2,Technical Bug
CUST-105662,2,31.4,0,2,Technical Bug
CUST-105663,3,39.4,0,2,Feature Request
CUST-105664,4,69.0,0,2,Technical Bug
CUST-105665,3,51.3,1,3,Billing Inquiry
CUST-105666,2,4.1,0,4,Feature Request
CUST-105667,0,0.0,0,,None
CUST-105668,1,50.5,0,2,Technical Bug
CUST-105669,2,24.6,0,2,Technical Bug
CUST-105670,2,39.9,1,3,Technical Bug
CUST-105671,1,65.2,1,2,Billing Inquiry
CUST-105672,3,67.0,0,1,Billing Inquiry
CUST-105673,0,0.0,0,,None
CUST-105674,1,20.7,0,,Billing Inquiry
CUST-105675,1,51.0,0,1,Billing Inquiry
CUST-105676,0,0.0,0,,None
CUST-105677,1,26.1,1,2,Billing Inquiry
CUST-105678,1,65.4,0,1,Feature Request
CUST-105679,0,0.0,0,,None
CUST-105680,2,66.1,0,3,Billing Inquiry
CUST-105681,0,0.0,0,,None
CUST-105682,0,0.0,0,,None
CUST-105683,1,19.8,0,,Onboarding Help
CUST-105684,3,26.7,0,3,Feature Request
CUST-105685,4,21.2,1,2,Billing Inquiry
CUST-105686,3,43.8,1,2,Technical Bug
CUST-105687,1,31.1,1,3,Technical Bug
CUST-105688,2,3.4,0,5,Feature Request
CUST-105689,3,45.9,0,2,Onboarding Help
CUST-105690,0,0.0,0,,None
CUST-105691,0,0.0,0,,None
CUST-105692,2,61.8,1,1,Onboarding Help
CUST-105693,2,21.7,0,4,Onboarding Help
CUST-105694,3,4.8,0,4,Technical Bug
CUST-105695,3,39.0,0,3,Feature Request
CUST-105696,1,18.8,0,3,Feature Request
CUST-105697,1,8.4,0,5,Feature Request
CUST-105698,1,20.3,0,3,Technical Bug
CUST-105699,3,17.8,0,2,Billing Inquiry
CUST-105700,1,16.2,0,1,Feature Request
CUST-105701,3,26.9,0,2,Billing Inquiry
CUST-105702,3,28.5,0,2,Billing Inquiry
CUST-105703,0,0.0,0,,None
CUST-105704,2,23.2,0,,Technical Bug
CUST-105705,0,0.0,0,,None
CUST-105706,1,2.4,0,5,Onboarding Help
CUST-105707,2,15.1,0,1,Onboarding Help
CUST-105708,0,0.0,0,,None
CUST-105709,0,0.0,0,,None
CUST-105710,0,0.0,0,,None
CUST-105711,1,10.7,0,4,Feature Request
CUST-105712,1,27.0,0,3,Billing Inquiry
CUST-105713,1,54.1,0,3,Technical Bug
CUST-105714,3,60.1,0,1,Billing Inquiry
CUST-105715,1,22.2,0,5,Onboarding Help
CUST-105716,2,8.4,0,4,Feature Request
CUST-105717,0,0.0,0,,None
CUST-105718,3,70.5,0,2,Onboarding Help
CUST-105719,3,61.9,0,3,Billing Inquiry
CUST-105720,1,67.3,1,2,Feature Request
CUST-105721,0,0.0,0,,None
CUST-105722,3,45.8,0,2,Feature Request
CUST-105723,0,0.0,0,,None
CUST-105724,2,22.4,0,1,Billing Inquiry
CUST-105725,1,18.0,0,,Billing Inquiry
CUST-105726,2,16.8,0,2,Technical Bug
CUST-105727,1,15.5,0,5,Billing Inquiry
CUST-105728,0,0.0,0,,None
CUST-105729,0,0.0,0,,None
CUST-105730,0,0.0,0,,None
CUST-105731,3,61.7,0,1,Feature Request
CUST-105732,3,13.0,1,2,Onboarding Help
CUST-105733,3,48.1,1,1,Billing Inquiry
CUST-105734,1,15.9,1,1,Technical Bug
CUST-105735,2,53.0,0,1,Onboarding Help
CUST-105736,1,6.2,0,,Feature Request
CUST-105737,1,71.7,0,2,Technical Bug
CUST-105738,5,56.3,1,3,Onboarding Help
CUST-105739,1,69.5,0,3,Billing Inquiry
CUST-105740,0,0.0,0,,None
CUST-105741,0,0.0,0,,None
CUST-105742,2,22.1,0,2,Feature Request
CUST-105743,2,37.6,1,2,Billing Inquiry
CUST-105744,2,4.7,0,,Billing Inquiry
CUST-105745,4,47.6,1,3,Feature Request
CUST-105746,1,13.7,0,4,Onboarding Help
CUST-105747,1,13.2,0,,Feature Request
CUST-105748,1,18.2,0,3,Technical Bug
CUST-105749,2,16.1,1,3,Billing Inquiry
CUST-105750,3,13.6,0,5,Onboarding Help
CUST-105751,1,4.4,0,,Onboarding Help
CUST-105752,2,49.9,0,2,Feature Request
CUST-105753,3,52.1,1,3,Technical Bug
CUST-105754,1,70.2,0,3,Onboarding Help
CUST-105755,1,17.9,0,,Billing Inquiry
CUST-105756,2,60.6,1,1,Onboarding Help
CUST-105757,1,50.3,0,1,Feature Request
CUST-105758,0,0.0,0,,None
CUST-105759,1,20.8,0,4,Technical Bug
CUST-105760,0,0.0,0,,None
CUST-105761,0,0.0,0,,None
CUST-105762,2,11.7,0,4,Onboarding Help
CUST-105763,2,21.6,0,4,Billing Inquiry
CUST-105764,3,41.0,0,2,Technical Bug
CUST-105765,2,31.2,0,2,Billing Inquiry
CUST-105766,1,68.6,0,1,Technical Bug
CUST-105767,0,0.0,0,,None
CUST-105768,4,34.5,0,3,Technical Bug
CUST-105769,0,0.0,0,,None
CUST-105770,2,67.5,1,3,Feature Request
CUST-105771,1,12.8,0,1,Onboarding Help
CUST-105772,1,22.5,0,4,Feature Request
CUST-105773,1,63.2,0,1,Billing Inquiry
CUST-105774,1,8.2,0,4,Onboarding Help
CUST-105775,0,0.0,0,,None
CUST-105776,1,16.3,0,4,Billing Inquiry
CUST-105777,2,14.5,0,5,Feature Request
CUST-105778,1,9.5,0,5,Feature Request
CUST-105779,0,0.0,0,,None
CUST-105780,0,0.0,0,,None
CUST-105781,0,0.0,0,,None
CUST-105782,1,39.4,1,2,Feature Request
CUST-105783,0,0.0,0,,None
CUST-105784,0,0.0,0,,None
CUST-105785,3,50.0,1,1,Billing Inquiry
CUST-105786,1,14.0,0,4,Technical Bug
CUST-105787,0,0.0,0,,None
CUST-105788,1,65.4,1,1,Feature Request
CUST-105789,2,28.9,1,3,Feature Request
CUST-105790,0,0.0,0,,None
CUST-105791,0,0.0,0,,None
CUST-105792,0,0.0,0,,None
CUST-105793,1,19.2,0,5,Onboarding Help
CUST-105794,3,16.9,1,1,Feature Request
CUST-105795,2,30.0,0,3,Onboarding Help
CUST-105796,5,41.7,0,2,Feature Request
CUST-105797,1,21.0,0,5,Billing Inquiry
CUST-105798,3,66.2,1,3,Billing Inquiry
CUST-105799,1,69.4,1,3,Feature Request
CUST-105800,2,52.0,1,2,Feature Request
CUST-105801,1,15.2,0,2,Billing Inquiry
CUST-105802,1,68.4,0,2,Onboarding Help
CUST-105803,1,12.2,0,,Feature Request
CUST-105804,2,19.0,0,3,Technical Bug
CUST-105805,1,32.2,1,1,Onboarding Help
CUST-105806,2,28.3,0,1,Billing Inquiry
CUST-105807,2,57.9,0,2,Feature Request
CUST-105808,2,9.7,0,,Technical Bug
CUST-105809,1,29.2,0,2,Technical Bug
CUST-105810,2,42.5,0,2,Onboarding Help
CUST-105811,3,28.3,1,2,Feature Request
CUST-105812,1,12.4,0,5,Onboarding Help
CUST-105813,2,38.3,1,3,Billing Inquiry
CUST-105814,2,19.1,0,3,Billing Inquiry
CUST-105815,2,53.0,1,3,Feature Request
CUST-105816,1,19.7,0,2,Technical Bug
CUST-105817,1,34.0,0,2,Onboarding Help
CUST-105818,0,0.0,0,,None
CUST-105819,0,0.0,0,,None
CUST-105820,4,21.6,1,1,Onboarding Help
CUST-105821,0,0.0,0,,None
CUST-105822,3,64.4,1,3,Onboarding Help
CUST-105823,1,35.4,0,1,Technical Bug
CUST-105824,0,0.0,0,,None
CUST-105825,4,17.6,0,3,Feature Request
CUST-105826,3,7.6,0,,Onboarding Help
CUST-105827,3,34.8,1,2,Billing Inquiry
CUST-105828,2,58.6,0,3,Billing Inquiry
CUST-105829,1,48.5,1,2,Feature Request
CUST-105830,1,28.6,0,1,Technical Bug
CUST-105831,1,18.4,0,4,Technical Bug
CUST-105832,0,0.0,0,,None
CUST-105833,1,57.1,0,1,Technical Bug
CUST-105834,3,16.2,0,4,Billing Inquiry
CUST-105835,0,0.0,0,,None
CUST-105836,3,16.6,0,3,Feature Request
CUST-105837,3,20.7,1,3,Technical Bug
CUST-105838,1,16.3,0,1,Billing Inquiry
CUST-105839,1,71.4,0,3,Feature Request
CUST-105840,3,19.0,0,5,Billing Inquiry
CUST-105841,3,39.6,0,3,Billing Inquiry
CUST-105842,1,64.0,1,1,Billing Inquiry
CUST-105843,3,30.6,0,1,Billing Inquiry
CUST-105844,1,17.0,0,5,Technical Bug
CUST-105845,3,40.3,0,3,Technical Bug
CUST-105846,2,40.5,0,3,Onboarding Help
CUST-105847,2,14.4,0,4,Billing Inquiry
CUST-105848,0,0.0,0,,None
CUST-105849,2,14.7,0,4,Feature Request
CUST-105850,1,14.3,0,,Technical Bug
CUST-105851,0,0.0,0,,None
CUST-105852,2,31.2,1,2,Technical Bug
CUST-105853,1,26.0,1,1,Technical Bug
CUST-105854,3,64.4,1,1,Onboarding Help
CUST-105855,0,0.0,0,,None
CUST-105856,1,8.3,0,,Onboarding Help
CUST-105857,0,0.0,0,,None
CUST-105858,1,2.3,0,4,Feature Request
CUST-105859,0,0.0,0,,None
CUST-105860,5,34.2,1,3,Technical Bug
CUST-105861,1,13.5,1,1,Onboarding Help
CUST-105862,0,0.0,0,,None
CUST-105863,1,36.7,1,3,Billing Inquiry
CUST-105864,3,28.9,1,1,Onboarding Help
CUST-105865,1,71.3,0,3,Feature Request
CUST-105866,1,19.4,0,4,Feature Request
CUST-105867,0,0.0,0,,None
CUST-105868,2,47.2,0,1,Technical Bug
CUST-105869,3,7.9,0,5,Billing Inquiry
CUST-105870,1,11.0,0,4,Onboarding Help
CUST-105871,0,0.0,0,,None
CUST-105872,1,4.2,0,4,Billing Inquiry
CUST-105873,1,8.5,0,4,Billing Inquiry
CUST-105874,2,2.2,0,5,Onboarding Help
CUST-105875,0,0.0,0,,None
CUST-105876,2,22.4,0,1,Billing Inquiry
CUST-105877,0,0.0,0,,None
CUST-105878,1,47.4,0,3,Feature Request
CUST-105879,2,66.0,0,3,Onboarding Help
CUST-105880,1,18.3,1,2,Feature Request
CUST-105881,1,18.8,0,4,Onboarding Help
CUST-105882,3,28.8,1,3,Onboarding Help
CUST-105883,0,0.0,0,,None
CUST-105884,4,9.8,0,,Onboarding Help
CUST-105885,1,52.1,1,2,Billing Inquiry
CUST-105886,1,19.2,0,4,Technical Bug
CUST-105887,1,11.7,0,,Onboarding Help
CUST-105888,0,0.0,0,,None
CUST-105889,6,62.4,1,2,Onboarding Help
CUST-105890,1,16.5,1,1,Onboarding Help
CUST-105891,1,21.1,0,4,Feature Request
CUST-105892,2,69.3,0,1,Onboarding Help
CUST-105893,2,69.1,1,2,Onboarding Help
CUST-105894,2,57.0,0,3,Technical Bug
CUST-105895,0,0.0,0,,None
CUST-105896,0,0.0,0,,None
CUST-105897,1,14.7,0,2,Feature Request
CUST-105898,4,63.5,0,3,Feature Request
CUST-105899,3,39.5,1,2,Billing Inquiry
CUST-105900,1,6.1,0,5,Onboarding Help
CUST-105901,1,52.4,0,1,Technical Bug
CUST-105902,1,71.6,1,3,Onboarding Help
CUST-105903,0,0.0,0,,None
CUST-105904,2,19.9,0,4,Billing Inquiry
CUST-105905,1,8.0,0,5,Onboarding Help
CUST-105906,2,27.4,0,2,Feature Request
CUST-105907,1,9.8,0,4,Feature Request
CUST-105908,3,70.1,0,3,Onboarding Help
CUST-105909,1,12.3,0,4,Feature Request
CUST-105910,1,62.8,1,3,Technical Bug
CUST-105911,3,32.2,1,3,Billing Inquiry
CUST-105912,0,0.0,0,,None
CUST-105913,3,4.0,0,4,Onboarding Help
CUST-105914,0,0.0,0,,None
CUST-105915,1,2.2,0,,Onboarding Help
CUST-105916,2,34.3,0,1,Billing Inquiry
CUST-105917,2,67.9,1,2,Billing Inquiry
CUST-105918,1,16.2,0,4,Onboarding Help
CUST-105919,4,13.8,1,3,Technical Bug
CUST-105920,0,0.0,0,,None
CUST-105921,1,4.8,0,5,Onboarding Help
CUST-105922,4,27.9,0,3,Feature Request
CUST-105923,1,17.4,0,2,Feature Request
CUST-105924,2,10.4,0,,Onboarding Help
CUST-105925,3,62.6,1,1,Onboarding Help
CUST-105926,2,14.7,0,4,Feature Request
CUST-105927,0,0.0,0,,None
CUST-105928,2,28.9,0,2,Technical Bug
CUST-105929,2,45.6,1,1,Feature Request
CUST-105930,3,35.3,1,3,Onboarding Help
CUST-105931,4,12.1,0,3,Technical Bug
CUST-105932,3,29.2,1,3,Billing Inquiry
CUST-105933,1,47.7,1,2,Feature Request
CUST-105934,2,44.4,0,2,Onboarding Help
CUST-105935,2,66.3,0,2,Onboarding Help
CUST-105936,1,14.8,0,4,Feature Request
CUST-105937,0,0.0,0,,None
CUST-105938,1,21.4,1,2,Billing Inquiry
CUST-105939,0,0.0,0,,None
CUST-105940,1,15.9,1,3,Technical Bug
CUST-105941,0,0.0,0,,None
CUST-105942,2,36.2,0,3,Technical Bug
CUST-105943,2,28.4,1,3,Billing Inquiry
CUST-105944,2,57.9,1,2,Technical Bug
CUST-105945,3,65.3,0,3,Feature Request
CUST-105946,3,71.7,0,2,Onboarding Help
CUST-105947,2,38.2,0,2,Onboarding Help
CUST-105948,0,0.0,0,,None
CUST-105949,3,34.1,1,2,Billing Inquiry
CUST-105950,0,0.0,0,,None
CUST-105951,1,21.5,0,5,Technical Bug
CUST-105952,0,0.0,0,,None
CUST-105953,1,26.7,0,2,Onboarding Help
CUST-105954,0,0.0,0,,None
CUST-105955,3,65.0,0,3,Technical Bug
CUST-105956,2,19.8,0,4,Feature Request
CUST-105957,4,47.5,1,3,Billing Inquiry
CUST-105958,2,23.3,1,2,Billing Inquiry
CUST-105959,2,34.8,0,2,Onboarding Help
CUST-105960,0,0.0,0,,None
CUST-105961,4,33.1,0,2,Technical Bug
CUST-105962,0,0.0,0,,None
CUST-105963,0,0.0,0,,None
CUST-105964,2,20.1,0,5,Billing Inquiry
CUST-105965,2,5.9,0,4,Billing Inquiry
CUST-105966,0,0.0,0,,None
CUST-105967,0,0.0,0,,None
CUST-105968,1,11.5,0,5,Feature Request
CUST-105969,1,22.9,0,5,Feature Request
CUST-105970,1,21.5,0,5,Feature Request
CUST-105971,1,15.4,0,2,Billing Inquiry
CUST-105972,0,0.0,0,,None
CUST-105973,3,47.0,0,3,Feature Request
CUST-105974,1,7.3,0,4,Technical Bug
CUST-105975,1,28.6,1,2,Billing Inquiry
CUST-105976,4,19.6,1,2,Feature Request
CUST-105977,1,36.9,0,3,Onboarding Help
CUST-105978,1,3.7,0,4,Billing Inquiry
CUST-105979,1,60.5,1,2,Technical Bug
CUST-105980,0,0.0,0,,None
CUST-105981,1,6.9,0,5,Technical Bug
CUST-105982,1,29.9,0,1,Onboarding Help
CUST-105983,2,29.9,0,1,Feature Request
CUST-105984,1,13.9,0,,Technical Bug
CUST-105985,2,12.9,0,1,Billing Inquiry
CUST-105986,4,18.0,0,3,Billing Inquiry
CUST-105987,1,23.4,0,,Onboarding Help
CUST-105988,2,49.3,0,1,Feature Request
CUST-105989,2,47.7,0,3,Feature Request
CUST-105990,1,54.7,0,3,Onboarding Help
CUST-105991,0,0.0,0,,None
CUST-105992,1,48.4,0,3,Onboarding Help
CUST-105993,0,0.0,0,,None
CUST-105994,0,0.0,0,,None
CUST-105995,1,50.9,1,2,Technical Bug
CUST-105996,0,0.0,0,,None
CUST-105997,1,3.5,0,5,Billing Inquiry
CUST-105998,1,19.1,0,5,Feature Request
CUST-105999,2,13.0,1,1,Technical Bug
CUST-106000,0,0.0,0,,None
CUST-106001,1,20.4,0,4,Feature Request
CUST-106002,1,27.8,0,3,Feature Request
CUST-106003,0,0.0,0,,None
CUST-106004,1,6.7,0,5,Feature Request
CUST-106005,0,0.0,0,,None
CUST-106006,2,50.6,0,1,Billing Inquiry
CUST-106007,2,13.0,0,4,Onboarding Help
CUST-106008,2,71.7,0,1,Billing Inquiry
CUST-106009,2,38.5,0,2,Feature Request
CUST-106010,3,6.1,0,5,Billing Inquiry
CUST-106011,5,60.5,0,3,Billing Inquiry
CUST-106012,0,0.0,0,,None
CUST-106013,3,68.0,0,3,Technical Bug
CUST-106014,2,67.5,1,3,Technical Bug
CUST-106015,1,39.4,0,3,Feature Request
CUST-106016,0,0.0,0,,None
CUST-106017,3,59.6,1,3,Technical Bug
CUST-106018,3,27.3,0,2,Technical Bug
CUST-106019,1,3.8,0,5,Technical Bug
CUST-106020,4,64.6,1,2,Technical Bug
CUST-106021,0,0.0,0,,None
CUST-106022,0,0.0,0,,None
CUST-106023,2,46.1,1,3,Billing Inquiry
CUST-106024,1,22.2,0,1,Technical Bug
CUST-106025,1,7.8,0,,Technical Bug
CUST-106026,2,12.9,0,4,Technical Bug
CUST-106027,0,0.0,0,,None
CUST-106028,0,0.0,0,,None
CUST-106029,2,57.5,0,1,Onboarding Help
CUST-106030,0,0.0,0,,None
CUST-106031,0,0.0,0,,None
CUST-106032,1,62.9,1,3,Billing Inquiry
CUST-106033,0,0.0,0,,None
CUST-106034,1,14.0,0,4,Technical Bug
CUST-106035,1,47.8,0,1,Technical Bug
CUST-106036,1,32.8,1,3,Billing Inquiry
CUST-106037,3,40.4,1,1,Technical Bug
CUST-106038,1,29.9,0,1,Billing Inquiry
CUST-106039,1,19.2,0,5,Feature Request
CUST-106040,1,25.4,0,3,Technical Bug
CUST-106041,1,46.9,1,1,Feature Request
CUST-106042,0,0.0,0,,None
CUST-106043,0,0.0,0,,None
CUST-106044,2,34.2,0,1,Billing Inquiry
CUST-106045,1,14.0,0,4,Technical Bug
CUST-106046,0,0.0,0,,None
CUST-106047,1,2.9,0,4,Onboarding Help
CUST-106048,1,34.1,0,3,Billing Inquiry
CUST-106049,0,0.0,0,,None
CUST-106050,0,0.0,0,,None
CUST-106051,4,43.8,0,3,Billing Inquiry
CUST-106052,1,23.9,0,,Onboarding Help
CUST-106053,1,22.4,0,5,Onboarding Help
CUST-106054,0,0.0,0,,None
CUST-106055,0,0.0,0,,None
CUST-106056,0,0.0,0,,None
CUST-106057,2,17.3,1,3,Feature Request
CUST-106058,1,60.1,0,1,Billing Inquiry
CUST-106059,1,57.3,1,1,Feature Request
CUST-106060,1,66.1,0,2,Onboarding Help
CUST-106061,1,57.3,1,2,Onboarding Help
CUST-106062,2,61.8,1,1,Feature Request
CUST-106063,1,69.3,1,3,Billing Inquiry
CUST-106064,1,21.3,0,4,Billing Inquiry
CUST-106065,0,0.0,0,,None
CUST-106066,0,0.0,0,,None
CUST-106067,0,0.0,0,,None
CUST-106068,2,36.9,1,1,Feature Request
CUST-106069,1,15.2,1,3,Billing Inquiry
CUST-106070,1,7.2,0,5,Feature Request
CUST-106071,0,0.0,0,,None
CUST-106072,1,23.4,0,5,Feature Request
CUST-106073,2,20.4,0,,Feature Request
CUST-106074,2,50.2,0,2,Billing Inquiry
CUST-106075,0,0.0,0,,None
CUST-106076,2,47.1,1,3,Onboarding Help
CUST-106077,1,66.9,0,1,Billing Inquiry
CUST-106078,1,65.7,0,3,Billing Inquiry
CUST-106079,4,14.6,1,2,Onboarding Help
CUST-106080,2,15.5,0,5,Technical Bug
CUST-106081,0,0.0,0,,None
CUST-106082,1,62.3,0,1,Billing Inquiry
CUST-106083,2,38.3,0,2,Billing Inquiry
CUST-106084,2,36.4,1,3,Billing Inquiry
CUST-106085,1,22.0,0,,Feature Request
CUST-106086,2,50.5,0,1,Onboarding Help
CUST-106087,1,23.9,0,4,Billing Inquiry
CUST-106088,1,44.7,1,3,Billing Inquiry
CUST-106089,0,0.0,0,,None
CUST-106090,0,0.0,0,,None
CUST-106091,4,42.8,1,2,Onboarding Help
CUST-106092,1,10.6,0,5,Feature Request
CUST-106093,0,0.0,0,,None
CUST-106094,0,0.0,0,,None
CUST-106095,1,53.9,1,3,Onboarding Help
CUST-106096,1,21.7,0,3,Onboarding Help
CUST-106097,1,21.0,0,4,Onboarding Help
CUST-106098,1,18.8,0,5,Feature Request
CUST-106099,1,37.6,0,3,Feature Request
CUST-106100,1,39.1,1,3,Feature Request
CUST-106101,0,0.0,0,,None
CUST-106102,0,0.0,0,,None
CUST-106103,2,41.6,0,2,Onboarding Help
CUST-106104,1,4.8,0,4,Billing Inquiry
CUST-106105,3,48.2,1,2,Billing Inquiry
CUST-106106,2,19.8,0,3,Feature Request
CUST-106107,2,26.7,1,3,Onboarding Help
CUST-106108,4,63.0,1,3,Billing Inquiry
CUST-106109,0,0.0,0,,None
CUST-106110,3,69.6,1,3,Onboarding Help
CUST-106111,3,71.8,1,3,Feature Request
CUST-106112,1,11.0,0,4,Technical Bug
CUST-106113,3,66.6,0,2,Feature Request
CUST-106114,1,22.0,0,4,Onboarding Help
CUST-106115,0,0.0,0,,None
CUST-106116,0,0.0,0,,None
CUST-106117,1,54.8,0,3,Billing Inquiry
CUST-106118,0,0.0,0,,None
CUST-106119,0,0.0,0,,None
CUST-106120,2,50.9,1,1,Technical Bug
CUST-106121,1,3.1,0,5,Onboarding Help
CUST-106122,2,56.5,0,1,Onboarding Help
CUST-106123,1,12.4,0,5,Onboarding Help
CUST-106124,1,26.0,1,2,Feature Request
CUST-106125,0,0.0,0,,None
CUST-106126,3,18.2,0,2,Feature Request
CUST-106127,2,42.4,0,2,Technical Bug
CUST-106128,0,0.0,0,,None
CUST-106129,3,66.9,1,1,Feature Request
CUST-106130,1,18.8,0,5,Onboarding Help
CUST-106131,1,14.5,0,5,Feature Request
CUST-106132,0,0.0,0,,None
CUST-106133,2,6.0,0,4,Feature Request
CUST-106134,0,0.0,0,,None
CUST-106135,1,29.9,0,3,Technical Bug
CUST-106136,0,0.0,0,,None
CUST-106137,0,0.0,0,,None
CUST-106138,1,49.1,1,1,Onboarding Help
CUST-106139,2,66.5,0,2,Onboarding Help
CUST-106140,1,13.7,0,,Feature Request
CUST-106141,2,8.3,0,4,Feature Request
CUST-106142,1,55.2,0,3,Billing Inquiry
CUST-106143,0,0.0,0,,None
CUST-106144,2,12.9,0,,Feature Request
CUST-106145,0,0.0,0,,None
CUST-106146,0,0.0,0,,None
CUST-106147,2,43.8,0,1,Billing Inquiry
CUST-106148,1,14.5,1,3,Technical Bug
CUST-106149,4,20.0,1,3,Billing Inquiry
CUST-106150,1,15.3,0,4,Feature Request
CUST-106151,0,0.0,0,,None
CUST-106152,0,0.0,0,,None
CUST-106153,2,18.2,1,1,Onboarding Help
CUST-106154,1,10.6,0,4,Onboarding Help
CUST-106155,0,0.0,0,,None
CUST-106156,1,13.9,0,5,Feature Request
CUST-106157,2,49.4,1,3,Onboarding Help
CUST-106158,1,15.1,0,,Billing Inquiry
CUST-106159,0,0.0,0,,None
CUST-106160,0,0.0,0,,None
CUST-106161,2,70.4,0,3,Billing Inquiry
CUST-106162,1,23.0,0,5,Onboarding Help
CUST-106163,2,7.2,0,5,Onboarding Help
CUST-106164,2,20.0,0,2,Billing Inquiry
CUST-106165,4,16.7,1,2,Technical Bug
CUST-106166,1,35.2,0,3,Technical Bug
CUST-106167,0,0.0,0,,None
CUST-106168,2,17.4,0,4,Feature Request
CUST-106169,2,61.7,0,3,Billing Inquiry
CUST-106170,2,25.3,0,2,Billing Inquiry
CUST-106171,1,42.5,0,3,Feature Request
CUST-106172,2,14.2,0,3,Billing Inquiry
CUST-106173,2,4.3,0,5,Feature Request
CUST-106174,0,0.0,0,,None
CUST-106175,0,0.0,0,,None
CUST-106176,2,3.8,0,5,Technical Bug
CUST-106177,0,0.0,0,,None
CUST-106178,1,21.2,0,4,Feature Request
CUST-106179,1,22.4,0,4,Technical Bug
CUST-106180,1,5.1,0,5,Billing Inquiry
CUST-106181,0,0.0,0,,None
CUST-106182,0,0.0,0,,None
CUST-106183,0,0.0,0,,None
CUST-106184,2,62.3,1,2,Technical Bug
CUST-106185,4,55.3,0,1,Technical Bug
CUST-106186,1,13.3,0,4,Feature Request
CUST-106187,2,42.8,1,3,Technical Bug
CUST-106188,2,21.8,0,,Billing Inquiry
CUST-106189,2,14.3,0,5,Onboarding Help
CUST-106190,1,20.2,0,4,Onboarding Help
CUST-106191,1,61.3,0,1,Technical Bug
CUST-106192,1,63.2,0,3,Feature Request
CUST-106193,0,0.0,0,,None
CUST-106194,1,16.1,0,5,Onboarding Help
CUST-106195,0,0.0,0,,None
CUST-106196,2,37.8,0,3,Onboarding Help
CUST-106197,3,36.6,0,2,Feature Request
CUST-106198,1,7.2,0,5,Billing Inquiry
CUST-106199,1,23.7,0,2,Billing Inquiry
CUST-106200,4,23.9,0,3,Feature Request
CUST-106201,0,0.0,0,,None
CUST-106202,2,42.4,1,1,Feature Request
CUST-106203,0,0.0,0,,None
CUST-106204,1,18.7,0,5,Feature Request
CUST-106205,2,22.3,0,4,Technical Bug
CUST-106206,0,0.0,0,,None
CUST-106207,4,45.0,1,2,Technical Bug
CUST-106208,1,5.2,0,,Technical Bug
CUST-106209,1,63.5,1,3,Onboarding Help
CUST-106210,2,17.4,0,3,Billing Inquiry
CUST-106211,2,48.1,1,3,Feature Request
CUST-106212,1,33.4,1,1,Onboarding Help
CUST-106213,0,0.0,0,,None
CUST-106214,0,0.0,0,,None
CUST-106215,0,0.0,0,,None
CUST-106216,0,0.0,0,,None
CUST-106217,0,0.0,0,,None
CUST-106218,1,19.3,0,2,Onboarding Help
CUST-106219,0,0.0,0,,None
CUST-106220,0,0.0,0,,None
CUST-106221,3,13.1,0,1,Technical Bug
CUST-106222,1,63.6,0,2,Technical Bug
CUST-106223,0,0.0,0,,None
CUST-106224,1,68.8,0,2,Technical Bug
CUST-106225,0,0.0,0,,None
CUST-106226,5,12.5,0,1,Feature Request
CUST-106227,2,20.2,0,4,Technical Bug
CUST-106228,5,63.9,1,3,Technical Bug
CUST-106229,0,0.0,0,,None
CUST-106230,2,22.1,0,1,Technical Bug
CUST-106231,0,0.0,0,,None
CUST-106232,0,0.0,0,,None
CUST-106233,2,49.8,0,2,Technical Bug
CUST-106234,3,54.3,1,1,Onboarding Help
CUST-106235,0,0.0,0,,None
CUST-106236,2,48.8,0,2,Feature Request
CUST-106237,2,71.3,0,2,Onboarding Help
CUST-106238,1,17.9,0,,Onboarding Help
CUST-106239,0,0.0,0,,None
CUST-106240,2,37.0,0,3,Onboarding Help
CUST-106241,1,16.4,0,4,Technical Bug
CUST-106242,1,37.3,0,3,Onboarding Help
CUST-106243,1,5.1,0,4,Technical Bug
CUST-106244,1,51.5,1,1,Billing Inquiry
CUST-106245,0,0.0,0,,None
CUST-106246,4,18.4,0,4,Onboarding Help
CUST-106247,1,25.3,1,1,Onboarding Help
CUST-106248,1,56.8,0,3,Feature Request
CUST-106249,1,13.0,0,4,Onboarding Help
CUST-106250,1,43.8,1,1,Feature Request
CUST-106251,1,21.8,0,4,Feature Request
CUST-106252,2,12.9,0,2,Billing Inquiry
CUST-106253,1,13.4,0,4,Onboarding Help
CUST-106254,0,0.0,0,,None
CUST-106255,3,45.7,1,1,Technical Bug
CUST-106256,1,28.0,1,3,Onboarding Help
CUST-106257,2,27.9,0,3,Billing Inquiry
CUST-106258,3,45.6,1,2,Feature Request
CUST-106259,7,63.8,1,1,Billing Inquiry
CUST-106260,2,38.3,0,1,Technical Bug
CUST-106261,0,0.0,0,,None
CUST-106262,3,61.0,1,3,Feature Request
CUST-106263,3,11.0,0,4,Technical Bug
CUST-106264,0,0.0,0,,None
CUST-106265,0,0.0,0,,None
CUST-106266,0,0.0,0,,None
CUST-106267,3,50.7,0,2,Technical Bug
CUST-106268,1,18.0,0,4,Billing Inquiry
CUST-106269,2,44.0,0,3,Feature Request
CUST-106270,1,6.5,0,4,Onboarding Help
CUST-106271,2,36.0,0,1,Onboarding Help
CUST-106272,0,0.0,0,,None
CUST-106273,1,42.1,0,1,Billing Inquiry
CUST-106274,3,11.0,0,4,Billing Inquiry
CUST-106275,2,48.7,0,3,Feature Request
CUST-106276,0,0.0,0,,None
CUST-106277,1,40.1,0,3,Onboarding Help
CUST-106278,1,44.2,0,1,Billing Inquiry
CUST-106279,2,39.8,0,3,Technical Bug
CUST-106280,1,71.8,0,1,Onboarding Help
CUST-106281,5,60.1,0,2,Billing Inquiry
CUST-106282,1,31.6,1,2,Billing Inquiry
CUST-106283,0,0.0,0,,None
CUST-106284,1,11.6,0,,Billing Inquiry
CUST-106285,1,66.4,1,1,Technical Bug
CUST-106286,2,15.1,1,3,Billing Inquiry
CUST-106287,0,0.0,0,,None
CUST-106288,0,0.0,0,,None
CUST-106289,0,0.0,0,,None
CUST-106290,1,2.1,0,5,Feature Request
CUST-106291,3,55.9,1,3,Billing Inquiry
CUST-106292,0,0.0,0,,None
CUST-106293,2,23.9,0,3,Feature Request
CUST-106294,2,28.3,0,3,Technical Bug
CUST-106295,3,36.1,0,2,Billing Inquiry
CUST-106296,0,0.0,0,,None
CUST-106297,2,62.7,0,1,Feature Request
CUST-106298,1,63.1,1,1,Technical Bug
CUST-106299,2,11.3,0,5,Billing Inquiry
CUST-106300,0,0.0,0,,None
CUST-106301,1,9.8,0,5,Feature Request
CUST-106302,1,39.0,1,2,Feature Request
CUST-106303,2,21.3,0,4,Onboarding Help
CUST-106304,2,23.7,0,5,Billing Inquiry
CUST-106305,0,0.0,0,,None
CUST-106306,1,35.0,1,3,Technical Bug
CUST-106307,1,15.5,0,4,Billing Inquiry
CUST-106308,0,0.0,0,,None
CUST-106309,0,0.0,0,,None
CUST-106310,0,0.0,0,,None
CUST-106311,2,13.5,0,5,Onboarding Help
CUST-106312,0,0.0,0,,None
CUST-106313,0,0.0,0,,None
CUST-106314,1,69.9,1,1,Billing Inquiry
CUST-106315,6,25.0,0,1,Onboarding Help
CUST-106316,3,16.8,1,3,Feature Request
CUST-106317,3,16.4,0,3,Billing Inquiry
CUST-106318,0,0.0,0,,None
CUST-106319,3,31.6,1,1,Feature Request
CUST-106320,0,0.0,0,,None
CUST-106321,0,0.0,0,,None
CUST-106322,4,33.9,0,2,Onboarding Help
CUST-106323,2,63.5,1,2,Onboarding Help
CUST-106324,0,0.0,0,,None
CUST-106325,0,0.0,0,,None
CUST-106326,3,30.8,0,3,Feature Request
CUST-106327,2,14.4,0,5,Billing Inquiry
CUST-106328,1,12.5,0,3,Technical Bug
CUST-106329,1,26.8,1,3,Feature Request
CUST-106330,0,0.0,0,,None
CUST-106331,1,14.9,0,2,Feature Request
CUST-106332,0,0.0,0,,None
CUST-106333,3,24.4,1,3,Feature Request
CUST-106334,2,69.3,0,2,Technical Bug
CUST-106335,5,67.8,0,3,Feature Request
CUST-106336,0,0.0,0,,None
CUST-106337,1,2.8,0,,Technical Bug
CUST-106338,0,0.0,0,,None
CUST-106339,0,0.0,0,,None
CUST-106340,3,16.8,1,1,Onboarding Help
CUST-106341,0,0.0,0,,None
CUST-106342,2,20.3,0,4,Onboarding Help
CUST-106343,2,68.0,1,1,Billing Inquiry
CUST-106344,0,0.0,0,,None
CUST-106345,3,61.3,0,1,Billing Inquiry
CUST-106346,0,0.0,0,,None
CUST-106347,2,36.4,0,3,Billing Inquiry
CUST-106348,0,0.0,0,,None
CUST-106349,0,0.0,0,,None
CUST-106350,2,53.9,1,2,Technical Bug
CUST-106351,0,0.0,0,,None
CUST-106352,3,63.4,1,2,Technical Bug
CUST-106353,0,0.0,0,,None
CUST-106354,4,26.0,1,2,Technical Bug
CUST-106355,1,66.0,0,2,Onboarding Help
CUST-106356,3,46.5,0,2,Billing Inquiry
CUST-106357,1,29.9,0,1,Billing Inquiry
CUST-106358,2,16.6,0,5,Billing Inquiry
CUST-106359,2,22.9,0,5,Technical Bug
CUST-106360,0,0.0,0,,None
CUST-106361,3,37.1,1,2,Onboarding Help
CUST-106362,1,49.6,1,1,Feature Request
CUST-106363,0,0.0,0,,None
CUST-106364,0,0.0,0,,None
CUST-106365,1,13.6,0,5,Technical Bug
CUST-106366,0,0.0,0,,None
CUST-106367,1,27.4,1,3,Billing Inquiry
CUST-106368,4,67.0,0,1,Onboarding Help
CUST-106369,0,0.0,0,,None
CUST-106370,2,2.7,0,5,Onboarding Help
CUST-106371,1,9.1,0,4,Billing Inquiry
CUST-106372,0,0.0,0,,None
CUST-106373,1,52.9,1,2,Technical Bug
CUST-106374,1,30.1,0,1,Onboarding Help
CUST-106375,1,13.0,0,4,Billing Inquiry
CUST-106376,3,43.0,1,3,Feature Request
CUST-106377,3,62.2,1,3,Billing Inquiry
CUST-106378,2,66.6,1,1,Technical Bug
CUST-106379,1,7.1,0,5,Onboarding Help
CUST-106380,0,0.0,0,,None
CUST-106381,0,0.0,0,,None
CUST-106382,4,21.1,0,3,Feature Request
CUST-106383,2,66.3,0,3,Technical Bug
CUST-106384,1,4.5,0,5,Feature Request
CUST-106385,0,0.0,0,,None
CUST-106386,0,0.0,0,,None
CUST-106387,4,47.0,0,1,Onboarding Help
CUST-106388,3,27.1,0,3,Billing Inquiry
CUST-106389,0,0.0,0,,None
CUST-106390,2,68.1,0,3,Technical Bug
CUST-106391,1,57.3,1,3,Feature Request
CUST-106392,1,13.7,0,,Feature Request
CUST-106393,1,8.1,0,5,Billing Inquiry
CUST-106394,0,0.0,0,,None
CUST-106395,4,69.5,0,1,Technical Bug
CUST-106396,0,0.0,0,,None
CUST-106397,0,0.0,0,,None
CUST-106398,1,9.5,0,5,Onboarding Help
CUST-106399,1,15.2,0,3,Feature Request
CUST-106400,2,62.6,1,1,Feature Request
CUST-106401,1,9.2,0,4,Technical Bug
CUST-106402,0,0.0,0,,None
CUST-106403,1,21.8,0,5,Onboarding Help
CUST-106404,0,0.0,0,,None
CUST-106405,0,0.0,0,,None
CUST-106406,1,42.8,0,1,Technical Bug
CUST-106407,3,47.6,0,1,Billing Inquiry
CUST-106408,0,0.0,0,,None
CUST-106409,4,39.4,0,3,Feature Request
CUST-106410,2,59.2,0,3,Feature Request
CUST-106411,1,44.5,0,2,Onboarding Help
CUST-106412,1,33.5,0,1,Onboarding Help
CUST-106413,2,63.2,1,1,Technical Bug
CUST-106414,0,0.0,0,,None
CUST-106415,1,22.1,0,4,Billing Inquiry
CUST-106416,1,13.6,0,5,Technical Bug
CUST-106417,1,2.1,0,5,Technical Bug
CUST-106418,2,15.7,0,4,Technical Bug
CUST-106419,2,17.7,0,,Billing Inquiry
CUST-106420,1,44.6,1,2,Onboarding Help
CUST-106421,3,33.2,1,2,Feature Request
CUST-106422,1,20.2,0,1,Feature Request
CUST-106423,0,0.0,0,,None
CUST-106424,3,46.3,0,2,Feature Request
CUST-106425,1,47.8,1,1,Feature Request
CUST-106426,1,30.4,0,2,Feature Request
CUST-106427,3,33.7,1,3,Feature Request
CUST-106428,1,65.4,0,1,Feature Request
CUST-106429,2,31.0,0,1,Feature Request
CUST-106430,2,2.9,0,5,Technical Bug
CUST-106431,3,13.9,1,1,Onboarding Help
CUST-106432,0,0.0,0,,None
CUST-106433,0,0.0,0,,None
CUST-106434,1,17.0,0,2,Onboarding Help
CUST-106435,4,26.1,0,3,Billing Inquiry
CUST-106436,2,29.7,1,3,Technical Bug
CUST-106437,3,64.0,1,1,Feature Request
CUST-106438,0,0.0,0,,None
CUST-106439,0,0.0,0,,None
CUST-106440,1,51.9,1,3,Billing Inquiry
CUST-106441,0,0.0,0,,None
CUST-106442,2,20.1,0,4,Billing Inquiry
CUST-106443,1,44.4,0,1,Technical Bug
CUST-106444,0,0.0,0,,None
CUST-106445,0,0.0,0,,None
CUST-106446,3,43.7,0,2,Onboarding Help
CUST-106447,4,31.0,1,3,Feature Request
CUST-106448,3,46.3,0,1,Onboarding Help
CUST-106449,0,0.0,0,,None
CUST-106450,0,0.0,0,,None
CUST-106451,0,0.0,0,,None
CUST-106452,3,40.5,1,2,Billing Inquiry
CUST-106453,2,20.1,0,4,Billing Inquiry
CUST-106454,1,3.1,0,5,Feature Request
CUST-106455,4,12.2,1,2,Technical Bug
CUST-106456,0,0.0,0,,None
CUST-106457,2,71.4,1,2,Billing Inquiry
CUST-106458,2,4.6,0,,Billing Inquiry
CUST-106459,2,64.6,1,3,Feature Request
CUST-106460,4,46.3,1,1,Billing Inquiry
CUST-106461,1,6.8,0,5,Feature Request
CUST-106462,1,2.0,0,4,Technical Bug
CUST-106463,3,13.6,0,4,Technical Bug
CUST-106464,0,0.0,0,,None
CUST-106465,0,0.0,0,,None
CUST-106466,6,38.0,1,2,Onboarding Help
CUST-106467,0,0.0,0,,None
CUST-106468,1,4.2,0,,Feature Request
CUST-106469,2,49.1,0,3,Feature Request
CUST-106470,2,42.1,0,1,Feature Request
CUST-106471,4,19.1,1,2,Technical Bug
CUST-106472,1,8.3,0,,Onboarding Help
CUST-106473,1,26.3,0,3,Onboarding Help
CUST-106474,1,6.8,0,5,Onboarding Help
CUST-106475,1,11.4,0,5,Onboarding Help
CUST-106476,1,4.6,0,4,Onboarding Help
CUST-106477,1,44.4,0,3,Onboarding Help
CUST-106478,0,0.0,0,,None
CUST-106479,2,7.1,0,5,Feature Request
CUST-106480,3,32.2,0,1,Onboarding Help
CUST-106481,2,49.4,1,3,Technical Bug
CUST-106482,1,41.8,1,2,Feature Request
CUST-106483,0,0.0,0,,None
CUST-106484,1,16.4,0,4,Billing Inquiry
CUST-106485,1,17.4,0,4,Onboarding Help
CUST-106486,2,28.4,1,3,Technical Bug
CUST-106487,1,6.0,0,4,Technical Bug
CUST-106488,0,0.0,0,,None
CUST-106489,1,7.9,0,5,Feature Request
CUST-106490,0,0.0,0,,None
CUST-106491,0,0.0,0,,None
CUST-106492,0,0.0,0,,None
CUST-106493,1,24.2,0,3,Onboarding Help
CUST-106494,1,28.1,0,2,Feature Request
CUST-106495,1,53.1,0,2,Technical Bug
CUST-106496,1,44.7,0,1,Onboarding Help
CUST-106497,4,26.2,1,3,Onboarding Help
CUST-106498,0,0.0,0,,None
CUST-106499,0,0.0,0,,None
CUST-106500,0,0.0,0,,None
CUST-106501,1,51.1,1,1,Billing Inquiry
CUST-106502,1,69.1,0,2,Onboarding Help
CUST-106503,2,50.6,1,3,Onboarding Help
CUST-106504,1,13.9,0,5,Feature Request
CUST-106505,3,43.7,1,1,Billing Inquiry
CUST-106506,4,20.3,0,4,Feature Request
CUST-106507,1,7.8,0,5,Onboarding Help
CUST-106508,0,0.0,0,,None
CUST-106509,1,47.1,1,2,Technical Bug
CUST-106510,1,37.6,0,3,Feature Request
CUST-106511,1,19.5,0,5,Billing Inquiry
CUST-106512,1,13.6,0,,Onboarding Help
CUST-106513,2,28.5,0,2,Feature Request
CUST-106514,3,51.2,1,3,Feature Request
CUST-106515,1,26.1,0,2,Technical Bug
CUST-106516,2,14.4,1,3,Billing Inquiry
CUST-106517,1,36.2,0,2,Onboarding Help
CUST-106518,0,0.0,0,,None
CUST-106519,0,0.0,0,,None
CUST-106520,1,43.3,0,3,Onboarding Help
CUST-106521,0,0.0,0,,None
CUST-106522,3,39.5,0,3,Onboarding Help
CUST-106523,1,18.2,1,2,Feature Request
CUST-106524,0,0.0,0,,None
CUST-106525,0,0.0,0,,None
CUST-106526,1,6.3,0,,Feature Request
CUST-106527,1,63.8,0,2,Onboarding Help
CUST-106528,1,14.6,0,4,Onboarding Help
CUST-106529,0,0.0,0,,None
CUST-106530,2,68.5,0,1,Technical Bug
CUST-106531,1,53.6,0,3,Technical Bug
CUST-106532,4,50.8,0,3,Feature Request
CUST-106533,1,18.0,0,4,Feature Request
CUST-106534,0,0.0,0,,None
CUST-106535,2,50.5,1,3,Feature Request
CUST-106536,1,36.7,0,2,Technical Bug
CUST-106537,2,46.8,1,1,Billing Inquiry
CUST-106538,1,45.1,0,2,Feature Request
CUST-106539,1,50.1,0,3,Billing Inquiry
CUST-106540,2,33.9,0,3,Onboarding Help
CUST-106541,2,29.0,0,3,Billing Inquiry
CUST-106542,0,0.0,0,,None
CUST-106543,2,26.4,1,1,Billing Inquiry
CUST-106544,0,0.0,0,,None
CUST-106545,3,57.0,1,3,Onboarding Help
CUST-106546,1,56.6,0,1,Onboarding Help
CUST-106547,0,0.0,0,,None
CUST-106548,1,2.1,0,5,Billing Inquiry
CUST-106549,2,61.2,0,1,Onboarding Help
CUST-106550,0,0.0,0,,None
CUST-106551,4,31.0,0,2,Feature Request
CUST-106552,3,37.9,0,3,Technical Bug
CUST-106553,1,22.7,0,4,Onboarding Help
CUST-106554,2,35.4,1,3,Billing Inquiry
CUST-106555,0,0.0,0,,None
CUST-106556,0,0.0,0,,None
CUST-106557,1,10.9,0,4,Feature Request
CUST-106558,2,3.3,0,,Onboarding Help
CUST-106559,1,31.6,0,2,Billing Inquiry
CUST-106560,2,61.9,0,2,Billing Inquiry
CUST-106561,4,16.2,0,5,Billing Inquiry
CUST-106562,5,50.1,1,3,Onboarding Help
CUST-106563,0,0.0,0,,None
CUST-106564,0,0.0,0,,None
CUST-106565,1,20.5,0,5,Billing Inquiry
CUST-106566,1,30.1,0,2,Onboarding Help
CUST-106567,1,13.4,0,5,Feature Request
CUST-106568,4,30.5,0,1,Technical Bug
CUST-106569,0,0.0,0,,None
CUST-106570,3,35.0,0,2,Technical Bug
CUST-106571,2,46.7,0,1,Feature Request
CUST-106572,1,23.0,0,3,Billing Inquiry
CUST-106573,3,57.0,1,2,Onboarding Help
CUST-106574,1,8.8,0,,Billing Inquiry
CUST-106575,2,13.7,0,5,Feature Request
CUST-106576,0,0.0,0,,None
CUST-106577,3,69.7,0,2,Feature Request
CUST-106578,1,20.9,0,4,Onboarding Help
CUST-106579,1,15.0,0,5,Feature Request
CUST-106580,0,0.0,0,,None
CUST-106581,2,30.8,0,1,Billing Inquiry
CUST-106582,1,20.4,0,,Feature Request
CUST-106583,3,67.8,1,2,Technical Bug
CUST-106584,2,7.3,0,,Feature Request
CUST-106585,0,0.0,0,,None
CUST-106586,0,0.0,0,,None
CUST-106587,1,20.2,0,5,Onboarding Help
CUST-106588,0,0.0,0,,None
CUST-106589,0,0.0,0,,None
CUST-106590,1,13.4,1,1,Technical Bug
CUST-106591,0,0.0,0,,None
CUST-106592,1,56.0,0,3,Billing Inquiry
CUST-106593,0,0.0,0,,None
CUST-106594,2,19.3,0,5,Feature Request
CUST-106595,1,53.4,1,3,Feature Request
CUST-106596,4,22.2,1,3,Technical Bug
CUST-106597,2,18.6,0,3,Technical Bug
CUST-106598,1,46.5,0,1,Billing Inquiry
CUST-106599,2,39.0,1,2,Billing Inquiry
CUST-106600,1,30.3,0,2,Technical Bug
CUST-106601,1,13.8,1,1,Feature Request
CUST-106602,2,4.1,0,4,Feature Request
CUST-106603,0,0.0,0,,None
CUST-106604,1,21.3,0,5,Onboarding Help
CUST-106605,2,5.7,0,,Onboarding Help
CUST-106606,1,5.7,0,5,Technical Bug
CUST-106607,1,40.9,1,3,Feature Request
CUST-106608,2,19.9,0,4,Technical Bug
CUST-106609,0,0.0,0,,None
CUST-106610,1,42.8,0,2,Feature Request
CUST-106611,1,36.9,0,1,Billing Inquiry
CUST-106612,1,49.4,1,1,Billing Inquiry
CUST-106613,1,2.1,0,,Technical Bug
CUST-106614,2,27.0,1,1,Billing Inquiry
CUST-106615,1,41.0,0,2,Feature Request
CUST-106616,3,34.2,0,3,Billing Inquiry
CUST-106617,1,12.8,0,4,Technical Bug
CUST-106618,3,26.1,1,3,Feature Request
CUST-106619,0,0.0,0,,None
CUST-106620,1,62.8,0,2,Billing Inquiry
CUST-106621,1,7.1,0,5,Onboarding Help
CUST-106622,3,13.9,0,5,Technical Bug
CUST-106623,1,16.0,0,4,Onboarding Help
CUST-106624,1,67.0,1,3,Feature Request
CUST-106625,1,17.1,0,5,Feature Request
CUST-106626,1,42.2,1,2,Technical Bug
CUST-106627,0,0.0,0,,None
CUST-106628,1,3.9,0,5,Technical Bug
CUST-106629,1,31.1,0,3,Billing Inquiry
CUST-106630,2,70.3,1,3,Technical Bug
CUST-106631,1,13.5,0,2,Technical Bug
CUST-106632,1,25.8,1,3,Billing Inquiry
CUST-106633,0,0.0,0,,None
CUST-106634,2,47.7,0,2,Feature Request
CUST-106635,3,20.5,0,2,Feature Request
CUST-106636,2,60.1,0,1,Feature Request
CUST-106637,1,3.4,0,4,Billing Inquiry
CUST-106638,2,59.2,0,1,Onboarding Help
CUST-106639,1,24.5,1,2,Onboarding Help
CUST-106640,1,19.0,0,4,Billing Inquiry
CUST-106641,1,31.5,0,3,Technical Bug
CUST-106642,0,0.0,0,,None
CUST-106643,1,23.2,0,1,Onboarding Help
CUST-106644,4,27.8,1,3,Billing Inquiry
CUST-106645,1,46.2,0,2,Technical Bug
CUST-106646,4,57.9,0,1,Billing Inquiry
CUST-106647,1,4.6,0,4,Billing Inquiry
CUST-106648,0,0.0,0,,None
CUST-106649,0,0.0,0,,None
CUST-106650,5,16.0,0,4,Billing Inquiry
CUST-106651,3,33.8,0,1,Onboarding Help
CUST-106652,2,56.8,1,1,Billing Inquiry
CUST-106653,0,0.0,0,,None
CUST-106654,4,70.3,1,2,Billing Inquiry
CUST-106655,2,44.9,1,2,Technical Bug
CUST-106656,1,17.8,0,5,Billing Inquiry
CUST-106657,2,4.1,0,4,Technical Bug
CUST-106658,3,9.2,0,5,Billing Inquiry
CUST-106659,0,0.0,0,,None
CUST-106660,0,0.0,0,,None
CUST-106661,1,15.1,0,1,Onboarding Help
CUST-106662,1,21.0,0,3,Technical Bug
CUST-106663,1,3.5,0,4,Billing Inquiry
CUST-106664,1,12.6,0,4,Technical Bug
CUST-106665,1,55.1,1,3,Feature Request
CUST-106666,1,24.8,0,2,Billing Inquiry
CUST-106667,0,0.0,0,,None
CUST-106668,0,0.0,0,,None
CUST-106669,0,0.0,0,,None
CUST-106670,1,23.1,1,2,Technical Bug
CUST-106671,0,0.0,0,,None
CUST-106672,0,0.0,0,,None
CUST-106673,0,0.0,0,,None
CUST-106674,0,0.0,0,,None
CUST-106675,0,0.0,0,,None
CUST-106676,0,0.0,0,,None
CUST-106677,0,0.0,0,,None
CUST-106678,2,20.8,0,3,Onboarding Help
CUST-106679,0,0.0,0,,None
CUST-106680,1,68.1,0,1,Technical Bug
CUST-106681,2,62.2,1,1,Feature Request
CUST-106682,1,43.2,0,3,Billing Inquiry
CUST-106683,1,8.0,0,4,Technical Bug
CUST-106684,1,19.8,0,2,Feature Request
CUST-106685,1,8.3,0,4,Billing Inquiry
CUST-106686,3,60.3,1,2,Billing Inquiry
CUST-106687,0,0.0,0,,None
CUST-106688,0,0.0,0,,None
CUST-106689,2,39.4,1,1,Feature Request
CUST-106690,2,59.6,0,1,Feature Request
CUST-106691,1,40.6,1,2,Technical Bug
CUST-106692,1,19.0,0,4,Billing Inquiry
CUST-106693,5,37.6,0,1,Technical Bug
CUST-106694,0,0.0,0,,None
CUST-106695,1,21.5,0,1,Onboarding Help
CUST-106696,0,0.0,0,,None
CUST-106697,0,0.0,0,,None
CUST-106698,1,71.0,1,1,Billing Inquiry
CUST-106699,3,58.7,1,3,Onboarding Help
CUST-106700,1,20.1,0,5,Onboarding Help
CUST-106701,2,22.5,0,3,Feature Request
CUST-106702,0,0.0,0,,None
CUST-106703,2,53.8,1,3,Feature Request
CUST-106704,1,50.0,0,3,Billing Inquiry
CUST-106705,2,66.8,1,2,Onboarding Help
CUST-106706,5,25.9,0,1,Billing Inquiry
CUST-106707,0,0.0,0,,None
CUST-106708,1,9.6,0,4,Onboarding Help
CUST-106709,0,0.0,0,,None
CUST-106710,1,28.9,0,2,Billing Inquiry
CUST-106711,2,60.3,0,3,Billing Inquiry
CUST-106712,2,26.6,1,3,Onboarding Help
CUST-106713,1,14.7,0,,Feature Request
CUST-106714,1,22.1,0,5,Billing Inquiry
CUST-106715,3,49.7,1,3,Technical Bug
CUST-106716,0,0.0,0,,None
CUST-106717,1,24.6,0,3,Technical Bug
CUST-106718,2,14.6,1,2,Billing Inquiry
CUST-106719,0,0.0,0,,None
CUST-106720,1,6.0,0,4,Onboarding Help
CUST-106721,0,0.0,0,,None
CUST-106722,1,41.6,1,3,Feature Request
CUST-106723,1,58.4,0,1,Onboarding Help
CUST-106724,0,0.0,0,,None
CUST-106725,2,63.9,1,2,Feature Request
CUST-106726,3,20.9,1,1,Billing Inquiry
CUST-106727,1,68.1,1,1,Billing Inquiry
CUST-106728,1,15.3,0,5,Billing Inquiry
CUST-106729,0,0.0,0,,None
CUST-106730,0,0.0,0,,None
CUST-106731,2,64.3,1,1,Billing Inquiry
CUST-106732,1,61.0,0,3,Technical Bug
CUST-106733,1,22.7,1,1,Onboarding Help
CUST-106734,3,26.3,0,1,Feature Request
CUST-106735,1,4.9,0,5,Technical Bug
CUST-106736,1,4.9,0,4,Billing Inquiry
CUST-106737,4,66.0,0,3,Feature Request
CUST-106738,1,64.4,0,3,Onboarding Help
CUST-106739,3,11.5,0,5,Billing Inquiry
CUST-106740,1,50.3,0,3,Billing Inquiry
CUST-106741,1,57.6,1,3,Billing Inquiry
CUST-106742,4,37.8,1,2,Feature Request
CUST-106743,3,50.7,1,3,Technical Bug
CUST-106744,3,70.3,0,1,Technical Bug
CUST-106745,2,22.3,0,1,Technical Bug
CUST-106746,0,0.0,0,,None
CUST-106747,2,21.7,0,5,Feature Request
CUST-106748,1,11.1,0,5,Onboarding Help
CUST-106749,3,8.8,0,5,Onboarding Help
CUST-106750,1,35.4,1,3,Onboarding Help
CUST-106751,1,30.5,1,2,Billing Inquiry
CUST-106752,3,12.3,0,4,Onboarding Help
CUST-106753,2,35.5,1,3,Onboarding Help
CUST-106754,0,0.0,0,,None
CUST-106755,0,0.0,0,,None
CUST-106756,0,0.0,0,,None
CUST-106757,0,0.0,0,,None
CUST-106758,0,0.0,0,,None
CUST-106759,1,8.3,0,5,Onboarding Help
CUST-106760,1,36.7,0,2,Feature Request
CUST-106761,2,36.9,1,1,Billing Inquiry
CUST-106762,2,13.5,0,4,Onboarding Help
CUST-106763,1,27.0,0,3,Billing Inquiry
CUST-106764,3,71.8,0,2,Onboarding Help
CUST-106765,0,0.0,0,,None
CUST-106766,2,40.3,0,3,Feature Request
CUST-106767,1,63.5,0,1,Onboarding Help
CUST-106768,4,40.6,1,1,Billing Inquiry
CUST-106769,1,60.2,1,1,Feature Request
CUST-106770,3,71.1,0,3,Technical Bug
CUST-106771,2,3.1,0,5,Billing Inquiry
CUST-106772,2,41.0,0,3,Billing Inquiry
CUST-106773,5,26.6,0,3,Billing Inquiry
CUST-106774,1,51.4,1,2,Feature Request
CUST-106775,1,35.8,1,2,Onboarding Help
CUST-106776,0,0.0,0,,None
CUST-106777,2,3.9,0,5,Feature Request
CUST-106778,1,22.1,0,2,Onboarding Help
CUST-106779,2,20.0,0,3,Onboarding Help
CUST-106780,0,0.0,0,,None
CUST-106781,1,40.2,0,1,Onboarding Help
CUST-106782,2,47.9,1,2,Billing Inquiry
CUST-106783,1,7.4,0,4,Technical Bug
CUST-106784,0,0.0,0,,None
CUST-106785,0,0.0,0,,None
CUST-106786,2,5.6,0,4,Billing Inquiry
CUST-106787,3,63.9,0,1,Technical Bug
CUST-106788,1,69.1,1,2,Billing Inquiry
CUST-106789,0,0.0,0,,None
CUST-106790,2,12.7,0,5,Billing Inquiry
CUST-106791,0,0.0,0,,None
CUST-106792,0,0.0,0,,None
CUST-106793,0,0.0,0,,None
CUST-106794,0,0.0,0,,None
CUST-106795,1,4.0,0,4,Technical Bug
CUST-106796,1,65.5,1,1,Feature Request
CUST-106797,0,0.0,0,,None
CUST-106798,1,2.9,0,4,Technical Bug
CUST-106799,0,0.0,0,,None
CUST-106800,1,33.1,1,1,Feature Request
CUST-106801,2,18.4,0,1,Feature Request
CUST-106802,2,27.5,0,2,Technical Bug
CUST-106803,1,64.3,1,1,Billing Inquiry
CUST-106804,0,0.0,0,,None
CUST-106805,3,24.3,0,1,Feature Request
CUST-106806,2,14.0,0,1,Onboarding Help
CUST-106807,4,25.7,1,1,Billing Inquiry
CUST-106808,1,16.7,0,4,Billing Inquiry
CUST-106809,0,0.0,0,,None
CUST-106810,1,6.4,0,5,Technical Bug
CUST-106811,1,13.6,0,5,Onboarding Help
CUST-106812,2,42.2,0,1,Feature Request
CUST-106813,1,46.5,1,1,Billing Inquiry
CUST-106814,4,53.0,1,2,Billing Inquiry
CUST-106815,0,0.0,0,,None
CUST-106816,1,34.8,1,2,Feature Request
CUST-106817,2,42.3,1,1,Billing Inquiry
CUST-106818,4,18.9,0,2,Technical Bug
CUST-106819,1,19.4,0,,Technical Bug
CUST-106820,1,18.7,0,,Feature Request
CUST-106821,1,22.8,0,4,Feature Request
CUST-106822,1,17.7,0,4,Billing Inquiry
CUST-106823,1,57.5,1,2,Technical Bug
CUST-106824,2,48.1,0,3,Feature Request
CUST-106825,2,13.3,0,4,Technical Bug
CUST-106826,2,65.3,1,1,Billing Inquiry
CUST-106827,0,0.0,0,,None
CUST-106828,0,0.0,0,,None
CUST-106829,0,0.0,0,,None
CUST-106830,2,23.8,0,2,Feature Request
CUST-106831,3,55.1,0,3,Billing Inquiry
CUST-106832,1,38.8,1,3,Billing Inquiry
CUST-106833,0,0.0,0,,None
CUST-106834,1,68.5,1,2,Technical Bug
CUST-106835,1,5.4,0,5,Billing Inquiry
CUST-106836,1,13.1,0,4,Feature Request
CUST-106837,0,0.0,0,,None
CUST-106838,0,0.0,0,,None
CUST-106839,0,0.0,0,,None
CUST-106840,0,0.0,0,,None
CUST-106841,1,33.7,0,1,Technical Bug
CUST-106842,2,21.2,0,1,Feature Request
CUST-106843,3,25.5,1,3,Billing Inquiry
CUST-106844,1,21.2,1,1,Onboarding Help
CUST-106845,3,8.5,0,5,Onboarding Help
CUST-106846,1,39.2,0,3,Onboarding Help
CUST-106847,1,46.0,1,3,Feature Request
CUST-106848,0,0.0,0,,None
CUST-106849,2,39.8,1,2,Billing Inquiry
CUST-106850,2,13.4,1,3,Onboarding Help
CUST-106851,0,0.0,0,,None
CUST-106852,1,33.6,1,1,Technical Bug
CUST-106853,2,68.7,1,2,Feature Request
CUST-106854,3,31.2,1,3,Billing Inquiry
CUST-106855,1,18.9,0,,Technical Bug
CUST-106856,1,48.8,0,1,Feature Request
CUST-106857,2,30.5,0,2,Billing Inquiry
CUST-106858,1,27.5,0,2,Technical Bug
CUST-106859,1,58.4,1,2,Technical Bug
CUST-106860,1,13.1,0,5,Technical Bug
CUST-106861,1,40.2,1,1,Technical Bug
CUST-106862,1,29.2,0,3,Onboarding Help
CUST-106863,2,33.7,0,2,Billing Inquiry
CUST-106864,0,0.0,0,,None
CUST-106865,3,7.0,0,4,Feature Request
CUST-106866,0,0.0,0,,None
CUST-106867,1,20.1,0,2,Onboarding Help
CUST-106868,1,41.5,1,2,Feature Request
CUST-106869,0,0.0,0,,None
CUST-106870,2,20.0,0,4,Billing Inquiry
CUST-106871,1,22.0,0,,Onboarding Help
CUST-106872,0,0.0,0,,None
CUST-106873,4,53.1,0,3,Technical Bug
CUST-106874,1,7.2,0,4,Billing Inquiry
CUST-106875,1,14.3,0,4,Onboarding Help
CUST-106876,3,31.5,0,2,Onboarding Help
CUST-106877,2,35.4,1,3,Technical Bug
CUST-106878,1,5.0,0,,Feature Request
CUST-106879,0,0.0,0,,None
CUST-106880,0,0.0,0,,None
CUST-106881,3,8.6,0,4,Feature Request
CUST-106882,1,65.4,0,2,Feature Request
CUST-106883,4,27.3,1,1,Technical Bug
CUST-106884,0,0.0,0,,None
CUST-106885,2,34.0,0,2,Technical Bug
CUST-106886,1,55.6,1,1,Technical Bug
CUST-106887,1,21.4,0,3,Technical Bug
CUST-106888,0,0.0,0,,None
CUST-106889,3,14.1,0,3,Billing Inquiry
CUST-106890,3,24.7,1,2,Technical Bug
CUST-106891,4,69.4,1,1,Onboarding Help
CUST-106892,2,67.6,0,3,Billing Inquiry
CUST-106893,1,14.3,0,4,Technical Bug
CUST-106894,1,19.0,0,4,Technical Bug
CUST-106895,2,9.7,0,4,Billing Inquiry
CUST-106896,3,58.3,1,3,Technical Bug
CUST-106897,1,52.0,1,2,Technical Bug
CUST-106898,1,6.3,0,,Feature Request
CUST-106899,1,2.7,0,,Onboarding Help
CUST-106900,1,42.1,0,1,Technical Bug
CUST-106901,2,23.0,0,4,Billing Inquiry
CUST-106902,1,3.7,0,5,Onboarding Help
CUST-106903,2,66.6,0,3,Technical Bug
CUST-106904,5,29.8,0,1,Onboarding Help
CUST-106905,1,15.8,0,4,Onboarding Help
CUST-106906,2,61.8,1,2,Technical Bug
CUST-106907,1,5.6,0,5,Billing Inquiry
CUST-106908,3,36.3,1,2,Technical Bug
CUST-106909,3,34.8,0,3,Onboarding Help
CUST-106910,2,42.1,1,2,Technical Bug
CUST-106911,1,30.4,1,2,Billing Inquiry
CUST-106912,1,16.3,1,2,Technical Bug
CUST-106913,1,18.3,0,,Feature Request
CUST-106914,4,42.0,0,1,Technical Bug
CUST-106915,0,0.0,0,,None
CUST-106916,1,12.8,0,5,Technical Bug
CUST-106917,0,0.0,0,,None
CUST-106918,1,70.9,1,3,Technical Bug
CUST-106919,3,52.4,1,3,Billing Inquiry
CUST-106920,5,37.2,0,3,Billing Inquiry
CUST-106921,5,34.7,1,3,Onboarding Help
CUST-106922,3,10.1,0,5,Billing Inquiry
CUST-106923,0,0.0,0,,None
CUST-106924,1,22.9,0,1,Feature Request
CUST-106925,1,18.1,0,4,Feature Request
CUST-106926,2,12.7,0,2,Technical Bug
CUST-106927,0,0.0,0,,None
CUST-106928,1,8.9,0,4,Onboarding Help
CUST-106929,3,27.1,0,2,Feature Request
CUST-106930,3,29.4,0,2,Technical Bug
CUST-106931,1,15.4,0,5,Technical Bug
CUST-106932,1,39.6,0,1,Feature Request
CUST-106933,1,23.1,1,2,Feature Request
CUST-106934,2,18.6,0,4,Technical Bug
CUST-106935,2,41.3,1,2,Billing Inquiry
CUST-106936,4,53.5,0,1,Onboarding Help
CUST-106937,1,15.0,0,5,Technical Bug
CUST-106938,1,20.1,1,2,Onboarding Help
CUST-106939,4,71.3,0,3,Onboarding Help
CUST-106940,3,12.8,0,2,Technical Bug
CUST-106941,1,18.5,0,5,Feature Request
CUST-106942,0,0.0,0,,None
CUST-106943,5,70.7,0,3,Billing Inquiry
CUST-106944,1,16.1,0,5,Feature Request
CUST-106945,1,32.9,1,1,Feature Request
CUST-106946,4,48.9,1,3,Feature Request
CUST-106947,2,22.9,0,4,Feature Request
CUST-106948,1,43.7,1,1,Onboarding Help
CUST-106949,2,5.7,0,5,Onboarding Help
CUST-106950,3,69.9,0,3,Technical Bug
CUST-106951,2,24.1,1,1,Onboarding Help
CUST-106952,2,8.4,0,5,Feature Request
CUST-106953,2,13.5,0,2,Billing Inquiry
CUST-106954,2,37.9,1,2,Billing Inquiry
CUST-106955,1,53.2,1,1,Technical Bug
CUST-106956,1,20.3,0,4,Billing Inquiry
CUST-106957,2,2.6,0,5,Onboarding Help
CUST-106958,2,16.1,0,,Billing Inquiry
CUST-106959,1,12.0,0,4,Onboarding Help
CUST-106960,1,26.5,0,3,Onboarding Help
CUST-106961,1,27.7,1,2,Onboarding Help
CUST-106962,3,49.4,0,1,Billing Inquiry
CUST-106963,0,0.0,0,,None
CUST-106964,1,45.4,1,2,Onboarding Help
CUST-106965,0,0.0,0,,None
CUST-106966,0,0.0,0,,None
CUST-106967,2,45.7,0,1,Feature Request
CUST-106968,0,0.0,0,,None
CUST-106969,0,0.0,0,,None
CUST-106970,1,69.7,0,2,Billing Inquiry
CUST-106971,1,13.1,1,1,Technical Bug
CUST-106972,2,6.4,0,5,Onboarding Help
CUST-106973,0,0.0,0,,None
CUST-106974,4,33.8,0,3,Billing Inquiry
CUST-106975,3,66.4,0,1,Onboarding Help
CUST-106976,0,0.0,0,,None
CUST-106977,1,13.5,0,1,Technical Bug
CUST-106978,1,18.7,0,5,Billing Inquiry
CUST-106979,0,0.0,0,,None
CUST-106980,2,44.9,0,3,Onboarding Help
CUST-106981,3,49.4,0,2,Billing Inquiry
CUST-106982,0,0.0,0,,None
CUST-106983,0,0.0,0,,None
CUST-106984,1,51.2,0,1,Onboarding Help
CUST-106985,0,0.0,0,,None
CUST-106986,0,0.0,0,,None
CUST-106987,0,0.0,0,,None
CUST-106988,0,0.0,0,,None
CUST-106989,1,5.5,0,,Billing Inquiry
CUST-106990,2,71.2,0,2,Technical Bug
CUST-106991,1,39.4,1,1,Onboarding Help
CUST-106992,3,53.5,0,3,Billing Inquiry
CUST-106993,0,0.0,0,,None
CUST-106994,3,32.1,0,1,Technical Bug
CUST-106995,3,24.3,0,1,Onboarding Help
CUST-106996,2,26.8,0,2,Technical Bug
CUST-106997,3,54.7,0,3,Onboarding Help
CUST-106998,0,0.0,0,,None
CUST-106999,2,65.5,0,2,Feature Request
CUST-107000,0,0.0,0,,None
CUST-107001,0,0.0,0,,None
CUST-107002,1,8.7,0,5,Technical Bug
CUST-107003,1,19.1,1,3,Billing Inquiry
CUST-107004,2,59.1,0,3,Onboarding Help
CUST-107005,6,69.8,0,3,Billing Inquiry
CUST-107006,0,0.0,0,,None
CUST-107007,2,23.0,0,1,Technical Bug
CUST-107008,3,66.9,1,3,Billing Inquiry
CUST-107009,3,42.7,1,1,Feature Request
CUST-107010,1,7.1,0,4,Feature Request
CUST-107011,1,13.5,0,5,Billing Inquiry
CUST-107012,1,15.8,0,4,Technical Bug
CUST-107013,0,0.0,0,,None
CUST-107014,0,0.0,0,,None
CUST-107015,2,60.6,0,2,Feature Request
CUST-107016,0,0.0,0,,None
CUST-107017,1,10.7,0,4,Billing Inquiry
CUST-107018,0,0.0,0,,None
CUST-107019,2,29.9,1,1,Onboarding Help
CUST-107020,1,7.3,0,5,Onboarding Help
CUST-107021,0,0.0,0,,None
CUST-107022,0,0.0,0,,None
CUST-107023,1,22.8,0,1,Onboarding Help
CUST-107024,0,0.0,0,,None
CUST-107025,0,0.0,0,,None
CUST-107026,1,35.5,1,2,Feature Request
CUST-107027,1,7.3,0,5,Billing Inquiry
CUST-107028,3,52.6,0,2,Feature Request
CUST-107029,0,0.0,0,,None
CUST-107030,2,36.8,0,2,Billing Inquiry
CUST-107031,1,19.8,0,5,Feature Request
CUST-107032,2,19.4,1,2,Onboarding Help
CUST-107033,2,18.7,1,2,Feature Request
CUST-107034,0,0.0,0,,None
CUST-107035,1,52.8,0,1,Feature Request
CUST-107036,1,45.1,0,2,Billing Inquiry
CUST-107037,1,5.5,0,5,Feature Request
CUST-107038,0,0.0,0,,None
CUST-107039,1,18.0,0,5,Billing Inquiry
CUST-107040,2,45.5,1,3,Feature Request
CUST-107041,2,50.0,1,1,Feature Request
CUST-107042,1,2.3,0,4,Feature Request
CUST-107043,3,38.5,0,3,Billing Inquiry
CUST-107044,0,0.0,0,,None
CUST-107045,0,0.0,0,,None
CUST-107046,1,52.4,1,2,Feature Request
CUST-107047,1,19.0,0,5,Technical Bug
CUST-107048,6,29.8,0,3,Feature Request
CUST-107049,2,67.5,0,1,Technical Bug
CUST-107050,1,67.5,0,3,Billing Inquiry
CUST-107051,1,9.4,0,5,Feature Request
CUST-107052,3,35.1,1,3,Billing Inquiry
CUST-107053,0,0.0,0,,None
CUST-107054,0,0.0,0,,None
CUST-107055,0,0.0,0,,None
CUST-107056,2,21.7,1,2,Onboarding Help
CUST-107057,0,0.0,0,,None
CUST-107058,3,21.8,0,1,Billing Inquiry
CUST-107059,0,0.0,0,,None
CUST-107060,1,14.4,0,5,Technical Bug
CUST-107061,4,61.3,0,3,Feature Request
CUST-107062,1,2.9,0,4,Onboarding Help
CUST-107063,3,45.2,0,2,Billing Inquiry
CUST-107064,1,71.5,0,2,Feature Request
CUST-107065,1,71.3,0,3,Billing Inquiry
CUST-107066,0,0.0,0,,None
CUST-107067,2,8.9,0,5,Onboarding Help
CUST-107068,1,7.7,0,5,Feature Request
CUST-107069,1,47.9,0,1,Onboarding Help
CUST-107070,0,0.0,0,,None
CUST-107071,3,20.1,0,4,Technical Bug
CUST-107072,2,35.6,1,1,Feature Request
CUST-107073,1,11.9,0,5,Technical Bug
CUST-107074,2,2.6,0,5,Feature Request
CUST-107075,0,0.0,0,,None
CUST-107076,0,0.0,0,,None
CUST-107077,0,0.0,0,,None
CUST-107078,4,50.7,1,1,Billing Inquiry
CUST-107079,0,0.0,0,,None
CUST-107080,2,45.5,1,1,Technical Bug
CUST-107081,4,62.3,0,3,Technical Bug
CUST-107082,0,0.0,0,,None
CUST-107083,2,55.4,1,3,Technical Bug
CUST-107084,1,30.8,0,1,Feature Request
CUST-107085,1,43.4,1,1,Onboarding Help
CUST-107086,1,47.4,0,3,Technical Bug
CUST-107087,1,2.3,0,4,Feature Request
CUST-107088,1,18.0,0,4,Billing Inquiry
CUST-107089,1,7.2,0,,Feature Request
CUST-107090,0,0.0,0,,None
CUST-107091,3,50.2,0,1,Onboarding Help
CUST-107092,2,47.4,1,2,Technical Bug
CUST-107093,1,60.0,0,3,Feature Request
CUST-107094,1,48.3,1,2,Onboarding Help
CUST-107095,1,20.4,0,1,Onboarding Help
CUST-107096,3,12.7,0,2,Technical Bug
CUST-107097,0,0.0,0,,None
CUST-107098,1,22.4,0,5,Billing Inquiry
CUST-107099,1,47.6,1,1,Feature Request
CUST-107100,2,23.2,0,5,Technical Bug
CUST-107101,3,48.4,1,3,Onboarding Help
CUST-107102,4,32.1,0,1,Billing Inquiry
CUST-107103,1,16.4,0,4,Onboarding Help
CUST-107104,4,37.6,1,3,Feature Request
CUST-107105,1,12.7,0,5,Feature Request
CUST-107106,2,14.7,0,4,Onboarding Help
CUST-107107,2,29.3,1,1,Feature Request
CUST-107108,1,23.3,0,4,Technical Bug
CUST-107109,4,69.4,1,1,Onboarding Help
CUST-107110,0,0.0,0,,None
CUST-107111,2,24.6,0,2,Onboarding Help
CUST-107112,1,49.1,0,1,Billing Inquiry
CUST-107113,2,22.6,1,3,Feature Request
CUST-107114,0,0.0,0,,None
CUST-107115,0,0.0,0,,None
CUST-107116,2,23.2,0,4,Onboarding Help
CUST-107117,4,38.6,1,3,Onboarding Help
CUST-107118,1,6.2,0,,Technical Bug
CUST-107119,0,0.0,0,,None
CUST-107120,2,19.5,0,5,Feature Request
CUST-107121,3,64.1,1,3,Billing Inquiry
CUST-107122,3,67.3,1,2,Billing Inquiry
CUST-107123,0,0.0,0,,None
CUST-107124,2,60.6,0,2,Onboarding Help
CUST-107125,2,27.0,0,2,Onboarding Help
CUST-107126,1,16.0,0,5,Onboarding Help
CUST-107127,0,0.0,0,,None
CUST-107128,1,44.5,0,1,Feature Request
CUST-107129,1,23.7,0,5,Feature Request
CUST-107130,0,0.0,0,,None
CUST-107131,2,55.3,1,2,Billing Inquiry
CUST-107132,2,24.6,1,1,Billing Inquiry
CUST-107133,1,52.6,0,3,Feature Request
CUST-107134,0,0.0,0,,None
CUST-107135,2,37.9,0,1,Technical Bug
CUST-107136,4,33.2,0,2,Technical Bug
CUST-107137,5,35.0,1,1,Technical Bug
CUST-107138,2,35.4,0,2,Onboarding Help
CUST-107139,0,0.0,0,,None
CUST-107140,2,19.6,0,1,Billing Inquiry
CUST-107141,3,41.5,1,1,Feature Request
CUST-107142,3,47.7,0,3,Billing Inquiry
CUST-107143,2,28.1,0,1,Billing Inquiry
CUST-107144,6,51.7,1,1,Onboarding Help
CUST-107145,0,0.0,0,,None
CUST-107146,2,43.5,0,1,Billing Inquiry
CUST-107147,0,0.0,0,,None
CUST-107148,3,50.9,0,1,Billing Inquiry
CUST-107149,1,58.9,0,2,Feature Request
CUST-107150,1,32.5,0,3,Billing Inquiry
CUST-107151,1,59.7,1,3,Onboarding Help
CUST-107152,3,47.3,0,2,Onboarding Help
CUST-107153,0,0.0,0,,None
CUST-107154,1,70.8,0,2,Technical Bug
CUST-107155,1,7.9,0,,Feature Request
CUST-107156,3,35.2,0,1,Billing Inquiry
CUST-107157,0,0.0,0,,None
CUST-107158,3,27.0,0,2,Onboarding Help
CUST-107159,1,6.4,0,5,Technical Bug
CUST-107160,2,27.7,0,2,Feature Request
CUST-107161,0,0.0,0,,None
CUST-107162,3,47.8,1,1,Onboarding Help
CUST-107163,1,11.1,0,5,Onboarding Help
CUST-107164,2,26.8,1,3,Feature Request
CUST-107165,0,0.0,0,,None
CUST-107166,5,58.3,1,1,Feature Request
CUST-107167,2,32.5,0,3,Billing Inquiry
CUST-107168,1,18.0,0,,Feature Request
CUST-107169,2,59.7,1,2,Feature Request
CUST-107170,2,9.7,0,5,Billing Inquiry
CUST-107171,3,15.7,0,2,Feature Request
CUST-107172,3,65.8,0,2,Feature Request
CUST-107173,0,0.0,0,,None
CUST-107174,2,41.0,0,2,Billing Inquiry
CUST-107175,2,32.1,1,3,Billing Inquiry
CUST-107176,1,30.2,1,2,Feature Request
CUST-107177,2,20.0,0,1,Technical Bug
CUST-107178,2,63.6,0,3,Billing Inquiry
CUST-107179,0,0.0,0,,None
CUST-107180,1,23.3,0,4,Feature Request
CUST-107181,1,23.8,0,2,Feature Request
CUST-107182,1,6.0,0,,Billing Inquiry
CUST-107183,0,0.0,0,,None
CUST-107184,3,9.3,0,4,Technical Bug
CUST-107185,2,53.9,1,3,Technical Bug
CUST-107186,2,16.6,0,,Feature Request
CUST-107187,2,3.3,0,5,Feature Request
CUST-107188,0,0.0,0,,None
CUST-107189,1,46.2,0,2,Billing Inquiry
CUST-107190,4,65.8,0,1,Onboarding Help
CUST-107191,3,28.1,0,2,Technical Bug
CUST-107192,0,0.0,0,,None
CUST-107193,2,66.0,0,3,Technical Bug
CUST-107194,3,29.5,1,1,Technical Bug
CUST-107195,2,6.5,0,4,Billing Inquiry
CUST-107196,1,24.8,0,2,Onboarding Help
CUST-107197,0,0.0,0,,None
CUST-107198,1,10.7,0,,Technical Bug
CUST-107199,1,10.8,0,5,Billing Inquiry
CUST-107200,4,20.2,1,1,Technical Bug
CUST-107201,0,0.0,0,,None
CUST-107202,1,23.1,0,2,Billing Inquiry
CUST-107203,0,0.0,0,,None
CUST-107204,0,0.0,0,,None
CUST-107205,2,15.2,1,1,Onboarding Help
CUST-107206,4,40.1,1,3,Onboarding Help
CUST-107207,0,0.0,0,,None
CUST-107208,1,25.9,0,1,Feature Request
CUST-107209,3,25.7,1,1,Feature Request
CUST-107210,4,33.7,0,1,Feature Request
CUST-107211,1,14.0,0,4,Technical Bug
CUST-107212,3,65.8,1,2,Onboarding Help
CUST-107213,0,0.0,0,,None
CUST-107214,0,0.0,0,,None
CUST-107215,0,0.0,0,,None
CUST-107216,1,62.4,0,3,Billing Inquiry
CUST-107217,3,36.4,0,2,Feature Request
CUST-107218,1,3.0,0,4,Billing Inquiry
CUST-107219,2,13.9,1,2,Feature Request
CUST-107220,0,0.0,0,,None
CUST-107221,2,31.0,0,3,Technical Bug
CUST-107222,1,18.4,0,5,Feature Request
CUST-107223,1,5.2,0,5,Technical Bug
CUST-107224,2,13.1,0,4,Feature Request
CUST-107225,1,48.4,1,2,Technical Bug
CUST-107226,1,20.0,1,1,Technical Bug
CUST-107227,0,0.0,0,,None
CUST-107228,2,58.4,0,2,Onboarding Help
CUST-107229,1,34.8,0,2,Technical Bug
CUST-107230,0,0.0,0,,None
CUST-107231,0,0.0,0,,None
CUST-107232,3,16.7,0,3,Feature Request
CUST-107233,2,71.4,1,2,Billing Inquiry
CUST-107234,2,23.3,0,1,Onboarding Help
CUST-107235,0,0.0,0,,None
CUST-107236,1,66.2,0,1,Feature Request
CUST-107237,2,25.0,0,3,Feature Request
CUST-107238,0,0.0,0,,None
CUST-107239,1,15.9,0,,Feature Request
CUST-107240,0,0.0,0,,None
CUST-107241,0,0.0,0,,None
CUST-107242,0,0.0,0,,None
CUST-107243,1,64.4,1,1,Feature Request
CUST-107244,1,23.5,1,1,Technical Bug
CUST-107245,3,17.2,1,2,Feature Request
CUST-107246,0,0.0,0,,None
CUST-107247,1,23.8,0,5,Technical Bug
CUST-107248,1,12.9,0,4,Billing Inquiry
CUST-107249,1,24.4,1,3,Billing Inquiry
CUST-107250,1,20.5,0,4,Feature Request
CUST-107251,1,14.8,0,,Onboarding Help
CUST-107252,0,0.0,0,,None
CUST-107253,1,5.8,0,4,Onboarding Help
CUST-107254,1,13.3,0,1,Feature Request
CUST-107255,4,43.6,0,1,Technical Bug
CUST-107256,0,0.0,0,,None
CUST-107257,0,0.0,0,,None
CUST-107258,0,0.0,0,,None
CUST-107259,2,31.6,0,1,Onboarding Help
CUST-107260,4,16.8,0,4,Onboarding Help
CUST-107261,0,0.0,0,,None
CUST-107262,0,0.0,0,,None
CUST-107263,2,62.8,1,1,Onboarding Help
CUST-107264,0,0.0,0,,None
CUST-107265,2,57.2,0,2,Feature Request
CUST-107266,2,63.5,0,2,Billing Inquiry
CUST-107267,1,22.7,0,5,Technical Bug
CUST-107268,1,8.5,0,4,Billing Inquiry
CUST-107269,4,33.2,0,1,Technical Bug
CUST-107270,4,54.6,0,1,Onboarding Help
CUST-107271,2,55.6,0,2,Onboarding Help
CUST-107272,0,0.0,0,,None
CUST-107273,2,13.2,0,,Billing Inquiry
CUST-107274,2,59.0,1,1,Feature Request
CUST-107275,0,0.0,0,,None
CUST-107276,2,18.4,0,1,Technical Bug
CUST-107277,4,19.2,0,,Technical Bug
CUST-107278,4,36.1,0,3,Onboarding Help
CUST-107279,1,62.9,0,1,Feature Request
CUST-107280,1,10.3,0,5,Feature Request
CUST-107281,1,12.4,1,2,Technical Bug
CUST-107282,4,17.9,0,2,Billing Inquiry
CUST-107283,1,59.5,1,2,Feature Request
CUST-107284,1,18.6,0,5,Feature Request
CUST-107285,2,37.7,1,2,Billing Inquiry
CUST-107286,2,14.4,0,5,Billing Inquiry
CUST-107287,3,70.0,1,3,Billing Inquiry
CUST-107288,0,0.0,0,,None
CUST-107289,7,43.9,0,1,Feature Request
CUST-107290,2,41.6,1,3,Technical Bug
CUST-107291,3,48.5,0,1,Billing Inquiry
CUST-107292,4,9.8,0,5,Billing Inquiry
CUST-107293,1,4.1,0,4,Feature Request
CUST-107294,1,39.7,1,1,Feature Request
CUST-107295,0,0.0,0,,None
CUST-107296,0,0.0,0,,None
CUST-107297,2,13.7,1,1,Onboarding Help
CUST-107298,0,0.0,0,,None
CUST-107299,3,51.1,1,2,Billing Inquiry
CUST-107300,3,13.5,0,2,Feature Request
CUST-107301,2,60.9,1,2,Technical Bug
CUST-107302,1,4.6,0,4,Feature Request
CUST-107303,0,0.0,0,,None
CUST-107304,1,12.4,0,4,Onboarding Help
CUST-107305,1,60.0,1,1,Technical Bug
CUST-107306,0,0.0,0,,None
CUST-107307,1,4.0,0,4,Feature Request
CUST-107308,1,59.3,0,3,Onboarding Help
CUST-107309,0,0.0,0,,None
CUST-107310,4,42.8,0,2,Onboarding Help
CUST-107311,2,21.9,0,5,Onboarding Help
CUST-107312,2,52.8,1,2,Technical Bug
CUST-107313,3,19.7,0,,Technical Bug
CUST-107314,3,37.8,1,3,Onboarding Help
CUST-107315,2,24.8,0,2,Onboarding Help
CUST-107316,1,47.6,1,1,Technical Bug
CUST-107317,0,0.0,0,,None
CUST-107318,3,42.5,1,2,Technical Bug
CUST-107319,2,56.1,1,2,Technical Bug
CUST-107320,1,37.8,0,1,Feature Request
CUST-107321,1,56.3,0,2,Billing Inquiry
CUST-107322,3,2.7,0,4,Technical Bug
CUST-107323,0,0.0,0,,None
CUST-107324,2,36.4,0,1,Billing Inquiry
CUST-107325,2,45.9,0,3,Feature Request
CUST-107326,1,20.2,0,,Feature Request
CUST-107327,2,29.5,0,2,Technical Bug
CUST-107328,0,0.0,0,,None
CUST-107329,0,0.0,0,,None
CUST-107330,2,12.5,0,2,Billing Inquiry
CUST-107331,1,40.0,1,3,Billing Inquiry
CUST-107332,1,29.7,0,2,Technical Bug
CUST-107333,0,0.0,0,,None
CUST-107334,0,0.0,0,,None
CUST-107335,2,23.1,0,5,Technical Bug
CUST-107336,2,58.0,1,2,Feature Request
CUST-107337,0,0.0,0,,None
CUST-107338,1,52.3,0,2,Feature Request
CUST-107339,1,12.5,1,2,Billing Inquiry
CUST-107340,3,2.1,0,5,Billing Inquiry
CUST-107341,1,49.3,0,1,Onboarding Help
CUST-107342,2,24.3,0,1,Feature Request
CUST-107343,5,52.6,0,1,Onboarding Help
CUST-107344,0,0.0,0,,None
CUST-107345,2,16.6,0,2,Onboarding Help
CUST-107346,0,0.0,0,,None
CUST-107347,1,71.6,0,1,Feature Request
CUST-107348,2,39.7,0,1,Technical Bug
CUST-107349,2,15.7,0,3,Onboarding Help
CUST-107350,3,27.8,1,3,Feature Request
CUST-107351,0,0.0,0,,None
CUST-107352,1,31.4,0,1,Onboarding Help
CUST-107353,1,17.2,0,3,Onboarding Help
CUST-107354,1,71.6,0,3,Technical Bug
CUST-107355,1,21.9,0,5,Billing Inquiry
CUST-107356,2,23.4,0,4,Onboarding Help
CUST-107357,0,0.0,0,,None
CUST-107358,6,13.0,1,3,Onboarding Help
CUST-107359,1,64.0,0,2,Feature Request
CUST-107360,2,64.9,1,2,Onboarding Help
CUST-107361,1,52.5,0,1,Onboarding Help
CUST-107362,2,64.5,1,1,Technical Bug
CUST-107363,0,0.0,0,,None
CUST-107364,0,0.0,0,,None
CUST-107365,1,17.8,0,4,Feature Request
CUST-107366,3,20.4,0,,Technical Bug
CUST-107367,4,30.5,0,2,Feature Request
CUST-107368,1,18.8,0,1,Onboarding Help
CUST-107369,2,60.1,1,2,Onboarding Help
CUST-107370,3,19.3,0,4,Technical Bug
CUST-107371,1,25.7,0,3,Feature Request
CUST-107372,1,29.4,0,3,Billing Inquiry
CUST-107373,2,7.3,0,4,Technical Bug
CUST-107374,1,47.0,1,3,Feature Request
CUST-107375,2,46.5,1,2,Feature Request
CUST-107376,1,20.4,0,,Technical Bug
CUST-107377,2,9.5,0,,Onboarding Help
CUST-107378,1,2.4,0,4,Feature Request
CUST-107379,3,49.8,1,2,Billing Inquiry
CUST-107380,1,32.1,1,2,Feature Request
CUST-107381,0,0.0,0,,None
CUST-107382,1,39.5,1,3,Onboarding Help
CUST-107383,1,25.0,1,2,Feature Request
CUST-107384,1,20.1,0,2,Technical Bug
CUST-107385,0,0.0,0,,None
CUST-107386,3,34.9,1,3,Technical Bug
CUST-107387,2,16.6,0,5,Onboarding Help
CUST-107388,0,0.0,0,,None
CUST-107389,2,46.2,1,2,Feature Request
CUST-107390,3,60.4,0,3,Onboarding Help
CUST-107391,2,63.7,0,3,Onboarding Help
CUST-107392,0,0.0,0,,None
CUST-107393,0,0.0,0,,None
CUST-107394,2,66.6,1,1,Feature Request
CUST-107395,0,0.0,0,,None
CUST-107396,1,14.3,0,5,Billing Inquiry
CUST-107397,2,66.5,1,2,Onboarding Help
CUST-107398,4,35.9,0,2,Onboarding Help
CUST-107399,0,0.0,0,,None
CUST-107400,1,9.0,0,5,Technical Bug
CUST-107401,0,0.0,0,,None
CUST-107402,0,0.0,0,,None
CUST-107403,1,7.6,0,5,Onboarding Help
CUST-107404,0,0.0,0,,None
CUST-107405,2,16.2,0,3,Feature Request
CUST-107406,1,10.0,0,4,Onboarding Help
CUST-107407,5,23.4,0,3,Technical Bug
CUST-107408,1,45.7,0,3,Onboarding Help
CUST-107409,0,0.0,0,,None
CUST-107410,6,38.9,1,3,Feature Request
CUST-107411,1,14.7,0,,Technical Bug
CUST-107412,2,49.7,0,1,Feature Request
CUST-107413,1,59.1,1,1,Onboarding Help
CUST-107414,2,21.2,0,5,Onboarding Help
CUST-107415,1,41.6,0,2,Technical Bug
CUST-107416,1,22.8,0,4,Feature Request
CUST-107417,0,0.0,0,,None
CUST-107418,1,16.4,0,4,Onboarding Help
CUST-107419,1,14.0,0,2,Technical Bug
CUST-107420,1,68.2,1,1,Technical Bug
CUST-107421,0,0.0,0,,None
CUST-107422,0,0.0,0,,None
CUST-107423,2,57.7,1,3,Billing Inquiry
CUST-107424,2,63.5,0,3,Feature Request
CUST-107425,0,0.0,0,,None
CUST-107426,1,10.8,0,5,Technical Bug
CUST-107427,1,17.8,0,4,Technical Bug
CUST-107428,2,39.9,0,1,Technical Bug
CUST-107429,0,0.0,0,,None
CUST-107430,4,69.6,0,3,Onboarding Help
CUST-107431,1,63.8,0,2,Technical Bug
CUST-107432,0,0.0,0,,None
CUST-107433,5,45.2,1,2,Feature Request
CUST-107434,2,15.8,0,4,Billing Inquiry
CUST-107435,1,4.0,0,4,Onboarding Help
CUST-107436,2,12.1,0,2,Technical Bug
CUST-107437,0,0.0,0,,None
CUST-107438,0,0.0,0,,None
CUST-107439,0,0.0,0,,None
CUST-107440,3,45.0,1,1,Technical Bug
CUST-107441,1,55.8,0,2,Billing Inquiry
CUST-107442,1,14.8,0,,Feature Request
CUST-107443,0,0.0,0,,None
CUST-107444,1,3.9,0,5,Technical Bug
CUST-107445,2,45.8,0,2,Technical Bug
CUST-107446,1,15.0,0,4,Onboarding Help
CUST-107447,0,0.0,0,,None
CUST-107448,1,20.1,0,2,Billing Inquiry
CUST-107449,0,0.0,0,,None
CUST-107450,0,0.0,0,,None
CUST-107451,2,22.6,0,5,Technical Bug
CUST-107452,1,19.1,0,4,Billing Inquiry
CUST-107453,1,33.8,1,2,Feature Request
CUST-107454,1,30.1,1,1,Onboarding Help
CUST-107455,0,0.0,0,,None
CUST-107456,2,36.4,0,2,Feature Request
CUST-107457,3,32.4,0,2,Feature Request
CUST-107458,1,15.4,0,4,Onboarding Help
CUST-107459,4,33.9,0,1,Onboarding Help
CUST-107460,0,0.0,0,,None
CUST-107461,1,32.6,0,3,Technical Bug
CUST-107462,0,0.0,0,,None
CUST-107463,1,9.3,0,5,Billing Inquiry
CUST-107464,0,0.0,0,,None
CUST-107465,0,0.0,0,,None
CUST-107466,1,31.0,1,2,Feature Request
CUST-107467,5,52.3,0,2,Onboarding Help
CUST-107468,1,9.9,0,5,Billing Inquiry
CUST-107469,1,6.5,0,5,Billing Inquiry
CUST-107470,0,0.0,0,,None
CUST-107471,0,0.0,0,,None
CUST-107472,3,12.1,0,1,Feature Request
CUST-107473,0,0.0,0,,None
CUST-107474,2,71.1,1,2,Billing Inquiry
CUST-107475,3,70.1,1,1,Feature Request
CUST-107476,0,0.0,0,,None
CUST-107477,0,0.0,0,,None
CUST-107478,1,23.1,0,2,Onboarding Help
CUST-107479,1,70.4,0,3,Onboarding Help
CUST-107480,1,7.8,0,4,Feature Request
CUST-107481,0,0.0,0,,None
CUST-107482,0,0.0,0,,None
CUST-107483,1,11.3,0,5,Billing Inquiry
CUST-107484,3,34.1,1,2,Feature Request
CUST-107485,1,20.2,0,5,Billing Inquiry
CUST-107486,4,38.2,1,1,Onboarding Help
CUST-107487,0,0.0,0,,None
CUST-107488,1,22.9,0,5,Onboarding Help
CUST-107489,3,2.3,0,,Onboarding Help
CUST-107490,4,58.4,0,1,Billing Inquiry
CUST-107491,2,58.2,1,1,Onboarding Help
CUST-107492,0,0.0,0,,None
CUST-107493,1,4.1,0,5,Technical Bug
CUST-107494,1,9.9,0,5,Billing Inquiry
CUST-107495,2,20.6,1,2,Onboarding Help
CUST-107496,5,58.5,0,1,Feature Request
CUST-107497,2,51.8,1,2,Onboarding Help
CUST-107498,1,10.2,0,4,Billing Inquiry
CUST-107499,3,17.1,0,,Technical Bug
CUST-107500,2,46.2,0,2,Billing Inquiry
CUST-107501,1,2.1,0,4,Billing Inquiry
CUST-107502,1,67.9,1,1,Billing Inquiry
CUST-107503,1,18.9,0,5,Billing Inquiry
CUST-107504,3,66.5,0,1,Feature Request
CUST-107505,2,11.5,0,4,Technical Bug
CUST-107506,4,19.7,1,2,Billing Inquiry
CUST-107507,1,35.9,1,2,Onboarding Help
CUST-107508,1,47.4,1,1,Billing Inquiry
CUST-107509,0,0.0,0,,None
CUST-107510,2,31.7,0,3,Billing Inquiry
CUST-107511,1,50.7,0,1,Feature Request
CUST-107512,1,21.6,0,5,Feature Request
CUST-107513,5,56.0,0,3,Onboarding Help
CUST-107514,2,36.5,0,2,Technical Bug
CUST-107515,2,15.7,0,5,Technical Bug
CUST-107516,4,69.6,1,2,Feature Request
CUST-107517,1,30.4,0,2,Feature Request
CUST-107518,0,0.0,0,,None
CUST-107519,0,0.0,0,,None
CUST-107520,2,51.2,0,2,Billing Inquiry
CUST-107521,1,63.1,0,2,Feature Request
CUST-107522,1,50.7,0,3,Feature Request
CUST-107523,0,0.0,0,,None
CUST-107524,2,38.9,1,1,Feature Request
CUST-107525,1,17.1,1,1,Billing Inquiry
CUST-107526,1,3.3,0,4,Billing Inquiry
CUST-107527,0,0.0,0,,None
CUST-107528,0,0.0,0,,None
CUST-107529,2,16.4,1,3,Feature Request
CUST-107530,3,14.1,0,5,Billing Inquiry
CUST-107531,0,0.0,0,,None
CUST-107532,1,63.0,1,3,Billing Inquiry
CUST-107533,5,28.2,0,2,Feature Request
CUST-107534,1,14.3,0,,Billing Inquiry
CUST-107535,1,45.1,1,1,Feature Request
CUST-107536,3,50.3,1,1,Billing Inquiry
CUST-107537,0,0.0,0,,None
CUST-107538,5,39.8,0,1,Onboarding Help
CUST-107539,4,14.4,0,1,Technical Bug
CUST-107540,2,10.3,0,4,Feature Request
CUST-107541,5,38.4,0,2,Feature Request
CUST-107542,0,0.0,0,,None
CUST-107543,2,48.8,0,1,Feature Request
CUST-107544,4,68.2,0,3,Feature Request
CUST-107545,1,11.3,0,5,Onboarding Help
CUST-107546,0,0.0,0,,None
CUST-107547,1,15.4,1,1,Billing Inquiry
CUST-107548,3,12.1,0,3,Technical Bug
CUST-107549,3,26.7,0,2,Billing Inquiry
CUST-107550,1,68.5,1,2,Billing Inquiry
CUST-107551,1,14.0,1,3,Feature Request
CUST-107552,1,57.0,1,2,Onboarding Help
CUST-107553,1,19.8,0,5,Billing Inquiry
CUST-107554,0,0.0,0,,None
CUST-107555,2,65.4,0,2,Onboarding Help
CUST-107556,2,61.1,0,2,Technical Bug
CUST-107557,1,6.3,0,,Feature Request
CUST-107558,0,0.0,0,,None
CUST-107559,0,0.0,0,,None
CUST-107560,1,52.1,0,2,Feature Request
CUST-107561,2,13.9,0,5,Technical Bug
CUST-107562,1,30.9,1,3,Feature Request
CUST-107563,0,0.0,0,,None
CUST-107564,1,10.2,0,4,Feature Request
CUST-107565,0,0.0,0,,None
CUST-107566,1,63.7,0,2,Technical Bug
CUST-107567,3,50.0,1,3,Billing Inquiry
CUST-107568,0,0.0,0,,None
CUST-107569,1,3.2,0,,Billing Inquiry
CUST-107570,1,22.9,0,5,Billing Inquiry
CUST-107571,3,36.2,1,2,Billing Inquiry
CUST-107572,2,27.2,0,3,Technical Bug
CUST-107573,2,51.4,1,3,Onboarding Help
CUST-107574,3,23.7,0,1,Feature Request
CUST-107575,1,56.4,1,2,Technical Bug
CUST-107576,2,10.3,0,5,Onboarding Help
CUST-107577,2,22.9,1,3,Feature Request
CUST-107578,1,7.6,0,5,Technical Bug
CUST-107579,2,5.0,0,5,Onboarding Help
CUST-107580,3,35.6,0,1,Technical Bug
CUST-107581,1,13.1,0,5,Feature Request
CUST-107582,2,3.4,0,4,Billing Inquiry
CUST-107583,0,0.0,0,,None
CUST-107584,0,0.0,0,,None
CUST-107585,1,54.2,0,3,Feature Request
CUST-107586,1,9.8,0,5,Feature Request
CUST-107587,1,40.4,0,3,Onboarding Help
CUST-107588,3,54.7,0,1,Technical Bug
CUST-107589,1,9.3,0,4,Onboarding Help
CUST-107590,2,51.1,1,2,Feature Request
CUST-107591,1,2.5,0,,Onboarding Help
CUST-107592,2,50.9,0,1,Feature Request
CUST-107593,0,0.0,0,,None
CUST-107594,0,0.0,0,,None
CUST-107595,1,29.9,1,2,Billing Inquiry
CUST-107596,1,22.2,0,4,Technical Bug
CUST-107597,0,0.0,0,,None
CUST-107598,1,50.4,1,2,Billing Inquiry
CUST-107599,4,30.0,1,1,Billing Inquiry
CUST-107600,2,61.1,1,3,Feature Request
CUST-107601,0,0.0,0,,None
CUST-107602,5,39.0,1,3,Technical Bug
CUST-107603,1,7.9,0,5,Technical Bug
CUST-107604,3,58.5,1,3,Feature Request
CUST-107605,0,0.0,0,,None
CUST-107606,2,63.6,0,3,Onboarding Help
CUST-107607,0,0.0,0,,None
CUST-107608,0,0.0,0,,None
CUST-107609,0,0.0,0,,None
CUST-107610,1,41.4,1,1,Technical Bug
CUST-107611,3,42.5,0,3,Billing Inquiry
CUST-107612,1,57.6,0,1,Onboarding Help
CUST-107613,2,11.4,0,4,Feature Request
CUST-107614,2,57.6,1,1,Technical Bug
CUST-107615,3,14.5,0,5,Technical Bug
CUST-107616,0,0.0,0,,None
CUST-107617,0,0.0,0,,None
CUST-107618,2,17.1,0,4,Billing Inquiry
CUST-107619,1,18.9,0,5,Feature Request
CUST-107620,1,63.0,0,3,Billing Inquiry
CUST-107621,1,59.5,0,2,Feature Request
CUST-107622,1,17.3,0,,Feature Request
CUST-107623,1,31.5,1,1,Onboarding Help
CUST-107624,1,61.7,1,1,Technical Bug
CUST-107625,1,7.1,0,5,Billing Inquiry
CUST-107626,2,70.3,0,1,Onboarding Help
CUST-107627,1,14.7,1,2,Feature Request
CUST-107628,1,21.6,1,2,Billing Inquiry
CUST-107629,1,52.2,0,3,Onboarding Help
CUST-107630,0,0.0,0,,None
CUST-107631,1,18.6,1,1,Feature Request
CUST-107632,2,20.6,0,4,Billing Inquiry
CUST-107633,1,56.8,1,1,Technical Bug
CUST-107634,2,23.8,1,1,Onboarding Help
CUST-107635,0,0.0,0,,None
CUST-107636,2,58.0,0,3,Technical Bug
CUST-107637,3,27.9,0,1,Technical Bug
CUST-107638,2,55.1,0,2,Feature Request
CUST-107639,1,13.4,0,,Onboarding Help
CUST-107640,1,5.8,0,5,Onboarding Help
CUST-107641,3,47.3,0,3,Technical Bug
CUST-107642,1,67.3,0,1,Feature Request
CUST-107643,0,0.0,0,,None
CUST-107644,5,60.9,0,3,Billing Inquiry
CUST-107645,1,22.5,0,3,Billing Inquiry
CUST-107646,2,56.2,1,3,Technical Bug
CUST-107647,2,62.7,1,2,Feature Request
CUST-107648,2,32.4,0,1,Technical Bug
CUST-107649,4,22.4,0,2,Onboarding Help
CUST-107650,3,47.8,0,1,Billing Inquiry
CUST-107651,0,0.0,0,,None
CUST-107652,1,47.2,0,1,Billing Inquiry
CUST-107653,0,0.0,0,,None
CUST-107654,0,0.0,0,,None
CUST-107655,2,56.9,1,2,Technical Bug
CUST-107656,2,4.8,0,5,Billing Inquiry
CUST-107657,2,63.6,0,3,Technical Bug
CUST-107658,3,63.7,0,2,Billing Inquiry
CUST-107659,0,0.0,0,,None
CUST-107660,2,54.5,1,2,Technical Bug
CUST-107661,4,35.2,0,2,Technical Bug
CUST-107662,1,55.3,0,1,Billing Inquiry
CUST-107663,1,3.9,0,4,Onboarding Help
CUST-107664,0,0.0,0,,None
CUST-107665,2,12.5,0,5,Onboarding Help
CUST-107666,1,64.5,0,3,Technical Bug
CUST-107667,1,26.0,0,2,Billing Inquiry
CUST-107668,0,0.0,0,,None
CUST-107669,1,22.9,0,5,Feature Request
CUST-107670,1,12.2,0,2,Feature Request
CUST-107671,0,0.0,0,,None
CUST-107672,0,0.0,0,,None
CUST-107673,0,0.0,0,,None
CUST-107674,1,70.9,1,2,Onboarding Help
CUST-107675,0,0.0,0,,None
CUST-107676,0,0.0,0,,None
CUST-107677,1,44.9,0,1,Feature Request
CUST-107678,0,0.0,0,,None
CUST-107679,0,0.0,0,,None
CUST-107680,1,13.7,0,,Onboarding Help
CUST-107681,2,16.1,0,5,Technical Bug
CUST-107682,3,12.8,0,5,Feature Request
CUST-107683,1,12.8,0,5,Technical Bug
CUST-107684,2,37.6,0,1,Onboarding Help
CUST-107685,3,9.3,0,4,Billing Inquiry
CUST-107686,1,69.7,1,2,Technical Bug
CUST-107687,1,9.6,0,5,Technical Bug
CUST-107688,4,40.7,1,1,Feature Request
CUST-107689,1,16.6,0,2,Technical Bug
CUST-107690,2,48.0,0,3,Feature Request
CUST-107691,0,0.0,0,,None
CUST-107692,0,0.0,0,,None
CUST-107693,0,0.0,0,,None
CUST-107694,1,9.4,0,,Onboarding Help
CUST-107695,3,67.1,1,3,Billing Inquiry
CUST-107696,3,71.7,0,2,Technical Bug
CUST-107697,3,24.2,0,3,Technical Bug
CUST-107698,3,52.6,0,1,Technical Bug
CUST-107699,0,0.0,0,,None
CUST-107700,1,18.8,0,4,Onboarding Help
CUST-107701,1,19.5,0,5,Onboarding Help
CUST-107702,0,0.0,0,,None
CUST-107703,2,63.2,0,3,Technical Bug
CUST-107704,0,0.0,0,,None
CUST-107705,5,56.1,0,1,Technical Bug
CUST-107706,1,5.2,0,4,Technical Bug
CUST-107707,0,0.0,0,,None
CUST-107708,1,10.7,0,5,Technical Bug
CUST-107709,3,59.7,0,3,Technical Bug
CUST-107710,5,57.4,1,2,Feature Request
CUST-107711,1,56.7,0,1,Billing Inquiry
CUST-107712,3,22.1,0,1,Feature Request
CUST-107713,1,17.5,1,1,Feature Request
CUST-107714,1,18.7,0,,Technical Bug
CUST-107715,2,22.5,0,,Onboarding Help
CUST-107716,3,50.3,0,3,Feature Request
CUST-107717,0,0.0,0,,None
CUST-107718,2,60.3,1,3,Onboarding Help
CUST-107719,0,0.0,0,,None
CUST-107720,4,15.1,1,3,Feature Request
CUST-107721,1,21.5,1,2,Billing Inquiry
CUST-107722,1,5.8,0,4,Technical Bug
CUST-107723,2,16.6,0,4,Billing Inquiry
CUST-107724,1,2.8,0,5,Billing Inquiry
CUST-107725,0,0.0,0,,None
CUST-107726,3,22.9,1,1,Onboarding Help
CUST-107727,0,0.0,0,,None
CUST-107728,1,14.7,0,4,Technical Bug
CUST-107729,2,10.5,0,,Technical Bug
CUST-107730,2,45.7,1,2,Technical Bug
CUST-107731,1,5.9,0,4,Onboarding Help
CUST-107732,1,60.2,0,1,Feature Request
CUST-107733,0,0.0,0,,None
CUST-107734,0,0.0,0,,None
CUST-107735,2,49.4,0,3,Technical Bug
CUST-107736,3,19.3,0,1,Billing Inquiry
CUST-107737,1,16.0,0,5,Technical Bug
CUST-107738,2,66.8,1,2,Billing Inquiry
CUST-107739,0,0.0,0,,None
CUST-107740,1,4.8,0,5,Billing Inquiry
CUST-107741,3,68.5,0,1,Billing Inquiry
CUST-107742,1,18.0,0,4,Billing Inquiry
CUST-107743,1,16.6,0,3,Onboarding Help
CUST-107744,0,0.0,0,,None
CUST-107745,0,0.0,0,,None
CUST-107746,1,44.6,1,1,Technical Bug
CUST-107747,4,16.6,1,2,Technical Bug
CUST-107748,1,31.2,1,3,Billing Inquiry
CUST-107749,4,40.2,1,1,Technical Bug
CUST-107750,1,16.0,1,1,Feature Request
CUST-107751,1,31.1,0,2,Technical Bug
CUST-107752,0,0.0,0,,None
CUST-107753,1,15.0,1,2,Technical Bug
CUST-107754,2,22.5,0,4,Feature Request
CUST-107755,0,0.0,0,,None
CUST-107756,1,40.4,0,1,Billing Inquiry
CUST-107757,1,68.6,1,1,Feature Request
CUST-107758,1,17.8,0,,Feature Request
CUST-107759,2,19.0,0,,Technical Bug
CUST-107760,1,64.3,1,2,Feature Request
CUST-107761,0,0.0,0,,None
CUST-107762,1,71.3,1,1,Feature Request
CUST-107763,0,0.0,0,,None
CUST-107764,2,51.2,1,1,Onboarding Help
CUST-107765,3,62.9,1,2,Feature Request
CUST-107766,0,0.0,0,,None
CUST-107767,4,60.9,0,3,Billing Inquiry
CUST-107768,0,0.0,0,,None
CUST-107769,3,56.5,1,1,Billing Inquiry
CUST-107770,1,2.1,0,4,Technical Bug
CUST-107771,2,64.1,0,1,Billing Inquiry
CUST-107772,0,0.0,0,,None
CUST-107773,2,11.4,0,4,Onboarding Help
CUST-107774,5,29.7,0,2,Technical Bug
CUST-107775,1,59.5,1,3,Feature Request
CUST-107776,1,15.6,0,4,Onboarding Help
CUST-107777,2,54.3,1,2,Billing Inquiry
CUST-107778,3,44.8,0,2,Billing Inquiry
CUST-107779,0,0.0,0,,None
CUST-107780,2,58.4,0,1,Billing Inquiry
CUST-107781,0,0.0,0,,None
CUST-107782,0,0.0,0,,None
CUST-107783,3,62.4,0,3,Technical Bug
CUST-107784,3,5.3,0,5,Feature Request
CUST-107785,1,17.1,0,5,Billing Inquiry
CUST-107786,0,0.0,0,,None
CUST-107787,1,71.4,1,3,Onboarding Help
CUST-107788,3,5.8,0,5,Billing Inquiry
CUST-107789,1,3.7,0,4,Billing Inquiry
CUST-107790,0,0.0,0,,None
CUST-107791,0,0.0,0,,None
CUST-107792,2,17.3,0,,Onboarding Help
CUST-107793,4,55.9,1,1,Onboarding Help
CUST-107794,1,62.7,1,2,Technical Bug
CUST-107795,3,35.3,1,1,Billing Inquiry
CUST-107796,0,0.0,0,,None
CUST-107797,3,70.8,1,3,Billing Inquiry
CUST-107798,0,0.0,0,,None
CUST-107799,2,32.0,1,2,Billing Inquiry
CUST-107800,1,27.3,0,2,Technical Bug
CUST-107801,1,10.0,0,5,Technical Bug
CUST-107802,4,13.9,1,3,Feature Request
CUST-107803,5,49.8,1,3,Feature Request
CUST-107804,1,12.6,0,3,Technical Bug
CUST-107805,1,24.6,0,1,Technical Bug
CUST-107806,1,16.5,1,2,Onboarding Help
CUST-107807,1,15.9,0,2,Feature Request
CUST-107808,1,40.9,1,3,Feature Request
CUST-107809,5,59.2,0,2,Technical Bug
CUST-107810,3,26.4,0,3,Onboarding Help
CUST-107811,2,64.0,1,2,Billing Inquiry
CUST-107812,0,0.0,0,,None
CUST-107813,1,15.6,0,2,Feature Request
CUST-107814,0,0.0,0,,None
CUST-107815,3,66.5,0,3,Onboarding Help
CUST-107816,0,0.0,0,,None
CUST-107817,0,0.0,0,,None
CUST-107818,1,47.4,0,1,Onboarding Help
CUST-107819,3,58.5,1,1,Feature Request
CUST-107820,2,65.8,1,3,Feature Request
CUST-107821,0,0.0,0,,None
CUST-107822,1,16.3,0,,Billing Inquiry
CUST-107823,0,0.0,0,,None
CUST-107824,3,29.7,0,3,Technical Bug
CUST-107825,3,20.9,0,1,Technical Bug
CUST-107826,1,35.2,0,2,Feature Request
CUST-107827,1,10.8,0,4,Technical Bug
CUST-107828,0,0.0,0,,None
CUST-107829,2,71.1,0,2,Feature Request
CUST-107830,1,21.9,0,5,Billing Inquiry
CUST-107831,3,20.1,1,1,Onboarding Help
CUST-107832,1,68.6,0,1,Technical Bug
CUST-107833,0,0.0,0,,None
CUST-107834,1,57.6,0,2,Feature Request
CUST-107835,0,0.0,0,,None
CUST-107836,4,25.6,1,2,Onboarding Help
CUST-107837,0,0.0,0,,None
CUST-107838,1,52.4,0,3,Billing Inquiry
CUST-107839,2,42.6,0,1,Onboarding Help
CUST-107840,0,0.0,0,,None
CUST-107841,2,6.1,0,5,Feature Request
CUST-107842,1,23.1,0,5,Billing Inquiry
CUST-107843,1,2.8,0,4,Technical Bug
CUST-107844,2,71.1,1,3,Feature Request
CUST-107845,2,15.4,0,3,Feature Request
CUST-107846,2,70.1,1,1,Billing Inquiry
CUST-107847,3,38.3,1,2,Billing Inquiry
CUST-107848,3,65.3,0,2,Feature Request
CUST-107849,0,0.0,0,,None
CUST-107850,1,10.5,0,,Technical Bug
CUST-107851,0,0.0,0,,None
CUST-107852,0,0.0,0,,None
CUST-107853,2,23.1,0,4,Onboarding Help
CUST-107854,1,21.4,0,5,Billing Inquiry
CUST-107855,0,0.0,0,,None
CUST-107856,1,6.3,0,4,Feature Request
CUST-107857,0,0.0,0,,None
CUST-107858,2,40.4,0,1,Technical Bug
CUST-107859,0,0.0,0,,None
CUST-107860,3,53.1,0,3,Technical Bug
CUST-107861,2,37.3,0,2,Feature Request
CUST-107862,1,55.8,0,3,Billing Inquiry
CUST-107863,1,18.2,0,5,Onboarding Help
CUST-107864,1,47.0,1,1,Technical Bug
CUST-107865,0,0.0,0,,None
CUST-107866,2,55.7,1,2,Technical Bug
CUST-107867,3,13.3,0,4,Technical Bug
CUST-107868,1,17.0,0,4,Onboarding Help
CUST-107869,1,43.1,1,1,Billing Inquiry
CUST-107870,0,0.0,0,,None
CUST-107871,3,29.0,0,1,Billing Inquiry
CUST-107872,3,20.5,0,,Onboarding Help
CUST-107873,0,0.0,0,,None
CUST-107874,1,16.6,0,5,Feature Request
CUST-107875,1,31.0,0,1,Billing Inquiry
CUST-107876,2,42.8,0,1,Feature Request
CUST-107877,4,21.7,1,3,Billing Inquiry
CUST-107878,1,27.2,0,1,Onboarding Help
CUST-107879,0,0.0,0,,None
CUST-107880,1,32.7,0,3,Billing Inquiry
CUST-107881,0,0.0,0,,None
CUST-107882,2,22.1,0,1,Onboarding Help
CUST-107883,1,13.4,1,2,Billing Inquiry
CUST-107884,2,29.2,0,1,Onboarding Help
CUST-107885,4,14.3,0,4,Onboarding Help
CUST-107886,0,0.0,0,,None
CUST-107887,1,23.7,0,1,Technical Bug
CUST-107888,0,0.0,0,,None
CUST-107889,1,69.9,0,2,Onboarding Help
CUST-107890,0,0.0,0,,None
CUST-107891,2,71.4,1,2,Billing Inquiry
CUST-107892,0,0.0,0,,None
CUST-107893,1,4.4,0,4,Technical Bug
CUST-107894,0,0.0,0,,None
CUST-107895,0,0.0,0,,None
CUST-107896,0,0.0,0,,None
CUST-107897,0,0.0,0,,None
CUST-107898,4,24.6,0,3,Onboarding Help
CUST-107899,1,15.2,0,,Feature Request
CUST-107900,3,27.1,0,3,Feature Request
CUST-107901,2,29.5,1,1,Billing Inquiry
CUST-107902,2,6.9,0,,Onboarding Help
CUST-107903,1,57.4,1,2,Onboarding Help
CUST-107904,0,0.0,0,,None
CUST-107905,0,0.0,0,,None
CUST-107906,2,33.9,0,2,Onboarding Help
CUST-107907,2,66.5,1,3,Feature Request
CUST-107908,0,0.0,0,,None
CUST-107909,0,0.0,0,,None
CUST-107910,0,0.0,0,,None
CUST-107911,0,0.0,0,,None
CUST-107912,2,25.2,0,1,Billing Inquiry
CUST-107913,2,53.1,0,1,Technical Bug
CUST-107914,1,28.3,0,3,Billing Inquiry
CUST-107915,5,58.3,1,2,Technical Bug
CUST-107916,1,3.3,0,4,Feature Request
CUST-107917,2,18.8,0,3,Onboarding Help
CUST-107918,0,0.0,0,,None
CUST-107919,1,70.8,1,2,Billing Inquiry
CUST-107920,0,0.0,0,,None
CUST-107921,2,27.0,1,2,Billing Inquiry
CUST-107922,2,9.5,0,5,Billing Inquiry
CUST-107923,0,0.0,0,,None
CUST-107924,1,67.9,0,3,Feature Request
CUST-107925,0,0.0,0,,None
CUST-107926,4,23.2,0,2,Feature Request
CUST-107927,0,0.0,0,,None
CUST-107928,1,30.9,0,1,Billing Inquiry
CUST-107929,1,21.1,0,4,Billing Inquiry
CUST-107930,1,47.2,0,2,Billing Inquiry
CUST-107931,6,47.8,1,1,Onboarding Help
CUST-107932,1,11.6,0,4,Feature Request
CUST-107933,4,18.3,1,1,Billing Inquiry
CUST-107934,2,69.9,1,3,Technical Bug
CUST-107935,2,52.6,1,1,Billing Inquiry
CUST-107936,0,0.0,0,,None
CUST-107937,1,8.8,0,5,Feature Request
CUST-107938,0,0.0,0,,None
CUST-107939,2,36.1,0,1,Billing Inquiry
CUST-107940,1,70.7,1,2,Billing Inquiry
CUST-107941,3,64.3,0,3,Feature Request
CUST-107942,1,6.3,0,5,Technical Bug
CUST-107943,0,0.0,0,,None
CUST-107944,2,21.6,0,4,Technical Bug
CUST-107945,1,23.0,0,,Onboarding Help
CUST-107946,1,39.8,1,3,Onboarding Help
CUST-107947,3,16.4,0,1,Billing Inquiry
CUST-107948,3,13.2,1,3,Onboarding Help
CUST-107949,0,0.0,0,,None
CUST-107950,0,0.0,0,,None
CUST-107951,0,0.0,0,,None
CUST-107952,0,0.0,0,,None
CUST-107953,4,30.6,0,3,Feature Request
CUST-107954,1,57.0,1,3,Feature Request
CUST-107955,1,19.5,0,,Feature Request
CUST-107956,0,0.0,0,,None
CUST-107957,1,62.8,1,1,Billing Inquiry
CUST-107958,1,21.3,1,2,Billing Inquiry
CUST-107959,2,63.9,1,3,Onboarding Help
CUST-107960,3,48.3,0,2,Feature Request
CUST-107961,1,13.8,0,4,Technical Bug
CUST-107962,5,44.8,1,2,Billing Inquiry
CUST-107963,4,42.0,1,3,Billing Inquiry
CUST-107964,1,14.6,0,3,Feature Request
CUST-107965,1,33.5,1,2,Technical Bug
CUST-107966,1,55.3,0,1,Billing Inquiry
CUST-107967,1,57.7,0,3,Onboarding Help
CUST-107968,2,34.2,0,3,Billing Inquiry
CUST-107969,3,23.2,1,3,Onboarding Help
CUST-107970,3,43.1,0,3,Technical Bug
CUST-107971,1,5.8,0,5,Onboarding Help
CUST-107972,2,65.0,1,1,Billing Inquiry
CUST-107973,0,0.0,0,,None
CUST-107974,0,0.0,0,,None
CUST-107975,0,0.0,0,,None
CUST-107976,2,3.9,0,4,Technical Bug
CUST-107977,1,69.4,1,2,Feature Request
CUST-107978,0,0.0,0,,None
CUST-107979,0,0.0,0,,None
CUST-107980,1,5.0,0,4,Onboarding Help
CUST-107981,1,15.7,1,2,Onboarding Help
CUST-107982,4,24.6,1,2,Billing Inquiry
CUST-107983,1,4.2,0,5,Feature Request
CUST-107984,0,0.0,0,,None
CUST-107985,0,0.0,0,,None
CUST-107986,3,29.3,1,3,Feature Request
CUST-107987,0,0.0,0,,None
CUST-107988,1,21.1,0,5,Billing Inquiry
CUST-107989,1,14.3,0,,Technical Bug
CUST-107990,2,36.5,0,1,Feature Request
CUST-107991,0,0.0,0,,None
CUST-107992,1,15.3,0,4,Technical Bug
CUST-107993,1,14.4,0,4,Feature Request
CUST-107994,2,22.4,0,4,Technical Bug
CUST-107995,0,0.0,0,,None
CUST-107996,3,13.6,1,2,Feature Request
CUST-107997,2,31.7,1,3,Onboarding Help
CUST-107998,2,70.3,0,1,Billing Inquiry
CUST-107999,1,23.2,0,4,Billing Inquiry
CUST-108000,3,51.3,0,1,Onboarding Help
CUST-108001,0,0.0,0,,None
CUST-108002,1,33.8,1,1,Onboarding Help
CUST-108003,1,14.5,0,3,Onboarding Help
CUST-108004,1,18.5,1,1,Feature Request
CUST-108005,1,22.3,0,,Feature Request
CUST-108006,1,13.3,0,5,Billing Inquiry
CUST-108007,3,60.9,1,3,Onboarding Help
CUST-108008,0,0.0,0,,None
CUST-108009,1,33.7,1,3,Billing Inquiry
CUST-108010,4,23.5,1,3,Onboarding Help
CUST-108011,1,2.5,0,4,Billing Inquiry
CUST-108012,0,0.0,0,,None
CUST-108013,3,33.6,0,3,Billing Inquiry
CUST-108014,1,48.9,1,3,Onboarding Help
CUST-108015,2,24.2,1,2,Onboarding Help
CUST-108016,3,48.7,0,3,Onboarding Help
CUST-108017,1,17.1,0,4,Technical Bug
CUST-108018,4,62.0,0,2,Billing Inquiry
CUST-108019,3,65.1,0,3,Technical Bug
CUST-108020,1,54.1,1,2,Onboarding Help
CUST-108021,2,12.6,0,2,Onboarding Help
CUST-108022,0,0.0,0,,None
CUST-108023,0,0.0,0,,None
CUST-108024,0,0.0,0,,None
CUST-108025,0,0.0,0,,None
CUST-108026,1,43.7,1,2,Technical Bug
CUST-108027,3,12.2,1,1,Onboarding Help
CUST-108028,1,7.5,0,4,Feature Request
CUST-108029,0,0.0,0,,None
CUST-108030,3,53.9,0,2,Billing Inquiry
CUST-108031,1,56.5,0,1,Onboarding Help
CUST-108032,0,0.0,0,,None
CUST-108033,1,67.5,1,2,Billing Inquiry
CUST-108034,3,19.0,1,2,Billing Inquiry
CUST-108035,2,41.4,0,2,Billing Inquiry
CUST-108036,0,0.0,0,,None
CUST-108037,0,0.0,0,,None
CUST-108038,3,33.5,0,3,Billing Inquiry
CUST-108039,0,0.0,0,,None
CUST-108040,3,70.4,1,3,Onboarding Help
CUST-108041,1,7.5,0,5,Feature Request
CUST-108042,3,15.4,0,2,Feature Request
CUST-108043,1,16.1,0,,Billing Inquiry
CUST-108044,4,29.9,0,2,Billing Inquiry
CUST-108045,3,19.5,1,1,Feature Request
CUST-108046,2,21.0,1,3,Feature Request
CUST-108047,2,46.0,0,1,Technical Bug
CUST-108048,0,0.0,0,,None
CUST-108049,0,0.0,0,,None
CUST-108050,2,9.8,0,4,Feature Request
CUST-108051,1,14.3,0,5,Onboarding Help
CUST-108052,0,0.0,0,,None
CUST-108053,0,0.0,0,,None
CUST-108054,6,60.8,0,1,Onboarding Help
CUST-108055,0,0.0,0,,None
CUST-108056,1,55.9,0,2,Feature Request
CUST-108057,2,30.7,0,2,Feature Request
CUST-108058,0,0.0,0,,None
CUST-108059,1,37.8,1,1,Billing Inquiry
CUST-108060,1,19.1,0,5,Feature Request
CUST-108061,2,13.7,1,2,Technical Bug
CUST-108062,2,52.4,0,2,Feature Request
CUST-108063,2,53.4,0,1,Feature Request
CUST-108064,0,0.0,0,,None
CUST-108065,0,0.0,0,,None
CUST-108066,2,21.2,0,,Technical Bug
CUST-108067,0,0.0,0,,None
CUST-108068,3,57.1,0,2,Onboarding Help
CUST-108069,2,17.2,1,1,Billing Inquiry
CUST-108070,2,24.8,1,3,Technical Bug
CUST-108071,0,0.0,0,,None
CUST-108072,0,0.0,0,,None
CUST-108073,0,0.0,0,,None
CUST-108074,0,0.0,0,,None
CUST-108075,0,0.0,0,,None
CUST-108076,1,21.4,0,4,Onboarding Help
CUST-108077,1,34.2,0,3,Technical Bug
CUST-108078,3,14.0,1,2,Technical Bug
CUST-108079,2,66.7,0,3,Technical Bug
CUST-108080,1,6.1,0,5,Onboarding Help
CUST-108081,0,0.0,0,,None
CUST-108082,0,0.0,0,,None
CUST-108083,1,5.0,0,5,Feature Request
CUST-108084,3,68.4,0,3,Onboarding Help
CUST-108085,1,22.5,0,4,Billing Inquiry
CUST-108086,1,16.3,0,5,Technical Bug
CUST-108087,2,49.4,0,1,Feature Request
CUST-108088,2,19.2,1,1,Onboarding Help
CUST-108089,2,14.4,0,5,Feature Request
CUST-108090,1,6.4,0,4,Technical Bug
CUST-108091,1,44.0,1,3,Technical Bug
CUST-108092,0,0.0,0,,None
CUST-108093,0,0.0,0,,None
CUST-108094,0,0.0,0,,None
CUST-108095,1,20.7,0,5,Onboarding Help
CUST-108096,1,7.8,0,5,Onboarding Help
CUST-108097,1,69.8,0,1,Feature Request
CUST-108098,0,0.0,0,,None
CUST-108099,1,16.2,0,5,Technical Bug
CUST-108100,0,0.0,0,,None
CUST-108101,1,6.2,0,4,Technical Bug
CUST-108102,1,37.9,0,2,Billing Inquiry
CUST-108103,4,65.7,1,1,Technical Bug
CUST-108104,0,0.0,0,,None
CUST-108105,2,21.5,0,5,Feature Request
CUST-108106,1,5.3,0,,Billing Inquiry
CUST-108107,3,37.6,1,1,Feature Request
CUST-108108,5,35.1,0,3,Feature Request
CUST-108109,1,3.8,0,,Feature Request
CUST-108110,1,8.4,0,5,Onboarding Help
CUST-108111,3,3.5,0,4,Technical Bug
CUST-108112,2,41.5,0,1,Technical Bug
CUST-108113,0,0.0,0,,None
CUST-108114,3,4.5,0,5,Billing Inquiry
CUST-108115,3,8.7,0,4,Feature Request
CUST-108116,0,0.0,0,,None
CUST-108117,2,28.9,0,1,Feature Request
CUST-108118,0,0.0,0,,None
CUST-108119,5,51.1,1,3,Billing Inquiry
CUST-108120,4,52.6,0,3,Billing Inquiry
CUST-108121,2,67.8,0,1,Onboarding Help
CUST-108122,2,44.0,0,1,Onboarding Help
CUST-108123,1,11.0,0,4,Onboarding Help
CUST-108124,0,0.0,0,,None
CUST-108125,1,41.5,1,3,Billing Inquiry
CUST-108126,0,0.0,0,,None
CUST-108127,1,8.8,0,5,Onboarding Help
CUST-108128,5,40.7,1,2,Onboarding Help
CUST-108129,1,39.6,0,2,Feature Request
CUST-108130,1,54.8,1,1,Billing Inquiry
CUST-108131,0,0.0,0,,None
CUST-108132,0,0.0,0,,None
CUST-108133,0,0.0,0,,None
CUST-108134,1,10.4,0,5,Technical Bug
CUST-108135,2,47.6,1,1,Feature Request
CUST-108136,1,63.9,1,2,Technical Bug
CUST-108137,1,17.3,0,5,Feature Request
CUST-108138,0,0.0,0,,None
CUST-108139,1,19.5,0,4,Onboarding Help
CUST-108140,1,10.5,0,5,Technical Bug
CUST-108141,4,60.5,0,1,Billing Inquiry
CUST-108142,0,0.0,0,,None
CUST-108143,0,0.0,0,,None
CUST-108144,0,0.0,0,,None
CUST-108145,0,0.0,0,,None
CUST-108146,2,41.1,1,3,Onboarding Help
CUST-108147,0,0.0,0,,None
CUST-108148,1,15.6,1,1,Billing Inquiry
CUST-108149,0,0.0,0,,None
CUST-108150,2,57.7,1,3,Onboarding Help
CUST-108151,1,26.9,0,2,Technical Bug
CUST-108152,3,48.5,0,1,Billing Inquiry
CUST-108153,1,19.0,0,5,Feature Request
CUST-108154,1,15.1,0,,Billing Inquiry
CUST-108155,0,0.0,0,,None
CUST-108156,1,3.6,0,4,Technical Bug
CUST-108157,4,23.7,1,1,Onboarding Help
CUST-108158,1,5.2,0,,Technical Bug
CUST-108159,3,42.2,0,3,Billing Inquiry
CUST-108160,0,0.0,0,,None
CUST-108161,1,44.1,0,1,Billing Inquiry
CUST-108162,1,9.2,0,4,Onboarding Help
CUST-108163,0,0.0,0,,None
CUST-108164,0,0.0,0,,None
CUST-108165,1,26.7,0,1,Technical Bug
CUST-108166,2,43.5,1,2,Technical Bug
CUST-108167,2,27.1,0,3,Billing Inquiry
CUST-108168,1,40.0,0,1,Technical Bug
CUST-108169,0,0.0,0,,None
CUST-108170,2,22.2,0,4,Onboarding Help
CUST-108171,1,25.3,0,2,Onboarding Help
CUST-108172,1,9.9,0,5,Onboarding Help
CUST-108173,3,32.7,0,3,Feature Request
CUST-108174,0,0.0,0,,None
CUST-108175,1,67.7,0,2,Technical Bug
CUST-108176,3,53.7,0,3,Billing Inquiry
CUST-108177,2,67.4,0,3,Onboarding Help
CUST-108178,2,38.2,1,1,Feature Request
CUST-108179,2,66.8,0,2,Billing Inquiry
CUST-108180,1,45.1,1,2,Feature Request
CUST-108181,3,62.8,0,3,Billing Inquiry
CUST-108182,1,52.9,1,1,Onboarding Help
CUST-108183,3,29.2,0,3,Feature Request
CUST-108184,0,0.0,0,,None
CUST-108185,3,27.6,1,1,Feature Request
CUST-108186,2,21.0,0,,Onboarding Help
CUST-108187,2,52.3,1,2,Onboarding Help
CUST-108188,2,12.5,1,3,Feature Request
CUST-108189,2,14.5,1,1,Technical Bug
CUST-108190,2,9.2,0,,Onboarding Help
CUST-108191,1,23.1,0,4,Feature Request
CUST-108192,3,15.9,1,1,Billing Inquiry
CUST-108193,1,13.2,0,4,Billing Inquiry
CUST-108194,3,38.0,1,3,Onboarding Help
CUST-108195,1,18.1,0,4,Feature Request
CUST-108196,2,56.9,0,2,Feature Request
CUST-108197,0,0.0,0,,None
CUST-108198,2,62.2,1,1,Feature Request
CUST-108199,4,42.7,0,2,Billing Inquiry
CUST-108200,1,9.1,0,,Onboarding Help
CUST-108201,4,17.8,1,2,Feature Request
CUST-108202,4,55.5,1,1,Onboarding Help
CUST-108203,0,0.0,0,,None
CUST-108204,0,0.0,0,,None
CUST-108205,0,0.0,0,,None
CUST-108206,3,49.0,0,1,Feature Request
CUST-108207,2,54.2,0,3,Technical Bug
CUST-108208,0,0.0,0,,None
CUST-108209,1,23.3,0,5,Technical Bug
CUST-108210,2,18.5,0,1,Onboarding Help
CUST-108211,0,0.0,0,,None
CUST-108212,2,68.6,1,2,Feature Request
CUST-108213,0,0.0,0,,None
CUST-108214,3,42.0,1,1,Onboarding Help
CUST-108215,1,7.2,0,4,Feature Request
CUST-108216,0,0.0,0,,None
CUST-108217,1,47.3,1,1,Billing Inquiry
CUST-108218,0,0.0,0,,None
CUST-108219,1,53.0,0,3,Technical Bug
CUST-108220,0,0.0,0,,None
CUST-108221,0,0.0,0,,None
CUST-108222,0,0.0,0,,None
CUST-108223,3,3.3,0,5,Billing Inquiry
CUST-108224,2,8.0,0,5,Feature Request
CUST-108225,1,19.5,0,,Technical Bug
CUST-108226,2,3.0,0,,Onboarding Help
CUST-108227,0,0.0,0,,None
CUST-108228,1,67.9,1,3,Technical Bug
CUST-108229,1,22.2,0,5,Feature Request
CUST-108230,0,0.0,0,,None
CUST-108231,0,0.0,0,,None
CUST-108232,1,5.5,0,5,Onboarding Help
CUST-108233,1,13.1,0,5,Feature Request
CUST-108234,0,0.0,0,,None
CUST-108235,2,35.8,1,1,Onboarding Help
CUST-108236,2,20.5,0,5,Onboarding Help
CUST-108237,1,28.2,0,3,Onboarding Help
CUST-108238,3,39.1,1,1,Onboarding Help
CUST-108239,1,21.7,0,4,Technical Bug
CUST-108240,1,13.2,0,4,Technical Bug
CUST-108241,4,69.1,0,3,Billing Inquiry
CUST-108242,1,11.8,0,4,Onboarding Help
CUST-108243,1,7.0,0,4,Billing Inquiry
CUST-108244,2,39.7,0,1,Technical Bug
CUST-108245,1,2.8,0,5,Onboarding Help
CUST-108246,0,0.0,0,,None
CUST-108247,1,7.4,0,4,Billing Inquiry
CUST-108248,1,7.4,0,5,Onboarding Help
CUST-108249,1,6.5,0,5,Onboarding Help
CUST-108250,1,24.4,0,2,Onboarding Help
CUST-108251,0,0.0,0,,None
CUST-108252,1,70.0,0,1,Onboarding Help
CUST-108253,1,9.1,0,,Feature Request
CUST-108254,1,6.0,0,5,Onboarding Help
CUST-108255,1,4.4,0,,Feature Request
CUST-108256,0,0.0,0,,None
CUST-108257,1,16.9,0,4,Onboarding Help
CUST-108258,0,0.0,0,,None
CUST-108259,3,39.3,1,3,Feature Request
CUST-108260,2,45.8,1,3,Onboarding Help
CUST-108261,0,0.0,0,,None
CUST-108262,3,45.7,0,3,Billing Inquiry
CUST-108263,1,30.2,1,1,Feature Request
CUST-108264,2,3.5,0,5,Feature Request
CUST-108265,0,0.0,0,,None
CUST-108266,2,48.2,0,1,Technical Bug
CUST-108267,1,19.7,0,5,Technical Bug
CUST-108268,0,0.0,0,,None
CUST-108269,1,18.6,1,1,Billing Inquiry
CUST-108270,2,19.8,0,1,Feature Request
CUST-108271,1,12.5,0,4,Technical Bug
CUST-108272,0,0.0,0,,None
CUST-108273,0,0.0,0,,None
CUST-108274,2,55.3,0,2,Technical Bug
CUST-108275,3,27.6,1,3,Onboarding Help
CUST-108276,2,48.8,0,2,Onboarding Help
CUST-108277,2,24.6,0,3,Feature Request
CUST-108278,4,36.3,1,2,Technical Bug
CUST-108279,3,36.0,1,1,Feature Request
CUST-108280,0,0.0,0,,None
CUST-108281,2,18.1,0,1,Feature Request
CUST-108282,0,0.0,0,,None
CUST-108283,3,22.1,0,4,Billing Inquiry
CUST-108284,2,66.1,0,3,Technical Bug
CUST-108285,0,0.0,0,,None
CUST-108286,1,13.1,0,4,Technical Bug
CUST-108287,1,58.0,0,1,Technical Bug
CUST-108288,3,16.5,0,5,Onboarding Help
CUST-108289,1,21.5,0,4,Technical Bug
CUST-108290,0,0.0,0,,None
CUST-108291,1,24.6,1,3,Onboarding Help
CUST-108292,3,68.9,0,3,Feature Request
CUST-108293,3,35.2,0,1,Onboarding Help
CUST-108294,1,46.3,1,1,Feature Request
CUST-108295,5,70.9,0,2,Onboarding Help
CUST-108296,1,24.9,1,2,Billing Inquiry
CUST-108297,1,65.4,0,1,Feature Request
CUST-108298,1,22.4,0,5,Feature Request
CUST-108299,2,25.5,1,2,Feature Request
CUST-108300,2,34.4,0,2,Feature Request
CUST-108301,2,69.4,0,1,Onboarding Help
CUST-108302,2,60.6,0,3,Technical Bug
CUST-108303,1,68.8,1,2,Onboarding Help
CUST-108304,0,0.0,0,,None
CUST-108305,3,24.0,1,2,Billing Inquiry
CUST-108306,2,45.9,1,1,Feature Request
CUST-108307,6,30.4,0,2,Onboarding Help
CUST-108308,1,11.5,0,5,Technical Bug
CUST-108309,1,20.4,0,4,Technical Bug
CUST-108310,1,32.4,0,1,Feature Request
CUST-108311,4,24.9,1,1,Onboarding Help
CUST-108312,1,15.5,0,,Feature Request
CUST-108313,0,0.0,0,,None
CUST-108314,0,0.0,0,,None
CUST-108315,1,16.9,0,1,Billing Inquiry
CUST-108316,1,23.9,0,3,Feature Request
CUST-108317,1,13.5,0,,Onboarding Help
CUST-108318,3,23.6,0,2,Onboarding Help
CUST-108319,1,16.5,0,,Feature Request
CUST-108320,1,31.1,1,2,Billing Inquiry
CUST-108321,1,4.3,0,4,Onboarding Help
CUST-108322,2,29.0,1,3,Feature Request
CUST-108323,0,0.0,0,,None
CUST-108324,0,0.0,0,,None
CUST-108325,0,0.0,0,,None
CUST-108326,0,0.0,0,,None
CUST-108327,1,9.8,0,5,Billing Inquiry
CUST-108328,2,40.7,0,3,Billing Inquiry
CUST-108329,0,0.0,0,,None
CUST-108330,2,39.0,1,2,Feature Request
CUST-108331,0,0.0,0,,None
CUST-108332,0,0.0,0,,None
CUST-108333,0,0.0,0,,None
CUST-108334,1,12.7,0,4,Onboarding Help
CUST-108335,2,27.0,0,2,Feature Request
CUST-108336,3,57.9,1,3,Technical Bug
CUST-108337,1,13.9,0,5,Billing Inquiry
CUST-108338,0,0.0,0,,None
CUST-108339,3,34.2,0,3,Feature Request
CUST-108340,1,27.1,0,2,Billing Inquiry
CUST-108341,0,0.0,0,,None
CUST-108342,2,12.0,0,,Onboarding Help
CUST-108343,2,20.2,0,3,Feature Request
CUST-108344,0,0.0,0,,None
CUST-108345,2,23.0,1,1,Onboarding Help
CUST-108346,2,45.1,0,1,Technical Bug
CUST-108347,1,34.4,0,2,Billing Inquiry
CUST-108348,2,20.1,1,2,Technical Bug
CUST-108349,0,0.0,0,,None
CUST-108350,3,40.0,0,2,Billing Inquiry
CUST-108351,0,0.0,0,,None
CUST-108352,1,32.7,0,3,Feature Request
CUST-108353,1,51.0,0,3,Technical Bug
CUST-108354,2,59.4,1,2,Billing Inquiry
CUST-108355,1,5.9,0,4,Technical Bug
CUST-108356,3,53.2,0,1,Billing Inquiry
CUST-108357,3,18.6,0,4,Billing Inquiry
CUST-108358,2,65.6,0,2,Billing Inquiry
CUST-108359,1,9.4,0,5,Feature Request
CUST-108360,2,6.3,0,5,Feature Request
CUST-108361,2,60.8,0,2,Onboarding Help
CUST-108362,0,0.0,0,,None
CUST-108363,1,64.3,1,3,Onboarding Help
CUST-108364,1,43.2,1,1,Billing Inquiry
CUST-108365,0,0.0,0,,None
CUST-108366,3,42.8,1,1,Feature Request
CUST-108367,2,63.6,1,1,Onboarding Help
CUST-108368,3,2.8,0,,Onboarding Help
CUST-108369,1,5.1,0,5,Onboarding Help
CUST-108370,1,50.8,1,1,Onboarding Help
CUST-108371,1,33.1,1,3,Technical Bug
CUST-108372,0,0.0,0,,None
CUST-108373,0,0.0,0,,None
CUST-108374,0,0.0,0,,None
CUST-108375,1,13.6,0,5,Feature Request
CUST-108376,1,63.0,0,1,Billing Inquiry
CUST-108377,1,12.9,0,,Feature Request
CUST-108378,1,19.3,0,,Billing Inquiry
CUST-108379,1,10.9,0,4,Feature Request
CUST-108380,2,45.6,0,3,Feature Request
CUST-108381,0,0.0,0,,None
CUST-108382,0,0.0,0,,None
CUST-108383,4,43.2,0,1,Billing Inquiry
CUST-108384,2,15.3,0,,Technical Bug
CUST-108385,0,0.0,0,,None
CUST-108386,2,41.9,1,1,Technical Bug
CUST-108387,0,0.0,0,,None
CUST-108388,1,46.8,0,3,Billing Inquiry
CUST-108389,3,27.3,0,3,Technical Bug
CUST-108390,3,44.3,0,1,Feature Request
CUST-108391,2,21.6,0,2,Billing Inquiry
CUST-108392,1,68.0,1,3,Billing Inquiry
CUST-108393,1,17.0,0,5,Onboarding Help
CUST-108394,1,17.5,0,5,Feature Request
CUST-108395,1,6.4,0,5,Billing Inquiry
CUST-108396,0,0.0,0,,None
CUST-108397,1,68.6,0,1,Technical Bug
CUST-108398,0,0.0,0,,None
CUST-108399,1,48.5,0,3,Feature Request
CUST-108400,0,0.0,0,,None
CUST-108401,2,17.0,0,4,Feature Request
CUST-108402,2,20.5,0,4,Onboarding Help
CUST-108403,1,19.2,0,,Onboarding Help
CUST-108404,1,55.1,1,1,Onboarding Help
CUST-108405,0,0.0,0,,None
CUST-108406,0,0.0,0,,None
CUST-108407,4,23.2,0,2,Feature Request
CUST-108408,3,68.1,1,2,Billing Inquiry
CUST-108409,0,0.0,0,,None
CUST-108410,1,6.7,0,4,Billing Inquiry
CUST-108411,0,0.0,0,,None
CUST-108412,1,20.1,0,5,Feature Request
CUST-108413,0,0.0,0,,None
CUST-108414,3,34.8,0,3,Feature Request
CUST-108415,2,46.6,1,2,Technical Bug
CUST-108416,0,0.0,0,,None
CUST-108417,0,0.0,0,,None
CUST-108418,2,50.5,1,1,Feature Request
CUST-108419,1,71.2,0,3,Billing Inquiry
CUST-108420,3,22.3,0,1,Technical Bug
CUST-108421,2,55.1,0,1,Billing Inquiry
CUST-108422,1,4.5,0,4,Technical Bug
CUST-108423,3,5.8,0,4,Billing Inquiry
CUST-108424,5,56.5,0,1,Onboarding Help
CUST-108425,0,0.0,0,,None
CUST-108426,0,0.0,0,,None
CUST-108427,0,0.0,0,,None
CUST-108428,2,9.0,0,,Billing Inquiry
CUST-108429,1,14.0,0,1,Onboarding Help
CUST-108430,2,3.8,0,4,Onboarding Help
CUST-108431,0,0.0,0,,None
CUST-108432,1,17.4,0,,Billing Inquiry
CUST-108433,2,15.8,0,5,Feature Request
CUST-108434,1,4.4,0,5,Billing Inquiry
CUST-108435,0,0.0,0,,None
CUST-108436,0,0.0,0,,None
CUST-108437,2,71.1,0,1,Technical Bug
CUST-108438,2,31.0,0,1,Billing Inquiry
CUST-108439,0,0.0,0,,None
CUST-108440,1,43.1,1,2,Billing Inquiry
CUST-108441,1,64.3,1,3,Feature Request
CUST-108442,0,0.0,0,,None
CUST-108443,3,26.9,1,2,Technical Bug
CUST-108444,3,37.2,1,2,Onboarding Help
CUST-108445,0,0.0,0,,None
CUST-108446,0,0.0,0,,None
CUST-108447,0,0.0,0,,None
CUST-108448,2,13.0,0,2,Onboarding Help
CUST-108449,2,66.7,1,2,Technical Bug
CUST-108450,2,22.9,0,5,Technical Bug
CUST-108451,2,66.6,0,2,Onboarding Help
CUST-108452,3,23.0,0,4,Onboarding Help
CUST-108453,1,52.7,0,3,Technical Bug
CUST-108454,0,0.0,0,,None
CUST-108455,1,26.9,0,1,Billing Inquiry
CUST-108456,2,54.5,1,1,Technical Bug
CUST-108457,3,23.6,0,1,Feature Request
CUST-108458,1,34.5,0,1,Billing Inquiry
CUST-108459,1,11.1,0,,Technical Bug
CUST-108460,1,4.2,0,,Billing Inquiry
CUST-108461,0,0.0,0,,None
CUST-108462,0,0.0,0,,None
CUST-108463,1,11.3,0,5,Onboarding Help
CUST-108464,3,33.2,0,2,Technical Bug
CUST-108465,2,40.4,1,1,Feature Request
CUST-108466,3,25.0,1,1,Onboarding Help
CUST-108467,0,0.0,0,,None
CUST-108468,0,0.0,0,,None
CUST-108469,1,20.9,0,5,Technical Bug
CUST-108470,2,43.3,1,1,Technical Bug
CUST-108471,0,0.0,0,,None
CUST-108472,0,0.0,0,,None
CUST-108473,5,55.1,0,2,Technical Bug
CUST-108474,4,31.9,1,3,Technical Bug
CUST-108475,0,0.0,0,,None
CUST-108476,1,5.0,0,4,Technical Bug
CUST-108477,0,0.0,0,,None
CUST-108478,1,59.4,0,2,Technical Bug
CUST-108479,1,23.4,0,2,Onboarding Help
CUST-108480,0,0.0,0,,None
CUST-108481,3,15.7,0,4,Feature Request
CUST-108482,1,45.6,0,2,Feature Request
CUST-108483,3,44.1,1,2,Technical Bug
CUST-108484,0,0.0,0,,None
CUST-108485,4,22.0,0,4,Feature Request
CUST-108486,1,46.7,1,2,Technical Bug
CUST-108487,3,61.7,0,1,Onboarding Help
CUST-108488,4,60.5,0,1,Onboarding Help
CUST-108489,1,6.3,0,4,Feature Request
CUST-108490,1,21.0,0,5,Technical Bug
CUST-108491,2,55.8,0,2,Billing Inquiry
CUST-108492,2,15.8,0,1,Billing Inquiry
CUST-108493,6,19.3,1,1,Billing Inquiry
CUST-108494,0,0.0,0,,None
CUST-108495,2,21.3,1,2,Technical Bug
CUST-108496,1,30.2,0,3,Feature Request
CUST-108497,1,35.3,1,2,Feature Request
CUST-108498,1,6.5,0,5,Feature Request
CUST-108499,3,31.6,1,1,Billing Inquiry
CUST-108500,1,9.5,0,5,Feature Request
CUST-108501,1,14.0,0,5,Feature Request
CUST-108502,2,37.4,1,3,Feature Request
CUST-108503,3,50.2,1,1,Billing Inquiry
CUST-108504,1,5.9,0,4,Onboarding Help
CUST-108505,4,57.8,0,3,Feature Request
CUST-108506,0,0.0,0,,None
CUST-108507,2,11.1,0,,Technical Bug
CUST-108508,1,56.1,1,2,Billing Inquiry
CUST-108509,3,13.4,1,1,Technical Bug
CUST-108510,0,0.0,0,,None
CUST-108511,2,65.9,0,2,Onboarding Help
CUST-108512,3,13.4,0,2,Technical Bug
CUST-108513,2,19.3,0,2,Technical Bug
CUST-108514,2,43.3,1,1,Onboarding Help
CUST-108515,2,4.2,0,,Onboarding Help
CUST-108516,2,62.8,0,2,Onboarding Help
CUST-108517,1,26.4,0,3,Billing Inquiry
CUST-108518,1,69.2,1,2,Billing Inquiry
CUST-108519,0,0.0,0,,None
CUST-108520,1,51.6,0,3,Technical Bug
CUST-108521,2,8.5,0,,Feature Request
CUST-108522,0,0.0,0,,None
CUST-108523,2,7.6,0,,Onboarding Help
CUST-108524,6,22.2,0,3,Technical Bug
CUST-108525,1,8.2,0,5,Technical Bug
CUST-108526,0,0.0,0,,None
CUST-108527,2,25.2,0,1,Technical Bug
CUST-108528,2,7.9,0,5,Technical Bug
CUST-108529,0,0.0,0,,None
CUST-108530,0,0.0,0,,None
CUST-108531,1,10.6,0,5,Technical Bug
CUST-108532,0,0.0,0,,None
CUST-108533,5,51.7,1,3,Feature Request
CUST-108534,0,0.0,0,,None
CUST-108535,1,18.7,0,,Technical Bug
CUST-108536,1,15.1,0,5,Onboarding Help
CUST-108537,1,9.6,0,,Technical Bug
CUST-108538,0,0.0,0,,None
CUST-108539,0,0.0,0,,None
CUST-108540,1,51.8,1,2,Technical Bug
CUST-108541,2,51.5,1,3,Onboarding Help
CUST-108542,1,16.4,0,4,Technical Bug
CUST-108543,3,37.9,0,1,Feature Request
CUST-108544,0,0.0,0,,None
CUST-108545,0,0.0,0,,None
CUST-108546,2,22.7,1,3,Feature Request
CUST-108547,0,0.0,0,,None
CUST-108548,1,17.7,0,5,Onboarding Help
CUST-108549,3,58.6,1,3,Feature Request
CUST-108550,1,67.5,1,3,Feature Request
CUST-108551,0,0.0,0,,None
CUST-108552,1,22.4,0,3,Onboarding Help
CUST-108553,4,23.7,0,1,Onboarding Help
CUST-108554,1,70.5,0,2,Technical Bug
CUST-108555,2,53.4,0,2,Feature Request
CUST-108556,1,23.2,1,2,Feature Request
CUST-108557,4,26.2,0,2,Onboarding Help
CUST-108558,3,47.7,0,2,Billing Inquiry
CUST-108559,0,0.0,0,,None
CUST-108560,0,0.0,0,,None
CUST-108561,0,0.0,0,,None
CUST-108562,0,0.0,0,,None
CUST-108563,2,54.7,0,2,Feature Request
CUST-108564,0,0.0,0,,None
CUST-108565,1,15.6,0,,Onboarding Help
CUST-108566,1,64.9,0,3,Feature Request
CUST-108567,2,52.1,1,2,Feature Request
CUST-108568,1,33.1,0,2,Onboarding Help
CUST-108569,2,15.2,0,3,Billing Inquiry
CUST-108570,3,68.3,1,2,Technical Bug
CUST-108571,5,36.9,0,1,Technical Bug
CUST-108572,2,55.8,0,3,Feature Request
CUST-108573,0,0.0,0,,None
CUST-108574,2,11.4,0,5,Feature Request
CUST-108575,0,0.0,0,,None
CUST-108576,2,62.7,0,3,Billing Inquiry
CUST-108577,0,0.0,0,,None
CUST-108578,2,49.5,0,3,Feature Request
CUST-108579,3,31.8,0,3,Onboarding Help
CUST-108580,1,42.2,0,3,Onboarding Help
CUST-108581,2,69.1,0,2,Technical Bug
CUST-108582,2,17.4,1,1,Billing Inquiry
CUST-108583,1,13.4,0,5,Billing Inquiry
CUST-108584,3,12.4,0,4,Feature Request
CUST-108585,1,38.1,0,1,Onboarding Help
CUST-108586,2,53.5,1,3,Onboarding Help
CUST-108587,2,23.3,0,2,Onboarding Help
CUST-108588,1,19.9,0,4,Onboarding Help
CUST-108589,1,19.3,0,4,Onboarding Help
CUST-108590,3,62.9,1,2,Onboarding Help
CUST-108591,3,9.3,0,4,Billing Inquiry
CUST-108592,3,17.6,0,4,Feature Request
CUST-108593,4,11.9,0,4,Technical Bug
CUST-108594,1,22.2,0,3,Technical Bug
CUST-108595,1,9.4,0,4,Technical Bug
CUST-108596,0,0.0,0,,None
CUST-108597,1,21.1,0,,Technical Bug
CUST-108598,0,0.0,0,,None
CUST-108599,2,17.0,0,5,Onboarding Help
CUST-108600,0,0.0,0,,None
CUST-108601,2,66.1,1,1,Onboarding Help
CUST-108602,1,27.1,1,3,Technical Bug
CUST-108603,0,0.0,0,,None
CUST-108604,0,0.0,0,,None
CUST-108605,1,46.9,0,3,Onboarding Help
CUST-108606,0,0.0,0,,None
CUST-108607,1,11.0,0,5,Feature Request
CUST-108608,0,0.0,0,,None
CUST-108609,3,65.9,0,3,Billing Inquiry
CUST-108610,3,69.9,1,3,Onboarding Help
CUST-108611,1,13.6,0,5,Technical Bug
CUST-108612,0,0.0,0,,None
CUST-108613,1,49.4,0,3,Onboarding Help
CUST-108614,2,68.6,0,1,Billing Inquiry
CUST-108615,0,0.0,0,,None
CUST-108616,1,10.0,0,5,Onboarding Help
CUST-108617,1,49.0,0,3,Onboarding Help
CUST-108618,2,13.2,0,5,Billing Inquiry
CUST-108619,2,67.9,0,3,Technical Bug
CUST-108620,0,0.0,0,,None
CUST-108621,3,61.3,0,2,Feature Request
CUST-108622,4,33.3,1,2,Technical Bug
CUST-108623,0,0.0,0,,None
CUST-108624,0,0.0,0,,None
CUST-108625,2,4.7,0,,Onboarding Help
CUST-108626,0,0.0,0,,None
CUST-108627,1,46.0,0,1,Billing Inquiry
CUST-108628,0,0.0,0,,None
CUST-108629,0,0.0,0,,None
CUST-108630,0,0.0,0,,None
CUST-108631,1,15.6,0,5,Technical Bug
CUST-108632,4,21.8,1,2,Feature Request
CUST-108633,2,57.3,1,3,Billing Inquiry
CUST-108634,2,2.1,0,4,Onboarding Help
CUST-108635,2,31.8,1,3,Feature Request
CUST-108636,4,70.6,0,1,Onboarding Help
CUST-108637,0,0.0,0,,None
CUST-108638,0,0.0,0,,None
CUST-108639,3,66.4,0,2,Billing Inquiry
CUST-108640,4,44.0,0,3,Technical Bug
CUST-108641,0,0.0,0,,None
CUST-108642,1,7.7,0,5,Onboarding Help
CUST-108643,1,14.8,0,5,Billing Inquiry
CUST-108644,2,42.4,0,2,Onboarding Help
CUST-108645,0,0.0,0,,None
CUST-108646,0,0.0,0,,None
CUST-108647,1,23.7,0,5,Technical Bug
CUST-108648,1,16.8,0,2,Billing Inquiry
CUST-108649,2,15.9,0,,Technical Bug
CUST-108650,1,7.9,0,4,Billing Inquiry
CUST-108651,5,12.9,0,4,Feature Request
CUST-108652,3,45.9,0,2,Feature Request
CUST-108653,1,13.8,0,5,Feature Request
CUST-108654,1,18.9,0,5,Billing Inquiry
CUST-108655,1,23.4,0,5,Feature Request
CUST-108656,4,62.3,0,1,Onboarding Help
CUST-108657,2,16.7,0,,Billing Inquiry
CUST-108658,1,8.3,0,4,Billing Inquiry
CUST-108659,0,0.0,0,,None
CUST-108660,2,14.8,0,5,Technical Bug
CUST-108661,4,21.6,0,2,Billing Inquiry
CUST-108662,2,11.9,0,4,Feature Request
CUST-108663,1,36.1,0,1,Technical Bug
CUST-108664,1,6.7,0,4,Onboarding Help
CUST-108665,1,22.5,0,5,Technical Bug
CUST-108666,0,0.0,0,,None
CUST-108667,0,0.0,0,,None
CUST-108668,1,2.7,0,5,Billing Inquiry
CUST-108669,1,71.9,1,1,Billing Inquiry
CUST-108670,0,0.0,0,,None
CUST-108671,0,0.0,0,,None
CUST-108672,3,63.8,0,3,Billing Inquiry
CUST-108673,1,67.8,0,2,Billing Inquiry
CUST-108674,1,9.1,0,,Onboarding Help
CUST-108675,3,21.1,0,2,Feature Request
CUST-108676,2,26.4,1,3,Technical Bug
CUST-108677,1,29.4,1,2,Technical Bug
CUST-108678,0,0.0,0,,None
CUST-108679,1,48.5,1,1,Technical Bug
CUST-108680,1,35.8,1,1,Technical Bug
CUST-108681,2,60.8,0,3,Feature Request
CUST-108682,1,12.5,0,5,Technical Bug
CUST-108683,2,38.9,0,3,Technical Bug
CUST-108684,3,40.3,0,2,Technical Bug
CUST-108685,2,9.9,0,,Technical Bug
CUST-108686,3,68.4,1,3,Billing Inquiry
CUST-108687,2,16.0,0,4,Billing Inquiry
CUST-108688,0,0.0,0,,None
CUST-108689,3,2.2,0,4,Onboarding Help
CUST-108690,1,22.0,0,1,Technical Bug
CUST-108691,3,61.2,0,2,Feature Request
CUST-108692,1,15.2,0,2,Onboarding Help
CUST-108693,0,0.0,0,,None
CUST-108694,1,23.3,0,5,Feature Request
CUST-108695,2,53.1,0,1,Onboarding Help
CUST-108696,1,66.7,0,3,Feature Request
CUST-108697,5,28.6,0,2,Feature Request
CUST-108698,1,24.1,0,3,Billing Inquiry
CUST-108699,1,54.4,1,1,Billing Inquiry
CUST-108700,1,5.9,0,4,Billing Inquiry
CUST-108701,2,25.2,1,1,Technical Bug
CUST-108702,2,22.0,0,5,Feature Request
CUST-108703,0,0.0,0,,None
CUST-108704,1,45.7,1,3,Onboarding Help
CUST-108705,0,0.0,0,,None
CUST-108706,1,21.4,0,,Feature Request
CUST-108707,0,0.0,0,,None
CUST-108708,2,34.9,0,1,Onboarding Help
CUST-108709,1,42.7,1,3,Feature Request
CUST-108710,0,0.0,0,,None
CUST-108711,0,0.0,0,,None
CUST-108712,1,38.1,0,1,Feature Request
CUST-108713,0,0.0,0,,None
CUST-108714,2,41.5,0,2,Onboarding Help
CUST-108715,0,0.0,0,,None
CUST-108716,0,0.0,0,,None
CUST-108717,0,0.0,0,,None
CUST-108718,2,40.1,0,1,Feature Request
CUST-108719,1,12.6,0,5,Billing Inquiry
CUST-108720,0,0.0,0,,None
CUST-108721,3,19.4,0,1,Onboarding Help
CUST-108722,0,0.0,0,,None
CUST-108723,0,0.0,0,,None
CUST-108724,3,41.1,1,2,Technical Bug
CUST-108725,3,16.2,1,3,Billing Inquiry
CUST-108726,5,16.8,1,1,Onboarding Help
CUST-108727,1,12.8,0,5,Feature Request
CUST-108728,3,28.0,0,1,Feature Request
CUST-108729,0,0.0,0,,None
CUST-108730,1,54.5,1,3,Onboarding Help
CUST-108731,0,0.0,0,,None
CUST-108732,2,13.1,0,,Feature Request
CUST-108733,0,0.0,0,,None
CUST-108734,2,55.4,1,1,Feature Request
CUST-108735,0,0.0,0,,None
CUST-108736,3,20.5,0,4,Billing Inquiry
CUST-108737,1,29.7,1,3,Technical Bug
CUST-108738,3,41.9,1,3,Feature Request
CUST-108739,0,0.0,0,,None
CUST-108740,1,19.8,0,3,Billing Inquiry
CUST-108741,4,51.6,0,1,Feature Request
CUST-108742,0,0.0,0,,None
CUST-108743,1,23.7,0,,Billing Inquiry
CUST-108744,0,0.0,0,,None
CUST-108745,1,70.2,0,2,Feature Request
CUST-108746,1,35.4,0,2,Billing Inquiry
CUST-108747,1,57.2,0,2,Technical Bug
CUST-108748,2,41.9,0,1,Onboarding Help
CUST-108749,2,33.9,0,3,Technical Bug
CUST-108750,0,0.0,0,,None
CUST-108751,1,71.3,0,1,Technical Bug
CUST-108752,1,59.9,0,2,Feature Request
CUST-108753,1,18.1,0,2,Billing Inquiry
CUST-108754,3,24.0,1,2,Onboarding Help
CUST-108755,1,17.2,1,2,Technical Bug
CUST-108756,0,0.0,0,,None
CUST-108757,1,9.1,0,5,Feature Request
CUST-108758,1,15.5,0,4,Billing Inquiry
CUST-108759,0,0.0,0,,None
CUST-108760,4,9.7,0,5,Onboarding Help
CUST-108761,3,26.0,0,2,Feature Request
CUST-108762,3,18.0,0,,Onboarding Help
CUST-108763,1,17.2,0,5,Technical Bug
CUST-108764,3,25.9,1,2,Technical Bug
CUST-108765,0,0.0,0,,None
CUST-108766,1,44.0,1,3,Feature Request
CUST-108767,1,21.8,0,4,Feature Request
CUST-108768,2,18.8,0,,Onboarding Help
CUST-108769,0,0.0,0,,None
CUST-108770,1,13.9,1,1,Feature Request
CUST-108771,1,70.8,1,1,Onboarding Help
CUST-108772,2,44.6,0,2,Onboarding Help
CUST-108773,2,7.2,0,4,Onboarding Help
CUST-108774,1,13.5,0,4,Feature Request
CUST-108775,0,0.0,0,,None
CUST-108776,1,8.5,0,4,Onboarding Help
CUST-108777,0,0.0,0,,None
CUST-108778,0,0.0,0,,None
CUST-108779,0,0.0,0,,None
CUST-108780,0,0.0,0,,None
CUST-108781,2,40.9,1,1,Technical Bug
CUST-108782,3,13.2,0,2,Feature Request
CUST-108783,3,65.6,0,3,Feature Request
CUST-108784,1,66.5,1,2,Billing Inquiry
CUST-108785,1,30.6,0,1,Feature Request
CUST-108786,0,0.0,0,,None
CUST-108787,4,46.0,0,2,Technical Bug
CUST-108788,2,54.2,1,3,Technical Bug
CUST-108789,0,0.0,0,,None
CUST-108790,0,0.0,0,,None
CUST-108791,2,36.1,0,2,Billing Inquiry
CUST-108792,0,0.0,0,,None
CUST-108793,6,30.1,1,1,Onboarding Help
CUST-108794,2,29.6,1,3,Billing Inquiry
CUST-108795,3,12.4,0,2,Feature Request
CUST-108796,1,16.2,0,5,Billing Inquiry
CUST-108797,0,0.0,0,,None
CUST-108798,0,0.0,0,,None
CUST-108799,1,14.8,1,1,Onboarding Help
CUST-108800,5,21.4,1,2,Onboarding Help
CUST-108801,3,33.6,0,1,Billing Inquiry
CUST-108802,2,39.2,0,2,Billing Inquiry
CUST-108803,1,50.5,1,3,Feature Request
CUST-108804,2,21.9,0,1,Feature Request
CUST-108805,1,23.3,0,4,Technical Bug
CUST-108806,0,0.0,0,,None
CUST-108807,0,0.0,0,,None
CUST-108808,5,41.3,0,3,Billing Inquiry
CUST-108809,1,17.9,0,5,Feature Request
CUST-108810,3,55.2,1,2,Feature Request
CUST-108811,1,16.0,0,5,Technical Bug
CUST-108812,3,15.2,0,1,Onboarding Help
CUST-108813,1,20.1,0,4,Onboarding Help
CUST-108814,1,2.0,0,,Onboarding Help
CUST-108815,0,0.0,0,,None
CUST-108816,1,9.9,0,5,Technical Bug
CUST-108817,0,0.0,0,,None
CUST-108818,1,60.0,1,1,Technical Bug
CUST-108819,1,50.4,0,1,Feature Request
CUST-108820,2,17.2,0,,Billing Inquiry
CUST-108821,3,16.7,0,1,Technical Bug
CUST-108822,1,3.4,0,4,Onboarding Help
CUST-108823,0,0.0,0,,None
CUST-108824,0,0.0,0,,None
CUST-108825,1,55.8,1,1,Onboarding Help
CUST-108826,2,69.6,0,1,Billing Inquiry
CUST-108827,1,25.9,0,2,Onboarding Help
CUST-108828,0,0.0,0,,None
CUST-108829,0,0.0,0,,None
CUST-108830,0,0.0,0,,None
CUST-108831,0,0.0,0,,None
CUST-108832,0,0.0,0,,None
CUST-108833,0,0.0,0,,None
CUST-108834,1,54.8,1,1,Billing Inquiry
CUST-108835,2,14.1,0,,Technical Bug
CUST-108836,1,34.1,0,1,Feature Request
CUST-108837,2,11.3,0,5,Feature Request
CUST-108838,1,5.9,0,5,Technical Bug
CUST-108839,0,0.0,0,,None
CUST-108840,3,59.4,1,2,Onboarding Help
CUST-108841,0,0.0,0,,None
CUST-108842,1,47.1,0,2,Onboarding Help
CUST-108843,2,38.8,1,2,Technical Bug
CUST-108844,0,0.0,0,,None
CUST-108845,0,0.0,0,,None
CUST-108846,0,0.0,0,,None
CUST-108847,3,24.8,1,2,Feature Request
CUST-108848,1,53.9,0,2,Technical Bug
CUST-108849,1,16.2,0,2,Technical Bug
CUST-108850,1,16.0,1,3,Billing Inquiry
CUST-108851,2,64.4,1,3,Onboarding Help
CUST-108852,4,33.3,0,1,Billing Inquiry
CUST-108853,1,10.0,0,5,Billing Inquiry
CUST-108854,2,69.7,0,3,Feature Request
CUST-108855,1,43.8,0,3,Technical Bug
CUST-108856,0,0.0,0,,None
CUST-108857,4,32.6,1,2,Onboarding Help
CUST-108858,2,12.9,0,4,Onboarding Help
CUST-108859,3,32.7,0,1,Onboarding Help
CUST-108860,2,43.0,0,2,Onboarding Help
CUST-108861,3,52.8,1,1,Onboarding Help
CUST-108862,2,15.6,0,5,Onboarding Help
CUST-108863,1,66.9,1,2,Technical Bug
CUST-108864,2,22.3,0,3,Billing Inquiry
CUST-108865,1,26.4,1,2,Billing Inquiry
CUST-108866,2,18.2,1,2,Onboarding Help
CUST-108867,4,40.2,1,2,Technical Bug
CUST-108868,2,42.4,1,1,Technical Bug
CUST-108869,1,19.3,0,4,Feature Request
CUST-108870,3,12.3,0,3,Feature Request
CUST-108871,0,0.0,0,,None
CUST-108872,0,0.0,0,,None
CUST-108873,0,0.0,0,,None
CUST-108874,0,0.0,0,,None
CUST-108875,1,15.9,0,5,Onboarding Help
CUST-108876,2,4.4,0,5,Feature Request
CUST-108877,4,12.3,0,3,Billing Inquiry
CUST-108878,2,22.9,0,5,Onboarding Help
CUST-108879,1,64.5,0,2,Feature Request
CUST-108880,1,49.3,0,1,Feature Request
CUST-108881,0,0.0,0,,None
CUST-108882,2,63.0,0,2,Feature Request
CUST-108883,1,59.9,0,3,Onboarding Help
CUST-108884,3,38.3,0,3,Billing Inquiry
CUST-108885,3,17.0,0,3,Feature Request
CUST-108886,2,32.2,0,2,Feature Request
CUST-108887,1,8.3,0,5,Onboarding Help
CUST-108888,1,9.2,0,5,Billing Inquiry
CUST-108889,1,23.7,0,,Technical Bug
CUST-108890,0,0.0,0,,None
CUST-108891,1,8.1,0,5,Onboarding Help
CUST-108892,1,10.6,0,4,Billing Inquiry
CUST-108893,2,28.5,1,1,Billing Inquiry
CUST-108894,0,0.0,0,,None
CUST-108895,2,20.4,0,5,Onboarding Help
CUST-108896,0,0.0,0,,None
CUST-108897,1,14.6,0,5,Billing Inquiry
CUST-108898,0,0.0,0,,None
CUST-108899,2,15.6,0,4,Feature Request
CUST-108900,3,54.2,0,1,Onboarding Help
CUST-108901,1,17.6,0,2,Billing Inquiry
CUST-108902,2,31.0,0,1,Technical Bug
CUST-108903,0,0.0,0,,None
CUST-108904,0,0.0,0,,None
CUST-108905,3,49.4,1,2,Billing Inquiry
CUST-108906,1,37.6,1,2,Onboarding Help
CUST-108907,1,19.2,0,4,Billing Inquiry
CUST-108908,3,23.4,1,2,Onboarding Help
CUST-108909,0,0.0,0,,None
CUST-108910,4,52.3,0,1,Feature Request
CUST-108911,1,2.2,0,,Technical Bug
CUST-108912,0,0.0,0,,None
CUST-108913,2,45.0,0,2,Feature Request
CUST-108914,1,24.0,0,5,Feature Request
CUST-108915,0,0.0,0,,None
CUST-108916,1,12.0,0,5,Technical Bug
CUST-108917,2,57.5,1,3,Technical Bug
CUST-108918,1,29.7,1,1,Billing Inquiry
CUST-108919,1,3.4,0,4,Onboarding Help
CUST-108920,3,56.4,1,2,Billing Inquiry
CUST-108921,2,45.1,0,2,Technical Bug
CUST-108922,1,25.5,0,3,Technical Bug
CUST-108923,0,0.0,0,,None
CUST-108924,1,2.1,0,4,Billing Inquiry
CUST-108925,0,0.0,0,,None
CUST-108926,1,15.6,0,4,Feature Request
CUST-108927,0,0.0,0,,None
CUST-108928,1,26.4,1,3,Feature Request
CUST-108929,2,41.5,1,2,Technical Bug
CUST-108930,2,20.1,0,5,Billing Inquiry
CUST-108931,4,63.0,0,1,Feature Request
CUST-108932,0,0.0,0,,None
CUST-108933,1,14.4,0,5,Technical Bug
CUST-108934,1,20.8,1,3,Billing Inquiry
CUST-108935,1,60.1,0,1,Feature Request
CUST-108936,0,0.0,0,,None
CUST-108937,2,4.7,0,4,Billing Inquiry
CUST-108938,1,65.3,1,1,Onboarding Help
CUST-108939,0,0.0,0,,None
CUST-108940,1,41.3,0,2,Onboarding Help
CUST-108941,1,53.8,1,3,Billing Inquiry
CUST-108942,1,49.5,0,1,Technical Bug
CUST-108943,1,67.1,0,2,Technical Bug
CUST-108944,0,0.0,0,,None
CUST-108945,2,58.4,0,3,Billing Inquiry
CUST-108946,0,0.0,0,,None
CUST-108947,0,0.0,0,,None
CUST-108948,0,0.0,0,,None
CUST-108949,0,0.0,0,,None
CUST-108950,0,0.0,0,,None
CUST-108951,0,0.0,0,,None
CUST-108952,3,26.7,1,3,Feature Request
CUST-108953,0,0.0,0,,None
CUST-108954,2,68.6,1,3,Onboarding Help
CUST-108955,0,0.0,0,,None
CUST-108956,2,5.3,0,,Feature Request
CUST-108957,1,7.3,0,5,Onboarding Help
CUST-108958,0,0.0,0,,None
CUST-108959,0,0.0,0,,None
CUST-108960,0,0.0,0,,None
CUST-108961,1,5.1,0,5,Technical Bug
CUST-108962,2,23.5,0,1,Feature Request
CUST-108963,5,49.5,0,2,Feature Request
CUST-108964,6,16.4,0,3,Onboarding Help
CUST-108965,0,0.0,0,,None
CUST-108966,3,59.4,1,2,Technical Bug
CUST-108967,1,8.5,0,,Feature Request
CUST-108968,1,4.2,0,5,Feature Request
CUST-108969,1,5.2,0,4,Technical Bug
CUST-108970,2,70.6,0,2,Feature Request
CUST-108971,4,24.7,1,1,Billing Inquiry
CUST-108972,1,19.2,0,4,Technical Bug
CUST-108973,3,24.4,0,1,Technical Bug
CUST-108974,0,0.0,0,,None
CUST-108975,0,0.0,0,,None
CUST-108976,2,58.8,0,2,Onboarding Help
CUST-108977,2,64.1,1,1,Feature Request
CUST-108978,1,19.1,0,4,Feature Request
CUST-108979,3,47.3,0,1,Feature Request
CUST-108980,1,39.7,0,1,Onboarding Help
CUST-108981,2,15.2,0,,Onboarding Help
CUST-108982,0,0.0,0,,None
CUST-108983,0,0.0,0,,None
CUST-108984,3,2.8,0,4,Feature Request
CUST-108985,2,23.9,0,3,Feature Request
CUST-108986,0,0.0,0,,None
CUST-108987,5,66.7,1,2,Technical Bug
CUST-108988,0,0.0,0,,None
CUST-108989,1,13.3,0,4,Technical Bug
CUST-108990,3,20.5,0,1,Technical Bug
CUST-108991,1,32.2,1,3,Feature Request
CUST-108992,2,62.0,1,2,Feature Request
CUST-108993,0,0.0,0,,None
CUST-108994,1,2.8,0,5,Billing Inquiry
CUST-108995,3,17.9,0,5,Onboarding Help
CUST-108996,1,8.0,0,,Billing Inquiry
CUST-108997,1,20.0,0,4,Onboarding Help
CUST-108998,1,25.5,1,2,Onboarding Help
CUST-108999,3,12.8,0,3,Feature Request
CUST-109000,1,2.9,0,5,Billing Inquiry
CUST-109001,3,52.5,0,2,Feature Request
CUST-109002,1,23.7,0,5,Onboarding Help
CUST-109003,1,9.8,0,4,Onboarding Help
CUST-109004,0,0.0,0,,None
CUST-109005,2,2.6,0,,Technical Bug
CUST-109006,1,12.6,0,,Onboarding Help
CUST-109007,0,0.0,0,,None
CUST-109008,0,0.0,0,,None
CUST-109009,3,8.7,0,4,Onboarding Help
CUST-109010,1,23.0,1,2,Onboarding Help
CUST-109011,0,0.0,0,,None
CUST-109012,1,62.7,1,3,Feature Request
CUST-109013,1,40.7,1,1,Billing Inquiry
CUST-109014,1,46.3,0,1,Technical Bug
CUST-109015,0,0.0,0,,None
CUST-109016,0,0.0,0,,None
CUST-109017,1,31.7,1,2,Onboarding Help
CUST-109018,1,70.9,0,1,Onboarding Help
CUST-109019,1,20.2,0,5,Feature Request
CUST-109020,2,59.7,1,1,Technical Bug
CUST-109021,2,16.9,0,5,Billing Inquiry
CUST-109022,0,0.0,0,,None
CUST-109023,1,15.7,0,3,Onboarding Help
CUST-109024,3,55.9,1,3,Feature Request
CUST-109025,1,23.1,0,5,Billing Inquiry
CUST-109026,0,0.0,0,,None
CUST-109027,1,51.6,0,2,Onboarding Help
CUST-109028,2,44.7,0,3,Feature Request
CUST-109029,2,16.8,0,5,Onboarding Help
CUST-109030,0,0.0,0,,None
CUST-109031,0,0.0,0,,None
CUST-109032,3,33.0,1,3,Feature Request
CUST-109033,2,44.6,1,2,Onboarding Help
CUST-109034,1,9.6,0,4,Onboarding Help
CUST-109035,0,0.0,0,,None
CUST-109036,1,25.7,0,2,Onboarding Help
CUST-109037,3,14.0,0,1,Billing Inquiry
CUST-109038,0,0.0,0,,None
CUST-109039,0,0.0,0,,None
CUST-109040,0,0.0,0,,None
CUST-109041,1,23.8,0,3,Technical Bug
CUST-109042,1,14.0,0,5,Onboarding Help
CUST-109043,0,0.0,0,,None
CUST-109044,0,0.0,0,,None
CUST-109045,2,53.0,0,2,Billing Inquiry
CUST-109046,2,28.6,0,2,Feature Request
CUST-109047,5,67.6,1,1,Onboarding Help
CUST-109048,5,60.8,0,3,Feature Request
CUST-109049,1,34.7,1,3,Onboarding Help
CUST-109050,1,17.2,0,4,Onboarding Help
CUST-109051,2,40.9,1,1,Onboarding Help
CUST-109052,2,15.3,0,4,Billing Inquiry
CUST-109053,1,49.8,0,1,Feature Request
CUST-109054,3,57.5,0,1,Billing Inquiry
CUST-109055,1,45.0,1,2,Technical Bug
CUST-109056,0,0.0,0,,None
CUST-109057,0,0.0,0,,None
CUST-109058,3,48.7,0,2,Feature Request
CUST-109059,4,69.8,1,1,Technical Bug
CUST-109060,0,0.0,0,,None
CUST-109061,1,9.6,0,4,Billing Inquiry
CUST-109062,4,7.7,0,,Billing Inquiry
CUST-109063,1,30.0,1,3,Feature Request
CUST-109064,2,3.9,0,4,Technical Bug
CUST-109065,3,2.9,0,5,Technical Bug
CUST-109066,0,0.0,0,,None
CUST-109067,1,40.9,1,3,Billing Inquiry
CUST-109068,4,70.4,0,1,Onboarding Help
CUST-109069,0,0.0,0,,None
CUST-109070,3,15.2,0,4,Feature Request
CUST-109071,0,0.0,0,,None
CUST-109072,2,30.6,0,1,Technical Bug
CUST-109073,3,21.4,0,5,Onboarding Help
CUST-109074,3,2.1,0,4,Onboarding Help
CUST-109075,0,0.0,0,,None
CUST-109076,3,40.4,0,1,Feature Request
CUST-109077,1,71.7,0,3,Onboarding Help
CUST-109078,0,0.0,0,,None
CUST-109079,0,0.0,0,,None
CUST-109080,0,0.0,0,,None
CUST-109081,1,67.2,1,3,Onboarding Help
CUST-109082,1,19.2,0,,Feature Request
CUST-109083,2,14.1,0,1,Technical Bug
CUST-109084,2,55.2,0,2,Billing Inquiry
CUST-109085,3,20.1,1,1,Technical Bug
CUST-109086,0,0.0,0,,None
CUST-109087,1,10.1,0,,Feature Request
CUST-109088,2,56.3,0,3,Billing Inquiry
CUST-109089,2,42.7,1,2,Billing Inquiry
CUST-109090,0,0.0,0,,None
CUST-109091,4,20.6,1,3,Feature Request
CUST-109092,1,12.0,0,5,Billing Inquiry
CUST-109093,4,51.7,0,3,Onboarding Help
CUST-109094,2,51.5,1,1,Technical Bug
CUST-109095,2,68.5,0,2,Billing Inquiry
CUST-109096,2,56.6,1,1,Feature Request
CUST-109097,1,19.9,0,4,Technical Bug
CUST-109098,1,17.4,0,4,Feature Request
CUST-109099,0,0.0,0,,None
CUST-109100,1,16.2,0,1,Onboarding Help
CUST-109101,1,3.3,0,5,Onboarding Help
CUST-109102,0,0.0,0,,None
CUST-109103,1,46.6,1,1,Technical Bug
CUST-109104,2,16.0,0,,Onboarding Help
CUST-109105,1,16.2,0,1,Feature Request
CUST-109106,0,0.0,0,,None
CUST-109107,1,12.8,0,5,Onboarding Help
CUST-109108,3,20.8,0,3,Onboarding Help
CUST-109109,1,43.9,0,3,Onboarding Help
CUST-109110,1,22.9,0,4,Technical Bug
CUST-109111,0,0.0,0,,None
CUST-109112,2,44.1,1,3,Technical Bug
CUST-109113,0,0.0,0,,None
CUST-109114,2,18.7,0,4,Billing Inquiry
CUST-109115,0,0.0,0,,None
CUST-109116,2,13.3,1,2,Onboarding Help
CUST-109117,1,20.5,0,5,Technical Bug
CUST-109118,0,0.0,0,,None
CUST-109119,0,0.0,0,,None
CUST-109120,1,2.1,0,5,Billing Inquiry
CUST-109121,2,58.7,1,1,Feature Request
CUST-109122,1,67.9,1,2,Feature Request
CUST-109123,0,0.0,0,,None
CUST-109124,0,0.0,0,,None
CUST-109125,0,0.0,0,,None
CUST-109126,0,0.0,0,,None
CUST-109127,2,62.7,1,2,Technical Bug
CUST-109128,5,50.7,0,3,Feature Request
CUST-109129,2,3.4,0,5,Technical Bug
CUST-109130,4,53.9,1,2,Onboarding Help
CUST-109131,2,25.0,1,3,Feature Request
CUST-109132,0,0.0,0,,None
CUST-109133,1,15.4,1,1,Onboarding Help
CUST-109134,0,0.0,0,,None
CUST-109135,1,4.3,0,4,Technical Bug
CUST-109136,3,15.4,0,3,Technical Bug
CUST-109137,1,26.4,0,3,Feature Request
CUST-109138,3,29.5,1,1,Technical Bug
CUST-109139,3,21.7,0,5,Feature Request
CUST-109140,2,30.4,1,3,Onboarding Help
CUST-109141,1,33.8,1,1,Billing Inquiry
CUST-109142,2,17.3,0,5,Onboarding Help
CUST-109143,3,29.1,0,3,Onboarding Help
CUST-109144,0,0.0,0,,None
CUST-109145,0,0.0,0,,None
CUST-109146,2,14.6,0,4,Technical Bug
CUST-109147,1,50.6,1,3,Technical Bug
CUST-109148,4,35.8,0,2,Feature Request
CUST-109149,2,12.9,0,2,Billing Inquiry
CUST-109150,1,19.2,1,2,Onboarding Help
CUST-109151,1,59.5,0,3,Onboarding Help
CUST-109152,1,12.7,0,5,Billing Inquiry
CUST-109153,1,11.9,0,4,Technical Bug
CUST-109154,2,21.9,0,3,Technical Bug
CUST-109155,2,66.5,0,3,Billing Inquiry
CUST-109156,2,59.5,1,2,Billing Inquiry
CUST-109157,3,36.8,1,1,Feature Request
CUST-109158,0,0.0,0,,None
CUST-109159,5,58.3,0,2,Onboarding Help
CUST-109160,1,8.3,0,5,Billing Inquiry
CUST-109161,3,20.1,0,3,Onboarding Help
CUST-109162,0,0.0,0,,None
CUST-109163,1,21.4,0,5,Onboarding Help
CUST-109164,0,0.0,0,,None
CUST-109165,0,0.0,0,,None
CUST-109166,2,52.5,1,3,Technical Bug
CUST-109167,1,47.3,0,3,Feature Request
CUST-109168,1,13.4,0,4,Feature Request
CUST-109169,0,0.0,0,,None
CUST-109170,0,0.0,0,,None
CUST-109171,3,51.9,1,2,Technical Bug
CUST-109172,1,21.8,0,4,Feature Request
CUST-109173,4,14.4,0,1,Billing Inquiry
CUST-109174,1,37.8,0,1,Technical Bug
CUST-109175,3,54.1,1,3,Feature Request
CUST-109176,4,42.9,1,2,Onboarding Help
CUST-109177,0,0.0,0,,None
CUST-109178,2,22.5,0,5,Technical Bug
CUST-109179,1,43.2,0,3,Technical Bug
CUST-109180,1,23.5,1,2,Feature Request
CUST-109181,1,54.1,0,3,Feature Request
CUST-109182,0,0.0,0,,None
CUST-109183,2,63.3,0,3,Technical Bug
CUST-109184,1,46.2,1,1,Onboarding Help
CUST-109185,2,2.4,0,5,Onboarding Help
CUST-109186,0,0.0,0,,None
CUST-109187,2,20.0,0,4,Onboarding Help
CUST-109188,1,6.3,0,5,Feature Request
CUST-109189,1,58.4,0,2,Feature Request
CUST-109190,1,68.5,0,3,Billing Inquiry
CUST-109191,2,65.4,1,2,Technical Bug
CUST-109192,1,16.9,0,5,Technical Bug
CUST-109193,2,8.3,0,5,Billing Inquiry
CUST-109194,0,0.0,0,,None
CUST-109195,1,18.3,0,4,Billing Inquiry
CUST-109196,1,62.4,0,3,Billing Inquiry
CUST-109197,2,5.8,0,5,Feature Request
CUST-109198,0,0.0,0,,None
CUST-109199,3,14.2,1,1,Technical Bug
CUST-109200,1,10.3,0,4,Onboarding Help
CUST-109201,3,63.7,0,2,Onboarding Help
CUST-109202,2,26.0,0,3,Feature Request
CUST-109203,0,0.0,0,,None
CUST-109204,2,5.5,0,5,Feature Request
CUST-109205,1,50.6,0,3,Feature Request
CUST-109206,2,66.5,1,1,Feature Request
CUST-109207,2,55.6,0,3,Feature Request
CUST-109208,1,23.4,0,,Onboarding Help
CUST-109209,0,0.0,0,,None
CUST-109210,2,44.6,0,3,Feature Request
CUST-109211,3,37.2,0,3,Billing Inquiry
CUST-109212,2,26.9,0,2,Technical Bug
CUST-109213,0,0.0,0,,None
CUST-109214,0,0.0,0,,None
CUST-109215,0,0.0,0,,None
CUST-109216,2,36.3,0,1,Onboarding Help
CUST-109217,3,40.9,0,3,Feature Request
CUST-109218,0,0.0,0,,None
CUST-109219,1,10.0,0,5,Billing Inquiry
CUST-109220,1,17.2,0,5,Onboarding Help
CUST-109221,0,0.0,0,,None
CUST-109222,4,29.1,1,3,Feature Request
CUST-109223,1,30.0,0,3,Onboarding Help
CUST-109224,1,57.8,1,3,Onboarding Help
CUST-109225,0,0.0,0,,None
CUST-109226,1,24.0,0,3,Technical Bug
CUST-109227,0,0.0,0,,None
CUST-109228,4,69.2,0,2,Technical Bug
CUST-109229,0,0.0,0,,None
CUST-109230,2,67.3,0,3,Feature Request
CUST-109231,1,16.9,0,4,Technical Bug
CUST-109232,1,11.3,0,4,Billing Inquiry
CUST-109233,1,32.4,0,1,Feature Request
CUST-109234,1,11.6,0,5,Technical Bug
CUST-109235,2,13.3,0,4,Onboarding Help
CUST-109236,2,21.2,0,5,Feature Request
CUST-109237,0,0.0,0,,None
CUST-109238,0,0.0,0,,None
CUST-109239,0,0.0,0,,None
CUST-109240,1,22.4,0,4,Onboarding Help
CUST-109241,2,23.8,0,5,Billing Inquiry
CUST-109242,0,0.0,0,,None
CUST-109243,1,12.2,0,4,Feature Request
CUST-109244,1,12.2,0,5,Onboarding Help
CUST-109245,2,14.9,0,4,Feature Request
CUST-109246,3,14.6,0,5,Feature Request
CUST-109247,2,40.5,1,2,Technical Bug
CUST-109248,0,0.0,0,,None
CUST-109249,4,24.6,0,1,Feature Request
CUST-109250,1,19.6,0,4,Onboarding Help
CUST-109251,3,21.9,1,2,Technical Bug
CUST-109252,0,0.0,0,,None
CUST-109253,2,58.1,0,3,Feature Request
CUST-109254,1,59.3,0,3,Billing Inquiry
CUST-109255,0,0.0,0,,None
CUST-109256,4,27.6,0,2,Billing Inquiry
CUST-109257,0,0.0,0,,None
CUST-109258,3,56.9,1,2,Billing Inquiry
CUST-109259,1,13.2,0,5,Onboarding Help
CUST-109260,0,0.0,0,,None
CUST-109261,0,0.0,0,,None
CUST-109262,4,67.7,0,2,Technical Bug
CUST-109263,1,13.4,0,4,Onboarding Help
CUST-109264,2,49.7,0,1,Feature Request
CUST-109265,0,0.0,0,,None
CUST-109266,2,39.2,1,1,Feature Request
CUST-109267,1,21.0,0,1,Technical Bug
CUST-109268,1,28.3,1,1,Feature Request
CUST-109269,3,53.7,0,1,Feature Request
CUST-109270,2,20.0,0,5,Feature Request
CUST-109271,3,18.1,1,2,Billing Inquiry
CUST-109272,2,45.4,0,1,Billing Inquiry
CUST-109273,5,62.8,0,3,Billing Inquiry
CUST-109274,1,57.3,0,3,Billing Inquiry
CUST-109275,1,12.3,0,5,Onboarding Help
CUST-109276,1,32.5,0,3,Feature Request
CUST-109277,2,62.3,1,1,Technical Bug
CUST-109278,3,31.1,1,1,Billing Inquiry
CUST-109279,1,13.4,0,4,Onboarding Help
CUST-109280,3,57.1,0,1,Technical Bug
CUST-109281,0,0.0,0,,None
CUST-109282,1,9.5,0,,Billing Inquiry
CUST-109283,0,0.0,0,,None
CUST-109284,2,43.0,1,2,Onboarding Help
CUST-109285,1,6.5,0,5,Feature Request
CUST-109286,0,0.0,0,,None
CUST-109287,1,50.0,0,3,Billing Inquiry
CUST-109288,0,0.0,0,,None
CUST-109289,4,27.2,1,1,Technical Bug
CUST-109290,1,53.9,0,3,Onboarding Help
CUST-109291,3,56.1,1,2,Billing Inquiry
CUST-109292,2,67.4,1,1,Onboarding Help
CUST-109293,1,26.3,1,1,Billing Inquiry
CUST-109294,2,13.5,0,,Technical Bug
CUST-109295,3,62.1,1,3,Billing Inquiry
CUST-109296,1,14.7,0,2,Feature Request
CUST-109297,0,0.0,0,,None
CUST-109298,2,27.4,0,1,Billing Inquiry
CUST-109299,1,21.7,1,2,Technical Bug
CUST-109300,1,18.4,0,,Billing Inquiry
CUST-109301,3,15.7,0,1,Technical Bug
CUST-109302,0,0.0,0,,None
CUST-109303,3,35.4,1,3,Feature Request
CUST-109304,0,0.0,0,,None
CUST-109305,1,4.4,0,,Technical Bug
CUST-109306,1,66.0,0,2,Feature Request
CUST-109307,3,9.4,0,4,Technical Bug
CUST-109308,1,15.6,0,4,Feature Request
CUST-109309,0,0.0,0,,None
CUST-109310,1,25.4,0,3,Technical Bug
CUST-109311,2,53.2,0,3,Feature Request
CUST-109312,2,18.3,0,,Technical Bug
CUST-109313,2,67.0,0,2,Technical Bug
CUST-109314,2,16.2,0,5,Feature Request
CUST-109315,1,35.8,1,3,Onboarding Help
CUST-109316,7,24.2,0,2,Billing Inquiry
CUST-109317,1,20.2,0,5,Billing Inquiry
CUST-109318,0,0.0,0,,None
CUST-109319,4,24.4,1,3,Feature Request
CUST-109320,1,44.4,0,3,Technical Bug
CUST-109321,1,71.2,1,3,Technical Bug
CUST-109322,1,23.3,0,1,Feature Request
CUST-109323,1,20.5,0,4,Technical Bug
CUST-109324,0,0.0,0,,None
CUST-109325,1,18.6,0,2,Billing Inquiry
CUST-109326,2,19.3,0,5,Onboarding Help
CUST-109327,1,38.0,1,3,Feature Request
CUST-109328,3,29.3,1,3,Feature Request
CUST-109329,1,13.2,1,1,Technical Bug
CUST-109330,1,15.5,0,5,Billing Inquiry
CUST-109331,1,2.9,0,4,Onboarding Help
CUST-109332,4,25.8,1,1,Feature Request
CUST-109333,2,17.0,0,,Billing Inquiry
CUST-109334,2,42.9,1,3,Onboarding Help
CUST-109335,1,49.7,1,1,Feature Request
CUST-109336,3,8.5,0,4,Billing Inquiry
CUST-109337,4,37.4,0,2,Technical Bug
CUST-109338,0,0.0,0,,None
CUST-109339,2,17.5,0,3,Billing Inquiry
CUST-109340,2,70.5,1,1,Onboarding Help
CUST-109341,2,70.8,0,1,Onboarding Help
CUST-109342,3,62.9,1,3,Onboarding Help
CUST-109343,0,0.0,0,,None
CUST-109344,1,2.9,0,4,Onboarding Help
CUST-109345,1,46.5,0,2,Billing Inquiry
CUST-109346,0,0.0,0,,None
CUST-109347,1,6.9,0,5,Feature Request
CUST-109348,2,13.5,0,2,Technical Bug
CUST-109349,1,48.9,1,1,Billing Inquiry
CUST-109350,4,26.9,0,1,Technical Bug
CUST-109351,0,0.0,0,,None
CUST-109352,2,56.2,0,2,Feature Request
CUST-109353,1,12.7,1,2,Feature Request
CUST-109354,2,21.9,0,3,Billing Inquiry
CUST-109355,0,0.0,0,,None
CUST-109356,2,16.3,0,4,Billing Inquiry
CUST-109357,2,65.2,1,3,Technical Bug
CUST-109358,0,0.0,0,,None
CUST-109359,1,45.2,0,3,Onboarding Help
CUST-109360,0,0.0,0,,None
CUST-109361,0,0.0,0,,None
CUST-109362,1,69.6,1,1,Technical Bug
CUST-109363,1,10.0,0,5,Onboarding Help
CUST-109364,3,22.6,1,1,Feature Request
CUST-109365,1,23.7,0,4,Onboarding Help
CUST-109366,1,16.8,0,4,Feature Request
CUST-109367,1,38.6,0,1,Feature Request
CUST-109368,0,0.0,0,,None
CUST-109369,4,58.1,0,2,Billing Inquiry
CUST-109370,4,25.6,0,3,Feature Request
CUST-109371,0,0.0,0,,None
CUST-109372,0,0.0,0,,None
CUST-109373,1,11.9,0,5,Feature Request
CUST-109374,1,13.5,0,4,Technical Bug
CUST-109375,0,0.0,0,,None
CUST-109376,0,0.0,0,,None
CUST-109377,2,24.3,1,3,Onboarding Help
CUST-109378,3,28.7,0,3,Onboarding Help
CUST-109379,8,25.6,0,1,Onboarding Help
CUST-109380,2,22.4,1,1,Technical Bug
CUST-109381,2,12.4,0,4,Technical Bug
CUST-109382,0,0.0,0,,None
CUST-109383,0,0.0,0,,None
CUST-109384,0,0.0,0,,None
CUST-109385,1,16.4,0,4,Billing Inquiry
CUST-109386,2,36.2,1,3,Onboarding Help
CUST-109387,1,52.3,1,3,Billing Inquiry
CUST-109388,2,52.9,1,3,Technical Bug
CUST-109389,2,37.2,1,1,Feature Request
CUST-109390,1,28.6,0,1,Billing Inquiry
CUST-109391,0,0.0,0,,None
CUST-109392,1,47.8,0,2,Onboarding Help
CUST-109393,2,39.5,0,1,Technical Bug
CUST-109394,4,42.4,1,3,Billing Inquiry
CUST-109395,4,21.1,0,2,Onboarding Help
CUST-109396,1,69.4,0,3,Billing Inquiry
CUST-109397,2,45.7,1,3,Technical Bug
CUST-109398,0,0.0,0,,None
CUST-109399,1,16.5,0,4,Feature Request
CUST-109400,2,66.2,0,2,Billing Inquiry
CUST-109401,1,65.9,0,1,Billing Inquiry
CUST-109402,3,23.5,1,3,Onboarding Help
CUST-109403,1,58.2,0,1,Onboarding Help
CUST-109404,0,0.0,0,,None
CUST-109405,2,14.0,0,5,Billing Inquiry
CUST-109406,1,36.5,0,1,Billing Inquiry
CUST-109407,3,48.1,1,1,Feature Request
CUST-109408,0,0.0,0,,None
CUST-109409,1,8.7,0,,Feature Request
CUST-109410,1,50.7,0,1,Technical Bug
CUST-109411,1,17.2,0,4,Feature Request
CUST-109412,3,17.6,0,1,Onboarding Help
CUST-109413,0,0.0,0,,None
CUST-109414,1,7.3,0,5,Billing Inquiry
CUST-109415,1,29.7,1,1,Technical Bug
CUST-109416,2,50.1,0,2,Onboarding Help
CUST-109417,1,3.1,0,5,Billing Inquiry
CUST-109418,0,0.0,0,,None
CUST-109419,4,25.3,0,1,Billing Inquiry
CUST-109420,0,0.0,0,,None
CUST-109421,0,0.0,0,,None
CUST-109422,1,44.1,1,2,Onboarding Help
CUST-109423,1,18.0,0,3,Technical Bug
CUST-109424,2,38.5,1,3,Billing Inquiry
CUST-109425,2,3.2,0,4,Feature Request
CUST-109426,4,34.1,0,1,Technical Bug
CUST-109427,1,10.1,0,4,Technical Bug
CUST-109428,0,0.0,0,,None
CUST-109429,2,51.1,1,1,Technical Bug
CUST-109430,1,33.4,1,2,Feature Request
CUST-109431,0,0.0,0,,None
CUST-109432,1,17.9,1,3,Billing Inquiry
CUST-109433,3,54.4,0,3,Technical Bug
CUST-109434,0,0.0,0,,None
CUST-109435,1,33.9,0,1,Billing Inquiry
CUST-109436,1,50.8,1,2,Onboarding Help
CUST-109437,0,0.0,0,,None
CUST-109438,1,29.2,0,2,Onboarding Help
CUST-109439,3,42.1,1,1,Feature Request
CUST-109440,2,33.1,0,3,Technical Bug
CUST-109441,4,29.2,1,3,Billing Inquiry
CUST-109442,2,11.2,0,5,Onboarding Help
CUST-109443,2,15.0,0,5,Onboarding Help
CUST-109444,3,18.0,0,2,Feature Request
CUST-109445,2,69.7,0,3,Billing Inquiry
CUST-109446,2,14.1,0,5,Feature Request
CUST-109447,0,0.0,0,,None
CUST-109448,0,0.0,0,,None
CUST-109449,2,19.1,0,2,Feature Request
CUST-109450,2,23.5,0,5,Technical Bug
CUST-109451,0,0.0,0,,None
CUST-109452,1,43.7,0,2,Feature Request
CUST-109453,2,2.2,0,5,Billing Inquiry
CUST-109454,0,0.0,0,,None
CUST-109455,0,0.0,0,,None
CUST-109456,0,0.0,0,,None
CUST-109457,3,12.3,0,3,Onboarding Help
CUST-109458,0,0.0,0,,None
CUST-109459,2,5.5,0,,Feature Request
CUST-109460,2,19.4,0,2,Onboarding Help
CUST-109461,2,17.6,0,2,Onboarding Help
CUST-109462,0,0.0,0,,None
CUST-109463,1,44.7,1,1,Feature Request
CUST-109464,1,12.6,0,,Billing Inquiry
CUST-109465,1,15.5,0,4,Onboarding Help
CUST-109466,0,0.0,0,,None
CUST-109467,1,13.0,0,5,Feature Request
CUST-109468,3,15.1,0,1,Feature Request
CUST-109469,1,18.4,0,4,Billing Inquiry
CUST-109470,2,57.5,0,1,Feature Request
CUST-109471,1,67.1,0,2,Feature Request
CUST-109472,0,0.0,0,,None
CUST-109473,0,0.0,0,,None
CUST-109474,2,27.1,0,3,Feature Request
CUST-109475,1,40.1,1,1,Billing Inquiry
CUST-109476,4,50.3,1,3,Billing Inquiry
CUST-109477,0,0.0,0,,None
CUST-109478,1,10.1,0,5,Feature Request
CUST-109479,2,63.7,0,3,Billing Inquiry
CUST-109480,4,45.1,1,1,Onboarding Help
CUST-109481,0,0.0,0,,None
CUST-109482,0,0.0,0,,None
CUST-109483,0,0.0,0,,None
CUST-109484,4,52.9,0,3,Onboarding Help
CUST-109485,0,0.0,0,,None
CUST-109486,1,15.9,0,5,Feature Request
CUST-109487,2,58.1,1,2,Feature Request
CUST-109488,3,61.0,0,3,Onboarding Help
CUST-109489,0,0.0,0,,None
CUST-109490,1,49.4,0,2,Technical Bug
CUST-109491,0,0.0,0,,None
CUST-109492,0,0.0,0,,None
CUST-109493,1,9.7,0,5,Onboarding Help
CUST-109494,0,0.0,0,,None
CUST-109495,6,17.0,1,1,Onboarding Help
CUST-109496,2,52.3,0,2,Feature Request
CUST-109497,2,18.9,0,,Feature Request
CUST-109498,1,2.6,0,4,Billing Inquiry
CUST-109499,0,0.0,0,,None
CUST-109500,1,35.2,0,1,Technical Bug
CUST-109501,1,11.1,0,,Onboarding Help
CUST-109502,3,64.9,1,3,Billing Inquiry
CUST-109503,0,0.0,0,,None
CUST-109504,3,50.4,1,3,Onboarding Help
CUST-109505,0,0.0,0,,None
CUST-109506,1,7.6,0,4,Billing Inquiry
CUST-109507,2,14.8,0,4,Billing Inquiry
CUST-109508,1,40.1,0,1,Feature Request
CUST-109509,3,50.3,0,2,Feature Request
CUST-109510,0,0.0,0,,None
CUST-109511,1,33.1,0,1,Feature Request
CUST-109512,1,62.3,0,2,Technical Bug
CUST-109513,4,36.7,0,1,Technical Bug
CUST-109514,2,59.3,0,3,Onboarding Help
CUST-109515,1,11.5,0,4,Technical Bug
CUST-109516,0,0.0,0,,None
CUST-109517,2,15.6,0,,Onboarding Help
CUST-109518,1,18.6,0,4,Technical Bug
CUST-109519,0,0.0,0,,None
CUST-109520,2,16.9,0,4,Feature Request
CUST-109521,1,13.7,0,5,Feature Request
CUST-109522,0,0.0,0,,None
CUST-109523,1,16.6,0,,Feature Request
CUST-109524,3,23.2,0,1,Technical Bug
CUST-109525,3,21.8,0,4,Feature Request
CUST-109526,1,41.5,0,2,Feature Request
CUST-109527,1,67.5,0,2,Feature Request
CUST-109528,2,29.6,0,1,Technical Bug
CUST-109529,2,18.5,0,5,Billing Inquiry
CUST-109530,1,18.2,1,1,Technical Bug
CUST-109531,0,0.0,0,,None
CUST-109532,2,22.3,1,3,Onboarding Help
CUST-109533,2,59.0,0,2,Feature Request
CUST-109534,1,7.7,0,5,Onboarding Help
CUST-109535,2,23.9,1,2,Billing Inquiry
CUST-109536,2,26.1,1,1,Billing Inquiry
CUST-109537,1,54.1,0,1,Feature Request
CUST-109538,0,0.0,0,,None
CUST-109539,1,54.8,1,1,Onboarding Help
CUST-109540,0,0.0,0,,None
CUST-109541,0,0.0,0,,None
CUST-109542,4,59.6,0,1,Feature Request
CUST-109543,1,20.2,0,4,Billing Inquiry
CUST-109544,1,5.6,0,4,Technical Bug
CUST-109545,2,19.4,0,5,Feature Request
CUST-109546,1,9.2,0,,Onboarding Help
CUST-109547,2,40.8,0,2,Onboarding Help
CUST-109548,0,0.0,0,,None
CUST-109549,0,0.0,0,,None
CUST-109550,0,0.0,0,,None
CUST-109551,4,50.1,0,1,Onboarding Help
CUST-109552,0,0.0,0,,None
CUST-109553,1,68.1,0,2,Onboarding Help
CUST-109554,1,17.8,0,1,Feature Request
CUST-109555,2,60.4,0,1,Feature Request
CUST-109556,1,12.5,0,4,Onboarding Help
CUST-109557,3,68.0,1,1,Feature Request
CUST-109558,1,16.7,0,4,Feature Request
CUST-109559,0,0.0,0,,None
CUST-109560,2,37.2,1,3,Feature Request
CUST-109561,2,66.2,1,1,Feature Request
CUST-109562,0,0.0,0,,None
CUST-109563,0,0.0,0,,None
CUST-109564,0,0.0,0,,None
CUST-109565,1,47.0,0,1,Billing Inquiry
CUST-109566,1,18.1,0,5,Technical Bug
CUST-109567,2,55.0,0,2,Billing Inquiry
CUST-109568,4,25.0,1,1,Onboarding Help
CUST-109569,0,0.0,0,,None
CUST-109570,2,57.4,1,1,Onboarding Help
CUST-109571,1,43.0,1,2,Onboarding Help
CUST-109572,3,50.3,0,3,Onboarding Help
CUST-109573,3,14.6,0,5,Technical Bug
CUST-109574,1,69.6,1,2,Feature Request
CUST-109575,1,20.0,0,,Billing Inquiry
CUST-109576,0,0.0,0,,None
CUST-109577,0,0.0,0,,None
CUST-109578,1,4.0,0,4,Feature Request
CUST-109579,3,46.7,1,2,Onboarding Help
CUST-109580,3,32.0,1,2,Feature Request
CUST-109581,1,43.0,0,2,Onboarding Help
CUST-109582,1,22.7,0,5,Onboarding Help
CUST-109583,1,15.9,0,4,Feature Request
CUST-109584,1,16.2,0,3,Onboarding Help
CUST-109585,2,20.4,0,4,Feature Request
CUST-109586,2,65.8,0,1,Billing Inquiry
CUST-109587,2,26.1,1,3,Technical Bug
CUST-109588,1,3.9,0,5,Billing Inquiry
CUST-109589,0,0.0,0,,None
CUST-109590,1,5.8,0,,Feature Request
CUST-109591,3,60.6,1,1,Onboarding Help
CUST-109592,1,61.2,1,2,Onboarding Help
CUST-109593,0,0.0,0,,None
CUST-109594,0,0.0,0,,None
CUST-109595,0,0.0,0,,None
CUST-109596,5,44.5,0,1,Feature Request
CUST-109597,1,20.5,0,5,Billing Inquiry
CUST-109598,0,0.0,0,,None
CUST-109599,1,14.6,1,3,Feature Request
CUST-109600,1,61.3,1,3,Onboarding Help
CUST-109601,1,21.6,1,2,Onboarding Help
CUST-109602,0,0.0,0,,None
CUST-109603,0,0.0,0,,None
CUST-109604,4,14.4,1,1,Onboarding Help
CUST-109605,2,28.2,1,3,Technical Bug
CUST-109606,1,53.5,0,2,Technical Bug
CUST-109607,2,44.0,0,2,Technical Bug
CUST-109608,2,47.9,0,3,Onboarding Help
CUST-109609,0,0.0,0,,None
CUST-109610,1,15.3,0,3,Billing Inquiry
CUST-109611,0,0.0,0,,None
CUST-109612,3,67.2,0,3,Billing Inquiry
CUST-109613,0,0.0,0,,None
CUST-109614,1,35.0,0,1,Technical Bug
CUST-109615,1,24.7,1,1,Onboarding Help
CUST-109616,2,22.6,0,5,Onboarding Help
CUST-109617,2,19.6,0,2,Technical Bug
CUST-109618,5,16.3,0,1,Onboarding Help
CUST-109619,2,68.7,1,2,Billing Inquiry
CUST-109620,1,11.1,0,5,Technical Bug
CUST-109621,1,44.4,0,3,Onboarding Help
CUST-109622,2,33.8,0,1,Billing Inquiry
CUST-109623,2,12.8,1,1,Onboarding Help
CUST-109624,2,45.9,0,3,Feature Request
CUST-109625,1,22.1,1,3,Onboarding Help
CUST-109626,0,0.0,0,,None
CUST-109627,4,19.5,1,2,Onboarding Help
CUST-109628,0,0.0,0,,None
CUST-109629,0,0.0,0,,None
CUST-109630,1,42.1,0,3,Onboarding Help
CUST-109631,0,0.0,0,,None
CUST-109632,1,15.0,0,2,Feature Request
CUST-109633,1,36.3,0,1,Technical Bug
CUST-109634,1,66.2,0,1,Technical Bug
CUST-109635,1,10.3,0,4,Technical Bug
CUST-109636,4,63.7,1,3,Feature Request
CUST-109637,0,0.0,0,,None
CUST-109638,1,53.8,0,1,Feature Request
CUST-109639,2,45.8,1,1,Technical Bug
CUST-109640,1,20.1,0,4,Billing Inquiry
CUST-109641,2,49.2,1,3,Onboarding Help
CUST-109642,7,39.0,0,3,Technical Bug
CUST-109643,0,0.0,0,,None
CUST-109644,2,22.7,0,,Onboarding Help
CUST-109645,2,3.1,0,5,Billing Inquiry
CUST-109646,3,58.7,1,2,Billing Inquiry
CUST-109647,3,19.7,1,2,Feature Request
CUST-109648,1,10.2,0,4,Onboarding Help
CUST-109649,0,0.0,0,,None
CUST-109650,0,0.0,0,,None
CUST-109651,4,9.2,0,5,Onboarding Help
CUST-109652,0,0.0,0,,None
CUST-109653,2,19.7,1,3,Technical Bug
CUST-109654,2,22.9,0,4,Technical Bug
CUST-109655,0,0.0,0,,None
CUST-109656,1,42.0,0,1,Onboarding Help
CUST-109657,4,22.3,1,1,Billing Inquiry
CUST-109658,0,0.0,0,,None
CUST-109659,2,68.9,0,3,Billing Inquiry
CUST-109660,1,12.6,0,5,Billing Inquiry
CUST-109661,0,0.0,0,,None
CUST-109662,0,0.0,0,,None
CUST-109663,0,0.0,0,,None
CUST-109664,1,45.5,0,1,Technical Bug
CUST-109665,2,16.2,0,5,Technical Bug
CUST-109666,5,48.8,0,3,Technical Bug
CUST-109667,0,0.0,0,,None
CUST-109668,1,17.2,0,4,Technical Bug
CUST-109669,1,30.8,1,1,Onboarding Help
CUST-109670,1,52.7,0,1,Billing Inquiry
CUST-109671,0,0.0,0,,None
CUST-109672,2,34.6,0,1,Onboarding Help
CUST-109673,0,0.0,0,,None
CUST-109674,1,17.8,0,5,Billing Inquiry
CUST-109675,0,0.0,0,,None
CUST-109676,1,5.2,0,4,Billing Inquiry
CUST-109677,3,35.3,0,2,Billing Inquiry
CUST-109678,2,10.3,0,,Technical Bug
CUST-109679,2,21.7,0,3,Technical Bug
CUST-109680,0,0.0,0,,None
CUST-109681,2,21.5,0,4,Onboarding Help
CUST-109682,0,0.0,0,,None
CUST-109683,1,50.2,0,2,Billing Inquiry
CUST-109684,2,8.8,0,4,Feature Request
CUST-109685,0,0.0,0,,None
CUST-109686,1,7.0,0,4,Onboarding Help
CUST-109687,0,0.0,0,,None
CUST-109688,2,66.0,0,1,Billing Inquiry
CUST-109689,2,68.7,0,1,Billing Inquiry
CUST-109690,0,0.0,0,,None
CUST-109691,0,0.0,0,,None
CUST-109692,2,13.3,0,5,Billing Inquiry
CUST-109693,5,61.2,0,2,Technical Bug
CUST-109694,4,4.8,0,4,Technical Bug
CUST-109695,4,70.6,0,1,Feature Request
CUST-109696,3,72.0,1,2,Onboarding Help
CUST-109697,0,0.0,0,,None
CUST-109698,4,17.2,0,1,Billing Inquiry
CUST-109699,2,15.2,0,,Billing Inquiry
CUST-109700,3,15.3,0,1,Feature Request
CUST-109701,1,46.4,1,3,Onboarding Help
CUST-109702,3,61.2,1,3,Onboarding Help
CUST-109703,0,0.0,0,,None
CUST-109704,4,36.6,0,2,Billing Inquiry
CUST-109705,2,39.6,0,2,Technical Bug
CUST-109706,0,0.0,0,,None
CUST-109707,4,40.8,0,1,Technical Bug
CUST-109708,0,0.0,0,,None
CUST-109709,1,20.0,0,2,Feature Request
CUST-109710,2,46.3,1,2,Feature Request
CUST-109711,1,18.5,0,5,Feature Request
CUST-109712,2,7.7,0,5,Feature Request
CUST-109713,6,39.4,1,2,Technical Bug
CUST-109714,0,0.0,0,,None
CUST-109715,0,0.0,0,,None
CUST-109716,1,25.0,1,2,Billing Inquiry
CUST-109717,2,68.0,0,1,Onboarding Help
CUST-109718,0,0.0,0,,None
CUST-109719,1,14.6,0,5,Feature Request
CUST-109720,0,0.0,0,,None
CUST-109721,0,0.0,0,,None
CUST-109722,3,69.5,0,2,Feature Request
CUST-109723,3,53.5,0,1,Billing Inquiry
CUST-109724,4,42.1,1,2,Onboarding Help
CUST-109725,0,0.0,0,,None
CUST-109726,0,0.0,0,,None
CUST-109727,1,25.9,0,1,Feature Request
CUST-109728,1,2.4,0,4,Feature Request
CUST-109729,3,29.2,1,1,Feature Request
CUST-109730,3,39.7,1,1,Feature Request
CUST-109731,0,0.0,0,,None
CUST-109732,3,27.9,1,3,Feature Request
CUST-109733,1,12.7,0,3,Feature Request
CUST-109734,2,67.8,0,2,Feature Request
CUST-109735,0,0.0,0,,None
CUST-109736,4,22.5,1,2,Technical Bug
CUST-109737,0,0.0,0,,None
CUST-109738,2,30.8,1,1,Onboarding Help
CUST-109739,2,44.7,0,2,Billing Inquiry
CUST-109740,0,0.0,0,,None
CUST-109741,1,37.5,0,2,Billing Inquiry
CUST-109742,0,0.0,0,,None
CUST-109743,1,18.2,0,5,Technical Bug
CUST-109744,1,34.8,1,1,Billing Inquiry
CUST-109745,0,0.0,0,,None
CUST-109746,0,0.0,0,,None
CUST-109747,2,39.0,0,2,Feature Request
CUST-109748,0,0.0,0,,None
CUST-109749,2,10.9,0,5,Technical Bug
CUST-109750,1,51.6,1,2,Billing Inquiry
CUST-109751,1,54.7,1,3,Onboarding Help
CUST-109752,1,58.0,1,2,Billing Inquiry
CUST-109753,0,0.0,0,,None
CUST-109754,3,38.7,0,1,Onboarding Help
CUST-109755,2,12.4,0,5,Billing Inquiry
CUST-109756,0,0.0,0,,None
CUST-109757,1,50.5,1,2,Feature Request
CUST-109758,2,47.7,0,1,Onboarding Help
CUST-109759,2,33.8,0,3,Technical Bug
CUST-109760,1,11.9,0,5,Feature Request
CUST-109761,1,2.6,0,5,Technical Bug
CUST-109762,1,16.9,0,4,Technical Bug
CUST-109763,3,67.7,1,2,Technical Bug
CUST-109764,2,13.0,1,1,Onboarding Help
CUST-109765,5,45.2,0,2,Onboarding Help
CUST-109766,0,0.0,0,,None
CUST-109767,4,37.2,0,1,Billing Inquiry
CUST-109768,3,15.4,0,4,Feature Request
CUST-109769,2,59.0,0,3,Onboarding Help
CUST-109770,1,11.5,0,,Technical Bug
CUST-109771,1,60.3,0,3,Technical Bug
CUST-109772,1,3.5,0,4,Feature Request
CUST-109773,0,0.0,0,,None
CUST-109774,3,50.7,0,2,Technical Bug
CUST-109775,0,0.0,0,,None
CUST-109776,1,12.3,1,1,Billing Inquiry
CUST-109777,2,7.6,0,,Billing Inquiry
CUST-109778,6,27.2,0,1,Technical Bug
CUST-109779,3,55.9,0,1,Technical Bug
CUST-109780,1,20.5,0,5,Technical Bug
CUST-109781,2,8.7,0,5,Feature Request
CUST-109782,1,7.8,0,5,Onboarding Help
CUST-109783,2,61.9,0,3,Billing Inquiry
CUST-109784,1,2.8,0,4,Technical Bug
CUST-109785,1,47.9,0,3,Technical Bug
CUST-109786,4,41.6,1,2,Technical Bug
CUST-109787,2,4.1,0,,Billing Inquiry
CUST-109788,0,0.0,0,,None
CUST-109789,1,27.4,0,3,Technical Bug
CUST-109790,2,45.8,1,1,Onboarding Help
CUST-109791,1,13.6,0,4,Onboarding Help
CUST-109792,0,0.0,0,,None
CUST-109793,2,29.0,1,1,Onboarding Help
CUST-109794,1,10.1,0,5,Feature Request
CUST-109795,0,0.0,0,,None
CUST-109796,0,0.0,0,,None
CUST-109797,1,14.0,0,5,Technical Bug
CUST-109798,4,65.4,1,3,Billing Inquiry
CUST-109799,1,54.5,0,2,Feature Request
CUST-109800,1,22.9,0,,Technical Bug
CUST-109801,1,5.3,0,5,Onboarding Help
CUST-109802,0,0.0,0,,None
CUST-109803,1,46.6,1,3,Technical Bug
CUST-109804,3,30.8,1,2,Onboarding Help
CUST-109805,0,0.0,0,,None
CUST-109806,2,27.3,0,1,Technical Bug
CUST-109807,1,61.7,0,2,Billing Inquiry
CUST-109808,4,44.4,0,3,Technical Bug
CUST-109809,3,26.1,0,3,Feature Request
CUST-109810,3,40.9,0,2,Onboarding Help
CUST-109811,0,0.0,0,,None
CUST-109812,2,64.0,0,3,Onboarding Help
CUST-109813,2,20.5,0,4,Feature Request
CUST-109814,2,21.8,0,1,Billing Inquiry
CUST-109815,1,65.9,1,3,Onboarding Help
CUST-109816,2,40.9,0,3,Billing Inquiry
CUST-109817,0,0.0,0,,None
CUST-109818,1,64.5,0,2,Technical Bug
CUST-109819,0,0.0,0,,None
CUST-109820,4,42.3,0,1,Onboarding Help
CUST-109821,1,2.8,0,4,Feature Request
CUST-109822,2,36.1,1,2,Billing Inquiry
CUST-109823,1,36.3,1,3,Feature Request
CUST-109824,3,65.9,0,3,Feature Request
CUST-109825,0,0.0,0,,None
CUST-109826,0,0.0,0,,None
CUST-109827,0,0.0,0,,None
CUST-109828,1,22.9,0,4,Technical Bug
CUST-109829,2,61.1,1,2,Billing Inquiry
CUST-109830,1,52.1,0,3,Technical Bug
CUST-109831,3,13.4,0,2,Technical Bug
CUST-109832,1,7.8,0,4,Feature Request
CUST-109833,2,57.4,0,1,Technical Bug
CUST-109834,3,21.9,1,1,Feature Request
CUST-109835,2,21.7,0,,Technical Bug
CUST-109836,2,37.0,0,1,Technical Bug
CUST-109837,2,25.2,0,1,Technical Bug
CUST-109838,0,0.0,0,,None
CUST-109839,1,65.6,1,3,Onboarding Help
CUST-109840,3,20.2,0,2,Technical Bug
CUST-109841,2,49.3,1,2,Technical Bug
CUST-109842,1,13.1,0,5,Onboarding Help
CUST-109843,1,22.3,0,5,Onboarding Help
CUST-109844,1,26.9,1,3,Billing Inquiry
CUST-109845,0,0.0,0,,None
CUST-109846,2,30.1,1,3,Onboarding Help
CUST-109847,4,14.3,0,1,Feature Request
CUST-109848,1,40.2,0,3,Onboarding Help
CUST-109849,2,29.4,1,3,Onboarding Help
CUST-109850,0,0.0,0,,None
CUST-109851,5,43.1,1,2,Billing Inquiry
CUST-109852,2,16.3,0,2,Technical Bug
CUST-109853,1,10.2,0,5,Technical Bug
CUST-109854,0,0.0,0,,None
CUST-109855,0,0.0,0,,None
CUST-109856,2,56.9,0,1,Feature Request
CUST-109857,2,42.3,1,2,Technical Bug
CUST-109858,1,71.2,1,2,Feature Request
CUST-109859,1,30.9,1,2,Technical Bug
CUST-109860,0,0.0,0,,None
CUST-109861,2,26.5,1,1,Technical Bug
CUST-109862,3,55.7,0,2,Feature Request
CUST-109863,0,0.0,0,,None
CUST-109864,1,58.6,1,3,Feature Request
CUST-109865,4,55.4,1,1,Billing Inquiry
CUST-109866,0,0.0,0,,None
CUST-109867,3,18.8,1,3,Billing Inquiry
CUST-109868,0,0.0,0,,None
CUST-109869,2,16.9,1,1,Feature Request
CUST-109870,2,36.8,0,3,Onboarding Help
CUST-109871,1,15.8,0,5,Feature Request
CUST-109872,1,14.0,1,2,Feature Request
CUST-109873,0,0.0,0,,None
CUST-109874,0,0.0,0,,None
CUST-109875,0,0.0,0,,None
CUST-109876,1,17.1,0,,Onboarding Help
CUST-109877,1,15.2,0,5,Technical Bug
CUST-109878,3,68.9,0,1,Feature Request
CUST-109879,2,18.0,1,2,Onboarding Help
CUST-109880,0,0.0,0,,None
CUST-109881,0,0.0,0,,None
CUST-109882,3,36.5,0,2,Billing Inquiry
CUST-109883,0,0.0,0,,None
CUST-109884,0,0.0,0,,None
CUST-109885,1,9.3,0,4,Feature Request
CUST-109886,2,49.3,1,2,Feature Request
CUST-109887,0,0.0,0,,None
CUST-109888,2,21.9,0,,Billing Inquiry
CUST-109889,0,0.0,0,,None
CUST-109890,1,23.4,0,4,Onboarding Help
CUST-109891,0,0.0,0,,None
CUST-109892,4,49.6,0,2,Billing Inquiry
CUST-109893,1,62.0,1,1,Technical Bug
CUST-109894,2,30.3,1,2,Onboarding Help
CUST-109895,1,53.9,1,2,Billing Inquiry
CUST-109896,2,7.2,0,5,Technical Bug
CUST-109897,1,23.8,0,5,Technical Bug
CUST-109898,1,6.8,0,4,Feature Request
CUST-109899,3,52.3,1,2,Billing Inquiry
CUST-109900,0,0.0,0,,None
CUST-109901,2,64.0,1,1,Onboarding Help
CUST-109902,1,12.9,0,5,Feature Request
CUST-109903,2,8.9,0,4,Technical Bug
CUST-109904,0,0.0,0,,None
CUST-109905,4,53.5,1,3,Billing Inquiry
CUST-109906,0,0.0,0,,None
CUST-109907,1,33.7,0,3,Technical Bug
CUST-109908,2,50.4,1,2,Billing Inquiry
CUST-109909,1,58.2,0,3,Onboarding Help
CUST-109910,4,22.8,0,1,Feature Request
CUST-109911,2,49.8,1,1,Billing Inquiry
CUST-109912,0,0.0,0,,None
CUST-109913,3,28.0,1,1,Billing Inquiry
CUST-109914,1,21.6,0,1,Technical Bug
CUST-109915,0,0.0,0,,None
CUST-109916,0,0.0,0,,None
CUST-109917,2,48.5,0,2,Technical Bug
CUST-109918,1,19.9,0,5,Feature Request
CUST-109919,2,49.4,0,2,Onboarding Help
CUST-109920,0,0.0,0,,None
CUST-109921,2,70.7,0,2,Technical Bug
CUST-109922,2,13.0,0,4,Technical Bug
CUST-109923,0,0.0,0,,None
CUST-109924,1,16.2,1,2,Technical Bug
CUST-109925,0,0.0,0,,None
CUST-109926,1,11.6,0,4,Billing Inquiry
CUST-109927,5,47.6,0,3,Onboarding Help
CUST-109928,1,23.1,0,4,Billing Inquiry
CUST-109929,2,56.0,1,3,Technical Bug
CUST-109930,3,67.0,1,2,Technical Bug
CUST-109931,0,0.0,0,,None
CUST-109932,1,59.6,1,1,Billing Inquiry
CUST-109933,6,48.6,1,2,Feature Request
CUST-109934,3,7.8,0,4,Billing Inquiry
CUST-109935,1,71.6,0,2,Technical Bug
CUST-109936,1,67.6,1,3,Onboarding Help
CUST-109937,2,10.1,0,4,Technical Bug
CUST-109938,1,64.0,1,1,Billing Inquiry
CUST-109939,0,0.0,0,,None
CUST-109940,2,28.6,0,2,Technical Bug
CUST-109941,2,44.5,1,1,Technical Bug
CUST-109942,3,53.9,1,2,Onboarding Help
CUST-109943,2,42.0,1,3,Feature Request
CUST-109944,0,0.0,0,,None
CUST-109945,2,11.9,0,5,Onboarding Help
CUST-109946,2,31.8,0,1,Feature Request
CUST-109947,2,21.3,0,5,Feature Request
CUST-109948,2,53.3,0,2,Onboarding Help
CUST-109949,3,52.1,0,2,Feature Request
CUST-109950,4,64.6,1,2,Technical Bug
CUST-109951,0,0.0,0,,None
CUST-109952,0,0.0,0,,None
CUST-109953,0,0.0,0,,None
CUST-109954,1,17.9,0,,Feature Request
CUST-109955,1,2.5,0,4,Onboarding Help
CUST-109956,3,18.1,0,3,Onboarding Help
CUST-109957,1,9.2,0,5,Billing Inquiry
CUST-109958,3,36.2,0,1,Feature Request
CUST-109959,1,39.8,0,3,Onboarding Help
CUST-109960,2,69.9,0,3,Technical Bug
CUST-109961,1,10.5,0,5,Onboarding Help
CUST-109962,3,63.2,1,3,Feature Request
CUST-109963,5,42.9,0,3,Onboarding Help
CUST-109964,1,6.2,0,4,Feature Request
CUST-109965,2,17.8,1,3,Onboarding Help
CUST-109966,1,47.1,0,3,Billing Inquiry
CUST-109967,2,21.7,0,3,Technical Bug
CUST-109968,2,22.7,0,4,Feature Request
CUST-109969,0,0.0,0,,None
CUST-109970,1,28.5,0,3,Technical Bug
CUST-109971,2,29.5,1,2,Feature Request
CUST-109972,2,27.7,0,1,Feature Request
CUST-109973,1,15.3,0,4,Technical Bug
CUST-109974,1,19.0,0,5,Onboarding Help
CUST-109975,1,28.1,0,1,Feature Request
CUST-109976,1,16.9,0,,Onboarding Help
CUST-109977,2,41.8,0,1,Feature Request
CUST-109978,1,33.2,1,3,Billing Inquiry
CUST-109979,0,0.0,0,,None
CUST-109980,0,0.0,0,,None
CUST-109981,0,0.0,0,,None
CUST-109982,6,34.2,0,3,Feature Request
CUST-109983,4,56.8,1,2,Onboarding Help
CUST-109984,1,20.0,0,4,Technical Bug
CUST-109985,3,63.6,1,1,Feature Request
CUST-109986,3,18.2,1,1,Billing Inquiry
CUST-109987,1,51.8,0,3,Billing Inquiry
CUST-109988,0,0.0,0,,None
CUST-109989,1,6.3,0,5,Billing Inquiry
CUST-109990,1,15.2,0,,Billing Inquiry
CUST-109991,1,5.3,0,5,Onboarding Help
CUST-109992,1,56.1,1,1,Feature Request
CUST-109993,3,59.0,1,3,Technical Bug
CUST-109994,0,0.0,0,,None
CUST-109995,0,0.0,0,,None
CUST-109996,2,58.2,0,1,Technical Bug
CUST-109997,1,13.1,0,1,Feature Request
CUST-109998,0,0.0,0,,None
CUST-109999,2,39.9,0,1,Onboarding Help
CUST-110000,1,20.8,0,5,Feature Request
CUST-110001,0,0.0,0,,None
CUST-110002,1,25.9,1,2,Feature Request
CUST-110003,6,23.9,1,1,Feature Request
CUST-110004,1,53.4,0,1,Feature Request
CUST-110005,0,0.0,0,,None
CUST-110006,2,10.1,0,5,Technical Bug
CUST-110007,2,5.3,0,,Onboarding Help
CUST-110008,3,35.9,1,3,Technical Bug
CUST-110009,3,48.9,0,1,Technical Bug
CUST-110010,3,12.0,0,3,Billing Inquiry
CUST-110011,2,13.6,0,5,Billing Inquiry
CUST-110012,1,27.0,1,3,Onboarding Help
CUST-110013,1,10.6,0,4,Technical Bug
CUST-110014,1,38.9,0,2,Feature Request
CUST-110015,4,38.4,1,3,Billing Inquiry
CUST-110016,0,0.0,0,,None
CUST-110017,2,25.3,0,1,Billing Inquiry
CUST-110018,3,30.5,0,1,Technical Bug
CUST-110019,2,21.6,0,4,Onboarding Help
CUST-110020,0,0.0,0,,None
CUST-110021,1,51.5,1,1,Onboarding Help
CUST-110022,2,24.8,0,2,Onboarding Help
CUST-110023,1,15.0,1,1,Onboarding Help
CUST-110024,3,59.2,0,3,Technical Bug
CUST-110025,0,0.0,0,,None
CUST-110026,2,24.2,1,2,Billing Inquiry
CUST-110027,1,46.5,1,2,Feature Request
CUST-110028,2,18.6,0,2,Feature Request
CUST-110029,2,19.5,0,1,Technical Bug
CUST-110030,1,69.9,0,3,Feature Request
CUST-110031,2,63.3,0,1,Feature Request
CUST-110032,0,0.0,0,,None
CUST-110033,1,12.1,0,,Onboarding Help
CUST-110034,2,65.8,0,2,Feature Request
CUST-110035,2,24.5,1,2,Feature Request
CUST-110036,0,0.0,0,,None
CUST-110037,2,25.9,1,1,Billing Inquiry
CUST-110038,0,0.0,0,,None
CUST-110039,5,28.7,0,3,Technical Bug
CUST-110040,1,15.4,0,4,Technical Bug
CUST-110041,0,0.0,0,,None
CUST-110042,3,44.6,1,3,Billing Inquiry
CUST-110043,2,46.3,1,1,Technical Bug
CUST-110044,1,21.3,0,1,Technical Bug
CUST-110045,0,0.0,0,,None
CUST-110046,2,48.2,0,2,Feature Request
CUST-110047,2,15.6,0,5,Billing Inquiry
CUST-110048,4,20.0,0,3,Onboarding Help
CUST-110049,3,40.6,0,3,Billing Inquiry
CUST-110050,3,29.9,0,3,Technical Bug
CUST-110051,0,0.0,0,,None
CUST-110052,2,52.5,1,2,Technical Bug
CUST-110053,3,39.7,1,2,Feature Request
CUST-110054,3,40.0,0,3,Feature Request
CUST-110055,2,3.0,0,5,Billing Inquiry
CUST-110056,0,0.0,0,,None
CUST-110057,1,24.2,1,3,Billing Inquiry
CUST-110058,4,64.3,0,2,Onboarding Help
CUST-110059,1,12.8,0,5,Feature Request
CUST-110060,0,0.0,0,,None
CUST-110061,1,12.0,1,3,Feature Request
CUST-110062,4,43.0,0,3,Technical Bug
CUST-110063,1,9.1,0,,Feature Request
CUST-110064,1,53.2,1,3,Onboarding Help
CUST-110065,2,54.7,1,3,Feature Request
CUST-110066,2,17.0,0,5,Onboarding Help
CUST-110067,1,17.8,0,4,Technical Bug
CUST-110068,2,36.0,0,3,Feature Request
CUST-110069,1,10.5,0,4,Technical Bug
CUST-110070,1,19.9,0,4,Onboarding Help
CUST-110071,0,0.0,0,,None
CUST-110072,0,0.0,0,,None
CUST-110073,2,33.5,0,1,Billing Inquiry
CUST-110074,0,0.0,0,,None
CUST-110075,0,0.0,0,,None
CUST-110076,1,13.0,0,5,Billing Inquiry
CUST-110077,3,8.6,0,5,Technical Bug
CUST-110078,0,0.0,0,,None
CUST-110079,2,37.6,1,2,Feature Request
CUST-110080,0,0.0,0,,None
CUST-110081,0,0.0,0,,None
CUST-110082,3,23.0,1,2,Feature Request
CUST-110083,1,4.5,0,,Onboarding Help
CUST-110084,1,23.3,0,4,Billing Inquiry
CUST-110085,4,14.8,0,2,Technical Bug
CUST-110086,3,19.3,0,5,Onboarding Help
CUST-110087,1,16.1,0,4,Technical Bug
CUST-110088,1,7.3,0,5,Feature Request
CUST-110089,2,39.5,0,2,Feature Request
CUST-110090,1,12.4,0,4,Technical Bug
CUST-110091,1,50.3,0,2,Feature Request
CUST-110092,2,54.5,0,2,Billing Inquiry
CUST-110093,1,45.8,1,2,Onboarding Help
CUST-110094,1,8.4,0,5,Onboarding Help
CUST-110095,4,68.8,1,1,Feature Request
CUST-110096,0,0.0,0,,None
CUST-110097,0,0.0,0,,None
CUST-110098,3,51.3,1,2,Feature Request
CUST-110099,2,60.3,0,3,Onboarding Help
CUST-110100,3,53.9,0,3,Billing Inquiry
CUST-110101,1,20.2,0,,Billing Inquiry
CUST-110102,2,63.4,1,1,Feature Request
CUST-110103,5,60.3,0,1,Billing Inquiry
CUST-110104,4,68.7,1,1,Onboarding Help
CUST-110105,3,44.3,1,1,Feature Request
CUST-110106,2,13.8,0,3,Technical Bug
CUST-110107,1,44.8,0,2,Technical Bug
CUST-110108,2,40.8,1,2,Onboarding Help
CUST-110109,3,5.0,0,4,Feature Request
CUST-110110,0,0.0,0,,None
CUST-110111,2,16.4,0,3,Billing Inquiry
CUST-110112,1,6.5,0,5,Billing Inquiry
CUST-110113,0,0.0,0,,None
CUST-110114,0,0.0,0,,None
CUST-110115,0,0.0,0,,None
CUST-110116,1,30.6,1,1,Feature Request
CUST-110117,0,0.0,0,,None
CUST-110118,0,0.0,0,,None
CUST-110119,1,17.2,0,5,Technical Bug
CUST-110120,2,20.9,0,2,Technical Bug
CUST-110121,1,17.3,1,1,Feature Request
CUST-110122,0,0.0,0,,None
CUST-110123,1,7.1,0,4,Technical Bug
CUST-110124,1,14.0,0,5,Onboarding Help
CUST-110125,1,23.1,1,3,Onboarding Help
CUST-110126,2,56.5,1,1,Feature Request
CUST-110127,2,56.3,0,2,Onboarding Help
CUST-110128,2,29.8,0,2,Billing Inquiry
CUST-110129,1,35.8,0,1,Feature Request
CUST-110130,2,63.3,0,1,Onboarding Help
CUST-110131,2,20.7,0,4,Technical Bug
CUST-110132,1,15.6,0,4,Technical Bug
CUST-110133,0,0.0,0,,None
CUST-110134,0,0.0,0,,None
CUST-110135,2,61.0,1,3,Onboarding Help
CUST-110136,1,2.4,0,5,Onboarding Help
CUST-110137,2,35.6,1,2,Billing Inquiry
CUST-110138,0,0.0,0,,None
CUST-110139,2,52.5,0,3,Onboarding Help
CUST-110140,0,0.0,0,,None
CUST-110141,0,0.0,0,,None
CUST-110142,2,20.9,0,4,Onboarding Help
CUST-110143,4,27.6,1,2,Onboarding Help
CUST-110144,1,13.1,0,2,Onboarding Help
CUST-110145,0,0.0,0,,None
CUST-110146,2,27.4,1,2,Billing Inquiry
CUST-110147,2,40.3,1,1,Billing Inquiry
CUST-110148,2,14.9,0,4,Technical Bug
CUST-110149,2,39.4,0,2,Billing Inquiry
CUST-110150,0,0.0,0,,None
CUST-110151,0,0.0,0,,None
CUST-110152,1,16.1,0,5,Billing Inquiry
CUST-110153,3,18.4,0,2,Feature Request
CUST-110154,1,7.8,0,4,Technical Bug
CUST-110155,3,28.7,0,2,Billing Inquiry
CUST-110156,1,18.8,0,4,Onboarding Help
CUST-110157,1,35.0,0,1,Technical Bug
CUST-110158,2,59.5,1,1,Billing Inquiry
CUST-110159,2,11.0,0,4,Feature Request
CUST-110160,2,61.2,1,2,Technical Bug
CUST-110161,0,0.0,0,,None
CUST-110162,0,0.0,0,,None
CUST-110163,2,15.3,1,3,Technical Bug
CUST-110164,4,50.8,0,1,Billing Inquiry
CUST-110165,4,69.8,0,1,Feature Request
CUST-110166,1,65.0,1,1,Billing Inquiry
CUST-110167,3,23.7,0,1,Billing Inquiry
CUST-110168,0,0.0,0,,None
CUST-110169,2,37.1,1,3,Billing Inquiry
CUST-110170,2,12.9,0,5,Feature Request
CUST-110171,1,56.4,1,2,Onboarding Help
CUST-110172,2,16.7,0,5,Billing Inquiry
CUST-110173,0,0.0,0,,None
CUST-110174,1,62.0,1,3,Technical Bug
CUST-110175,1,50.8,0,2,Feature Request
CUST-110176,3,14.5,0,4,Billing Inquiry
CUST-110177,2,20.7,1,3,Onboarding Help
CUST-110178,1,40.3,0,2,Technical Bug
CUST-110179,2,57.5,1,1,Billing Inquiry
CUST-110180,0,0.0,0,,None
CUST-110181,2,34.7,0,3,Technical Bug
CUST-110182,1,8.6,0,5,Feature Request
CUST-110183,2,40.5,0,3,Technical Bug
CUST-110184,0,0.0,0,,None
CUST-110185,2,62.8,0,3,Technical Bug
CUST-110186,1,21.9,0,4,Technical Bug
CUST-110187,3,12.5,0,2,Onboarding Help
CUST-110188,1,11.9,0,,Feature Request
CUST-110189,1,18.3,0,5,Feature Request
CUST-110190,1,12.5,0,4,Onboarding Help
CUST-110191,1,2.7,0,,Onboarding Help
CUST-110192,1,16.7,0,4,Technical Bug
CUST-110193,2,67.5,0,2,Feature Request
CUST-110194,1,4.7,0,,Technical Bug
CUST-110195,3,56.1,1,1,Technical Bug
CUST-110196,0,0.0,0,,None
CUST-110197,3,61.6,1,3,Technical Bug
CUST-110198,1,50.7,1,2,Billing Inquiry
CUST-110199,1,7.1,0,5,Technical Bug
CUST-110200,1,30.5,1,2,Onboarding Help
CUST-110201,1,23.3,0,4,Technical Bug
CUST-110202,1,16.7,1,3,Feature Request
CUST-110203,4,14.6,0,3,Onboarding Help
CUST-110204,5,67.1,1,2,Billing Inquiry
CUST-110205,4,38.6,0,3,Technical Bug
CUST-110206,0,0.0,0,,None
CUST-110207,3,24.8,0,2,Billing Inquiry
CUST-110208,0,0.0,0,,None
CUST-110209,1,10.0,0,5,Billing Inquiry
CUST-110210,0,0.0,0,,None
CUST-110211,3,40.7,1,2,Onboarding Help
CUST-110212,1,7.1,0,5,Feature Request
CUST-110213,0,0.0,0,,None
CUST-110214,1,7.1,0,5,Billing Inquiry
CUST-110215,0,0.0,0,,None
CUST-110216,0,0.0,0,,None
CUST-110217,0,0.0,0,,None
CUST-110218,2,12.3,0,,Onboarding Help
CUST-110219,1,15.0,0,5,Billing Inquiry
CUST-110220,1,22.1,1,1,Feature Request
CUST-110221,0,0.0,0,,None
CUST-110222,0,0.0,0,,None
CUST-110223,2,51.3,1,1,Billing Inquiry
CUST-110224,0,0.0,0,,None
CUST-110225,3,26.6,1,3,Billing Inquiry
CUST-110226,0,0.0,0,,None
CUST-110227,2,3.5,0,4,Billing Inquiry
CUST-110228,0,0.0,0,,None
CUST-110229,1,14.2,0,,Feature Request
CUST-110230,0,0.0,0,,None
CUST-110231,0,0.0,0,,None
CUST-110232,0,0.0,0,,None
CUST-110233,3,43.6,0,3,Billing Inquiry
CUST-110234,0,0.0,0,,None
CUST-110235,0,0.0,0,,None
CUST-110236,1,52.1,1,1,Technical Bug
CUST-110237,0,0.0,0,,None
CUST-110238,1,4.6,0,5,Onboarding Help
CUST-110239,2,55.5,1,3,Technical Bug
CUST-110240,1,19.3,0,3,Feature Request
CUST-110241,1,34.8,0,1,Feature Request
CUST-110242,5,46.7,1,3,Billing Inquiry
CUST-110243,0,0.0,0,,None
CUST-110244,1,60.3,0,2,Feature Request
CUST-110245,1,71.5,0,3,Onboarding Help
CUST-110246,1,2.9,0,,Feature Request
CUST-110247,0,0.0,0,,None
CUST-110248,2,24.1,1,3,Onboarding Help
CUST-110249,0,0.0,0,,None
CUST-110250,1,65.3,1,2,Technical Bug
CUST-110251,1,56.9,0,2,Onboarding Help
CUST-110252,0,0.0,0,,None
CUST-110253,2,15.8,0,5,Billing Inquiry
CUST-110254,4,29.3,1,2,Onboarding Help
CUST-110255,2,56.5,0,1,Feature Request
CUST-110256,3,66.4,0,3,Feature Request
CUST-110257,4,29.6,0,2,Technical Bug
CUST-110258,0,0.0,0,,None
CUST-110259,0,0.0,0,,None
CUST-110260,1,10.5,0,4,Technical Bug
CUST-110261,3,18.1,0,2,Billing Inquiry
CUST-110262,1,11.9,0,4,Technical Bug
CUST-110263,0,0.0,0,,None
CUST-110264,0,0.0,0,,None
CUST-110265,1,44.4,1,1,Onboarding Help
CUST-110266,4,55.1,1,3,Feature Request
CUST-110267,0,0.0,0,,None
CUST-110268,2,16.4,1,3,Technical Bug
CUST-110269,1,41.0,1,3,Technical Bug
CUST-110270,4,52.0,0,3,Technical Bug
CUST-110271,0,0.0,0,,None
CUST-110272,3,13.9,0,5,Feature Request
CUST-110273,0,0.0,0,,None
CUST-110274,6,59.5,1,2,Feature Request
CUST-110275,0,0.0,0,,None
CUST-110276,2,4.7,0,4,Technical Bug
CUST-110277,0,0.0,0,,None
CUST-110278,4,56.0,1,2,Billing Inquiry
CUST-110279,1,31.1,1,1,Billing Inquiry
CUST-110280,2,24.0,0,5,Feature Request
CUST-110281,0,0.0,0,,None
CUST-110282,1,29.9,0,3,Technical Bug
CUST-110283,1,8.6,0,,Billing Inquiry
CUST-110284,1,11.1,0,4,Technical Bug
CUST-110285,0,0.0,0,,None
CUST-110286,1,21.5,0,,Billing Inquiry
CUST-110287,2,9.8,0,5,Technical Bug
CUST-110288,1,14.8,0,3,Onboarding Help
CUST-110289,0,0.0,0,,None
CUST-110290,3,23.5,0,1,Technical Bug
CUST-110291,0,0.0,0,,None
CUST-110292,0,0.0,0,,None
CUST-110293,1,60.9,1,2,Technical Bug
CUST-110294,2,16.3,0,1,Onboarding Help
CUST-110295,2,18.3,0,5,Technical Bug
CUST-110296,2,41.5,0,3,Feature Request
CUST-110297,3,58.9,1,3,Onboarding Help
CUST-110298,1,19.0,0,5,Feature Request
CUST-110299,2,36.0,1,1,Onboarding Help
CUST-110300,1,5.8,0,4,Onboarding Help
CUST-110301,0,0.0,0,,None
CUST-110302,1,30.9,1,2,Onboarding Help
CUST-110303,2,38.2,1,1,Feature Request
CUST-110304,2,30.4,1,2,Feature Request
CUST-110305,1,13.2,0,3,Billing Inquiry
CUST-110306,1,52.2,0,2,Technical Bug
CUST-110307,0,0.0,0,,None
CUST-110308,1,18.8,0,,Onboarding Help
CUST-110309,2,54.7,0,1,Feature Request
CUST-110310,3,18.7,0,5,Onboarding Help
CUST-110311,0,0.0,0,,None
CUST-110312,1,52.6,0,1,Billing Inquiry
CUST-110313,1,3.8,0,5,Technical Bug
CUST-110314,2,24.7,1,1,Technical Bug
CUST-110315,2,62.8,1,1,Technical Bug
CUST-110316,0,0.0,0,,None
CUST-110317,1,15.4,0,5,Billing Inquiry
CUST-110318,2,8.3,0,5,Billing Inquiry
CUST-110319,1,45.9,1,1,Technical Bug
CUST-110320,3,59.3,1,3,Onboarding Help
CUST-110321,0,0.0,0,,None
CUST-110322,2,23.9,0,5,Technical Bug
CUST-110323,2,2.4,0,5,Technical Bug
CUST-110324,2,38.7,0,1,Technical Bug
CUST-110325,0,0.0,0,,None
CUST-110326,2,14.1,0,3,Onboarding Help
CUST-110327,1,9.0,0,,Technical Bug
CUST-110328,0,0.0,0,,None
CUST-110329,2,15.6,0,1,Onboarding Help
CUST-110330,2,3.3,0,5,Billing Inquiry
CUST-110331,3,71.3,0,3,Onboarding Help
CUST-110332,1,66.9,1,1,Technical Bug
CUST-110333,0,0.0,0,,None
CUST-110334,2,53.4,1,3,Technical Bug
CUST-110335,1,55.5,1,1,Billing Inquiry
CUST-110336,2,52.5,1,3,Billing Inquiry
CUST-110337,1,16.0,0,5,Technical Bug
CUST-110338,0,0.0,0,,None
CUST-110339,4,6.2,0,,Feature Request
CUST-110340,1,28.8,0,1,Feature Request
CUST-110341,3,22.9,1,3,Onboarding Help
CUST-110342,2,9.1,0,5,Feature Request
CUST-110343,0,0.0,0,,None
CUST-110344,0,0.0,0,,None
CUST-110345,1,54.0,0,2,Feature Request
CUST-110346,5,12.7,1,3,Feature Request
CUST-110347,2,19.7,0,,Billing Inquiry
CUST-110348,0,0.0,0,,None
CUST-110349,1,17.0,0,,Technical Bug
CUST-110350,1,6.5,0,5,Technical Bug
CUST-110351,2,42.7,0,3,Billing Inquiry
CUST-110352,1,23.6,0,5,Feature Request
CUST-110353,0,0.0,0,,None
CUST-110354,1,23.7,0,5,Technical Bug
CUST-110355,2,11.3,0,5,Feature Request
CUST-110356,1,13.2,0,4,Technical Bug
CUST-110357,2,8.2,0,,Feature Request
CUST-110358,0,0.0,0,,None
CUST-110359,0,0.0,0,,None
CUST-110360,0,0.0,0,,None
CUST-110361,0,0.0,0,,None
CUST-110362,1,71.5,0,2,Billing Inquiry
CUST-110363,3,22.0,0,1,Billing Inquiry
CUST-110364,0,0.0,0,,None
CUST-110365,2,47.4,1,3,Billing Inquiry
CUST-110366,2,16.7,0,1,Feature Request
CUST-110367,1,23.9,0,5,Onboarding Help
CUST-110368,1,5.2,0,5,Onboarding Help
CUST-110369,2,9.6,0,5,Feature Request
CUST-110370,3,66.0,0,2,Technical Bug
CUST-110371,0,0.0,0,,None
CUST-110372,2,43.8,1,2,Onboarding Help
CUST-110373,4,50.4,0,3,Onboarding Help
CUST-110374,1,15.0,0,,Feature Request
CUST-110375,2,54.5,1,1,Technical Bug
CUST-110376,4,56.8,1,1,Onboarding Help
CUST-110377,1,18.0,0,,Onboarding Help
CUST-110378,1,14.4,0,5,Technical Bug
CUST-110379,2,58.3,1,1,Billing Inquiry
CUST-110380,3,59.4,1,1,Billing Inquiry
CUST-110381,2,36.1,1,2,Onboarding Help
CUST-110382,2,17.2,0,2,Technical Bug
CUST-110383,4,12.9,0,2,Feature Request
CUST-110384,2,51.8,1,2,Billing Inquiry
CUST-110385,0,0.0,0,,None
CUST-110386,3,57.9,0,2,Feature Request
CUST-110387,2,20.8,0,4,Technical Bug
CUST-110388,3,63.2,0,2,Feature Request
CUST-110389,4,19.6,0,1,Onboarding Help
CUST-110390,1,62.3,0,3,Technical Bug
CUST-110391,4,39.0,0,3,Onboarding Help
CUST-110392,4,44.6,1,2,Onboarding Help
CUST-110393,3,37.6,1,2,Billing Inquiry
CUST-110394,1,60.2,1,2,Billing Inquiry
CUST-110395,2,28.9,0,2,Technical Bug
CUST-110396,0,0.0,0,,None
CUST-110397,1,21.0,0,5,Feature Request
CUST-110398,0,0.0,0,,None
CUST-110399,1,10.8,0,5,Billing Inquiry
CUST-110400,0,0.0,0,,None
CUST-110401,0,0.0,0,,None
CUST-110402,3,13.0,0,5,Feature Request
CUST-110403,1,16.3,0,2,Feature Request
CUST-110404,0,0.0,0,,None
CUST-110405,4,70.6,0,3,Billing Inquiry
CUST-110406,1,15.5,0,4,Onboarding Help
CUST-110407,3,34.4,0,2,Onboarding Help
CUST-110408,0,0.0,0,,None
CUST-110409,2,21.2,0,5,Billing Inquiry
CUST-110410,3,18.1,1,3,Onboarding Help
CUST-110411,2,58.2,0,2,Onboarding Help
CUST-110412,1,46.2,0,2,Technical Bug
CUST-110413,2,53.8,1,1,Billing Inquiry
CUST-110414,0,0.0,0,,None
CUST-110415,3,24.9,0,1,Technical Bug
CUST-110416,1,15.6,0,,Onboarding Help
CUST-110417,2,22.7,1,1,Billing Inquiry
CUST-110418,2,18.7,1,1,Billing Inquiry
CUST-110419,3,12.9,1,2,Billing Inquiry
CUST-110420,2,33.4,1,2,Technical Bug
CUST-110421,2,62.3,0,3,Onboarding Help
CUST-110422,2,38.9,0,1,Feature Request
CUST-110423,1,16.0,0,1,Billing Inquiry
CUST-110424,3,21.4,1,2,Billing Inquiry
CUST-110425,1,13.6,0,5,Billing Inquiry
CUST-110426,1,11.2,0,5,Feature Request
CUST-110427,1,36.0,1,2,Feature Request
CUST-110428,1,14.6,0,4,Feature Request
CUST-110429,1,15.3,0,2,Onboarding Help
CUST-110430,0,0.0,0,,None
CUST-110431,0,0.0,0,,None
CUST-110432,0,0.0,0,,None
CUST-110433,2,33.5,0,2,Billing Inquiry
CUST-110434,1,61.2,1,1,Feature Request
CUST-110435,1,56.4,0,3,Billing Inquiry
CUST-110436,2,67.1,1,3,Onboarding Help
CUST-110437,3,22.8,1,3,Onboarding Help
CUST-110438,2,56.5,0,2,Feature Request
CUST-110439,3,13.1,0,1,Onboarding Help
CUST-110440,1,48.6,0,1,Billing Inquiry
CUST-110441,4,49.1,0,1,Technical Bug
CUST-110442,1,28.5,0,2,Technical Bug
CUST-110443,1,42.4,0,1,Feature Request
CUST-110444,2,7.9,0,4,Billing Inquiry
CUST-110445,0,0.0,0,,None
CUST-110446,0,0.0,0,,None
CUST-110447,0,0.0,0,,None
CUST-110448,0,0.0,0,,None
CUST-110449,1,69.8,0,2,Technical Bug
CUST-110450,0,0.0,0,,None
CUST-110451,0,0.0,0,,None
CUST-110452,0,0.0,0,,None
CUST-110453,0,0.0,0,,None
CUST-110454,0,0.0,0,,None
CUST-110455,0,0.0,0,,None
CUST-110456,1,45.9,0,2,Billing Inquiry
CUST-110457,0,0.0,0,,None
CUST-110458,1,25.6,1,1,Technical Bug
CUST-110459,0,0.0,0,,None
CUST-110460,1,19.1,0,2,Billing Inquiry
CUST-110461,3,12.6,0,3,Onboarding Help
CUST-110462,4,9.2,0,5,Billing Inquiry
CUST-110463,2,15.0,0,1,Onboarding Help
CUST-110464,2,11.6,0,5,Technical Bug
CUST-110465,2,42.5,0,2,Feature Request
CUST-110466,3,16.9,0,1,Billing Inquiry
CUST-110467,1,18.6,0,5,Technical Bug
CUST-110468,2,20.2,0,5,Technical Bug
CUST-110469,1,2.8,0,,Onboarding Help
CUST-110470,3,38.0,1,1,Onboarding Help
CUST-110471,0,0.0,0,,None
CUST-110472,2,61.0,0,1,Feature Request
CUST-110473,1,49.0,0,3,Onboarding Help
CUST-110474,1,62.7,1,1,Onboarding Help
CUST-110475,2,26.1,1,2,Onboarding Help
CUST-110476,2,61.5,0,1,Feature Request
CUST-110477,4,45.5,1,1,Feature Request
CUST-110478,1,24.1,0,3,Feature Request
CUST-110479,2,56.3,1,2,Onboarding Help
CUST-110480,3,55.6,0,1,Onboarding Help
CUST-110481,0,0.0,0,,None
CUST-110482,1,4.4,0,4,Onboarding Help
CUST-110483,0,0.0,0,,None
CUST-110484,1,2.1,0,4,Technical Bug
CUST-110485,1,21.4,0,,Billing Inquiry
CUST-110486,7,49.0,0,3,Onboarding Help
CUST-110487,1,42.7,1,2,Technical Bug
CUST-110488,0,0.0,0,,None
CUST-110489,0,0.0,0,,None
CUST-110490,0,0.0,0,,None
CUST-110491,1,18.3,0,,Technical Bug
CUST-110492,0,0.0,0,,None
CUST-110493,0,0.0,0,,None
CUST-110494,0,0.0,0,,None
CUST-110495,4,47.9,0,1,Feature Request
CUST-110496,2,4.0,0,4,Billing Inquiry
CUST-110497,0,0.0,0,,None
CUST-110498,1,21.0,1,2,Onboarding Help
CUST-110499,2,4.2,0,5,Billing Inquiry
CUST-110500,0,0.0,0,,None
CUST-110501,2,67.8,0,3,Onboarding Help
CUST-110502,0,0.0,0,,None
CUST-110503,0,0.0,0,,None
CUST-110504,0,0.0,0,,None
CUST-110505,1,43.4,0,1,Technical Bug
CUST-110506,1,26.5,1,3,Billing Inquiry
CUST-110507,2,4.0,0,5,Onboarding Help
CUST-110508,2,64.4,0,3,Technical Bug
CUST-110509,1,20.3,0,4,Billing Inquiry
CUST-110510,1,8.4,0,5,Billing Inquiry
CUST-110511,1,46.2,0,1,Feature Request
CUST-110512,1,70.8,0,2,Onboarding Help
CUST-110513,1,11.5,0,5,Billing Inquiry
CUST-110514,1,8.9,0,4,Billing Inquiry
CUST-110515,2,18.4,0,1,Technical Bug
CUST-110516,0,0.0,0,,None
CUST-110517,0,0.0,0,,None
CUST-110518,2,38.2,0,3,Onboarding Help
CUST-110519,1,14.3,0,,Billing Inquiry
CUST-110520,2,50.2,1,2,Feature Request
CUST-110521,1,21.3,0,5,Onboarding Help
CUST-110522,1,20.3,0,4,Feature Request
CUST-110523,2,9.9,0,5,Technical Bug
CUST-110524,1,17.2,0,5,Technical Bug
CUST-110525,0,0.0,0,,None
CUST-110526,0,0.0,0,,None
CUST-110527,3,31.2,0,2,Technical Bug
CUST-110528,2,57.7,1,2,Feature Request
CUST-110529,4,37.3,0,2,Billing Inquiry
CUST-110530,0,0.0,0,,None
CUST-110531,2,17.2,0,4,Technical Bug
CUST-110532,1,14.2,0,1,Feature Request
CUST-110533,0,0.0,0,,None
CUST-110534,1,55.0,1,3,Billing Inquiry
CUST-110535,2,20.6,0,,Billing Inquiry
CUST-110536,4,66.4,1,2,Technical Bug
CUST-110537,0,0.0,0,,None
CUST-110538,2,15.3,0,2,Feature Request
CUST-110539,2,68.3,1,1,Onboarding Help
CUST-110540,2,17.4,1,1,Technical Bug
CUST-110541,0,0.0,0,,None
CUST-110542,3,67.9,0,1,Feature Request
CUST-110543,2,34.1,0,2,Billing Inquiry
CUST-110544,1,3.6,0,5,Onboarding Help
CUST-110545,0,0.0,0,,None
CUST-110546,3,45.4,1,3,Technical Bug
CUST-110547,0,0.0,0,,None
CUST-110548,0,0.0,0,,None
CUST-110549,2,22.4,0,,Feature Request
CUST-110550,3,24.7,0,2,Feature Request
CUST-110551,2,15.7,1,2,Technical Bug
CUST-110552,3,19.4,0,4,Onboarding Help
CUST-110553,1,28.1,0,2,Onboarding Help
CUST-110554,0,0.0,0,,None
CUST-110555,0,0.0,0,,None
CUST-110556,2,70.1,0,2,Feature Request
CUST-110557,0,0.0,0,,None
CUST-110558,2,32.0,0,1,Technical Bug
CUST-110559,1,18.2,0,4,Billing Inquiry
CUST-110560,1,27.2,1,2,Onboarding Help
CUST-110561,2,49.9,1,1,Technical Bug
CUST-110562,1,17.8,0,4,Feature Request
CUST-110563,2,6.5,0,5,Onboarding Help
CUST-110564,3,49.0,0,1,Technical Bug
CUST-110565,2,38.9,0,2,Feature Request
CUST-110566,1,23.0,1,1,Onboarding Help
CUST-110567,3,71.8,1,3,Technical Bug
CUST-110568,2,15.7,0,4,Technical Bug
CUST-110569,2,39.3,0,3,Feature Request
CUST-110570,1,6.1,0,5,Feature Request
CUST-110571,0,0.0,0,,None
CUST-110572,0,0.0,0,,None
CUST-110573,2,26.0,0,1,Technical Bug
CUST-110574,0,0.0,0,,None
CUST-110575,3,21.4,0,,Feature Request
CUST-110576,0,0.0,0,,None
CUST-110577,2,6.8,0,4,Onboarding Help
CUST-110578,0,0.0,0,,None
CUST-110579,4,40.2,0,1,Technical Bug
CUST-110580,2,9.2,0,4,Technical Bug
CUST-110581,0,0.0,0,,None
CUST-110582,1,71.9,0,2,Onboarding Help
CUST-110583,2,29.3,1,3,Onboarding Help
CUST-110584,2,31.7,0,2,Onboarding Help
CUST-110585,1,22.1,0,5,Feature Request
CUST-110586,1,70.9,1,3,Onboarding Help
CUST-110587,0,0.0,0,,None
CUST-110588,0,0.0,0,,None
CUST-110589,2,35.9,0,3,Technical Bug
CUST-110590,0,0.0,0,,None
CUST-110591,1,6.6,0,4,Billing Inquiry
CUST-110592,0,0.0,0,,None
CUST-110593,2,17.2,0,5,Technical Bug
CUST-110594,1,27.3,0,3,Technical Bug
CUST-110595,1,6.5,0,5,Onboarding Help
CUST-110596,2,6.6,0,4,Feature Request
CUST-110597,2,14.6,0,5,Billing Inquiry
CUST-110598,0,0.0,0,,None
CUST-110599,3,53.5,0,2,Technical Bug
CUST-110600,1,29.1,0,3,Feature Request
CUST-110601,2,13.3,0,4,Technical Bug
CUST-110602,1,55.1,0,1,Onboarding Help
CUST-110603,1,18.8,0,,Technical Bug
CUST-110604,0,0.0,0,,None
CUST-110605,1,6.1,0,5,Onboarding Help
CUST-110606,3,24.2,1,3,Feature Request
CUST-110607,0,0.0,0,,None
CUST-110608,0,0.0,0,,None
CUST-110609,1,9.1,0,,Technical Bug
CUST-110610,0,0.0,0,,None
CUST-110611,0,0.0,0,,None
CUST-110612,0,0.0,0,,None
CUST-110613,3,8.1,0,4,Feature Request
CUST-110614,0,0.0,0,,None
CUST-110615,1,35.2,0,1,Technical Bug
CUST-110616,0,0.0,0,,None
CUST-110617,0,0.0,0,,None
CUST-110618,2,9.7,0,,Billing Inquiry
CUST-110619,2,5.1,0,4,Technical Bug
CUST-110620,2,49.4,1,3,Technical Bug
CUST-110621,3,22.8,0,1,Feature Request
CUST-110622,1,18.9,0,5,Feature Request
CUST-110623,2,15.2,0,1,Technical Bug
CUST-110624,1,17.5,0,,Onboarding Help
CUST-110625,2,43.8,1,1,Technical Bug
CUST-110626,1,26.4,0,1,Feature Request
CUST-110627,3,66.8,1,3,Technical Bug
CUST-110628,1,22.8,0,2,Feature Request
CUST-110629,0,0.0,0,,None
CUST-110630,1,24.8,1,2,Technical Bug
CUST-110631,0,0.0,0,,None
CUST-110632,0,0.0,0,,None
CUST-110633,3,49.7,1,1,Billing Inquiry
CUST-110634,0,0.0,0,,None
CUST-110635,3,37.0,1,2,Feature Request
CUST-110636,2,61.7,1,1,Billing Inquiry
CUST-110637,3,50.5,0,3,Technical Bug
CUST-110638,3,24.7,1,3,Billing Inquiry
CUST-110639,3,38.3,1,1,Billing Inquiry
CUST-110640,0,0.0,0,,None
CUST-110641,0,0.0,0,,None
CUST-110642,0,0.0,0,,None
CUST-110643,2,63.9,0,3,Technical Bug
CUST-110644,0,0.0,0,,None
CUST-110645,1,29.3,1,2,Feature Request
CUST-110646,1,43.3,0,2,Technical Bug
CUST-110647,1,13.1,0,,Onboarding Help
CUST-110648,0,0.0,0,,None
CUST-110649,1,4.6,0,4,Technical Bug
CUST-110650,2,47.7,0,1,Billing Inquiry
CUST-110651,1,62.4,1,3,Billing Inquiry
CUST-110652,1,7.4,0,,Feature Request
CUST-110653,1,18.4,1,3,Feature Request
CUST-110654,1,34.9,0,3,Technical Bug
CUST-110655,1,20.1,0,,Onboarding Help
CUST-110656,1,7.6,0,4,Feature Request
CUST-110657,4,49.9,0,1,Billing Inquiry
CUST-110658,0,0.0,0,,None
CUST-110659,4,26.5,1,1,Onboarding Help
CUST-110660,5,48.2,0,1,Technical Bug
CUST-110661,5,53.1,1,3,Billing Inquiry
CUST-110662,1,25.2,0,2,Technical Bug
CUST-110663,1,18.5,0,5,Feature Request
CUST-110664,1,5.0,0,4,Billing Inquiry
CUST-110665,1,10.6,0,5,Technical Bug
CUST-110666,1,7.8,0,5,Billing Inquiry
CUST-110667,2,27.1,0,2,Feature Request
CUST-110668,1,38.2,0,3,Feature Request
CUST-110669,0,0.0,0,,None
CUST-110670,1,9.0,0,5,Billing Inquiry
CUST-110671,1,45.4,1,2,Onboarding Help
CUST-110672,1,67.2,0,3,Feature Request
CUST-110673,1,57.2,1,1,Billing Inquiry
CUST-110674,0,0.0,0,,None
CUST-110675,2,65.5,1,3,Technical Bug
CUST-110676,2,2.3,0,5,Technical Bug
CUST-110677,0,0.0,0,,None
CUST-110678,2,25.4,0,3,Billing Inquiry
CUST-110679,1,57.2,1,3,Billing Inquiry
CUST-110680,1,36.1,1,2,Feature Request
CUST-110681,1,33.7,0,1,Onboarding Help
CUST-110682,0,0.0,0,,None
CUST-110683,1,12.0,0,4,Onboarding Help
CUST-110684,1,67.2,1,3,Onboarding Help
CUST-110685,2,65.8,0,3,Technical Bug
CUST-110686,2,18.4,0,4,Onboarding Help
CUST-110687,1,20.4,0,2,Onboarding Help
CUST-110688,3,25.2,1,2,Billing Inquiry
CUST-110689,1,9.6,0,4,Technical Bug
CUST-110690,0,0.0,0,,None
CUST-110691,0,0.0,0,,None
CUST-110692,0,0.0,0,,None
CUST-110693,4,46.2,1,1,Billing Inquiry
CUST-110694,1,71.8,1,3,Billing Inquiry
CUST-110695,2,23.2,0,3,Onboarding Help
CUST-110696,1,9.1,0,4,Onboarding Help
CUST-110697,1,70.7,1,3,Feature Request
CUST-110698,1,41.4,1,3,Onboarding Help
CUST-110699,1,17.7,0,5,Technical Bug
CUST-110700,2,14.5,1,2,Feature Request
CUST-110701,3,35.2,1,1,Feature Request
CUST-110702,2,34.6,0,3,Technical Bug
CUST-110703,2,37.5,1,1,Onboarding Help
CUST-110704,0,0.0,0,,None
CUST-110705,1,17.1,1,1,Billing Inquiry
CUST-110706,2,63.3,0,2,Feature Request
CUST-110707,1,30.7,1,1,Technical Bug
CUST-110708,1,14.3,0,3,Technical Bug
CUST-110709,1,50.7,0,1,Technical Bug
CUST-110710,1,15.4,0,,Technical Bug
CUST-110711,2,55.0,0,2,Feature Request
CUST-110712,2,70.0,0,3,Technical Bug
CUST-110713,1,24.8,0,3,Technical Bug
CUST-110714,1,61.4,0,2,Technical Bug
CUST-110715,1,60.5,0,2,Feature Request
CUST-110716,1,12.0,0,4,Billing Inquiry
CUST-110717,0,0.0,0,,None
CUST-110718,1,20.6,1,2,Billing Inquiry
CUST-110719,1,36.2,0,3,Onboarding Help
CUST-110720,2,53.8,0,2,Onboarding Help
CUST-110721,2,23.7,0,1,Onboarding Help
CUST-110722,3,48.8,0,3,Billing Inquiry
CUST-110723,1,21.4,0,5,Feature Request
CUST-110724,1,69.9,0,3,Feature Request
CUST-110725,2,19.3,0,4,Billing Inquiry
CUST-110726,0,0.0,0,,None
CUST-110727,1,23.1,0,5,Billing Inquiry
CUST-110728,1,50.3,1,1,Feature Request
CUST-110729,1,6.4,0,5,Onboarding Help
CUST-110730,1,21.9,0,,Onboarding Help
CUST-110731,1,18.4,0,4,Technical Bug
CUST-110732,1,19.6,0,,Onboarding Help
CUST-110733,1,70.1,1,3,Technical Bug
CUST-110734,2,27.0,1,3,Feature Request
CUST-110735,2,56.0,1,1,Onboarding Help
CUST-110736,3,39.9,0,1,Onboarding Help
CUST-110737,2,65.0,0,1,Feature Request
CUST-110738,1,2.8,0,4,Onboarding Help
CUST-110739,2,14.4,0,4,Technical Bug
CUST-110740,1,14.8,1,2,Onboarding Help
CUST-110741,0,0.0,0,,None
CUST-110742,3,22.6,1,3,Feature Request
CUST-110743,1,25.8,1,2,Technical Bug
CUST-110744,1,50.5,1,3,Onboarding Help
CUST-110745,0,0.0,0,,None
CUST-110746,0,0.0,0,,None
CUST-110747,4,49.4,1,2,Technical Bug
CUST-110748,2,64.2,0,1,Onboarding Help
CUST-110749,1,17.0,0,4,Technical Bug
CUST-110750,0,0.0,0,,None
CUST-110751,1,6.8,0,5,Onboarding Help
CUST-110752,2,29.9,1,3,Feature Request
CUST-110753,4,37.9,1,1,Onboarding Help
CUST-110754,0,0.0,0,,None
CUST-110755,1,17.5,0,4,Technical Bug
CUST-110756,3,14.9,1,1,Feature Request
CUST-110757,0,0.0,0,,None
CUST-110758,2,49.6,0,2,Onboarding Help
CUST-110759,2,34.7,0,3,Technical Bug
CUST-110760,4,35.8,1,2,Feature Request
CUST-110761,1,20.3,0,,Technical Bug
CUST-110762,1,20.8,0,2,Feature Request
CUST-110763,0,0.0,0,,None
CUST-110764,5,21.0,0,3,Billing Inquiry
CUST-110765,0,0.0,0,,None
CUST-110766,6,47.5,1,3,Onboarding Help
CUST-110767,1,39.6,0,1,Billing Inquiry
CUST-110768,2,21.3,0,4,Onboarding Help
CUST-110769,1,43.3,0,3,Billing Inquiry
CUST-110770,1,27.5,0,3,Billing Inquiry
CUST-110771,1,25.1,0,2,Onboarding Help
CUST-110772,1,15.8,0,2,Technical Bug
CUST-110773,0,0.0,0,,None
CUST-110774,2,60.3,0,2,Technical Bug
CUST-110775,1,15.7,0,3,Technical Bug
CUST-110776,1,2.3,0,5,Onboarding Help
CUST-110777,1,18.8,0,2,Onboarding Help
CUST-110778,1,22.8,0,3,Feature Request
CUST-110779,0,0.0,0,,None
CUST-110780,3,26.2,0,1,Onboarding Help
CUST-110781,2,22.8,0,2,Billing Inquiry
CUST-110782,2,30.2,0,1,Billing Inquiry
CUST-110783,1,52.8,0,2,Onboarding Help
CUST-110784,1,15.0,0,4,Technical Bug
CUST-110785,1,61.2,0,3,Technical Bug
CUST-110786,3,71.8,0,2,Onboarding Help
CUST-110787,3,7.5,0,4,Onboarding Help
CUST-110788,5,41.8,1,3,Onboarding Help
CUST-110789,2,56.9,0,1,Technical Bug
CUST-110790,1,16.1,0,5,Technical Bug
CUST-110791,0,0.0,0,,None
CUST-110792,1,18.7,0,3,Billing Inquiry
CUST-110793,0,0.0,0,,None
CUST-110794,4,71.5,1,2,Onboarding Help
CUST-110795,1,42.7,1,3,Feature Request
CUST-110796,1,16.9,0,3,Billing Inquiry
CUST-110797,2,20.1,0,5,Billing Inquiry
CUST-110798,2,48.5,0,3,Feature Request
CUST-110799,2,48.4,0,2,Billing Inquiry
CUST-110800,1,41.0,1,2,Onboarding Help
CUST-110801,0,0.0,0,,None
CUST-110802,1,52.6,0,2,Technical Bug
CUST-110803,1,58.0,0,3,Onboarding Help
CUST-110804,2,52.4,0,2,Onboarding Help
CUST-110805,5,64.7,0,1,Onboarding Help
CUST-110806,3,36.7,0,3,Onboarding Help
CUST-110807,2,21.6,1,3,Onboarding Help
CUST-110808,3,30.7,1,2,Billing Inquiry
CUST-110809,1,71.6,1,1,Feature Request
CUST-110810,1,48.4,1,3,Feature Request
CUST-110811,2,57.6,1,3,Onboarding Help
CUST-110812,5,65.3,0,1,Technical Bug
CUST-110813,0,0.0,0,,None
CUST-110814,0,0.0,0,,None
CUST-110815,1,31.9,1,1,Onboarding Help
CUST-110816,1,7.8,0,5,Onboarding Help
CUST-110817,0,0.0,0,,None
CUST-110818,3,65.3,0,1,Feature Request
CUST-110819,1,61.0,1,2,Onboarding Help
CUST-110820,2,7.1,0,4,Technical Bug
CUST-110821,2,24.4,1,2,Feature Request
CUST-110822,1,53.7,0,2,Technical Bug
CUST-110823,1,21.6,0,,Billing Inquiry
CUST-110824,0,0.0,0,,None
CUST-110825,0,0.0,0,,None
CUST-110826,1,17.3,0,4,Billing Inquiry
CUST-110827,0,0.0,0,,None
CUST-110828,1,14.8,0,4,Feature Request
CUST-110829,3,28.4,0,2,Onboarding Help
CUST-110830,1,42.8,0,3,Billing Inquiry
CUST-110831,0,0.0,0,,None
CUST-110832,3,45.8,0,3,Technical Bug
CUST-110833,5,11.7,0,5,Technical Bug
CUST-110834,1,48.6,1,2,Technical Bug
CUST-110835,2,12.4,1,1,Feature Request
CUST-110836,2,14.3,0,4,Technical Bug
CUST-110837,3,19.5,0,4,Technical Bug
CUST-110838,1,10.9,0,5,Onboarding Help
CUST-110839,1,39.1,1,3,Technical Bug
CUST-110840,0,0.0,0,,None
CUST-110841,1,67.8,0,1,Feature Request
CUST-110842,1,15.8,0,5,Feature Request
CUST-110843,1,46.9,0,2,Feature Request
CUST-110844,1,23.2,0,5,Technical Bug
CUST-110845,2,18.4,1,3,Onboarding Help
CUST-110846,0,0.0,0,,None
CUST-110847,1,53.1,0,2,Onboarding Help
CUST-110848,1,68.2,0,3,Technical Bug
CUST-110849,1,36.4,1,3,Feature Request
CUST-110850,2,35.4,0,1,Billing Inquiry
CUST-110851,0,0.0,0,,None
CUST-110852,0,0.0,0,,None
CUST-110853,2,17.4,0,,Feature Request
CUST-110854,2,31.5,0,3,Feature Request
CUST-110855,1,23.0,0,2,Technical Bug
CUST-110856,0,0.0,0,,None
CUST-110857,0,0.0,0,,None
CUST-110858,0,0.0,0,,None
CUST-110859,0,0.0,0,,None
CUST-110860,2,64.0,0,1,Onboarding Help
CUST-110861,0,0.0,0,,None
CUST-110862,1,18.6,1,3,Feature Request
CUST-110863,1,20.2,0,,Billing Inquiry
CUST-110864,3,41.4,0,2,Feature Request
CUST-110865,0,0.0,0,,None
CUST-110866,0,0.0,0,,None
CUST-110867,1,10.3,0,5,Onboarding Help
CUST-110868,1,15.4,0,5,Technical Bug
CUST-110869,0,0.0,0,,None
CUST-110870,2,60.9,1,1,Billing Inquiry
CUST-110871,1,8.2,0,5,Onboarding Help
CUST-110872,0,0.0,0,,None
CUST-110873,1,57.6,0,1,Billing Inquiry
CUST-110874,2,21.0,0,4,Feature Request
CUST-110875,0,0.0,0,,None
CUST-110876,1,20.0,1,2,Technical Bug
CUST-110877,1,27.7,0,1,Feature Request
CUST-110878,0,0.0,0,,None
CUST-110879,0,0.0,0,,None
CUST-110880,1,20.8,0,1,Feature Request
CUST-110881,0,0.0,0,,None
CUST-110882,0,0.0,0,,None
CUST-110883,1,24.5,0,2,Technical Bug
CUST-110884,0,0.0,0,,None
CUST-110885,2,64.5,1,1,Feature Request
CUST-110886,0,0.0,0,,None
CUST-110887,1,15.2,0,4,Feature Request
CUST-110888,1,44.6,0,1,Feature Request
CUST-110889,1,15.2,0,4,Onboarding Help
CUST-110890,0,0.0,0,,None
CUST-110891,3,43.0,1,1,Technical Bug
CUST-110892,2,29.9,1,3,Billing Inquiry
CUST-110893,1,45.3,1,1,Onboarding Help
CUST-110894,1,3.1,0,4,Technical Bug
CUST-110895,0,0.0,0,,None
CUST-110896,2,7.7,0,5,Billing Inquiry
CUST-110897,0,0.0,0,,None
CUST-110898,0,0.0,0,,None
CUST-110899,1,40.5,0,2,Onboarding Help
CUST-110900,0,0.0,0,,None
CUST-110901,0,0.0,0,,None
CUST-110902,3,71.0,1,3,Technical Bug
CUST-110903,1,24.4,0,1,Technical Bug
CUST-110904,0,0.0,0,,None
CUST-110905,1,65.5,0,3,Billing Inquiry
CUST-110906,2,26.0,1,3,Billing Inquiry
CUST-110907,1,53.0,1,1,Billing Inquiry
CUST-110908,2,21.8,0,,Technical Bug
CUST-110909,2,40.2,0,2,Feature Request
CUST-110910,4,21.2,1,2,Technical Bug
CUST-110911,0,0.0,0,,None
CUST-110912,1,48.3,0,2,Billing Inquiry
CUST-110913,0,0.0,0,,None
CUST-110914,0,0.0,0,,None
CUST-110915,0,0.0,0,,None
CUST-110916,0,0.0,0,,None
CUST-110917,1,17.1,0,,Onboarding Help
CUST-110918,1,42.9,0,3,Billing Inquiry
CUST-110919,1,70.3,0,2,Onboarding Help
CUST-110920,0,0.0,0,,None
CUST-110921,2,30.5,0,1,Technical Bug
CUST-110922,2,2.8,0,5,Onboarding Help
CUST-110923,0,0.0,0,,None
CUST-110924,2,52.4,1,2,Onboarding Help
CUST-110925,2,41.7,0,3,Onboarding Help
CUST-110926,1,5.5,0,5,Billing Inquiry
CUST-110927,2,30.6,0,2,Feature Request
CUST-110928,2,9.3,0,4,Feature Request
CUST-110929,3,69.3,0,1,Onboarding Help
CUST-110930,2,53.4,0,1,Onboarding Help
CUST-110931,0,0.0,0,,None
CUST-110932,2,67.6,1,3,Technical Bug
CUST-110933,0,0.0,0,,None
CUST-110934,1,39.0,1,1,Technical Bug
CUST-110935,3,63.9,0,3,Billing Inquiry
CUST-110936,1,33.0,0,2,Technical Bug
CUST-110937,0,0.0,0,,None
CUST-110938,3,21.4,0,5,Feature Request
CUST-110939,2,21.5,0,5,Technical Bug
CUST-110940,1,9.4,0,5,Technical Bug
CUST-110941,0,0.0,0,,None
CUST-110942,1,21.1,0,4,Onboarding Help
CUST-110943,0,0.0,0,,None
CUST-110944,1,4.4,0,4,Onboarding Help
CUST-110945,1,3.7,0,,Feature Request
CUST-110946,2,17.1,1,1,Onboarding Help
CUST-110947,1,11.1,0,5,Technical Bug
CUST-110948,0,0.0,0,,None
CUST-110949,2,68.1,0,3,Feature Request
CUST-110950,2,26.6,0,1,Feature Request
CUST-110951,1,31.8,1,2,Feature Request
CUST-110952,3,63.7,1,2,Feature Request
CUST-110953,1,8.7,0,4,Technical Bug
CUST-110954,2,3.9,0,,Technical Bug
CUST-110955,5,66.5,0,1,Feature Request
CUST-110956,4,64.7,0,3,Billing Inquiry
CUST-110957,0,0.0,0,,None
CUST-110958,2,2.2,0,4,Feature Request
CUST-110959,1,30.4,0,3,Billing Inquiry
CUST-110960,2,18.1,1,3,Onboarding Help
CUST-110961,1,66.4,0,2,Technical Bug
CUST-110962,1,21.7,0,4,Billing Inquiry
CUST-110963,3,42.2,0,3,Billing Inquiry
CUST-110964,1,54.9,1,2,Onboarding Help
CUST-110965,1,62.5,1,1,Onboarding Help
CUST-110966,1,33.9,0,3,Technical Bug
CUST-110967,5,68.6,1,2,Technical Bug
CUST-110968,0,0.0,0,,None
CUST-110969,2,57.4,1,3,Feature Request
CUST-110970,0,0.0,0,,None
CUST-110971,2,65.7,0,1,Billing Inquiry
CUST-110972,1,26.8,1,2,Billing Inquiry
CUST-110973,1,71.6,1,1,Feature Request
CUST-110974,0,0.0,0,,None
CUST-110975,2,13.9,0,,Onboarding Help
CUST-110976,1,27.9,0,2,Onboarding Help
CUST-110977,2,56.6,1,2,Billing Inquiry
CUST-110978,2,19.7,1,3,Onboarding Help
CUST-110979,2,22.9,1,3,Technical Bug
CUST-110980,1,11.0,0,4,Billing Inquiry
CUST-110981,0,0.0,0,,None
CUST-110982,0,0.0,0,,None
CUST-110983,1,42.5,0,2,Billing Inquiry
CUST-110984,1,21.0,0,5,Feature Request
CUST-110985,0,0.0,0,,None
CUST-110986,0,0.0,0,,None
CUST-110987,0,0.0,0,,None
CUST-110988,0,0.0,0,,None
CUST-110989,0,0.0,0,,None
CUST-110990,0,0.0,0,,None
CUST-110991,3,30.3,1,2,Billing Inquiry
CUST-110992,0,0.0,0,,None
CUST-110993,1,23.4,1,3,Onboarding Help
CUST-110994,1,16.5,1,3,Feature Request
CUST-110995,2,5.8,0,5,Billing Inquiry
CUST-110996,3,59.7,1,1,Billing Inquiry
CUST-110997,0,0.0,0,,None
CUST-110998,3,22.6,0,1,Technical Bug
CUST-110999,0,0.0,0,,None
CUST-111000,2,49.5,1,2,Onboarding Help
CUST-111001,2,17.7,0,4,Billing Inquiry
CUST-111002,0,0.0,0,,None
CUST-111003,1,69.1,0,3,Technical Bug
CUST-111004,4,24.7,1,1,Onboarding Help
CUST-111005,2,15.5,1,1,Technical Bug
CUST-111006,3,29.4,0,1,Billing Inquiry
CUST-111007,1,47.2,0,1,Feature Request
CUST-111008,0,0.0,0,,None
CUST-111009,7,20.7,1,1,Onboarding Help
CUST-111010,0,0.0,0,,None
CUST-111011,1,18.8,0,4,Billing Inquiry
CUST-111012,0,0.0,0,,None
CUST-111013,2,25.7,0,1,Billing Inquiry
CUST-111014,1,23.7,0,4,Onboarding Help
CUST-111015,3,71.3,0,3,Technical Bug
CUST-111016,3,67.0,1,2,Technical Bug
CUST-111017,1,10.9,0,5,Billing Inquiry
CUST-111018,2,36.3,1,3,Feature Request
CUST-111019,3,46.4,1,3,Billing Inquiry
CUST-111020,1,13.8,0,4,Onboarding Help
CUST-111021,2,70.7,0,1,Onboarding Help
CUST-111022,1,19.3,0,4,Technical Bug
CUST-111023,2,12.1,1,3,Technical Bug
CUST-111024,2,7.0,0,5,Technical Bug
CUST-111025,2,20.8,0,1,Feature Request
CUST-111026,1,19.8,0,5,Billing Inquiry
CUST-111027,0,0.0,0,,None
CUST-111028,2,16.6,0,4,Onboarding Help
CUST-111029,1,22.5,0,4,Onboarding Help
CUST-111030,1,8.2,0,,Billing Inquiry
CUST-111031,1,26.8,1,2,Billing Inquiry
CUST-111032,0,0.0,0,,None
CUST-111033,2,58.9,1,2,Technical Bug
CUST-111034,1,32.5,0,3,Billing Inquiry
CUST-111035,0,0.0,0,,None
CUST-111036,1,12.1,0,4,Technical Bug
CUST-111037,0,0.0,0,,None
CUST-111038,1,60.4,0,3,Onboarding Help
CUST-111039,0,0.0,0,,None
CUST-111040,5,10.5,0,4,Technical Bug
CUST-111041,1,16.0,1,1,Onboarding Help
CUST-111042,1,21.3,1,2,Onboarding Help
CUST-111043,1,15.2,0,5,Onboarding Help
CUST-111044,2,12.2,0,4,Technical Bug
CUST-111045,0,0.0,0,,None
CUST-111046,1,31.9,0,1,Billing Inquiry
CUST-111047,4,66.4,1,1,Onboarding Help
CUST-111048,0,0.0,0,,None
CUST-111049,2,71.1,0,2,Technical Bug
CUST-111050,1,4.3,0,4,Feature Request
CUST-111051,1,17.8,0,,Technical Bug
CUST-111052,3,31.5,0,2,Billing Inquiry
CUST-111053,3,23.7,0,1,Feature Request
CUST-111054,2,69.7,0,2,Onboarding Help
CUST-111055,1,43.5,0,2,Onboarding Help
CUST-111056,1,23.4,0,5,Onboarding Help
CUST-111057,1,16.9,0,,Feature Request
CUST-111058,2,46.2,1,3,Onboarding Help
CUST-111059,0,0.0,0,,None
CUST-111060,3,18.2,0,3,Feature Request
CUST-111061,6,64.9,0,3,Technical Bug
CUST-111062,0,0.0,0,,None
CUST-111063,4,55.0,0,3,Onboarding Help
CUST-111064,1,16.5,0,4,Feature Request
CUST-111065,1,67.8,0,2,Onboarding Help
CUST-111066,1,57.7,0,3,Feature Request
CUST-111067,0,0.0,0,,None
CUST-111068,3,19.2,0,3,Feature Request
CUST-111069,0,0.0,0,,None
CUST-111070,1,23.2,0,1,Technical Bug
CUST-111071,1,51.4,0,3,Feature Request
CUST-111072,2,9.6,0,4,Billing Inquiry
CUST-111073,0,0.0,0,,None
CUST-111074,3,21.8,0,4,Feature Request
CUST-111075,3,49.7,1,1,Billing Inquiry
CUST-111076,2,3.6,0,4,Feature Request
CUST-111077,2,22.2,0,4,Onboarding Help
CUST-111078,1,9.8,0,4,Technical Bug
CUST-111079,3,16.5,0,4,Feature Request
CUST-111080,4,20.5,1,2,Technical Bug
CUST-111081,1,20.3,0,5,Technical Bug
CUST-111082,1,67.4,1,3,Feature Request
CUST-111083,0,0.0,0,,None
CUST-111084,5,47.6,1,3,Technical Bug
CUST-111085,0,0.0,0,,None
CUST-111086,1,21.3,0,5,Billing Inquiry
CUST-111087,0,0.0,0,,None
CUST-111088,1,67.4,0,3,Technical Bug
CUST-111089,3,41.9,1,2,Technical Bug
CUST-111090,1,12.0,0,4,Feature Request
CUST-111091,0,0.0,0,,None
CUST-111092,6,56.3,0,1,Billing Inquiry
CUST-111093,1,35.2,1,3,Onboarding Help
CUST-111094,0,0.0,0,,None
CUST-111095,2,4.0,0,5,Technical Bug
CUST-111096,1,8.4,0,4,Billing Inquiry
CUST-111097,1,19.6,0,3,Technical Bug
CUST-111098,1,13.7,0,,Onboarding Help
CUST-111099,0,0.0,0,,None
CUST-111100,2,23.4,0,5,Onboarding Help
CUST-111101,2,64.0,1,3,Feature Request
CUST-111102,0,0.0,0,,None
CUST-111103,3,69.9,1,2,Onboarding Help
CUST-111104,0,0.0,0,,None
CUST-111105,3,62.3,0,2,Onboarding Help
CUST-111106,0,0.0,0,,None
CUST-111107,4,47.0,0,3,Feature Request
CUST-111108,1,56.3,1,2,Feature Request
CUST-111109,4,40.1,0,1,Technical Bug
CUST-111110,5,56.2,1,1,Feature Request
CUST-111111,1,14.1,0,4,Technical Bug
CUST-111112,1,67.5,0,1,Technical Bug
CUST-111113,2,4.0,0,5,Onboarding Help
CUST-111114,2,20.2,0,2,Onboarding Help
CUST-111115,0,0.0,0,,None
CUST-111116,0,0.0,0,,None
CUST-111117,1,18.9,1,1,Technical Bug
CUST-111118,0,0.0,0,,None
CUST-111119,3,21.0,0,2,Billing Inquiry
CUST-111120,3,36.0,1,3,Billing Inquiry
CUST-111121,3,40.4,1,3,Feature Request
CUST-111122,0,0.0,0,,None
CUST-111123,1,59.2,0,2,Onboarding Help
CUST-111124,3,43.3,0,1,Technical Bug
CUST-111125,1,39.6,0,3,Billing Inquiry
CUST-111126,2,43.2,0,3,Feature Request
CUST-111127,2,27.3,0,2,Feature Request
CUST-111128,1,16.8,0,5,Billing Inquiry
CUST-111129,2,8.4,0,4,Technical Bug
CUST-111130,1,36.4,0,1,Onboarding Help
CUST-111131,1,27.6,1,2,Onboarding Help
CUST-111132,0,0.0,0,,None
CUST-111133,1,48.5,0,2,Billing Inquiry
CUST-111134,2,45.1,0,1,Onboarding Help
CUST-111135,0,0.0,0,,None
CUST-111136,2,20.2,0,5,Onboarding Help
CUST-111137,2,36.7,1,3,Billing Inquiry
CUST-111138,0,0.0,0,,None
CUST-111139,3,70.3,0,3,Feature Request
CUST-111140,0,0.0,0,,None
CUST-111141,1,13.9,1,3,Billing Inquiry
CUST-111142,1,8.9,0,,Feature Request
CUST-111143,0,0.0,0,,None
CUST-111144,1,5.3,0,,Feature Request
CUST-111145,0,0.0,0,,None
CUST-111146,2,62.2,1,2,Onboarding Help
CUST-111147,1,36.8,1,3,Feature Request
CUST-111148,0,0.0,0,,None
CUST-111149,5,15.5,0,1,Technical Bug
CUST-111150,2,65.5,0,3,Onboarding Help
CUST-111151,4,55.6,0,3,Feature Request
CUST-111152,2,70.3,1,1,Technical Bug
CUST-111153,3,50.1,1,2,Billing Inquiry
CUST-111154,0,0.0,0,,None
CUST-111155,0,0.0,0,,None
CUST-111156,1,50.9,0,2,Billing Inquiry
CUST-111157,1,44.7,0,1,Onboarding Help
CUST-111158,1,11.3,0,4,Onboarding Help
CUST-111159,3,46.4,0,1,Technical Bug
CUST-111160,3,12.3,1,1,Billing Inquiry
CUST-111161,1,29.1,1,2,Billing Inquiry
CUST-111162,1,63.0,1,1,Billing Inquiry
CUST-111163,1,34.2,0,1,Billing Inquiry
CUST-111164,3,23.7,0,5,Billing Inquiry
CUST-111165,1,12.6,0,,Onboarding Help
CUST-111166,1,44.9,0,1,Technical Bug
CUST-111167,3,29.9,0,3,Feature Request
CUST-111168,3,20.8,0,2,Technical Bug
CUST-111169,3,25.6,0,1,Billing Inquiry
CUST-111170,1,4.7,0,4,Technical Bug
CUST-111171,0,0.0,0,,None
CUST-111172,0,0.0,0,,None
CUST-111173,1,3.7,0,5,Feature Request
CUST-111174,1,14.2,0,5,Onboarding Help
CUST-111175,3,17.7,1,2,Feature Request
CUST-111176,1,71.2,1,3,Technical Bug
CUST-111177,0,0.0,0,,None
CUST-111178,1,28.3,0,1,Onboarding Help
CUST-111179,1,41.1,0,2,Technical Bug
CUST-111180,1,71.7,0,1,Feature Request
CUST-111181,2,68.8,1,2,Feature Request
CUST-111182,0,0.0,0,,None
CUST-111183,2,26.1,0,2,Billing Inquiry
CUST-111184,2,53.2,1,3,Feature Request
CUST-111185,3,14.9,1,3,Technical Bug
CUST-111186,1,31.0,1,3,Feature Request
CUST-111187,2,16.9,0,4,Billing Inquiry
CUST-111188,3,57.7,0,2,Billing Inquiry
CUST-111189,2,14.8,0,,Feature Request
CUST-111190,5,62.2,1,3,Billing Inquiry
CUST-111191,1,9.1,0,,Feature Request
CUST-111192,1,21.6,0,4,Billing Inquiry
CUST-111193,2,12.9,0,5,Technical Bug
CUST-111194,0,0.0,0,,None
CUST-111195,2,46.0,0,2,Technical Bug
CUST-111196,1,42.6,1,3,Onboarding Help
CUST-111197,3,54.8,0,1,Technical Bug
CUST-111198,0,0.0,0,,None
CUST-111199,1,15.5,0,5,Onboarding Help
CUST-111200,2,10.0,0,5,Billing Inquiry
CUST-111201,0,0.0,0,,None
CUST-111202,0,0.0,0,,None
CUST-111203,2,27.6,1,2,Technical Bug
CUST-111204,1,12.6,0,1,Feature Request
CUST-111205,0,0.0,0,,None
CUST-111206,2,48.4,0,3,Feature Request
CUST-111207,0,0.0,0,,None
CUST-111208,0,0.0,0,,None
CUST-111209,0,0.0,0,,None
CUST-111210,3,55.1,1,3,Billing Inquiry
CUST-111211,0,0.0,0,,None
CUST-111212,1,3.8,0,,Onboarding Help
CUST-111213,4,56.8,0,1,Technical Bug
CUST-111214,1,31.4,0,2,Onboarding Help
CUST-111215,2,64.3,1,1,Onboarding Help
CUST-111216,3,29.2,0,3,Feature Request
CUST-111217,4,43.3,0,3,Feature Request
CUST-111218,1,21.9,0,2,Billing Inquiry
CUST-111219,0,0.0,0,,None
CUST-111220,1,15.9,0,5,Technical Bug
CUST-111221,3,50.7,1,1,Feature Request
CUST-111222,2,14.8,0,5,Onboarding Help
CUST-111223,1,42.5,0,3,Onboarding Help
CUST-111224,1,19.0,0,4,Technical Bug
CUST-111225,0,0.0,0,,None
CUST-111226,1,32.9,1,1,Onboarding Help
CUST-111227,2,55.6,0,3,Technical Bug
CUST-111228,2,13.0,1,2,Technical Bug
CUST-111229,2,35.4,0,1,Billing Inquiry
CUST-111230,3,13.3,0,3,Technical Bug
CUST-111231,0,0.0,0,,None
CUST-111232,1,14.3,0,5,Billing Inquiry
CUST-111233,0,0.0,0,,None
CUST-111234,2,40.4,1,2,Technical Bug
CUST-111235,2,54.4,0,1,Onboarding Help
CUST-111236,2,48.0,0,3,Billing Inquiry
CUST-111237,1,7.1,0,4,Technical Bug
CUST-111238,0,0.0,0,,None
CUST-111239,0,0.0,0,,None
CUST-111240,3,47.4,1,3,Feature Request
CUST-111241,0,0.0,0,,None
CUST-111242,4,20.1,1,1,Onboarding Help
CUST-111243,0,0.0,0,,None
CUST-111244,1,20.6,0,5,Onboarding Help
CUST-111245,0,0.0,0,,None
CUST-111246,0,0.0,0,,None
CUST-111247,1,7.5,0,4,Feature Request
CUST-111248,1,19.4,0,4,Onboarding Help
CUST-111249,0,0.0,0,,None
CUST-111250,0,0.0,0,,None
CUST-111251,3,43.6,0,3,Feature Request
CUST-111252,1,22.0,0,4,Technical Bug
CUST-111253,0,0.0,0,,None
CUST-111254,2,7.9,0,,Feature Request
CUST-111255,2,70.0,0,2,Onboarding Help
CUST-111256,1,14.6,0,5,Feature Request
CUST-111257,0,0.0,0,,None
CUST-111258,2,70.9,0,2,Feature Request
CUST-111259,0,0.0,0,,None
CUST-111260,0,0.0,0,,None
CUST-111261,3,54.0,0,2,Onboarding Help
CUST-111262,0,0.0,0,,None
CUST-111263,1,10.1,0,5,Technical Bug
CUST-111264,2,42.3,1,1,Feature Request
CUST-111265,1,29.4,0,2,Technical Bug
CUST-111266,1,11.5,0,4,Onboarding Help
CUST-111267,1,3.8,0,,Onboarding Help
CUST-111268,1,6.0,0,5,Technical Bug
CUST-111269,1,18.9,0,4,Onboarding Help
CUST-111270,1,27.6,0,2,Feature Request
CUST-111271,8,19.8,1,1,Onboarding Help
CUST-111272,2,47.2,0,1,Feature Request
CUST-111273,1,15.1,0,4,Feature Request
CUST-111274,1,31.9,0,3,Technical Bug
CUST-111275,1,14.2,0,3,Feature Request
CUST-111276,0,0.0,0,,None
CUST-111277,1,51.5,0,2,Feature Request
CUST-111278,2,62.4,1,3,Technical Bug
CUST-111279,4,67.2,0,1,Feature Request
CUST-111280,3,20.5,1,1,Feature Request
CUST-111281,0,0.0,0,,None
CUST-111282,0,0.0,0,,None
CUST-111283,1,39.6,0,1,Onboarding Help
CUST-111284,1,20.2,0,4,Technical Bug
CUST-111285,0,0.0,0,,None
CUST-111286,1,27.5,0,1,Feature Request
CUST-111287,1,2.7,0,5,Technical Bug
CUST-111288,2,50.1,0,1,Onboarding Help
CUST-111289,1,62.2,0,1,Technical Bug
CUST-111290,0,0.0,0,,None
CUST-111291,2,16.6,0,2,Technical Bug
CUST-111292,4,28.2,1,2,Onboarding Help
CUST-111293,3,54.0,0,2,Onboarding Help
CUST-111294,1,59.6,1,1,Feature Request
CUST-111295,1,17.0,0,5,Onboarding Help
CUST-111296,3,35.7,1,3,Technical Bug
CUST-111297,3,17.2,0,3,Technical Bug
CUST-111298,2,46.5,0,2,Billing Inquiry
CUST-111299,1,49.5,0,2,Onboarding Help
CUST-111300,2,14.5,0,4,Billing Inquiry
CUST-111301,1,10.0,0,4,Feature Request
CUST-111302,0,0.0,0,,None
CUST-111303,3,11.9,0,4,Onboarding Help
CUST-111304,2,5.2,0,,Technical Bug
CUST-111305,0,0.0,0,,None
CUST-111306,4,45.1,0,2,Technical Bug
CUST-111307,1,42.3,1,3,Onboarding Help
CUST-111308,2,40.5,1,2,Billing Inquiry
CUST-111309,1,11.3,0,,Feature Request
CUST-111310,1,33.7,1,3,Onboarding Help
CUST-111311,4,33.5,1,2,Billing Inquiry
CUST-111312,0,0.0,0,,None
CUST-111313,3,36.4,0,3,Onboarding Help
CUST-111314,3,49.1,0,3,Technical Bug
CUST-111315,2,67.7,0,1,Billing Inquiry
CUST-111316,2,29.2,1,2,Feature Request
CUST-111317,0,0.0,0,,None
CUST-111318,1,12.6,0,5,Billing Inquiry
CUST-111319,0,0.0,0,,None
CUST-111320,4,27.8,0,3,Technical Bug
CUST-111321,0,0.0,0,,None
CUST-111322,0,0.0,0,,None
CUST-111323,1,22.3,1,2,Feature Request
CUST-111324,0,0.0,0,,None
CUST-111325,1,9.4,0,5,Billing Inquiry
CUST-111326,0,0.0,0,,None
CUST-111327,0,0.0,0,,None
CUST-111328,1,59.6,1,1,Feature Request
CUST-111329,0,0.0,0,,None
CUST-111330,1,3.0,0,5,Billing Inquiry
CUST-111331,0,0.0,0,,None
CUST-111332,1,71.5,0,2,Onboarding Help
CUST-111333,4,21.2,0,3,Technical Bug
CUST-111334,0,0.0,0,,None
CUST-111335,3,24.7,1,1,Billing Inquiry
CUST-111336,2,19.3,0,5,Billing Inquiry
CUST-111337,0,0.0,0,,None
CUST-111338,2,46.1,1,3,Billing Inquiry
CUST-111339,0,0.0,0,,None
CUST-111340,0,0.0,0,,None
CUST-111341,2,58.4,0,1,Technical Bug
CUST-111342,1,12.8,0,,Feature Request
CUST-111343,3,51.7,1,3,Onboarding Help
CUST-111344,3,30.1,1,2,Billing Inquiry
CUST-111345,1,4.6,0,4,Feature Request
CUST-111346,2,66.0,0,1,Billing Inquiry
CUST-111347,1,64.6,1,2,Technical Bug
CUST-111348,3,49.8,1,1,Billing Inquiry
CUST-111349,1,24.0,0,4,Onboarding Help
CUST-111350,1,61.2,0,3,Onboarding Help
CUST-111351,0,0.0,0,,None
CUST-111352,2,17.1,0,1,Onboarding Help
CUST-111353,6,20.5,1,3,Technical Bug
CUST-111354,1,20.9,0,4,Onboarding Help
CUST-111355,0,0.0,0,,None
CUST-111356,3,7.0,0,4,Feature Request
CUST-111357,4,27.9,1,3,Feature Request
CUST-111358,1,10.3,0,5,Feature Request
CUST-111359,0,0.0,0,,None
CUST-111360,3,70.5,1,2,Technical Bug
CUST-111361,1,39.9,0,3,Onboarding Help
CUST-111362,3,51.7,0,2,Billing Inquiry
CUST-111363,0,0.0,0,,None
CUST-111364,0,0.0,0,,None
CUST-111365,1,49.9,0,2,Billing Inquiry
CUST-111366,1,6.8,0,4,Billing Inquiry
CUST-111367,3,64.1,1,3,Onboarding Help
CUST-111368,1,52.4,0,1,Billing Inquiry
CUST-111369,2,61.0,1,1,Feature Request
CUST-111370,0,0.0,0,,None
CUST-111371,2,15.6,0,2,Technical Bug
CUST-111372,1,16.1,0,4,Technical Bug
CUST-111373,2,28.3,0,2,Onboarding Help
CUST-111374,0,0.0,0,,None
CUST-111375,1,46.7,1,2,Technical Bug
CUST-111376,3,31.7,0,2,Feature Request
CUST-111377,4,36.1,1,1,Billing Inquiry
CUST-111378,1,58.2,0,1,Onboarding Help
CUST-111379,0,0.0,0,,None
CUST-111380,0,0.0,0,,None
CUST-111381,2,40.6,0,1,Billing Inquiry
CUST-111382,0,0.0,0,,None
CUST-111383,3,45.5,1,3,Feature Request
CUST-111384,0,0.0,0,,None
CUST-111385,0,0.0,0,,None
CUST-111386,2,31.9,1,2,Billing Inquiry
CUST-111387,0,0.0,0,,None
CUST-111388,0,0.0,0,,None
CUST-111389,1,60.0,1,1,Technical Bug
CUST-111390,0,0.0,0,,None
CUST-111391,1,23.5,0,2,Billing Inquiry
CUST-111392,1,6.5,0,,Technical Bug
CUST-111393,1,23.1,0,2,Billing Inquiry
CUST-111394,0,0.0,0,,None
CUST-111395,3,22.3,1,3,Onboarding Help
CUST-111396,1,64.5,0,3,Onboarding Help
CUST-111397,0,0.0,0,,None
CUST-111398,1,52.6,0,2,Billing Inquiry
CUST-111399,2,20.4,0,,Technical Bug
CUST-111400,2,4.8,0,,Onboarding Help
CUST-111401,4,48.2,0,1,Feature Request
CUST-111402,3,18.5,0,1,Feature Request
CUST-111403,1,63.8,1,1,Feature Request
CUST-111404,0,0.0,0,,None
CUST-111405,2,16.2,1,2,Technical Bug
CUST-111406,3,28.0,0,2,Feature Request
CUST-111407,0,0.0,0,,None
CUST-111408,0,0.0,0,,None
CUST-111409,2,67.2,1,1,Onboarding Help
CUST-111410,0,0.0,0,,None
CUST-111411,1,9.5,0,5,Technical Bug
CUST-111412,0,0.0,0,,None
CUST-111413,1,21.2,0,,Onboarding Help
CUST-111414,1,24.4,0,3,Technical Bug
CUST-111415,2,12.5,0,,Feature Request
CUST-111416,1,44.7,0,3,Billing Inquiry
CUST-111417,2,30.1,0,1,Feature Request
CUST-111418,2,71.4,0,3,Onboarding Help
CUST-111419,2,23.7,0,2,Billing Inquiry
CUST-111420,2,20.9,0,2,Billing Inquiry
CUST-111421,1,11.1,0,5,Billing Inquiry
CUST-111422,0,0.0,0,,None
CUST-111423,0,0.0,0,,None
CUST-111424,3,39.4,1,3,Billing Inquiry
CUST-111425,6,13.9,0,2,Onboarding Help
CUST-111426,0,0.0,0,,None
CUST-111427,2,57.3,1,1,Billing Inquiry
CUST-111428,0,0.0,0,,None
CUST-111429,3,66.6,1,1,Technical Bug
CUST-111430,2,60.5,0,3,Onboarding Help
CUST-111431,0,0.0,0,,None
CUST-111432,1,12.1,0,,Technical Bug
CUST-111433,3,70.1,0,2,Feature Request
CUST-111434,1,16.9,0,4,Feature Request
CUST-111435,2,24.8,1,2,Technical Bug
CUST-111436,2,40.9,1,3,Technical Bug
CUST-111437,1,9.5,0,,Technical Bug
CUST-111438,1,3.0,0,4,Billing Inquiry
CUST-111439,0,0.0,0,,None
CUST-111440,3,54.3,0,1,Technical Bug
CUST-111441,2,46.7,0,1,Billing Inquiry
CUST-111442,3,66.6,1,2,Technical Bug
CUST-111443,1,4.5,0,5,Billing Inquiry
CUST-111444,2,55.1,0,2,Feature Request
CUST-111445,2,28.8,1,1,Billing Inquiry
CUST-111446,1,20.3,0,5,Billing Inquiry
CUST-111447,0,0.0,0,,None
CUST-111448,2,13.0,0,5,Billing Inquiry
CUST-111449,3,20.8,1,2,Technical Bug
CUST-111450,1,23.1,0,3,Technical Bug
CUST-111451,2,23.7,1,2,Onboarding Help
CUST-111452,4,71.8,1,1,Billing Inquiry
CUST-111453,0,0.0,0,,None
CUST-111454,2,50.8,0,3,Billing Inquiry
CUST-111455,2,52.1,1,3,Technical Bug
CUST-111456,1,40.5,1,1,Billing Inquiry
CUST-111457,1,25.0,1,2,Technical Bug
CUST-111458,0,0.0,0,,None
CUST-111459,0,0.0,0,,None
CUST-111460,2,64.7,1,1,Onboarding Help
CUST-111461,1,14.8,0,5,Billing Inquiry
CUST-111462,1,16.7,1,3,Billing Inquiry
CUST-111463,1,59.1,0,2,Onboarding Help
CUST-111464,2,33.9,0,1,Feature Request
CUST-111465,1,62.7,0,2,Billing Inquiry
CUST-111466,0,0.0,0,,None
CUST-111467,0,0.0,0,,None
CUST-111468,1,35.5,0,3,Technical Bug
CUST-111469,1,7.6,0,4,Technical Bug
CUST-111470,1,70.0,0,1,Onboarding Help
CUST-111471,2,23.8,0,5,Billing Inquiry
CUST-111472,0,0.0,0,,None
CUST-111473,1,5.8,0,5,Technical Bug
CUST-111474,1,33.6,0,3,Feature Request
CUST-111475,0,0.0,0,,None
CUST-111476,0,0.0,0,,None
CUST-111477,0,0.0,0,,None
CUST-111478,0,0.0,0,,None
CUST-111479,1,7.8,0,5,Feature Request
CUST-111480,3,31.4,0,2,Technical Bug
CUST-111481,0,0.0,0,,None
CUST-111482,2,57.1,1,2,Feature Request
CUST-111483,2,5.3,0,4,Feature Request
CUST-111484,1,52.5,0,2,Billing Inquiry
CUST-111485,0,0.0,0,,None
CUST-111486,3,61.2,1,1,Feature Request
CUST-111487,1,52.8,1,1,Onboarding Help
CUST-111488,0,0.0,0,,None
CUST-111489,1,23.3,0,5,Billing Inquiry
CUST-111490,2,43.4,1,3,Feature Request
CUST-111491,1,20.2,0,,Feature Request
CUST-111492,1,12.1,0,,Onboarding Help
CUST-111493,1,21.0,0,5,Onboarding Help
CUST-111494,2,18.9,0,5,Billing Inquiry
CUST-111495,4,69.5,0,2,Onboarding Help
CUST-111496,3,18.7,0,3,Onboarding Help
CUST-111497,1,55.7,0,1,Feature Request
CUST-111498,0,0.0,0,,None
CUST-111499,1,46.2,1,1,Feature Request
CUST-111500,0,0.0,0,,None
CUST-111501,1,42.7,1,3,Feature Request
CUST-111502,1,22.4,0,5,Technical Bug
CUST-111503,2,18.7,0,4,Technical Bug
CUST-111504,1,24.7,0,2,Technical Bug
CUST-111505,0,0.0,0,,None
CUST-111506,0,0.0,0,,None
CUST-111507,1,15.6,0,4,Billing Inquiry
CUST-111508,2,51.5,0,1,Feature Request
CUST-111509,0,0.0,0,,None
CUST-111510,1,40.9,0,1,Feature Request
CUST-111511,0,0.0,0,,None
CUST-111512,0,0.0,0,,None
CUST-111513,3,47.0,1,1,Technical Bug
CUST-111514,0,0.0,0,,None
CUST-111515,3,34.4,0,1,Technical Bug
CUST-111516,1,8.6,0,5,Onboarding Help
CUST-111517,3,17.2,1,3,Feature Request
CUST-111518,0,0.0,0,,None
CUST-111519,0,0.0,0,,None
CUST-111520,1,16.5,0,,Feature Request
CUST-111521,1,20.2,0,5,Feature Request
CUST-111522,0,0.0,0,,None
CUST-111523,0,0.0,0,,None
CUST-111524,3,41.4,0,1,Feature Request
CUST-111525,2,70.3,0,1,Technical Bug
CUST-111526,0,0.0,0,,None
CUST-111527,1,46.7,0,1,Onboarding Help
CUST-111528,2,23.8,0,4,Technical Bug
CUST-111529,1,13.9,0,,Billing Inquiry
CUST-111530,0,0.0,0,,None
CUST-111531,0,0.0,0,,None
CUST-111532,0,0.0,0,,None
CUST-111533,0,0.0,0,,None
CUST-111534,0,0.0,0,,None
CUST-111535,0,0.0,0,,None
CUST-111536,4,41.8,0,2,Onboarding Help
CUST-111537,3,25.8,0,2,Technical Bug
CUST-111538,0,0.0,0,,None
CUST-111539,0,0.0,0,,None
CUST-111540,1,66.6,1,3,Billing Inquiry
CUST-111541,0,0.0,0,,None
CUST-111542,1,22.2,0,1,Billing Inquiry
CUST-111543,0,0.0,0,,None
CUST-111544,2,63.5,0,3,Onboarding Help
CUST-111545,0,0.0,0,,None
CUST-111546,3,66.0,0,1,Technical Bug
CUST-111547,1,10.1,0,,Onboarding Help
CUST-111548,2,20.4,0,,Billing Inquiry
CUST-111549,1,54.2,0,3,Billing Inquiry
CUST-111550,1,24.5,1,2,Billing Inquiry
CUST-111551,3,34.1,1,2,Billing Inquiry
CUST-111552,1,65.8,1,2,Feature Request
CUST-111553,0,0.0,0,,None
CUST-111554,3,69.9,1,2,Feature Request
CUST-111555,0,0.0,0,,None
CUST-111556,0,0.0,0,,None
CUST-111557,3,18.7,0,1,Billing Inquiry
CUST-111558,2,61.5,0,2,Onboarding Help
CUST-111559,0,0.0,0,,None
CUST-111560,1,14.9,0,5,Feature Request
CUST-111561,0,0.0,0,,None
CUST-111562,2,59.3,0,3,Onboarding Help
CUST-111563,0,0.0,0,,None
CUST-111564,0,0.0,0,,None
CUST-111565,0,0.0,0,,None
CUST-111566,2,57.3,1,2,Feature Request
CUST-111567,1,69.6,1,3,Technical Bug
CUST-111568,4,59.1,1,2,Feature Request
CUST-111569,1,49.7,0,1,Feature Request
CUST-111570,5,21.0,1,1,Billing Inquiry
CUST-111571,2,22.2,0,4,Onboarding Help
CUST-111572,1,13.2,0,,Onboarding Help
CUST-111573,2,8.8,0,4,Feature Request
CUST-111574,5,23.0,0,1,Onboarding Help
CUST-111575,0,0.0,0,,None
CUST-111576,1,29.3,0,3,Technical Bug
CUST-111577,3,62.0,0,3,Onboarding Help
CUST-111578,4,61.0,1,2,Onboarding Help
CUST-111579,1,46.8,1,2,Feature Request
CUST-111580,3,39.0,1,1,Technical Bug
CUST-111581,5,71.5,0,2,Feature Request
CUST-111582,0,0.0,0,,None
CUST-111583,0,0.0,0,,None
CUST-111584,4,71.0,0,3,Onboarding Help
CUST-111585,1,41.6,1,3,Technical Bug
CUST-111586,1,17.5,0,4,Feature Request
CUST-111587,1,23.3,1,2,Onboarding Help
CUST-111588,1,19.8,0,5,Onboarding Help
CUST-111589,1,45.4,1,3,Onboarding Help
CUST-111590,2,36.3,1,1,Feature Request
CUST-111591,1,64.4,1,2,Feature Request
CUST-111592,3,39.7,1,1,Feature Request
CUST-111593,1,65.8,1,2,Technical Bug
CUST-111594,2,16.3,0,4,Billing Inquiry
CUST-111595,3,66.5,0,3,Onboarding Help
CUST-111596,0,0.0,0,,None
CUST-111597,0,0.0,0,,None
CUST-111598,1,70.2,1,1,Onboarding Help
CUST-111599,3,40.8,1,3,Onboarding Help
CUST-111600,2,59.3,0,1,Billing Inquiry
CUST-111601,2,30.7,1,1,Billing Inquiry
CUST-111602,0,0.0,0,,None
CUST-111603,2,42.1,0,2,Feature Request
CUST-111604,3,14.8,0,2,Billing Inquiry
CUST-111605,2,36.9,1,2,Technical Bug
CUST-111606,4,32.1,1,3,Onboarding Help
CUST-111607,2,54.0,1,2,Technical Bug
CUST-111608,1,9.7,0,5,Technical Bug
CUST-111609,2,52.9,0,3,Onboarding Help
CUST-111610,2,15.5,0,3,Technical Bug
CUST-111611,0,0.0,0,,None
CUST-111612,0,0.0,0,,None
CUST-111613,1,11.6,0,5,Onboarding Help
CUST-111614,2,40.0,0,3,Billing Inquiry
CUST-111615,2,11.9,0,4,Feature Request
CUST-111616,2,45.8,1,3,Onboarding Help
CUST-111617,2,17.3,1,1,Feature Request
CUST-111618,2,18.2,0,5,Onboarding Help
CUST-111619,0,0.0,0,,None
CUST-111620,1,61.9,0,1,Feature Request
CUST-111621,2,28.8,0,1,Billing Inquiry
CUST-111622,0,0.0,0,,None
CUST-111623,1,11.6,0,4,Feature Request
CUST-111624,3,3.1,0,5,Technical Bug
CUST-111625,0,0.0,0,,None
CUST-111626,0,0.0,0,,None
CUST-111627,1,15.1,0,5,Billing Inquiry
CUST-111628,0,0.0,0,,None
CUST-111629,3,58.1,1,3,Technical Bug
CUST-111630,2,13.1,1,1,Billing Inquiry
CUST-111631,1,15.0,0,4,Feature Request
CUST-111632,1,67.7,0,2,Technical Bug
CUST-111633,3,16.4,0,,Technical Bug
CUST-111634,5,62.6,1,2,Onboarding Help
CUST-111635,0,0.0,0,,None
CUST-111636,0,0.0,0,,None
CUST-111637,3,69.7,0,3,Onboarding Help
CUST-111638,0,0.0,0,,None
CUST-111639,0,0.0,0,,None
CUST-111640,0,0.0,0,,None
CUST-111641,0,0.0,0,,None
CUST-111642,1,39.0,1,3,Onboarding Help
CUST-111643,0,0.0,0,,None
CUST-111644,3,66.2,1,1,Feature Request
CUST-111645,1,39.5,1,1,Billing Inquiry
CUST-111646,0,0.0,0,,None
CUST-111647,6,27.0,1,2,Onboarding Help
CUST-111648,2,18.4,1,3,Technical Bug
CUST-111649,3,16.8,0,5,Onboarding Help
CUST-111650,0,0.0,0,,None
CUST-111651,3,66.0,0,1,Technical Bug
CUST-111652,3,22.5,1,1,Technical Bug
CUST-111653,0,0.0,0,,None
CUST-111654,1,42.0,0,3,Technical Bug
CUST-111655,1,55.1,1,3,Feature Request
CUST-111656,0,0.0,0,,None
CUST-111657,0,0.0,0,,None
CUST-111658,2,49.3,1,3,Billing Inquiry
CUST-111659,3,53.6,0,2,Billing Inquiry
CUST-111660,3,37.3,1,1,Technical Bug
CUST-111661,4,68.0,1,3,Technical Bug
CUST-111662,3,62.4,0,2,Technical Bug
CUST-111663,1,21.0,0,1,Technical Bug
CUST-111664,0,0.0,0,,None
CUST-111665,0,0.0,0,,None
CUST-111666,1,61.3,0,1,Onboarding Help
CUST-111667,0,0.0,0,,None
CUST-111668,1,19.8,0,5,Technical Bug
CUST-111669,1,12.5,0,5,Onboarding Help
CUST-111670,0,0.0,0,,None
CUST-111671,1,10.6,0,4,Technical Bug
CUST-111672,2,51.8,1,1,Feature Request
CUST-111673,0,0.0,0,,None
CUST-111674,1,22.8,1,1,Feature Request
CUST-111675,2,42.1,0,2,Technical Bug
CUST-111676,1,22.3,0,,Billing Inquiry
CUST-111677,0,0.0,0,,None
CUST-111678,1,2.0,0,4,Onboarding Help
CUST-111679,1,9.1,0,4,Billing Inquiry
CUST-111680,4,33.6,0,1,Onboarding Help
CUST-111681,0,0.0,0,,None
CUST-111682,1,12.9,0,5,Onboarding Help
CUST-111683,2,31.1,1,2,Feature Request
CUST-111684,4,26.2,1,3,Technical Bug
CUST-111685,1,13.4,0,5,Feature Request
CUST-111686,0,0.0,0,,None
CUST-111687,3,61.9,1,3,Feature Request
CUST-111688,2,54.2,0,3,Onboarding Help
CUST-111689,2,18.9,0,,Technical Bug
CUST-111690,2,43.8,1,3,Onboarding Help
CUST-111691,1,64.3,1,2,Feature Request
CUST-111692,1,15.7,0,2,Feature Request
CUST-111693,0,0.0,0,,None
CUST-111694,1,22.6,0,2,Technical Bug
CUST-111695,1,18.9,0,4,Billing Inquiry
CUST-111696,0,0.0,0,,None
CUST-111697,2,20.6,0,1,Onboarding Help
CUST-111698,0,0.0,0,,None
CUST-111699,1,15.6,1,1,Technical Bug
CUST-111700,2,34.2,0,3,Onboarding Help
CUST-111701,1,4.1,0,4,Feature Request
CUST-111702,0,0.0,0,,None
CUST-111703,1,23.6,0,5,Onboarding Help
CUST-111704,2,18.3,0,1,Technical Bug
CUST-111705,4,25.5,1,2,Onboarding Help
CUST-111706,2,69.9,1,1,Feature Request
CUST-111707,1,51.4,0,1,Technical Bug
CUST-111708,3,53.8,1,1,Technical Bug
CUST-111709,1,3.8,0,,Feature Request
CUST-111710,1,11.4,0,4,Billing Inquiry
CUST-111711,2,45.6,1,3,Technical Bug
CUST-111712,0,0.0,0,,None
CUST-111713,2,10.5,0,,Technical Bug
CUST-111714,3,51.3,0,1,Technical Bug
CUST-111715,0,0.0,0,,None
CUST-111716,2,3.4,0,,Billing Inquiry
CUST-111717,1,15.3,1,1,Technical Bug
CUST-111718,3,51.7,0,3,Onboarding Help
CUST-111719,0,0.0,0,,None
CUST-111720,1,51.2,0,3,Onboarding Help
CUST-111721,1,21.8,0,1,Feature Request
CUST-111722,3,30.3,1,1,Onboarding Help
CUST-111723,1,41.5,0,3,Feature Request
CUST-111724,0,0.0,0,,None
CUST-111725,4,30.5,1,3,Feature Request
CUST-111726,1,49.1,0,2,Onboarding Help
CUST-111727,1,22.0,0,,Billing Inquiry
CUST-111728,1,7.0,0,5,Technical Bug
CUST-111729,1,59.5,0,1,Technical Bug
CUST-111730,1,12.3,1,1,Onboarding Help
CUST-111731,0,0.0,0,,None
CUST-111732,1,24.0,0,4,Feature Request
CUST-111733,0,0.0,0,,None
CUST-111734,1,60.7,0,1,Feature Request
CUST-111735,1,9.2,0,5,Billing Inquiry
CUST-111736,0,0.0,0,,None
CUST-111737,0,0.0,0,,None
CUST-111738,1,18.3,0,4,Onboarding Help
CUST-111739,3,36.2,0,2,Billing Inquiry
CUST-111740,0,0.0,0,,None
CUST-111741,0,0.0,0,,None
CUST-111742,3,45.0,1,2,Onboarding Help
CUST-111743,2,19.4,0,1,Billing Inquiry
CUST-111744,0,0.0,0,,None
CUST-111745,4,68.5,0,3,Technical Bug
CUST-111746,1,20.7,0,5,Billing Inquiry
CUST-111747,1,51.9,1,3,Technical Bug
CUST-111748,0,0.0,0,,None
CUST-111749,3,9.6,0,5,Onboarding Help
CUST-111750,2,41.5,0,3,Technical Bug
CUST-111751,0,0.0,0,,None
CUST-111752,4,61.3,0,2,Billing Inquiry
CUST-111753,2,32.8,0,2,Onboarding Help
CUST-111754,2,17.9,0,5,Technical Bug
CUST-111755,3,33.7,0,3,Billing Inquiry
CUST-111756,0,0.0,0,,None
CUST-111757,2,14.5,0,5,Feature Request
CUST-111758,3,63.0,1,2,Onboarding Help
CUST-111759,2,47.3,0,2,Feature Request
CUST-111760,1,21.4,0,1,Feature Request
CUST-111761,0,0.0,0,,None
CUST-111762,1,20.2,0,2,Billing Inquiry
CUST-111763,0,0.0,0,,None
CUST-111764,2,18.9,0,4,Billing Inquiry
CUST-111765,1,4.8,0,5,Onboarding Help
CUST-111766,1,9.2,0,4,Billing Inquiry
CUST-111767,2,60.3,1,3,Billing Inquiry
CUST-111768,1,12.1,0,4,Technical Bug
CUST-111769,1,16.6,0,5,Feature Request
CUST-111770,1,19.5,0,2,Feature Request
CUST-111771,1,67.0,1,2,Onboarding Help
CUST-111772,2,57.0,0,1,Onboarding Help
CUST-111773,1,19.5,0,5,Feature Request
CUST-111774,0,0.0,0,,None
CUST-111775,2,50.4,0,2,Billing Inquiry
CUST-111776,3,37.5,1,3,Billing Inquiry
CUST-111777,2,31.5,0,3,Onboarding Help
CUST-111778,0,0.0,0,,None
CUST-111779,1,70.7,1,3,Onboarding Help
CUST-111780,2,48.4,0,2,Billing Inquiry
CUST-111781,3,36.4,1,2,Feature Request
CUST-111782,1,9.6,0,4,Onboarding Help
CUST-111783,2,33.9,1,1,Technical Bug
CUST-111784,1,71.1,0,2,Onboarding Help
CUST-111785,1,35.7,0,2,Feature Request
CUST-111786,1,23.8,0,5,Onboarding Help
CUST-111787,4,53.1,1,3,Feature Request
CUST-111788,2,33.7,1,1,Onboarding Help
CUST-111789,1,15.7,0,2,Feature Request
CUST-111790,2,22.1,0,1,Technical Bug
CUST-111791,0,0.0,0,,None
CUST-111792,4,14.3,1,2,Billing Inquiry
CUST-111793,0,0.0,0,,None
CUST-111794,2,24.3,1,3,Billing Inquiry
CUST-111795,1,13.5,0,4,Billing Inquiry
CUST-111796,2,52.6,0,3,Feature Request
CUST-111797,3,21.1,0,4,Billing Inquiry
CUST-111798,3,65.8,0,1,Technical Bug
CUST-111799,0,0.0,0,,None
CUST-111800,1,30.7,0,1,Onboarding Help
CUST-111801,2,59.5,0,2,Technical Bug
CUST-111802,1,58.9,1,2,Feature Request
CUST-111803,1,12.6,0,5,Technical Bug
CUST-111804,2,59.1,0,1,Technical Bug
CUST-111805,2,25.9,1,3,Onboarding Help
CUST-111806,1,7.6,0,5,Technical Bug
CUST-111807,0,0.0,0,,None
CUST-111808,0,0.0,0,,None
CUST-111809,1,8.3,0,5,Technical Bug
CUST-111810,0,0.0,0,,None
CUST-111811,2,59.8,1,3,Billing Inquiry
CUST-111812,0,0.0,0,,None
CUST-111813,0,0.0,0,,None
CUST-111814,1,14.8,0,5,Feature Request
CUST-111815,1,19.0,0,4,Billing Inquiry
CUST-111816,0,0.0,0,,None
CUST-111817,2,42.9,1,2,Technical Bug
CUST-111818,2,15.0,0,4,Billing Inquiry
CUST-111819,1,32.9,1,3,Onboarding Help
CUST-111820,3,70.5,0,3,Feature Request
CUST-111821,1,4.7,0,5,Technical Bug
CUST-111822,0,0.0,0,,None
CUST-111823,1,21.8,0,5,Technical Bug
CUST-111824,2,6.2,0,,Onboarding Help
CUST-111825,2,9.6,0,5,Onboarding Help
CUST-111826,3,26.9,0,3,Onboarding Help
CUST-111827,3,23.4,0,4,Technical Bug
CUST-111828,0,0.0,0,,None
CUST-111829,1,18.9,0,5,Technical Bug
CUST-111830,0,0.0,0,,None
CUST-111831,3,5.2,0,4,Billing Inquiry
CUST-111832,4,49.7,1,3,Onboarding Help
CUST-111833,2,13.6,0,4,Feature Request
CUST-111834,1,22.6,0,5,Technical Bug
CUST-111835,0,0.0,0,,None
CUST-111836,0,0.0,0,,None
CUST-111837,0,0.0,0,,None
CUST-111838,4,50.6,1,3,Billing Inquiry
CUST-111839,1,72.0,0,1,Onboarding Help
CUST-111840,3,43.0,1,3,Billing Inquiry
CUST-111841,2,14.6,1,2,Onboarding Help
CUST-111842,2,40.4,0,1,Technical Bug
CUST-111843,1,13.5,0,5,Feature Request
CUST-111844,0,0.0,0,,None
CUST-111845,3,44.2,1,2,Onboarding Help
CUST-111846,1,18.0,0,3,Feature Request
CUST-111847,4,51.4,0,1,Feature Request
CUST-111848,4,9.0,0,,Feature Request
CUST-111849,1,22.0,0,,Onboarding Help
CUST-111850,2,18.1,0,5,Technical Bug
CUST-111851,3,61.6,0,1,Feature Request
CUST-111852,2,22.2,0,4,Feature Request
CUST-111853,1,30.0,1,1,Onboarding Help
CUST-111854,2,34.3,1,2,Billing Inquiry
CUST-111855,4,2.0,0,5,Onboarding Help
CUST-111856,0,0.0,0,,None
CUST-111857,4,48.9,0,3,Feature Request
CUST-111858,3,13.1,0,2,Technical Bug
CUST-111859,1,17.3,0,4,Technical Bug
CUST-111860,0,0.0,0,,None
CUST-111861,2,56.2,1,3,Onboarding Help
CUST-111862,0,0.0,0,,None
CUST-111863,2,28.4,1,2,Technical Bug
CUST-111864,2,69.7,1,2,Onboarding Help
CUST-111865,1,6.7,0,4,Onboarding Help
CUST-111866,2,56.6,0,3,Onboarding Help
CUST-111867,0,0.0,0,,None
CUST-111868,1,64.6,0,3,Onboarding Help
CUST-111869,0,0.0,0,,None
CUST-111870,0,0.0,0,,None
CUST-111871,1,20.7,0,,Billing Inquiry
CUST-111872,0,0.0,0,,None
CUST-111873,2,17.2,0,2,Billing Inquiry
CUST-111874,0,0.0,0,,None
CUST-111875,2,22.3,1,3,Feature Request
CUST-111876,0,0.0,0,,None
CUST-111877,0,0.0,0,,None
CUST-111878,2,37.8,1,1,Onboarding Help
CUST-111879,0,0.0,0,,None
CUST-111880,1,13.9,0,1,Billing Inquiry
CUST-111881,1,69.4,1,2,Onboarding Help
CUST-111882,4,60.7,1,3,Billing Inquiry
CUST-111883,0,0.0,0,,None
CUST-111884,0,0.0,0,,None
CUST-111885,1,43.1,0,2,Feature Request
CUST-111886,2,27.3,1,1,Feature Request
CUST-111887,3,69.1,1,1,Onboarding Help
CUST-111888,0,0.0,0,,None
CUST-111889,1,19.1,0,5,Feature Request
CUST-111890,2,2.2,0,,Billing Inquiry
CUST-111891,1,51.3,1,2,Billing Inquiry
CUST-111892,0,0.0,0,,None
CUST-111893,1,57.6,0,3,Onboarding Help
CUST-111894,0,0.0,0,,None
CUST-111895,1,20.7,0,,Technical Bug
CUST-111896,1,17.9,0,,Feature Request
CUST-111897,2,57.7,0,1,Onboarding Help
CUST-111898,0,0.0,0,,None
CUST-111899,5,41.4,0,2,Technical Bug
CUST-111900,1,15.2,0,5,Billing Inquiry
CUST-111901,3,18.1,1,2,Onboarding Help
CUST-111902,0,0.0,0,,None
CUST-111903,3,40.2,0,2,Technical Bug
CUST-111904,1,18.4,0,5,Feature Request
CUST-111905,3,22.8,0,2,Billing Inquiry
CUST-111906,1,28.7,0,1,Billing Inquiry
CUST-111907,3,40.1,1,1,Feature Request
CUST-111908,0,0.0,0,,None
CUST-111909,1,68.4,0,2,Feature Request
CUST-111910,3,47.5,0,3,Onboarding Help
CUST-111911,1,15.6,0,5,Feature Request
CUST-111912,0,0.0,0,,None
CUST-111913,2,55.7,1,2,Feature Request
CUST-111914,2,19.6,1,3,Billing Inquiry
CUST-111915,1,13.1,0,4,Billing Inquiry
CUST-111916,0,0.0,0,,None
CUST-111917,1,4.0,0,5,Feature Request
CUST-111918,2,16.4,0,,Technical Bug
CUST-111919,0,0.0,0,,None
CUST-111920,0,0.0,0,,None
CUST-111921,0,0.0,0,,None
CUST-111922,2,21.3,0,,Feature Request
CUST-111923,0,0.0,0,,None
CUST-111924,0,0.0,0,,None
CUST-111925,0,0.0,0,,None
CUST-111926,0,0.0,0,,None
CUST-111927,1,26.7,1,2,Onboarding Help
CUST-111928,2,41.7,1,1,Technical Bug
CUST-111929,1,65.5,1,3,Feature Request
CUST-111930,3,12.6,0,3,Technical Bug
CUST-111931,1,13.7,0,4,Billing Inquiry
CUST-111932,1,34.9,0,1,Feature Request
CUST-111933,2,56.1,0,3,Technical Bug
CUST-111934,0,0.0,0,,None
CUST-111935,4,68.1,0,3,Technical Bug
CUST-111936,0,0.0,0,,None
CUST-111937,0,0.0,0,,None
CUST-111938,0,0.0,0,,None
CUST-111939,1,66.6,1,2,Technical Bug
CUST-111940,1,8.4,0,,Feature Request
CUST-111941,1,53.7,0,2,Feature Request
CUST-111942,2,52.5,1,3,Technical Bug
CUST-111943,1,17.2,0,4,Technical Bug
CUST-111944,1,25.9,0,3,Feature Request
CUST-111945,2,71.8,0,3,Onboarding Help
CUST-111946,0,0.0,0,,None
CUST-111947,0,0.0,0,,None
CUST-111948,0,0.0,0,,None
CUST-111949,1,20.8,0,4,Feature Request
CUST-111950,2,22.0,0,4,Feature Request
CUST-111951,1,10.4,0,,Billing Inquiry
CUST-111952,1,20.2,0,5,Billing Inquiry
CUST-111953,1,57.9,1,2,Feature Request
CUST-111954,1,17.2,1,3,Technical Bug
CUST-111955,1,10.4,0,4,Billing Inquiry
CUST-111956,0,0.0,0,,None
CUST-111957,1,7.5,0,4,Onboarding Help
CUST-111958,4,23.7,1,2,Technical Bug
CUST-111959,3,47.8,1,3,Technical Bug
CUST-111960,3,24.1,1,3,Billing Inquiry
CUST-111961,2,19.9,1,3,Feature Request
CUST-111962,1,44.5,1,1,Billing Inquiry
CUST-111963,2,12.6,1,3,Onboarding Help
CUST-111964,2,33.5,0,3,Feature Request
CUST-111965,3,23.1,0,3,Billing Inquiry
CUST-111966,3,41.5,0,1,Billing Inquiry
CUST-111967,0,0.0,0,,None
CUST-111968,1,14.5,1,3,Billing Inquiry
CUST-111969,1,25.4,1,2,Technical Bug
CUST-111970,0,0.0,0,,None
CUST-111971,0,0.0,0,,None
CUST-111972,1,15.4,0,3,Technical Bug
CUST-111973,4,25.0,0,3,Billing Inquiry
CUST-111974,2,50.9,1,3,Feature Request
CUST-111975,0,0.0,0,,None
CUST-111976,1,3.4,0,5,Onboarding Help
CUST-111977,1,16.9,0,4,Onboarding Help
CUST-111978,0,0.0,0,,None
CUST-111979,1,29.0,0,2,Billing Inquiry
CUST-111980,1,51.3,1,3,Onboarding Help
CUST-111981,1,17.1,0,5,Onboarding Help
CUST-111982,3,33.8,0,3,Feature Request
CUST-111983,0,0.0,0,,None
CUST-111984,0,0.0,0,,None
CUST-111985,1,18.9,0,2,Technical Bug
CUST-111986,1,61.1,1,2,Billing Inquiry
CUST-111987,0,0.0,0,,None
CUST-111988,1,48.5,0,3,Feature Request
CUST-111989,2,61.3,1,3,Billing Inquiry
CUST-111990,1,6.6,0,5,Feature Request
CUST-111991,0,0.0,0,,None
CUST-111992,0,0.0,0,,None
CUST-111993,2,22.9,0,1,Onboarding Help
CUST-111994,2,64.7,1,3,Billing Inquiry
CUST-111995,2,18.0,0,4,Onboarding Help
CUST-111996,4,23.6,1,2,Billing Inquiry
CUST-111997,1,11.1,0,5,Feature Request
CUST-111998,2,16.6,0,1,Feature Request
CUST-111999,0,0.0,0,,None
CUST-112000,2,15.0,0,4,Billing Inquiry
CUST-112001,1,37.1,0,1,Technical Bug
CUST-112002,0,0.0,0,,None
CUST-112003,1,19.4,0,4,Onboarding Help
CUST-112004,1,33.5,1,3,Onboarding Help
CUST-112005,0,0.0,0,,None
CUST-112006,1,8.3,0,,Billing Inquiry
CUST-112007,0,0.0,0,,None
CUST-112008,1,23.6,0,,Technical Bug
CUST-112009,1,25.2,0,1,Onboarding Help
CUST-112010,2,52.5,0,3,Technical Bug
CUST-112011,1,45.0,0,1,Onboarding Help
CUST-112012,0,0.0,0,,None
CUST-112013,1,71.5,1,2,Technical Bug
CUST-112014,1,61.5,0,2,Feature Request
CUST-112015,0,0.0,0,,None
CUST-112016,4,67.2,1,1,Technical Bug
CUST-112017,1,15.6,0,5,Feature Request
CUST-112018,3,15.0,0,2,Feature Request
CUST-112019,0,0.0,0,,None
CUST-112020,0,0.0,0,,None
CUST-112021,0,0.0,0,,None
CUST-112022,2,33.1,1,3,Feature Request
CUST-112023,2,10.7,0,5,Technical Bug
CUST-112024,0,0.0,0,,None
CUST-112025,2,4.4,0,4,Onboarding Help
CUST-112026,2,64.5,0,1,Technical Bug
CUST-112027,2,6.3,0,,Billing Inquiry
CUST-112028,1,41.3,0,1,Onboarding Help
CUST-112029,1,18.0,0,5,Onboarding Help
CUST-112030,1,57.0,0,3,Technical Bug
CUST-112031,6,37.3,1,1,Feature Request
CUST-112032,1,16.6,0,5,Onboarding Help
CUST-112033,0,0.0,0,,None
CUST-112034,0,0.0,0,,None
CUST-112035,2,53.3,1,3,Onboarding Help
CUST-112036,1,52.6,1,2,Billing Inquiry
CUST-112037,0,0.0,0,,None
CUST-112038,4,36.7,0,3,Feature Request
CUST-112039,1,42.1,0,1,Onboarding Help
CUST-112040,1,49.5,0,2,Billing Inquiry
CUST-112041,0,0.0,0,,None
CUST-112042,2,14.3,0,4,Billing Inquiry
CUST-112043,0,0.0,0,,None
CUST-112044,2,12.5,0,4,Onboarding Help
CUST-112045,2,14.6,0,5,Feature Request
CUST-112046,0,0.0,0,,None
CUST-112047,2,13.0,0,4,Billing Inquiry
CUST-112048,1,29.2,0,1,Billing Inquiry
CUST-112049,2,14.8,0,4,Feature Request
CUST-112050,2,58.0,0,1,Onboarding Help
CUST-112051,0,0.0,0,,None
CUST-112052,1,20.9,0,4,Technical Bug
CUST-112053,0,0.0,0,,None
CUST-112054,3,64.5,0,3,Technical Bug
CUST-112055,0,0.0,0,,None
CUST-112056,0,0.0,0,,None
CUST-112057,3,46.8,0,2,Onboarding Help
CUST-112058,0,0.0,0,,None
CUST-112059,1,34.4,1,1,Feature Request
CUST-112060,1,49.7,1,1,Technical Bug
CUST-112061,1,27.2,0,3,Onboarding Help
CUST-112062,1,36.3,1,2,Feature Request
CUST-112063,3,32.4,1,2,Billing Inquiry
CUST-112064,1,45.1,0,1,Technical Bug
CUST-112065,1,7.9,0,4,Billing Inquiry
CUST-112066,2,57.5,1,2,Technical Bug
CUST-112067,1,6.9,0,,Technical Bug
CUST-112068,1,10.9,0,4,Technical Bug
CUST-112069,1,10.4,0,,Feature Request
CUST-112070,2,37.1,1,1,Onboarding Help
CUST-112071,3,19.2,0,2,Onboarding Help
CUST-112072,1,8.6,0,4,Feature Request
CUST-112073,1,21.4,0,,Billing Inquiry
CUST-112074,2,20.4,0,5,Billing Inquiry
CUST-112075,2,60.4,0,3,Feature Request
CUST-112076,2,63.3,1,1,Onboarding Help
CUST-112077,1,24.1,1,3,Billing Inquiry
CUST-112078,1,19.7,0,4,Feature Request
CUST-112079,0,0.0,0,,None
CUST-112080,0,0.0,0,,None
CUST-112081,0,0.0,0,,None
CUST-112082,3,45.2,1,3,Feature Request
CUST-112083,0,0.0,0,,None
CUST-112084,0,0.0,0,,None
CUST-112085,1,19.6,0,5,Billing Inquiry
CUST-112086,0,0.0,0,,None
CUST-112087,2,29.2,1,3,Billing Inquiry
CUST-112088,0,0.0,0,,None
CUST-112089,2,71.5,1,2,Feature Request
CUST-112090,1,15.3,0,2,Billing Inquiry
CUST-112091,1,11.3,0,5,Onboarding Help
CUST-112092,3,70.9,1,1,Onboarding Help
CUST-112093,0,0.0,0,,None
CUST-112094,2,52.4,0,3,Technical Bug
CUST-112095,4,50.7,1,3,Technical Bug
CUST-112096,0,0.0,0,,None
CUST-112097,1,42.4,0,3,Technical Bug
CUST-112098,3,60.4,1,3,Onboarding Help
CUST-112099,2,13.2,0,2,Feature Request
CUST-112100,3,22.8,0,3,Billing Inquiry
CUST-112101,0,0.0,0,,None
CUST-112102,0,0.0,0,,None
CUST-112103,3,20.9,1,1,Technical Bug
CUST-112104,1,11.1,0,4,Feature Request
CUST-112105,0,0.0,0,,None
CUST-112106,3,19.5,1,2,Technical Bug
CUST-112107,0,0.0,0,,None
CUST-112108,1,40.3,1,2,Onboarding Help
CUST-112109,0,0.0,0,,None
CUST-112110,0,0.0,0,,None
CUST-112111,1,20.4,1,1,Feature Request
CUST-112112,2,28.9,0,1,Billing Inquiry
CUST-112113,3,56.3,1,2,Billing Inquiry
CUST-112114,0,0.0,0,,None
CUST-112115,0,0.0,0,,None
CUST-112116,1,12.1,0,5,Billing Inquiry
CUST-112117,1,23.6,0,5,Feature Request
CUST-112118,1,66.9,1,2,Technical Bug
CUST-112119,2,34.6,1,2,Onboarding Help
CUST-112120,0,0.0,0,,None
CUST-112121,0,0.0,0,,None
CUST-112122,1,40.5,1,1,Billing Inquiry
CUST-112123,1,27.7,0,2,Onboarding Help
CUST-112124,1,8.1,0,4,Feature Request
CUST-112125,0,0.0,0,,None
CUST-112126,0,0.0,0,,None
CUST-112127,1,15.2,0,5,Technical Bug
CUST-112128,3,55.8,1,3,Onboarding Help
CUST-112129,3,46.4,0,3,Onboarding Help
CUST-112130,0,0.0,0,,None
CUST-112131,2,20.6,1,2,Billing Inquiry
CUST-112132,1,38.8,1,3,Technical Bug
CUST-112133,3,41.4,0,3,Feature Request
CUST-112134,1,2.6,0,5,Onboarding Help
CUST-112135,2,39.9,0,3,Billing Inquiry
CUST-112136,2,18.9,0,,Feature Request
CUST-112137,2,70.6,1,1,Technical Bug
CUST-112138,0,0.0,0,,None
CUST-112139,1,17.0,0,,Technical Bug
CUST-112140,2,23.7,0,,Feature Request
CUST-112141,2,13.5,0,4,Feature Request
CUST-112142,2,68.9,0,2,Billing Inquiry
CUST-112143,5,38.3,0,2,Onboarding Help
CUST-112144,0,0.0,0,,None
CUST-112145,3,44.4,1,2,Feature Request
CUST-112146,3,14.8,1,3,Onboarding Help
CUST-112147,1,30.0,1,2,Billing Inquiry
CUST-112148,2,70.8,0,1,Feature Request
CUST-112149,2,36.2,0,2,Onboarding Help
CUST-112150,4,57.0,1,2,Billing Inquiry
CUST-112151,0,0.0,0,,None
CUST-112152,0,0.0,0,,None
CUST-112153,2,31.3,0,3,Technical Bug
CUST-112154,1,67.3,0,1,Technical Bug
CUST-112155,4,19.3,1,3,Onboarding Help
CUST-112156,1,21.0,0,,Onboarding Help
CUST-112157,3,16.3,1,3,Billing Inquiry
CUST-112158,0,0.0,0,,None
CUST-112159,0,0.0,0,,None
CUST-112160,1,30.9,1,2,Onboarding Help
CUST-112161,4,67.0,0,2,Technical Bug
CUST-112162,3,39.1,1,3,Billing Inquiry
CUST-112163,0,0.0,0,,None
CUST-112164,0,0.0,0,,None
CUST-112165,0,0.0,0,,None
CUST-112166,1,42.1,1,3,Onboarding Help
CUST-112167,0,0.0,0,,None
CUST-112168,3,20.0,1,1,Technical Bug
CUST-112169,1,16.6,0,5,Onboarding Help
CUST-112170,1,54.1,1,2,Feature Request
CUST-112171,4,18.9,0,4,Feature Request
CUST-112172,2,6.9,0,5,Billing Inquiry
CUST-112173,0,0.0,0,,None
CUST-112174,3,15.8,0,3,Feature Request
CUST-112175,1,18.0,1,3,Onboarding Help
CUST-112176,2,52.2,0,1,Onboarding Help
CUST-112177,2,13.2,0,2,Technical Bug
CUST-112178,0,0.0,0,,None
CUST-112179,1,46.4,0,3,Feature Request
CUST-112180,0,0.0,0,,None
CUST-112181,1,41.0,0,3,Feature Request
CUST-112182,2,40.1,1,2,Onboarding Help
CUST-112183,0,0.0,0,,None
CUST-112184,2,56.1,1,3,Onboarding Help
CUST-112185,1,53.0,1,3,Onboarding Help
CUST-112186,0,0.0,0,,None
CUST-112187,0,0.0,0,,None
CUST-112188,0,0.0,0,,None
CUST-112189,0,0.0,0,,None
CUST-112190,3,31.8,1,3,Technical Bug
CUST-112191,0,0.0,0,,None
CUST-112192,1,52.8,0,2,Technical Bug
CUST-112193,2,21.2,0,4,Onboarding Help
CUST-112194,3,43.4,0,3,Technical Bug
CUST-112195,2,58.4,1,2,Technical Bug
CUST-112196,2,16.3,0,,Feature Request
CUST-112197,1,20.6,0,3,Onboarding Help
CUST-112198,0,0.0,0,,None
CUST-112199,1,12.2,0,4,Technical Bug
CUST-112200,3,3.6,0,4,Billing Inquiry
CUST-112201,4,50.8,0,1,Technical Bug
CUST-112202,2,16.9,0,3,Onboarding Help
CUST-112203,1,35.3,1,2,Technical Bug
CUST-112204,0,0.0,0,,None
CUST-112205,2,25.1,1,2,Billing Inquiry
CUST-112206,0,0.0,0,,None
CUST-112207,1,19.3,0,5,Technical Bug
CUST-112208,1,28.2,0,1,Billing Inquiry
CUST-112209,2,32.6,0,1,Billing Inquiry
CUST-112210,4,23.5,0,2,Technical Bug
CUST-112211,1,28.0,1,3,Technical Bug
CUST-112212,0,0.0,0,,None
CUST-112213,0,0.0,0,,None
CUST-112214,1,16.2,0,,Feature Request
CUST-112215,0,0.0,0,,None
CUST-112216,0,0.0,0,,None
CUST-112217,1,13.4,0,,Technical Bug
CUST-112218,0,0.0,0,,None
CUST-112219,0,0.0,0,,None
CUST-112220,2,17.7,0,4,Onboarding Help
CUST-112221,0,0.0,0,,None
CUST-112222,0,0.0,0,,None
CUST-112223,0,0.0,0,,None
CUST-112224,3,71.3,1,1,Technical Bug
CUST-112225,0,0.0,0,,None
CUST-112226,2,29.8,0,3,Onboarding Help
CUST-112227,3,14.1,0,4,Technical Bug
CUST-112228,4,44.5,0,1,Feature Request
CUST-112229,0,0.0,0,,None
CUST-112230,2,56.9,0,2,Feature Request
CUST-112231,3,51.7,0,1,Technical Bug
CUST-112232,2,37.6,1,3,Technical Bug
CUST-112233,0,0.0,0,,None
CUST-112234,2,59.8,0,1,Billing Inquiry
CUST-112235,2,33.3,0,3,Billing Inquiry
CUST-112236,2,47.2,1,2,Feature Request
CUST-112237,1,13.1,1,3,Feature Request
CUST-112238,4,23.8,1,1,Billing Inquiry
CUST-112239,1,51.3,1,2,Feature Request
CUST-112240,2,17.9,0,5,Technical Bug
CUST-112241,0,0.0,0,,None
CUST-112242,2,39.5,1,1,Billing Inquiry
CUST-112243,1,18.3,0,4,Billing Inquiry
CUST-112244,2,18.9,0,3,Onboarding Help
CUST-112245,2,38.2,0,2,Onboarding Help
CUST-112246,0,0.0,0,,None
CUST-112247,0,0.0,0,,None
CUST-112248,1,4.0,0,,Feature Request
CUST-112249,1,69.9,0,3,Billing Inquiry
CUST-112250,2,70.4,0,3,Onboarding Help
CUST-112251,1,50.9,0,2,Onboarding Help
CUST-112252,0,0.0,0,,None
CUST-112253,3,20.5,0,,Feature Request
CUST-112254,0,0.0,0,,None
CUST-112255,4,22.7,0,1,Billing Inquiry
CUST-112256,1,46.8,0,3,Feature Request
CUST-112257,0,0.0,0,,None
CUST-112258,0,0.0,0,,None
CUST-112259,3,22.3,0,1,Onboarding Help
CUST-112260,0,0.0,0,,None
CUST-112261,2,18.1,0,2,Billing Inquiry
CUST-112262,2,5.9,0,5,Onboarding Help
CUST-112263,2,21.0,0,1,Technical Bug
CUST-112264,0,0.0,0,,None
CUST-112265,1,24.5,1,3,Billing Inquiry
CUST-112266,0,0.0,0,,None
CUST-112267,1,65.2,0,1,Feature Request
CUST-112268,2,16.1,1,3,Feature Request
CUST-112269,1,17.5,0,5,Technical Bug
CUST-112270,0,0.0,0,,None
CUST-112271,1,6.9,0,,Technical Bug
CUST-112272,1,20.2,0,5,Billing Inquiry
CUST-112273,2,15.0,0,2,Onboarding Help
CUST-112274,4,53.6,1,3,Billing Inquiry
CUST-112275,4,30.4,0,2,Feature Request
CUST-112276,1,53.9,1,1,Technical Bug
CUST-112277,4,67.1,0,1,Onboarding Help
CUST-112278,0,0.0,0,,None
CUST-112279,0,0.0,0,,None
CUST-112280,3,58.3,1,2,Technical Bug
CUST-112281,2,14.8,0,4,Billing Inquiry
CUST-112282,3,58.4,0,2,Technical Bug
CUST-112283,2,17.6,0,4,Feature Request
CUST-112284,1,11.0,0,5,Onboarding Help
CUST-112285,0,0.0,0,,None
CUST-112286,1,66.8,0,1,Billing Inquiry
CUST-112287,1,16.3,0,1,Billing Inquiry
CUST-112288,2,7.5,0,,Onboarding Help
CUST-112289,4,34.3,1,1,Onboarding Help
CUST-112290,2,32.4,1,1,Billing Inquiry
CUST-112291,3,47.7,0,2,Billing Inquiry
CUST-112292,0,0.0,0,,None
CUST-112293,2,17.6,1,3,Onboarding Help
CUST-112294,2,35.7,0,1,Technical Bug
CUST-112295,2,24.3,1,3,Feature Request
CUST-112296,0,0.0,0,,None
CUST-112297,0,0.0,0,,None
CUST-112298,4,54.8,1,3,Feature Request
CUST-112299,1,22.8,1,2,Onboarding Help
CUST-112300,1,38.8,1,3,Onboarding Help
CUST-112301,0,0.0,0,,None
CUST-112302,0,0.0,0,,None
CUST-112303,2,67.8,0,1,Technical Bug
CUST-112304,1,5.3,0,5,Feature Request
CUST-112305,1,23.0,0,5,Onboarding Help
CUST-112306,4,16.1,0,2,Feature Request
CUST-112307,1,48.6,0,2,Technical Bug
CUST-112308,0,0.0,0,,None
CUST-112309,1,16.6,0,3,Technical Bug
CUST-112310,1,21.9,0,5,Billing Inquiry
CUST-112311,4,35.0,0,3,Feature Request
CUST-112312,2,26.3,0,1,Onboarding Help
CUST-112313,3,9.6,0,5,Feature Request
CUST-112314,0,0.0,0,,None
CUST-112315,0,0.0,0,,None
CUST-112316,0,0.0,0,,None
CUST-112317,1,23.0,0,5,Billing Inquiry
CUST-112318,0,0.0,0,,None
CUST-112319,0,0.0,0,,None
CUST-112320,4,24.9,1,2,Billing Inquiry
CUST-112321,0,0.0,0,,None
CUST-112322,3,21.1,1,1,Feature Request
CUST-112323,3,57.2,0,1,Technical Bug
CUST-112324,1,70.0,1,1,Billing Inquiry
CUST-112325,2,62.7,0,2,Feature Request
CUST-112326,0,0.0,0,,None
CUST-112327,0,0.0,0,,None
CUST-112328,3,67.7,0,2,Technical Bug
CUST-112329,0,0.0,0,,None
CUST-112330,1,12.7,0,4,Billing Inquiry
CUST-112331,0,0.0,0,,None
CUST-112332,1,52.4,1,1,Onboarding Help
CUST-112333,0,0.0,0,,None
CUST-112334,3,26.2,1,3,Billing Inquiry
CUST-112335,1,9.0,0,4,Feature Request
CUST-112336,3,57.3,1,3,Billing Inquiry
CUST-112337,1,66.5,0,1,Technical Bug
CUST-112338,0,0.0,0,,None
CUST-112339,0,0.0,0,,None
CUST-112340,1,43.2,0,3,Technical Bug
CUST-112341,0,0.0,0,,None
CUST-112342,0,0.0,0,,None
CUST-112343,1,6.4,0,5,Feature Request
CUST-112344,1,56.4,0,2,Technical Bug
CUST-112345,1,51.3,0,2,Technical Bug
CUST-112346,1,69.3,1,3,Feature Request
CUST-112347,2,55.8,1,2,Feature Request
CUST-112348,2,38.9,0,3,Billing Inquiry
CUST-112349,1,18.6,0,5,Billing Inquiry
CUST-112350,5,63.7,1,1,Billing Inquiry
CUST-112351,1,26.8,0,3,Technical Bug
CUST-112352,2,19.3,0,3,Technical Bug
CUST-112353,3,59.6,0,2,Billing Inquiry
CUST-112354,0,0.0,0,,None
CUST-112355,1,14.0,0,4,Technical Bug
CUST-112356,0,0.0,0,,None
CUST-112357,3,16.9,0,1,Billing Inquiry
CUST-112358,2,71.6,0,3,Billing Inquiry
CUST-112359,2,54.4,1,3,Onboarding Help
CUST-112360,1,3.4,0,4,Technical Bug
CUST-112361,0,0.0,0,,None
CUST-112362,4,41.8,0,3,Feature Request
CUST-112363,3,60.8,0,2,Onboarding Help
CUST-112364,0,0.0,0,,None
CUST-112365,3,64.0,1,3,Onboarding Help
CUST-112366,3,8.3,0,4,Billing Inquiry
CUST-112367,4,56.0,1,1,Billing Inquiry
CUST-112368,1,57.1,0,3,Onboarding Help
CUST-112369,0,0.0,0,,None
CUST-112370,0,0.0,0,,None
CUST-112371,3,3.6,0,4,Technical Bug
CUST-112372,5,61.2,1,2,Technical Bug
CUST-112373,0,0.0,0,,None
CUST-112374,1,37.5,1,2,Billing Inquiry
CUST-112375,0,0.0,0,,None
CUST-112376,0,0.0,0,,None
CUST-112377,3,25.6,1,3,Technical Bug
CUST-112378,1,64.8,1,1,Feature Request
CUST-112379,1,12.3,0,5,Billing Inquiry
CUST-112380,3,27.2,1,1,Billing Inquiry
CUST-112381,1,12.6,0,5,Billing Inquiry
CUST-112382,1,23.3,1,3,Onboarding Help
CUST-112383,2,54.7,1,2,Billing Inquiry
CUST-112384,0,0.0,0,,None
CUST-112385,1,5.3,0,,Feature Request
CUST-112386,1,28.8,0,1,Billing Inquiry
CUST-112387,2,52.7,1,2,Onboarding Help
CUST-112388,0,0.0,0,,None
CUST-112389,0,0.0,0,,None
CUST-112390,0,0.0,0,,None
CUST-112391,3,68.4,0,1,Billing Inquiry
CUST-112392,0,0.0,0,,None
CUST-112393,2,15.2,0,4,Technical Bug
CUST-112394,0,0.0,0,,None
CUST-112395,4,67.2,0,3,Onboarding Help
CUST-112396,0,0.0,0,,None
CUST-112397,0,0.0,0,,None
CUST-112398,1,48.1,0,1,Billing Inquiry
CUST-112399,1,46.5,1,1,Billing Inquiry
CUST-112400,3,42.8,0,2,Onboarding Help
CUST-112401,1,24.0,0,3,Feature Request
CUST-112402,0,0.0,0,,None
CUST-112403,1,9.6,0,5,Billing Inquiry
CUST-112404,1,38.3,0,1,Billing Inquiry
CUST-112405,1,39.1,0,2,Feature Request
CUST-112406,0,0.0,0,,None
CUST-112407,4,49.1,0,3,Onboarding Help
CUST-112408,1,44.5,1,3,Billing Inquiry
CUST-112409,1,6.5,0,,Technical Bug
CUST-112410,2,31.8,0,2,Billing Inquiry
CUST-112411,1,43.0,1,2,Onboarding Help
CUST-112412,1,36.9,0,2,Onboarding Help
CUST-112413,1,12.3,0,5,Onboarding Help
CUST-112414,0,0.0,0,,None
CUST-112415,3,12.1,1,3,Feature Request
CUST-112416,2,16.5,0,5,Billing Inquiry
CUST-112417,3,45.1,1,2,Feature Request
CUST-112418,4,56.7,0,3,Feature Request
CUST-112419,1,13.5,0,4,Onboarding Help
CUST-112420,2,41.4,0,1,Billing Inquiry
CUST-112421,1,22.6,0,5,Technical Bug
CUST-112422,3,17.1,0,5,Billing Inquiry
CUST-112423,0,0.0,0,,None
CUST-112424,1,23.3,0,1,Technical Bug
CUST-112425,0,0.0,0,,None
CUST-112426,1,59.5,1,3,Billing Inquiry
CUST-112427,1,18.0,0,,Technical Bug
CUST-112428,1,8.7,0,5,Onboarding Help
CUST-112429,2,63.9,1,1,Feature Request
CUST-112430,2,40.9,1,2,Onboarding Help
CUST-112431,1,15.7,0,4,Onboarding Help
CUST-112432,1,2.4,0,4,Feature Request
CUST-112433,0,0.0,0,,None
CUST-112434,0,0.0,0,,None
CUST-112435,0,0.0,0,,None
CUST-112436,2,28.0,0,1,Billing Inquiry
CUST-112437,2,30.1,0,1,Onboarding Help
CUST-112438,1,41.9,1,2,Feature Request
CUST-112439,0,0.0,0,,None
CUST-112440,1,38.6,1,2,Billing Inquiry
CUST-112441,2,29.4,0,2,Feature Request
CUST-112442,0,0.0,0,,None
CUST-112443,0,0.0,0,,None
CUST-112444,4,20.4,1,2,Onboarding Help
CUST-112445,1,67.0,0,2,Technical Bug
CUST-112446,4,33.6,1,1,Feature Request
CUST-112447,6,62.3,0,3,Feature Request
CUST-112448,2,60.9,1,2,Billing Inquiry
CUST-112449,4,60.7,1,3,Technical Bug
CUST-112450,0,0.0,0,,None
CUST-112451,4,53.7,1,2,Billing Inquiry
CUST-112452,2,22.7,1,2,Technical Bug
CUST-112453,2,54.5,0,1,Onboarding Help
CUST-112454,1,14.9,0,,Billing Inquiry
CUST-112455,2,32.6,0,1,Feature Request
CUST-112456,4,23.4,1,2,Technical Bug
CUST-112457,0,0.0,0,,None
CUST-112458,2,25.9,0,2,Feature Request
CUST-112459,0,0.0,0,,None
CUST-112460,1,27.3,0,1,Feature Request
CUST-112461,3,16.1,1,2,Technical Bug
CUST-112462,0,0.0,0,,None
CUST-112463,1,51.0,1,2,Onboarding Help
CUST-112464,2,34.0,1,3,Feature Request
CUST-112465,0,0.0,0,,None
CUST-112466,1,10.7,0,,Onboarding Help
CUST-112467,1,8.4,0,4,Billing Inquiry
CUST-112468,1,15.6,0,2,Onboarding Help
CUST-112469,2,25.5,0,3,Feature Request
CUST-112470,0,0.0,0,,None
CUST-112471,3,10.8,0,5,Technical Bug
CUST-112472,0,0.0,0,,None
CUST-112473,0,0.0,0,,None
CUST-112474,0,0.0,0,,None
CUST-112475,2,68.1,1,3,Onboarding Help
CUST-112476,0,0.0,0,,None
CUST-112477,3,62.4,0,2,Billing Inquiry
CUST-112478,2,28.8,1,2,Onboarding Help
CUST-112479,0,0.0,0,,None
CUST-112480,0,0.0,0,,None
CUST-112481,1,19.9,0,4,Feature Request
CUST-112482,1,16.1,1,2,Technical Bug
CUST-112483,1,25.5,1,2,Onboarding Help
CUST-112484,1,23.4,0,2,Feature Request
CUST-112485,1,17.3,0,4,Technical Bug
CUST-112486,1,13.6,0,5,Billing Inquiry
CUST-112487,0,0.0,0,,None
CUST-112488,3,17.8,0,,Onboarding Help
CUST-112489,0,0.0,0,,None
CUST-112490,1,22.7,1,1,Onboarding Help
CUST-112491,1,58.5,0,1,Onboarding Help
CUST-112492,1,16.0,0,2,Technical Bug
CUST-112493,1,55.9,0,1,Feature Request
CUST-112494,1,34.7,1,2,Onboarding Help
CUST-112495,1,36.7,1,2,Onboarding Help
CUST-112496,0,0.0,0,,None
CUST-112497,1,9.1,0,5,Technical Bug
CUST-112498,0,0.0,0,,None
CUST-112499,3,13.3,0,2,Billing Inquiry
