customer_id,signup_date,acquisition_channel,country,customer_segment
CUST-100000,2025-10-16,Organic Search,Canada,SMB
CUST-100001,2024-04-14,Referral,Australia,SMB
CUST-100002,2024-01-31,Organic Search,United States,SMB
CUST-100003,2025-10-27,Email Campaign,United States,SMB
CUST-100004,2024-01-07,Email Campaign,United States,SMB
CUST-100005,2024-08-08,Social Media,United States,SMB
CUST-100006,2024-12-18,Referral,India,Mid-Market
CUST-100007,2025-01-22,Organic Search,United States,SMB
CUST-100008,2025-01-05,Referral,Canada,SMB
CUST-100009,2024-10-23,outbound_sales,India,Mid-Market
CUST-100010,2025-04-09,Referral,United States,SMB
CUST-100011,2024-09-30,Email Campaign,Germany,SMB
CUST-100012,2025-06-30,Email Campaign,United States,SMB
CUST-100013,2025-10-17,Email Campaign,United States,SMB
CUST-100014,2024-02-27,Organic Search,United States,SMB
CUST-100015,2024-08-04,Social Media,United Kingdom,Mid-Market
CUST-100016,2025-05-26,Paid Ads,Australia,SMB
CUST-100017,2024-09-09,Email Campaign,United Kingdom,Mid-Market
CUST-100018,2025-08-20,Paid Ads,United States,Enterprise
CUST-100019,2024-04-03,Email Campaign,India,SMB
CUST-100020,2025-11-27,Paid Ads,United States,SMB
CUST-100021,2025-06-25,Paid Ads,United Kingdom,Enterprise
CUST-100022,2024-04-27,Email Campaign,United Kingdom,SMB
CUST-100023,2024-04-24,Paid Ads,United States,SMB
CUST-100024,2024-09-26,outbound_sales,Canada,SMB
CUST-100025,2025-10-02,Paid Ads,Germany,SMB
CUST-100026,2024-06-14,referral,Canada,SMB
CUST-100027,2024-11-27,Paid Ads,United States,SMB
CUST-100028,2024-11-10,Organic Search,United States,SMB
CUST-100029,2025-05-12,Direct,Netherlands,SMB
CUST-100030,2025-11-06,Paid Ads,United Kingdom,SMB
CUST-100031,2025-03-09,outbound_sales,France,Mid-Market
CUST-100032,2024-11-15,Paid Ads,Germany,SMB
CUST-100033,2025-04-07,Organic Search,United States,SMB
CUST-100034,2024-08-23,Referral,United States,Mid-Market
CUST-100035,2024-03-10,Social Media,India,SMB
CUST-100036,2025-11-16,Paid Ads,United Kingdom,Mid-Market
CUST-100037,2025-08-13,Paid Ads,Canada,Mid-Market
CUST-100038,2024-04-09,Referral,United States,SMB
CUST-100039,2024-02-25,Referral,Netherlands,SMB
CUST-100040,2024-12-13,Direct,United States,SMB
CUST-100041,2024-05-23,Paid Ads,United States,SMB
CUST-100042,2025-03-29,Direct,India,SMB
CUST-100043,2025-07-07,Direct,Netherlands,Enterprise
CUST-100044,2024-06-19,Paid Ads,United Kingdom,Mid-Market
CUST-100045,2024-06-17,Paid Ads,Netherlands,SMB
CUST-100046,2025-04-10,Paid Ads,Germany,Mid-Market
CUST-100047,2025-11-08,Email Campaign,United States,SMB
CUST-100048,2025-08-16,Email Campaign,United States,SMB
CUST-100049,2025-05-03,Paid Ads,India,SMB
CUST-100050,2024-03-23,Direct,United States,SMB
CUST-100051,2025-02-17,Organic Search,Australia,SMB
CUST-100052,2025-09-26,Organic Search,Germany,SMB
CUST-100053,2024-09-24,Organic Search,Canada,SMB
CUST-100054,2025-11-18,Referral,United Kingdom,Enterprise
CUST-100055,2024-01-10,Paid Ads,Netherlands,Enterprise
CUST-100056,2024-08-06,Paid Ads,United States,SMB
CUST-100057,2024-09-07,Paid Ads,United States,Mid-Market
CUST-100058,2025-09-18,outbound_sales,India,SMB
CUST-100059,2025-07-21,Paid Ads,Germany,Enterprise
CUST-100060,2024-04-28,Direct,Canada,SMB
CUST-100061,2024-08-03,Email Campaign,United States,SMB
CUST-100062,2025-05-15,Paid Ads,Australia,SMB
CUST-100063,2024-10-10,Organic Search,United States,SMB
CUST-100064,2024-06-14,email campaign,United Kingdom,SMB
CUST-100065,2024-03-18,social media,Germany,SMB
CUST-100066,2025-01-13,Referral,United States,SMB
CUST-100067,2024-02-10,Direct,United States,SMB
CUST-100068,2025-07-27,Direct,United States,SMB
CUST-100069,2024-08-30,Direct,Netherlands,Mid-Market
CUST-100070,2024-01-26,Organic Search,France,Mid-Market
CUST-100071,2025-11-16,Direct,India,SMB
CUST-100072,2024-04-20,Paid Ads,United States,SMB
CUST-100073,2025-04-16,Paid Ads,India,Mid-Market
CUST-100074,2025-11-06,Organic Search,United States,Mid-Market
CUST-100075,2024-10-12,Paid Ads,United Kingdom,Mid-Market
CUST-100076,2024-12-05,Social Media,United States,Enterprise
CUST-100077,2024-09-28,Organic Search,Germany,SMB
CUST-100078,2025-03-22,Referral,United Kingdom,SMB
CUST-100079,2024-09-17,Organic Search,United Kingdom,SMB
CUST-100080,2025-11-17,Organic Search,United Kingdom,Enterprise
CUST-100081,2025-09-30,Paid Ads,India,Mid-Market
CUST-100082,2024-11-12,Referral,United States,Mid-Market
CUST-100083,2024-07-15,Paid Ads,France,Mid-Market
CUST-100084,2025-09-22,Referral,United States,Mid-Market
CUST-100085,2024-08-03,Paid Ads,United Kingdom,Mid-Market
CUST-100086,2025-03-28,Referral,United Kingdom,Mid-Market
CUST-100087,2024-06-22,Referral,United States,Mid-Market
CUST-100088,2024-04-05,Direct,Canada,Mid-Market
CUST-100089,2024-07-22,Organic Search,United States,Enterprise
CUST-100090,2024-03-15,Paid Ads,Australia,SMB
CUST-100091,2025-01-28,paid ads,United States,Mid-Market
CUST-100092,2024-04-19,Email Campaign,United States,Mid-Market
CUST-100093,2025-04-20,Organic Search,United States,Mid-Market
CUST-100094,2025-04-20,Referral,Netherlands,SMB
CUST-100095,2025-03-29,Referral,Canada,SMB
CUST-100096,2025-07-15,Paid Ads,United States,Mid-Market
CUST-100097,2024-09-10,Direct,United States,Mid-Market
CUST-100098,2024-09-01,Paid Ads,United States,SMB
CUST-100099,2024-11-23,Direct,United States,SMB
CUST-100100,2024-06-05,Email Campaign,United States,SMB
CUST-100101,2025-03-01,Organic Search,India,SMB
CUST-100102,2024-01-21,direct,Canada,SMB
CUST-100103,2024-12-26,Paid Ads,United States,Mid-Market
CUST-100104,2025-07-05,Email Campaign,United Kingdom,SMB
CUST-100105,2024-08-12,Paid Ads,United Kingdom,SMB
CUST-100106,2025-02-18,Email Campaign,India,Enterprise
CUST-100107,2025-06-30,organic search,United States,SMB
CUST-100108,2025-10-20,Paid Ads,India,SMB
CUST-100109,2024-12-01,Organic Search,United States,Mid-Market
CUST-100110,2025-03-07,Paid Ads,United States,SMB
CUST-100111,2024-12-24,Organic Search,United States,Enterprise
CUST-100112,2024-02-01,Social Media,United States,SMB
CUST-100113,2024-05-09,Paid Ads,United States,Enterprise
CUST-100114,2024-09-19,Email Campaign,United States,SMB
CUST-100115,2024-04-27,Email Campaign,United States,SMB
CUST-100116,2024-11-15,Referral,Australia,SMB
CUST-100117,2024-07-22,Organic Search,Germany,SMB
CUST-100118,2024-11-04,Direct,Germany,SMB
CUST-100119,2024-02-12,Paid Ads,United Kingdom,SMB
CUST-100120,2024-12-15,Organic Search,United Kingdom,SMB
CUST-100121,2025-01-05,Referral,India,Mid-Market
CUST-100122,2025-06-18,outbound_sales,United States,Mid-Market
CUST-100123,2025-05-10,Paid Ads,India,SMB
CUST-100124,2024-09-08,Direct,United States,Mid-Market
CUST-100125,2025-04-20,Referral,Germany,SMB
CUST-100126,2024-11-28,Organic Search,United States,Mid-Market
CUST-100127,2025-09-02,Email Campaign,United States,SMB
CUST-100128,2024-03-28,Organic Search,United States,SMB
CUST-100129,2025-05-02,Referral,United Kingdom,Mid-Market
CUST-100130,2024-08-14,Paid Ads,United States,Mid-Market
CUST-100131,2025-07-20,Referral,United Kingdom,Mid-Market
CUST-100132,2025-04-09,Paid Ads,United States,SMB
CUST-100133,2024-05-02,Email Campaign,France,Mid-Market
CUST-100134,2025-05-10,Paid Ads,Germany,Mid-Market
CUST-100135,2024-04-12,Direct,United States,SMB
CUST-100136,2025-06-30,Organic Search,United States,SMB
CUST-100137,2024-05-09,referral,Canada,SMB
CUST-100138,2024-10-18,Paid Ads,United Kingdom,SMB
CUST-100139,2025-05-04,Organic Search,United States,SMB
CUST-100140,2024-02-24,Organic Search,India,Enterprise
CUST-100141,2024-09-11,Organic Search,Canada,SMB
CUST-100142,2024-08-19,Email Campaign,United States,Enterprise
CUST-100143,2025-08-25,outbound_sales,United States,SMB
CUST-100144,2024-04-11,Social Media,United States,SMB
CUST-100145,2024-06-09,Organic Search,United Kingdom,SMB
CUST-100146,2025-08-31,Paid Ads,United States,SMB
CUST-100147,2025-04-09,Organic Search,United States,SMB
CUST-100148,2025-08-26,Referral,France,SMB
CUST-100149,2025-10-25,Organic Search,United States,SMB
CUST-100150,2024-11-10,Referral,India,Enterprise
CUST-100151,2025-04-24,Email Campaign,Germany,Enterprise
CUST-100152,2025-05-20,Paid Ads,Germany,Mid-Market
CUST-100153,2025-09-10,Paid Ads,United States,Enterprise
CUST-100154,2025-08-12,Referral,United States,Mid-Market
CUST-100155,2025-08-13,Organic Search,Canada,SMB
CUST-100156,2024-10-11,Organic Search,Germany,SMB
CUST-100157,2024-04-03,Paid Ads,United States,SMB
CUST-100158,2024-06-13,Paid Ads,Germany,SMB
CUST-100159,2025-07-17,Organic Search,United States,SMB
CUST-100160,2025-02-17,Direct,India,SMB
CUST-100161,2025-04-18,Paid Ads,United States,SMB
CUST-100162,2025-10-02,Paid Ads,United States,SMB
CUST-100163,2024-10-21,Paid Ads,Germany,SMB
CUST-100164,2025-09-15,email campaign,Canada,SMB
CUST-100165,2025-02-21,Organic Search,Netherlands,Enterprise
CUST-100166,2024-04-30,Referral,United States,Enterprise
CUST-100167,2024-10-06,Paid Ads,United Kingdom,SMB
CUST-100168,2024-05-28,Paid Ads,France,SMB
CUST-100169,2024-03-12,Paid Ads,India,SMB
CUST-100170,2025-06-03,Paid Ads,United States,Mid-Market
CUST-100171,2025-08-16,outbound_sales,United Kingdom,SMB
CUST-100172,2024-12-19,Paid Ads,Canada,SMB
CUST-100173,2024-07-12,outbound_sales,United States,SMB
CUST-100174,2025-02-24,Organic Search,Canada,Mid-Market
CUST-100175,2025-01-30,outbound_sales,India,Mid-Market
CUST-100176,2024-02-07,Organic Search,Netherlands,SMB
CUST-100177,2025-03-26,Organic Search,Australia,SMB
CUST-100178,2025-11-01,outbound_sales,United States,Mid-Market
CUST-100179,2025-09-30,Email Campaign,Germany,Mid-Market
CUST-100180,2025-06-30,Paid Ads,United States,Mid-Market
CUST-100181,2025-07-08,Organic Search,United States,SMB
CUST-100182,2024-08-20,Email Campaign,United Kingdom,SMB
CUST-100183,2024-04-12,Paid Ads,Germany,Enterprise
CUST-100184,2024-02-27,Paid Ads,United States,SMB
CUST-100185,2025-08-02,Email Campaign,United States,SMB
CUST-100186,2025-01-26,Referral,United States,Enterprise
CUST-100187,2025-04-17,Referral,United Kingdom,Mid-Market
CUST-100188,2025-04-21,Social Media,Germany,SMB
CUST-100189,2024-12-19,outbound_sales,United States,Enterprise
CUST-100190,2025-04-12,Direct,United States,SMB
CUST-100191,2024-08-30,Paid Ads,United States,SMB
CUST-100192,2024-01-23,outbound_sales,Germany,SMB
CUST-100193,2024-02-20,Social Media,Canada,Mid-Market
CUST-100194,2024-08-23,Referral,United States,SMB
CUST-100195,2025-11-25,Email Campaign,Canada,Mid-Market
CUST-100196,2024-04-09,Social Media,Germany,SMB
CUST-100197,2025-08-16,Paid Ads,United States,Enterprise
CUST-100198,2025-03-01,Organic Search,United States,SMB
CUST-100199,2025-06-27,Paid Ads,United States,SMB
CUST-100200,2025-05-08,outbound_sales,United States,Mid-Market
CUST-100201,2025-04-24,outbound_sales,United States,Enterprise
CUST-100202,2025-11-21,outbound_sales,Netherlands,Mid-Market
CUST-100203,2025-02-08,Organic Search,United Kingdom,SMB
CUST-100204,2025-11-19,Paid Ads,United States,SMB
CUST-100205,2025-11-22,Organic Search,United States,Mid-Market
CUST-100206,2025-09-16,Organic Search,United States,Mid-Market
CUST-100207,2024-11-05,referral,United States,SMB
CUST-100208,2025-05-19,Organic Search,United States,SMB
CUST-100209,2025-01-14,Referral,Canada,Enterprise
CUST-100210,2024-06-07,Direct,Germany,Mid-Market
CUST-100211,2024-10-13,Organic Search,United States,SMB
CUST-100212,2025-01-06,Organic Search,Germany,SMB
CUST-100213,2025-01-02,Organic Search,United States,Enterprise
CUST-100214,2025-04-10,Organic Search,United States,SMB
CUST-100215,2024-02-21,Email Campaign,United States,SMB
CUST-100216,2024-03-11,Direct,United Kingdom,SMB
CUST-100217,2024-08-26,paid ads,United States,Enterprise
CUST-100218,2024-05-28,outbound_sales,United Kingdom,Mid-Market
CUST-100219,2024-01-27,Organic Search,United States,Mid-Market
CUST-100220,2024-01-17,Organic Search,United States,Mid-Market
CUST-100221,2024-03-06,Paid Ads,Canada,SMB
CUST-100222,2025-05-30,Organic Search,Germany,Mid-Market
CUST-100223,2025-11-05,Paid Ads,United Kingdom,Enterprise
CUST-100224,2025-05-05,Direct,United Kingdom,SMB
CUST-100225,2025-03-30,Organic Search,United States,SMB
CUST-100226,2024-10-08,Referral,Germany,Mid-Market
CUST-100227,2025-09-03,Referral,United Kingdom,SMB
CUST-100228,2024-04-27,Direct,Germany,Mid-Market
CUST-100229,2024-08-08,Paid Ads,Australia,SMB
CUST-100230,2025-02-12,Paid Ads,United States,SMB
CUST-100231,2025-01-18,Social Media,Germany,SMB
CUST-100232,2024-03-28,Organic Search,United States,Mid-Market
CUST-100233,2025-07-23,Organic Search,France,SMB
CUST-100234,2025-02-24,Paid Ads,Germany,Mid-Market
CUST-100235,2024-02-22,outbound_sales,Germany,SMB
CUST-100236,2024-08-05,Organic Search,United Kingdom,Mid-Market
CUST-100237,2025-07-23,Paid Ads,Canada,SMB
CUST-100238,2025-07-28,outbound_sales,India,SMB
CUST-100239,2024-01-27,referral,Germany,Mid-Market
CUST-100240,2024-10-06,email campaign,United States,SMB
CUST-100241,2024-05-26,Referral,United States,SMB
CUST-100242,2024-02-01,Organic Search,United Kingdom,SMB
CUST-100243,2024-06-10,Paid Ads,Canada,Mid-Market
CUST-100244,2024-03-27,Direct,United States,Mid-Market
CUST-100245,2024-03-24,Paid Ads,Germany,SMB
CUST-100246,2024-10-06,Organic Search,United Kingdom,SMB
CUST-100247,2025-11-25,Referral,United Kingdom,Mid-Market
CUST-100248,2025-02-08,outbound_sales,United States,SMB
CUST-100249,2024-05-20,Email Campaign,United States,SMB
CUST-100250,2025-03-16,Organic Search,United States,Mid-Market
CUST-100251,2025-11-15,Direct,United States,Mid-Market
CUST-100252,2024-01-20,Paid Ads,United States,SMB
CUST-100253,2025-02-18,email campaign,United States,SMB
CUST-100254,2024-11-28,Organic Search,France,SMB
CUST-100255,2025-01-05,Organic Search,India,SMB
CUST-100256,2025-06-20,Organic Search,Australia,Mid-Market
CUST-100257,2024-06-21,Organic Search,Germany,SMB
CUST-100258,2024-12-23,Paid Ads,France,SMB
CUST-100259,2024-04-15,Organic Search,United States,SMB
CUST-100260,2025-11-02,Organic Search,France,SMB
CUST-100261,2025-07-31,Email Campaign,United Kingdom,Enterprise
CUST-100262,2025-10-12,outbound_sales,United States,Enterprise
CUST-100263,2025-03-26,Organic Search,United Kingdom,SMB
CUST-100264,2024-02-27,paid ads,United States,SMB
CUST-100265,2025-01-12,Direct,United States,Mid-Market
CUST-100266,2025-09-21,Referral,United States,SMB
CUST-100267,2024-02-12,Paid Ads,India,Mid-Market
CUST-100268,2025-05-02,Paid Ads,France,SMB
CUST-100269,2024-12-17,outbound_sales,United States,SMB
CUST-100270,2025-03-24,outbound_sales,United Kingdom,SMB
CUST-100271,2024-10-16,Paid Ads,Canada,Mid-Market
CUST-100272,2025-10-08,Referral,United States,SMB
CUST-100273,2024-10-17,Paid Ads,India,Enterprise
CUST-100274,2024-06-02,Paid Ads,Germany,SMB
CUST-100275,2025-11-02,Email Campaign,United States,SMB
CUST-100276,2024-11-13,Referral,Germany,SMB
CUST-100277,2025-06-23,organic search,Germany,SMB
CUST-100278,2024-11-12,Organic Search,United States,Enterprise
CUST-100279,2024-08-19,outbound_sales,United States,SMB
CUST-100280,2025-06-03,email campaign,India,Mid-Market
CUST-100281,2024-12-10,Direct,Germany,SMB
CUST-100282,2024-07-04,Direct,Canada,Mid-Market
CUST-100283,2025-03-24,Organic Search,United States,Mid-Market
CUST-100284,2025-09-17,Paid Ads,Canada,SMB
CUST-100285,2024-11-12,outbound_sales,Canada,Enterprise
CUST-100286,2025-11-25,Social Media,Netherlands,SMB
CUST-100287,2025-01-26,Paid Ads,United States,SMB
CUST-100288,2025-09-11,Organic Search,United States,SMB
CUST-100289,2025-07-21,Social Media,Canada,SMB
CUST-100290,2024-03-26,Email Campaign,United States,Enterprise
CUST-100291,2025-03-23,Organic Search,Australia,Mid-Market
CUST-100292,2024-01-28,Paid Ads,United States,SMB
CUST-100293,2024-03-24,Paid Ads,United States,Enterprise
CUST-100294,2025-10-27,Paid Ads,United States,SMB
CUST-100295,2025-04-28,Email Campaign,United States,Mid-Market
CUST-100296,2024-01-06,Social Media,United States,SMB
CUST-100297,2025-09-15,Paid Ads,United States,SMB
CUST-100298,2024-02-18,Organic Search,Germany,SMB
CUST-100299,2025-05-26,Referral,United States,SMB
CUST-100300,2024-05-27,Paid Ads,United States,SMB
CUST-100301,2024-07-10,Referral,United States,Enterprise
CUST-100302,2025-06-22,referral,Canada,SMB
CUST-100303,2025-04-26,Organic Search,United States,SMB
CUST-100304,2024-12-31,Email Campaign,United States,Mid-Market
CUST-100305,2025-08-18,Email Campaign,United States,SMB
CUST-100306,2025-10-20,Organic Search,Canada,SMB
CUST-100307,2025-10-08,Organic Search,United States,Mid-Market
CUST-100308,2024-02-07,Paid Ads,United States,SMB
CUST-100309,2024-11-13,Paid Ads,Netherlands,SMB
CUST-100310,2025-10-24,Organic Search,United States,Mid-Market
CUST-100311,2024-12-05,Paid Ads,India,SMB
CUST-100312,2025-03-26,Direct,United States,Enterprise
CUST-100313,2025-05-24,Paid Ads,India,SMB
CUST-100314,2025-03-10,Organic Search,Germany,Mid-Market
CUST-100315,2024-11-24,Organic Search,United States,SMB
CUST-100316,2025-03-12,Organic Search,United Kingdom,SMB
CUST-100317,2024-12-27,Referral,United Kingdom,SMB
CUST-100318,2024-02-28,Organic Search,Germany,SMB
CUST-100319,2025-11-26,Organic Search,United States,Mid-Market
CUST-100320,2025-03-24,Organic Search,United States,Mid-Market
CUST-100321,2025-01-27,Social Media,United States,SMB
CUST-100322,2025-01-14,Paid Ads,Canada,SMB
CUST-100323,2025-02-11,paid ads,United States,Enterprise
CUST-100324,2024-07-09,Paid Ads,United States,SMB
CUST-100325,2024-09-23,Email Campaign,United States,SMB
CUST-100326,2025-05-17,Organic Search,United States,SMB
CUST-100327,2025-03-31,outbound_sales,India,Enterprise
CUST-100328,2025-11-14,Paid Ads,United States,SMB
CUST-100329,2024-06-10,Email Campaign,France,SMB
CUST-100330,2025-06-04,Organic Search,Netherlands,Mid-Market
CUST-100331,2025-05-20,Organic Search,United Kingdom,SMB
CUST-100332,2025-07-18,Organic Search,Australia,SMB
CUST-100333,2025-05-05,Paid Ads,Canada,Mid-Market
CUST-100334,2024-11-20,Referral,United Kingdom,Mid-Market
CUST-100335,2025-07-18,Referral,United States,Enterprise
CUST-100336,2024-02-26,Direct,United Kingdom,SMB
CUST-100337,2024-08-18,Paid Ads,France,Mid-Market
CUST-100338,2024-09-13,Organic Search,France,SMB
CUST-100339,2025-09-21,Referral,United Kingdom,SMB
CUST-100340,2024-06-06,Organic Search,Germany,Enterprise
CUST-100341,2025-07-31,Organic Search,India,SMB
CUST-100342,2025-08-13,Paid Ads,United States,SMB
CUST-100343,2024-02-01,Paid Ads,Germany,SMB
CUST-100344,2025-05-09,Organic Search,India,SMB
CUST-100345,2024-03-02,Organic Search,United States,SMB
CUST-100346,2024-05-27,Paid Ads,Canada,Mid-Market
CUST-100347,2025-02-12,Organic Search,United States,SMB
CUST-100348,2025-04-22,Organic Search,United Kingdom,SMB
CUST-100349,2025-01-28,Direct,United States,Enterprise
CUST-100350,2024-12-01,Social Media,Canada,SMB
CUST-100351,2025-06-11,Paid Ads,Australia,SMB
CUST-100352,2025-02-06,Paid Ads,Netherlands,SMB
CUST-100353,2024-02-21,Paid Ads,Germany,Mid-Market
CUST-100354,2024-10-19,Referral,India,SMB
CUST-100355,2025-01-09,Email Campaign,United States,SMB
CUST-100356,2024-07-18,Paid Ads,United States,SMB
CUST-100357,2025-07-17,Paid Ads,Netherlands,Mid-Market
CUST-100358,2024-04-09,Paid Ads,India,SMB
CUST-100359,2024-05-27,Organic Search,United Kingdom,SMB
CUST-100360,2024-05-20,Email Campaign,India,SMB
CUST-100361,2025-06-11,Organic Search,France,SMB
CUST-100362,2025-09-23,Email Campaign,United States,SMB
CUST-100363,2025-06-29,paid ads,United Kingdom,SMB
CUST-100364,2024-12-05,Referral,Netherlands,SMB
CUST-100365,2025-10-06,Organic Search,United Kingdom,Enterprise
CUST-100366,2025-08-15,Referral,Canada,SMB
CUST-100367,2025-10-06,Email Campaign,Canada,SMB
CUST-100368,2024-09-05,organic search,France,SMB
CUST-100369,2024-11-17,Paid Ads,United States,SMB
CUST-100370,2025-09-18,Social Media,Australia,Mid-Market
CUST-100371,2024-05-21,Paid Ads,United Kingdom,Enterprise
CUST-100372,2025-01-20,Paid Ads,United States,Enterprise
CUST-100373,2024-12-28,Referral,India,Mid-Market
CUST-100374,2024-09-27,Referral,United States,SMB
CUST-100375,2024-08-18,Social Media,Netherlands,Mid-Market
CUST-100376,2025-05-15,Paid Ads,United States,Enterprise
CUST-100377,2024-10-07,Paid Ads,United Kingdom,SMB
CUST-100378,2025-02-08,Direct,France,Mid-Market
CUST-100379,2024-10-21,Social Media,United States,Enterprise
CUST-100380,2025-05-05,Organic Search,India,SMB
CUST-100381,2024-10-05,Organic Search,Germany,SMB
CUST-100382,2025-11-16,Social Media,United States,SMB
CUST-100383,2024-12-04,email campaign,United States,Mid-Market
CUST-100384,2025-07-17,outbound_sales,United States,Mid-Market
CUST-100385,2025-05-02,Paid Ads,United States,Enterprise
CUST-100386,2025-10-23,Organic Search,Canada,Mid-Market
CUST-100387,2024-02-08,Social Media,United States,Mid-Market
CUST-100388,2024-02-07,outbound_sales,United States,SMB
CUST-100389,2024-10-23,Direct,United States,SMB
CUST-100390,2024-12-09,Paid Ads,Netherlands,SMB
CUST-100391,2024-05-17,Direct,United Kingdom,SMB
CUST-100392,2024-06-15,email campaign,Germany,Mid-Market
CUST-100393,2024-12-11,Email Campaign,United Kingdom,Mid-Market
CUST-100394,2025-10-16,Direct,India,SMB
CUST-100395,2025-11-16,Organic Search,Netherlands,SMB
CUST-100396,2024-01-07,Paid Ads,United States,Mid-Market
CUST-100397,2024-11-05,Referral,United Kingdom,SMB
CUST-100398,2024-08-29,Organic Search,United States,SMB
CUST-100399,2025-05-29,Social Media,Australia,Mid-Market
CUST-100400,2025-10-16,Social Media,United States,SMB
CUST-100401,2024-05-16,Paid Ads,United Kingdom,Enterprise
CUST-100402,2025-07-16,Social Media,Canada,Mid-Market
CUST-100403,2024-09-10,Email Campaign,Germany,Mid-Market
CUST-100404,2025-06-24,Email Campaign,United States,SMB
CUST-100405,2025-07-14,Social Media,United States,SMB
CUST-100406,2025-06-16,Paid Ads,Germany,Mid-Market
CUST-100407,2025-06-06,Paid Ads,United States,SMB
CUST-100408,2025-07-31,Organic Search,United Kingdom,Mid-Market
CUST-100409,2025-02-09,Paid Ads,United States,SMB
CUST-100410,2025-03-09,Paid Ads,United States,Enterprise
CUST-100411,2024-03-11,outbound_sales,United Kingdom,SMB
CUST-100412,2024-05-18,Email Campaign,Netherlands,SMB
CUST-100413,2025-01-26,Paid Ads,Australia,SMB
CUST-100414,2025-11-08,Direct,United States,Mid-Market
CUST-100415,2025-07-04,Paid Ads,United States,Enterprise
CUST-100416,2024-01-24,outbound_sales,United Kingdom,Mid-Market
CUST-100417,2025-01-23,Direct,United States,SMB
CUST-100418,2024-04-25,Organic Search,Germany,SMB
CUST-100419,2024-01-17,Organic Search,United States,SMB
CUST-100420,2025-11-19,Email Campaign,United States,Mid-Market
CUST-100421,2024-08-27,Referral,Canada,Mid-Market
CUST-100422,2024-10-23,Organic Search,Australia,SMB
CUST-100423,2025-11-19,Direct,United States,Mid-Market
CUST-100424,2025-06-17,Organic Search,United States,SMB
CUST-100425,2024-06-28,Referral,United Kingdom,SMB
CUST-100426,2025-10-20,Referral,Canada,SMB
CUST-100427,2024-06-01,Paid Ads,United States,SMB
CUST-100428,2024-08-18,Paid Ads,Canada,Mid-Market
CUST-100429,2025-07-29,Paid Ads,United States,SMB
CUST-100430,2024-09-18,Organic Search,Germany,Enterprise
CUST-100431,2024-04-04,Referral,India,SMB
CUST-100432,2025-09-11,Referral,Australia,SMB
CUST-100433,2025-11-18,Referral,United Kingdom,Mid-Market
CUST-100434,2024-01-16,Organic Search,United States,Mid-Market
CUST-100435,2025-05-05,Social Media,Germany,Mid-Market
CUST-100436,2024-09-02,Referral,Canada,SMB
CUST-100437,2025-01-02,Paid Ads,United States,Mid-Market
CUST-100438,2025-04-25,Email Campaign,United States,SMB
CUST-100439,2024-02-16,Referral,United States,SMB
CUST-100440,2025-08-21,Referral,United States,SMB
CUST-100441,2025-01-23,Referral,United States,SMB
CUST-100442,2024-12-11,Paid Ads,India,Enterprise
CUST-100443,2025-05-17,Paid Ads,Canada,SMB
CUST-100444,2025-07-13,Paid Ads,Australia,SMB
CUST-100445,2024-03-01,Paid Ads,India,SMB
CUST-100446,2024-02-19,Email Campaign,United States,Mid-Market
CUST-100447,2024-06-03,Organic Search,United Kingdom,SMB
CUST-100448,2025-11-13,social media,Australia,Mid-Market
CUST-100449,2025-06-28,Referral,United States,SMB
CUST-100450,2024-10-20,Organic Search,India,Mid-Market
CUST-100451,2024-07-02,Organic Search,United States,SMB
CUST-100452,2025-06-23,Paid Ads,United States,Mid-Market
CUST-100453,2025-02-19,Paid Ads,United States,Mid-Market
CUST-100454,2024-03-23,Referral,India,Mid-Market
CUST-100455,2025-01-23,Paid Ads,United Kingdom,SMB
CUST-100456,2024-03-25,Paid Ads,United Kingdom,Mid-Market
CUST-100457,2024-04-07,Direct,Australia,SMB
CUST-100458,2025-08-03,Paid Ads,United States,SMB
CUST-100459,2025-07-10,Referral,United States,Enterprise
CUST-100460,2024-07-31,Referral,Canada,Mid-Market
CUST-100461,2024-03-19,Paid Ads,United Kingdom,SMB
CUST-100462,2025-11-24,Direct,United States,Mid-Market
CUST-100463,2024-03-21,Paid Ads,Netherlands,SMB
CUST-100464,2024-03-18,Paid Ads,Canada,Enterprise
CUST-100465,2024-11-30,Organic Search,United States,Enterprise
CUST-100466,2024-12-30,Referral,United States,SMB
CUST-100467,2025-01-24,Organic Search,Germany,Mid-Market
CUST-100468,2024-03-25,Paid Ads,United States,Mid-Market
CUST-100469,2025-02-02,Paid Ads,United States,SMB
CUST-100470,2025-01-03,Email Campaign,United States,SMB
CUST-100471,2025-07-24,Referral,United States,SMB
CUST-100472,2024-04-05,referral,Canada,Mid-Market
CUST-100473,2025-02-27,Paid Ads,United States,Enterprise
CUST-100474,2024-09-05,Referral,United States,SMB
CUST-100475,2024-11-04,Paid Ads,United States,SMB
CUST-100476,2024-11-02,Paid Ads,United States,SMB
CUST-100477,2025-10-02,Paid Ads,Germany,SMB
CUST-100478,2024-01-07,Social Media,United States,SMB
CUST-100479,2024-12-03,Paid Ads,United Kingdom,Mid-Market
CUST-100480,2025-08-31,Organic Search,United States,Enterprise
CUST-100481,2024-11-17,Organic Search,United States,SMB
CUST-100482,2025-10-10,Paid Ads,United Kingdom,SMB
CUST-100483,2025-02-06,Paid Ads,France,SMB
CUST-100484,2024-07-03,Email Campaign,United Kingdom,Enterprise
CUST-100485,2024-08-02,Paid Ads,United States,Mid-Market
CUST-100486,2025-02-22,Referral,United States,SMB
CUST-100487,2024-06-06,Email Campaign,Canada,SMB
CUST-100488,2025-05-05,Referral,United Kingdom,Enterprise
CUST-100489,2025-03-04,Referral,India,SMB
CUST-100490,2025-07-03,Referral,Australia,SMB
CUST-100491,2025-11-11,Paid Ads,Germany,SMB
CUST-100492,2025-11-24,Referral,Netherlands,SMB
CUST-100493,2024-04-18,Organic Search,United States,SMB
CUST-100494,2025-08-17,Email Campaign,United States,SMB
CUST-100495,2025-11-26,referral,United Kingdom,SMB
CUST-100496,2024-04-17,Paid Ads,France,SMB
CUST-100497,2024-05-25,Paid Ads,United States,Mid-Market
CUST-100498,2024-12-22,Paid Ads,United Kingdom,Mid-Market
CUST-100499,2024-11-03,Organic Search,Canada,SMB
CUST-100500,2024-04-21,Referral,United States,Enterprise
CUST-100501,2024-06-27,Referral,United States,SMB
CUST-100502,2025-02-18,Referral,United States,Mid-Market
CUST-100503,2025-09-20,direct,United Kingdom,SMB
CUST-100504,2024-08-07,Organic Search,Canada,Mid-Market
CUST-100505,2024-04-14,Email Campaign,United Kingdom,SMB
CUST-100506,2024-04-26,Paid Ads,India,SMB
CUST-100507,2025-09-03,Paid Ads,United States,SMB
CUST-100508,2025-04-13,Referral,India,Mid-Market
CUST-100509,2025-09-21,Referral,Germany,SMB
CUST-100510,2024-04-29,Organic Search,Germany,SMB
CUST-100511,2024-05-21,Referral,United Kingdom,SMB
CUST-100512,2025-10-22,Social Media,United States,SMB
CUST-100513,2024-07-10,Paid Ads,United Kingdom,SMB
CUST-100514,2024-01-10,Paid Ads,United States,SMB
CUST-100515,2025-10-30,Paid Ads,Germany,SMB
CUST-100516,2025-05-15,Organic Search,United Kingdom,Mid-Market
CUST-100517,2024-02-03,Paid Ads,United Kingdom,SMB
CUST-100518,2025-05-22,Referral,United States,SMB
CUST-100519,2025-01-10,Referral,Canada,Mid-Market
CUST-100520,2024-08-11,outbound_sales,United States,Mid-Market
CUST-100521,2024-10-31,Direct,United States,SMB
CUST-100522,2024-03-30,Paid Ads,Netherlands,Mid-Market
CUST-100523,2025-08-25,Email Campaign,India,SMB
CUST-100524,2025-09-22,Organic Search,United States,SMB
CUST-100525,2024-12-25,Referral,Germany,SMB
CUST-100526,2024-10-26,Paid Ads,United States,Mid-Market
CUST-100527,2025-11-26,Direct,United States,Mid-Market
CUST-100528,2024-03-01,outbound_sales,India,SMB
CUST-100529,2024-09-12,Organic Search,United States,SMB
CUST-100530,2025-02-06,Paid Ads,United Kingdom,SMB
CUST-100531,2025-04-07,Organic Search,India,Mid-Market
CUST-100532,2024-10-11,Email Campaign,Australia,SMB
CUST-100533,2025-08-18,Organic Search,Canada,Mid-Market
CUST-100534,2025-04-14,Referral,Germany,Mid-Market
CUST-100535,2025-02-11,Organic Search,United Kingdom,SMB
CUST-100536,2024-10-17,Paid Ads,United Kingdom,SMB
CUST-100537,2024-12-17,Direct,Canada,SMB
CUST-100538,2025-04-15,Organic Search,France,SMB
CUST-100539,2025-03-14,Organic Search,Germany,SMB
CUST-100540,2024-06-11,Direct,Australia,SMB
CUST-100541,2024-03-25,Paid Ads,Australia,SMB
CUST-100542,2024-11-08,Email Campaign,Canada,SMB
CUST-100543,2024-04-07,Organic Search,United Kingdom,SMB
CUST-100544,2025-11-27,Paid Ads,United States,SMB
CUST-100545,2025-03-08,Email Campaign,United Kingdom,SMB
CUST-100546,2024-04-14,Organic Search,United States,SMB
CUST-100547,2024-05-16,Referral,Germany,SMB
CUST-100548,2025-09-16,Referral,United Kingdom,Mid-Market
CUST-100549,2024-06-04,Social Media,Germany,SMB
CUST-100550,2024-04-12,Organic Search,United States,Mid-Market
CUST-100551,2025-03-15,Paid Ads,United States,SMB
CUST-100552,2025-07-20,Referral,Canada,SMB
CUST-100553,2024-01-28,Direct,Germany,SMB
CUST-100554,2025-06-05,Organic Search,United States,SMB
CUST-100555,2024-09-02,Paid Ads,United States,SMB
CUST-100556,2025-06-24,Direct,United States,SMB
CUST-100557,2025-01-31,Direct,United Kingdom,SMB
CUST-100558,2025-04-27,Social Media,Canada,SMB
CUST-100559,2024-09-25,Organic Search,France,Enterprise
CUST-100560,2024-10-20,Referral,United Kingdom,SMB
CUST-100561,2024-03-25,Referral,United Kingdom,SMB
CUST-100562,2024-03-21,Paid Ads,United States,Mid-Market
CUST-100563,2025-02-04,Referral,Canada,SMB
CUST-100564,2024-11-13,Email Campaign,Canada,Mid-Market
CUST-100565,2024-03-29,Social Media,United States,SMB
CUST-100566,2025-11-13,Email Campaign,Canada,SMB
CUST-100567,2024-01-12,Organic Search,France,SMB
CUST-100568,2024-09-22,Organic Search,United States,Mid-Market
CUST-100569,2024-04-30,Email Campaign,United States,Mid-Market
CUST-100570,2024-03-06,Paid Ads,Netherlands,SMB
CUST-100571,2025-06-07,Paid Ads,United Kingdom,SMB
CUST-100572,2024-09-18,Email Campaign,Australia,Mid-Market
CUST-100573,2025-06-05,Organic Search,India,SMB
CUST-100574,2025-01-07,Paid Ads,United States,Enterprise
CUST-100575,2025-07-20,Direct,Canada,Mid-Market
CUST-100576,2024-09-11,Paid Ads,Canada,SMB
CUST-100577,2025-01-16,Organic Search,Germany,SMB
CUST-100578,2025-06-12,outbound_sales,France,SMB
CUST-100579,2024-10-16,Email Campaign,United States,SMB
CUST-100580,2025-01-12,Organic Search,United Kingdom,SMB
CUST-100581,2025-04-20,Paid Ads,Netherlands,Enterprise
CUST-100582,2025-07-13,Email Campaign,United States,SMB
CUST-100583,2024-08-26,referral,Germany,Mid-Market
CUST-100584,2024-12-09,Organic Search,Germany,Mid-Market
CUST-100585,2024-04-16,Organic Search,Netherlands,SMB
CUST-100586,2024-05-25,Email Campaign,United States,Enterprise
CUST-100587,2025-06-16,Paid Ads,Australia,SMB
CUST-100588,2025-08-17,Organic Search,United States,Mid-Market
CUST-100589,2025-08-04,Organic Search,Germany,SMB
CUST-100590,2024-11-18,Social Media,United States,Mid-Market
CUST-100591,2025-04-08,Paid Ads,United States,SMB
CUST-100592,2025-08-21,Organic Search,United States,SMB
CUST-100593,2024-05-03,Referral,Netherlands,SMB
CUST-100594,2024-09-28,Direct,United States,Mid-Market
CUST-100595,2025-09-09,Organic Search,India,SMB
CUST-100596,2024-09-11,outbound_sales,United States,SMB
CUST-100597,2024-06-27,Organic Search,United States,SMB
CUST-100598,2024-09-12,Organic Search,United States,Mid-Market
CUST-100599,2024-03-04,Direct,Netherlands,SMB
CUST-100600,2025-01-16,Email Campaign,France,SMB
CUST-100601,2024-03-17,Organic Search,United States,Enterprise
CUST-100602,2024-05-11,Organic Search,India,Mid-Market
CUST-100603,2025-04-17,Organic Search,France,SMB
CUST-100604,2025-05-23,Organic Search,Germany,SMB
CUST-100605,2024-07-10,Paid Ads,United Kingdom,SMB
CUST-100606,2025-09-23,Organic Search,United States,SMB
CUST-100607,2024-03-03,Organic Search,United States,SMB
CUST-100608,2025-06-22,organic search,Netherlands,SMB
CUST-100609,2025-01-26,Email Campaign,United States,SMB
CUST-100610,2025-08-02,Paid Ads,United States,SMB
CUST-100611,2024-08-12,Organic Search,India,SMB
CUST-100612,2025-04-28,Paid Ads,Canada,Enterprise
CUST-100613,2024-04-12,Organic Search,United States,SMB
CUST-100614,2024-02-27,Email Campaign,France,SMB
CUST-100615,2025-02-01,Paid Ads,India,Mid-Market
CUST-100616,2025-08-29,Paid Ads,Canada,SMB
CUST-100617,2024-12-26,Social Media,United Kingdom,SMB
CUST-100618,2025-05-19,Referral,United States,SMB
CUST-100619,2025-09-08,Organic Search,United Kingdom,SMB
CUST-100620,2024-07-25,Direct,United States,SMB
CUST-100621,2024-11-27,Organic Search,United States,Mid-Market
CUST-100622,2024-04-23,Direct,India,Enterprise
CUST-100623,2025-11-09,Paid Ads,United States,SMB
CUST-100624,2024-06-10,Email Campaign,United Kingdom,SMB
CUST-100625,2024-11-20,Organic Search,Netherlands,Mid-Market
CUST-100626,2024-12-31,Organic Search,Germany,SMB
CUST-100627,2024-10-28,Organic Search,Canada,Enterprise
CUST-100628,2025-02-04,Direct,Canada,SMB
CUST-100629,2024-11-21,Social Media,Netherlands,SMB
CUST-100630,2025-05-23,Organic Search,Canada,SMB
CUST-100631,2024-06-20,Referral,Netherlands,Mid-Market
CUST-100632,2024-12-09,Paid Ads,United States,SMB
CUST-100633,2024-09-19,Email Campaign,Canada,SMB
CUST-100634,2025-03-05,outbound_sales,Australia,SMB
CUST-100635,2025-07-13,Paid Ads,India,Mid-Market
CUST-100636,2024-08-18,Organic Search,United States,Mid-Market
CUST-100637,2024-11-22,Paid Ads,United States,SMB
CUST-100638,2024-06-13,Email Campaign,United Kingdom,Mid-Market
CUST-100639,2025-08-31,outbound_sales,Australia,Mid-Market
CUST-100640,2025-10-31,Organic Search,Australia,SMB
CUST-100641,2024-07-29,outbound_sales,United States,SMB
CUST-100642,2025-07-07,Paid Ads,United States,SMB
CUST-100643,2025-08-08,referral,United Kingdom,SMB
CUST-100644,2024-03-30,Paid Ads,Germany,SMB
CUST-100645,2024-01-27,Organic Search,Germany,Enterprise
CUST-100646,2024-04-28,Paid Ads,United States,SMB
CUST-100647,2024-04-03,Referral,United States,SMB
CUST-100648,2024-07-10,Paid Ads,United States,SMB
CUST-100649,2024-10-02,Referral,United States,Mid-Market
CUST-100650,2025-11-15,Paid Ads,United Kingdom,Enterprise
CUST-100651,2025-07-20,Organic Search,United States,SMB
CUST-100652,2025-05-01,Referral,United States,SMB
CUST-100653,2024-02-05,Paid Ads,Australia,Mid-Market
CUST-100654,2025-09-27,Organic Search,France,SMB
CUST-100655,2024-06-20,outbound_sales,India,SMB
CUST-100656,2025-11-30,Paid Ads,Netherlands,SMB
CUST-100657,2024-09-21,Paid Ads,Canada,Mid-Market
CUST-100658,2025-07-23,Paid Ads,United States,SMB
CUST-100659,2024-01-13,Email Campaign,Germany,SMB
CUST-100660,2025-02-28,Organic Search,United Kingdom,SMB
CUST-100661,2024-04-12,Social Media,United Kingdom,SMB
CUST-100662,2025-07-02,Direct,Australia,SMB
CUST-100663,2025-08-08,Referral,United States,SMB
CUST-100664,2025-09-15,Email Campaign,United States,SMB
CUST-100665,2024-08-31,Organic Search,United Kingdom,SMB
CUST-100666,2024-12-11,Direct,United States,SMB
CUST-100667,2024-04-10,outbound_sales,United States,SMB
CUST-100668,2024-11-24,Paid Ads,United States,SMB
CUST-100669,2024-08-04,Social Media,United States,SMB
CUST-100670,2025-01-17,Direct,United Kingdom,SMB
CUST-100671,2025-06-02,Paid Ads,Canada,SMB
CUST-100672,2024-06-26,Organic Search,India,Mid-Market
CUST-100673,2025-04-12,Organic Search,United States,SMB
CUST-100674,2025-04-20,paid ads,Germany,SMB
CUST-100675,2025-01-16,Paid Ads,United Kingdom,Enterprise
CUST-100676,2025-07-18,Paid Ads,United States,Mid-Market
CUST-100677,2024-04-02,Paid Ads,United States,SMB
CUST-100678,2024-08-07,Direct,Germany,Mid-Market
CUST-100679,2025-02-23,Paid Ads,India,Enterprise
CUST-100680,2025-04-30,social media,Germany,SMB
CUST-100681,2024-09-15,Referral,France,Mid-Market
CUST-100682,2024-10-08,Paid Ads,United States,SMB
CUST-100683,2025-04-22,Paid Ads,United Kingdom,SMB
CUST-100684,2024-01-08,Paid Ads,Germany,Mid-Market
CUST-100685,2025-10-24,Referral,United States,Mid-Market
CUST-100686,2024-12-10,outbound_sales,Germany,Mid-Market
CUST-100687,2025-10-29,Paid Ads,United States,Mid-Market
CUST-100688,2025-09-06,paid ads,United States,SMB
CUST-100689,2025-05-24,outbound_sales,United States,SMB
CUST-100690,2024-02-06,Referral,Netherlands,Mid-Market
CUST-100691,2024-08-15,Email Campaign,Germany,SMB
CUST-100692,2025-01-02,Paid Ads,India,Mid-Market
CUST-100693,2024-07-04,Paid Ads,United Kingdom,Mid-Market
CUST-100694,2025-07-26,Email Campaign,United States,Mid-Market
CUST-100695,2024-04-01,Organic Search,United States,Mid-Market
CUST-100696,2024-12-05,Paid Ads,Germany,SMB
CUST-100697,2024-02-24,Direct,Germany,Enterprise
CUST-100698,2024-07-18,Paid Ads,India,SMB
CUST-100699,2024-02-25,Direct,United States,Enterprise
CUST-100700,2025-08-06,Direct,Netherlands,SMB
CUST-100701,2024-07-03,Email Campaign,United Kingdom,SMB
CUST-100702,2025-10-11,Organic Search,United Kingdom,SMB
CUST-100703,2025-08-13,Email Campaign,United Kingdom,Mid-Market
CUST-100704,2025-09-21,Paid Ads,United Kingdom,SMB
CUST-100705,2024-01-05,organic search,United States,SMB
CUST-100706,2024-11-25,email campaign,United Kingdom,SMB
CUST-100707,2024-09-11,Organic Search,Australia,SMB
CUST-100708,2025-05-30,Referral,United States,Mid-Market
CUST-100709,2024-10-24,Paid Ads,United Kingdom,SMB
CUST-100710,2024-05-17,Paid Ads,Australia,SMB
CUST-100711,2025-02-17,Organic Search,United States,Enterprise
CUST-100712,2024-01-23,Referral,United States,SMB
CUST-100713,2024-02-08,Paid Ads,Germany,Mid-Market
CUST-100714,2025-08-31,outbound_sales,Germany,Mid-Market
CUST-100715,2024-04-28,Paid Ads,United States,SMB
CUST-100716,2024-06-05,Organic Search,Germany,SMB
CUST-100717,2024-04-13,Referral,United States,SMB
CUST-100718,2024-04-17,Paid Ads,Germany,SMB
CUST-100719,2025-05-24,Organic Search,United States,SMB
CUST-100720,2024-07-25,Paid Ads,United States,SMB
CUST-100721,2024-07-31,email campaign,United Kingdom,SMB
CUST-100722,2024-04-01,Social Media,India,Mid-Market
CUST-100723,2024-04-02,Email Campaign,United States,Mid-Market
CUST-100724,2025-10-21,Organic Search,Netherlands,SMB
CUST-100725,2024-04-12,Direct,Australia,Mid-Market
CUST-100726,2025-11-24,Paid Ads,Canada,SMB
CUST-100727,2024-02-16,Organic Search,United States,SMB
CUST-100728,2025-03-24,Social Media,United States,Mid-Market
CUST-100729,2024-12-16,Organic Search,United States,Enterprise
CUST-100730,2025-01-29,Email Campaign,United Kingdom,SMB
CUST-100731,2024-06-19,Organic Search,Germany,SMB
CUST-100732,2024-06-12,Organic Search,Australia,SMB
CUST-100733,2025-03-24,organic search,United States,SMB
CUST-100734,2025-12-01,Direct,Canada,Mid-Market
CUST-100735,2025-05-14,Organic Search,United States,SMB
CUST-100736,2024-11-17,Organic Search,India,SMB
CUST-100737,2025-08-01,Organic Search,France,Mid-Market
CUST-100738,2025-09-25,Organic Search,Germany,SMB
CUST-100739,2025-11-23,Referral,United States,Mid-Market
CUST-100740,2025-09-19,Organic Search,Germany,SMB
CUST-100741,2025-05-22,Direct,United States,SMB
CUST-100742,2024-10-11,Organic Search,United States,SMB
CUST-100743,2024-08-28,Organic Search,United Kingdom,SMB
CUST-100744,2025-05-25,Paid Ads,United States,SMB
CUST-100745,2024-04-15,Paid Ads,United States,SMB
CUST-100746,2025-09-10,outbound_sales,Germany,Mid-Market
CUST-100747,2025-11-01,Referral,France,SMB
CUST-100748,2024-08-16,Direct,United States,Mid-Market
CUST-100749,2025-11-03,Paid Ads,United Kingdom,SMB
CUST-100750,2024-01-03,Paid Ads,India,Enterprise
CUST-100751,2025-06-18,Paid Ads,United States,Mid-Market
CUST-100752,2025-02-23,Organic Search,Germany,SMB
CUST-100753,2025-02-06,Organic Search,India,SMB
CUST-100754,2025-02-28,Organic Search,Germany,Mid-Market
CUST-100755,2025-04-06,Paid Ads,Germany,SMB
CUST-100756,2024-01-05,Referral,United States,Enterprise
CUST-100757,2025-05-09,Social Media,Canada,Enterprise
CUST-100758,2024-06-26,Email Campaign,United States,SMB
CUST-100759,2024-11-25,Paid Ads,United States,Enterprise
CUST-100760,2024-09-11,Paid Ads,Netherlands,Enterprise
CUST-100761,2024-05-16,Organic Search,Germany,Mid-Market
CUST-100762,2025-07-14,Direct,Canada,Enterprise
CUST-100763,2024-07-24,Organic Search,Canada,Mid-Market
CUST-100764,2024-05-15,outbound_sales,Germany,Enterprise
CUST-100765,2025-10-14,Paid Ads,United States,SMB
CUST-100766,2025-08-07,Social Media,Canada,Mid-Market
CUST-100767,2025-06-30,Paid Ads,India,Mid-Market
CUST-100768,2024-01-26,Paid Ads,United States,SMB
CUST-100769,2024-06-13,outbound_sales,Germany,SMB
CUST-100770,2024-10-29,Organic Search,United Kingdom,SMB
CUST-100771,2025-09-22,Direct,Canada,Mid-Market
CUST-100772,2025-07-28,Paid Ads,United Kingdom,Mid-Market
CUST-100773,2025-11-11,Organic Search,United States,SMB
CUST-100774,2024-11-16,outbound_sales,United States,Mid-Market
CUST-100775,2025-03-29,Direct,Australia,Mid-Market
CUST-100776,2025-08-25,Referral,Germany,Mid-Market
CUST-100777,2024-10-28,Paid Ads,Netherlands,SMB
CUST-100778,2025-06-10,Organic Search,United States,SMB
CUST-100779,2024-06-13,Referral,United States,SMB
CUST-100780,2024-06-07,Organic Search,France,SMB
CUST-100781,2025-10-02,Referral,Germany,SMB
CUST-100782,2025-01-01,Organic Search,Canada,SMB
CUST-100783,2025-06-17,Organic Search,United Kingdom,SMB
CUST-100784,2024-04-04,Paid Ads,Australia,Mid-Market
CUST-100785,2024-10-27,Organic Search,Canada,SMB
CUST-100786,2025-10-26,Organic Search,Germany,SMB
CUST-100787,2025-09-20,Social Media,United States,SMB
CUST-100788,2025-01-25,Social Media,France,SMB
CUST-100789,2024-10-16,Organic Search,United Kingdom,Mid-Market
CUST-100790,2025-06-04,Paid Ads,United States,Mid-Market
CUST-100791,2025-06-10,Organic Search,United States,Enterprise
CUST-100792,2025-06-30,Organic Search,United States,Mid-Market
CUST-100793,2025-03-10,Direct,United States,Mid-Market
CUST-100794,2025-03-21,Referral,France,Mid-Market
CUST-100795,2025-04-15,Email Campaign,United States,SMB
CUST-100796,2024-09-14,Referral,United Kingdom,SMB
CUST-100797,2025-02-01,Paid Ads,United States,SMB
CUST-100798,2024-05-01,Referral,Germany,SMB
CUST-100799,2025-08-22,Organic Search,India,SMB
CUST-100800,2024-10-23,Email Campaign,United States,SMB
CUST-100801,2025-03-24,Paid Ads,India,SMB
CUST-100802,2024-08-13,Organic Search,United States,Mid-Market
CUST-100803,2025-10-11,Organic Search,Germany,Enterprise
CUST-100804,2025-10-25,Paid Ads,France,SMB
CUST-100805,2024-05-06,Organic Search,United Kingdom,SMB
CUST-100806,2024-03-28,Paid Ads,Canada,Enterprise
CUST-100807,2025-02-26,Social Media,India,SMB
CUST-100808,2025-09-23,Direct,United States,SMB
CUST-100809,2024-02-25,Direct,France,Enterprise
CUST-100810,2025-07-16,Organic Search,Germany,SMB
CUST-100811,2025-08-17,Paid Ads,United States,SMB
CUST-100812,2024-04-12,Paid Ads,United States,SMB
CUST-100813,2024-12-02,Referral,United States,SMB
CUST-100814,2025-01-08,Direct,France,SMB
CUST-100815,2024-08-14,Email Campaign,Germany,SMB
CUST-100816,2025-11-26,Email Campaign,Australia,SMB
CUST-100817,2024-11-08,Paid Ads,United States,SMB
CUST-100818,2024-10-14,Direct,United States,SMB
CUST-100819,2025-10-03,Organic Search,United States,SMB
CUST-100820,2024-02-01,Direct,United Kingdom,Mid-Market
CUST-100821,2024-02-07,Referral,United Kingdom,Enterprise
CUST-100822,2024-06-01,Paid Ads,United States,Mid-Market
CUST-100823,2024-10-24,Organic Search,United Kingdom,SMB
CUST-100824,2024-01-11,Referral,India,Mid-Market
CUST-100825,2024-06-18,Email Campaign,United States,SMB
CUST-100826,2025-08-02,Referral,Netherlands,Mid-Market
CUST-100827,2025-01-02,Organic Search,Canada,SMB
CUST-100828,2024-08-27,Organic Search,United States,Enterprise
CUST-100829,2025-04-25,Social Media,Australia,SMB
CUST-100830,2024-04-15,Email Campaign,United Kingdom,Mid-Market
CUST-100831,2024-09-26,Referral,United Kingdom,SMB
CUST-100832,2025-08-24,Referral,India,SMB
CUST-100833,2024-08-16,Paid Ads,United States,Mid-Market
CUST-100834,2025-05-08,Direct,United States,Mid-Market
CUST-100835,2024-08-23,Organic Search,Germany,SMB
CUST-100836,2025-01-05,Referral,India,Mid-Market
CUST-100837,2024-12-04,Email Campaign,United Kingdom,SMB
CUST-100838,2024-06-14,Referral,United States,SMB
CUST-100839,2025-08-29,Organic Search,Germany,SMB
CUST-100840,2024-02-27,Organic Search,France,SMB
CUST-100841,2025-07-31,Referral,Australia,Mid-Market
CUST-100842,2024-03-28,Organic Search,Germany,SMB
CUST-100843,2024-08-12,Direct,Germany,Mid-Market
CUST-100844,2024-07-05,Referral,United Kingdom,SMB
CUST-100845,2025-04-09,Referral,United States,SMB
CUST-100846,2024-01-17,Organic Search,India,SMB
CUST-100847,2024-06-02,Referral,United States,Enterprise
CUST-100848,2025-06-28,Paid Ads,United States,SMB
CUST-100849,2025-09-09,Referral,United States,Enterprise
CUST-100850,2025-03-17,Paid Ads,United States,SMB
CUST-100851,2024-08-22,Social Media,United Kingdom,Mid-Market
CUST-100852,2025-08-12,Organic Search,United States,SMB
CUST-100853,2024-03-26,Paid Ads,Australia,SMB
CUST-100854,2024-01-08,Referral,United States,SMB
CUST-100855,2024-11-19,Paid Ads,United States,SMB
CUST-100856,2024-09-24,Direct,United Kingdom,SMB
CUST-100857,2025-11-27,Paid Ads,United States,SMB
CUST-100858,2024-07-02,Paid Ads,United Kingdom,SMB
CUST-100859,2024-12-18,Email Campaign,United States,SMB
CUST-100860,2024-05-01,Email Campaign,United Kingdom,Mid-Market
CUST-100861,2024-08-07,Paid Ads,Canada,Mid-Market
CUST-100862,2025-12-01,email campaign,United States,Enterprise
CUST-100863,2024-04-03,Direct,United Kingdom,SMB
CUST-100864,2024-09-26,Organic Search,United States,SMB
CUST-100865,2025-02-14,Referral,United Kingdom,Mid-Market
CUST-100866,2024-06-28,Referral,United Kingdom,SMB
CUST-100867,2025-06-14,Paid Ads,United States,SMB
CUST-100868,2024-08-25,Referral,Germany,SMB
CUST-100869,2024-06-10,Organic Search,United States,SMB
CUST-100870,2025-02-19,Referral,United Kingdom,Mid-Market
CUST-100871,2024-04-02,Referral,Canada,SMB
CUST-100872,2024-12-21,outbound_sales,United States,SMB
CUST-100873,2025-02-17,Referral,United States,SMB
CUST-100874,2024-03-15,Paid Ads,United States,SMB
CUST-100875,2024-09-20,Direct,India,SMB
CUST-100876,2025-01-21,Referral,Canada,Mid-Market
CUST-100877,2025-04-14,Email Campaign,Australia,Mid-Market
CUST-100878,2024-09-21,Organic Search,Germany,Enterprise
CUST-100879,2024-08-23,Direct,United States,SMB
CUST-100880,2024-09-26,Organic Search,United States,Mid-Market
CUST-100881,2024-03-18,Referral,United States,SMB
CUST-100882,2025-08-10,Paid Ads,France,Mid-Market
CUST-100883,2025-05-25,Email Campaign,United States,SMB
CUST-100884,2024-08-22,Organic Search,United States,SMB
CUST-100885,2024-04-19,Organic Search,United States,Enterprise
CUST-100886,2024-01-07,Email Campaign,United Kingdom,SMB
CUST-100887,2025-09-27,Paid Ads,Australia,Mid-Market
CUST-100888,2024-10-08,Paid Ads,Netherlands,Enterprise
CUST-100889,2024-08-15,Email Campaign,United States,SMB
CUST-100890,2025-07-07,Organic Search,United States,Mid-Market
CUST-100891,2025-04-13,outbound_sales,Germany,SMB
CUST-100892,2024-01-13,Referral,United States,SMB
CUST-100893,2024-09-22,Organic Search,United States,SMB
CUST-100894,2024-12-17,Paid Ads,United Kingdom,SMB
CUST-100895,2025-01-16,Paid Ads,United States,SMB
CUST-100896,2025-08-12,Email Campaign,India,Mid-Market
CUST-100897,2025-07-22,Paid Ads,United States,SMB
CUST-100898,2024-06-02,Paid Ads,United States,SMB
CUST-100899,2025-10-07,Paid Ads,Canada,Mid-Market
CUST-100900,2025-07-29,Direct,United States,SMB
CUST-100901,2024-08-08,Direct,United Kingdom,SMB
CUST-100902,2024-12-08,Paid Ads,United States,SMB
CUST-100903,2024-12-18,Organic Search,United States,Mid-Market
CUST-100904,2024-07-22,Referral,Germany,SMB
CUST-100905,2024-10-18,Paid Ads,Germany,SMB
CUST-100906,2024-03-21,Paid Ads,United States,SMB
CUST-100907,2024-06-20,Referral,France,SMB
CUST-100908,2025-02-18,Direct,United States,SMB
CUST-100909,2024-11-20,Referral,Canada,SMB
CUST-100910,2025-03-31,Email Campaign,France,Mid-Market
CUST-100911,2025-04-06,Paid Ads,United States,SMB
CUST-100912,2025-11-08,Paid Ads,Canada,Mid-Market
CUST-100913,2025-02-10,Organic Search,United States,Mid-Market
CUST-100914,2024-01-27,Email Campaign,United Kingdom,Enterprise
CUST-100915,2025-09-24,Organic Search,Germany,Mid-Market
CUST-100916,2024-09-10,Email Campaign,United Kingdom,SMB
CUST-100917,2024-06-23,Organic Search,Germany,Mid-Market
CUST-100918,2025-05-02,Paid Ads,Australia,Enterprise
CUST-100919,2024-05-18,outbound_sales,Germany,SMB
CUST-100920,2025-10-08,Email Campaign,Australia,SMB
CUST-100921,2025-06-30,Paid Ads,United States,SMB
CUST-100922,2025-03-28,paid ads,United States,SMB
CUST-100923,2025-06-19,Direct,India,SMB
CUST-100924,2024-01-09,Email Campaign,United Kingdom,Mid-Market
CUST-100925,2025-03-16,Email Campaign,Germany,Mid-Market
CUST-100926,2024-07-12,Paid Ads,United Kingdom,SMB
CUST-100927,2025-10-23,Paid Ads,United States,SMB
CUST-100928,2024-09-02,Paid Ads,India,SMB
CUST-100929,2024-10-05,Paid Ads,Canada,Mid-Market
CUST-100930,2024-03-11,Organic Search,United States,SMB
CUST-100931,2024-10-05,Email Campaign,United Kingdom,SMB
CUST-100932,2025-07-01,Organic Search,Netherlands,SMB
CUST-100933,2025-03-24,Email Campaign,United States,SMB
CUST-100934,2024-12-16,Paid Ads,Canada,SMB
CUST-100935,2024-02-02,Paid Ads,India,Enterprise
CUST-100936,2025-02-05,Organic Search,United Kingdom,SMB
CUST-100937,2025-01-25,Direct,United States,Mid-Market
CUST-100938,2025-03-29,Organic Search,Netherlands,SMB
CUST-100939,2024-04-06,Paid Ads,Netherlands,SMB
CUST-100940,2024-11-15,Social Media,United States,Mid-Market
CUST-100941,2025-07-16,Paid Ads,United States,SMB
CUST-100942,2024-02-23,Direct,United States,SMB
CUST-100943,2024-11-28,Organic Search,India,SMB
CUST-100944,2024-09-05,Organic Search,United States,Mid-Market
CUST-100945,2025-09-02,Organic Search,Canada,SMB
CUST-100946,2025-09-25,Paid Ads,Netherlands,Mid-Market
CUST-100947,2024-12-30,Referral,Canada,Mid-Market
CUST-100948,2024-08-26,Paid Ads,United Kingdom,SMB
CUST-100949,2025-03-25,Email Campaign,United States,SMB
CUST-100950,2024-09-13,Direct,United Kingdom,SMB
CUST-100951,2025-05-16,Organic Search,United States,SMB
CUST-100952,2024-10-08,Direct,Germany,Mid-Market
CUST-100953,2025-06-27,Organic Search,United States,SMB
CUST-100954,2024-01-01,Email Campaign,United Kingdom,Mid-Market
CUST-100955,2025-09-26,Direct,Canada,SMB
CUST-100956,2025-11-05,outbound_sales,India,SMB
CUST-100957,2025-07-18,Organic Search,United States,SMB
CUST-100958,2024-04-08,Paid Ads,United States,Mid-Market
CUST-100959,2024-02-02,Organic Search,United Kingdom,SMB
CUST-100960,2025-02-01,Referral,United Kingdom,Mid-Market
CUST-100961,2025-01-10,Organic Search,Canada,SMB
CUST-100962,2025-11-02,Paid Ads,Australia,SMB
CUST-100963,2024-03-03,Paid Ads,Canada,Mid-Market
CUST-100964,2024-02-29,Direct,United States,SMB
CUST-100965,2024-11-07,Organic Search,United States,SMB
CUST-100966,2024-08-24,Referral,United States,SMB
CUST-100967,2025-10-02,Social Media,United Kingdom,SMB
CUST-100968,2025-10-15,Referral,Germany,Mid-Market
CUST-100969,2024-04-16,Organic Search,United States,SMB
CUST-100970,2024-06-10,Referral,Germany,Enterprise
CUST-100971,2025-07-17,outbound_sales,United States,SMB
CUST-100972,2025-03-16,Direct,United States,SMB
CUST-100973,2025-01-19,Email Campaign,France,SMB
CUST-100974,2025-04-03,Social Media,United States,SMB
CUST-100975,2024-01-17,Paid Ads,Netherlands,SMB
CUST-100976,2024-08-15,Organic Search,United States,Mid-Market
CUST-100977,2024-10-09,Social Media,United Kingdom,SMB
CUST-100978,2024-04-06,Organic Search,United States,SMB
CUST-100979,2025-08-19,Organic Search,United States,SMB
CUST-100980,2025-08-05,Social Media,Canada,Mid-Market
CUST-100981,2024-06-26,Paid Ads,Australia,Mid-Market
CUST-100982,2024-04-07,Referral,United States,Mid-Market
CUST-100983,2024-03-21,Email Campaign,France,SMB
CUST-100984,2025-03-20,Paid Ads,India,Mid-Market
CUST-100985,2025-10-30,Direct,France,SMB
CUST-100986,2024-02-25,Paid Ads,United States,SMB
CUST-100987,2025-05-29,Email Campaign,United States,Mid-Market
CUST-100988,2025-04-01,Email Campaign,United Kingdom,SMB
CUST-100989,2025-02-07,Organic Search,United States,SMB
CUST-100990,2025-07-15,Paid Ads,United States,SMB
CUST-100991,2024-05-13,Email Campaign,United Kingdom,SMB
CUST-100992,2025-08-08,Organic Search,Germany,Mid-Market
CUST-100993,2024-03-14,Paid Ads,United Kingdom,Mid-Market
CUST-100994,2024-04-25,Referral,United Kingdom,SMB
CUST-100995,2025-08-31,Referral,Canada,SMB
CUST-100996,2025-03-28,Referral,United Kingdom,Enterprise
CUST-100997,2025-01-17,Organic Search,Canada,SMB
CUST-100998,2024-09-05,Social Media,France,Mid-Market
CUST-100999,2024-01-15,Paid Ads,India,SMB
CUST-101000,2024-12-05,Organic Search,United Kingdom,SMB
CUST-101001,2024-09-21,Referral,Germany,Enterprise
CUST-101002,2025-11-15,Organic Search,Germany,Mid-Market
CUST-101003,2024-06-23,Organic Search,United States,Mid-Market
CUST-101004,2025-04-21,Referral,United States,SMB
CUST-101005,2025-11-06,Paid Ads,United States,SMB
CUST-101006,2025-01-30,Organic Search,United States,Enterprise
CUST-101007,2024-11-19,Paid Ads,Germany,SMB
CUST-101008,2025-04-13,Referral,Canada,SMB
CUST-101009,2024-11-08,Paid Ads,United States,SMB
CUST-101010,2024-12-26,Paid Ads,United States,Enterprise
CUST-101011,2024-10-09,Direct,Germany,Mid-Market
CUST-101012,2024-01-31,Social Media,France,SMB
CUST-101013,2025-02-06,Referral,United States,SMB
CUST-101014,2025-09-19,Direct,Germany,SMB
CUST-101015,2025-03-12,outbound_sales,Australia,SMB
CUST-101016,2024-07-30,Referral,Germany,Mid-Market
CUST-101017,2024-05-21,Paid Ads,Canada,SMB
CUST-101018,2024-05-28,Referral,United Kingdom,SMB
CUST-101019,2025-06-29,Social Media,United States,SMB
CUST-101020,2024-01-31,Email Campaign,Australia,SMB
CUST-101021,2025-03-29,Email Campaign,India,SMB
CUST-101022,2024-06-04,Email Campaign,United States,SMB
CUST-101023,2025-09-18,Referral,Germany,SMB
CUST-101024,2024-08-24,Email Campaign,United States,Mid-Market
CUST-101025,2025-05-29,Direct,United Kingdom,SMB
CUST-101026,2025-01-31,paid ads,United States,SMB
CUST-101027,2024-01-16,Social Media,France,SMB
CUST-101028,2024-07-26,Email Campaign,United States,Enterprise
CUST-101029,2025-09-23,Paid Ads,United States,SMB
CUST-101030,2025-02-18,Email Campaign,Germany,Mid-Market
CUST-101031,2025-02-07,Referral,Canada,SMB
CUST-101032,2024-02-09,Paid Ads,United Kingdom,Mid-Market
CUST-101033,2024-09-08,Paid Ads,United States,Mid-Market
CUST-101034,2025-06-12,Email Campaign,Netherlands,SMB
CUST-101035,2024-11-07,Email Campaign,United States,SMB
CUST-101036,2024-02-25,Email Campaign,Australia,SMB
CUST-101037,2024-04-02,Email Campaign,United States,Mid-Market
CUST-101038,2025-07-13,Organic Search,United States,SMB
CUST-101039,2025-08-27,Direct,Australia,Mid-Market
CUST-101040,2024-11-27,Email Campaign,Australia,Mid-Market
CUST-101041,2024-05-06,Organic Search,Canada,SMB
CUST-101042,2025-01-28,Email Campaign,Netherlands,SMB
CUST-101043,2025-07-17,Paid Ads,Canada,Enterprise
CUST-101044,2025-11-06,Direct,United States,SMB
CUST-101045,2024-02-22,Paid Ads,United States,Mid-Market
CUST-101046,2025-10-03,organic search,Australia,Enterprise
CUST-101047,2024-09-16,Organic Search,United Kingdom,SMB
CUST-101048,2025-09-14,Direct,United States,SMB
CUST-101049,2025-02-23,Paid Ads,Germany,SMB
CUST-101050,2024-10-11,Referral,United Kingdom,Mid-Market
CUST-101051,2024-05-31,organic search,United States,SMB
CUST-101052,2025-08-14,Direct,United States,Enterprise
CUST-101053,2025-03-02,outbound_sales,United States,SMB
CUST-101054,2025-09-01,Referral,United Kingdom,Enterprise
CUST-101055,2025-01-03,Social Media,United States,SMB
CUST-101056,2025-01-23,Direct,Canada,Mid-Market
CUST-101057,2025-04-27,Organic Search,Germany,SMB
CUST-101058,2025-06-21,Organic Search,United States,SMB
CUST-101059,2025-10-06,Paid Ads,United States,Mid-Market
CUST-101060,2024-10-21,Paid Ads,India,SMB
CUST-101061,2025-09-30,Paid Ads,United States,SMB
CUST-101062,2025-10-09,Paid Ads,India,Mid-Market
CUST-101063,2024-10-24,outbound_sales,United States,SMB
CUST-101064,2024-04-30,Email Campaign,United States,SMB
CUST-101065,2024-02-16,paid ads,United Kingdom,SMB
CUST-101066,2024-07-25,Email Campaign,United States,SMB
CUST-101067,2025-07-17,Paid Ads,United States,Mid-Market
CUST-101068,2025-08-05,Referral,United States,SMB
CUST-101069,2024-12-12,social media,United Kingdom,SMB
CUST-101070,2024-05-19,Paid Ads,Germany,Mid-Market
CUST-101071,2024-12-09,Paid Ads,India,Enterprise
CUST-101072,2025-06-17,Paid Ads,Canada,SMB
CUST-101073,2024-08-01,Referral,United States,Enterprise
CUST-101074,2024-03-08,outbound_sales,United States,SMB
CUST-101075,2025-10-03,Referral,United States,SMB
CUST-101076,2024-04-29,Direct,Canada,Mid-Market
CUST-101077,2024-02-02,Paid Ads,United States,Mid-Market
CUST-101078,2024-11-05,Organic Search,United States,SMB
CUST-101079,2024-07-25,Social Media,United Kingdom,SMB
CUST-101080,2025-05-27,Organic Search,United States,SMB
CUST-101081,2024-11-13,Email Campaign,United States,Mid-Market
CUST-101082,2025-06-12,Referral,United States,Mid-Market
CUST-101083,2025-06-18,Organic Search,United States,SMB
CUST-101084,2024-03-30,Paid Ads,Australia,SMB
CUST-101085,2024-11-15,Organic Search,Canada,SMB
CUST-101086,2024-07-24,Organic Search,United States,SMB
CUST-101087,2024-04-30,Paid Ads,United States,SMB
CUST-101088,2025-07-27,Paid Ads,United States,SMB
CUST-101089,2024-05-24,Social Media,India,SMB
CUST-101090,2024-11-14,Referral,United States,SMB
CUST-101091,2025-04-27,Social Media,United States,SMB
CUST-101092,2025-02-05,Organic Search,Germany,SMB
CUST-101093,2025-04-01,Referral,United States,Mid-Market
CUST-101094,2025-11-17,Direct,United States,Enterprise
CUST-101095,2025-08-04,Organic Search,India,Enterprise
CUST-101096,2025-04-11,Paid Ads,Germany,Mid-Market
CUST-101097,2024-08-17,Organic Search,Australia,SMB
CUST-101098,2024-07-06,Email Campaign,Germany,Mid-Market
CUST-101099,2025-04-09,Paid Ads,United States,SMB
CUST-101100,2024-06-23,Paid Ads,United States,SMB
CUST-101101,2025-02-19,Direct,India,SMB
CUST-101102,2024-11-05,Referral,United States,SMB
CUST-101103,2025-07-15,Organic Search,United Kingdom,SMB
CUST-101104,2025-08-28,Paid Ads,Netherlands,SMB
CUST-101105,2024-08-29,Organic Search,Germany,Mid-Market
CUST-101106,2025-05-13,Organic Search,Germany,SMB
CUST-101107,2025-03-31,Organic Search,France,SMB
CUST-101108,2025-09-02,Email Campaign,United States,SMB
CUST-101109,2024-04-02,Organic Search,United States,SMB
CUST-101110,2024-01-01,Email Campaign,Germany,SMB
CUST-101111,2025-09-22,Referral,United States,Mid-Market
CUST-101112,2025-08-06,Email Campaign,Germany,Enterprise
CUST-101113,2024-12-18,outbound_sales,Germany,SMB
CUST-101114,2024-05-10,Direct,United States,Enterprise
CUST-101115,2024-01-01,Email Campaign,India,SMB
CUST-101116,2024-02-01,Organic Search,Canada,SMB
CUST-101117,2025-01-26,Paid Ads,United Kingdom,SMB
CUST-101118,2024-05-22,Organic Search,United States,Enterprise
CUST-101119,2024-06-06,paid ads,Australia,SMB
CUST-101120,2025-10-25,Organic Search,Canada,SMB
CUST-101121,2024-05-19,Organic Search,Germany,SMB
CUST-101122,2025-09-10,Social Media,Germany,SMB
CUST-101123,2025-04-05,paid ads,United States,SMB
CUST-101124,2025-05-25,Direct,United States,SMB
CUST-101125,2025-07-13,Referral,United States,SMB
CUST-101126,2025-01-12,Organic Search,United Kingdom,Mid-Market
CUST-101127,2025-06-23,outbound_sales,Netherlands,Mid-Market
CUST-101128,2024-03-21,Paid Ads,Germany,SMB
CUST-101129,2025-11-10,outbound_sales,United States,SMB
CUST-101130,2024-11-15,referral,Australia,SMB
CUST-101131,2025-04-09,Paid Ads,United Kingdom,Mid-Market
CUST-101132,2024-10-28,Paid Ads,United States,Enterprise
CUST-101133,2025-07-31,Paid Ads,Germany,SMB
CUST-101134,2025-11-03,outbound_sales,India,SMB
CUST-101135,2024-03-25,Organic Search,United States,Mid-Market
CUST-101136,2025-09-22,Paid Ads,India,SMB
CUST-101137,2024-06-27,Social Media,Canada,Mid-Market
CUST-101138,2024-06-28,Paid Ads,Canada,SMB
CUST-101139,2024-02-03,Paid Ads,United States,SMB
CUST-101140,2024-06-06,Direct,Canada,SMB
CUST-101141,2025-11-07,Paid Ads,Germany,SMB
CUST-101142,2024-12-19,Organic Search,United States,Mid-Market
CUST-101143,2025-04-20,Paid Ads,United States,Mid-Market
CUST-101144,2025-06-29,Organic Search,Germany,SMB
CUST-101145,2025-06-27,Direct,United States,Enterprise
CUST-101146,2025-11-25,Paid Ads,United Kingdom,Enterprise
CUST-101147,2025-06-28,Referral,France,SMB
CUST-101148,2024-10-06,Paid Ads,United States,SMB
CUST-101149,2025-02-04,Paid Ads,Germany,SMB
CUST-101150,2024-07-18,Paid Ads,Germany,Enterprise
CUST-101151,2024-01-11,Referral,India,SMB
CUST-101152,2024-04-16,Email Campaign,United States,Mid-Market
CUST-101153,2024-02-04,Organic Search,United States,Enterprise
CUST-101154,2024-08-10,Social Media,Germany,Mid-Market
CUST-101155,2025-09-11,Organic Search,Germany,Mid-Market
CUST-101156,2024-07-08,Direct,Germany,SMB
CUST-101157,2024-03-18,Referral,France,SMB
CUST-101158,2025-11-14,Email Campaign,United States,SMB
CUST-101159,2024-03-04,Paid Ads,United States,SMB
CUST-101160,2024-09-28,Organic Search,United States,Enterprise
CUST-101161,2025-02-06,Organic Search,United Kingdom,SMB
CUST-101162,2024-08-11,Referral,United States,SMB
CUST-101163,2024-02-05,Organic Search,United Kingdom,SMB
CUST-101164,2025-05-24,Organic Search,Germany,Enterprise
CUST-101165,2024-09-29,organic search,United States,SMB
CUST-101166,2025-05-17,Paid Ads,United States,Mid-Market
CUST-101167,2024-03-12,Referral,United States,Enterprise
CUST-101168,2025-05-08,Organic Search,United Kingdom,Enterprise
CUST-101169,2024-11-06,Paid Ads,Germany,Enterprise
CUST-101170,2025-07-01,Direct,United States,Mid-Market
CUST-101171,2024-10-23,Referral,United States,SMB
CUST-101172,2024-07-14,Paid Ads,United States,SMB
CUST-101173,2025-05-13,Organic Search,Germany,Mid-Market
CUST-101174,2024-07-16,Organic Search,Netherlands,SMB
CUST-101175,2025-07-07,Referral,United Kingdom,Enterprise
CUST-101176,2024-01-17,Organic Search,United States,Mid-Market
CUST-101177,2024-05-01,Organic Search,Germany,SMB
CUST-101178,2025-07-03,organic search,United Kingdom,Enterprise
CUST-101179,2024-05-24,Paid Ads,United States,Enterprise
CUST-101180,2024-09-05,Email Campaign,United States,SMB
CUST-101181,2024-11-10,Direct,United States,SMB
CUST-101182,2024-03-06,Direct,United States,SMB
CUST-101183,2024-08-13,Organic Search,United States,SMB
CUST-101184,2025-11-25,Paid Ads,United States,Mid-Market
CUST-101185,2024-11-25,Direct,India,Mid-Market
CUST-101186,2024-12-09,Organic Search,United States,Mid-Market
CUST-101187,2025-01-13,Referral,United Kingdom,Enterprise
CUST-101188,2024-04-12,Email Campaign,Germany,SMB
CUST-101189,2025-05-13,Organic Search,United States,Enterprise
CUST-101190,2025-08-30,Direct,United States,Mid-Market
CUST-101191,2024-05-09,Organic Search,Germany,SMB
CUST-101192,2024-06-27,Referral,United States,SMB
CUST-101193,2024-03-31,referral,Canada,SMB
CUST-101194,2024-08-29,Organic Search,Netherlands,Enterprise
CUST-101195,2025-07-06,Paid Ads,United Kingdom,SMB
CUST-101196,2024-02-24,Organic Search,India,Mid-Market
CUST-101197,2025-04-30,Paid Ads,United States,Enterprise
CUST-101198,2025-01-07,Paid Ads,United Kingdom,SMB
CUST-101199,2025-04-09,Organic Search,Canada,Enterprise
CUST-101200,2024-01-30,Paid Ads,United States,Mid-Market
CUST-101201,2025-08-29,Referral,United States,Mid-Market
CUST-101202,2024-08-23,Email Campaign,United States,SMB
CUST-101203,2024-07-23,Paid Ads,United States,SMB
CUST-101204,2025-03-22,Organic Search,France,SMB
CUST-101205,2024-05-19,Paid Ads,United States,SMB
CUST-101206,2024-12-09,Organic Search,Germany,SMB
CUST-101207,2025-04-21,Paid Ads,United States,SMB
CUST-101208,2025-09-10,Organic Search,India,Enterprise
CUST-101209,2025-08-14,outbound_sales,India,SMB
CUST-101210,2025-05-15,Direct,United States,SMB
CUST-101211,2024-01-15,Email Campaign,Canada,SMB
CUST-101212,2025-08-16,Organic Search,France,Enterprise
CUST-101213,2024-01-06,Paid Ads,United States,Enterprise
CUST-101214,2025-05-31,Organic Search,United Kingdom,SMB
CUST-101215,2024-04-10,paid ads,United States,SMB
CUST-101216,2025-02-20,Social Media,United States,SMB
CUST-101217,2024-04-02,Organic Search,Germany,SMB
CUST-101218,2025-08-07,Email Campaign,United States,SMB
CUST-101219,2025-02-19,Organic Search,Australia,SMB
CUST-101220,2024-01-02,Direct,United States,Mid-Market
CUST-101221,2024-02-03,Paid Ads,Canada,Mid-Market
CUST-101222,2025-08-12,Email Campaign,Canada,SMB
CUST-101223,2024-02-26,Paid Ads,Australia,SMB
CUST-101224,2025-01-27,Paid Ads,Germany,SMB
CUST-101225,2025-07-26,Email Campaign,United Kingdom,Mid-Market
CUST-101226,2024-12-08,Organic Search,United States,SMB
CUST-101227,2025-08-17,Direct,Canada,Mid-Market
CUST-101228,2024-11-24,Paid Ads,United States,Mid-Market
CUST-101229,2024-03-05,Paid Ads,United Kingdom,SMB
CUST-101230,2025-04-26,Email Campaign,Germany,SMB
CUST-101231,2025-09-27,Paid Ads,Germany,Mid-Market
CUST-101232,2024-03-08,Organic Search,Australia,SMB
CUST-101233,2024-07-02,Paid Ads,France,SMB
CUST-101234,2024-05-31,Paid Ads,Australia,SMB
CUST-101235,2024-10-27,Paid Ads,Germany,Enterprise
CUST-101236,2025-03-06,Paid Ads,Germany,SMB
CUST-101237,2024-08-25,Direct,United Kingdom,SMB
CUST-101238,2025-11-02,Referral,United States,SMB
CUST-101239,2025-07-15,Paid Ads,United States,SMB
CUST-101240,2024-06-24,Email Campaign,United States,SMB
CUST-101241,2024-02-18,Organic Search,United States,Enterprise
CUST-101242,2024-06-13,Email Campaign,United States,Enterprise
CUST-101243,2025-11-13,Email Campaign,United States,SMB
CUST-101244,2025-08-11,Organic Search,United States,SMB
CUST-101245,2024-02-05,Referral,Netherlands,SMB
CUST-101246,2024-06-15,Referral,United States,SMB
CUST-101247,2024-05-28,Social Media,France,SMB
CUST-101248,2025-07-13,outbound_sales,United States,Mid-Market
CUST-101249,2024-10-23,outbound_sales,Canada,Enterprise
CUST-101250,2025-08-01,Email Campaign,France,SMB
CUST-101251,2025-05-05,Social Media,United States,SMB
CUST-101252,2025-02-15,Referral,United States,SMB
CUST-101253,2025-09-14,Referral,Germany,SMB
CUST-101254,2024-10-11,Organic Search,United States,Mid-Market
CUST-101255,2024-03-30,outbound_sales,United States,SMB
CUST-101256,2025-06-07,Social Media,Australia,SMB
CUST-101257,2025-03-13,Paid Ads,United States,SMB
CUST-101258,2025-04-01,Direct,United States,Mid-Market
CUST-101259,2025-03-01,Direct,United States,Mid-Market
CUST-101260,2025-03-10,Email Campaign,United States,Mid-Market
CUST-101261,2024-05-27,Organic Search,United Kingdom,Mid-Market
CUST-101262,2024-03-08,social media,Germany,SMB
CUST-101263,2025-10-16,Social Media,United States,SMB
CUST-101264,2024-05-20,Organic Search,India,SMB
CUST-101265,2024-11-05,Direct,United States,SMB
CUST-101266,2024-01-28,Email Campaign,United States,SMB
CUST-101267,2025-10-13,Paid Ads,Germany,Mid-Market
CUST-101268,2025-05-18,Social Media,Germany,SMB
CUST-101269,2025-05-19,outbound_sales,United States,Mid-Market
CUST-101270,2025-08-02,Paid Ads,United States,Mid-Market
CUST-101271,2024-05-02,Paid Ads,Canada,SMB
CUST-101272,2025-08-18,Organic Search,United States,Mid-Market
CUST-101273,2024-06-16,Organic Search,United States,SMB
CUST-101274,2024-02-19,Paid Ads,United Kingdom,Enterprise
CUST-101275,2025-10-05,Organic Search,United States,Mid-Market
CUST-101276,2024-11-19,Direct,Germany,SMB
CUST-101277,2025-01-06,organic search,Germany,Mid-Market
CUST-101278,2025-06-14,Paid Ads,Canada,SMB
CUST-101279,2024-06-15,Organic Search,United States,SMB
CUST-101280,2025-07-26,Referral,India,SMB
CUST-101281,2025-07-18,Email Campaign,India,SMB
CUST-101282,2024-04-29,Direct,France,SMB
CUST-101283,2025-01-06,Organic Search,United Kingdom,Enterprise
CUST-101284,2024-12-16,Organic Search,United States,Mid-Market
CUST-101285,2024-05-11,Direct,United States,SMB
CUST-101286,2024-05-13,outbound_sales,United Kingdom,Mid-Market
CUST-101287,2024-01-20,Email Campaign,Canada,SMB
CUST-101288,2025-11-06,Paid Ads,United States,SMB
CUST-101289,2024-03-08,Paid Ads,United States,SMB
CUST-101290,2025-09-08,Organic Search,Australia,SMB
CUST-101291,2024-04-02,Organic Search,Canada,SMB
CUST-101292,2024-12-26,Organic Search,United Kingdom,Mid-Market
CUST-101293,2025-08-06,Organic Search,India,Mid-Market
CUST-101294,2024-07-15,outbound_sales,United States,Mid-Market
CUST-101295,2024-04-11,Social Media,France,Mid-Market
CUST-101296,2025-08-26,Organic Search,Germany,SMB
CUST-101297,2025-01-23,Paid Ads,United Kingdom,SMB
CUST-101298,2024-11-17,Organic Search,United States,SMB
CUST-101299,2024-10-22,Referral,United States,SMB
CUST-101300,2024-10-17,Paid Ads,Canada,Mid-Market
CUST-101301,2024-08-19,Referral,United States,Mid-Market
CUST-101302,2024-03-12,Direct,India,Enterprise
CUST-101303,2024-01-14,outbound_sales,United Kingdom,SMB
CUST-101304,2025-11-05,Referral,United States,SMB
CUST-101305,2024-04-14,Email Campaign,Australia,SMB
CUST-101306,2024-07-22,Paid Ads,Germany,Enterprise
CUST-101307,2025-03-10,Email Campaign,United States,Mid-Market
CUST-101308,2024-10-06,Email Campaign,India,Enterprise
CUST-101309,2025-11-13,Referral,United States,SMB
CUST-101310,2025-04-10,Organic Search,United States,SMB
CUST-101311,2024-05-17,Organic Search,Canada,Mid-Market
CUST-101312,2024-01-28,outbound_sales,United States,Mid-Market
CUST-101313,2025-09-28,Referral,Canada,Mid-Market
CUST-101314,2025-05-19,Email Campaign,United States,Mid-Market
CUST-101315,2024-09-24,referral,India,SMB
CUST-101316,2024-02-02,outbound_sales,Australia,SMB
CUST-101317,2025-01-20,Paid Ads,United States,SMB
CUST-101318,2024-11-06,Direct,United States,SMB
CUST-101319,2025-02-02,Paid Ads,United States,Mid-Market
CUST-101320,2025-07-06,Referral,United Kingdom,Mid-Market
CUST-101321,2025-02-04,Paid Ads,Germany,SMB
CUST-101322,2024-10-18,Paid Ads,United States,SMB
CUST-101323,2024-12-23,Direct,Germany,Mid-Market
CUST-101324,2025-01-24,Organic Search,United States,SMB
CUST-101325,2025-11-08,Organic Search,United States,SMB
CUST-101326,2024-03-08,Direct,United States,SMB
CUST-101327,2024-02-08,Paid Ads,India,SMB
CUST-101328,2024-09-30,Organic Search,United Kingdom,SMB
CUST-101329,2025-08-07,Paid Ads,United Kingdom,Mid-Market
CUST-101330,2025-11-22,Organic Search,United Kingdom,Mid-Market
CUST-101331,2024-06-19,Referral,United States,SMB
CUST-101332,2024-03-18,Direct,United Kingdom,SMB
CUST-101333,2025-08-10,Paid Ads,United States,Mid-Market
CUST-101334,2025-08-15,Organic Search,United States,SMB
CUST-101335,2025-05-01,Paid Ads,United States,SMB
CUST-101336,2025-05-31,Direct,United Kingdom,SMB
CUST-101337,2025-02-15,Paid Ads,United Kingdom,Mid-Market
CUST-101338,2024-01-20,Referral,United Kingdom,SMB
CUST-101339,2025-11-07,outbound_sales,Canada,SMB
CUST-101340,2025-06-29,Direct,India,Enterprise
CUST-101341,2025-10-03,Organic Search,United States,SMB
CUST-101342,2024-11-03,Direct,United States,Mid-Market
CUST-101343,2025-10-11,Organic Search,United States,Mid-Market
CUST-101344,2024-09-19,Email Campaign,United States,SMB
CUST-101345,2024-01-29,Organic Search,India,SMB
CUST-101346,2025-03-22,Paid Ads,Australia,SMB
CUST-101347,2024-01-30,Paid Ads,India,Mid-Market
CUST-101348,2024-02-13,outbound_sales,United Kingdom,SMB
CUST-101349,2024-03-26,Paid Ads,United States,SMB
CUST-101350,2025-01-07,Referral,Australia,SMB
CUST-101351,2024-05-23,Organic Search,United Kingdom,SMB
CUST-101352,2025-11-11,Direct,France,Enterprise
CUST-101353,2024-04-02,Organic Search,United States,Mid-Market
CUST-101354,2025-08-21,Email Campaign,India,Mid-Market
CUST-101355,2024-08-11,Organic Search,United States,Enterprise
CUST-101356,2024-09-17,Direct,United States,SMB
CUST-101357,2024-04-25,Paid Ads,United Kingdom,Mid-Market
CUST-101358,2024-05-28,paid ads,Canada,Mid-Market
CUST-101359,2025-09-12,Organic Search,Canada,Mid-Market
CUST-101360,2025-11-18,Organic Search,United Kingdom,SMB
CUST-101361,2025-01-06,Social Media,Germany,SMB
CUST-101362,2025-03-29,Paid Ads,Australia,SMB
CUST-101363,2024-09-18,Paid Ads,France,Mid-Market
CUST-101364,2024-06-13,Social Media,Germany,Mid-Market
CUST-101365,2025-02-20,Email Campaign,United States,SMB
CUST-101366,2025-05-18,Paid Ads,United States,Mid-Market
CUST-101367,2024-04-12,Direct,Germany,SMB
CUST-101368,2025-09-08,Email Campaign,United Kingdom,SMB
CUST-101369,2024-02-23,Referral,United States,SMB
CUST-101370,2024-01-04,Paid Ads,Germany,SMB
CUST-101371,2024-06-10,Organic Search,Canada,Mid-Market
CUST-101372,2024-05-13,Direct,Germany,Mid-Market
CUST-101373,2025-05-04,Direct,United States,SMB
CUST-101374,2024-12-01,Email Campaign,United States,SMB
CUST-101375,2025-01-21,Social Media,Australia,SMB
CUST-101376,2025-07-25,Referral,Germany,Enterprise
CUST-101377,2024-07-22,Paid Ads,India,SMB
CUST-101378,2025-09-06,Paid Ads,United States,SMB
CUST-101379,2024-04-30,Organic Search,United Kingdom,Mid-Market
CUST-101380,2025-11-20,Paid Ads,United States,SMB
CUST-101381,2024-09-29,Paid Ads,United Kingdom,SMB
CUST-101382,2025-09-06,Organic Search,India,Mid-Market
CUST-101383,2024-07-03,Paid Ads,United States,SMB
CUST-101384,2025-09-24,Paid Ads,United States,SMB
CUST-101385,2024-03-28,Organic Search,United States,SMB
CUST-101386,2024-08-05,Email Campaign,Canada,Mid-Market
CUST-101387,2024-04-07,Referral,United States,Enterprise
CUST-101388,2024-12-28,outbound_sales,France,Enterprise
CUST-101389,2024-02-16,Organic Search,United Kingdom,SMB
CUST-101390,2025-11-18,Paid Ads,Netherlands,SMB
CUST-101391,2024-09-23,Organic Search,United Kingdom,SMB
CUST-101392,2024-04-01,Paid Ads,United Kingdom,SMB
CUST-101393,2024-02-15,outbound_sales,United Kingdom,Enterprise
CUST-101394,2025-01-04,Social Media,United States,Mid-Market
CUST-101395,2024-09-27,Paid Ads,United Kingdom,SMB
CUST-101396,2025-05-18,Email Campaign,United States,Mid-Market
CUST-101397,2025-03-26,organic search,United States,SMB
CUST-101398,2024-09-23,Organic Search,United Kingdom,SMB
CUST-101399,2025-05-21,Organic Search,United States,Mid-Market
CUST-101400,2025-05-19,Organic Search,Canada,SMB
CUST-101401,2024-07-27,Direct,United States,SMB
CUST-101402,2024-10-06,Referral,Germany,SMB
CUST-101403,2024-01-05,Paid Ads,United Kingdom,SMB
CUST-101404,2025-05-25,Referral,Australia,SMB
CUST-101405,2025-11-27,Organic Search,United States,Enterprise
CUST-101406,2024-11-27,Organic Search,United States,Mid-Market
CUST-101407,2025-04-09,Referral,United States,Mid-Market
CUST-101408,2024-02-14,Referral,France,SMB
CUST-101409,2025-08-05,Organic Search,India,Mid-Market
CUST-101410,2024-02-26,Email Campaign,United Kingdom,SMB
CUST-101411,2024-09-18,Organic Search,Netherlands,Mid-Market
CUST-101412,2024-08-01,Organic Search,Canada,SMB
CUST-101413,2025-10-31,Organic Search,United States,Mid-Market
CUST-101414,2024-11-13,Social Media,Germany,SMB
CUST-101415,2025-01-11,Paid Ads,United Kingdom,Mid-Market
CUST-101416,2025-07-30,Referral,United States,SMB
CUST-101417,2024-07-09,Paid Ads,United Kingdom,SMB
CUST-101418,2025-04-19,Referral,Germany,Mid-Market
CUST-101419,2025-06-23,Referral,United Kingdom,SMB
CUST-101420,2025-05-04,Paid Ads,Netherlands,Mid-Market
CUST-101421,2024-09-11,Paid Ads,United States,SMB
CUST-101422,2024-02-16,Paid Ads,United Kingdom,SMB
CUST-101423,2025-08-05,Direct,United States,SMB
CUST-101424,2024-01-17,Organic Search,Germany,SMB
CUST-101425,2025-02-06,Organic Search,United States,Mid-Market
CUST-101426,2025-04-10,Email Campaign,United Kingdom,Mid-Market
CUST-101427,2024-07-10,Organic Search,United States,Enterprise
CUST-101428,2025-11-20,Organic Search,United Kingdom,SMB
CUST-101429,2024-06-24,Referral,United Kingdom,SMB
CUST-101430,2025-09-08,Email Campaign,United States,Mid-Market
CUST-101431,2025-11-20,outbound_sales,Germany,Mid-Market
CUST-101432,2024-05-18,Organic Search,United States,SMB
CUST-101433,2024-01-28,Organic Search,Germany,SMB
CUST-101434,2025-10-03,Direct,United Kingdom,SMB
CUST-101435,2024-05-31,Paid Ads,United States,SMB
CUST-101436,2025-03-31,outbound_sales,United Kingdom,Mid-Market
CUST-101437,2024-07-25,Paid Ads,India,SMB
CUST-101438,2024-04-15,Referral,Canada,Enterprise
CUST-101439,2025-08-15,Referral,United Kingdom,SMB
CUST-101440,2025-05-12,Paid Ads,Canada,Enterprise
CUST-101441,2025-05-14,Organic Search,United States,SMB
CUST-101442,2025-07-20,Organic Search,Australia,SMB
CUST-101443,2025-05-21,Referral,Germany,SMB
CUST-101444,2024-06-14,Paid Ads,United States,SMB
CUST-101445,2024-08-12,Referral,Germany,Enterprise
CUST-101446,2025-11-03,Paid Ads,Australia,Mid-Market
CUST-101447,2025-03-02,Direct,Germany,Mid-Market
CUST-101448,2024-06-14,Referral,United States,Mid-Market
CUST-101449,2024-05-12,Organic Search,United States,SMB
CUST-101450,2025-05-20,paid ads,United States,SMB
CUST-101451,2024-09-24,Paid Ads,United States,Mid-Market
CUST-101452,2024-02-02,Direct,United States,SMB
CUST-101453,2025-07-29,Organic Search,United States,SMB
CUST-101454,2024-02-17,Email Campaign,United Kingdom,Mid-Market
CUST-101455,2025-06-11,Referral,United States,SMB
CUST-101456,2025-04-13,outbound_sales,Canada,Enterprise
CUST-101457,2025-09-16,Email Campaign,France,Mid-Market
CUST-101458,2024-04-17,Organic Search,United States,SMB
CUST-101459,2024-10-26,Email Campaign,Canada,SMB
CUST-101460,2024-06-06,Referral,United States,SMB
CUST-101461,2025-03-25,outbound_sales,Canada,SMB
CUST-101462,2025-04-30,Paid Ads,United Kingdom,SMB
CUST-101463,2025-02-28,Paid Ads,Germany,SMB
CUST-101464,2025-03-07,Email Campaign,United States,SMB
CUST-101465,2025-04-14,Social Media,United Kingdom,Mid-Market
CUST-101466,2025-03-29,Organic Search,United States,Mid-Market
CUST-101467,2024-03-27,Paid Ads,United States,Mid-Market
CUST-101468,2025-02-06,Email Campaign,Germany,SMB
CUST-101469,2024-02-29,outbound_sales,Netherlands,Mid-Market
CUST-101470,2024-10-29,Paid Ads,Australia,Mid-Market
CUST-101471,2024-11-17,Social Media,United States,SMB
CUST-101472,2024-05-30,Email Campaign,United Kingdom,SMB
CUST-101473,2025-09-25,Referral,Germany,Mid-Market
CUST-101474,2025-02-18,Email Campaign,Australia,SMB
CUST-101475,2025-02-03,Email Campaign,Canada,SMB
CUST-101476,2024-10-17,Organic Search,United Kingdom,SMB
CUST-101477,2025-10-12,Organic Search,United States,Mid-Market
CUST-101478,2024-09-04,Direct,United States,SMB
CUST-101479,2024-03-02,Direct,United States,SMB
CUST-101480,2025-10-28,social media,United Kingdom,SMB
CUST-101481,2024-12-13,outbound_sales,India,Enterprise
CUST-101482,2025-10-04,Referral,India,SMB
CUST-101483,2025-11-13,Email Campaign,Canada,Mid-Market
CUST-101484,2025-06-16,Email Campaign,United States,SMB
CUST-101485,2025-01-04,Paid Ads,United States,SMB
CUST-101486,2024-04-04,Organic Search,Australia,SMB
CUST-101487,2025-01-13,Referral,United States,SMB
CUST-101488,2024-09-27,Referral,Germany,Enterprise
CUST-101489,2025-05-16,Email Campaign,United States,SMB
CUST-101490,2025-05-11,Email Campaign,United States,Mid-Market
CUST-101491,2024-04-30,Email Campaign,United Kingdom,SMB
CUST-101492,2025-07-26,Paid Ads,France,SMB
CUST-101493,2024-05-03,Paid Ads,United States,SMB
CUST-101494,2024-11-08,outbound_sales,United States,SMB
CUST-101495,2024-05-25,Email Campaign,United Kingdom,Enterprise
CUST-101496,2024-10-17,Organic Search,India,SMB
CUST-101497,2024-12-23,Organic Search,United States,SMB
CUST-101498,2025-04-08,Social Media,Canada,SMB
CUST-101499,2025-09-12,Organic Search,United States,SMB
CUST-101500,2025-11-14,Paid Ads,India,SMB
CUST-101501,2025-11-11,Referral,United States,Enterprise
CUST-101502,2024-02-16,Social Media,Australia,Mid-Market
CUST-101503,2024-06-18,Email Campaign,United Kingdom,Mid-Market
CUST-101504,2025-07-28,Referral,Germany,SMB
CUST-101505,2025-07-08,Referral,United States,SMB
CUST-101506,2025-05-02,Paid Ads,United States,Mid-Market
CUST-101507,2024-01-20,Paid Ads,United States,Mid-Market
CUST-101508,2025-08-16,Paid Ads,India,SMB
CUST-101509,2024-02-16,Paid Ads,France,SMB
CUST-101510,2024-01-25,Direct,United States,SMB
CUST-101511,2024-04-11,Referral,United States,SMB
CUST-101512,2024-06-06,Paid Ads,United States,SMB
CUST-101513,2024-11-29,Organic Search,Canada,SMB
CUST-101514,2024-05-25,Paid Ads,United States,SMB
CUST-101515,2024-05-03,Organic Search,United States,SMB
CUST-101516,2025-06-04,Email Campaign,United States,SMB
CUST-101517,2025-04-20,Referral,United States,SMB
CUST-101518,2024-01-20,Paid Ads,Netherlands,Mid-Market
CUST-101519,2025-07-22,Referral,United States,SMB
CUST-101520,2025-10-13,Paid Ads,Canada,SMB
CUST-101521,2024-06-21,Email Campaign,United Kingdom,SMB
CUST-101522,2025-04-07,Organic Search,India,Enterprise
CUST-101523,2025-10-30,outbound_sales,United States,Enterprise
CUST-101524,2025-09-04,Paid Ads,Germany,Enterprise
CUST-101525,2024-08-05,Referral,United Kingdom,SMB
CUST-101526,2025-07-30,Organic Search,United States,Mid-Market
CUST-101527,2025-07-23,outbound_sales,Australia,SMB
CUST-101528,2024-11-21,Direct,France,SMB
CUST-101529,2025-04-08,Paid Ads,Germany,SMB
CUST-101530,2025-09-05,Paid Ads,Australia,SMB
CUST-101531,2025-09-15,Paid Ads,Australia,Mid-Market
CUST-101532,2025-05-15,Email Campaign,United Kingdom,Mid-Market
CUST-101533,2024-03-20,Referral,Australia,Mid-Market
CUST-101534,2024-05-06,Paid Ads,India,Mid-Market
CUST-101535,2024-06-30,Direct,India,Enterprise
CUST-101536,2025-01-14,social media,United Kingdom,SMB
CUST-101537,2024-10-14,Email Campaign,Canada,SMB
CUST-101538,2025-10-02,Paid Ads,Canada,SMB
CUST-101539,2025-01-06,Organic Search,United Kingdom,Mid-Market
CUST-101540,2024-01-08,Organic Search,India,SMB
CUST-101541,2025-08-05,Paid Ads,United States,SMB
CUST-101542,2025-11-19,Email Campaign,United Kingdom,SMB
CUST-101543,2024-03-07,Organic Search,France,Mid-Market
CUST-101544,2024-10-07,Organic Search,Germany,Enterprise
CUST-101545,2025-06-29,referral,Germany,Mid-Market
CUST-101546,2025-03-13,Referral,France,SMB
CUST-101547,2025-03-18,Direct,United States,SMB
CUST-101548,2025-05-22,Paid Ads,Canada,Mid-Market
CUST-101549,2024-10-11,Social Media,United Kingdom,SMB
CUST-101550,2024-12-08,Organic Search,United Kingdom,SMB
CUST-101551,2025-03-09,Social Media,Australia,SMB
CUST-101552,2024-03-05,Referral,United States,SMB
CUST-101553,2025-08-29,Email Campaign,France,Mid-Market
CUST-101554,2025-04-29,Organic Search,United States,SMB
CUST-101555,2024-08-30,Social Media,Canada,SMB
CUST-101556,2025-10-02,Paid Ads,United States,Enterprise
CUST-101557,2025-01-21,Paid Ads,India,SMB
CUST-101558,2025-03-28,Organic Search,Germany,SMB
CUST-101559,2024-02-27,Referral,United States,SMB
CUST-101560,2025-02-24,organic search,Germany,Mid-Market
CUST-101561,2025-01-28,Paid Ads,United Kingdom,SMB
CUST-101562,2025-10-28,Social Media,Canada,SMB
CUST-101563,2024-07-16,Organic Search,United States,Mid-Market
CUST-101564,2024-07-17,Social Media,United States,SMB
CUST-101565,2025-05-07,Email Campaign,United Kingdom,SMB
CUST-101566,2024-03-02,Organic Search,Germany,SMB
CUST-101567,2025-01-01,Paid Ads,Australia,Mid-Market
CUST-101568,2024-11-12,Referral,United States,Enterprise
CUST-101569,2025-11-04,Referral,United States,SMB
CUST-101570,2024-02-25,Paid Ads,United States,SMB
CUST-101571,2024-03-11,Paid Ads,Germany,Mid-Market
CUST-101572,2025-09-06,Email Campaign,India,SMB
CUST-101573,2024-11-02,Paid Ads,United States,SMB
CUST-101574,2024-02-13,Paid Ads,Australia,SMB
CUST-101575,2025-04-22,Referral,United States,Mid-Market
CUST-101576,2024-12-05,Direct,United States,SMB
CUST-101577,2024-01-07,Paid Ads,United States,SMB
CUST-101578,2024-10-24,Paid Ads,Germany,Enterprise
CUST-101579,2024-01-31,Organic Search,United States,SMB
CUST-101580,2024-06-27,paid ads,United Kingdom,SMB
CUST-101581,2024-09-25,Social Media,United States,Mid-Market
CUST-101582,2024-04-23,Paid Ads,United States,SMB
CUST-101583,2025-01-16,Referral,France,Enterprise
CUST-101584,2025-03-20,Direct,United States,SMB
CUST-101585,2024-07-13,Organic Search,United States,SMB
CUST-101586,2025-10-13,Organic Search,United States,SMB
CUST-101587,2025-07-02,Paid Ads,United States,SMB
CUST-101588,2024-10-13,Direct,India,Enterprise
CUST-101589,2024-08-02,Email Campaign,Canada,Mid-Market
CUST-101590,2024-06-20,Paid Ads,Canada,SMB
CUST-101591,2025-05-25,Paid Ads,United States,Mid-Market
CUST-101592,2025-05-09,Email Campaign,United Kingdom,SMB
CUST-101593,2025-08-20,Referral,United States,Mid-Market
CUST-101594,2024-08-28,Paid Ads,United States,Mid-Market
CUST-101595,2025-01-18,Paid Ads,United States,Mid-Market
CUST-101596,2025-06-15,Paid Ads,Germany,SMB
CUST-101597,2025-03-12,Paid Ads,United Kingdom,SMB
CUST-101598,2024-10-06,Paid Ads,United States,SMB
CUST-101599,2025-01-02,Social Media,United States,SMB
CUST-101600,2024-03-21,Email Campaign,France,SMB
CUST-101601,2024-02-09,Referral,United States,Mid-Market
CUST-101602,2025-11-30,Direct,United States,SMB
CUST-101603,2025-07-10,Social Media,United States,SMB
CUST-101604,2025-02-17,social media,India,Mid-Market
CUST-101605,2025-10-31,Paid Ads,Canada,SMB
CUST-101606,2024-08-20,Email Campaign,United States,SMB
CUST-101607,2025-07-19,Email Campaign,Canada,SMB
CUST-101608,2024-11-16,Direct,United Kingdom,Enterprise
CUST-101609,2025-03-25,Paid Ads,United Kingdom,SMB
CUST-101610,2024-05-11,Paid Ads,Canada,SMB
CUST-101611,2024-12-29,Paid Ads,United States,Mid-Market
CUST-101612,2025-07-04,paid ads,Germany,SMB
CUST-101613,2024-05-22,Organic Search,France,SMB
CUST-101614,2025-09-09,Social Media,United Kingdom,SMB
CUST-101615,2025-02-04,Organic Search,United States,SMB
CUST-101616,2025-04-07,Referral,United States,SMB
CUST-101617,2024-06-30,Organic Search,Germany,SMB
CUST-101618,2024-03-12,Social Media,United States,SMB
CUST-101619,2025-06-20,Organic Search,United States,SMB
CUST-101620,2025-02-24,Paid Ads,Netherlands,SMB
CUST-101621,2024-03-11,Paid Ads,Australia,SMB
CUST-101622,2024-11-13,Paid Ads,Canada,SMB
CUST-101623,2024-11-13,Referral,United Kingdom,Mid-Market
CUST-101624,2024-01-08,outbound_sales,United Kingdom,Mid-Market
CUST-101625,2024-09-09,Paid Ads,Australia,Mid-Market
CUST-101626,2025-08-12,Organic Search,United States,SMB
CUST-101627,2024-12-21,Email Campaign,Canada,SMB
CUST-101628,2024-06-28,Paid Ads,United States,SMB
CUST-101629,2025-01-28,Social Media,United States,SMB
CUST-101630,2024-02-14,Organic Search,Australia,SMB
CUST-101631,2024-10-25,Referral,United States,Mid-Market
CUST-101632,2025-05-20,Paid Ads,Canada,SMB
CUST-101633,2024-04-17,Paid Ads,Canada,SMB
CUST-101634,2024-07-31,Paid Ads,United Kingdom,SMB
CUST-101635,2025-04-17,Paid Ads,Canada,Mid-Market
CUST-101636,2024-01-11,Paid Ads,Canada,SMB
CUST-101637,2025-04-20,Paid Ads,United States,SMB
CUST-101638,2025-03-24,Organic Search,India,Mid-Market
CUST-101639,2024-01-19,Referral,United States,SMB
CUST-101640,2024-06-21,Organic Search,Canada,Mid-Market
CUST-101641,2025-01-01,Organic Search,Canada,Mid-Market
CUST-101642,2025-03-28,Email Campaign,India,Mid-Market
CUST-101643,2025-11-06,Direct,United States,SMB
CUST-101644,2024-01-05,Organic Search,United States,SMB
CUST-101645,2024-09-01,organic search,United States,SMB
CUST-101646,2024-07-15,Referral,United States,Enterprise
CUST-101647,2025-11-11,Organic Search,United States,SMB
CUST-101648,2024-11-30,Paid Ads,Germany,SMB
CUST-101649,2025-02-08,Social Media,United States,SMB
CUST-101650,2024-06-26,Organic Search,Germany,SMB
CUST-101651,2024-08-13,Organic Search,India,SMB
CUST-101652,2024-03-09,Direct,United States,Mid-Market
CUST-101653,2024-04-14,Email Campaign,India,Enterprise
CUST-101654,2024-09-14,Social Media,Germany,Enterprise
CUST-101655,2025-11-25,Social Media,Canada,SMB
CUST-101656,2024-11-21,outbound_sales,Germany,SMB
CUST-101657,2025-08-22,Paid Ads,United Kingdom,Mid-Market
CUST-101658,2024-01-14,Organic Search,Germany,Mid-Market
CUST-101659,2025-03-14,Email Campaign,Germany,SMB
CUST-101660,2024-10-30,Organic Search,United States,SMB
CUST-101661,2025-09-04,outbound_sales,United Kingdom,Mid-Market
CUST-101662,2024-11-21,Referral,Canada,SMB
CUST-101663,2025-10-25,Direct,Canada,SMB
CUST-101664,2024-12-16,Organic Search,United Kingdom,Enterprise
CUST-101665,2024-09-11,Direct,Germany,SMB
CUST-101666,2025-06-17,Paid Ads,United Kingdom,SMB
CUST-101667,2024-03-12,Social Media,United States,Enterprise
CUST-101668,2024-05-08,Organic Search,Germany,Mid-Market
CUST-101669,2024-08-29,Paid Ads,United Kingdom,SMB
CUST-101670,2024-07-21,Organic Search,United States,SMB
CUST-101671,2025-04-04,outbound_sales,United States,Mid-Market
CUST-101672,2025-01-03,Paid Ads,United States,SMB
CUST-101673,2025-03-19,email campaign,India,Mid-Market
CUST-101674,2025-01-25,Paid Ads,United States,Enterprise
CUST-101675,2025-07-04,Organic Search,Canada,SMB
CUST-101676,2025-04-09,Paid Ads,United Kingdom,SMB
CUST-101677,2025-04-25,Organic Search,Australia,SMB
CUST-101678,2025-01-18,Paid Ads,France,Enterprise
CUST-101679,2025-01-17,Paid Ads,United States,Enterprise
CUST-101680,2024-02-09,outbound_sales,United States,Enterprise
CUST-101681,2025-03-22,Social Media,Canada,Mid-Market
CUST-101682,2025-05-15,Referral,United States,SMB
CUST-101683,2025-03-10,Email Campaign,United States,SMB
CUST-101684,2025-10-08,Email Campaign,United States,Mid-Market
CUST-101685,2025-09-11,Paid Ads,Germany,SMB
CUST-101686,2025-11-09,Direct,United States,Mid-Market
CUST-101687,2025-01-28,Paid Ads,Germany,Enterprise
CUST-101688,2024-07-12,Direct,United States,SMB
CUST-101689,2025-05-27,outbound_sales,Germany,SMB
CUST-101690,2025-02-25,Email Campaign,France,Mid-Market
CUST-101691,2025-08-09,Email Campaign,United States,SMB
CUST-101692,2025-02-11,Email Campaign,United States,SMB
CUST-101693,2024-04-09,Organic Search,Germany,SMB
CUST-101694,2025-03-17,Organic Search,United States,Mid-Market
CUST-101695,2024-07-05,Paid Ads,United States,SMB
CUST-101696,2024-07-24,Organic Search,United States,Mid-Market
CUST-101697,2025-02-22,Paid Ads,Australia,SMB
CUST-101698,2024-03-22,Paid Ads,United States,SMB
CUST-101699,2025-08-22,organic search,United Kingdom,Mid-Market
CUST-101700,2024-09-29,Email Campaign,United States,SMB
CUST-101701,2024-04-09,Organic Search,India,SMB
CUST-101702,2024-09-29,Social Media,United Kingdom,SMB
CUST-101703,2025-01-14,Email Campaign,United States,SMB
CUST-101704,2025-01-04,Referral,United States,SMB
CUST-101705,2024-12-04,Direct,United States,Mid-Market
CUST-101706,2024-05-22,Organic Search,United States,SMB
CUST-101707,2024-09-11,Paid Ads,Germany,Mid-Market
CUST-101708,2025-02-27,Referral,United States,SMB
CUST-101709,2024-11-25,Organic Search,United States,SMB
CUST-101710,2024-11-29,Referral,United States,SMB
CUST-101711,2024-03-24,Paid Ads,France,Enterprise
CUST-101712,2025-11-05,Direct,Australia,Mid-Market
CUST-101713,2024-07-18,Email Campaign,India,Mid-Market
CUST-101714,2025-05-31,Organic Search,United Kingdom,SMB
CUST-101715,2025-07-15,outbound_sales,United Kingdom,Mid-Market
CUST-101716,2025-05-08,Referral,United States,SMB
CUST-101717,2025-11-06,email campaign,United States,Enterprise
CUST-101718,2024-11-30,Social Media,Canada,SMB
CUST-101719,2025-05-02,Social Media,Germany,Mid-Market
CUST-101720,2025-10-10,Email Campaign,United States,Mid-Market
CUST-101721,2025-08-12,Email Campaign,Germany,SMB
CUST-101722,2025-01-25,Referral,Canada,Enterprise
CUST-101723,2024-08-26,Organic Search,United States,SMB
CUST-101724,2025-08-29,Social Media,Canada,SMB
CUST-101725,2024-11-16,Social Media,United Kingdom,SMB
CUST-101726,2025-07-02,Organic Search,United States,SMB
CUST-101727,2025-11-26,Social Media,United States,Mid-Market
CUST-101728,2024-04-19,Paid Ads,United Kingdom,SMB
CUST-101729,2024-10-30,Direct,United Kingdom,SMB
CUST-101730,2024-05-29,email campaign,India,Mid-Market
CUST-101731,2024-11-23,Paid Ads,Netherlands,SMB
CUST-101732,2025-08-10,Paid Ads,India,SMB
CUST-101733,2025-01-20,Organic Search,India,SMB
CUST-101734,2024-08-18,Email Campaign,United States,Mid-Market
CUST-101735,2025-05-14,Email Campaign,United States,Mid-Market
CUST-101736,2024-06-12,outbound_sales,United Kingdom,SMB
CUST-101737,2024-12-22,Email Campaign,United States,SMB
CUST-101738,2024-07-18,Email Campaign,United Kingdom,SMB
CUST-101739,2025-08-17,Direct,United States,Enterprise
CUST-101740,2025-11-01,Organic Search,United States,Mid-Market
CUST-101741,2024-05-28,Organic Search,India,SMB
CUST-101742,2025-01-05,Email Campaign,United Kingdom,Mid-Market
CUST-101743,2024-05-31,Paid Ads,Netherlands,Mid-Market
CUST-101744,2024-02-27,Organic Search,Netherlands,SMB
CUST-101745,2025-06-11,Referral,Germany,Enterprise
CUST-101746,2025-02-17,Organic Search,United States,SMB
CUST-101747,2025-09-02,Social Media,Germany,SMB
CUST-101748,2025-11-17,Referral,Canada,Mid-Market
CUST-101749,2024-10-08,Referral,United Kingdom,SMB
CUST-101750,2024-05-04,paid ads,Germany,SMB
CUST-101751,2025-08-09,outbound_sales,United Kingdom,Mid-Market
CUST-101752,2025-08-30,Organic Search,United Kingdom,SMB
CUST-101753,2025-08-08,Organic Search,United States,Mid-Market
CUST-101754,2025-07-04,Organic Search,India,SMB
CUST-101755,2025-07-03,Email Campaign,United Kingdom,SMB
CUST-101756,2025-07-05,Email Campaign,India,SMB
CUST-101757,2025-11-05,Direct,United States,SMB
CUST-101758,2025-07-22,Paid Ads,United States,SMB
CUST-101759,2025-10-30,organic search,United Kingdom,Mid-Market
CUST-101760,2024-05-07,Paid Ads,United States,SMB
CUST-101761,2025-11-04,Organic Search,United States,Enterprise
CUST-101762,2024-10-27,Referral,United Kingdom,SMB
CUST-101763,2025-06-19,Social Media,Netherlands,SMB
CUST-101764,2024-04-11,Referral,United States,SMB
CUST-101765,2024-08-08,Social Media,Germany,SMB
CUST-101766,2024-05-11,Email Campaign,United Kingdom,SMB
CUST-101767,2025-10-27,Social Media,United States,SMB
CUST-101768,2025-03-11,Social Media,United States,SMB
CUST-101769,2024-10-02,outbound_sales,Germany,SMB
CUST-101770,2025-11-04,Referral,United Kingdom,SMB
CUST-101771,2024-11-19,outbound_sales,United Kingdom,SMB
CUST-101772,2024-03-20,Paid Ads,United Kingdom,Mid-Market
CUST-101773,2024-12-03,Referral,United States,SMB
CUST-101774,2024-08-19,Paid Ads,United States,Enterprise
CUST-101775,2024-04-17,Email Campaign,United States,SMB
CUST-101776,2025-08-25,Direct,United Kingdom,SMB
CUST-101777,2024-10-15,Referral,Germany,Mid-Market
CUST-101778,2025-02-02,Organic Search,India,Mid-Market
CUST-101779,2025-07-18,Referral,India,SMB
CUST-101780,2024-01-10,Email Campaign,Canada,Mid-Market
CUST-101781,2025-08-04,Email Campaign,United States,Mid-Market
CUST-101782,2024-09-12,Referral,United States,SMB
CUST-101783,2024-12-28,Email Campaign,United Kingdom,SMB
CUST-101784,2024-08-22,Paid Ads,India,Enterprise
CUST-101785,2024-11-16,Direct,Germany,SMB
CUST-101786,2024-04-05,Organic Search,United States,Mid-Market
CUST-101787,2025-05-19,Direct,United States,Enterprise
CUST-101788,2024-05-19,Paid Ads,United Kingdom,Enterprise
CUST-101789,2024-05-07,Paid Ads,Germany,Enterprise
CUST-101790,2025-03-11,Email Campaign,Canada,SMB
CUST-101791,2025-06-24,Email Campaign,United States,SMB
CUST-101792,2025-06-20,Social Media,United States,SMB
CUST-101793,2024-12-27,Social Media,United Kingdom,SMB
CUST-101794,2024-04-25,Paid Ads,Germany,Mid-Market
CUST-101795,2024-04-30,paid ads,United Kingdom,SMB
CUST-101796,2025-10-08,Referral,United States,SMB
CUST-101797,2025-10-20,Paid Ads,Australia,Enterprise
CUST-101798,2025-05-14,Organic Search,United States,SMB
CUST-101799,2024-04-19,Organic Search,Australia,SMB
CUST-101800,2024-04-13,Paid Ads,United States,SMB
CUST-101801,2025-02-24,Organic Search,United Kingdom,SMB
CUST-101802,2024-08-19,Paid Ads,United States,SMB
CUST-101803,2025-07-03,Direct,United States,SMB
CUST-101804,2024-06-14,Organic Search,Canada,SMB
CUST-101805,2024-07-22,Organic Search,United States,SMB
CUST-101806,2024-12-05,Social Media,United States,SMB
CUST-101807,2025-11-12,outbound_sales,United States,SMB
CUST-101808,2025-11-29,Email Campaign,United States,Mid-Market
CUST-101809,2025-05-28,Email Campaign,Canada,Mid-Market
CUST-101810,2024-04-20,email campaign,United States,SMB
CUST-101811,2025-12-01,Organic Search,Germany,SMB
CUST-101812,2024-01-09,Paid Ads,United States,SMB
CUST-101813,2024-09-10,Referral,Canada,SMB
CUST-101814,2024-04-27,Direct,Netherlands,SMB
CUST-101815,2024-07-22,Paid Ads,Canada,SMB
CUST-101816,2025-09-17,Organic Search,Netherlands,SMB
CUST-101817,2024-08-22,Organic Search,United States,SMB
CUST-101818,2024-05-29,Paid Ads,Germany,SMB
CUST-101819,2025-02-21,Paid Ads,Canada,Enterprise
CUST-101820,2025-03-12,Paid Ads,United Kingdom,SMB
CUST-101821,2024-10-02,Paid Ads,France,Mid-Market
CUST-101822,2024-02-18,Organic Search,United States,Mid-Market
CUST-101823,2024-10-19,Paid Ads,Australia,SMB
CUST-101824,2025-05-18,paid ads,United States,SMB
CUST-101825,2025-07-19,Email Campaign,United States,SMB
CUST-101826,2025-08-26,Paid Ads,United States,Mid-Market
CUST-101827,2025-01-28,Organic Search,United States,SMB
CUST-101828,2024-02-12,Referral,Australia,Mid-Market
CUST-101829,2025-04-01,Social Media,United States,SMB
CUST-101830,2025-04-30,outbound_sales,United States,Mid-Market
CUST-101831,2024-07-15,Paid Ads,Canada,Mid-Market
CUST-101832,2025-07-27,outbound_sales,Australia,SMB
CUST-101833,2025-03-22,Organic Search,United States,Enterprise
CUST-101834,2024-01-23,Organic Search,United States,Enterprise
CUST-101835,2025-08-02,Organic Search,Netherlands,SMB
CUST-101836,2025-05-21,Email Campaign,Australia,Enterprise
CUST-101837,2025-06-05,Paid Ads,Canada,SMB
CUST-101838,2024-07-07,organic search,United Kingdom,SMB
CUST-101839,2025-06-09,Paid Ads,Canada,SMB
CUST-101840,2024-08-13,Paid Ads,United States,SMB
CUST-101841,2025-06-30,Organic Search,United States,SMB
CUST-101842,2024-05-16,Paid Ads,India,SMB
CUST-101843,2024-08-03,Referral,United States,SMB
CUST-101844,2025-01-12,Paid Ads,France,Mid-Market
CUST-101845,2024-05-16,Paid Ads,Germany,SMB
CUST-101846,2024-01-11,Direct,United States,Enterprise
CUST-101847,2024-01-17,Referral,Netherlands,Mid-Market
CUST-101848,2024-04-18,Email Campaign,Germany,Enterprise
CUST-101849,2025-10-03,Referral,United Kingdom,Mid-Market
CUST-101850,2024-10-02,Organic Search,Germany,Mid-Market
CUST-101851,2025-04-01,Organic Search,Canada,SMB
CUST-101852,2024-04-05,Paid Ads,United Kingdom,Mid-Market
CUST-101853,2025-08-06,paid ads,Canada,SMB
CUST-101854,2024-06-15,Direct,India,Mid-Market
CUST-101855,2024-05-26,Organic Search,United States,Enterprise
CUST-101856,2024-04-12,email campaign,United States,Mid-Market
CUST-101857,2024-04-12,Paid Ads,United States,Mid-Market
CUST-101858,2025-10-21,Social Media,United States,Mid-Market
CUST-101859,2025-10-04,Referral,India,SMB
CUST-101860,2025-07-09,Email Campaign,United States,Mid-Market
CUST-101861,2025-05-06,Email Campaign,Australia,Mid-Market
CUST-101862,2025-05-05,Organic Search,United States,Mid-Market
CUST-101863,2024-05-06,Organic Search,United States,SMB
CUST-101864,2025-03-01,Organic Search,Australia,SMB
CUST-101865,2024-05-30,Paid Ads,United States,Enterprise
CUST-101866,2024-04-25,Paid Ads,Netherlands,SMB
CUST-101867,2024-10-15,Paid Ads,Germany,SMB
CUST-101868,2024-03-27,Direct,Germany,SMB
CUST-101869,2025-09-06,Organic Search,United Kingdom,Mid-Market
CUST-101870,2025-10-01,Direct,United States,SMB
CUST-101871,2025-11-08,Paid Ads,United States,Enterprise
CUST-101872,2024-01-03,Direct,Netherlands,Mid-Market
CUST-101873,2024-05-31,Paid Ads,Canada,Mid-Market
CUST-101874,2024-03-09,Organic Search,United Kingdom,Mid-Market
CUST-101875,2024-11-26,outbound_sales,United States,SMB
CUST-101876,2025-03-10,Paid Ads,Netherlands,SMB
CUST-101877,2024-05-21,Direct,Germany,SMB
CUST-101878,2025-05-24,Referral,United Kingdom,SMB
CUST-101879,2024-03-26,Referral,United Kingdom,SMB
CUST-101880,2024-08-12,Email Campaign,United States,SMB
CUST-101881,2024-01-18,Paid Ads,United Kingdom,SMB
CUST-101882,2024-12-23,Paid Ads,India,Mid-Market
CUST-101883,2025-04-16,Organic Search,India,Enterprise
CUST-101884,2024-09-05,Organic Search,United States,Mid-Market
CUST-101885,2024-05-26,Paid Ads,United States,Enterprise
CUST-101886,2024-04-18,Referral,United States,Mid-Market
CUST-101887,2024-01-31,organic search,United States,SMB
CUST-101888,2025-03-02,Organic Search,United States,Mid-Market
CUST-101889,2024-11-02,Paid Ads,Canada,SMB
CUST-101890,2024-01-14,paid ads,United States,Mid-Market
CUST-101891,2024-06-26,Paid Ads,United States,Mid-Market
CUST-101892,2025-04-10,Referral,India,Enterprise
CUST-101893,2024-08-20,Paid Ads,United States,Enterprise
CUST-101894,2024-05-08,Email Campaign,United States,SMB
CUST-101895,2025-07-26,Referral,United States,Mid-Market
CUST-101896,2025-10-30,Referral,India,SMB
CUST-101897,2025-10-24,Paid Ads,United States,SMB
CUST-101898,2024-12-09,Organic Search,United States,SMB
CUST-101899,2025-09-03,Organic Search,Australia,SMB
CUST-101900,2024-02-03,Organic Search,United States,SMB
CUST-101901,2025-05-10,organic search,United States,Enterprise
CUST-101902,2024-12-31,Email Campaign,France,SMB
CUST-101903,2025-02-04,Email Campaign,Netherlands,Mid-Market
CUST-101904,2025-02-21,Direct,United Kingdom,SMB
CUST-101905,2024-01-25,Referral,United States,SMB
CUST-101906,2024-10-24,Organic Search,Germany,SMB
CUST-101907,2024-08-25,Direct,India,Mid-Market
CUST-101908,2024-06-13,outbound_sales,United Kingdom,Enterprise
CUST-101909,2025-06-19,Social Media,United States,Mid-Market
CUST-101910,2025-01-03,Referral,France,SMB
CUST-101911,2025-11-30,Paid Ads,United States,SMB
CUST-101912,2024-06-05,referral,Netherlands,SMB
CUST-101913,2024-11-12,Referral,Netherlands,Mid-Market
CUST-101914,2024-04-06,Paid Ads,United States,SMB
CUST-101915,2025-08-13,Paid Ads,United States,SMB
CUST-101916,2024-09-21,outbound_sales,Netherlands,Mid-Market
CUST-101917,2024-05-23,Social Media,Netherlands,SMB
CUST-101918,2024-10-20,Paid Ads,India,Enterprise
CUST-101919,2025-01-10,Paid Ads,Germany,SMB
CUST-101920,2025-02-27,Paid Ads,United States,Mid-Market
CUST-101921,2025-09-27,outbound_sales,United States,Mid-Market
CUST-101922,2025-07-28,Organic Search,India,SMB
CUST-101923,2025-02-12,Direct,United States,Mid-Market
CUST-101924,2024-12-23,Paid Ads,Germany,Enterprise
CUST-101925,2024-03-28,Organic Search,United States,Enterprise
CUST-101926,2025-03-19,Organic Search,United States,SMB
CUST-101927,2025-05-12,Organic Search,Canada,SMB
CUST-101928,2025-07-12,Organic Search,United Kingdom,SMB
CUST-101929,2024-02-02,outbound_sales,Canada,SMB
CUST-101930,2025-03-16,outbound_sales,United States,SMB
CUST-101931,2025-12-01,Paid Ads,United States,SMB
CUST-101932,2024-10-07,Paid Ads,United States,Mid-Market
CUST-101933,2025-06-21,Organic Search,Australia,SMB
CUST-101934,2025-03-14,Paid Ads,Canada,SMB
CUST-101935,2025-03-05,Paid Ads,United Kingdom,Mid-Market
CUST-101936,2025-03-23,paid ads,Germany,SMB
CUST-101937,2025-09-03,Organic Search,Canada,SMB
CUST-101938,2025-11-11,outbound_sales,France,Mid-Market
CUST-101939,2024-11-20,Organic Search,Australia,Enterprise
CUST-101940,2024-11-20,Organic Search,Netherlands,SMB
CUST-101941,2024-01-04,outbound_sales,France,Mid-Market
CUST-101942,2025-10-16,outbound_sales,United States,SMB
CUST-101943,2025-03-06,Email Campaign,Canada,SMB
CUST-101944,2024-08-02,social media,Netherlands,SMB
CUST-101945,2025-01-07,Organic Search,Australia,SMB
CUST-101946,2025-05-26,Referral,United Kingdom,SMB
CUST-101947,2025-07-09,Paid Ads,Netherlands,SMB
CUST-101948,2025-04-14,Paid Ads,United States,SMB
CUST-101949,2025-01-25,Paid Ads,Germany,Mid-Market
CUST-101950,2025-09-27,Social Media,Australia,SMB
CUST-101951,2024-04-16,Organic Search,United States,Enterprise
CUST-101952,2025-09-30,Social Media,United States,SMB
CUST-101953,2024-02-03,Referral,India,SMB
CUST-101954,2025-07-18,Paid Ads,United States,SMB
CUST-101955,2025-04-20,Paid Ads,India,Mid-Market
CUST-101956,2024-01-08,Social Media,Canada,SMB
CUST-101957,2025-11-05,Paid Ads,India,Mid-Market
CUST-101958,2024-09-04,organic search,Australia,SMB
CUST-101959,2025-01-18,Direct,United Kingdom,Mid-Market
CUST-101960,2024-06-23,Social Media,Netherlands,SMB
CUST-101961,2024-07-16,Referral,United States,SMB
CUST-101962,2025-03-15,Organic Search,Germany,Enterprise
CUST-101963,2024-11-21,Paid Ads,United Kingdom,SMB
CUST-101964,2025-05-31,Organic Search,United Kingdom,SMB
CUST-101965,2024-09-23,Direct,United States,SMB
CUST-101966,2024-01-27,paid ads,Germany,SMB
CUST-101967,2025-07-10,Social Media,United States,SMB
CUST-101968,2024-05-13,outbound_sales,Germany,Mid-Market
CUST-101969,2025-10-30,Direct,United States,SMB
CUST-101970,2025-01-22,Email Campaign,Germany,SMB
CUST-101971,2025-10-04,Organic Search,Netherlands,Mid-Market
CUST-101972,2025-09-02,Organic Search,United States,SMB
CUST-101973,2024-03-20,Paid Ads,United States,Mid-Market
CUST-101974,2025-05-17,Email Campaign,United States,SMB
CUST-101975,2024-08-03,Email Campaign,United States,SMB
CUST-101976,2024-06-13,Organic Search,United States,SMB
CUST-101977,2025-09-13,Direct,United States,SMB
CUST-101978,2025-09-20,Referral,United States,SMB
CUST-101979,2024-05-04,Organic Search,United States,SMB
CUST-101980,2024-06-05,organic search,United States,Mid-Market
CUST-101981,2024-05-21,Organic Search,Canada,Enterprise
CUST-101982,2025-05-08,Organic Search,United States,Mid-Market
CUST-101983,2025-04-23,Email Campaign,United Kingdom,SMB
CUST-101984,2024-07-16,Paid Ads,United States,Mid-Market
CUST-101985,2025-02-06,Organic Search,India,SMB
CUST-101986,2024-07-29,Social Media,United Kingdom,Mid-Market
CUST-101987,2024-10-05,Direct,Germany,SMB
CUST-101988,2025-08-03,Paid Ads,Australia,Mid-Market
CUST-101989,2024-02-04,Social Media,United States,SMB
CUST-101990,2025-10-22,Social Media,United Kingdom,SMB
CUST-101991,2024-11-26,Paid Ads,United States,SMB
CUST-101992,2025-01-15,Paid Ads,Canada,SMB
CUST-101993,2024-01-12,Email Campaign,United States,SMB
CUST-101994,2024-08-26,Referral,United States,SMB
CUST-101995,2024-04-15,Referral,Canada,Enterprise
CUST-101996,2025-11-18,Organic Search,Australia,SMB
CUST-101997,2024-11-21,Direct,United States,SMB
CUST-101998,2024-02-17,outbound_sales,United Kingdom,SMB
CUST-101999,2024-11-30,referral,United States,SMB
CUST-102000,2025-08-12,outbound_sales,Australia,SMB
CUST-102001,2025-02-16,Organic Search,United Kingdom,SMB
CUST-102002,2024-01-17,Organic Search,United States,Mid-Market
CUST-102003,2024-10-08,Paid Ads,United States,SMB
CUST-102004,2025-05-20,Referral,United States,Mid-Market
CUST-102005,2025-10-18,outbound_sales,United States,SMB
CUST-102006,2024-01-30,Organic Search,India,SMB
CUST-102007,2025-03-22,Organic Search,United States,Mid-Market
CUST-102008,2025-07-04,outbound_sales,France,Mid-Market
CUST-102009,2024-02-14,Organic Search,France,SMB
CUST-102010,2025-09-19,Email Campaign,United States,Mid-Market
CUST-102011,2025-08-20,Paid Ads,United States,Mid-Market
CUST-102012,2025-02-27,Referral,Germany,SMB
CUST-102013,2025-05-04,Referral,Netherlands,SMB
CUST-102014,2024-08-19,Organic Search,Canada,Mid-Market
CUST-102015,2024-09-05,Referral,Canada,SMB
CUST-102016,2025-05-21,Organic Search,United States,SMB
CUST-102017,2024-07-11,Paid Ads,United States,Mid-Market
CUST-102018,2025-06-10,Direct,Canada,SMB
CUST-102019,2024-06-06,Direct,United States,SMB
CUST-102020,2025-01-29,outbound_sales,India,SMB
CUST-102021,2024-07-11,Organic Search,United Kingdom,Mid-Market
CUST-102022,2025-08-14,Referral,United States,Mid-Market
CUST-102023,2024-09-03,Organic Search,United Kingdom,SMB
CUST-102024,2025-06-27,Paid Ads,United States,Enterprise
CUST-102025,2025-03-17,Organic Search,United States,SMB
CUST-102026,2025-03-27,Paid Ads,United States,SMB
CUST-102027,2025-03-08,Organic Search,United States,SMB
CUST-102028,2025-09-14,Paid Ads,United Kingdom,Mid-Market
CUST-102029,2024-04-23,Organic Search,United States,SMB
CUST-102030,2024-03-08,Referral,United States,Mid-Market
CUST-102031,2025-02-18,Paid Ads,United States,Mid-Market
CUST-102032,2024-10-01,Paid Ads,United States,SMB
CUST-102033,2025-09-02,Paid Ads,United States,SMB
CUST-102034,2025-09-29,Paid Ads,United States,Enterprise
CUST-102035,2024-11-18,Email Campaign,United States,SMB
CUST-102036,2024-01-14,Referral,United Kingdom,SMB
CUST-102037,2024-03-19,Organic Search,Canada,SMB
CUST-102038,2025-04-30,Referral,United Kingdom,SMB
CUST-102039,2024-01-18,Referral,Netherlands,Mid-Market
CUST-102040,2024-06-20,Email Campaign,Canada,SMB
CUST-102041,2024-12-09,Paid Ads,Canada,Enterprise
CUST-102042,2025-05-13,Paid Ads,United Kingdom,Mid-Market
CUST-102043,2024-12-07,Direct,Canada,Mid-Market
CUST-102044,2025-09-02,Paid Ads,United States,SMB
CUST-102045,2024-05-31,outbound_sales,India,Mid-Market
CUST-102046,2025-05-24,Organic Search,United Kingdom,Mid-Market
CUST-102047,2024-07-30,Email Campaign,United States,Enterprise
CUST-102048,2024-10-07,Direct,Germany,Mid-Market
CUST-102049,2025-06-23,Organic Search,Australia,SMB
CUST-102050,2025-08-26,Paid Ads,Netherlands,SMB
CUST-102051,2025-06-16,Email Campaign,India,SMB
CUST-102052,2025-08-03,outbound_sales,India,SMB
CUST-102053,2025-05-25,Social Media,United States,Mid-Market
CUST-102054,2024-10-23,Referral,Germany,SMB
CUST-102055,2024-10-28,Organic Search,United States,SMB
CUST-102056,2024-02-24,Paid Ads,United States,SMB
CUST-102057,2024-02-21,Paid Ads,United States,SMB
CUST-102058,2025-11-12,Social Media,United Kingdom,Enterprise
CUST-102059,2024-05-26,outbound_sales,United States,SMB
CUST-102060,2024-08-12,Organic Search,France,SMB
CUST-102061,2025-01-30,Paid Ads,Netherlands,SMB
CUST-102062,2024-11-05,Referral,United States,SMB
CUST-102063,2025-08-15,Organic Search,Canada,SMB
CUST-102064,2024-07-23,Paid Ads,United States,SMB
CUST-102065,2025-07-12,Organic Search,Canada,Mid-Market
CUST-102066,2025-06-23,Paid Ads,United States,Enterprise
CUST-102067,2025-04-24,Paid Ads,United Kingdom,Enterprise
CUST-102068,2025-07-26,Organic Search,Canada,SMB
CUST-102069,2024-11-05,Email Campaign,Germany,SMB
CUST-102070,2025-08-02,Direct,United States,Mid-Market
CUST-102071,2025-11-17,Organic Search,India,Mid-Market
CUST-102072,2024-02-25,Organic Search,United States,Enterprise
CUST-102073,2025-08-31,Organic Search,United States,SMB
CUST-102074,2024-03-03,Organic Search,Germany,SMB
CUST-102075,2024-07-28,Paid Ads,United Kingdom,Enterprise
CUST-102076,2025-11-22,Referral,United States,SMB
CUST-102077,2024-01-07,Direct,Germany,SMB
CUST-102078,2024-06-05,Referral,United States,SMB
CUST-102079,2025-04-30,Organic Search,United Kingdom,SMB
CUST-102080,2024-11-03,Paid Ads,Netherlands,Mid-Market
CUST-102081,2025-07-13,Paid Ads,Germany,SMB
CUST-102082,2024-05-06,Paid Ads,Germany,SMB
CUST-102083,2025-11-04,Organic Search,United Kingdom,Mid-Market
CUST-102084,2025-05-06,Paid Ads,Germany,Enterprise
CUST-102085,2025-11-14,Paid Ads,United States,Mid-Market
CUST-102086,2025-03-11,Organic Search,United States,SMB
CUST-102087,2025-08-17,Paid Ads,Germany,Mid-Market
CUST-102088,2024-02-13,Social Media,United States,SMB
CUST-102089,2025-04-14,Paid Ads,Netherlands,SMB
CUST-102090,2025-05-30,Organic Search,Australia,SMB
CUST-102091,2024-06-27,Referral,United States,Mid-Market
CUST-102092,2024-05-23,Paid Ads,Canada,SMB
CUST-102093,2025-10-22,Paid Ads,Netherlands,SMB
CUST-102094,2025-06-03,Email Campaign,United Kingdom,SMB
CUST-102095,2025-08-17,Paid Ads,Germany,SMB
CUST-102096,2024-06-11,Organic Search,Germany,SMB
CUST-102097,2024-11-27,Email Campaign,Netherlands,Mid-Market
CUST-102098,2024-08-30,Organic Search,Australia,Mid-Market
CUST-102099,2025-03-06,social media,United States,SMB
CUST-102100,2024-03-15,paid ads,United States,SMB
CUST-102101,2024-06-27,Paid Ads,Germany,SMB
CUST-102102,2025-08-10,Referral,United States,SMB
CUST-102103,2024-08-18,Organic Search,United States,Mid-Market
CUST-102104,2024-07-15,Organic Search,United States,Enterprise
CUST-102105,2024-02-04,Direct,Australia,SMB
CUST-102106,2025-07-13,Direct,United States,Mid-Market
CUST-102107,2025-10-19,Paid Ads,United States,SMB
CUST-102108,2025-05-27,Paid Ads,Germany,SMB
CUST-102109,2024-03-09,Paid Ads,Germany,Mid-Market
CUST-102110,2024-05-10,Email Campaign,United States,SMB
CUST-102111,2025-09-07,Referral,United States,Mid-Market
CUST-102112,2024-09-14,Paid Ads,United States,Mid-Market
CUST-102113,2024-10-21,Organic Search,United Kingdom,Mid-Market
CUST-102114,2025-05-27,Paid Ads,Germany,SMB
CUST-102115,2025-08-19,paid ads,Australia,SMB
CUST-102116,2024-12-12,Paid Ads,United States,Mid-Market
CUST-102117,2024-07-28,Referral,Canada,Enterprise
CUST-102118,2024-03-04,Organic Search,United States,Enterprise
CUST-102119,2024-02-06,Paid Ads,United States,SMB
CUST-102120,2024-03-23,Direct,United Kingdom,SMB
CUST-102121,2024-04-16,Organic Search,United Kingdom,Mid-Market
CUST-102122,2024-11-06,Email Campaign,Australia,SMB
CUST-102123,2024-01-27,Email Campaign,India,SMB
CUST-102124,2025-11-29,Email Campaign,United States,SMB
CUST-102125,2025-01-21,Email Campaign,United Kingdom,SMB
CUST-102126,2025-03-24,Organic Search,Germany,Enterprise
CUST-102127,2024-12-17,Paid Ads,United States,SMB
CUST-102128,2024-08-20,Paid Ads,Canada,Mid-Market
CUST-102129,2024-02-16,outbound_sales,United States,Mid-Market
CUST-102130,2024-03-19,Organic Search,United Kingdom,SMB
CUST-102131,2025-09-08,Referral,United States,SMB
CUST-102132,2025-05-05,Referral,Germany,SMB
CUST-102133,2024-07-29,Paid Ads,Canada,SMB
CUST-102134,2024-08-13,Paid Ads,United States,SMB
CUST-102135,2025-10-31,Organic Search,Australia,SMB
CUST-102136,2024-04-16,Organic Search,Australia,Mid-Market
CUST-102137,2024-10-13,Organic Search,Australia,Mid-Market
CUST-102138,2024-11-08,Email Campaign,United States,SMB
CUST-102139,2024-05-25,Organic Search,United States,SMB
CUST-102140,2024-04-26,Organic Search,India,SMB
CUST-102141,2024-11-03,Direct,United States,SMB
CUST-102142,2025-05-22,Organic Search,United States,SMB
CUST-102143,2025-01-23,Organic Search,United Kingdom,SMB
CUST-102144,2025-07-08,Email Campaign,France,Enterprise
CUST-102145,2024-12-10,Social Media,Australia,Mid-Market
CUST-102146,2024-01-29,Paid Ads,India,SMB
CUST-102147,2024-02-28,Direct,United Kingdom,Enterprise
CUST-102148,2024-10-21,Direct,France,SMB
CUST-102149,2025-08-04,Email Campaign,United States,Enterprise
CUST-102150,2024-08-31,Organic Search,United States,Mid-Market
CUST-102151,2024-03-28,outbound_sales,Canada,SMB
CUST-102152,2024-02-09,Referral,United States,Mid-Market
CUST-102153,2025-09-14,Organic Search,United States,Mid-Market
CUST-102154,2024-07-02,paid ads,United States,SMB
CUST-102155,2025-01-02,Paid Ads,India,SMB
CUST-102156,2024-03-22,Paid Ads,Germany,SMB
CUST-102157,2024-07-03,Paid Ads,Canada,SMB
CUST-102158,2024-08-20,Referral,United States,SMB
CUST-102159,2024-04-27,Referral,United States,SMB
CUST-102160,2024-11-20,Organic Search,Canada,SMB
CUST-102161,2024-09-22,outbound_sales,United States,Mid-Market
CUST-102162,2025-07-07,Email Campaign,Germany,SMB
CUST-102163,2025-03-30,Organic Search,United States,SMB
CUST-102164,2025-11-28,Paid Ads,Germany,Mid-Market
CUST-102165,2024-11-30,Referral,United States,Enterprise
CUST-102166,2025-01-18,Paid Ads,Netherlands,SMB
CUST-102167,2024-02-15,Paid Ads,United States,SMB
CUST-102168,2024-08-04,Direct,United Kingdom,Mid-Market
CUST-102169,2025-08-18,Email Campaign,France,SMB
CUST-102170,2025-11-03,Email Campaign,United States,Enterprise
CUST-102171,2024-03-20,Social Media,Netherlands,SMB
CUST-102172,2025-10-07,Referral,United States,Mid-Market
CUST-102173,2025-06-24,Email Campaign,Germany,Mid-Market
CUST-102174,2024-11-20,Paid Ads,India,SMB
CUST-102175,2024-09-05,Email Campaign,Netherlands,SMB
CUST-102176,2024-04-28,Email Campaign,United Kingdom,Enterprise
CUST-102177,2024-03-22,Paid Ads,United Kingdom,Enterprise
CUST-102178,2025-09-11,Organic Search,Canada,SMB
CUST-102179,2024-05-08,Social Media,United States,Enterprise
CUST-102180,2025-11-12,Organic Search,United States,SMB
CUST-102181,2024-03-24,Paid Ads,United Kingdom,SMB
CUST-102182,2024-07-21,Direct,Australia,SMB
CUST-102183,2024-09-26,Email Campaign,Canada,SMB
CUST-102184,2024-02-04,Direct,United States,SMB
CUST-102185,2025-06-11,Direct,Australia,Enterprise
CUST-102186,2025-02-15,Email Campaign,United States,SMB
CUST-102187,2024-12-10,Referral,Germany,Enterprise
CUST-102188,2024-12-29,Social Media,Australia,SMB
CUST-102189,2025-03-22,Paid Ads,United Kingdom,SMB
CUST-102190,2025-08-26,Social Media,France,SMB
CUST-102191,2025-08-30,Referral,Germany,SMB
CUST-102192,2024-06-29,Paid Ads,Germany,Enterprise
CUST-102193,2024-10-31,Paid Ads,United States,SMB
CUST-102194,2025-06-04,Direct,United Kingdom,SMB
CUST-102195,2024-07-01,Social Media,United States,Enterprise
CUST-102196,2024-08-03,Paid Ads,United States,Mid-Market
CUST-102197,2024-12-21,Paid Ads,United States,SMB
CUST-102198,2024-06-22,Paid Ads,Australia,Enterprise
CUST-102199,2024-08-25,Referral,United States,SMB
CUST-102200,2024-06-21,Organic Search,Australia,Enterprise
CUST-102201,2024-07-18,Organic Search,India,SMB
CUST-102202,2025-08-07,Paid Ads,United Kingdom,SMB
CUST-102203,2024-04-22,Email Campaign,Australia,SMB
CUST-102204,2025-05-20,Paid Ads,India,Enterprise
CUST-102205,2024-04-29,outbound_sales,India,Mid-Market
CUST-102206,2024-03-17,Paid Ads,United Kingdom,SMB
CUST-102207,2025-06-09,Referral,United States,Mid-Market
CUST-102208,2024-02-09,Paid Ads,France,Mid-Market
CUST-102209,2025-07-25,Referral,Australia,SMB
CUST-102210,2024-01-09,Organic Search,Germany,Mid-Market
CUST-102211,2024-07-19,Paid Ads,United States,Mid-Market
CUST-102212,2024-10-16,Organic Search,Germany,SMB
CUST-102213,2024-08-07,Organic Search,United States,SMB
CUST-102214,2024-07-01,Organic Search,Germany,SMB
CUST-102215,2024-08-28,Referral,United Kingdom,Mid-Market
CUST-102216,2024-11-03,Direct,Australia,Mid-Market
CUST-102217,2025-10-07,Paid Ads,United States,SMB
CUST-102218,2024-04-25,outbound_sales,Australia,Mid-Market
CUST-102219,2025-04-02,Paid Ads,Germany,SMB
CUST-102220,2024-11-22,Referral,United States,SMB
CUST-102221,2025-05-10,Direct,India,SMB
CUST-102222,2024-01-30,Paid Ads,United Kingdom,Mid-Market
CUST-102223,2024-03-03,Referral,United States,Mid-Market
CUST-102224,2025-03-28,Paid Ads,United States,SMB
CUST-102225,2024-08-12,Paid Ads,India,SMB
CUST-102226,2025-08-09,Direct,United Kingdom,Mid-Market
CUST-102227,2025-09-20,Referral,United States,SMB
CUST-102228,2024-01-22,Direct,United States,Mid-Market
CUST-102229,2025-07-20,Organic Search,United States,SMB
CUST-102230,2024-06-09,Direct,United States,Mid-Market
CUST-102231,2024-06-14,Social Media,United States,SMB
CUST-102232,2024-01-14,Organic Search,United States,Enterprise
CUST-102233,2025-02-11,email campaign,United States,SMB
CUST-102234,2025-10-08,Email Campaign,United States,SMB
CUST-102235,2025-01-21,Referral,United States,Mid-Market
CUST-102236,2024-03-27,Organic Search,United Kingdom,Mid-Market
CUST-102237,2024-01-21,Organic Search,India,SMB
CUST-102238,2025-08-25,Email Campaign,United States,SMB
CUST-102239,2024-11-27,Paid Ads,Canada,SMB
CUST-102240,2024-04-12,Paid Ads,Germany,SMB
CUST-102241,2024-04-05,Organic Search,United States,SMB
CUST-102242,2025-06-30,Paid Ads,United States,Enterprise
CUST-102243,2025-01-16,Email Campaign,Canada,SMB
CUST-102244,2024-01-26,Paid Ads,United States,SMB
CUST-102245,2025-10-20,Paid Ads,United States,SMB
CUST-102246,2025-07-28,Organic Search,India,SMB
CUST-102247,2024-05-24,Paid Ads,India,SMB
CUST-102248,2024-08-26,Organic Search,United Kingdom,SMB
CUST-102249,2024-06-03,Organic Search,Germany,SMB
CUST-102250,2024-10-01,Email Campaign,Canada,Mid-Market
CUST-102251,2024-11-16,Social Media,United States,SMB
CUST-102252,2025-07-22,Direct,Netherlands,SMB
CUST-102253,2024-03-20,Paid Ads,Canada,SMB
CUST-102254,2024-06-19,Organic Search,India,SMB
CUST-102255,2025-05-22,Organic Search,India,SMB
CUST-102256,2025-07-14,Paid Ads,United States,SMB
CUST-102257,2025-11-23,Paid Ads,United States,Mid-Market
CUST-102258,2024-06-18,Organic Search,United Kingdom,SMB
CUST-102259,2025-01-15,Paid Ads,United States,SMB
CUST-102260,2024-05-18,Organic Search,Canada,SMB
CUST-102261,2024-07-02,Organic Search,United States,Enterprise
CUST-102262,2024-07-11,Organic Search,United States,SMB
CUST-102263,2025-10-01,Paid Ads,United States,SMB
CUST-102264,2024-08-19,Paid Ads,United States,SMB
CUST-102265,2025-03-12,Referral,United States,SMB
CUST-102266,2024-09-17,Referral,Germany,SMB
CUST-102267,2024-04-15,Email Campaign,United States,SMB
CUST-102268,2025-06-18,Referral,Canada,SMB
CUST-102269,2025-08-29,Referral,Netherlands,Mid-Market
CUST-102270,2025-04-29,Organic Search,United States,SMB
CUST-102271,2025-09-21,Organic Search,United States,Mid-Market
CUST-102272,2024-02-23,Organic Search,India,SMB
CUST-102273,2024-11-05,Paid Ads,United States,SMB
CUST-102274,2025-01-29,Email Campaign,United States,Mid-Market
CUST-102275,2024-03-21,Direct,India,Enterprise
CUST-102276,2024-10-11,Email Campaign,India,SMB
CUST-102277,2024-09-13,Email Campaign,United Kingdom,SMB
CUST-102278,2024-01-26,Direct,India,Mid-Market
CUST-102279,2025-03-10,Organic Search,United Kingdom,Enterprise
CUST-102280,2025-01-26,Paid Ads,France,Enterprise
CUST-102281,2025-01-04,Paid Ads,United States,SMB
CUST-102282,2025-01-12,Social Media,United Kingdom,SMB
CUST-102283,2025-10-24,Paid Ads,United Kingdom,SMB
CUST-102284,2024-09-16,paid ads,United States,SMB
CUST-102285,2025-04-27,outbound_sales,Germany,SMB
CUST-102286,2025-10-25,email campaign,India,SMB
CUST-102287,2024-06-05,Email Campaign,United States,Mid-Market
CUST-102288,2024-05-02,Organic Search,Germany,SMB
CUST-102289,2025-07-11,Paid Ads,India,Mid-Market
CUST-102290,2024-12-06,Direct,India,SMB
CUST-102291,2025-08-23,Email Campaign,United States,SMB
CUST-102292,2025-03-02,Direct,Germany,SMB
CUST-102293,2025-05-28,Organic Search,United States,SMB
CUST-102294,2025-09-15,Organic Search,United Kingdom,SMB
CUST-102295,2024-01-04,Paid Ads,United Kingdom,SMB
CUST-102296,2024-03-29,Referral,United Kingdom,SMB
CUST-102297,2024-03-29,Organic Search,Germany,Enterprise
CUST-102298,2024-01-11,Organic Search,United States,SMB
CUST-102299,2024-09-09,Paid Ads,Germany,Enterprise
CUST-102300,2024-05-15,Paid Ads,United States,SMB
CUST-102301,2025-08-01,Paid Ads,United States,SMB
CUST-102302,2024-06-30,outbound_sales,United States,SMB
CUST-102303,2024-12-29,Referral,United States,SMB
CUST-102304,2025-10-08,Email Campaign,United States,Enterprise
CUST-102305,2024-06-08,Referral,United States,Mid-Market
CUST-102306,2025-11-29,Email Campaign,United States,Mid-Market
CUST-102307,2024-10-02,Organic Search,Canada,SMB
CUST-102308,2024-02-02,Social Media,United Kingdom,SMB
CUST-102309,2025-04-23,Referral,United States,SMB
CUST-102310,2024-02-04,Paid Ads,United States,SMB
CUST-102311,2024-06-11,Paid Ads,United States,SMB
CUST-102312,2025-01-01,paid ads,United Kingdom,SMB
CUST-102313,2025-09-23,Paid Ads,United Kingdom,SMB
CUST-102314,2024-09-06,Paid Ads,United States,SMB
CUST-102315,2024-11-03,Organic Search,France,SMB
CUST-102316,2025-06-03,Organic Search,United Kingdom,SMB
CUST-102317,2025-08-30,Organic Search,United Kingdom,Enterprise
CUST-102318,2025-06-20,Organic Search,Netherlands,Mid-Market
CUST-102319,2024-12-07,Email Campaign,United States,SMB
CUST-102320,2024-05-24,direct,United Kingdom,SMB
CUST-102321,2024-05-31,Organic Search,United States,SMB
CUST-102322,2024-07-27,Paid Ads,Canada,SMB
CUST-102323,2025-01-18,Organic Search,United States,SMB
CUST-102324,2025-02-07,Email Campaign,Australia,Mid-Market
CUST-102325,2024-09-05,Email Campaign,United States,SMB
CUST-102326,2024-05-16,Paid Ads,United States,SMB
CUST-102327,2025-03-10,Referral,United Kingdom,SMB
CUST-102328,2025-08-23,Organic Search,Australia,SMB
CUST-102329,2025-01-05,Paid Ads,India,SMB
CUST-102330,2024-03-20,Referral,United States,SMB
CUST-102331,2025-03-21,Organic Search,United States,SMB
CUST-102332,2024-11-14,Paid Ads,India,SMB
CUST-102333,2025-03-07,Organic Search,United States,SMB
CUST-102334,2024-03-25,Paid Ads,Canada,Mid-Market
CUST-102335,2024-01-13,Organic Search,United States,SMB
CUST-102336,2024-01-12,Paid Ads,France,SMB
CUST-102337,2024-11-06,Paid Ads,Canada,SMB
CUST-102338,2025-04-06,Paid Ads,Canada,Mid-Market
CUST-102339,2025-01-08,Organic Search,United States,SMB
CUST-102340,2025-11-21,Organic Search,United States,Enterprise
CUST-102341,2024-09-21,Organic Search,India,Mid-Market
CUST-102342,2024-02-19,Paid Ads,United States,Mid-Market
CUST-102343,2024-02-21,Direct,Germany,SMB
CUST-102344,2024-10-30,Email Campaign,United States,SMB
CUST-102345,2025-03-03,Organic Search,United States,SMB
CUST-102346,2024-12-31,Email Campaign,United Kingdom,SMB
CUST-102347,2025-07-01,Organic Search,Canada,SMB
CUST-102348,2024-10-08,Paid Ads,United Kingdom,SMB
CUST-102349,2025-06-20,referral,United States,SMB
CUST-102350,2025-09-15,outbound_sales,Germany,Mid-Market
CUST-102351,2024-03-21,Paid Ads,Germany,SMB
CUST-102352,2024-07-07,Social Media,United States,Mid-Market
CUST-102353,2025-03-19,outbound_sales,India,SMB
CUST-102354,2025-09-22,Paid Ads,India,SMB
CUST-102355,2025-01-18,Referral,United States,Enterprise
CUST-102356,2024-07-09,Paid Ads,Germany,SMB
CUST-102357,2025-11-25,Paid Ads,United States,SMB
CUST-102358,2025-11-03,Organic Search,United States,SMB
CUST-102359,2024-11-21,Organic Search,United States,Mid-Market
CUST-102360,2025-09-18,Paid Ads,Canada,Mid-Market
CUST-102361,2025-10-12,Referral,United Kingdom,SMB
CUST-102362,2024-12-17,Paid Ads,United States,SMB
CUST-102363,2025-05-25,Organic Search,Germany,Mid-Market
CUST-102364,2024-02-03,Referral,United Kingdom,SMB
CUST-102365,2024-12-19,Organic Search,Canada,SMB
CUST-102366,2024-11-18,Paid Ads,United Kingdom,SMB
CUST-102367,2025-10-01,paid ads,United Kingdom,Enterprise
CUST-102368,2024-10-17,Referral,United Kingdom,SMB
CUST-102369,2024-05-14,Paid Ads,France,SMB
CUST-102370,2024-08-04,outbound_sales,United Kingdom,SMB
CUST-102371,2025-02-14,Referral,United States,SMB
CUST-102372,2024-10-12,Paid Ads,United States,SMB
CUST-102373,2025-10-10,Email Campaign,United States,SMB
CUST-102374,2025-02-17,Paid Ads,United Kingdom,Mid-Market
CUST-102375,2024-06-30,Paid Ads,United States,Mid-Market
CUST-102376,2025-11-02,Organic Search,Australia,SMB
CUST-102377,2025-03-04,Paid Ads,Germany,SMB
CUST-102378,2025-09-26,Paid Ads,United States,SMB
CUST-102379,2024-01-24,Paid Ads,United States,SMB
CUST-102380,2024-04-03,Social Media,United States,SMB
CUST-102381,2025-02-02,Referral,India,Mid-Market
CUST-102382,2025-01-12,Email Campaign,United States,SMB
CUST-102383,2024-07-23,Paid Ads,United States,Mid-Market
CUST-102384,2025-04-17,Paid Ads,Germany,SMB
CUST-102385,2024-06-30,outbound_sales,United Kingdom,SMB
CUST-102386,2024-12-05,Direct,Australia,SMB
CUST-102387,2024-03-12,Organic Search,United States,Mid-Market
CUST-102388,2025-04-26,Direct,United States,SMB
CUST-102389,2025-07-04,Organic Search,Canada,SMB
CUST-102390,2024-01-25,Paid Ads,India,SMB
CUST-102391,2024-02-10,Paid Ads,Canada,SMB
CUST-102392,2025-03-14,Email Campaign,United States,Mid-Market
CUST-102393,2025-08-16,Email Campaign,United States,SMB
CUST-102394,2024-12-13,Organic Search,United States,SMB
CUST-102395,2024-12-03,Referral,United States,Mid-Market
CUST-102396,2024-09-07,Email Campaign,United States,Mid-Market
CUST-102397,2025-04-06,Email Campaign,United Kingdom,SMB
CUST-102398,2024-05-31,Paid Ads,United States,Mid-Market
CUST-102399,2024-10-25,Paid Ads,Canada,SMB
CUST-102400,2025-03-26,Referral,United States,Mid-Market
CUST-102401,2025-09-14,paid ads,United States,SMB
CUST-102402,2024-08-04,Referral,United States,SMB
CUST-102403,2025-06-04,Email Campaign,Netherlands,SMB
CUST-102404,2024-06-23,outbound_sales,Germany,SMB
CUST-102405,2025-06-19,Paid Ads,India,SMB
CUST-102406,2025-06-21,Paid Ads,United Kingdom,SMB
CUST-102407,2024-03-07,Paid Ads,United States,SMB
CUST-102408,2024-05-02,Referral,United States,SMB
CUST-102409,2024-01-13,Direct,India,Mid-Market
CUST-102410,2024-08-21,Email Campaign,United States,SMB
CUST-102411,2024-12-03,Paid Ads,United States,Enterprise
CUST-102412,2025-07-04,Direct,Netherlands,SMB
CUST-102413,2024-09-10,Organic Search,India,SMB
CUST-102414,2024-09-07,Organic Search,Canada,SMB
CUST-102415,2024-09-29,Referral,United States,SMB
CUST-102416,2024-03-06,Social Media,United States,SMB
CUST-102417,2024-09-06,Referral,Germany,SMB
CUST-102418,2024-02-22,Paid Ads,Germany,SMB
CUST-102419,2024-03-26,Paid Ads,United States,SMB
CUST-102420,2024-11-03,Referral,Germany,Mid-Market
CUST-102421,2025-03-29,Email Campaign,United States,Mid-Market
CUST-102422,2025-04-12,outbound_sales,United States,SMB
CUST-102423,2025-10-08,Organic Search,United Kingdom,SMB
CUST-102424,2024-11-02,Paid Ads,United Kingdom,SMB
CUST-102425,2025-05-30,Paid Ads,United Kingdom,Enterprise
CUST-102426,2025-05-14,Organic Search,Australia,SMB
CUST-102427,2024-07-02,Organic Search,United Kingdom,SMB
CUST-102428,2025-03-29,Paid Ads,Germany,Mid-Market
CUST-102429,2024-04-21,Email Campaign,United States,SMB
CUST-102430,2025-06-27,Paid Ads,Germany,Enterprise
CUST-102431,2025-11-19,Organic Search,United States,Mid-Market
CUST-102432,2024-06-10,Referral,United States,Enterprise
CUST-102433,2025-10-31,Referral,United States,Mid-Market
CUST-102434,2024-09-26,Paid Ads,India,SMB
CUST-102435,2024-12-07,Email Campaign,India,SMB
CUST-102436,2025-07-30,Paid Ads,United States,Mid-Market
CUST-102437,2025-02-22,Paid Ads,India,Enterprise
CUST-102438,2024-01-20,Direct,United States,Mid-Market
CUST-102439,2025-01-17,Organic Search,United Kingdom,SMB
CUST-102440,2024-07-23,Email Campaign,Germany,SMB
CUST-102441,2024-03-17,Organic Search,United States,SMB
CUST-102442,2025-04-26,Social Media,France,Mid-Market
CUST-102443,2025-05-13,Organic Search,Netherlands,SMB
CUST-102444,2024-02-27,Referral,United States,SMB
CUST-102445,2024-04-23,Paid Ads,Australia,SMB
CUST-102446,2025-02-27,Direct,Australia,SMB
CUST-102447,2025-07-29,Organic Search,United States,SMB
CUST-102448,2024-09-23,Referral,India,Mid-Market
CUST-102449,2024-03-10,Direct,Germany,Mid-Market
CUST-102450,2025-01-04,Social Media,United Kingdom,Mid-Market
CUST-102451,2025-04-24,Organic Search,United States,SMB
CUST-102452,2024-09-22,Paid Ads,Canada,SMB
CUST-102453,2025-02-24,Paid Ads,India,Mid-Market
CUST-102454,2024-03-02,Social Media,United Kingdom,SMB
CUST-102455,2024-02-02,Social Media,Australia,SMB
CUST-102456,2024-10-16,Referral,Germany,Mid-Market
CUST-102457,2025-07-25,Email Campaign,United Kingdom,Mid-Market
CUST-102458,2024-03-30,Referral,United Kingdom,Mid-Market
CUST-102459,2024-03-15,Email Campaign,United Kingdom,SMB
CUST-102460,2024-06-04,Referral,United States,SMB
CUST-102461,2025-06-24,Email Campaign,Canada,Enterprise
CUST-102462,2025-02-15,referral,United States,Mid-Market
CUST-102463,2024-08-18,Paid Ads,United States,Mid-Market
CUST-102464,2024-11-30,Referral,Germany,SMB
CUST-102465,2024-12-29,Direct,Canada,SMB
CUST-102466,2024-05-31,Organic Search,United States,SMB
CUST-102467,2024-02-10,Email Campaign,United Kingdom,Enterprise
CUST-102468,2024-11-18,Social Media,Germany,SMB
CUST-102469,2024-10-04,organic search,Australia,Mid-Market
CUST-102470,2025-03-26,Organic Search,France,SMB
CUST-102471,2024-08-01,Paid Ads,United Kingdom,SMB
CUST-102472,2025-01-24,Referral,United States,Enterprise
CUST-102473,2025-08-15,Email Campaign,United States,Mid-Market
CUST-102474,2025-05-15,Email Campaign,United States,Enterprise
CUST-102475,2024-08-03,outbound_sales,India,SMB
CUST-102476,2024-04-24,Social Media,United States,SMB
CUST-102477,2024-04-12,Paid Ads,France,Mid-Market
CUST-102478,2025-10-29,Paid Ads,Netherlands,SMB
CUST-102479,2025-02-03,Direct,United States,Enterprise
CUST-102480,2024-11-27,organic search,India,SMB
CUST-102481,2025-06-15,Organic Search,Germany,Mid-Market
CUST-102482,2024-08-02,Direct,Germany,SMB
CUST-102483,2024-06-10,Paid Ads,United States,SMB
CUST-102484,2025-11-15,Organic Search,Australia,SMB
CUST-102485,2025-05-24,Organic Search,United States,SMB
CUST-102486,2025-09-28,Paid Ads,Canada,SMB
CUST-102487,2024-02-05,Email Campaign,United States,SMB
CUST-102488,2025-09-04,Email Campaign,United States,SMB
CUST-102489,2024-08-16,Organic Search,Netherlands,SMB
CUST-102490,2025-03-01,Direct,United Kingdom,SMB
CUST-102491,2025-10-14,Organic Search,United Kingdom,Mid-Market
CUST-102492,2024-11-26,Referral,United States,SMB
CUST-102493,2025-05-04,Paid Ads,India,SMB
CUST-102494,2025-06-11,Organic Search,France,SMB
CUST-102495,2024-04-07,Email Campaign,United States,SMB
CUST-102496,2024-09-13,Organic Search,Germany,SMB
CUST-102497,2025-11-15,Referral,United Kingdom,Enterprise
CUST-102498,2024-05-14,Paid Ads,United States,SMB
CUST-102499,2024-02-05,Email Campaign,India,SMB
CUST-102500,2024-07-05,Organic Search,Germany,Mid-Market
CUST-102501,2025-02-10,Paid Ads,United Kingdom,SMB
CUST-102502,2025-10-05,Direct,Netherlands,SMB
CUST-102503,2025-04-09,Referral,United Kingdom,SMB
CUST-102504,2025-06-10,Social Media,United States,Mid-Market
CUST-102505,2025-05-14,Email Campaign,United Kingdom,SMB
CUST-102506,2025-06-15,paid ads,Canada,SMB
CUST-102507,2025-07-10,Organic Search,United States,SMB
CUST-102508,2025-07-17,Email Campaign,United States,SMB
CUST-102509,2025-07-20,outbound_sales,United States,Mid-Market
CUST-102510,2025-02-11,Direct,Australia,SMB
CUST-102511,2025-11-27,Organic Search,United States,Mid-Market
CUST-102512,2025-09-07,Email Campaign,United Kingdom,SMB
CUST-102513,2025-06-29,Paid Ads,United States,Enterprise
CUST-102514,2025-01-18,Organic Search,Germany,SMB
CUST-102515,2024-08-19,Direct,Canada,SMB
CUST-102516,2025-09-16,Paid Ads,United States,SMB
CUST-102517,2025-02-14,Paid Ads,Australia,Enterprise
CUST-102518,2025-04-24,Paid Ads,Canada,SMB
CUST-102519,2025-07-23,Referral,United States,Mid-Market
CUST-102520,2024-03-09,Organic Search,United States,SMB
CUST-102521,2024-09-05,Paid Ads,United States,SMB
CUST-102522,2024-09-11,Direct,United States,Enterprise
CUST-102523,2025-02-15,Organic Search,Canada,Enterprise
CUST-102524,2025-03-30,Organic Search,United States,SMB
CUST-102525,2025-06-17,Paid Ads,United States,SMB
CUST-102526,2025-11-07,Paid Ads,India,SMB
CUST-102527,2024-06-06,Organic Search,Netherlands,Enterprise
CUST-102528,2024-10-05,Social Media,United States,Mid-Market
CUST-102529,2025-10-03,Paid Ads,Germany,Mid-Market
CUST-102530,2025-05-13,Email Campaign,United States,SMB
CUST-102531,2025-09-09,Social Media,India,SMB
CUST-102532,2025-05-21,Direct,Netherlands,SMB
CUST-102533,2024-10-13,Direct,Canada,Enterprise
CUST-102534,2024-12-02,Paid Ads,India,Enterprise
CUST-102535,2024-04-13,Email Campaign,United Kingdom,SMB
CUST-102536,2025-03-20,Referral,United States,Mid-Market
CUST-102537,2025-07-28,Referral,United Kingdom,SMB
CUST-102538,2025-11-14,Paid Ads,Germany,SMB
CUST-102539,2024-04-10,Referral,United States,Mid-Market
CUST-102540,2025-11-19,Email Campaign,Germany,Mid-Market
CUST-102541,2024-02-10,Paid Ads,Canada,Mid-Market
CUST-102542,2025-06-19,Organic Search,United States,Mid-Market
CUST-102543,2025-03-18,referral,United States,SMB
CUST-102544,2024-12-02,Organic Search,France,Mid-Market
CUST-102545,2024-09-16,Paid Ads,Germany,SMB
CUST-102546,2024-10-10,Paid Ads,United States,SMB
CUST-102547,2024-09-26,Email Campaign,United States,SMB
CUST-102548,2025-10-25,Paid Ads,United States,SMB
CUST-102549,2025-05-26,Direct,United States,SMB
CUST-102550,2024-08-21,Paid Ads,United States,Enterprise
CUST-102551,2025-02-19,Paid Ads,United Kingdom,SMB
CUST-102552,2024-09-28,Direct,United Kingdom,SMB
CUST-102553,2025-01-05,Email Campaign,France,SMB
CUST-102554,2025-08-18,Paid Ads,United Kingdom,SMB
CUST-102555,2025-07-27,Referral,United States,Mid-Market
CUST-102556,2024-04-02,Email Campaign,Australia,Mid-Market
CUST-102557,2024-05-29,Email Campaign,United Kingdom,SMB
CUST-102558,2024-04-16,Direct,Canada,Mid-Market
CUST-102559,2025-09-20,Referral,United States,Enterprise
CUST-102560,2024-02-11,organic search,United States,Enterprise
CUST-102561,2024-08-17,Direct,Netherlands,SMB
CUST-102562,2025-10-25,Direct,United States,SMB
CUST-102563,2025-09-18,Paid Ads,United Kingdom,SMB
CUST-102564,2024-07-15,Paid Ads,India,SMB
CUST-102565,2025-01-31,Email Campaign,Canada,Enterprise
CUST-102566,2024-09-26,Paid Ads,United States,Enterprise
CUST-102567,2025-07-07,Paid Ads,France,SMB
CUST-102568,2024-09-09,Email Campaign,United Kingdom,SMB
CUST-102569,2025-06-03,Email Campaign,United Kingdom,SMB
CUST-102570,2024-08-21,Email Campaign,Canada,SMB
CUST-102571,2024-08-17,Paid Ads,United Kingdom,SMB
CUST-102572,2025-05-24,referral,United States,Enterprise
CUST-102573,2025-04-04,Referral,United States,SMB
CUST-102574,2024-05-31,Organic Search,United States,Enterprise
CUST-102575,2024-09-15,Social Media,Canada,Mid-Market
CUST-102576,2024-05-16,outbound_sales,United States,SMB
CUST-102577,2025-11-21,Paid Ads,United States,Mid-Market
CUST-102578,2025-02-20,Organic Search,United Kingdom,Mid-Market
CUST-102579,2024-01-07,outbound_sales,United States,Mid-Market
CUST-102580,2024-03-13,Referral,United Kingdom,Mid-Market
CUST-102581,2024-09-11,outbound_sales,Canada,Enterprise
CUST-102582,2024-01-31,Referral,United Kingdom,SMB
CUST-102583,2025-02-17,Referral,France,SMB
CUST-102584,2025-04-30,Organic Search,United States,SMB
CUST-102585,2025-03-16,Direct,United Kingdom,SMB
CUST-102586,2024-08-20,Paid Ads,Germany,SMB
CUST-102587,2024-04-06,Paid Ads,United States,SMB
CUST-102588,2024-03-01,Email Campaign,United States,SMB
CUST-102589,2024-01-13,Organic Search,United States,SMB
CUST-102590,2025-07-30,Paid Ads,United States,SMB
CUST-102591,2025-05-25,Organic Search,United States,SMB
CUST-102592,2024-06-07,Referral,United Kingdom,Mid-Market
CUST-102593,2024-06-30,Paid Ads,India,SMB
CUST-102594,2025-07-04,Direct,India,SMB
CUST-102595,2024-10-25,Organic Search,Germany,SMB
CUST-102596,2024-04-12,Paid Ads,Germany,Enterprise
CUST-102597,2025-04-10,Social Media,United Kingdom,SMB
CUST-102598,2024-04-29,Referral,United States,SMB
CUST-102599,2025-05-17,Organic Search,United States,SMB
CUST-102600,2025-05-06,Direct,Australia,Mid-Market
CUST-102601,2024-04-11,Direct,United States,Mid-Market
CUST-102602,2025-07-30,Referral,United Kingdom,SMB
CUST-102603,2024-07-24,Paid Ads,United States,Mid-Market
CUST-102604,2025-10-03,paid ads,United Kingdom,SMB
CUST-102605,2024-04-16,Paid Ads,United Kingdom,SMB
CUST-102606,2024-10-21,Email Campaign,Germany,SMB
CUST-102607,2024-04-01,Paid Ads,Germany,Enterprise
CUST-102608,2025-10-18,Paid Ads,United States,SMB
CUST-102609,2025-01-29,Organic Search,Netherlands,SMB
CUST-102610,2025-03-20,Email Campaign,United Kingdom,SMB
CUST-102611,2024-02-15,Social Media,United States,Enterprise
CUST-102612,2024-11-23,Organic Search,United States,SMB
CUST-102613,2024-01-16,Organic Search,United States,Enterprise
CUST-102614,2024-10-24,Organic Search,United States,Mid-Market
CUST-102615,2024-06-30,outbound_sales,India,SMB
CUST-102616,2024-02-15,Organic Search,Germany,SMB
CUST-102617,2025-03-08,Email Campaign,Canada,Enterprise
CUST-102618,2025-10-31,Email Campaign,United States,Mid-Market
CUST-102619,2025-02-27,Paid Ads,India,SMB
CUST-102620,2024-09-16,Referral,Germany,SMB
CUST-102621,2025-04-04,Organic Search,Germany,SMB
CUST-102622,2024-06-11,Social Media,United Kingdom,SMB
CUST-102623,2024-09-19,Social Media,Canada,Mid-Market
CUST-102624,2024-10-20,Paid Ads,United Kingdom,SMB
CUST-102625,2024-07-25,Social Media,United Kingdom,SMB
CUST-102626,2024-02-06,Paid Ads,United States,SMB
CUST-102627,2024-07-07,Organic Search,Germany,SMB
CUST-102628,2025-01-14,Paid Ads,United States,SMB
CUST-102629,2025-05-30,Email Campaign,United States,SMB
CUST-102630,2025-08-05,Organic Search,United States,Mid-Market
CUST-102631,2024-06-28,Paid Ads,United States,SMB
CUST-102632,2024-06-05,Social Media,United Kingdom,SMB
CUST-102633,2024-12-09,Referral,United Kingdom,Mid-Market
CUST-102634,2024-09-08,Referral,United States,SMB
CUST-102635,2024-11-21,Organic Search,Germany,SMB
CUST-102636,2025-09-25,email campaign,Canada,SMB
CUST-102637,2024-04-16,Email Campaign,United States,SMB
CUST-102638,2025-01-31,Email Campaign,United States,SMB
CUST-102639,2025-07-31,Referral,United States,Mid-Market
CUST-102640,2025-08-08,Referral,United States,SMB
CUST-102641,2024-08-31,Email Campaign,Germany,SMB
CUST-102642,2025-04-10,Paid Ads,Australia,SMB
CUST-102643,2024-08-17,Organic Search,Germany,SMB
CUST-102644,2024-09-20,Direct,United States,SMB
CUST-102645,2024-05-27,Organic Search,United States,Mid-Market
CUST-102646,2025-02-15,Organic Search,Germany,SMB
CUST-102647,2025-03-03,Paid Ads,United Kingdom,Enterprise
CUST-102648,2024-12-11,Paid Ads,United States,Mid-Market
CUST-102649,2024-08-10,Email Campaign,United Kingdom,Enterprise
CUST-102650,2025-09-25,Paid Ads,United Kingdom,Mid-Market
CUST-102651,2025-01-18,Referral,United States,SMB
CUST-102652,2025-10-29,Paid Ads,Australia,Enterprise
CUST-102653,2025-02-26,Organic Search,United States,SMB
CUST-102654,2025-01-28,social media,United Kingdom,Enterprise
CUST-102655,2024-07-30,Paid Ads,Germany,SMB
CUST-102656,2025-07-30,Email Campaign,Germany,SMB
CUST-102657,2024-06-03,Paid Ads,United Kingdom,Mid-Market
CUST-102658,2025-05-13,Paid Ads,France,SMB
CUST-102659,2024-02-06,referral,Canada,SMB
CUST-102660,2024-02-24,Paid Ads,United States,Enterprise
CUST-102661,2024-06-03,Social Media,United States,SMB
CUST-102662,2024-11-19,Referral,India,SMB
CUST-102663,2024-10-23,Paid Ads,India,SMB
CUST-102664,2024-06-16,Paid Ads,United Kingdom,SMB
CUST-102665,2025-07-19,Referral,Germany,SMB
CUST-102666,2024-09-12,outbound_sales,Germany,SMB
CUST-102667,2024-02-10,Organic Search,United States,SMB
CUST-102668,2024-01-21,Referral,Netherlands,SMB
CUST-102669,2025-08-08,Organic Search,Australia,Enterprise
CUST-102670,2025-08-03,Paid Ads,United States,SMB
CUST-102671,2024-06-30,Organic Search,United States,SMB
CUST-102672,2025-11-15,Organic Search,Germany,SMB
CUST-102673,2024-03-26,Paid Ads,Netherlands,SMB
CUST-102674,2025-08-27,Paid Ads,United States,Mid-Market
CUST-102675,2024-10-13,outbound_sales,Australia,SMB
CUST-102676,2024-06-19,Organic Search,United States,SMB
CUST-102677,2025-03-19,Paid Ads,United States,Enterprise
CUST-102678,2025-11-06,Organic Search,United Kingdom,SMB
CUST-102679,2025-10-01,Organic Search,United Kingdom,SMB
CUST-102680,2025-04-26,Paid Ads,United States,Mid-Market
CUST-102681,2024-12-09,Paid Ads,United Kingdom,Enterprise
CUST-102682,2024-12-16,Organic Search,United States,SMB
CUST-102683,2024-10-15,Paid Ads,Australia,Enterprise
CUST-102684,2025-11-13,social media,India,Mid-Market
CUST-102685,2024-05-11,Direct,United States,SMB
CUST-102686,2024-06-06,Referral,United States,SMB
CUST-102687,2024-01-14,Email Campaign,United States,Enterprise
CUST-102688,2025-08-19,Referral,Australia,SMB
CUST-102689,2025-11-11,Organic Search,United States,Mid-Market
CUST-102690,2024-03-24,Organic Search,Canada,SMB
CUST-102691,2024-08-26,Organic Search,Canada,SMB
CUST-102692,2024-07-16,Paid Ads,United States,Enterprise
CUST-102693,2024-07-09,Paid Ads,Canada,SMB
CUST-102694,2025-03-29,Organic Search,United States,SMB
CUST-102695,2024-05-27,Direct,United Kingdom,SMB
CUST-102696,2024-03-18,Organic Search,India,Mid-Market
CUST-102697,2025-02-08,Referral,Germany,SMB
CUST-102698,2024-10-19,Organic Search,United States,SMB
CUST-102699,2024-01-08,Referral,Netherlands,SMB
CUST-102700,2024-03-07,Organic Search,United Kingdom,Enterprise
CUST-102701,2025-03-16,organic search,Canada,Mid-Market
CUST-102702,2025-11-21,Organic Search,Germany,Enterprise
CUST-102703,2025-11-28,Referral,France,SMB
CUST-102704,2024-11-22,Paid Ads,Canada,SMB
CUST-102705,2025-05-15,Paid Ads,Netherlands,SMB
CUST-102706,2024-02-13,Email Campaign,United States,Mid-Market
CUST-102707,2025-02-16,Paid Ads,Australia,SMB
CUST-102708,2025-01-29,Paid Ads,United States,SMB
CUST-102709,2025-10-09,Organic Search,United States,SMB
CUST-102710,2024-06-25,organic search,France,SMB
CUST-102711,2025-04-28,Organic Search,United States,SMB
CUST-102712,2024-11-06,Direct,India,SMB
CUST-102713,2025-09-13,Email Campaign,United Kingdom,Enterprise
CUST-102714,2025-11-12,Organic Search,Netherlands,SMB
CUST-102715,2025-05-03,Referral,United States,SMB
CUST-102716,2024-08-09,Paid Ads,United States,SMB
CUST-102717,2025-10-07,Paid Ads,Germany,SMB
CUST-102718,2025-06-26,Paid Ads,Canada,Mid-Market
CUST-102719,2025-01-13,Referral,United Kingdom,SMB
CUST-102720,2024-09-09,Organic Search,United States,SMB
CUST-102721,2024-11-16,Referral,Australia,SMB
CUST-102722,2024-12-14,Referral,United States,SMB
CUST-102723,2024-11-25,Email Campaign,United Kingdom,Enterprise
CUST-102724,2025-09-16,Organic Search,India,SMB
CUST-102725,2024-01-20,Paid Ads,Australia,SMB
CUST-102726,2024-11-25,Organic Search,United Kingdom,SMB
CUST-102727,2024-09-29,Organic Search,United States,SMB
CUST-102728,2024-05-26,Paid Ads,Canada,SMB
CUST-102729,2024-01-04,Paid Ads,India,SMB
CUST-102730,2024-10-06,Social Media,United Kingdom,SMB
CUST-102731,2024-07-23,Direct,Germany,Enterprise
CUST-102732,2024-05-03,Paid Ads,United States,Mid-Market
CUST-102733,2025-05-31,Paid Ads,India,SMB
CUST-102734,2024-01-12,paid ads,United States,SMB
CUST-102735,2025-10-21,Email Campaign,United States,SMB
CUST-102736,2024-05-31,Paid Ads,United States,SMB
CUST-102737,2024-11-17,Organic Search,United States,SMB
CUST-102738,2025-04-09,paid ads,Germany,SMB
CUST-102739,2024-02-23,Direct,United Kingdom,SMB
CUST-102740,2025-01-19,Referral,Germany,SMB
CUST-102741,2024-11-30,Referral,Canada,SMB
CUST-102742,2025-08-05,Organic Search,United Kingdom,Mid-Market
CUST-102743,2025-05-23,Organic Search,United States,SMB
CUST-102744,2024-08-28,Organic Search,United States,SMB
CUST-102745,2024-12-17,Email Campaign,United Kingdom,SMB
CUST-102746,2025-10-19,Email Campaign,Germany,SMB
CUST-102747,2024-07-31,Paid Ads,United States,Enterprise
CUST-102748,2024-09-02,Organic Search,Germany,SMB
CUST-102749,2024-08-18,Paid Ads,United States,Mid-Market
CUST-102750,2024-05-20,Paid Ads,United States,Mid-Market
CUST-102751,2024-01-20,Paid Ads,United States,SMB
CUST-102752,2025-02-28,Referral,United States,SMB
CUST-102753,2025-08-19,Paid Ads,United States,SMB
CUST-102754,2025-06-05,Direct,United States,SMB
CUST-102755,2025-10-04,Email Campaign,United States,SMB
CUST-102756,2024-06-12,Direct,Canada,SMB
CUST-102757,2024-09-23,Paid Ads,Germany,SMB
CUST-102758,2025-10-29,Referral,Canada,SMB
CUST-102759,2025-01-31,Direct,Canada,Mid-Market
CUST-102760,2025-08-06,Email Campaign,United States,Mid-Market
CUST-102761,2025-08-30,Direct,United States,SMB
CUST-102762,2025-08-03,direct,India,SMB
CUST-102763,2024-01-13,Organic Search,United States,SMB
CUST-102764,2025-02-01,Email Campaign,United Kingdom,SMB
CUST-102765,2025-05-18,Paid Ads,Germany,Mid-Market
CUST-102766,2024-09-11,organic search,United States,SMB
CUST-102767,2024-02-21,Direct,France,Enterprise
CUST-102768,2025-01-25,Email Campaign,Netherlands,SMB
CUST-102769,2025-10-23,Organic Search,United Kingdom,Mid-Market
CUST-102770,2025-03-03,Referral,United States,SMB
CUST-102771,2024-05-25,Paid Ads,France,Mid-Market
CUST-102772,2024-07-28,Organic Search,Germany,Enterprise
CUST-102773,2025-05-02,Organic Search,United States,Mid-Market
CUST-102774,2025-08-16,Email Campaign,United States,SMB
CUST-102775,2024-03-05,Email Campaign,United States,SMB
CUST-102776,2024-01-31,Organic Search,United Kingdom,SMB
CUST-102777,2024-01-14,Referral,United States,SMB
CUST-102778,2024-10-14,Email Campaign,Canada,SMB
CUST-102779,2025-11-18,Paid Ads,Australia,SMB
CUST-102780,2024-01-02,outbound_sales,United States,SMB
CUST-102781,2025-07-26,Social Media,United Kingdom,SMB
CUST-102782,2024-02-18,Paid Ads,United States,SMB
CUST-102783,2025-07-11,Organic Search,Germany,SMB
CUST-102784,2024-05-29,Paid Ads,Germany,SMB
CUST-102785,2025-01-16,Paid Ads,United States,SMB
CUST-102786,2025-05-21,Referral,United States,Enterprise
CUST-102787,2024-09-16,Direct,United States,SMB
CUST-102788,2025-07-06,Direct,United States,SMB
CUST-102789,2025-10-02,Organic Search,United States,SMB
CUST-102790,2025-08-10,Organic Search,India,SMB
CUST-102791,2024-03-24,Direct,Australia,Enterprise
CUST-102792,2025-06-16,Organic Search,United States,Enterprise
CUST-102793,2024-06-17,Email Campaign,Germany,Mid-Market
CUST-102794,2024-11-29,Email Campaign,India,SMB
CUST-102795,2025-11-03,Direct,United States,SMB
CUST-102796,2024-04-18,Organic Search,Germany,SMB
CUST-102797,2024-07-11,Email Campaign,Australia,Enterprise
CUST-102798,2025-05-22,Organic Search,United States,Enterprise
CUST-102799,2025-02-19,Paid Ads,United States,SMB
CUST-102800,2024-07-14,Organic Search,United States,SMB
CUST-102801,2025-11-27,Organic Search,United States,Enterprise
CUST-102802,2025-01-01,Referral,United States,SMB
CUST-102803,2025-01-18,Organic Search,United Kingdom,SMB
CUST-102804,2025-09-21,Referral,Germany,Enterprise
CUST-102805,2024-12-25,Organic Search,Canada,Mid-Market
CUST-102806,2025-07-05,Email Campaign,United Kingdom,SMB
CUST-102807,2025-05-17,outbound_sales,United States,Enterprise
CUST-102808,2024-03-29,Paid Ads,United Kingdom,SMB
CUST-102809,2025-10-08,Social Media,United Kingdom,Mid-Market
CUST-102810,2025-04-25,Organic Search,United States,Mid-Market
CUST-102811,2024-08-09,Referral,United States,Mid-Market
CUST-102812,2025-11-22,Email Campaign,France,SMB
CUST-102813,2025-04-19,Paid Ads,United Kingdom,Mid-Market
CUST-102814,2024-02-19,Paid Ads,United States,SMB
CUST-102815,2025-04-07,Paid Ads,United States,SMB
CUST-102816,2024-04-22,Email Campaign,Netherlands,SMB
CUST-102817,2024-09-12,Organic Search,Canada,Mid-Market
CUST-102818,2025-01-20,Organic Search,United States,SMB
CUST-102819,2025-05-20,Organic Search,United Kingdom,Mid-Market
CUST-102820,2024-04-13,Organic Search,United States,Enterprise
CUST-102821,2024-01-25,paid ads,United States,Mid-Market
CUST-102822,2025-06-21,Direct,United States,SMB
CUST-102823,2024-02-04,Paid Ads,United Kingdom,SMB
CUST-102824,2024-09-26,Direct,Germany,SMB
CUST-102825,2024-09-06,Social Media,Australia,SMB
CUST-102826,2025-08-07,Organic Search,United States,Mid-Market
CUST-102827,2025-07-24,Paid Ads,United States,Mid-Market
CUST-102828,2025-02-27,Organic Search,United States,SMB
CUST-102829,2025-02-04,Organic Search,United States,Mid-Market
CUST-102830,2025-11-12,Paid Ads,United Kingdom,SMB
CUST-102831,2024-11-23,Social Media,India,Mid-Market
CUST-102832,2025-05-01,Paid Ads,United States,SMB
CUST-102833,2025-10-04,Referral,India,SMB
CUST-102834,2025-06-06,Organic Search,Canada,SMB
CUST-102835,2024-03-15,Referral,United States,Mid-Market
CUST-102836,2025-01-05,Social Media,India,SMB
CUST-102837,2024-02-13,Direct,Canada,SMB
CUST-102838,2025-01-17,Paid Ads,Germany,Mid-Market
CUST-102839,2024-05-10,Paid Ads,France,SMB
CUST-102840,2025-10-12,Organic Search,Germany,SMB
CUST-102841,2025-03-19,Referral,United States,SMB
CUST-102842,2024-05-29,Email Campaign,United States,SMB
CUST-102843,2025-10-27,Direct,Australia,SMB
CUST-102844,2024-11-30,Social Media,India,SMB
CUST-102845,2025-08-26,Email Campaign,France,SMB
CUST-102846,2025-08-10,Organic Search,United States,Mid-Market
CUST-102847,2025-06-29,Paid Ads,Germany,SMB
CUST-102848,2024-10-04,Direct,Germany,SMB
CUST-102849,2024-11-27,Social Media,United Kingdom,SMB
CUST-102850,2024-12-09,Paid Ads,United States,SMB
CUST-102851,2025-11-05,Organic Search,Germany,Mid-Market
CUST-102852,2024-10-29,Organic Search,Germany,Mid-Market
CUST-102853,2024-07-28,Email Campaign,Germany,SMB
CUST-102854,2024-10-25,Referral,United States,Mid-Market
CUST-102855,2024-07-06,Direct,India,SMB
CUST-102856,2024-10-04,Social Media,United Kingdom,SMB
CUST-102857,2024-03-14,Paid Ads,Netherlands,Mid-Market
CUST-102858,2024-01-04,Organic Search,India,SMB
CUST-102859,2025-07-17,Referral,United States,SMB
CUST-102860,2024-02-22,outbound_sales,Germany,SMB
CUST-102861,2025-03-23,Paid Ads,United States,SMB
CUST-102862,2024-02-25,Organic Search,United States,SMB
CUST-102863,2024-05-10,Email Campaign,France,Mid-Market
CUST-102864,2025-11-07,Referral,United States,SMB
CUST-102865,2024-10-10,Paid Ads,United States,SMB
CUST-102866,2024-09-30,social media,United States,SMB
CUST-102867,2025-08-21,Paid Ads,United States,Mid-Market
CUST-102868,2024-07-27,Referral,United States,SMB
CUST-102869,2025-09-20,outbound_sales,United States,SMB
CUST-102870,2025-02-20,Organic Search,United Kingdom,SMB
CUST-102871,2024-08-13,Paid Ads,United States,Mid-Market
CUST-102872,2025-09-06,Direct,United Kingdom,SMB
CUST-102873,2025-02-22,Email Campaign,United Kingdom,Mid-Market
CUST-102874,2025-09-21,Email Campaign,United States,Mid-Market
CUST-102875,2025-11-20,Paid Ads,Canada,SMB
CUST-102876,2025-05-26,Paid Ads,United States,SMB
CUST-102877,2024-05-27,Email Campaign,Germany,Mid-Market
CUST-102878,2025-02-17,Organic Search,United States,SMB
CUST-102879,2024-10-24,Direct,United States,Mid-Market
CUST-102880,2025-07-30,Organic Search,Germany,SMB
CUST-102881,2025-02-02,Referral,United States,SMB
CUST-102882,2025-04-01,Social Media,United States,SMB
CUST-102883,2025-01-10,Social Media,United States,SMB
CUST-102884,2025-08-22,Referral,Germany,Mid-Market
CUST-102885,2025-01-25,Paid Ads,Canada,SMB
CUST-102886,2024-04-04,Referral,United Kingdom,SMB
CUST-102887,2024-09-18,Paid Ads,United States,Mid-Market
CUST-102888,2024-07-09,Organic Search,United States,SMB
CUST-102889,2024-04-04,Referral,United Kingdom,Mid-Market
CUST-102890,2024-06-29,Paid Ads,United Kingdom,SMB
CUST-102891,2024-01-18,Direct,United States,Mid-Market
CUST-102892,2024-04-13,Paid Ads,Canada,SMB
CUST-102893,2025-07-20,Email Campaign,Canada,SMB
CUST-102894,2024-09-08,Email Campaign,United States,SMB
CUST-102895,2024-01-22,Paid Ads,Australia,SMB
CUST-102896,2025-04-25,Organic Search,United States,Mid-Market
CUST-102897,2025-08-10,Email Campaign,United Kingdom,SMB
CUST-102898,2024-09-11,Organic Search,Germany,SMB
CUST-102899,2024-05-19,Organic Search,United Kingdom,Mid-Market
CUST-102900,2025-02-08,Referral,Canada,Mid-Market
CUST-102901,2025-10-24,Social Media,United States,SMB
CUST-102902,2025-02-18,Email Campaign,United Kingdom,SMB
CUST-102903,2025-05-26,Organic Search,United States,SMB
CUST-102904,2024-11-01,Organic Search,Australia,SMB
CUST-102905,2024-01-25,Paid Ads,United States,SMB
CUST-102906,2025-10-15,Email Campaign,United Kingdom,SMB
CUST-102907,2024-05-23,referral,United States,SMB
CUST-102908,2024-08-20,Social Media,United States,SMB
CUST-102909,2025-01-15,Direct,United Kingdom,SMB
CUST-102910,2024-05-29,Direct,France,SMB
CUST-102911,2025-04-21,Social Media,Australia,Mid-Market
CUST-102912,2024-10-28,Paid Ads,United Kingdom,SMB
CUST-102913,2025-05-05,Organic Search,United States,SMB
CUST-102914,2024-01-12,outbound_sales,United States,Mid-Market
CUST-102915,2024-01-26,Paid Ads,Germany,SMB
CUST-102916,2024-12-08,Email Campaign,United Kingdom,SMB
CUST-102917,2024-02-22,Direct,Germany,Mid-Market
CUST-102918,2025-03-19,Email Campaign,United States,Mid-Market
CUST-102919,2025-08-02,Paid Ads,Netherlands,SMB
CUST-102920,2024-12-04,Referral,United Kingdom,Mid-Market
CUST-102921,2024-05-25,Email Campaign,United States,SMB
CUST-102922,2024-08-13,Organic Search,United States,Enterprise
CUST-102923,2025-08-05,Organic Search,India,Mid-Market
CUST-102924,2025-08-04,Paid Ads,Australia,SMB
CUST-102925,2024-02-08,Paid Ads,United Kingdom,SMB
CUST-102926,2024-06-18,Social Media,United Kingdom,SMB
CUST-102927,2024-12-16,Referral,Netherlands,Mid-Market
CUST-102928,2024-09-21,Referral,United Kingdom,Enterprise
CUST-102929,2025-10-08,Referral,United Kingdom,Mid-Market
CUST-102930,2025-08-26,Paid Ads,United States,SMB
CUST-102931,2024-08-19,Direct,United Kingdom,SMB
CUST-102932,2024-11-03,Paid Ads,Canada,SMB
CUST-102933,2024-11-03,Direct,United States,Mid-Market
CUST-102934,2024-08-12,Direct,United States,Enterprise
CUST-102935,2025-07-09,Paid Ads,United States,SMB
CUST-102936,2024-11-02,Organic Search,United States,SMB
CUST-102937,2024-03-08,Email Campaign,France,SMB
CUST-102938,2025-03-18,Organic Search,United Kingdom,SMB
CUST-102939,2024-05-01,Paid Ads,United Kingdom,Enterprise
CUST-102940,2025-02-09,Referral,United States,Mid-Market
CUST-102941,2025-09-17,Direct,United States,SMB
CUST-102942,2024-03-25,Organic Search,United States,Mid-Market
CUST-102943,2025-03-14,Paid Ads,United States,Enterprise
CUST-102944,2025-10-25,organic search,United States,SMB
CUST-102945,2024-10-25,outbound_sales,United States,Mid-Market
CUST-102946,2024-12-31,Referral,United States,SMB
CUST-102947,2024-04-12,Organic Search,Germany,Enterprise
CUST-102948,2024-07-15,Email Campaign,Australia,Mid-Market
CUST-102949,2024-09-30,Referral,Germany,SMB
CUST-102950,2024-10-18,Organic Search,United Kingdom,Mid-Market
CUST-102951,2025-06-11,organic search,Germany,Mid-Market
CUST-102952,2024-12-12,Referral,Germany,Mid-Market
CUST-102953,2025-06-05,Paid Ads,Germany,Mid-Market
CUST-102954,2024-08-28,Email Campaign,India,Mid-Market
CUST-102955,2025-04-17,Organic Search,United States,SMB
CUST-102956,2024-04-30,Organic Search,Netherlands,SMB
CUST-102957,2024-10-16,Email Campaign,Germany,SMB
CUST-102958,2025-03-21,Paid Ads,France,Mid-Market
CUST-102959,2025-08-24,Paid Ads,Canada,Mid-Market
CUST-102960,2025-01-07,organic search,United States,SMB
CUST-102961,2024-09-15,Paid Ads,India,SMB
CUST-102962,2024-11-27,Paid Ads,India,Mid-Market
CUST-102963,2025-11-05,Paid Ads,Australia,SMB
CUST-102964,2024-01-08,Direct,United States,SMB
CUST-102965,2024-12-08,Organic Search,Australia,SMB
CUST-102966,2024-10-11,Social Media,Canada,SMB
CUST-102967,2025-10-08,Paid Ads,United States,SMB
CUST-102968,2024-04-17,Paid Ads,India,SMB
CUST-102969,2024-12-06,Email Campaign,India,Mid-Market
CUST-102970,2025-02-04,Direct,Netherlands,SMB
CUST-102971,2025-03-21,Email Campaign,Canada,SMB
CUST-102972,2025-08-28,Referral,United Kingdom,Mid-Market
CUST-102973,2024-12-06,Organic Search,Germany,Enterprise
CUST-102974,2025-03-03,Social Media,Australia,SMB
CUST-102975,2024-11-18,Direct,United States,SMB
CUST-102976,2024-02-09,Direct,Germany,SMB
CUST-102977,2024-01-05,Referral,United States,Enterprise
CUST-102978,2025-02-10,Organic Search,United States,SMB
CUST-102979,2025-07-02,Direct,United Kingdom,SMB
CUST-102980,2025-10-17,Email Campaign,Canada,Mid-Market
CUST-102981,2025-08-17,Organic Search,Germany,SMB
CUST-102982,2024-08-28,Social Media,United States,Mid-Market
CUST-102983,2025-11-02,Organic Search,Germany,SMB
CUST-102984,2025-05-06,Organic Search,United States,Mid-Market
CUST-102985,2025-11-04,Paid Ads,United States,SMB
CUST-102986,2024-06-16,Paid Ads,Canada,SMB
CUST-102987,2025-07-15,Referral,United States,SMB
CUST-102988,2024-01-04,Social Media,United States,Mid-Market
CUST-102989,2024-10-03,outbound_sales,United States,SMB
CUST-102990,2025-07-01,Paid Ads,United States,Mid-Market
CUST-102991,2024-03-26,Paid Ads,United States,SMB
CUST-102992,2025-07-12,Social Media,Canada,Enterprise
CUST-102993,2024-03-29,outbound_sales,United States,SMB
CUST-102994,2025-07-01,Organic Search,Netherlands,Mid-Market
CUST-102995,2024-12-14,Direct,India,SMB
CUST-102996,2025-02-16,Organic Search,United States,SMB
CUST-102997,2024-03-09,outbound_sales,Canada,Mid-Market
CUST-102998,2025-05-21,Referral,United Kingdom,SMB
CUST-102999,2024-02-12,organic search,United States,SMB
CUST-103000,2025-11-11,Social Media,Germany,SMB
CUST-103001,2024-11-18,Direct,United States,Mid-Market
CUST-103002,2025-07-28,Email Campaign,Germany,SMB
CUST-103003,2025-07-18,email campaign,United States,SMB
CUST-103004,2025-10-15,Paid Ads,United States,Mid-Market
CUST-103005,2024-04-19,Organic Search,United States,Enterprise
CUST-103006,2024-09-21,Direct,Netherlands,SMB
CUST-103007,2024-03-17,outbound_sales,United States,SMB
CUST-103008,2025-02-20,Organic Search,Netherlands,SMB
CUST-103009,2024-05-20,Social Media,Germany,Mid-Market
CUST-103010,2024-04-07,outbound_sales,Canada,SMB
CUST-103011,2025-08-13,Organic Search,India,SMB
CUST-103012,2025-07-17,Email Campaign,Australia,SMB
CUST-103013,2025-08-14,Direct,United Kingdom,Enterprise
CUST-103014,2024-04-12,Direct,Canada,SMB
CUST-103015,2025-03-06,Organic Search,United States,Mid-Market
CUST-103016,2024-04-06,Social Media,Germany,SMB
CUST-103017,2025-04-25,Direct,United States,SMB
CUST-103018,2025-07-28,Direct,United States,SMB
CUST-103019,2025-08-05,Email Campaign,United States,Mid-Market
CUST-103020,2024-05-09,Organic Search,France,Mid-Market
CUST-103021,2025-02-21,Organic Search,United Kingdom,SMB
CUST-103022,2024-07-11,Paid Ads,United States,SMB
CUST-103023,2025-02-01,Organic Search,United Kingdom,SMB
CUST-103024,2025-08-27,Paid Ads,United Kingdom,SMB
CUST-103025,2024-05-07,email campaign,United States,SMB
CUST-103026,2024-04-27,Paid Ads,United States,SMB
CUST-103027,2024-07-07,Direct,Germany,Enterprise
CUST-103028,2024-02-11,Organic Search,United States,SMB
CUST-103029,2025-02-08,Organic Search,United States,Enterprise
CUST-103030,2025-10-29,Organic Search,United States,Mid-Market
CUST-103031,2024-12-15,Organic Search,United States,Mid-Market
CUST-103032,2025-01-12,Paid Ads,United States,Mid-Market
CUST-103033,2025-03-30,Referral,India,SMB
CUST-103034,2024-07-11,Direct,India,Mid-Market
CUST-103035,2024-10-07,Paid Ads,United States,SMB
CUST-103036,2024-03-02,Email Campaign,United Kingdom,SMB
CUST-103037,2024-10-21,organic search,United States,SMB
CUST-103038,2025-06-26,Organic Search,United Kingdom,SMB
CUST-103039,2024-07-24,Email Campaign,United States,SMB
CUST-103040,2024-06-13,Paid Ads,United Kingdom,SMB
CUST-103041,2025-10-22,Paid Ads,United States,Enterprise
CUST-103042,2024-05-28,Organic Search,Canada,SMB
CUST-103043,2024-10-05,Direct,United Kingdom,SMB
CUST-103044,2024-03-05,Referral,Australia,SMB
CUST-103045,2024-09-07,Email Campaign,Germany,SMB
CUST-103046,2025-06-26,social media,Germany,Enterprise
CUST-103047,2024-01-21,Paid Ads,Germany,SMB
CUST-103048,2024-01-02,Paid Ads,United States,Mid-Market
CUST-103049,2025-03-11,Paid Ads,India,SMB
CUST-103050,2025-11-16,Direct,Germany,SMB
CUST-103051,2025-04-28,Referral,Australia,SMB
CUST-103052,2024-12-31,Paid Ads,United States,SMB
CUST-103053,2025-07-29,Organic Search,United States,SMB
CUST-103054,2025-02-24,Direct,United States,SMB
CUST-103055,2024-03-15,Organic Search,Netherlands,SMB
CUST-103056,2024-08-14,Email Campaign,United States,SMB
CUST-103057,2025-08-24,Paid Ads,Netherlands,SMB
CUST-103058,2024-08-02,Organic Search,France,SMB
CUST-103059,2024-09-13,Email Campaign,United Kingdom,SMB
CUST-103060,2024-02-15,Paid Ads,United States,SMB
CUST-103061,2024-01-07,Social Media,United Kingdom,Enterprise
CUST-103062,2024-12-04,Organic Search,United Kingdom,SMB
CUST-103063,2024-01-01,Paid Ads,United States,SMB
CUST-103064,2024-06-17,organic search,United States,SMB
CUST-103065,2024-10-08,Organic Search,India,SMB
CUST-103066,2024-07-02,Organic Search,United States,SMB
CUST-103067,2025-11-08,Paid Ads,Germany,SMB
CUST-103068,2024-07-28,Paid Ads,Canada,Mid-Market
CUST-103069,2025-03-18,Organic Search,United States,Enterprise
CUST-103070,2024-01-08,Organic Search,United States,SMB
CUST-103071,2025-03-06,Organic Search,Canada,SMB
CUST-103072,2024-04-21,Paid Ads,Germany,SMB
CUST-103073,2025-07-22,Direct,United Kingdom,Enterprise
CUST-103074,2025-08-22,outbound_sales,Australia,SMB
CUST-103075,2025-06-29,Referral,United States,SMB
CUST-103076,2025-03-31,Paid Ads,United States,SMB
CUST-103077,2024-01-21,Organic Search,United States,Mid-Market
CUST-103078,2024-04-03,Direct,United States,Mid-Market
CUST-103079,2024-08-23,Email Campaign,United Kingdom,Mid-Market
CUST-103080,2025-02-08,Social Media,Germany,Mid-Market
CUST-103081,2025-06-14,Organic Search,Australia,Mid-Market
CUST-103082,2024-02-21,Paid Ads,Germany,Mid-Market
CUST-103083,2025-07-19,Organic Search,United Kingdom,SMB
CUST-103084,2025-07-16,Organic Search,United States,SMB
CUST-103085,2024-07-29,Organic Search,India,Mid-Market
CUST-103086,2024-05-31,Referral,United States,Mid-Market
CUST-103087,2024-11-25,Paid Ads,Germany,Enterprise
CUST-103088,2024-02-03,Email Campaign,Canada,Mid-Market
CUST-103089,2024-02-01,Organic Search,United States,Mid-Market
CUST-103090,2024-03-24,Organic Search,United States,Enterprise
CUST-103091,2025-07-05,Referral,United States,SMB
CUST-103092,2024-01-27,Email Campaign,Netherlands,SMB
CUST-103093,2025-05-31,Referral,Canada,SMB
CUST-103094,2024-05-31,Referral,United Kingdom,SMB
CUST-103095,2024-03-19,Organic Search,India,SMB
CUST-103096,2024-02-13,Paid Ads,United Kingdom,SMB
CUST-103097,2024-02-15,Referral,United States,SMB
CUST-103098,2024-12-19,Referral,United States,Mid-Market
CUST-103099,2024-06-02,Paid Ads,United Kingdom,SMB
CUST-103100,2024-10-02,Paid Ads,Netherlands,SMB
CUST-103101,2024-11-13,Direct,Canada,SMB
CUST-103102,2024-02-10,Referral,United States,SMB
CUST-103103,2025-09-20,referral,Germany,Mid-Market
CUST-103104,2025-10-01,Email Campaign,France,Mid-Market
CUST-103105,2024-05-08,Organic Search,United States,SMB
CUST-103106,2025-02-05,Paid Ads,United Kingdom,Mid-Market
CUST-103107,2024-01-06,Paid Ads,Canada,Enterprise
CUST-103108,2025-07-14,Social Media,United Kingdom,Enterprise
CUST-103109,2025-01-22,Email Campaign,United States,SMB
CUST-103110,2024-09-05,Organic Search,United States,Mid-Market
CUST-103111,2024-10-29,Email Campaign,United Kingdom,SMB
CUST-103112,2024-11-10,Paid Ads,United States,SMB
CUST-103113,2024-05-13,Paid Ads,Canada,SMB
CUST-103114,2024-11-13,outbound_sales,United States,SMB
CUST-103115,2025-02-03,Paid Ads,Netherlands,SMB
CUST-103116,2025-01-17,Email Campaign,India,SMB
CUST-103117,2024-08-22,Email Campaign,United States,SMB
CUST-103118,2024-07-15,Social Media,Australia,SMB
CUST-103119,2025-01-21,Paid Ads,India,Mid-Market
CUST-103120,2025-06-27,Paid Ads,Australia,Mid-Market
CUST-103121,2025-01-12,Organic Search,Germany,SMB
CUST-103122,2024-10-09,Paid Ads,Netherlands,SMB
CUST-103123,2024-03-04,Referral,United States,SMB
CUST-103124,2024-10-25,Organic Search,Australia,SMB
CUST-103125,2024-12-29,Organic Search,United Kingdom,SMB
CUST-103126,2024-05-05,Paid Ads,United States,SMB
CUST-103127,2024-04-06,Email Campaign,United Kingdom,SMB
CUST-103128,2024-05-06,Referral,Germany,SMB
CUST-103129,2025-10-08,Referral,United Kingdom,SMB
CUST-103130,2024-08-19,Organic Search,United States,SMB
CUST-103131,2024-03-26,Social Media,Germany,SMB
CUST-103132,2024-12-01,outbound_sales,United States,Enterprise
CUST-103133,2025-07-19,Email Campaign,United Kingdom,SMB
CUST-103134,2024-08-01,Direct,Netherlands,SMB
CUST-103135,2025-02-28,Organic Search,United States,SMB
CUST-103136,2024-09-07,Email Campaign,United States,SMB
CUST-103137,2024-10-17,Direct,Germany,Enterprise
CUST-103138,2024-01-04,Direct,Germany,SMB
CUST-103139,2024-12-20,Organic Search,United States,SMB
CUST-103140,2024-05-06,Direct,Germany,SMB
CUST-103141,2024-10-26,Organic Search,United States,SMB
CUST-103142,2025-08-23,Organic Search,Netherlands,SMB
CUST-103143,2024-06-10,Social Media,Germany,SMB
CUST-103144,2025-04-07,Paid Ads,United States,SMB
CUST-103145,2024-02-07,Email Campaign,India,SMB
CUST-103146,2025-02-21,social media,United States,SMB
CUST-103147,2024-12-11,Organic Search,France,SMB
CUST-103148,2024-02-17,Paid Ads,United States,Mid-Market
CUST-103149,2024-01-19,Social Media,France,Mid-Market
CUST-103150,2024-07-27,Paid Ads,United States,SMB
CUST-103151,2024-01-28,Paid Ads,Germany,SMB
CUST-103152,2024-08-05,Organic Search,United States,SMB
CUST-103153,2024-12-30,Organic Search,United Kingdom,SMB
CUST-103154,2024-04-21,Paid Ads,India,SMB
CUST-103155,2024-05-26,Referral,Netherlands,Mid-Market
CUST-103156,2024-02-11,Organic Search,United States,SMB
CUST-103157,2025-04-03,Email Campaign,United States,SMB
CUST-103158,2025-07-17,Email Campaign,United Kingdom,SMB
CUST-103159,2025-10-22,Paid Ads,Canada,SMB
CUST-103160,2025-04-07,Email Campaign,United States,Mid-Market
CUST-103161,2025-08-01,Referral,United States,SMB
CUST-103162,2024-01-17,Email Campaign,United Kingdom,SMB
CUST-103163,2025-02-16,Email Campaign,Canada,SMB
CUST-103164,2025-10-01,Referral,United States,Mid-Market
CUST-103165,2025-07-19,Referral,Canada,Mid-Market
CUST-103166,2025-04-12,Organic Search,United Kingdom,SMB
CUST-103167,2025-08-16,Paid Ads,France,SMB
CUST-103168,2024-04-15,Paid Ads,Canada,Mid-Market
CUST-103169,2024-07-18,Social Media,Australia,SMB
CUST-103170,2024-08-16,Paid Ads,United States,Enterprise
CUST-103171,2025-07-27,outbound_sales,United States,SMB
CUST-103172,2025-07-25,Paid Ads,United States,SMB
CUST-103173,2024-02-01,Referral,United States,SMB
CUST-103174,2024-08-21,Paid Ads,United States,Mid-Market
CUST-103175,2025-01-05,Referral,Australia,SMB
CUST-103176,2025-07-28,Email Campaign,India,Enterprise
CUST-103177,2024-12-18,outbound_sales,Australia,SMB
CUST-103178,2025-08-02,Referral,United States,SMB
CUST-103179,2024-05-30,Paid Ads,Canada,SMB
CUST-103180,2025-11-07,Paid Ads,Canada,SMB
CUST-103181,2025-02-20,Referral,France,SMB
CUST-103182,2025-03-12,Organic Search,India,Mid-Market
CUST-103183,2025-06-25,Paid Ads,United States,Enterprise
CUST-103184,2024-07-15,Email Campaign,United States,SMB
CUST-103185,2024-11-14,Direct,United States,Mid-Market
CUST-103186,2024-06-17,Paid Ads,United States,SMB
CUST-103187,2025-03-20,Referral,Australia,SMB
CUST-103188,2024-04-29,Direct,Canada,SMB
CUST-103189,2025-11-15,Organic Search,Germany,Mid-Market
CUST-103190,2024-01-27,Organic Search,United States,SMB
CUST-103191,2024-10-12,Organic Search,Germany,SMB
CUST-103192,2024-02-25,Paid Ads,Canada,Mid-Market
CUST-103193,2025-08-19,Social Media,Germany,SMB
CUST-103194,2025-01-12,Organic Search,United States,SMB
CUST-103195,2025-03-29,Referral,United States,SMB
CUST-103196,2024-05-23,Email Campaign,Canada,SMB
CUST-103197,2024-05-20,Paid Ads,United Kingdom,SMB
CUST-103198,2025-10-02,Direct,France,Enterprise
CUST-103199,2025-08-01,Email Campaign,Germany,Mid-Market
CUST-103200,2025-02-10,Social Media,Germany,SMB
CUST-103201,2024-07-22,Organic Search,United States,Enterprise
CUST-103202,2024-11-17,Paid Ads,France,SMB
CUST-103203,2025-02-14,organic search,United Kingdom,SMB
CUST-103204,2024-06-17,Referral,United States,SMB
CUST-103205,2024-08-12,Email Campaign,United States,SMB
CUST-103206,2024-05-15,Paid Ads,United Kingdom,Enterprise
CUST-103207,2024-07-13,Organic Search,United States,Mid-Market
CUST-103208,2024-09-27,Referral,Canada,SMB
CUST-103209,2024-02-18,Organic Search,United States,SMB
CUST-103210,2024-04-06,Paid Ads,United States,SMB
CUST-103211,2025-11-29,Paid Ads,United States,SMB
CUST-103212,2024-05-25,Social Media,Canada,SMB
CUST-103213,2024-07-10,Organic Search,India,SMB
CUST-103214,2025-08-26,Referral,United States,SMB
CUST-103215,2025-03-05,Organic Search,United Kingdom,Mid-Market
CUST-103216,2025-09-13,Paid Ads,Canada,Mid-Market
CUST-103217,2025-07-06,Organic Search,United States,SMB
CUST-103218,2024-11-22,Paid Ads,United States,SMB
CUST-103219,2024-01-24,Paid Ads,Canada,SMB
CUST-103220,2025-02-16,Email Campaign,Netherlands,SMB
CUST-103221,2025-02-16,Direct,United Kingdom,Enterprise
CUST-103222,2024-05-30,Direct,United States,Mid-Market
CUST-103223,2024-05-27,Organic Search,India,SMB
CUST-103224,2024-12-01,Referral,United States,SMB
CUST-103225,2025-01-09,Organic Search,United States,Enterprise
CUST-103226,2024-09-28,Paid Ads,United States,SMB
CUST-103227,2024-06-27,Organic Search,United Kingdom,SMB
CUST-103228,2025-04-12,Email Campaign,France,SMB
CUST-103229,2025-11-29,Paid Ads,United Kingdom,SMB
CUST-103230,2025-07-13,Direct,France,SMB
CUST-103231,2024-12-04,Email Campaign,France,Mid-Market
CUST-103232,2025-07-09,Paid Ads,Canada,Mid-Market
CUST-103233,2024-10-25,Referral,United States,SMB
CUST-103234,2025-09-16,Paid Ads,Germany,SMB
CUST-103235,2025-04-07,Referral,United Kingdom,Enterprise
CUST-103236,2024-02-06,Email Campaign,United Kingdom,SMB
CUST-103237,2025-07-11,Paid Ads,United States,SMB
CUST-103238,2025-11-03,Organic Search,France,SMB
CUST-103239,2024-03-20,outbound_sales,United States,SMB
CUST-103240,2025-05-21,Referral,United Kingdom,SMB
CUST-103241,2025-08-11,Social Media,United Kingdom,Mid-Market
CUST-103242,2024-05-12,Paid Ads,United Kingdom,SMB
CUST-103243,2025-10-20,Referral,Germany,SMB
CUST-103244,2025-11-29,Referral,United States,SMB
CUST-103245,2024-01-31,Referral,India,Mid-Market
CUST-103246,2025-09-26,Paid Ads,United Kingdom,SMB
CUST-103247,2024-06-20,Paid Ads,United Kingdom,Mid-Market
CUST-103248,2025-01-18,Paid Ads,United States,SMB
CUST-103249,2025-02-07,Organic Search,United States,Mid-Market
CUST-103250,2025-10-15,Organic Search,France,Mid-Market
CUST-103251,2024-10-02,Email Campaign,India,SMB
CUST-103252,2025-07-13,outbound_sales,France,Enterprise
CUST-103253,2024-06-17,Paid Ads,Germany,Enterprise
CUST-103254,2024-12-11,Email Campaign,France,SMB
CUST-103255,2025-02-02,Organic Search,United Kingdom,SMB
CUST-103256,2024-08-15,Paid Ads,Germany,Mid-Market
CUST-103257,2025-05-31,organic search,Canada,SMB
CUST-103258,2025-10-23,Paid Ads,United States,SMB
CUST-103259,2024-11-28,Organic Search,United States,SMB
CUST-103260,2024-09-24,Organic Search,United States,SMB
CUST-103261,2025-11-22,Direct,India,SMB
CUST-103262,2025-05-07,Referral,United States,SMB
CUST-103263,2024-12-07,Referral,United States,SMB
CUST-103264,2024-08-03,Paid Ads,United States,SMB
CUST-103265,2024-12-01,Organic Search,United States,SMB
CUST-103266,2024-08-07,Direct,United Kingdom,Mid-Market
CUST-103267,2024-08-31,email campaign,United Kingdom,SMB
CUST-103268,2025-09-27,Paid Ads,India,Mid-Market
CUST-103269,2024-04-21,Paid Ads,Canada,SMB
CUST-103270,2024-06-30,Paid Ads,Germany,Enterprise
CUST-103271,2025-08-28,Paid Ads,United Kingdom,SMB
CUST-103272,2025-05-04,Organic Search,United States,SMB
CUST-103273,2025-07-25,Direct,United States,SMB
CUST-103274,2024-12-04,Referral,Australia,Mid-Market
CUST-103275,2024-11-28,Direct,Germany,SMB
CUST-103276,2025-07-05,Paid Ads,United States,SMB
CUST-103277,2024-12-11,Paid Ads,Netherlands,Mid-Market
CUST-103278,2025-10-09,Paid Ads,Germany,Enterprise
CUST-103279,2024-11-20,Email Campaign,India,SMB
CUST-103280,2024-11-07,Social Media,Australia,Enterprise
CUST-103281,2025-03-14,outbound_sales,United States,Enterprise
CUST-103282,2024-02-10,Organic Search,India,SMB
CUST-103283,2025-10-24,Direct,United States,SMB
CUST-103284,2024-04-28,email campaign,India,SMB
CUST-103285,2024-12-14,Paid Ads,United Kingdom,SMB
CUST-103286,2024-07-05,Email Campaign,United States,SMB
CUST-103287,2025-09-23,Paid Ads,Germany,Enterprise
CUST-103288,2025-05-26,outbound_sales,Germany,Enterprise
CUST-103289,2025-10-14,Email Campaign,Canada,SMB
CUST-103290,2024-01-07,Organic Search,India,Enterprise
CUST-103291,2025-01-12,Paid Ads,France,SMB
CUST-103292,2024-06-26,Email Campaign,India,SMB
CUST-103293,2024-03-05,Organic Search,Germany,Mid-Market
CUST-103294,2025-10-03,paid ads,United States,SMB
CUST-103295,2024-04-02,Paid Ads,United States,SMB
CUST-103296,2025-07-20,Paid Ads,United States,SMB
CUST-103297,2025-06-15,Email Campaign,Germany,SMB
CUST-103298,2024-12-24,Paid Ads,United States,Mid-Market
CUST-103299,2025-10-04,Paid Ads,United States,SMB
CUST-103300,2024-02-03,Paid Ads,Germany,SMB
CUST-103301,2025-11-16,Email Campaign,United States,Mid-Market
CUST-103302,2024-04-14,Paid Ads,United Kingdom,SMB
CUST-103303,2024-05-03,Referral,United States,SMB
CUST-103304,2025-03-29,Email Campaign,Canada,Enterprise
CUST-103305,2024-07-09,Social Media,France,SMB
CUST-103306,2025-08-13,Social Media,Australia,SMB
CUST-103307,2024-06-24,Social Media,Canada,Mid-Market
CUST-103308,2025-08-22,Organic Search,United States,SMB
CUST-103309,2024-06-19,Paid Ads,United States,Enterprise
CUST-103310,2025-07-07,Organic Search,United Kingdom,SMB
CUST-103311,2025-05-15,Email Campaign,United Kingdom,Mid-Market
CUST-103312,2024-06-14,Direct,United States,Enterprise
CUST-103313,2024-09-24,Direct,United Kingdom,Enterprise
CUST-103314,2024-04-29,Organic Search,United Kingdom,Mid-Market
CUST-103315,2025-03-25,Organic Search,United Kingdom,SMB
CUST-103316,2024-12-05,Organic Search,Australia,SMB
CUST-103317,2025-05-24,Email Campaign,United States,Mid-Market
CUST-103318,2024-05-21,Referral,United Kingdom,Enterprise
CUST-103319,2024-06-01,Organic Search,Germany,Enterprise
CUST-103320,2025-01-08,Paid Ads,India,Mid-Market
CUST-103321,2024-06-26,Organic Search,United States,Mid-Market
CUST-103322,2025-04-21,Paid Ads,United Kingdom,SMB
CUST-103323,2024-08-03,Email Campaign,Canada,Mid-Market
CUST-103324,2024-12-31,Organic Search,Germany,SMB
CUST-103325,2024-02-11,Organic Search,United States,SMB
CUST-103326,2025-10-22,Organic Search,United Kingdom,Mid-Market
CUST-103327,2025-04-16,Organic Search,India,SMB
CUST-103328,2025-08-07,Direct,India,SMB
CUST-103329,2025-08-14,Organic Search,France,Enterprise
CUST-103330,2025-11-10,Organic Search,United States,SMB
CUST-103331,2025-06-07,organic search,Germany,SMB
CUST-103332,2025-03-01,outbound_sales,United States,Mid-Market
CUST-103333,2025-09-15,outbound_sales,United States,SMB
CUST-103334,2024-06-04,Organic Search,United States,Mid-Market
CUST-103335,2025-04-16,Paid Ads,Canada,SMB
CUST-103336,2025-11-20,Organic Search,United States,SMB
CUST-103337,2024-07-04,Organic Search,Germany,SMB
CUST-103338,2024-12-17,Referral,France,Mid-Market
CUST-103339,2024-07-21,Social Media,Canada,SMB
CUST-103340,2024-07-16,Paid Ads,United States,SMB
CUST-103341,2025-04-11,Referral,Germany,SMB
CUST-103342,2024-06-02,Email Campaign,United States,SMB
CUST-103343,2025-07-25,Email Campaign,Germany,SMB
CUST-103344,2024-01-09,Referral,United States,SMB
CUST-103345,2025-01-19,Organic Search,India,SMB
CUST-103346,2025-01-10,outbound_sales,United States,SMB
CUST-103347,2025-11-01,Organic Search,France,Mid-Market
CUST-103348,2024-12-19,organic search,Germany,SMB
CUST-103349,2024-04-09,Organic Search,United Kingdom,SMB
CUST-103350,2025-01-02,Referral,United Kingdom,SMB
CUST-103351,2024-05-13,Organic Search,United States,Enterprise
CUST-103352,2024-06-08,Organic Search,Netherlands,Enterprise
CUST-103353,2025-01-05,Referral,United Kingdom,SMB
CUST-103354,2024-06-19,Referral,United States,Mid-Market
CUST-103355,2025-03-17,Paid Ads,Germany,SMB
CUST-103356,2024-10-15,Referral,France,SMB
CUST-103357,2024-06-11,Direct,Germany,SMB
CUST-103358,2024-10-19,Organic Search,United States,SMB
CUST-103359,2025-02-19,Social Media,United Kingdom,Mid-Market
CUST-103360,2025-03-09,Direct,United States,SMB
CUST-103361,2025-11-24,Email Campaign,United States,SMB
CUST-103362,2024-09-09,Paid Ads,India,SMB
CUST-103363,2025-04-17,Paid Ads,United States,SMB
CUST-103364,2025-06-10,Organic Search,United States,Mid-Market
CUST-103365,2025-02-26,Referral,United States,SMB
CUST-103366,2024-04-02,paid ads,United Kingdom,SMB
CUST-103367,2024-04-09,Direct,Germany,SMB
CUST-103368,2024-02-01,Direct,United States,SMB
CUST-103369,2024-03-27,Organic Search,United States,SMB
CUST-103370,2025-04-18,Email Campaign,United States,Enterprise
CUST-103371,2024-10-21,Paid Ads,United Kingdom,SMB
CUST-103372,2025-02-14,Organic Search,Canada,SMB
CUST-103373,2024-07-05,Paid Ads,India,Mid-Market
CUST-103374,2025-03-15,Referral,United Kingdom,SMB
CUST-103375,2024-12-07,Organic Search,Germany,Mid-Market
CUST-103376,2025-02-16,Organic Search,India,Enterprise
CUST-103377,2025-03-23,Direct,United Kingdom,SMB
CUST-103378,2024-03-06,Paid Ads,India,Mid-Market
CUST-103379,2024-02-02,Organic Search,United States,SMB
CUST-103380,2024-12-04,Referral,United States,SMB
CUST-103381,2025-04-02,Referral,Germany,SMB
CUST-103382,2024-01-21,Email Campaign,United States,SMB
CUST-103383,2025-07-19,Organic Search,Canada,Mid-Market
CUST-103384,2025-10-08,Email Campaign,United Kingdom,SMB
CUST-103385,2024-03-08,Paid Ads,United States,SMB
CUST-103386,2024-02-08,Direct,United States,Mid-Market
CUST-103387,2025-02-08,Email Campaign,United Kingdom,SMB
CUST-103388,2024-03-07,Organic Search,Germany,Mid-Market
CUST-103389,2025-01-26,Referral,Canada,SMB
CUST-103390,2024-04-11,Organic Search,United Kingdom,Enterprise
CUST-103391,2025-08-07,Paid Ads,United States,SMB
CUST-103392,2024-07-06,Organic Search,Germany,SMB
CUST-103393,2024-10-23,Referral,Australia,Enterprise
CUST-103394,2024-01-16,Organic Search,India,SMB
CUST-103395,2025-11-07,Organic Search,United States,SMB
CUST-103396,2025-07-07,Direct,United States,SMB
CUST-103397,2025-11-07,Referral,United States,Mid-Market
CUST-103398,2024-04-07,Direct,Australia,SMB
CUST-103399,2024-03-26,Organic Search,Germany,Mid-Market
CUST-103400,2025-09-01,Paid Ads,Netherlands,SMB
CUST-103401,2024-04-24,Organic Search,United Kingdom,SMB
CUST-103402,2025-05-30,Referral,Netherlands,Enterprise
CUST-103403,2024-03-13,outbound_sales,France,Mid-Market
CUST-103404,2024-05-21,Organic Search,United States,Enterprise
CUST-103405,2025-06-18,Paid Ads,France,SMB
CUST-103406,2025-06-03,Paid Ads,France,SMB
CUST-103407,2024-01-27,Paid Ads,United States,SMB
CUST-103408,2024-04-05,Direct,United States,SMB
CUST-103409,2024-11-02,Referral,United States,SMB
CUST-103410,2024-06-10,Paid Ads,United Kingdom,Mid-Market
CUST-103411,2024-06-18,Referral,United Kingdom,Enterprise
CUST-103412,2025-02-05,Referral,Netherlands,Enterprise
CUST-103413,2025-10-12,Organic Search,United States,SMB
CUST-103414,2024-09-21,Social Media,United States,SMB
CUST-103415,2025-03-13,Organic Search,Australia,SMB
CUST-103416,2024-10-17,Referral,India,SMB
CUST-103417,2025-01-21,Paid Ads,Canada,SMB
CUST-103418,2025-11-05,Referral,United States,SMB
CUST-103419,2025-09-11,Social Media,Canada,SMB
CUST-103420,2025-01-27,Referral,Canada,Enterprise
CUST-103421,2024-09-29,paid ads,United States,SMB
CUST-103422,2025-07-28,Paid Ads,United States,SMB
CUST-103423,2025-08-16,Email Campaign,India,SMB
CUST-103424,2024-05-08,Organic Search,Netherlands,Enterprise
CUST-103425,2024-09-29,Referral,United Kingdom,SMB
CUST-103426,2025-03-22,Organic Search,United States,SMB
CUST-103427,2025-06-23,Paid Ads,United Kingdom,SMB
CUST-103428,2024-03-05,Organic Search,United States,Enterprise
CUST-103429,2024-09-11,Paid Ads,Canada,SMB
CUST-103430,2024-07-28,Email Campaign,United States,SMB
CUST-103431,2024-01-01,Paid Ads,Netherlands,SMB
CUST-103432,2025-07-23,Paid Ads,United States,Mid-Market
CUST-103433,2024-06-18,Paid Ads,France,Mid-Market
CUST-103434,2024-09-25,organic search,United States,SMB
CUST-103435,2024-07-16,Email Campaign,United States,Mid-Market
CUST-103436,2024-03-05,Paid Ads,Canada,Mid-Market
CUST-103437,2024-03-07,Email Campaign,United States,SMB
CUST-103438,2025-07-13,Referral,United Kingdom,Enterprise
CUST-103439,2025-02-14,Paid Ads,United Kingdom,SMB
CUST-103440,2024-10-04,Paid Ads,India,SMB
CUST-103441,2024-11-30,Referral,Australia,SMB
CUST-103442,2025-07-13,Paid Ads,Germany,SMB
CUST-103443,2025-08-18,Paid Ads,Germany,SMB
CUST-103444,2025-01-25,Referral,Germany,Mid-Market
CUST-103445,2025-08-25,Paid Ads,United States,Mid-Market
CUST-103446,2025-09-20,Organic Search,Germany,SMB
CUST-103447,2025-05-04,outbound_sales,United States,Enterprise
CUST-103448,2024-02-15,Paid Ads,United States,SMB
CUST-103449,2024-03-04,Organic Search,Germany,Mid-Market
CUST-103450,2025-02-08,Organic Search,United States,SMB
CUST-103451,2024-05-08,Organic Search,United Kingdom,SMB
CUST-103452,2025-01-23,Paid Ads,United States,SMB
CUST-103453,2024-11-04,Direct,United States,Enterprise
CUST-103454,2024-02-18,Paid Ads,United States,SMB
CUST-103455,2025-07-24,Referral,United Kingdom,SMB
CUST-103456,2025-03-22,Paid Ads,United States,Mid-Market
CUST-103457,2025-03-09,Direct,United Kingdom,SMB
CUST-103458,2024-01-30,Referral,Canada,SMB
CUST-103459,2024-08-14,Organic Search,United Kingdom,SMB
CUST-103460,2024-09-05,Direct,United States,Mid-Market
CUST-103461,2024-05-13,Direct,United States,SMB
CUST-103462,2024-02-25,Organic Search,Germany,SMB
CUST-103463,2024-02-24,Organic Search,France,SMB
CUST-103464,2024-05-01,Organic Search,United States,Enterprise
CUST-103465,2025-03-14,outbound_sales,United Kingdom,Mid-Market
CUST-103466,2024-05-17,Email Campaign,Germany,SMB
CUST-103467,2024-06-30,Paid Ads,Netherlands,SMB
CUST-103468,2025-05-30,Direct,United States,Mid-Market
CUST-103469,2024-03-02,Organic Search,Australia,SMB
CUST-103470,2025-08-25,Paid Ads,United States,Mid-Market
CUST-103471,2024-05-10,Organic Search,United States,SMB
CUST-103472,2025-01-01,Paid Ads,Canada,SMB
CUST-103473,2025-04-01,Organic Search,Canada,Mid-Market
CUST-103474,2025-10-15,Direct,United States,Mid-Market
CUST-103475,2024-02-24,Organic Search,United States,Mid-Market
CUST-103476,2024-12-16,Organic Search,United States,SMB
CUST-103477,2025-06-29,Organic Search,United Kingdom,Enterprise
CUST-103478,2025-01-12,outbound_sales,France,SMB
CUST-103479,2025-11-18,Referral,Canada,SMB
CUST-103480,2025-01-05,email campaign,Netherlands,SMB
CUST-103481,2025-03-15,Paid Ads,Germany,SMB
CUST-103482,2024-05-29,Direct,India,SMB
CUST-103483,2024-07-17,Organic Search,Canada,SMB
CUST-103484,2025-09-21,Email Campaign,Canada,SMB
CUST-103485,2024-03-27,Paid Ads,Australia,SMB
CUST-103486,2025-11-11,Paid Ads,Germany,Mid-Market
CUST-103487,2024-02-01,Organic Search,India,SMB
CUST-103488,2024-03-15,Direct,United States,SMB
CUST-103489,2024-03-09,Referral,United States,SMB
CUST-103490,2024-12-02,Email Campaign,United States,SMB
CUST-103491,2024-08-23,Paid Ads,United Kingdom,Mid-Market
CUST-103492,2024-08-22,paid ads,United States,SMB
CUST-103493,2025-10-11,Email Campaign,United Kingdom,Mid-Market
CUST-103494,2025-04-30,Paid Ads,United Kingdom,SMB
CUST-103495,2024-06-25,Paid Ads,United States,Mid-Market
CUST-103496,2024-09-25,Paid Ads,India,SMB
CUST-103497,2025-01-05,Email Campaign,United Kingdom,SMB
CUST-103498,2025-07-19,Organic Search,Germany,Mid-Market
CUST-103499,2025-11-16,Paid Ads,Germany,SMB
CUST-103500,2025-05-29,Paid Ads,United States,SMB
CUST-103501,2025-09-29,Referral,United Kingdom,SMB
CUST-103502,2024-06-07,Direct,Canada,SMB
CUST-103503,2024-11-18,Paid Ads,Canada,Mid-Market
CUST-103504,2025-04-05,Email Campaign,United States,SMB
CUST-103505,2025-09-04,Referral,Netherlands,Mid-Market
CUST-103506,2024-05-15,Social Media,India,SMB
CUST-103507,2024-06-15,Paid Ads,United States,Mid-Market
CUST-103508,2024-04-25,outbound_sales,Germany,SMB
CUST-103509,2024-06-09,Social Media,United Kingdom,Enterprise
CUST-103510,2025-06-11,Social Media,Canada,SMB
CUST-103511,2024-05-29,Organic Search,India,SMB
CUST-103512,2024-01-03,Organic Search,Germany,SMB
CUST-103513,2024-04-27,Organic Search,United States,Mid-Market
CUST-103514,2025-07-25,Social Media,Germany,Mid-Market
CUST-103515,2025-07-14,Organic Search,United States,SMB
CUST-103516,2024-10-22,Organic Search,Canada,Mid-Market
CUST-103517,2024-11-22,Referral,Germany,SMB
CUST-103518,2024-02-18,Email Campaign,United States,Mid-Market
CUST-103519,2025-07-17,Referral,United States,SMB
CUST-103520,2025-08-25,paid ads,Germany,SMB
CUST-103521,2024-01-18,paid ads,Canada,Enterprise
CUST-103522,2024-10-12,Social Media,France,SMB
CUST-103523,2024-03-17,Paid Ads,Australia,SMB
CUST-103524,2025-11-15,Paid Ads,United States,SMB
CUST-103525,2025-02-06,Social Media,United States,SMB
CUST-103526,2024-08-18,outbound_sales,United States,SMB
CUST-103527,2025-02-12,Referral,France,SMB
CUST-103528,2025-04-25,Organic Search,Germany,SMB
CUST-103529,2024-07-18,Paid Ads,United Kingdom,SMB
CUST-103530,2025-07-01,Email Campaign,United Kingdom,SMB
CUST-103531,2025-04-15,Email Campaign,United Kingdom,SMB
CUST-103532,2025-06-16,Direct,United Kingdom,SMB
CUST-103533,2025-11-07,referral,Canada,SMB
CUST-103534,2025-08-28,Paid Ads,United States,Mid-Market
CUST-103535,2025-01-21,Organic Search,Germany,SMB
CUST-103536,2024-05-15,Paid Ads,Canada,Enterprise
CUST-103537,2025-10-08,Paid Ads,United Kingdom,Mid-Market
CUST-103538,2024-11-05,outbound_sales,United Kingdom,SMB
CUST-103539,2025-08-08,Paid Ads,United States,SMB
CUST-103540,2024-12-09,Paid Ads,Netherlands,SMB
CUST-103541,2024-10-24,Email Campaign,Germany,SMB
CUST-103542,2025-09-08,Organic Search,United States,SMB
CUST-103543,2025-10-22,Referral,United States,SMB
CUST-103544,2024-05-21,Paid Ads,United States,SMB
CUST-103545,2024-12-08,Paid Ads,United States,SMB
CUST-103546,2024-09-27,Email Campaign,United States,Enterprise
CUST-103547,2025-07-20,Paid Ads,United States,SMB
CUST-103548,2024-11-22,Paid Ads,United Kingdom,SMB
CUST-103549,2024-05-09,Direct,United States,Mid-Market
CUST-103550,2024-01-19,Social Media,United States,SMB
CUST-103551,2024-12-16,Paid Ads,France,SMB
CUST-103552,2024-05-19,Paid Ads,India,Enterprise
CUST-103553,2025-07-27,Referral,Australia,Mid-Market
CUST-103554,2024-02-29,Organic Search,United Kingdom,Enterprise
CUST-103555,2024-07-06,Organic Search,United States,SMB
CUST-103556,2025-03-05,Organic Search,France,SMB
CUST-103557,2025-01-17,Organic Search,United States,Mid-Market
CUST-103558,2025-10-18,Email Campaign,France,SMB
CUST-103559,2024-01-02,Referral,India,Mid-Market
CUST-103560,2025-11-03,Organic Search,United States,SMB
CUST-103561,2025-01-06,Organic Search,India,Mid-Market
CUST-103562,2025-08-06,Organic Search,United States,SMB
CUST-103563,2025-08-30,Paid Ads,United States,Enterprise
CUST-103564,2025-10-31,Organic Search,United Kingdom,Mid-Market
CUST-103565,2024-12-01,Email Campaign,United States,SMB
CUST-103566,2025-06-18,Paid Ads,Germany,SMB
CUST-103567,2025-02-26,Paid Ads,Germany,SMB
CUST-103568,2024-04-28,Paid Ads,Canada,Enterprise
CUST-103569,2025-06-11,Social Media,Netherlands,SMB
CUST-103570,2025-07-05,Organic Search,Australia,Mid-Market
CUST-103571,2024-09-21,Paid Ads,United States,Mid-Market
CUST-103572,2025-02-16,Organic Search,United States,SMB
CUST-103573,2025-01-03,Paid Ads,United Kingdom,Mid-Market
CUST-103574,2024-06-04,Paid Ads,United States,Mid-Market
CUST-103575,2025-03-21,Organic Search,United Kingdom,SMB
CUST-103576,2024-09-14,Direct,France,SMB
CUST-103577,2024-06-30,Paid Ads,United States,Enterprise
CUST-103578,2025-10-07,outbound_sales,United States,Enterprise
CUST-103579,2024-12-04,Paid Ads,United Kingdom,SMB
CUST-103580,2024-02-21,Paid Ads,United Kingdom,SMB
CUST-103581,2025-02-10,organic search,United Kingdom,Mid-Market
CUST-103582,2024-02-04,Referral,United States,Mid-Market
CUST-103583,2025-05-20,Referral,United States,SMB
CUST-103584,2024-04-14,Direct,United States,SMB
CUST-103585,2025-06-03,social media,United States,Enterprise
CUST-103586,2024-12-02,Direct,Canada,SMB
CUST-103587,2024-06-30,Organic Search,United States,Mid-Market
CUST-103588,2024-08-27,Paid Ads,Australia,SMB
CUST-103589,2025-11-29,Organic Search,United States,SMB
CUST-103590,2025-03-24,Social Media,Canada,Enterprise
CUST-103591,2024-03-01,Organic Search,India,Mid-Market
CUST-103592,2024-02-21,Organic Search,United States,SMB
CUST-103593,2024-07-06,Social Media,United States,Mid-Market
CUST-103594,2025-08-25,paid ads,Germany,SMB
CUST-103595,2024-10-16,Organic Search,India,SMB
CUST-103596,2024-07-14,Direct,United Kingdom,SMB
CUST-103597,2025-08-27,Referral,Germany,Enterprise
CUST-103598,2024-03-08,Organic Search,Netherlands,SMB
CUST-103599,2024-08-09,outbound_sales,Canada,SMB
CUST-103600,2025-08-15,organic search,United States,SMB
CUST-103601,2024-08-07,Paid Ads,United Kingdom,Mid-Market
CUST-103602,2024-03-06,Organic Search,United States,SMB
CUST-103603,2024-08-14,outbound_sales,United States,SMB
CUST-103604,2025-07-12,Paid Ads,Canada,SMB
CUST-103605,2025-08-03,paid ads,United States,SMB
CUST-103606,2025-02-21,outbound_sales,United Kingdom,SMB
CUST-103607,2025-02-11,Referral,France,Enterprise
CUST-103608,2024-03-16,Referral,Canada,SMB
CUST-103609,2024-09-04,outbound_sales,United Kingdom,Mid-Market
CUST-103610,2024-08-11,Referral,United Kingdom,SMB
CUST-103611,2025-01-18,Direct,United States,SMB
CUST-103612,2024-06-09,Paid Ads,United States,SMB
CUST-103613,2024-01-12,Organic Search,United States,SMB
CUST-103614,2025-02-04,Organic Search,United States,SMB
CUST-103615,2024-03-03,Referral,Germany,SMB
CUST-103616,2024-08-12,Email Campaign,United States,Mid-Market
CUST-103617,2024-02-02,Referral,Germany,Mid-Market
CUST-103618,2024-02-17,Paid Ads,United States,Mid-Market
CUST-103619,2025-02-27,Paid Ads,United States,SMB
CUST-103620,2024-03-31,Paid Ads,United Kingdom,Mid-Market
CUST-103621,2024-01-07,Paid Ads,Germany,Enterprise
CUST-103622,2025-04-12,Paid Ads,Australia,SMB
CUST-103623,2025-07-10,Paid Ads,India,Mid-Market
CUST-103624,2025-08-30,Email Campaign,Canada,SMB
CUST-103625,2024-08-24,Social Media,United States,Mid-Market
CUST-103626,2024-01-09,Direct,United States,SMB
CUST-103627,2024-03-20,Paid Ads,Netherlands,Mid-Market
CUST-103628,2024-05-09,Organic Search,United Kingdom,SMB
CUST-103629,2024-06-14,Organic Search,Canada,SMB
CUST-103630,2024-06-21,Organic Search,India,Mid-Market
CUST-103631,2024-12-27,Social Media,United Kingdom,SMB
CUST-103632,2025-05-15,Email Campaign,Germany,SMB
CUST-103633,2024-04-24,Paid Ads,United States,SMB
CUST-103634,2024-03-24,Email Campaign,Australia,SMB
CUST-103635,2025-04-26,Organic Search,Germany,SMB
CUST-103636,2024-02-21,Email Campaign,Canada,Enterprise
CUST-103637,2025-09-10,Direct,United States,Enterprise
CUST-103638,2024-06-07,Paid Ads,Germany,Mid-Market
CUST-103639,2024-10-09,Paid Ads,Australia,Mid-Market
CUST-103640,2025-06-10,organic search,Canada,SMB
CUST-103641,2024-06-30,Referral,Germany,SMB
CUST-103642,2024-08-22,Organic Search,France,SMB
CUST-103643,2024-10-12,Paid Ads,United States,SMB
CUST-103644,2025-06-21,Email Campaign,United States,Enterprise
CUST-103645,2025-08-14,Referral,United States,SMB
CUST-103646,2025-10-04,Email Campaign,United States,SMB
CUST-103647,2024-10-10,Social Media,Germany,SMB
CUST-103648,2025-03-25,Paid Ads,India,SMB
CUST-103649,2024-09-06,Paid Ads,United States,Mid-Market
CUST-103650,2025-05-30,Organic Search,United States,SMB
CUST-103651,2024-07-20,Organic Search,Netherlands,SMB
CUST-103652,2025-09-01,Organic Search,India,SMB
CUST-103653,2025-08-21,Organic Search,United Kingdom,SMB
CUST-103654,2024-01-24,Referral,Netherlands,SMB
CUST-103655,2024-03-16,Paid Ads,United States,SMB
CUST-103656,2024-06-11,Referral,France,SMB
CUST-103657,2024-01-30,Paid Ads,India,Mid-Market
CUST-103658,2024-03-09,Referral,United States,SMB
CUST-103659,2024-07-26,Social Media,United States,SMB
CUST-103660,2025-02-19,Referral,United States,Mid-Market
CUST-103661,2025-02-06,Paid Ads,Canada,Mid-Market
CUST-103662,2025-02-07,Social Media,United States,SMB
CUST-103663,2025-01-05,Organic Search,Germany,Mid-Market
CUST-103664,2024-11-03,Referral,United Kingdom,SMB
CUST-103665,2024-11-09,Referral,United States,SMB
CUST-103666,2024-01-09,Paid Ads,Germany,SMB
CUST-103667,2024-06-21,Paid Ads,United Kingdom,Mid-Market
CUST-103668,2024-05-30,Paid Ads,Canada,Mid-Market
CUST-103669,2024-12-17,Social Media,United Kingdom,SMB
CUST-103670,2024-04-13,Referral,India,SMB
CUST-103671,2025-06-30,Email Campaign,France,SMB
CUST-103672,2024-04-10,Email Campaign,France,SMB
CUST-103673,2024-11-14,Social Media,Canada,Mid-Market
CUST-103674,2025-01-24,Paid Ads,United States,SMB
CUST-103675,2024-05-17,Email Campaign,Netherlands,SMB
CUST-103676,2024-07-10,Direct,Germany,SMB
CUST-103677,2024-09-08,Paid Ads,United States,Mid-Market
CUST-103678,2024-09-03,Organic Search,Canada,SMB
CUST-103679,2025-05-26,Paid Ads,United States,Mid-Market
CUST-103680,2025-04-23,Email Campaign,United States,Mid-Market
CUST-103681,2025-05-26,Paid Ads,United Kingdom,SMB
CUST-103682,2024-10-01,Email Campaign,France,Enterprise
CUST-103683,2024-07-23,Paid Ads,United States,SMB
CUST-103684,2024-10-04,Paid Ads,France,SMB
CUST-103685,2024-03-06,Paid Ads,Australia,SMB
CUST-103686,2024-10-19,Paid Ads,United Kingdom,Enterprise
CUST-103687,2025-09-25,Social Media,United States,SMB
CUST-103688,2025-02-12,Referral,United States,Enterprise
CUST-103689,2025-02-10,Paid Ads,United Kingdom,SMB
CUST-103690,2024-01-14,Paid Ads,Netherlands,SMB
CUST-103691,2025-08-25,outbound_sales,United States,SMB
CUST-103692,2024-10-19,Organic Search,Germany,SMB
CUST-103693,2024-07-19,Organic Search,Australia,Enterprise
CUST-103694,2024-11-04,Email Campaign,Australia,SMB
CUST-103695,2025-04-08,Referral,United States,Mid-Market
CUST-103696,2025-11-28,Social Media,United States,SMB
CUST-103697,2025-05-22,Social Media,India,Enterprise
CUST-103698,2024-05-03,Organic Search,Canada,SMB
CUST-103699,2025-07-24,Paid Ads,United States,SMB
CUST-103700,2024-10-13,Email Campaign,United States,Mid-Market
CUST-103701,2025-04-16,Paid Ads,India,Mid-Market
CUST-103702,2024-02-19,Organic Search,United States,Enterprise
CUST-103703,2025-11-23,Organic Search,United Kingdom,Mid-Market
CUST-103704,2024-05-31,Organic Search,United Kingdom,SMB
CUST-103705,2025-02-13,email campaign,United States,SMB
CUST-103706,2024-10-12,Social Media,Germany,SMB
CUST-103707,2024-12-31,Direct,India,Enterprise
CUST-103708,2025-01-11,paid ads,United Kingdom,Enterprise
CUST-103709,2024-06-04,Paid Ads,Germany,Mid-Market
CUST-103710,2024-07-09,Paid Ads,Germany,Enterprise
CUST-103711,2024-01-28,Referral,United States,SMB
CUST-103712,2024-08-10,Email Campaign,United Kingdom,SMB
CUST-103713,2024-06-17,Social Media,United States,SMB
CUST-103714,2024-12-25,Email Campaign,United Kingdom,SMB
CUST-103715,2024-01-28,Referral,United States,Mid-Market
CUST-103716,2024-09-09,Paid Ads,Canada,Enterprise
CUST-103717,2025-11-06,Email Campaign,Australia,SMB
CUST-103718,2025-03-29,Organic Search,Germany,Mid-Market
CUST-103719,2024-06-27,Organic Search,United States,SMB
CUST-103720,2024-08-15,Email Campaign,United States,SMB
CUST-103721,2025-06-03,Paid Ads,United States,SMB
CUST-103722,2025-07-18,outbound_sales,United States,SMB
CUST-103723,2024-05-03,Email Campaign,India,Mid-Market
CUST-103724,2024-02-09,Organic Search,United Kingdom,SMB
CUST-103725,2025-10-22,Direct,India,SMB
CUST-103726,2025-07-25,Referral,Germany,SMB
CUST-103727,2025-05-19,Referral,India,SMB
CUST-103728,2024-09-25,Referral,United States,SMB
CUST-103729,2025-03-29,Email Campaign,United States,SMB
CUST-103730,2024-08-09,outbound_sales,Netherlands,SMB
CUST-103731,2025-06-04,Organic Search,United States,SMB
CUST-103732,2024-06-06,Paid Ads,Netherlands,Mid-Market
CUST-103733,2025-11-11,outbound_sales,Germany,SMB
CUST-103734,2024-12-28,Paid Ads,United States,Mid-Market
CUST-103735,2024-12-11,Organic Search,Germany,Enterprise
CUST-103736,2025-10-12,Email Campaign,United Kingdom,Mid-Market
CUST-103737,2025-10-25,Organic Search,United States,SMB
CUST-103738,2024-10-09,Organic Search,United States,SMB
CUST-103739,2025-07-26,Social Media,Canada,Mid-Market
CUST-103740,2024-01-14,Direct,United States,Mid-Market
CUST-103741,2025-11-07,Organic Search,Canada,Mid-Market
CUST-103742,2025-04-29,Referral,United States,SMB
CUST-103743,2025-05-02,Organic Search,United States,SMB
CUST-103744,2025-10-03,Referral,United States,SMB
CUST-103745,2024-03-14,Organic Search,Canada,Mid-Market
CUST-103746,2024-10-05,Organic Search,France,SMB
CUST-103747,2025-08-29,outbound_sales,Germany,SMB
CUST-103748,2024-07-08,organic search,India,Mid-Market
CUST-103749,2024-06-21,Paid Ads,United States,SMB
CUST-103750,2025-10-29,Paid Ads,United States,Mid-Market
CUST-103751,2024-03-16,Social Media,United Kingdom,Mid-Market
CUST-103752,2025-09-27,Paid Ads,United Kingdom,SMB
CUST-103753,2025-08-02,Social Media,United Kingdom,SMB
CUST-103754,2025-05-10,Organic Search,India,Enterprise
CUST-103755,2025-03-24,Referral,Germany,SMB
CUST-103756,2025-08-13,outbound_sales,United Kingdom,SMB
CUST-103757,2024-12-26,Organic Search,Germany,SMB
CUST-103758,2025-08-08,Social Media,Germany,SMB
CUST-103759,2024-04-03,referral,United States,SMB
CUST-103760,2025-06-08,Referral,Canada,SMB
CUST-103761,2024-05-07,Organic Search,United States,SMB
CUST-103762,2024-01-25,Email Campaign,United Kingdom,SMB
CUST-103763,2025-07-30,referral,India,SMB
CUST-103764,2024-02-21,Organic Search,United Kingdom,SMB
CUST-103765,2024-11-12,Referral,Canada,SMB
CUST-103766,2025-04-03,Referral,France,Mid-Market
CUST-103767,2024-07-25,paid ads,United States,Mid-Market
CUST-103768,2024-12-04,Organic Search,United States,SMB
CUST-103769,2025-04-26,Organic Search,Germany,SMB
CUST-103770,2025-03-12,Referral,Netherlands,SMB
CUST-103771,2025-10-12,Referral,United States,SMB
CUST-103772,2024-11-24,Organic Search,Germany,SMB
CUST-103773,2024-07-02,Paid Ads,United States,SMB
CUST-103774,2025-11-21,Organic Search,United States,Enterprise
CUST-103775,2025-09-20,Paid Ads,United Kingdom,Mid-Market
CUST-103776,2024-12-09,Referral,United States,SMB
CUST-103777,2024-09-10,Paid Ads,United States,SMB
CUST-103778,2024-10-26,Email Campaign,United States,SMB
CUST-103779,2024-11-08,Referral,United States,Enterprise
CUST-103780,2025-09-14,Organic Search,Canada,Mid-Market
CUST-103781,2025-04-06,Paid Ads,United Kingdom,SMB
CUST-103782,2024-01-18,Paid Ads,Germany,Mid-Market
CUST-103783,2024-05-29,Organic Search,Germany,SMB
CUST-103784,2025-05-03,Email Campaign,United States,SMB
CUST-103785,2025-10-19,Email Campaign,United Kingdom,Mid-Market
CUST-103786,2024-09-12,Organic Search,Netherlands,Enterprise
CUST-103787,2025-04-01,Organic Search,Germany,SMB
CUST-103788,2024-02-14,Paid Ads,United States,Mid-Market
CUST-103789,2024-10-20,Referral,Canada,SMB
CUST-103790,2025-08-22,organic search,Canada,SMB
CUST-103791,2024-11-05,Paid Ads,United Kingdom,SMB
CUST-103792,2024-05-31,email campaign,United States,SMB
CUST-103793,2024-12-30,Organic Search,Canada,SMB
CUST-103794,2024-12-07,Direct,India,SMB
CUST-103795,2024-07-13,Paid Ads,United States,Mid-Market
CUST-103796,2024-01-03,Referral,United Kingdom,Mid-Market
CUST-103797,2025-09-16,Organic Search,United States,Mid-Market
CUST-103798,2024-07-12,Paid Ads,United States,SMB
CUST-103799,2024-08-16,Social Media,United Kingdom,SMB
CUST-103800,2024-07-06,Organic Search,United States,Enterprise
CUST-103801,2024-02-04,Direct,United States,SMB
CUST-103802,2025-02-20,Organic Search,United States,SMB
CUST-103803,2025-08-16,Paid Ads,Canada,Mid-Market
CUST-103804,2025-07-07,Direct,United States,Mid-Market
CUST-103805,2025-10-28,Paid Ads,Canada,SMB
CUST-103806,2025-01-25,Email Campaign,France,SMB
CUST-103807,2024-04-01,Referral,Netherlands,SMB
CUST-103808,2025-04-21,Paid Ads,Netherlands,SMB
CUST-103809,2024-02-29,Organic Search,United Kingdom,Mid-Market
CUST-103810,2024-02-18,Organic Search,India,SMB
CUST-103811,2025-02-04,Paid Ads,United Kingdom,SMB
CUST-103812,2024-06-12,Organic Search,United States,Enterprise
CUST-103813,2024-08-27,Organic Search,United States,SMB
CUST-103814,2024-04-20,Organic Search,Australia,SMB
CUST-103815,2024-09-16,Paid Ads,United Kingdom,Mid-Market
CUST-103816,2025-03-14,Email Campaign,United States,Mid-Market
CUST-103817,2025-03-13,Organic Search,United Kingdom,SMB
CUST-103818,2024-11-18,Organic Search,Canada,SMB
CUST-103819,2024-08-03,Organic Search,France,SMB
CUST-103820,2025-08-18,Referral,United States,SMB
CUST-103821,2024-08-09,Paid Ads,Australia,Mid-Market
CUST-103822,2025-07-07,Paid Ads,United States,Enterprise
CUST-103823,2024-01-17,Organic Search,Canada,Enterprise
CUST-103824,2024-05-15,Paid Ads,Australia,SMB
CUST-103825,2025-02-27,Social Media,United States,Mid-Market
CUST-103826,2024-04-14,Direct,United Kingdom,SMB
CUST-103827,2024-09-23,Paid Ads,Germany,Mid-Market
CUST-103828,2024-07-06,Social Media,United States,SMB
CUST-103829,2025-07-03,Direct,United Kingdom,Mid-Market
CUST-103830,2024-05-31,Paid Ads,Australia,SMB
CUST-103831,2025-09-05,Organic Search,France,Mid-Market
CUST-103832,2025-02-07,Email Campaign,United States,SMB
CUST-103833,2024-05-30,Social Media,United Kingdom,SMB
CUST-103834,2024-03-19,Email Campaign,United States,SMB
CUST-103835,2024-05-02,Referral,Netherlands,SMB
CUST-103836,2025-07-20,Paid Ads,Australia,SMB
CUST-103837,2024-03-16,Paid Ads,United States,Mid-Market
CUST-103838,2024-02-06,Email Campaign,France,SMB
CUST-103839,2025-08-24,outbound_sales,Germany,Mid-Market
CUST-103840,2024-11-21,Email Campaign,Australia,SMB
CUST-103841,2024-06-28,Organic Search,United Kingdom,SMB
CUST-103842,2024-08-13,Referral,United States,SMB
CUST-103843,2024-06-02,Organic Search,United States,SMB
CUST-103844,2024-09-23,Referral,Germany,Mid-Market
CUST-103845,2024-07-18,Email Campaign,United States,SMB
CUST-103846,2024-10-23,paid ads,United Kingdom,Enterprise
CUST-103847,2025-05-29,Direct,United Kingdom,SMB
CUST-103848,2024-01-13,Paid Ads,United States,SMB
CUST-103849,2025-09-20,Email Campaign,Canada,Mid-Market
CUST-103850,2024-11-16,Organic Search,Germany,SMB
CUST-103851,2024-07-05,Paid Ads,Germany,SMB
CUST-103852,2025-09-04,Email Campaign,United States,SMB
CUST-103853,2025-05-24,Paid Ads,India,SMB
CUST-103854,2024-06-06,Organic Search,United States,SMB
CUST-103855,2024-05-25,Direct,United States,Mid-Market
CUST-103856,2024-06-10,Organic Search,United States,SMB
CUST-103857,2025-02-24,Organic Search,United States,SMB
CUST-103858,2025-08-18,Paid Ads,United Kingdom,SMB
CUST-103859,2024-06-06,Referral,United States,SMB
CUST-103860,2024-07-03,Organic Search,United States,SMB
CUST-103861,2025-06-10,Organic Search,Germany,SMB
CUST-103862,2024-04-19,Organic Search,United Kingdom,Mid-Market
CUST-103863,2025-08-10,Referral,India,Mid-Market
CUST-103864,2025-10-19,Organic Search,India,SMB
CUST-103865,2024-03-19,Paid Ads,United States,Mid-Market
CUST-103866,2025-01-16,Referral,India,SMB
CUST-103867,2025-02-15,Paid Ads,United States,Mid-Market
CUST-103868,2024-11-30,Paid Ads,United Kingdom,SMB
CUST-103869,2024-05-16,Direct,Germany,SMB
CUST-103870,2025-08-06,Social Media,Australia,SMB
CUST-103871,2025-05-06,Organic Search,United States,SMB
CUST-103872,2025-02-01,Referral,United States,Mid-Market
CUST-103873,2024-05-01,Referral,Canada,SMB
CUST-103874,2024-04-24,Referral,Canada,SMB
CUST-103875,2024-03-17,Organic Search,United States,Mid-Market
CUST-103876,2024-06-16,Referral,United Kingdom,Mid-Market
CUST-103877,2025-05-12,Social Media,Australia,SMB
CUST-103878,2024-04-24,Organic Search,India,SMB
CUST-103879,2025-02-20,Referral,Germany,SMB
CUST-103880,2025-06-23,Organic Search,United States,Mid-Market
CUST-103881,2025-07-16,Organic Search,United States,SMB
CUST-103882,2024-06-21,Email Campaign,United States,SMB
CUST-103883,2024-06-14,Referral,United States,SMB
CUST-103884,2024-01-04,Paid Ads,United States,Mid-Market
CUST-103885,2025-06-26,Direct,United Kingdom,SMB
CUST-103886,2024-06-14,Social Media,India,SMB
CUST-103887,2025-08-01,Email Campaign,United States,SMB
CUST-103888,2025-03-18,Organic Search,United Kingdom,SMB
CUST-103889,2024-08-20,Organic Search,United Kingdom,Mid-Market
CUST-103890,2025-05-28,Referral,United States,Mid-Market
CUST-103891,2024-08-07,Direct,United States,Mid-Market
CUST-103892,2025-10-12,Organic Search,Germany,SMB
CUST-103893,2025-02-16,Organic Search,United Kingdom,SMB
CUST-103894,2024-04-21,Organic Search,United States,SMB
CUST-103895,2024-06-09,Organic Search,United States,SMB
CUST-103896,2025-07-07,Direct,Canada,SMB
CUST-103897,2025-04-17,Email Campaign,Canada,SMB
CUST-103898,2024-01-21,Paid Ads,Australia,SMB
CUST-103899,2024-02-14,Paid Ads,Germany,SMB
CUST-103900,2024-01-07,Referral,France,SMB
CUST-103901,2024-09-29,Organic Search,United States,SMB
CUST-103902,2025-02-23,Organic Search,Australia,Mid-Market
CUST-103903,2025-08-30,Paid Ads,India,SMB
CUST-103904,2024-11-02,paid ads,United Kingdom,Mid-Market
CUST-103905,2024-06-03,Email Campaign,United States,Mid-Market
CUST-103906,2025-06-30,Paid Ads,United States,Mid-Market
CUST-103907,2024-04-06,Organic Search,United Kingdom,SMB
CUST-103908,2025-08-02,Direct,United States,SMB
CUST-103909,2025-11-18,Paid Ads,Germany,Mid-Market
CUST-103910,2024-05-19,Referral,Germany,SMB
CUST-103911,2024-05-26,Email Campaign,United States,SMB
CUST-103912,2024-03-05,email campaign,United Kingdom,SMB
CUST-103913,2024-01-04,Referral,Germany,SMB
CUST-103914,2024-09-18,Referral,Germany,Mid-Market
CUST-103915,2024-10-09,Organic Search,United Kingdom,Mid-Market
CUST-103916,2024-11-05,Organic Search,United Kingdom,SMB
CUST-103917,2025-10-07,Paid Ads,United States,SMB
CUST-103918,2024-04-19,outbound_sales,United States,SMB
CUST-103919,2024-10-23,Paid Ads,India,SMB
CUST-103920,2025-02-07,Direct,United States,SMB
CUST-103921,2024-02-02,Organic Search,United States,SMB
CUST-103922,2024-10-23,Referral,Australia,SMB
CUST-103923,2024-10-04,Referral,United States,SMB
CUST-103924,2024-01-01,Referral,United Kingdom,SMB
CUST-103925,2024-02-12,Paid Ads,United States,Mid-Market
CUST-103926,2025-09-25,Referral,United Kingdom,Mid-Market
CUST-103927,2024-04-18,referral,United States,Mid-Market
CUST-103928,2025-04-02,Email Campaign,Australia,SMB
CUST-103929,2025-11-26,Paid Ads,United States,Mid-Market
CUST-103930,2025-09-02,Paid Ads,United States,Enterprise
CUST-103931,2025-01-31,Paid Ads,United Kingdom,Mid-Market
CUST-103932,2025-03-24,outbound_sales,Germany,Mid-Market
CUST-103933,2025-04-04,Referral,United Kingdom,SMB
CUST-103934,2024-01-20,Referral,United Kingdom,SMB
CUST-103935,2024-02-05,Organic Search,Germany,SMB
CUST-103936,2024-05-05,Organic Search,United States,SMB
CUST-103937,2024-09-15,Organic Search,Germany,SMB
CUST-103938,2025-11-12,Paid Ads,United Kingdom,Enterprise
CUST-103939,2025-01-18,Organic Search,France,SMB
CUST-103940,2024-05-09,Organic Search,Australia,SMB
CUST-103941,2025-05-04,Organic Search,France,Mid-Market
CUST-103942,2024-07-04,Organic Search,United States,SMB
CUST-103943,2025-10-25,Referral,United Kingdom,SMB
CUST-103944,2025-05-06,Social Media,United States,SMB
CUST-103945,2025-01-16,Referral,Germany,SMB
CUST-103946,2024-08-25,Referral,United States,SMB
CUST-103947,2024-05-20,Paid Ads,Canada,SMB
CUST-103948,2025-09-02,Organic Search,Canada,SMB
CUST-103949,2024-04-03,Social Media,United States,Mid-Market
CUST-103950,2025-10-17,Organic Search,Netherlands,SMB
CUST-103951,2024-10-04,Referral,United Kingdom,SMB
CUST-103952,2024-11-24,Email Campaign,United States,SMB
CUST-103953,2025-11-15,Paid Ads,Germany,SMB
CUST-103954,2024-11-16,Organic Search,United States,SMB
CUST-103955,2025-09-21,Organic Search,United States,SMB
CUST-103956,2025-10-14,Organic Search,United States,SMB
CUST-103957,2024-11-10,Paid Ads,United States,SMB
CUST-103958,2024-05-24,Paid Ads,Australia,Mid-Market
CUST-103959,2024-10-29,Organic Search,Canada,SMB
CUST-103960,2024-11-03,Email Campaign,Netherlands,SMB
CUST-103961,2025-09-09,Organic Search,United States,SMB
CUST-103962,2024-08-15,Organic Search,United Kingdom,SMB
CUST-103963,2024-03-11,Email Campaign,United States,SMB
CUST-103964,2024-07-05,Paid Ads,United States,SMB
CUST-103965,2024-06-28,Direct,United Kingdom,SMB
CUST-103966,2025-07-10,Paid Ads,United States,Mid-Market
CUST-103967,2024-11-19,Email Campaign,United States,SMB
CUST-103968,2025-02-22,Paid Ads,Germany,Enterprise
CUST-103969,2025-05-09,Direct,Canada,SMB
CUST-103970,2024-04-19,Paid Ads,Germany,SMB
CUST-103971,2025-01-25,Paid Ads,Canada,SMB
CUST-103972,2024-06-15,Referral,United States,Enterprise
CUST-103973,2024-08-17,Organic Search,United States,SMB
CUST-103974,2025-01-20,Referral,United Kingdom,Enterprise
CUST-103975,2025-09-16,referral,Germany,SMB
CUST-103976,2024-02-19,Referral,United Kingdom,SMB
CUST-103977,2025-06-28,Social Media,India,Mid-Market
CUST-103978,2024-04-07,Email Campaign,United Kingdom,SMB
CUST-103979,2024-10-21,Organic Search,United States,SMB
CUST-103980,2025-06-13,Paid Ads,Canada,Enterprise
CUST-103981,2025-04-13,Referral,United Kingdom,SMB
CUST-103982,2025-05-17,Paid Ads,Canada,SMB
CUST-103983,2025-06-14,Email Campaign,India,SMB
CUST-103984,2025-03-27,Email Campaign,United Kingdom,SMB
CUST-103985,2025-11-09,Direct,India,Mid-Market
CUST-103986,2025-07-07,Organic Search,Germany,Mid-Market
CUST-103987,2025-04-18,Organic Search,United States,SMB
CUST-103988,2024-09-25,Social Media,India,Mid-Market
CUST-103989,2024-07-30,Paid Ads,Canada,SMB
CUST-103990,2025-06-19,organic search,United States,SMB
CUST-103991,2025-06-24,Paid Ads,Canada,Mid-Market
CUST-103992,2024-03-24,Referral,Germany,Enterprise
CUST-103993,2024-03-22,Paid Ads,Australia,SMB
CUST-103994,2024-01-24,Email Campaign,Germany,Enterprise
CUST-103995,2025-08-09,Referral,United States,SMB
CUST-103996,2024-02-18,Paid Ads,United States,Mid-Market
CUST-103997,2025-08-22,Organic Search,India,SMB
CUST-103998,2025-11-03,Paid Ads,United Kingdom,Mid-Market
CUST-103999,2025-04-20,outbound_sales,United States,Mid-Market
CUST-104000,2024-05-09,Referral,United States,Mid-Market
CUST-104001,2024-09-03,Email Campaign,United States,SMB
CUST-104002,2024-05-08,Direct,Netherlands,SMB
CUST-104003,2024-11-18,Paid Ads,United States,SMB
CUST-104004,2025-06-27,Paid Ads,United Kingdom,SMB
CUST-104005,2024-05-05,Organic Search,United States,Mid-Market
CUST-104006,2025-04-17,Organic Search,United States,SMB
CUST-104007,2025-06-27,Paid Ads,United States,SMB
CUST-104008,2024-03-21,Organic Search,United States,Mid-Market
CUST-104009,2024-09-08,Organic Search,United States,SMB
CUST-104010,2025-10-03,Paid Ads,United States,Mid-Market
CUST-104011,2025-03-16,Organic Search,Germany,SMB
CUST-104012,2024-03-29,Referral,India,Mid-Market
CUST-104013,2025-05-14,Referral,United States,Mid-Market
CUST-104014,2025-01-23,Paid Ads,United States,Mid-Market
CUST-104015,2024-05-17,Direct,Australia,SMB
CUST-104016,2024-01-29,Direct,United Kingdom,SMB
CUST-104017,2025-01-22,Paid Ads,United States,SMB
CUST-104018,2024-03-25,Paid Ads,United States,SMB
CUST-104019,2025-02-26,Organic Search,Australia,SMB
CUST-104020,2024-11-27,Referral,United States,SMB
CUST-104021,2024-11-02,Paid Ads,United States,Enterprise
CUST-104022,2024-02-08,Organic Search,United Kingdom,SMB
CUST-104023,2024-08-07,Organic Search,United States,SMB
CUST-104024,2025-06-05,Direct,United States,SMB
CUST-104025,2024-04-28,Paid Ads,United Kingdom,SMB
CUST-104026,2024-01-23,Referral,United Kingdom,SMB
CUST-104027,2024-09-23,Email Campaign,India,Mid-Market
CUST-104028,2024-01-04,Referral,United States,SMB
CUST-104029,2025-09-20,Paid Ads,Canada,Mid-Market
CUST-104030,2024-12-25,Organic Search,Canada,Mid-Market
CUST-104031,2025-07-04,Email Campaign,United Kingdom,Mid-Market
CUST-104032,2024-09-29,Direct,United States,Enterprise
CUST-104033,2025-07-27,outbound_sales,Canada,Mid-Market
CUST-104034,2024-10-04,Email Campaign,Canada,SMB
CUST-104035,2024-08-01,Referral,Canada,Enterprise
CUST-104036,2024-07-29,Referral,United Kingdom,Mid-Market
CUST-104037,2024-08-15,Email Campaign,United States,SMB
CUST-104038,2024-01-15,Direct,United States,Mid-Market
CUST-104039,2025-09-29,Social Media,France,SMB
CUST-104040,2025-10-14,Direct,Netherlands,SMB
CUST-104041,2024-05-16,Paid Ads,Canada,Enterprise
CUST-104042,2024-03-10,Referral,United States,Mid-Market
CUST-104043,2025-09-17,Organic Search,Germany,SMB
CUST-104044,2024-10-01,Email Campaign,United States,SMB
CUST-104045,2025-08-28,Direct,United States,SMB
CUST-104046,2025-01-15,outbound_sales,United States,SMB
CUST-104047,2025-09-28,Paid Ads,Germany,SMB
CUST-104048,2024-05-27,organic search,United States,Enterprise
CUST-104049,2025-07-25,Paid Ads,Canada,Enterprise
CUST-104050,2025-08-11,Paid Ads,United States,SMB
CUST-104051,2024-11-01,Email Campaign,United States,SMB
CUST-104052,2025-10-23,Referral,United States,SMB
CUST-104053,2025-09-28,Organic Search,United States,SMB
CUST-104054,2025-01-25,Organic Search,United Kingdom,SMB
CUST-104055,2025-10-30,organic search,France,SMB
CUST-104056,2025-08-31,Paid Ads,India,SMB
CUST-104057,2024-05-18,Organic Search,United States,SMB
CUST-104058,2024-02-01,organic search,United Kingdom,SMB
CUST-104059,2024-04-08,Paid Ads,United States,Enterprise
CUST-104060,2024-01-13,Organic Search,United Kingdom,SMB
CUST-104061,2024-02-05,Referral,United States,SMB
CUST-104062,2025-01-24,Referral,Canada,SMB
CUST-104063,2025-02-03,Paid Ads,United States,SMB
CUST-104064,2024-11-19,Direct,Canada,SMB
CUST-104065,2024-04-24,outbound_sales,United States,SMB
CUST-104066,2024-03-11,Paid Ads,United States,SMB
CUST-104067,2024-02-25,outbound_sales,United States,SMB
CUST-104068,2024-05-14,organic search,United States,SMB
CUST-104069,2024-12-16,Organic Search,Australia,SMB
CUST-104070,2025-11-11,Email Campaign,Germany,SMB
CUST-104071,2025-04-30,Direct,United States,SMB
CUST-104072,2025-03-06,Referral,United States,SMB
CUST-104073,2025-04-26,Paid Ads,Germany,SMB
CUST-104074,2025-07-24,Organic Search,Netherlands,SMB
CUST-104075,2025-01-02,Referral,United States,SMB
CUST-104076,2024-04-18,Referral,United States,Enterprise
CUST-104077,2024-04-03,Organic Search,United Kingdom,Mid-Market
CUST-104078,2024-10-19,Email Campaign,India,Mid-Market
CUST-104079,2025-07-23,Paid Ads,Australia,Enterprise
CUST-104080,2024-05-09,organic search,United States,SMB
CUST-104081,2025-06-22,Paid Ads,United Kingdom,SMB
CUST-104082,2025-03-24,Direct,United Kingdom,SMB
CUST-104083,2025-08-08,Organic Search,United States,Mid-Market
CUST-104084,2025-03-23,Paid Ads,United States,SMB
CUST-104085,2025-06-25,Social Media,Canada,Enterprise
CUST-104086,2025-09-14,outbound_sales,Germany,Mid-Market
CUST-104087,2024-08-23,Paid Ads,United States,SMB
CUST-104088,2024-02-10,Paid Ads,United States,SMB
CUST-104089,2024-11-22,paid ads,United States,Mid-Market
CUST-104090,2024-03-08,outbound_sales,United States,Mid-Market
CUST-104091,2024-05-31,Direct,United States,SMB
CUST-104092,2024-08-11,Organic Search,United States,SMB
CUST-104093,2024-10-25,Email Campaign,Netherlands,SMB
CUST-104094,2025-09-18,Organic Search,United Kingdom,SMB
CUST-104095,2024-04-02,organic search,United States,Mid-Market
CUST-104096,2024-04-04,Paid Ads,Canada,SMB
CUST-104097,2024-05-22,Email Campaign,United States,SMB
CUST-104098,2025-11-20,Referral,Canada,Mid-Market
CUST-104099,2025-09-24,Organic Search,United States,Mid-Market
CUST-104100,2025-07-10,outbound_sales,France,Enterprise
CUST-104101,2025-07-14,Paid Ads,Netherlands,SMB
CUST-104102,2024-01-24,Social Media,India,Enterprise
CUST-104103,2025-12-01,Organic Search,United Kingdom,Mid-Market
CUST-104104,2024-09-07,Social Media,United States,SMB
CUST-104105,2024-11-21,Organic Search,Germany,SMB
CUST-104106,2024-12-03,Paid Ads,Canada,Enterprise
CUST-104107,2024-01-19,organic search,United States,Mid-Market
CUST-104108,2025-01-06,Organic Search,Canada,SMB
CUST-104109,2025-04-02,Paid Ads,France,SMB
CUST-104110,2025-08-18,Direct,United States,SMB
CUST-104111,2024-02-24,Organic Search,United Kingdom,SMB
CUST-104112,2024-01-17,Direct,Canada,SMB
CUST-104113,2025-06-03,Organic Search,United States,SMB
CUST-104114,2024-10-22,outbound_sales,United States,Mid-Market
CUST-104115,2025-06-27,Paid Ads,Australia,SMB
CUST-104116,2024-05-19,Paid Ads,Canada,SMB
CUST-104117,2025-02-25,Paid Ads,France,SMB
CUST-104118,2024-01-18,Organic Search,United States,SMB
CUST-104119,2025-07-27,Social Media,United Kingdom,SMB
CUST-104120,2025-03-04,Social Media,Germany,Mid-Market
CUST-104121,2024-12-20,Referral,United States,Mid-Market
CUST-104122,2024-02-02,Organic Search,Germany,SMB
CUST-104123,2025-02-22,Organic Search,United States,SMB
CUST-104124,2025-04-14,Organic Search,United States,Mid-Market
CUST-104125,2024-07-24,outbound_sales,United States,Mid-Market
CUST-104126,2025-03-13,Organic Search,United States,SMB
CUST-104127,2025-06-29,Email Campaign,United States,Mid-Market
CUST-104128,2024-11-28,Organic Search,India,Mid-Market
CUST-104129,2024-09-21,Paid Ads,Canada,Enterprise
CUST-104130,2024-06-30,Direct,Netherlands,SMB
CUST-104131,2025-10-11,Paid Ads,India,SMB
CUST-104132,2024-12-06,Organic Search,United States,Mid-Market
CUST-104133,2024-07-28,outbound_sales,United States,Mid-Market
CUST-104134,2024-12-24,Referral,United Kingdom,SMB
CUST-104135,2024-06-22,Organic Search,United States,SMB
CUST-104136,2025-04-14,referral,United States,SMB
CUST-104137,2025-02-05,Direct,Canada,SMB
CUST-104138,2025-02-13,Social Media,India,SMB
CUST-104139,2025-09-28,Direct,Australia,SMB
CUST-104140,2025-06-06,Direct,United States,SMB
CUST-104141,2024-03-23,Referral,United Kingdom,SMB
CUST-104142,2024-02-07,Paid Ads,France,Mid-Market
CUST-104143,2025-08-02,Paid Ads,United States,SMB
CUST-104144,2024-10-05,Direct,United States,SMB
CUST-104145,2025-01-22,Referral,France,SMB
CUST-104146,2025-10-14,Paid Ads,United States,Mid-Market
CUST-104147,2024-12-31,Paid Ads,Canada,SMB
CUST-104148,2024-10-10,Direct,Germany,SMB
CUST-104149,2025-11-17,Email Campaign,United Kingdom,SMB
CUST-104150,2025-06-27,Organic Search,United States,Mid-Market
CUST-104151,2024-11-10,Organic Search,Germany,Mid-Market
CUST-104152,2025-05-29,Direct,Canada,SMB
CUST-104153,2025-03-05,Referral,Netherlands,SMB
CUST-104154,2024-01-19,Paid Ads,United States,SMB
CUST-104155,2024-04-03,Organic Search,Australia,SMB
CUST-104156,2024-10-12,organic search,Canada,SMB
CUST-104157,2025-02-15,Organic Search,Germany,Enterprise
CUST-104158,2024-09-02,Paid Ads,United States,Mid-Market
CUST-104159,2025-01-29,Organic Search,United States,SMB
CUST-104160,2024-07-25,Organic Search,United Kingdom,Mid-Market
CUST-104161,2024-02-20,organic search,India,SMB
CUST-104162,2024-10-31,Social Media,United Kingdom,SMB
CUST-104163,2025-05-23,Email Campaign,Germany,SMB
CUST-104164,2025-02-28,Organic Search,Canada,Mid-Market
CUST-104165,2024-06-08,Email Campaign,France,Mid-Market
CUST-104166,2024-02-22,Email Campaign,United States,SMB
CUST-104167,2025-10-13,Paid Ads,United Kingdom,Mid-Market
CUST-104168,2025-10-05,Organic Search,United States,SMB
CUST-104169,2025-06-26,Organic Search,United States,SMB
CUST-104170,2025-06-25,referral,India,SMB
CUST-104171,2024-05-20,Email Campaign,Germany,SMB
CUST-104172,2024-04-24,Social Media,United States,SMB
CUST-104173,2024-04-23,Email Campaign,United Kingdom,Mid-Market
CUST-104174,2024-07-26,Referral,Australia,SMB
CUST-104175,2024-09-14,Paid Ads,Canada,SMB
CUST-104176,2024-08-20,Organic Search,Australia,SMB
CUST-104177,2024-01-08,Organic Search,United States,SMB
CUST-104178,2025-07-16,Paid Ads,United States,Mid-Market
CUST-104179,2024-01-16,Organic Search,United States,Mid-Market
CUST-104180,2024-05-18,Organic Search,United States,SMB
CUST-104181,2024-05-04,Paid Ads,United States,Enterprise
CUST-104182,2025-01-26,Referral,India,SMB
CUST-104183,2024-01-21,Paid Ads,United Kingdom,Mid-Market
CUST-104184,2025-09-26,Email Campaign,United States,Mid-Market
CUST-104185,2025-01-08,Email Campaign,France,Enterprise
CUST-104186,2024-02-26,Email Campaign,India,Mid-Market
CUST-104187,2025-02-01,Organic Search,United Kingdom,SMB
CUST-104188,2024-02-17,outbound_sales,France,SMB
CUST-104189,2024-06-09,Paid Ads,United States,Mid-Market
CUST-104190,2025-07-05,Direct,United Kingdom,SMB
CUST-104191,2025-05-30,Organic Search,United States,SMB
CUST-104192,2025-03-11,Referral,India,Mid-Market
CUST-104193,2024-08-22,Organic Search,United States,Enterprise
CUST-104194,2025-01-08,Email Campaign,Canada,Enterprise
CUST-104195,2025-02-17,Email Campaign,United States,Mid-Market
CUST-104196,2024-12-03,Organic Search,United Kingdom,SMB
CUST-104197,2024-05-01,Direct,United States,SMB
CUST-104198,2024-06-08,Paid Ads,India,SMB
CUST-104199,2024-05-05,Paid Ads,United States,SMB
CUST-104200,2024-04-23,Organic Search,Canada,Enterprise
CUST-104201,2024-12-03,Direct,United States,SMB
CUST-104202,2025-05-24,Paid Ads,United States,SMB
CUST-104203,2025-10-16,Organic Search,Germany,SMB
CUST-104204,2025-01-27,Organic Search,United States,SMB
CUST-104205,2025-01-13,Email Campaign,United Kingdom,SMB
CUST-104206,2025-01-01,Organic Search,United States,SMB
CUST-104207,2025-05-27,Paid Ads,United States,Mid-Market
CUST-104208,2025-05-07,Referral,Germany,SMB
CUST-104209,2024-03-03,Organic Search,United Kingdom,SMB
CUST-104210,2024-01-17,Email Campaign,Australia,SMB
CUST-104211,2024-11-04,Paid Ads,United States,SMB
CUST-104212,2024-02-21,Organic Search,United States,SMB
CUST-104213,2025-06-24,Paid Ads,United States,SMB
CUST-104214,2024-11-03,outbound_sales,United Kingdom,SMB
CUST-104215,2025-04-01,Referral,United States,SMB
CUST-104216,2024-03-10,Direct,Canada,Enterprise
CUST-104217,2025-07-15,outbound_sales,United States,SMB
CUST-104218,2025-09-10,Organic Search,Australia,SMB
CUST-104219,2025-05-01,referral,United States,Mid-Market
CUST-104220,2024-09-26,Paid Ads,France,Enterprise
CUST-104221,2024-08-27,Organic Search,Germany,Mid-Market
CUST-104222,2024-09-22,Organic Search,Canada,Mid-Market
CUST-104223,2025-09-10,Email Campaign,United Kingdom,SMB
CUST-104224,2024-12-01,Referral,United Kingdom,Enterprise
CUST-104225,2024-11-17,Organic Search,Germany,SMB
CUST-104226,2025-04-30,Paid Ads,Australia,SMB
CUST-104227,2024-09-17,Organic Search,India,SMB
CUST-104228,2024-09-04,Direct,United Kingdom,SMB
CUST-104229,2024-08-03,Direct,Canada,SMB
CUST-104230,2024-07-03,Organic Search,United States,Enterprise
CUST-104231,2024-04-15,Organic Search,United States,SMB
CUST-104232,2025-05-16,Paid Ads,United States,SMB
CUST-104233,2024-02-28,Email Campaign,United States,Mid-Market
CUST-104234,2024-10-22,Paid Ads,United Kingdom,SMB
CUST-104235,2025-01-18,Organic Search,United States,SMB
CUST-104236,2024-07-31,Referral,India,SMB
CUST-104237,2025-02-27,outbound_sales,Netherlands,Mid-Market
CUST-104238,2024-09-29,Organic Search,United States,SMB
CUST-104239,2025-03-08,Referral,India,SMB
CUST-104240,2024-01-20,Social Media,India,SMB
CUST-104241,2025-04-01,direct,United States,SMB
CUST-104242,2024-02-03,Paid Ads,United States,SMB
CUST-104243,2024-07-06,Paid Ads,United States,SMB
CUST-104244,2025-03-27,Organic Search,United States,SMB
CUST-104245,2025-07-22,Organic Search,United States,SMB
CUST-104246,2024-11-28,Paid Ads,United States,SMB
CUST-104247,2025-07-17,Paid Ads,Germany,SMB
CUST-104248,2024-05-10,Paid Ads,United States,Mid-Market
CUST-104249,2024-03-30,Organic Search,United Kingdom,Mid-Market
CUST-104250,2025-10-29,Organic Search,Netherlands,SMB
CUST-104251,2024-05-08,Direct,Canada,SMB
CUST-104252,2024-06-24,Paid Ads,United States,SMB
CUST-104253,2024-07-29,Referral,United States,Mid-Market
CUST-104254,2024-01-24,Paid Ads,United States,Mid-Market
CUST-104255,2024-01-03,Paid Ads,United Kingdom,SMB
CUST-104256,2024-01-23,Organic Search,United Kingdom,Mid-Market
CUST-104257,2025-08-01,Social Media,India,SMB
CUST-104258,2024-03-20,Social Media,Canada,Enterprise
CUST-104259,2024-08-31,Referral,United States,SMB
CUST-104260,2025-08-21,Organic Search,Australia,SMB
CUST-104261,2024-07-30,Organic Search,France,SMB
CUST-104262,2024-06-06,Direct,Australia,Mid-Market
CUST-104263,2024-03-01,Organic Search,Australia,SMB
CUST-104264,2024-12-02,Email Campaign,Germany,SMB
CUST-104265,2025-08-17,Paid Ads,United Kingdom,SMB
CUST-104266,2024-08-01,Referral,Canada,SMB
CUST-104267,2024-10-28,Direct,United States,SMB
CUST-104268,2024-01-08,Direct,United States,SMB
CUST-104269,2025-10-22,Organic Search,United States,Enterprise
CUST-104270,2024-10-03,Organic Search,Australia,SMB
CUST-104271,2025-09-04,Paid Ads,Australia,SMB
CUST-104272,2024-02-27,Organic Search,United States,SMB
CUST-104273,2025-05-07,Paid Ads,Germany,SMB
CUST-104274,2024-01-16,Paid Ads,Germany,Mid-Market
CUST-104275,2025-08-02,Organic Search,United Kingdom,SMB
CUST-104276,2025-08-23,Organic Search,United States,SMB
CUST-104277,2025-05-08,Paid Ads,Canada,SMB
CUST-104278,2024-10-07,Paid Ads,United States,Mid-Market
CUST-104279,2025-02-12,Paid Ads,United States,Enterprise
CUST-104280,2025-09-27,paid ads,United Kingdom,Mid-Market
CUST-104281,2025-08-07,Referral,Germany,Mid-Market
CUST-104282,2024-11-18,Direct,United States,SMB
CUST-104283,2024-03-05,paid ads,United States,SMB
CUST-104284,2024-04-06,Paid Ads,Canada,SMB
CUST-104285,2024-04-17,Paid Ads,Germany,SMB
CUST-104286,2025-05-11,Social Media,United Kingdom,SMB
CUST-104287,2024-05-09,Paid Ads,Canada,Mid-Market
CUST-104288,2024-04-05,Paid Ads,United States,Mid-Market
CUST-104289,2025-11-22,Paid Ads,France,Mid-Market
CUST-104290,2024-01-08,Paid Ads,United Kingdom,SMB
CUST-104291,2025-10-11,Paid Ads,United Kingdom,Enterprise
CUST-104292,2024-06-23,Referral,Netherlands,SMB
CUST-104293,2025-09-24,Social Media,United States,SMB
CUST-104294,2024-10-23,outbound_sales,United States,Mid-Market
CUST-104295,2025-05-30,Email Campaign,United States,SMB
CUST-104296,2025-07-08,Organic Search,Canada,Mid-Market
CUST-104297,2025-05-04,Organic Search,Canada,SMB
CUST-104298,2025-02-11,Paid Ads,Germany,Mid-Market
CUST-104299,2024-08-09,Direct,Germany,SMB
CUST-104300,2025-08-22,Paid Ads,United Kingdom,SMB
CUST-104301,2024-01-09,Email Campaign,United Kingdom,SMB
CUST-104302,2025-10-12,Paid Ads,Canada,Enterprise
CUST-104303,2025-07-19,Paid Ads,Germany,SMB
CUST-104304,2024-01-14,Organic Search,France,Mid-Market
CUST-104305,2024-10-07,organic search,United Kingdom,SMB
CUST-104306,2024-01-14,Referral,Germany,SMB
CUST-104307,2025-03-30,Organic Search,United States,SMB
CUST-104308,2024-12-16,Direct,United States,SMB
CUST-104309,2024-07-08,organic search,India,SMB
CUST-104310,2024-08-25,Referral,United States,Mid-Market
CUST-104311,2024-09-08,Paid Ads,United States,SMB
CUST-104312,2024-11-01,Direct,United States,Enterprise
CUST-104313,2024-01-06,Email Campaign,United States,SMB
CUST-104314,2025-04-17,Paid Ads,United States,SMB
CUST-104315,2025-03-04,Direct,United States,Enterprise
CUST-104316,2025-02-04,Paid Ads,Canada,Mid-Market
CUST-104317,2024-01-16,Referral,United States,SMB
CUST-104318,2024-04-02,Paid Ads,United Kingdom,SMB
CUST-104319,2024-04-23,Organic Search,India,SMB
CUST-104320,2024-01-13,Referral,India,SMB
CUST-104321,2025-03-21,Paid Ads,France,Mid-Market
CUST-104322,2024-10-09,Direct,United States,Enterprise
CUST-104323,2024-07-01,Paid Ads,Germany,SMB
CUST-104324,2025-03-06,Direct,Canada,SMB
CUST-104325,2024-09-14,Referral,United States,Enterprise
CUST-104326,2025-03-14,Direct,United Kingdom,Mid-Market
CUST-104327,2025-07-17,Paid Ads,Netherlands,Mid-Market
CUST-104328,2025-09-22,Referral,United States,Mid-Market
CUST-104329,2024-06-21,Paid Ads,United States,SMB
CUST-104330,2024-03-20,Email Campaign,United States,SMB
CUST-104331,2024-12-09,Email Campaign,United Kingdom,SMB
CUST-104332,2025-08-06,Email Campaign,United States,SMB
CUST-104333,2025-07-02,Paid Ads,United States,Mid-Market
CUST-104334,2025-07-26,Referral,United States,SMB
CUST-104335,2025-03-20,Email Campaign,United States,Mid-Market
CUST-104336,2024-01-04,Referral,United States,Mid-Market
CUST-104337,2024-11-16,Paid Ads,France,SMB
CUST-104338,2024-10-12,Organic Search,Canada,SMB
CUST-104339,2024-02-03,Referral,United States,SMB
CUST-104340,2025-03-13,Organic Search,United Kingdom,SMB
CUST-104341,2024-04-06,Paid Ads,United Kingdom,Enterprise
CUST-104342,2024-10-09,Organic Search,United States,Mid-Market
CUST-104343,2025-04-07,Direct,Netherlands,SMB
CUST-104344,2025-02-28,Direct,United States,Mid-Market
CUST-104345,2025-02-17,Referral,India,Enterprise
CUST-104346,2025-11-05,Paid Ads,Germany,SMB
CUST-104347,2025-09-15,Referral,France,SMB
CUST-104348,2024-06-19,Referral,United States,Mid-Market
CUST-104349,2024-02-11,Email Campaign,Germany,Mid-Market
CUST-104350,2024-10-24,outbound_sales,United States,Mid-Market
CUST-104351,2024-12-11,Direct,United States,SMB
CUST-104352,2025-03-11,Referral,United States,SMB
CUST-104353,2025-03-26,Referral,United States,SMB
CUST-104354,2024-05-03,Referral,United States,Mid-Market
CUST-104355,2025-05-01,Social Media,Germany,Mid-Market
CUST-104356,2025-06-08,Paid Ads,Germany,SMB
CUST-104357,2024-12-03,Referral,India,SMB
CUST-104358,2024-07-29,Referral,United States,Mid-Market
CUST-104359,2025-06-11,Email Campaign,India,SMB
CUST-104360,2025-02-13,Organic Search,India,Mid-Market
CUST-104361,2024-01-23,Direct,Germany,SMB
CUST-104362,2024-04-30,Email Campaign,United States,SMB
CUST-104363,2024-03-20,referral,United States,Mid-Market
CUST-104364,2025-02-04,Organic Search,India,Mid-Market
CUST-104365,2024-06-15,referral,Netherlands,Mid-Market
CUST-104366,2024-07-15,Social Media,Germany,SMB
CUST-104367,2025-09-22,Organic Search,Netherlands,Mid-Market
CUST-104368,2025-05-17,Organic Search,United States,Mid-Market
CUST-104369,2024-07-27,Email Campaign,United States,SMB
CUST-104370,2024-01-07,Referral,India,SMB
CUST-104371,2025-02-18,Referral,United States,SMB
CUST-104372,2025-07-02,Email Campaign,Germany,Enterprise
CUST-104373,2024-08-31,Social Media,United States,Enterprise
CUST-104374,2024-01-20,Organic Search,United States,SMB
CUST-104375,2025-04-05,Organic Search,United States,SMB
CUST-104376,2025-07-05,Paid Ads,United States,SMB
CUST-104377,2024-06-15,Social Media,United States,SMB
CUST-104378,2024-10-11,Referral,United States,SMB
CUST-104379,2025-11-25,Direct,United States,Mid-Market
CUST-104380,2025-04-27,Paid Ads,France,SMB
CUST-104381,2025-10-18,Paid Ads,United States,SMB
CUST-104382,2025-06-24,Referral,Canada,Enterprise
CUST-104383,2025-01-23,Referral,United States,Mid-Market
CUST-104384,2025-11-04,Organic Search,India,SMB
CUST-104385,2024-07-23,Social Media,Canada,SMB
CUST-104386,2025-09-05,outbound_sales,United States,SMB
CUST-104387,2024-02-19,Organic Search,United Kingdom,SMB
CUST-104388,2024-03-08,Paid Ads,United States,SMB
CUST-104389,2025-02-28,Referral,Germany,Mid-Market
CUST-104390,2025-06-23,paid ads,France,Mid-Market
CUST-104391,2024-05-30,Paid Ads,Germany,Enterprise
CUST-104392,2024-07-07,Referral,United Kingdom,SMB
CUST-104393,2025-07-06,Organic Search,France,Mid-Market
CUST-104394,2025-01-29,Direct,United States,SMB
CUST-104395,2024-01-16,Referral,United Kingdom,Mid-Market
CUST-104396,2024-05-02,Paid Ads,Germany,Mid-Market
CUST-104397,2025-03-07,Organic Search,Australia,SMB
CUST-104398,2024-11-29,Direct,United States,Mid-Market
CUST-104399,2024-12-08,outbound_sales,Germany,Mid-Market
CUST-104400,2024-03-24,Organic Search,Canada,SMB
CUST-104401,2025-11-04,Organic Search,United States,Mid-Market
CUST-104402,2025-09-02,Organic Search,United States,Enterprise
CUST-104403,2025-04-14,Paid Ads,United States,SMB
CUST-104404,2025-04-07,Paid Ads,India,Mid-Market
CUST-104405,2025-01-20,Referral,United Kingdom,SMB
CUST-104406,2024-09-05,Paid Ads,United States,Mid-Market
CUST-104407,2024-02-13,Paid Ads,United States,Mid-Market
CUST-104408,2024-03-22,Email Campaign,India,Mid-Market
CUST-104409,2024-10-12,Referral,Netherlands,Mid-Market
CUST-104410,2024-10-05,Direct,Australia,SMB
CUST-104411,2025-08-06,Paid Ads,United Kingdom,SMB
CUST-104412,2025-02-13,Paid Ads,Netherlands,Enterprise
CUST-104413,2024-02-09,Paid Ads,India,SMB
CUST-104414,2025-06-25,Paid Ads,Germany,SMB
CUST-104415,2025-08-03,Direct,Netherlands,Mid-Market
CUST-104416,2024-06-27,Organic Search,United States,SMB
CUST-104417,2025-01-31,Organic Search,Netherlands,SMB
CUST-104418,2025-01-28,Paid Ads,United States,SMB
CUST-104419,2025-08-20,Paid Ads,United States,SMB
CUST-104420,2025-08-27,Social Media,France,Mid-Market
CUST-104421,2025-09-09,Email Campaign,Canada,SMB
CUST-104422,2025-07-20,Email Campaign,India,SMB
CUST-104423,2025-05-22,Paid Ads,United States,Enterprise
CUST-104424,2024-11-04,Organic Search,United States,SMB
CUST-104425,2024-09-14,Direct,India,SMB
CUST-104426,2025-06-24,Email Campaign,Netherlands,SMB
CUST-104427,2024-05-09,Paid Ads,United States,Mid-Market
CUST-104428,2024-02-20,Referral,Germany,SMB
CUST-104429,2025-09-23,Email Campaign,France,Enterprise
CUST-104430,2025-10-29,Referral,India,Mid-Market
CUST-104431,2025-07-31,Organic Search,United States,SMB
CUST-104432,2025-08-11,Paid Ads,United States,SMB
CUST-104433,2024-05-15,Organic Search,Germany,SMB
CUST-104434,2025-11-18,Paid Ads,United States,Mid-Market
CUST-104435,2024-05-18,Paid Ads,United States,SMB
CUST-104436,2024-06-03,Organic Search,United States,SMB
CUST-104437,2025-08-06,Social Media,Netherlands,SMB
CUST-104438,2024-04-14,Referral,United States,Enterprise
CUST-104439,2025-08-05,Social Media,India,SMB
CUST-104440,2024-02-04,Referral,India,SMB
CUST-104441,2024-01-05,Organic Search,Germany,SMB
CUST-104442,2025-04-04,Referral,United States,Enterprise
CUST-104443,2024-12-07,outbound_sales,United States,Mid-Market
CUST-104444,2025-10-19,outbound_sales,United States,Mid-Market
CUST-104445,2024-11-10,Paid Ads,United States,SMB
CUST-104446,2024-03-15,Referral,United Kingdom,SMB
CUST-104447,2024-04-09,Organic Search,United Kingdom,SMB
CUST-104448,2024-03-16,Paid Ads,Netherlands,SMB
CUST-104449,2025-08-12,Email Campaign,United States,SMB
CUST-104450,2025-09-28,Email Campaign,Germany,Mid-Market
CUST-104451,2025-06-12,Paid Ads,United States,SMB
CUST-104452,2024-07-07,Direct,India,SMB
CUST-104453,2024-10-20,Referral,United States,SMB
CUST-104454,2025-03-30,Email Campaign,United Kingdom,Mid-Market
CUST-104455,2024-11-18,outbound_sales,France,Mid-Market
CUST-104456,2025-04-26,Paid Ads,United States,Mid-Market
CUST-104457,2025-04-27,Referral,Netherlands,Mid-Market
CUST-104458,2024-12-31,Organic Search,Germany,Enterprise
CUST-104459,2025-07-05,Referral,United States,SMB
CUST-104460,2024-09-18,Organic Search,India,SMB
CUST-104461,2024-01-02,Paid Ads,United Kingdom,SMB
CUST-104462,2024-04-07,Paid Ads,India,SMB
CUST-104463,2025-09-26,Paid Ads,United States,SMB
CUST-104464,2025-02-11,Organic Search,United Kingdom,SMB
CUST-104465,2024-01-12,Referral,Australia,Mid-Market
CUST-104466,2024-11-22,direct,United States,SMB
CUST-104467,2024-09-11,Referral,Canada,SMB
CUST-104468,2025-07-06,Organic Search,United States,SMB
CUST-104469,2024-02-10,Organic Search,United States,Mid-Market
CUST-104470,2025-12-01,social media,Germany,Mid-Market
CUST-104471,2025-03-31,Referral,United States,SMB
CUST-104472,2024-12-12,Organic Search,Australia,SMB
CUST-104473,2025-09-06,Organic Search,United States,SMB
CUST-104474,2024-05-15,Organic Search,France,SMB
CUST-104475,2024-09-26,Direct,United Kingdom,SMB
CUST-104476,2025-03-18,Paid Ads,United Kingdom,Enterprise
CUST-104477,2024-02-13,Referral,United States,Mid-Market
CUST-104478,2025-09-21,Organic Search,India,Mid-Market
CUST-104479,2024-10-15,Direct,United States,SMB
CUST-104480,2024-05-28,Direct,United States,SMB
CUST-104481,2025-07-20,Paid Ads,United States,SMB
CUST-104482,2024-07-09,referral,United States,Mid-Market
CUST-104483,2025-04-10,email campaign,Germany,SMB
CUST-104484,2024-08-19,Referral,United Kingdom,SMB
CUST-104485,2024-10-06,Paid Ads,United States,SMB
CUST-104486,2024-02-28,Direct,Germany,Mid-Market
CUST-104487,2025-10-17,Direct,United States,Mid-Market
CUST-104488,2024-03-16,Direct,United Kingdom,Mid-Market
CUST-104489,2025-03-07,Direct,United Kingdom,SMB
CUST-104490,2025-02-21,Organic Search,United States,Mid-Market
CUST-104491,2024-01-03,Paid Ads,Netherlands,SMB
CUST-104492,2025-07-01,Paid Ads,United States,SMB
CUST-104493,2025-04-04,Organic Search,Australia,SMB
CUST-104494,2024-02-23,Paid Ads,United States,SMB
CUST-104495,2024-01-09,Paid Ads,United States,SMB
CUST-104496,2025-10-24,Referral,United States,SMB
CUST-104497,2024-05-03,Organic Search,United States,SMB
CUST-104498,2024-06-17,Organic Search,Canada,SMB
CUST-104499,2024-05-18,Organic Search,United States,SMB
CUST-104500,2025-04-16,Email Campaign,United Kingdom,Mid-Market
CUST-104501,2024-04-24,Referral,India,Enterprise
CUST-104502,2025-09-30,Email Campaign,United Kingdom,SMB
CUST-104503,2024-12-23,Social Media,France,Enterprise
CUST-104504,2024-09-20,Direct,Netherlands,SMB
CUST-104505,2024-11-22,Paid Ads,United Kingdom,SMB
CUST-104506,2024-12-03,Organic Search,United States,SMB
CUST-104507,2024-05-03,Email Campaign,Germany,SMB
CUST-104508,2024-08-04,Paid Ads,India,SMB
CUST-104509,2025-02-19,Organic Search,United States,Mid-Market
CUST-104510,2024-05-06,Paid Ads,United Kingdom,SMB
CUST-104511,2024-01-13,Organic Search,India,SMB
CUST-104512,2024-05-22,Paid Ads,United Kingdom,SMB
CUST-104513,2025-10-17,organic search,United Kingdom,Enterprise
CUST-104514,2024-07-20,Paid Ads,Netherlands,SMB
CUST-104515,2024-03-13,Paid Ads,United States,SMB
CUST-104516,2025-11-26,Email Campaign,France,SMB
CUST-104517,2024-11-19,Paid Ads,United States,SMB
CUST-104518,2024-05-12,Organic Search,United States,SMB
CUST-104519,2024-11-10,Paid Ads,United States,Mid-Market
CUST-104520,2025-01-09,Organic Search,Germany,SMB
CUST-104521,2025-04-23,Referral,United States,SMB
CUST-104522,2024-03-22,Email Campaign,France,SMB
CUST-104523,2025-03-21,outbound_sales,France,Mid-Market
CUST-104524,2024-08-07,Paid Ads,United States,SMB
CUST-104525,2024-11-26,Email Campaign,United Kingdom,SMB
CUST-104526,2025-02-09,Referral,United States,Mid-Market
CUST-104527,2024-07-09,outbound_sales,Netherlands,Mid-Market
CUST-104528,2024-03-31,Referral,United States,SMB
CUST-104529,2025-07-31,Organic Search,United States,SMB
CUST-104530,2024-08-10,Organic Search,India,Mid-Market
CUST-104531,2025-05-05,Organic Search,Germany,SMB
CUST-104532,2025-02-18,Paid Ads,United States,Mid-Market
CUST-104533,2024-11-25,Organic Search,United States,SMB
CUST-104534,2025-04-16,Paid Ads,India,Mid-Market
CUST-104535,2025-03-25,Paid Ads,United States,Enterprise
CUST-104536,2025-07-01,Direct,Germany,SMB
CUST-104537,2024-07-05,organic search,United States,Mid-Market
CUST-104538,2025-03-09,Referral,United States,Mid-Market
CUST-104539,2024-10-27,Organic Search,Netherlands,SMB
CUST-104540,2025-08-28,Paid Ads,Australia,SMB
CUST-104541,2024-12-05,Direct,India,SMB
CUST-104542,2024-12-16,Organic Search,United States,Enterprise
CUST-104543,2025-03-22,Referral,Germany,SMB
CUST-104544,2024-08-14,Organic Search,United States,Mid-Market
CUST-104545,2024-09-08,Organic Search,United States,Mid-Market
CUST-104546,2025-10-02,Email Campaign,United States,SMB
CUST-104547,2025-04-23,Organic Search,France,SMB
CUST-104548,2024-02-04,Social Media,United States,SMB
CUST-104549,2025-03-29,Organic Search,United Kingdom,SMB
CUST-104550,2024-02-05,Paid Ads,United States,SMB
CUST-104551,2024-05-18,Referral,United States,Mid-Market
CUST-104552,2024-10-31,email campaign,United States,SMB
CUST-104553,2025-10-25,Direct,United Kingdom,Mid-Market
CUST-104554,2025-03-14,paid ads,United States,SMB
CUST-104555,2025-03-16,Direct,United States,SMB
CUST-104556,2024-07-14,Direct,Germany,SMB
CUST-104557,2025-02-17,Direct,India,Enterprise
CUST-104558,2024-10-16,Referral,United States,SMB
CUST-104559,2024-08-01,Organic Search,France,Enterprise
CUST-104560,2025-08-07,Referral,Canada,Mid-Market
CUST-104561,2025-09-04,Email Campaign,United States,Enterprise
CUST-104562,2024-02-05,Referral,Germany,SMB
CUST-104563,2024-10-15,Referral,India,SMB
CUST-104564,2025-03-22,Paid Ads,United States,Mid-Market
CUST-104565,2024-09-20,Direct,United States,SMB
CUST-104566,2025-08-22,Email Campaign,Australia,Mid-Market
CUST-104567,2024-04-16,Paid Ads,United States,Enterprise
CUST-104568,2024-01-17,Organic Search,United States,Mid-Market
CUST-104569,2024-06-16,Organic Search,United States,SMB
CUST-104570,2024-11-07,Social Media,United States,Mid-Market
CUST-104571,2024-06-14,Paid Ads,Canada,Mid-Market
CUST-104572,2024-03-06,Direct,Canada,SMB
CUST-104573,2024-05-11,Organic Search,United Kingdom,SMB
CUST-104574,2024-12-03,Referral,Netherlands,SMB
CUST-104575,2024-02-20,Paid Ads,United States,Mid-Market
CUST-104576,2024-09-18,Referral,United States,SMB
CUST-104577,2025-08-11,Referral,Netherlands,Enterprise
CUST-104578,2025-11-26,Paid Ads,United Kingdom,SMB
CUST-104579,2025-01-31,organic search,Germany,SMB
CUST-104580,2025-09-27,Direct,United Kingdom,SMB
CUST-104581,2024-02-21,Direct,United States,Mid-Market
CUST-104582,2025-01-28,Paid Ads,United States,SMB
CUST-104583,2024-11-22,Email Campaign,Germany,SMB
CUST-104584,2025-05-26,Referral,United Kingdom,SMB
CUST-104585,2025-01-02,Direct,United States,Enterprise
CUST-104586,2025-04-26,Paid Ads,United States,SMB
CUST-104587,2024-12-11,Paid Ads,India,Mid-Market
CUST-104588,2024-10-25,Email Campaign,United States,SMB
CUST-104589,2024-11-28,Organic Search,United States,SMB
CUST-104590,2024-03-11,Email Campaign,Germany,SMB
CUST-104591,2024-05-27,Direct,India,SMB
CUST-104592,2025-07-01,outbound_sales,United States,Mid-Market
CUST-104593,2025-04-26,Direct,Canada,SMB
CUST-104594,2025-02-22,Organic Search,Australia,SMB
CUST-104595,2024-06-06,Social Media,United Kingdom,SMB
CUST-104596,2024-12-06,Email Campaign,United Kingdom,Mid-Market
CUST-104597,2025-09-15,Email Campaign,United States,SMB
CUST-104598,2025-08-15,Organic Search,Canada,SMB
CUST-104599,2025-05-02,Referral,India,Enterprise
CUST-104600,2025-05-13,Organic Search,United States,Enterprise
CUST-104601,2024-04-22,organic search,United States,SMB
CUST-104602,2024-11-21,Social Media,United Kingdom,SMB
CUST-104603,2025-05-18,Paid Ads,United Kingdom,Enterprise
CUST-104604,2025-05-25,Referral,France,SMB
CUST-104605,2024-12-10,Referral,Germany,SMB
CUST-104606,2025-03-18,Organic Search,Canada,SMB
CUST-104607,2024-02-15,Direct,Netherlands,SMB
CUST-104608,2024-05-23,paid ads,United States,Mid-Market
CUST-104609,2024-07-14,Direct,United States,SMB
CUST-104610,2025-03-26,Referral,United Kingdom,SMB
CUST-104611,2025-09-16,Paid Ads,France,Mid-Market
CUST-104612,2025-03-11,Email Campaign,Netherlands,Mid-Market
CUST-104613,2024-07-25,Organic Search,United Kingdom,Mid-Market
CUST-104614,2024-11-23,Email Campaign,United Kingdom,SMB
CUST-104615,2024-10-10,Organic Search,United Kingdom,SMB
CUST-104616,2024-06-21,outbound_sales,United Kingdom,Mid-Market
CUST-104617,2025-07-15,Paid Ads,Germany,SMB
CUST-104618,2025-05-07,Paid Ads,United Kingdom,SMB
CUST-104619,2024-07-16,Email Campaign,United States,SMB
CUST-104620,2025-11-03,outbound_sales,Australia,SMB
CUST-104621,2025-06-26,Social Media,India,SMB
CUST-104622,2024-06-02,Paid Ads,United States,SMB
CUST-104623,2024-12-14,Referral,United States,SMB
CUST-104624,2025-03-06,Social Media,United States,SMB
CUST-104625,2025-10-31,Paid Ads,United Kingdom,SMB
CUST-104626,2024-06-04,Direct,United States,Mid-Market
CUST-104627,2024-02-06,Email Campaign,India,Enterprise
CUST-104628,2024-10-06,Direct,Canada,SMB
CUST-104629,2025-11-18,Direct,United States,SMB
CUST-104630,2024-11-26,Email Campaign,United States,Mid-Market
CUST-104631,2024-11-17,Paid Ads,Germany,SMB
CUST-104632,2025-07-11,Referral,Germany,Mid-Market
CUST-104633,2025-04-18,Paid Ads,United States,SMB
CUST-104634,2024-02-29,Referral,United States,SMB
CUST-104635,2025-10-04,Paid Ads,United States,SMB
CUST-104636,2025-07-17,Paid Ads,United States,SMB
CUST-104637,2024-01-18,Email Campaign,United States,SMB
CUST-104638,2025-11-28,Organic Search,United States,SMB
CUST-104639,2024-01-29,Referral,United States,SMB
CUST-104640,2025-07-13,Organic Search,France,SMB
CUST-104641,2025-10-21,Paid Ads,Germany,Mid-Market
CUST-104642,2024-05-17,direct,United States,Mid-Market
CUST-104643,2025-02-15,paid ads,Canada,Enterprise
CUST-104644,2024-05-01,Organic Search,Germany,SMB
CUST-104645,2025-08-26,Referral,United States,SMB
CUST-104646,2024-10-08,Social Media,United Kingdom,Enterprise
CUST-104647,2024-11-07,Referral,United Kingdom,SMB
CUST-104648,2024-02-15,Paid Ads,United States,SMB
CUST-104649,2025-06-15,Email Campaign,India,Enterprise
CUST-104650,2024-12-28,Email Campaign,United States,SMB
CUST-104651,2024-04-13,Email Campaign,India,Mid-Market
CUST-104652,2024-04-12,Paid Ads,United States,SMB
CUST-104653,2024-11-21,Paid Ads,Australia,SMB
CUST-104654,2025-06-21,Paid Ads,Germany,Mid-Market
CUST-104655,2024-10-07,Email Campaign,United States,SMB
CUST-104656,2025-06-05,Referral,United States,SMB
CUST-104657,2025-05-09,Social Media,Germany,Mid-Market
CUST-104658,2024-08-20,outbound_sales,India,Mid-Market
CUST-104659,2025-07-02,outbound_sales,United States,SMB
CUST-104660,2025-06-30,Referral,Canada,SMB
CUST-104661,2025-04-06,Referral,United Kingdom,Mid-Market
CUST-104662,2025-10-16,outbound_sales,India,SMB
CUST-104663,2025-06-08,Paid Ads,United States,SMB
CUST-104664,2024-01-26,Social Media,Netherlands,Mid-Market
CUST-104665,2025-03-13,Social Media,India,SMB
CUST-104666,2024-05-17,Referral,United Kingdom,Mid-Market
CUST-104667,2024-08-01,Direct,United States,Enterprise
CUST-104668,2024-06-13,Referral,Canada,SMB
CUST-104669,2024-04-16,Paid Ads,Netherlands,Mid-Market
CUST-104670,2024-02-08,Organic Search,India,SMB
CUST-104671,2025-11-08,Paid Ads,United States,Mid-Market
CUST-104672,2024-11-03,Organic Search,India,Mid-Market
CUST-104673,2024-12-21,Referral,United States,SMB
CUST-104674,2025-02-02,Organic Search,United Kingdom,SMB
CUST-104675,2025-01-28,Direct,Canada,SMB
CUST-104676,2024-12-19,Email Campaign,United Kingdom,SMB
CUST-104677,2025-10-04,Paid Ads,Canada,Enterprise
CUST-104678,2025-03-10,Organic Search,United States,SMB
CUST-104679,2024-06-18,Organic Search,Germany,SMB
CUST-104680,2025-10-23,Direct,United States,Enterprise
CUST-104681,2024-11-03,Direct,Germany,SMB
CUST-104682,2025-08-27,Paid Ads,United Kingdom,Mid-Market
CUST-104683,2024-10-21,Organic Search,Netherlands,SMB
CUST-104684,2024-05-08,Referral,United States,SMB
CUST-104685,2024-07-25,Email Campaign,United States,SMB
CUST-104686,2025-10-11,Paid Ads,France,SMB
CUST-104687,2025-08-22,Paid Ads,India,SMB
CUST-104688,2025-03-01,Paid Ads,United Kingdom,SMB
CUST-104689,2025-03-01,Paid Ads,France,SMB
CUST-104690,2025-02-07,Social Media,United States,Mid-Market
CUST-104691,2024-05-17,Email Campaign,India,SMB
CUST-104692,2024-08-13,Paid Ads,Germany,SMB
CUST-104693,2024-08-01,Email Campaign,Netherlands,SMB
CUST-104694,2025-05-14,Paid Ads,Canada,SMB
CUST-104695,2025-09-21,Organic Search,United States,SMB
CUST-104696,2024-05-03,Paid Ads,United States,SMB
CUST-104697,2024-12-24,Organic Search,United States,SMB
CUST-104698,2024-11-10,Organic Search,India,Mid-Market
CUST-104699,2025-01-27,Organic Search,Canada,SMB
CUST-104700,2025-08-21,Email Campaign,United States,Enterprise
CUST-104701,2025-09-19,Referral,United States,Mid-Market
CUST-104702,2025-05-12,Email Campaign,United States,Mid-Market
CUST-104703,2024-11-01,Referral,United States,Enterprise
CUST-104704,2025-07-14,Paid Ads,Netherlands,Mid-Market
CUST-104705,2024-03-06,Email Campaign,Netherlands,Mid-Market
CUST-104706,2024-10-04,Email Campaign,France,SMB
CUST-104707,2025-05-07,Organic Search,United Kingdom,SMB
CUST-104708,2024-11-03,Paid Ads,United States,SMB
CUST-104709,2025-01-04,Paid Ads,Canada,Mid-Market
CUST-104710,2025-05-08,Paid Ads,India,SMB
CUST-104711,2024-09-23,Email Campaign,Germany,SMB
CUST-104712,2024-11-20,Organic Search,United States,Mid-Market
CUST-104713,2025-08-20,Paid Ads,United States,SMB
CUST-104714,2024-04-07,Paid Ads,United States,SMB
CUST-104715,2024-02-22,Organic Search,Canada,SMB
CUST-104716,2024-03-28,Paid Ads,Germany,SMB
CUST-104717,2024-09-13,Organic Search,United Kingdom,SMB
CUST-104718,2024-01-16,Paid Ads,United Kingdom,SMB
CUST-104719,2025-09-21,Referral,Germany,SMB
CUST-104720,2024-12-04,Email Campaign,India,SMB
CUST-104721,2024-01-03,Organic Search,United Kingdom,SMB
CUST-104722,2024-03-14,Paid Ads,United States,Mid-Market
CUST-104723,2025-02-17,Organic Search,United States,SMB
CUST-104724,2025-03-18,Direct,Netherlands,Mid-Market
CUST-104725,2024-01-20,Referral,Australia,SMB
CUST-104726,2024-04-07,Organic Search,Canada,SMB
CUST-104727,2024-02-07,Organic Search,United States,SMB
CUST-104728,2024-05-25,Organic Search,Netherlands,SMB
CUST-104729,2024-07-29,Direct,United Kingdom,SMB
CUST-104730,2024-10-11,Organic Search,Netherlands,SMB
CUST-104731,2024-05-13,Organic Search,United States,SMB
CUST-104732,2024-01-29,Organic Search,Germany,SMB
CUST-104733,2024-03-18,Organic Search,United States,SMB
CUST-104734,2025-08-12,Organic Search,United States,SMB
CUST-104735,2025-01-22,Social Media,United States,SMB
CUST-104736,2025-09-04,Paid Ads,India,SMB
CUST-104737,2024-05-09,Organic Search,United States,SMB
CUST-104738,2024-11-01,Referral,United Kingdom,SMB
CUST-104739,2025-06-08,Paid Ads,United States,SMB
CUST-104740,2025-08-20,Social Media,United States,Mid-Market
CUST-104741,2025-04-29,Referral,India,SMB
CUST-104742,2025-07-17,Referral,United States,SMB
CUST-104743,2024-12-30,Paid Ads,Canada,SMB
CUST-104744,2025-01-27,outbound_sales,United States,Mid-Market
CUST-104745,2024-03-08,Paid Ads,Canada,SMB
CUST-104746,2024-09-09,Direct,United Kingdom,SMB
CUST-104747,2024-11-03,Organic Search,United Kingdom,Enterprise
CUST-104748,2025-02-18,Direct,Germany,SMB
CUST-104749,2024-10-04,Social Media,United States,Mid-Market
CUST-104750,2024-12-12,Organic Search,Germany,Mid-Market
CUST-104751,2024-05-10,Email Campaign,Australia,SMB
CUST-104752,2024-09-12,Organic Search,United States,Enterprise
CUST-104753,2025-02-01,Paid Ads,Germany,SMB
CUST-104754,2024-03-24,Organic Search,United Kingdom,SMB
CUST-104755,2024-07-20,Email Campaign,United Kingdom,SMB
CUST-104756,2025-11-06,Paid Ads,United Kingdom,SMB
CUST-104757,2025-11-15,Referral,United States,SMB
CUST-104758,2024-05-30,Paid Ads,United Kingdom,SMB
CUST-104759,2025-07-13,Email Campaign,United States,SMB
CUST-104760,2025-11-20,Social Media,United States,SMB
CUST-104761,2025-11-02,organic search,United Kingdom,SMB
CUST-104762,2024-08-01,Paid Ads,United States,SMB
CUST-104763,2024-01-05,Social Media,United States,SMB
CUST-104764,2025-07-21,Social Media,United States,Mid-Market
CUST-104765,2024-10-08,Referral,United States,Enterprise
CUST-104766,2025-02-11,Email Campaign,Germany,SMB
CUST-104767,2025-02-10,Organic Search,Germany,Mid-Market
CUST-104768,2025-10-10,Organic Search,India,SMB
CUST-104769,2024-07-29,Social Media,United States,SMB
CUST-104770,2025-08-22,direct,Germany,Mid-Market
CUST-104771,2025-02-08,Direct,United States,Mid-Market
CUST-104772,2025-11-14,Organic Search,Germany,Mid-Market
CUST-104773,2024-10-26,Referral,United States,SMB
CUST-104774,2024-01-27,Paid Ads,Australia,SMB
CUST-104775,2025-09-06,Organic Search,United States,SMB
CUST-104776,2025-08-07,Organic Search,United States,Mid-Market
CUST-104777,2024-10-05,Email Campaign,United States,Mid-Market
CUST-104778,2024-08-25,Paid Ads,United States,SMB
CUST-104779,2025-05-08,Referral,United States,Mid-Market
CUST-104780,2024-04-12,Paid Ads,India,SMB
CUST-104781,2024-03-31,Email Campaign,France,Mid-Market
CUST-104782,2024-08-09,Organic Search,Netherlands,Enterprise
CUST-104783,2025-02-14,Organic Search,United States,Mid-Market
CUST-104784,2025-11-04,Organic Search,United States,Mid-Market
CUST-104785,2024-06-14,Direct,United States,SMB
CUST-104786,2025-03-03,Direct,France,SMB
CUST-104787,2024-02-03,email campaign,United States,SMB
CUST-104788,2024-10-25,Organic Search,France,Mid-Market
CUST-104789,2024-12-03,Paid Ads,United States,SMB
CUST-104790,2024-11-22,Organic Search,United Kingdom,Mid-Market
CUST-104791,2025-11-18,Organic Search,India,Enterprise
CUST-104792,2025-07-10,Paid Ads,United States,Mid-Market
CUST-104793,2024-03-29,Email Campaign,United States,Mid-Market
CUST-104794,2024-04-10,referral,United States,Mid-Market
CUST-104795,2024-05-18,Paid Ads,United Kingdom,Mid-Market
CUST-104796,2025-06-17,Referral,Germany,SMB
CUST-104797,2025-06-30,Paid Ads,Germany,SMB
CUST-104798,2024-03-17,Email Campaign,Germany,Enterprise
CUST-104799,2025-06-06,Paid Ads,United States,Mid-Market
CUST-104800,2024-03-14,Organic Search,Canada,SMB
CUST-104801,2025-05-26,Paid Ads,Netherlands,Mid-Market
CUST-104802,2025-08-14,outbound_sales,United States,SMB
CUST-104803,2024-10-17,Direct,United States,SMB
CUST-104804,2024-08-11,Paid Ads,United States,Mid-Market
CUST-104805,2024-07-08,Paid Ads,United States,SMB
CUST-104806,2024-06-20,outbound_sales,United States,Mid-Market
CUST-104807,2024-03-17,Organic Search,Germany,SMB
CUST-104808,2024-03-07,Social Media,United Kingdom,SMB
CUST-104809,2024-10-09,Paid Ads,Australia,SMB
CUST-104810,2024-10-16,Paid Ads,Netherlands,SMB
CUST-104811,2024-02-01,Paid Ads,Germany,SMB
CUST-104812,2025-03-19,Paid Ads,France,Enterprise
CUST-104813,2025-01-07,Email Campaign,United States,SMB
CUST-104814,2025-04-04,Referral,United States,SMB
CUST-104815,2025-10-31,Paid Ads,United States,SMB
CUST-104816,2025-05-02,Organic Search,United States,SMB
CUST-104817,2024-10-08,Organic Search,United States,Enterprise
CUST-104818,2025-10-25,Social Media,United Kingdom,SMB
CUST-104819,2025-06-08,paid ads,India,Mid-Market
CUST-104820,2025-10-15,outbound_sales,United States,SMB
CUST-104821,2024-10-05,outbound_sales,India,SMB
CUST-104822,2024-05-24,Organic Search,United States,SMB
CUST-104823,2024-05-04,Paid Ads,India,SMB
CUST-104824,2025-07-19,organic search,United States,SMB
CUST-104825,2024-10-11,Paid Ads,India,SMB
CUST-104826,2025-09-12,Referral,United States,SMB
CUST-104827,2025-07-21,Paid Ads,Germany,SMB
CUST-104828,2024-04-14,email campaign,France,SMB
CUST-104829,2024-11-17,Organic Search,Netherlands,Enterprise
CUST-104830,2024-06-17,Email Campaign,United Kingdom,SMB
CUST-104831,2025-03-23,Paid Ads,Germany,Enterprise
CUST-104832,2025-05-16,Referral,United States,Mid-Market
CUST-104833,2024-01-30,organic search,United Kingdom,Mid-Market
CUST-104834,2024-11-03,Organic Search,United States,Mid-Market
CUST-104835,2024-09-05,Paid Ads,Germany,Mid-Market
CUST-104836,2025-06-06,Email Campaign,United States,Mid-Market
CUST-104837,2025-07-23,Paid Ads,United Kingdom,Mid-Market
CUST-104838,2025-07-17,Organic Search,United States,SMB
CUST-104839,2025-09-16,Organic Search,United States,Mid-Market
CUST-104840,2025-07-26,Referral,Netherlands,Mid-Market
CUST-104841,2025-07-25,Referral,United States,SMB
CUST-104842,2025-11-07,Referral,Australia,SMB
CUST-104843,2024-09-02,Direct,United States,SMB
CUST-104844,2024-12-05,Referral,France,Enterprise
CUST-104845,2025-08-29,Referral,Germany,SMB
CUST-104846,2024-07-10,Referral,Canada,Mid-Market
CUST-104847,2025-03-16,Referral,United States,SMB
CUST-104848,2025-06-16,Referral,United Kingdom,SMB
CUST-104849,2024-02-19,Paid Ads,United Kingdom,SMB
CUST-104850,2024-10-06,Paid Ads,Australia,SMB
CUST-104851,2025-03-30,Paid Ads,France,SMB
CUST-104852,2024-11-02,Referral,United Kingdom,SMB
CUST-104853,2024-01-21,Paid Ads,United States,Mid-Market
CUST-104854,2024-06-13,Referral,India,SMB
CUST-104855,2025-05-25,Direct,United States,Mid-Market
CUST-104856,2025-06-28,Paid Ads,United States,Mid-Market
CUST-104857,2024-06-27,Organic Search,United Kingdom,Mid-Market
CUST-104858,2025-04-10,Email Campaign,United States,Mid-Market
CUST-104859,2025-02-11,Referral,United States,SMB
CUST-104860,2025-08-21,Social Media,United States,Mid-Market
CUST-104861,2025-01-22,Organic Search,United States,SMB
CUST-104862,2024-08-06,Organic Search,United States,Mid-Market
CUST-104863,2024-10-25,Paid Ads,France,Mid-Market
CUST-104864,2025-07-04,Social Media,United States,SMB
CUST-104865,2024-01-21,Social Media,United States,SMB
CUST-104866,2025-09-24,Referral,United Kingdom,SMB
CUST-104867,2024-06-09,Referral,India,SMB
CUST-104868,2025-04-20,Referral,Canada,Enterprise
CUST-104869,2024-09-03,Referral,Australia,SMB
CUST-104870,2024-01-06,Paid Ads,Netherlands,Mid-Market
CUST-104871,2024-08-08,Organic Search,United States,SMB
CUST-104872,2025-06-28,Email Campaign,India,SMB
CUST-104873,2025-03-04,Organic Search,Germany,SMB
CUST-104874,2024-09-06,Organic Search,Germany,SMB
CUST-104875,2025-09-10,Organic Search,United States,SMB
CUST-104876,2025-10-25,Paid Ads,United States,SMB
CUST-104877,2025-01-20,Email Campaign,Germany,Mid-Market
CUST-104878,2025-01-12,Paid Ads,Germany,SMB
CUST-104879,2025-09-28,Direct,United States,SMB
CUST-104880,2024-12-18,Email Campaign,Netherlands,SMB
CUST-104881,2025-01-29,Referral,United Kingdom,Enterprise
CUST-104882,2024-03-18,Paid Ads,United States,SMB
CUST-104883,2024-09-07,Paid Ads,Canada,SMB
CUST-104884,2024-12-27,Organic Search,Germany,Enterprise
CUST-104885,2025-11-17,Paid Ads,United Kingdom,Enterprise
CUST-104886,2024-12-14,Organic Search,United States,SMB
CUST-104887,2025-03-04,Organic Search,United States,SMB
CUST-104888,2025-10-25,Paid Ads,United Kingdom,SMB
CUST-104889,2025-10-01,Organic Search,United States,SMB
CUST-104890,2025-05-04,Referral,Germany,SMB
CUST-104891,2025-05-04,Referral,United States,SMB
CUST-104892,2025-12-01,Paid Ads,United Kingdom,SMB
CUST-104893,2024-05-21,Paid Ads,Germany,Mid-Market
CUST-104894,2025-01-11,Paid Ads,Australia,SMB
CUST-104895,2024-06-04,Referral,United States,SMB
CUST-104896,2024-09-07,Paid Ads,United States,Enterprise
CUST-104897,2025-07-04,Referral,Germany,Mid-Market
CUST-104898,2024-03-15,Organic Search,United States,SMB
CUST-104899,2025-05-29,Direct,United States,SMB
CUST-104900,2025-07-02,Email Campaign,United States,Mid-Market
CUST-104901,2025-11-30,Paid Ads,United States,SMB
CUST-104902,2024-08-03,Social Media,United States,SMB
CUST-104903,2025-11-14,Direct,India,Mid-Market
CUST-104904,2025-03-14,Paid Ads,United States,SMB
CUST-104905,2024-08-13,Direct,United States,Mid-Market
CUST-104906,2024-10-13,Paid Ads,United States,Enterprise
CUST-104907,2025-05-15,Social Media,United States,SMB
CUST-104908,2025-01-30,Referral,Netherlands,SMB
CUST-104909,2024-10-27,Referral,United States,SMB
CUST-104910,2024-10-21,Email Campaign,India,SMB
CUST-104911,2024-05-21,Paid Ads,France,SMB
CUST-104912,2025-03-04,Paid Ads,United Kingdom,SMB
CUST-104913,2025-11-19,Organic Search,United Kingdom,SMB
CUST-104914,2025-03-03,Email Campaign,United States,Enterprise
CUST-104915,2024-01-23,Referral,Germany,SMB
CUST-104916,2024-10-02,Direct,United States,SMB
CUST-104917,2025-11-03,Paid Ads,United States,SMB
CUST-104918,2025-05-20,Paid Ads,Netherlands,Mid-Market
CUST-104919,2025-11-15,Email Campaign,United States,Enterprise
CUST-104920,2025-08-03,Paid Ads,Australia,SMB
CUST-104921,2024-10-25,Email Campaign,United States,SMB
CUST-104922,2025-09-17,Paid Ads,United States,SMB
CUST-104923,2024-05-27,Email Campaign,United States,SMB
CUST-104924,2024-02-27,Social Media,Germany,SMB
CUST-104925,2025-02-08,Paid Ads,Canada,SMB
CUST-104926,2025-02-20,Referral,Germany,Mid-Market
CUST-104927,2025-06-16,Paid Ads,United States,SMB
CUST-104928,2024-06-04,Organic Search,France,SMB
CUST-104929,2025-11-23,Paid Ads,United Kingdom,SMB
CUST-104930,2024-09-16,Email Campaign,India,SMB
CUST-104931,2024-08-05,paid ads,United Kingdom,SMB
CUST-104932,2025-06-05,Organic Search,Netherlands,SMB
CUST-104933,2025-10-15,Organic Search,United States,SMB
CUST-104934,2025-11-24,Paid Ads,Australia,Mid-Market
CUST-104935,2025-09-05,Organic Search,United Kingdom,SMB
CUST-104936,2025-08-04,Email Campaign,United States,Mid-Market
CUST-104937,2025-09-28,Paid Ads,India,Enterprise
CUST-104938,2025-01-18,organic search,Germany,Mid-Market
CUST-104939,2024-04-20,Direct,United States,SMB
CUST-104940,2025-06-27,Email Campaign,Australia,SMB
CUST-104941,2024-02-19,Organic Search,United Kingdom,SMB
CUST-104942,2024-02-06,Paid Ads,Germany,SMB
CUST-104943,2024-09-04,Organic Search,United States,Mid-Market
CUST-104944,2024-08-06,Direct,United States,SMB
CUST-104945,2025-06-11,Referral,United Kingdom,SMB
CUST-104946,2024-02-21,Organic Search,Germany,SMB
CUST-104947,2025-06-12,Social Media,United States,SMB
CUST-104948,2025-04-06,Referral,United States,Enterprise
CUST-104949,2024-06-07,Direct,India,Mid-Market
CUST-104950,2025-09-12,Paid Ads,United Kingdom,Mid-Market
CUST-104951,2024-04-15,Paid Ads,United States,SMB
CUST-104952,2025-06-13,outbound_sales,United States,SMB
CUST-104953,2025-01-29,Paid Ads,United Kingdom,Mid-Market
CUST-104954,2024-07-22,Organic Search,United States,Mid-Market
CUST-104955,2024-01-29,Paid Ads,Netherlands,SMB
CUST-104956,2024-12-31,Referral,United States,SMB
CUST-104957,2024-06-02,Referral,United States,Enterprise
CUST-104958,2025-08-15,Referral,Canada,SMB
CUST-104959,2025-02-01,Paid Ads,United States,SMB
CUST-104960,2025-05-08,Paid Ads,United States,Mid-Market
CUST-104961,2024-10-01,Social Media,United Kingdom,SMB
CUST-104962,2024-01-05,Direct,Canada,SMB
CUST-104963,2024-12-15,Organic Search,Australia,SMB
CUST-104964,2025-01-28,Paid Ads,United Kingdom,SMB
CUST-104965,2024-03-12,Referral,India,Mid-Market
CUST-104966,2024-05-08,Direct,United States,SMB
CUST-104967,2024-09-01,Organic Search,United Kingdom,Mid-Market
CUST-104968,2024-01-08,Referral,United Kingdom,SMB
CUST-104969,2024-01-09,Referral,Canada,SMB
CUST-104970,2024-06-19,Social Media,India,SMB
CUST-104971,2024-04-28,Organic Search,Canada,SMB
CUST-104972,2025-05-07,Referral,France,SMB
CUST-104973,2024-03-03,Organic Search,Australia,SMB
CUST-104974,2024-05-24,Email Campaign,United States,SMB
CUST-104975,2025-05-15,Organic Search,Germany,SMB
CUST-104976,2025-05-10,Direct,Germany,SMB
CUST-104977,2025-09-25,Direct,Canada,Enterprise
CUST-104978,2025-11-25,Referral,Germany,SMB
CUST-104979,2025-09-16,Paid Ads,Canada,SMB
CUST-104980,2024-10-30,Organic Search,Germany,Mid-Market
CUST-104981,2024-08-28,Organic Search,Canada,SMB
CUST-104982,2025-01-10,Organic Search,France,Mid-Market
CUST-104983,2025-11-21,Paid Ads,Canada,SMB
CUST-104984,2024-07-24,Social Media,United States,Mid-Market
CUST-104985,2024-09-21,organic search,Germany,SMB
CUST-104986,2024-10-18,Paid Ads,United States,SMB
CUST-104987,2025-05-19,Email Campaign,Germany,SMB
CUST-104988,2024-02-08,Email Campaign,United States,SMB
CUST-104989,2024-06-04,Paid Ads,United States,SMB
CUST-104990,2025-07-27,Referral,United States,SMB
CUST-104991,2024-12-10,Referral,India,Enterprise
CUST-104992,2024-11-22,Paid Ads,United Kingdom,SMB
CUST-104993,2024-04-01,Referral,United States,SMB
CUST-104994,2024-04-03,Direct,United States,Enterprise
CUST-104995,2025-02-27,outbound_sales,United States,SMB
CUST-104996,2024-06-08,Organic Search,United States,Enterprise
CUST-104997,2024-05-22,Direct,United States,SMB
CUST-104998,2024-05-25,Paid Ads,United Kingdom,SMB
CUST-104999,2024-06-19,outbound_sales,United Kingdom,SMB
CUST-105000,2024-02-05,email campaign,Canada,Mid-Market
CUST-105001,2025-02-04,Referral,United States,Mid-Market
CUST-105002,2024-01-18,Paid Ads,Germany,SMB
CUST-105003,2024-08-01,Direct,United Kingdom,SMB
CUST-105004,2024-07-26,Email Campaign,Australia,Mid-Market
CUST-105005,2024-08-28,Paid Ads,United Kingdom,Mid-Market
CUST-105006,2025-09-04,email campaign,India,SMB
CUST-105007,2024-02-29,Organic Search,United States,SMB
CUST-105008,2025-08-25,Organic Search,United Kingdom,SMB
CUST-105009,2024-11-13,Direct,United Kingdom,SMB
CUST-105010,2024-08-24,Paid Ads,France,SMB
CUST-105011,2025-09-06,Email Campaign,Germany,SMB
CUST-105012,2024-02-20,Social Media,Canada,SMB
CUST-105013,2024-03-31,Organic Search,United States,SMB
CUST-105014,2024-01-26,Paid Ads,India,SMB
CUST-105015,2025-10-12,Paid Ads,United States,Mid-Market
CUST-105016,2025-08-08,Paid Ads,United Kingdom,Mid-Market
CUST-105017,2025-04-13,Direct,Australia,Enterprise
CUST-105018,2024-03-31,Organic Search,United States,SMB
CUST-105019,2024-09-07,Organic Search,Germany,SMB
CUST-105020,2025-04-03,Referral,United States,SMB
CUST-105021,2024-05-07,Email Campaign,United States,SMB
CUST-105022,2025-02-21,Email Campaign,United States,SMB
CUST-105023,2025-02-19,Direct,United Kingdom,Mid-Market
CUST-105024,2025-05-22,Paid Ads,India,SMB
CUST-105025,2024-08-09,Paid Ads,United States,SMB
CUST-105026,2025-11-13,Paid Ads,United States,Mid-Market
CUST-105027,2025-10-17,Organic Search,France,SMB
CUST-105028,2025-03-11,Paid Ads,United Kingdom,Mid-Market
CUST-105029,2025-08-06,Email Campaign,United States,SMB
CUST-105030,2025-02-08,outbound_sales,United States,SMB
CUST-105031,2025-09-08,referral,Canada,Enterprise
CUST-105032,2024-10-25,Referral,United States,SMB
CUST-105033,2024-05-18,Paid Ads,Germany,SMB
CUST-105034,2024-11-26,outbound_sales,India,SMB
CUST-105035,2024-07-11,social media,United States,Mid-Market
CUST-105036,2024-01-31,Social Media,Australia,Enterprise
CUST-105037,2025-03-27,Organic Search,France,SMB
CUST-105038,2025-08-19,Organic Search,United States,Mid-Market
CUST-105039,2024-12-26,Direct,United States,SMB
CUST-105040,2024-03-23,Referral,India,SMB
CUST-105041,2024-02-27,Direct,United States,SMB
CUST-105042,2024-07-07,Paid Ads,Germany,SMB
CUST-105043,2025-04-02,Referral,Australia,SMB
CUST-105044,2024-02-20,Referral,Germany,Mid-Market
CUST-105045,2024-01-19,Organic Search,Canada,SMB
CUST-105046,2024-03-06,Referral,United States,SMB
CUST-105047,2024-06-24,Referral,Netherlands,SMB
CUST-105048,2024-12-18,Organic Search,United States,SMB
CUST-105049,2025-09-11,Organic Search,United States,SMB
CUST-105050,2024-02-12,organic search,France,SMB
CUST-105051,2024-05-19,Direct,Canada,Enterprise
CUST-105052,2025-03-09,Organic Search,Canada,SMB
CUST-105053,2025-04-25,social media,Canada,SMB
CUST-105054,2024-11-30,Paid Ads,Canada,SMB
CUST-105055,2024-10-10,Paid Ads,France,Enterprise
CUST-105056,2025-02-21,Referral,Australia,SMB
CUST-105057,2025-07-09,Social Media,Canada,SMB
CUST-105058,2025-01-16,Organic Search,United States,SMB
CUST-105059,2025-03-15,Direct,Netherlands,Mid-Market
CUST-105060,2025-06-10,Organic Search,Canada,SMB
CUST-105061,2024-10-30,Referral,India,Mid-Market
CUST-105062,2025-11-01,Referral,United Kingdom,SMB
CUST-105063,2025-05-21,Organic Search,Netherlands,Mid-Market
CUST-105064,2024-09-03,Organic Search,India,Mid-Market
CUST-105065,2025-06-21,Paid Ads,France,Enterprise
CUST-105066,2024-06-11,Email Campaign,Germany,Mid-Market
CUST-105067,2024-08-11,Referral,Germany,SMB
CUST-105068,2025-03-16,outbound_sales,Germany,Mid-Market
CUST-105069,2024-01-25,Email Campaign,India,SMB
CUST-105070,2024-02-02,Referral,United Kingdom,SMB
CUST-105071,2024-01-09,Organic Search,United States,SMB
CUST-105072,2025-09-09,Email Campaign,United Kingdom,Mid-Market
CUST-105073,2025-05-16,Social Media,India,SMB
CUST-105074,2024-12-19,Referral,Netherlands,SMB
CUST-105075,2024-01-30,Organic Search,United States,SMB
CUST-105076,2024-12-28,organic search,United States,Mid-Market
CUST-105077,2024-12-17,Organic Search,United States,SMB
CUST-105078,2024-12-17,Organic Search,United States,Enterprise
CUST-105079,2025-12-01,Email Campaign,Germany,Mid-Market
CUST-105080,2025-09-27,Direct,Canada,SMB
CUST-105081,2024-04-12,organic search,United States,SMB
CUST-105082,2024-06-19,Paid Ads,United States,SMB
CUST-105083,2025-07-18,Paid Ads,Germany,Enterprise
CUST-105084,2024-12-18,Organic Search,United States,SMB
CUST-105085,2024-07-16,Referral,Germany,SMB
CUST-105086,2024-03-23,Paid Ads,Canada,Enterprise
CUST-105087,2025-10-02,Organic Search,United States,SMB
CUST-105088,2024-11-07,Paid Ads,United States,Mid-Market
CUST-105089,2025-04-09,Email Campaign,France,SMB
CUST-105090,2025-07-10,Direct,United States,SMB
CUST-105091,2025-01-29,Organic Search,India,Mid-Market
CUST-105092,2025-05-02,Paid Ads,United Kingdom,Mid-Market
CUST-105093,2024-06-19,Email Campaign,United States,SMB
CUST-105094,2024-01-30,Paid Ads,United Kingdom,SMB
CUST-105095,2025-03-28,Paid Ads,United States,SMB
CUST-105096,2025-08-07,organic search,Germany,SMB
CUST-105097,2024-08-28,Social Media,Germany,Enterprise
CUST-105098,2025-05-20,Social Media,United States,SMB
CUST-105099,2025-09-22,Direct,United Kingdom,Enterprise
CUST-105100,2025-11-24,Email Campaign,United States,SMB
CUST-105101,2024-06-26,Social Media,United States,Mid-Market
CUST-105102,2025-06-27,Social Media,United Kingdom,SMB
CUST-105103,2024-04-02,Referral,Germany,SMB
CUST-105104,2024-09-05,Paid Ads,United States,Mid-Market
CUST-105105,2024-06-28,Email Campaign,United States,SMB
CUST-105106,2025-01-05,Email Campaign,United Kingdom,SMB
CUST-105107,2024-03-06,Organic Search,United States,SMB
CUST-105108,2025-10-05,Paid Ads,Australia,SMB
CUST-105109,2025-10-24,Paid Ads,United Kingdom,SMB
CUST-105110,2024-03-27,Direct,Germany,Mid-Market
CUST-105111,2025-08-22,Paid Ads,United States,SMB
CUST-105112,2025-02-21,Organic Search,Germany,Enterprise
CUST-105113,2025-09-11,Organic Search,Australia,Enterprise
CUST-105114,2025-04-07,Organic Search,United States,SMB
CUST-105115,2025-09-21,Organic Search,United States,SMB
CUST-105116,2025-09-25,Organic Search,United States,SMB
CUST-105117,2024-03-18,Email Campaign,United Kingdom,Mid-Market
CUST-105118,2025-05-10,Organic Search,United States,SMB
CUST-105119,2025-04-07,Paid Ads,United Kingdom,SMB
CUST-105120,2025-09-25,Direct,United States,Mid-Market
CUST-105121,2024-10-07,paid ads,United States,Enterprise
CUST-105122,2025-10-23,Paid Ads,India,SMB
CUST-105123,2025-09-19,Organic Search,United States,Enterprise
CUST-105124,2024-02-26,Organic Search,United States,SMB
CUST-105125,2024-02-18,Organic Search,Canada,SMB
CUST-105126,2024-07-29,Paid Ads,Germany,SMB
CUST-105127,2025-10-02,Organic Search,Canada,SMB
CUST-105128,2025-07-08,Paid Ads,United States,Mid-Market
CUST-105129,2025-11-11,Organic Search,United States,SMB
CUST-105130,2024-04-12,Organic Search,United States,SMB
CUST-105131,2024-06-12,Organic Search,United States,SMB
CUST-105132,2025-01-05,Email Campaign,United States,Mid-Market
CUST-105133,2024-03-19,Direct,Germany,SMB
CUST-105134,2025-10-14,Paid Ads,United States,SMB
CUST-105135,2025-11-23,Referral,United States,Enterprise
CUST-105136,2024-09-08,Email Campaign,Germany,SMB
CUST-105137,2024-11-09,Referral,United Kingdom,SMB
CUST-105138,2024-12-28,Organic Search,United States,Mid-Market
CUST-105139,2025-04-30,Social Media,United Kingdom,SMB
CUST-105140,2025-01-08,Direct,United States,Mid-Market
CUST-105141,2025-09-13,Paid Ads,United States,SMB
CUST-105142,2024-03-23,Email Campaign,Australia,SMB
CUST-105143,2024-09-28,Email Campaign,United States,SMB
CUST-105144,2025-09-12,Paid Ads,Germany,SMB
CUST-105145,2024-04-27,Referral,United Kingdom,SMB
CUST-105146,2025-04-01,Email Campaign,India,Mid-Market
CUST-105147,2025-05-27,Paid Ads,United States,SMB
CUST-105148,2025-02-14,Organic Search,Canada,Mid-Market
CUST-105149,2025-03-27,Referral,France,SMB
CUST-105150,2025-04-14,Organic Search,United Kingdom,Mid-Market
CUST-105151,2024-10-20,Direct,United States,Mid-Market
CUST-105152,2025-11-02,Social Media,Canada,SMB
CUST-105153,2024-03-11,Paid Ads,Canada,Mid-Market
CUST-105154,2025-03-10,Organic Search,United States,SMB
CUST-105155,2024-03-14,Direct,United States,SMB
CUST-105156,2025-10-03,Referral,United States,SMB
CUST-105157,2025-09-07,Paid Ads,United Kingdom,SMB
CUST-105158,2025-03-01,Paid Ads,United States,SMB
CUST-105159,2025-07-05,outbound_sales,United States,SMB
CUST-105160,2024-01-23,Organic Search,United Kingdom,Mid-Market
CUST-105161,2024-01-29,Paid Ads,United States,Mid-Market
CUST-105162,2024-08-21,Paid Ads,United States,Mid-Market
CUST-105163,2025-08-13,outbound_sales,Canada,SMB
CUST-105164,2025-08-31,Organic Search,Germany,SMB
CUST-105165,2024-12-03,Referral,United States,SMB
CUST-105166,2025-01-21,Email Campaign,Germany,SMB
CUST-105167,2025-04-07,Organic Search,United Kingdom,SMB
CUST-105168,2024-07-16,Organic Search,United Kingdom,SMB
CUST-105169,2025-02-14,Referral,India,SMB
CUST-105170,2025-06-22,Referral,India,Mid-Market
CUST-105171,2025-08-13,Paid Ads,United States,SMB
CUST-105172,2024-02-28,Paid Ads,France,SMB
CUST-105173,2024-04-23,Paid Ads,India,Mid-Market
CUST-105174,2024-12-30,Paid Ads,United States,SMB
CUST-105175,2024-01-10,Paid Ads,United Kingdom,SMB
CUST-105176,2024-11-16,Paid Ads,United States,Enterprise
CUST-105177,2024-04-06,Organic Search,United Kingdom,Enterprise
CUST-105178,2025-04-04,Direct,Canada,Mid-Market
CUST-105179,2025-09-03,Paid Ads,United States,SMB
CUST-105180,2024-03-13,Organic Search,India,SMB
CUST-105181,2025-08-27,Referral,Australia,SMB
CUST-105182,2024-06-19,Email Campaign,United States,SMB
CUST-105183,2025-05-26,Organic Search,Netherlands,SMB
CUST-105184,2024-06-24,Organic Search,United States,Enterprise
CUST-105185,2024-05-03,Direct,United States,SMB
CUST-105186,2024-12-03,Paid Ads,United States,Mid-Market
CUST-105187,2025-09-08,Direct,United States,Mid-Market
CUST-105188,2024-10-29,Paid Ads,Canada,SMB
CUST-105189,2025-03-07,Social Media,India,SMB
CUST-105190,2025-08-23,Referral,India,SMB
CUST-105191,2024-08-11,Referral,United States,Enterprise
CUST-105192,2024-12-16,Organic Search,India,SMB
CUST-105193,2024-07-07,Paid Ads,Australia,SMB
CUST-105194,2024-09-17,Direct,India,Mid-Market
CUST-105195,2024-04-18,Direct,Netherlands,Mid-Market
CUST-105196,2024-02-08,Organic Search,United Kingdom,SMB
CUST-105197,2025-01-01,Paid Ads,India,Mid-Market
CUST-105198,2024-11-21,Organic Search,United States,SMB
CUST-105199,2024-09-05,Organic Search,Canada,SMB
CUST-105200,2025-11-08,Email Campaign,Canada,SMB
CUST-105201,2025-03-14,Email Campaign,United States,Mid-Market
CUST-105202,2025-04-20,Organic Search,United States,Mid-Market
CUST-105203,2025-09-17,Referral,United States,SMB
CUST-105204,2024-07-11,Paid Ads,France,Enterprise
CUST-105205,2025-06-04,Organic Search,Australia,SMB
CUST-105206,2024-07-15,Social Media,United Kingdom,SMB
CUST-105207,2025-05-05,Referral,Canada,Enterprise
CUST-105208,2024-07-03,Paid Ads,Germany,SMB
CUST-105209,2024-10-03,Organic Search,Germany,Mid-Market
CUST-105210,2024-08-23,Direct,United States,Mid-Market
CUST-105211,2024-08-28,Paid Ads,United States,SMB
CUST-105212,2024-04-12,Referral,United States,SMB
CUST-105213,2025-07-20,Direct,United States,Mid-Market
CUST-105214,2024-06-10,Email Campaign,United States,Mid-Market
CUST-105215,2025-09-07,Paid Ads,United States,Mid-Market
CUST-105216,2024-04-30,Referral,United Kingdom,Mid-Market
CUST-105217,2025-03-02,outbound_sales,United States,Mid-Market
CUST-105218,2024-11-12,Paid Ads,United States,SMB
CUST-105219,2024-07-16,Paid Ads,United States,Mid-Market
CUST-105220,2024-11-28,outbound_sales,Germany,SMB
CUST-105221,2024-07-02,Paid Ads,United States,Enterprise
CUST-105222,2024-01-28,Referral,United States,SMB
CUST-105223,2025-08-14,Referral,United States,SMB
CUST-105224,2025-05-06,Paid Ads,United States,SMB
CUST-105225,2025-03-09,Referral,Canada,SMB
CUST-105226,2025-07-04,Paid Ads,United Kingdom,SMB
CUST-105227,2025-07-08,Email Campaign,United States,Mid-Market
CUST-105228,2024-08-24,Email Campaign,United States,SMB
CUST-105229,2024-06-01,Paid Ads,United States,Mid-Market
CUST-105230,2024-07-11,Paid Ads,United States,Mid-Market
CUST-105231,2025-07-05,Referral,France,SMB
CUST-105232,2024-04-14,Social Media,Canada,SMB
CUST-105233,2024-09-17,Email Campaign,United Kingdom,Mid-Market
CUST-105234,2024-10-21,Organic Search,United States,SMB
CUST-105235,2025-09-27,Social Media,United Kingdom,SMB
CUST-105236,2024-07-28,Paid Ads,India,SMB
CUST-105237,2025-07-26,Referral,France,Mid-Market
CUST-105238,2025-09-15,Paid Ads,Netherlands,SMB
CUST-105239,2024-01-09,Organic Search,United Kingdom,Enterprise
CUST-105240,2025-03-08,Paid Ads,United States,SMB
CUST-105241,2025-04-26,Paid Ads,United States,SMB
CUST-105242,2025-06-19,Organic Search,United States,SMB
CUST-105243,2024-10-07,Organic Search,United Kingdom,SMB
CUST-105244,2024-10-18,Email Campaign,Germany,SMB
CUST-105245,2025-03-20,Paid Ads,Germany,SMB
CUST-105246,2024-01-17,Paid Ads,United States,Mid-Market
CUST-105247,2024-01-23,Direct,India,SMB
CUST-105248,2024-09-24,Referral,Australia,SMB
CUST-105249,2024-08-08,Email Campaign,United States,Enterprise
CUST-105250,2025-04-03,Organic Search,United States,Mid-Market
CUST-105251,2024-11-29,Organic Search,United States,SMB
CUST-105252,2024-01-21,Email Campaign,United States,Mid-Market
CUST-105253,2025-11-30,Organic Search,United States,SMB
CUST-105254,2025-09-17,Direct,Netherlands,SMB
CUST-105255,2024-10-11,Paid Ads,Australia,SMB
CUST-105256,2025-02-22,Direct,United Kingdom,Enterprise
CUST-105257,2024-11-14,Organic Search,India,Mid-Market
CUST-105258,2024-07-01,Email Campaign,United Kingdom,SMB
CUST-105259,2025-08-24,Organic Search,United States,SMB
CUST-105260,2024-02-04,Direct,United States,Enterprise
CUST-105261,2024-09-03,Referral,Australia,Enterprise
CUST-105262,2024-06-25,Email Campaign,Australia,SMB
CUST-105263,2024-03-14,Referral,Canada,SMB
CUST-105264,2025-08-09,Organic Search,Canada,Mid-Market
CUST-105265,2025-11-18,paid ads,United States,SMB
CUST-105266,2024-03-27,Organic Search,United States,Mid-Market
CUST-105267,2025-08-14,Paid Ads,United States,Enterprise
CUST-105268,2024-08-01,Organic Search,United States,Enterprise
CUST-105269,2024-05-30,Social Media,Australia,SMB
CUST-105270,2025-01-20,Email Campaign,United States,SMB
CUST-105271,2024-05-30,Organic Search,United States,SMB
CUST-105272,2025-11-27,Paid Ads,Germany,SMB
CUST-105273,2025-09-04,Paid Ads,Canada,SMB
CUST-105274,2024-03-14,Referral,United States,SMB
CUST-105275,2025-03-07,Organic Search,Canada,Mid-Market
CUST-105276,2024-08-13,Direct,Australia,SMB
CUST-105277,2025-04-17,Paid Ads,United Kingdom,Mid-Market
CUST-105278,2025-02-01,Organic Search,United States,SMB
CUST-105279,2025-06-05,Referral,Australia,Enterprise
CUST-105280,2025-05-22,Paid Ads,United Kingdom,Mid-Market
CUST-105281,2024-10-06,Email Campaign,Germany,Enterprise
CUST-105282,2024-12-08,Organic Search,United States,SMB
CUST-105283,2024-09-16,Direct,India,Enterprise
CUST-105284,2025-05-02,paid ads,United States,SMB
CUST-105285,2024-06-02,Organic Search,India,SMB
CUST-105286,2024-11-11,Referral,United States,SMB
CUST-105287,2025-04-27,Email Campaign,Germany,SMB
CUST-105288,2024-02-29,Email Campaign,Germany,SMB
CUST-105289,2024-02-04,Email Campaign,United States,SMB
CUST-105290,2024-09-04,Email Campaign,Canada,SMB
CUST-105291,2024-12-07,Referral,United Kingdom,SMB
CUST-105292,2024-07-24,Direct,United States,SMB
CUST-105293,2025-10-08,Email Campaign,Australia,Mid-Market
CUST-105294,2024-02-07,Paid Ads,United States,Enterprise
CUST-105295,2024-03-12,Organic Search,United States,SMB
CUST-105296,2025-11-12,Paid Ads,United Kingdom,SMB
CUST-105297,2025-09-04,Paid Ads,Germany,SMB
CUST-105298,2024-03-23,Organic Search,United States,Mid-Market
CUST-105299,2025-04-03,Email Campaign,United States,SMB
CUST-105300,2024-11-09,Paid Ads,United Kingdom,SMB
CUST-105301,2025-10-25,Paid Ads,United Kingdom,SMB
CUST-105302,2025-08-20,Paid Ads,Germany,Mid-Market
CUST-105303,2025-07-14,Direct,Canada,SMB
CUST-105304,2024-05-16,Paid Ads,United States,SMB
CUST-105305,2025-06-23,Referral,United States,Mid-Market
CUST-105306,2024-08-25,Organic Search,United States,Mid-Market
CUST-105307,2024-10-19,Direct,United States,Mid-Market
CUST-105308,2025-09-30,Referral,United States,SMB
CUST-105309,2024-12-29,Organic Search,Australia,SMB
CUST-105310,2024-11-11,Paid Ads,United Kingdom,SMB
CUST-105311,2024-04-02,Paid Ads,Canada,SMB
CUST-105312,2025-04-11,Paid Ads,United States,SMB
CUST-105313,2025-09-12,Paid Ads,United States,Enterprise
CUST-105314,2025-11-19,Organic Search,Canada,Mid-Market
CUST-105315,2024-08-19,Direct,Netherlands,SMB
CUST-105316,2025-02-20,Paid Ads,France,Mid-Market
CUST-105317,2024-04-07,Organic Search,Netherlands,Enterprise
CUST-105318,2025-11-21,Organic Search,United States,SMB
CUST-105319,2025-03-04,Email Campaign,United Kingdom,SMB
CUST-105320,2025-09-28,Social Media,Canada,SMB
CUST-105321,2024-05-01,Paid Ads,Germany,SMB
CUST-105322,2025-09-26,Organic Search,United Kingdom,SMB
CUST-105323,2024-03-18,Social Media,Netherlands,SMB
CUST-105324,2025-01-04,Direct,India,Enterprise
CUST-105325,2025-04-16,Paid Ads,Germany,SMB
CUST-105326,2024-04-09,Referral,United States,Mid-Market
CUST-105327,2025-07-14,Direct,Canada,Mid-Market
CUST-105328,2025-06-29,Organic Search,United States,SMB
CUST-105329,2025-09-13,outbound_sales,United States,Enterprise
CUST-105330,2025-09-14,Direct,United Kingdom,Mid-Market
CUST-105331,2024-02-23,Direct,Canada,SMB
CUST-105332,2024-11-17,Organic Search,Australia,SMB
CUST-105333,2024-10-29,Email Campaign,United States,SMB
CUST-105334,2025-10-18,Paid Ads,United States,SMB
CUST-105335,2024-08-16,organic search,United States,SMB
CUST-105336,2025-03-27,Referral,Germany,SMB
CUST-105337,2025-02-21,Paid Ads,United Kingdom,Mid-Market
CUST-105338,2025-04-12,Paid Ads,India,SMB
CUST-105339,2024-11-08,Paid Ads,Australia,SMB
CUST-105340,2024-07-07,Referral,United States,SMB
CUST-105341,2025-09-04,Paid Ads,United States,SMB
CUST-105342,2025-09-24,Social Media,India,SMB
CUST-105343,2025-01-26,outbound_sales,United States,SMB
CUST-105344,2025-06-23,Referral,United States,SMB
CUST-105345,2024-05-06,Paid Ads,United States,Mid-Market
CUST-105346,2024-06-04,Email Campaign,Germany,SMB
CUST-105347,2025-02-15,Organic Search,Canada,Mid-Market
CUST-105348,2025-01-25,Social Media,United States,SMB
CUST-105349,2025-08-09,email campaign,Canada,Mid-Market
CUST-105350,2025-08-05,Organic Search,Germany,SMB
CUST-105351,2025-10-10,Paid Ads,United States,SMB
CUST-105352,2024-02-20,Email Campaign,United States,SMB
CUST-105353,2025-11-07,Paid Ads,India,SMB
CUST-105354,2024-05-11,Paid Ads,United States,SMB
CUST-105355,2025-09-16,Paid Ads,United States,SMB
CUST-105356,2024-02-15,Paid Ads,Netherlands,Mid-Market
CUST-105357,2024-01-24,Email Campaign,United States,SMB
CUST-105358,2024-01-17,Direct,United States,SMB
CUST-105359,2024-07-05,Paid Ads,United States,SMB
CUST-105360,2025-05-03,Paid Ads,France,SMB
CUST-105361,2024-12-15,Organic Search,United Kingdom,SMB
CUST-105362,2025-05-29,outbound_sales,Germany,SMB
CUST-105363,2024-09-22,Organic Search,United States,SMB
CUST-105364,2024-12-28,Paid Ads,United States,SMB
CUST-105365,2025-06-04,Social Media,United Kingdom,Mid-Market
CUST-105366,2025-09-20,Referral,United States,SMB
CUST-105367,2024-02-23,Paid Ads,United States,Enterprise
CUST-105368,2024-01-24,Direct,Netherlands,Mid-Market
CUST-105369,2025-07-23,Paid Ads,France,SMB
CUST-105370,2025-11-12,Email Campaign,Australia,SMB
CUST-105371,2024-01-16,Organic Search,United States,SMB
CUST-105372,2024-09-19,Direct,United Kingdom,Mid-Market
CUST-105373,2024-09-08,Referral,France,SMB
CUST-105374,2025-08-26,Email Campaign,United States,SMB
CUST-105375,2024-02-18,Social Media,United States,SMB
CUST-105376,2025-08-25,Paid Ads,United States,Mid-Market
CUST-105377,2025-10-16,Organic Search,United Kingdom,Mid-Market
CUST-105378,2025-02-07,Paid Ads,India,SMB
CUST-105379,2025-06-13,Paid Ads,Germany,Mid-Market
CUST-105380,2024-12-05,Paid Ads,Germany,SMB
CUST-105381,2025-11-10,Social Media,United Kingdom,SMB
CUST-105382,2025-06-22,Social Media,Canada,Enterprise
CUST-105383,2024-04-23,Paid Ads,United States,SMB
CUST-105384,2025-06-06,Paid Ads,United Kingdom,Mid-Market
CUST-105385,2025-03-08,paid ads,United States,SMB
CUST-105386,2025-02-12,Paid Ads,India,SMB
CUST-105387,2024-10-14,Referral,India,SMB
CUST-105388,2024-08-24,Paid Ads,United States,Enterprise
CUST-105389,2024-12-18,Email Campaign,Canada,SMB
CUST-105390,2025-05-30,Email Campaign,United Kingdom,SMB
CUST-105391,2024-10-10,Organic Search,Germany,Mid-Market
CUST-105392,2025-06-23,Paid Ads,Australia,Enterprise
CUST-105393,2024-11-26,Email Campaign,India,Mid-Market
CUST-105394,2025-09-25,Paid Ads,United States,SMB
CUST-105395,2024-12-30,Email Campaign,United States,SMB
CUST-105396,2024-11-14,Direct,Germany,SMB
CUST-105397,2024-08-31,Social Media,United States,Mid-Market
CUST-105398,2024-07-30,Paid Ads,United Kingdom,SMB
CUST-105399,2025-02-09,Email Campaign,India,SMB
CUST-105400,2025-08-12,Paid Ads,Germany,SMB
CUST-105401,2024-05-09,Paid Ads,Canada,Mid-Market
CUST-105402,2025-11-09,Referral,United Kingdom,SMB
CUST-105403,2025-10-05,Paid Ads,United States,Mid-Market
CUST-105404,2024-03-25,Direct,Australia,Enterprise
CUST-105405,2024-07-27,Organic Search,United States,SMB
CUST-105406,2024-12-07,Direct,United Kingdom,SMB
CUST-105407,2025-06-23,Paid Ads,Netherlands,SMB
CUST-105408,2024-11-30,Paid Ads,United States,SMB
CUST-105409,2024-06-06,Direct,United States,Mid-Market
CUST-105410,2024-09-30,Social Media,India,SMB
CUST-105411,2025-05-22,Organic Search,Germany,Mid-Market
CUST-105412,2024-11-02,Referral,United States,SMB
CUST-105413,2025-06-27,Direct,United States,SMB
CUST-105414,2025-11-30,Organic Search,United Kingdom,Mid-Market
CUST-105415,2024-03-28,Direct,France,Enterprise
CUST-105416,2025-10-26,direct,United States,SMB
CUST-105417,2025-05-24,Paid Ads,Australia,SMB
CUST-105418,2024-06-11,Paid Ads,United States,SMB
CUST-105419,2025-02-11,Paid Ads,United Kingdom,SMB
CUST-105420,2025-04-01,Referral,Canada,SMB
CUST-105421,2024-12-17,Organic Search,Canada,SMB
CUST-105422,2024-04-12,Referral,United States,SMB
CUST-105423,2024-06-05,Referral,Germany,SMB
CUST-105424,2025-09-10,Email Campaign,United States,Mid-Market
CUST-105425,2024-10-09,Referral,United States,Mid-Market
CUST-105426,2025-06-13,Email Campaign,United States,SMB
CUST-105427,2025-03-31,Paid Ads,United States,SMB
CUST-105428,2025-05-07,Organic Search,United States,Mid-Market
CUST-105429,2024-08-03,Referral,United States,Enterprise
CUST-105430,2025-04-27,Referral,United States,Mid-Market
CUST-105431,2024-06-27,Social Media,Canada,Mid-Market
CUST-105432,2025-09-19,Direct,United States,SMB
CUST-105433,2024-09-03,Paid Ads,United States,SMB
CUST-105434,2025-04-22,Organic Search,United States,SMB
CUST-105435,2024-12-07,Referral,United Kingdom,Mid-Market
CUST-105436,2025-09-21,outbound_sales,United States,SMB
CUST-105437,2024-09-25,Email Campaign,United Kingdom,SMB
CUST-105438,2025-04-24,outbound_sales,United States,SMB
CUST-105439,2024-10-03,Referral,Canada,SMB
CUST-105440,2025-06-30,Paid Ads,Germany,SMB
CUST-105441,2024-11-17,Organic Search,India,SMB
CUST-105442,2024-12-23,Referral,India,Mid-Market
CUST-105443,2024-12-18,Paid Ads,Germany,Mid-Market
CUST-105444,2025-05-28,Organic Search,United States,SMB
CUST-105445,2025-06-27,Email Campaign,United States,SMB
CUST-105446,2025-02-24,Organic Search,United States,Mid-Market
CUST-105447,2025-10-15,Paid Ads,United States,SMB
CUST-105448,2025-02-14,Direct,Netherlands,SMB
CUST-105449,2024-09-17,Email Campaign,United Kingdom,SMB
CUST-105450,2024-09-08,outbound_sales,United States,SMB
CUST-105451,2024-12-14,outbound_sales,United Kingdom,SMB
CUST-105452,2025-01-16,email campaign,United States,SMB
CUST-105453,2025-09-15,Direct,United States,SMB
CUST-105454,2025-11-25,Organic Search,India,Mid-Market
CUST-105455,2024-02-06,Social Media,United Kingdom,Mid-Market
CUST-105456,2024-02-04,Paid Ads,United Kingdom,SMB
CUST-105457,2024-11-16,Paid Ads,United States,Enterprise
CUST-105458,2025-01-08,Referral,Canada,Mid-Market
CUST-105459,2025-08-22,Paid Ads,United States,SMB
CUST-105460,2025-03-14,Paid Ads,United States,Mid-Market
CUST-105461,2025-06-23,Referral,United States,SMB
CUST-105462,2025-06-30,Referral,United States,SMB
CUST-105463,2024-12-19,Direct,Canada,SMB
CUST-105464,2024-07-13,Organic Search,United Kingdom,Mid-Market
CUST-105465,2025-10-12,Paid Ads,Germany,SMB
CUST-105466,2024-08-18,Paid Ads,Canada,Mid-Market
CUST-105467,2024-03-05,Social Media,United States,Enterprise
CUST-105468,2025-11-14,Organic Search,United States,SMB
CUST-105469,2025-01-07,Email Campaign,United Kingdom,SMB
CUST-105470,2025-02-03,Direct,United Kingdom,Enterprise
CUST-105471,2025-11-16,Paid Ads,Australia,SMB
CUST-105472,2024-09-27,Email Campaign,India,SMB
CUST-105473,2025-06-19,Paid Ads,France,SMB
CUST-105474,2025-11-19,Organic Search,United States,Mid-Market
CUST-105475,2025-10-03,Referral,United States,SMB
CUST-105476,2024-04-20,Referral,Canada,SMB
CUST-105477,2024-05-30,Direct,India,Mid-Market
CUST-105478,2024-11-22,Paid Ads,United States,SMB
CUST-105479,2025-01-16,Email Campaign,United States,Mid-Market
CUST-105480,2024-10-20,Social Media,United States,SMB
CUST-105481,2025-06-29,Referral,Canada,Mid-Market
CUST-105482,2025-01-26,Social Media,United States,Enterprise
CUST-105483,2024-05-27,Organic Search,United Kingdom,SMB
CUST-105484,2025-08-30,Organic Search,India,Mid-Market
CUST-105485,2024-04-12,Referral,Australia,Mid-Market
CUST-105486,2024-09-23,Paid Ads,United States,SMB
CUST-105487,2025-11-08,Paid Ads,United States,SMB
CUST-105488,2024-04-09,Organic Search,United Kingdom,SMB
CUST-105489,2024-01-12,Organic Search,United Kingdom,Mid-Market
CUST-105490,2024-10-25,paid ads,United Kingdom,Mid-Market
CUST-105491,2025-03-07,Referral,United Kingdom,SMB
CUST-105492,2025-04-21,Paid Ads,Canada,SMB
CUST-105493,2025-10-31,Paid Ads,India,SMB
CUST-105494,2024-04-06,Paid Ads,United States,SMB
CUST-105495,2025-02-08,Referral,Germany,SMB
CUST-105496,2025-08-11,Organic Search,United States,Mid-Market
CUST-105497,2024-10-31,Referral,India,SMB
CUST-105498,2024-11-01,Organic Search,Germany,SMB
CUST-105499,2024-08-24,Referral,United States,Mid-Market
CUST-105500,2025-08-05,Organic Search,United Kingdom,Mid-Market
CUST-105501,2024-01-16,Organic Search,United States,Mid-Market
CUST-105502,2025-09-02,Paid Ads,United States,SMB
CUST-105503,2025-01-17,Referral,United States,SMB
CUST-105504,2025-08-16,Paid Ads,France,SMB
CUST-105505,2024-12-06,Social Media,United States,SMB
CUST-105506,2024-05-21,Email Campaign,United States,SMB
CUST-105507,2024-05-23,Organic Search,United Kingdom,Mid-Market
CUST-105508,2025-07-17,Email Campaign,United Kingdom,Mid-Market
CUST-105509,2024-05-24,Direct,France,SMB
CUST-105510,2025-01-11,Referral,Canada,Mid-Market
CUST-105511,2025-09-28,Referral,United States,SMB
CUST-105512,2024-11-30,Direct,United Kingdom,SMB
CUST-105513,2025-08-10,organic search,Germany,SMB
CUST-105514,2024-06-15,Email Campaign,United States,Enterprise
CUST-105515,2024-06-03,Social Media,United States,SMB
CUST-105516,2025-06-09,Social Media,Germany,SMB
CUST-105517,2024-08-13,Paid Ads,Canada,SMB
CUST-105518,2025-05-19,organic search,United Kingdom,SMB
CUST-105519,2025-02-24,Paid Ads,Australia,Mid-Market
CUST-105520,2024-05-12,Paid Ads,France,SMB
CUST-105521,2025-02-05,Paid Ads,India,Mid-Market
CUST-105522,2025-08-27,Paid Ads,United States,SMB
CUST-105523,2025-07-24,Paid Ads,India,SMB
CUST-105524,2025-03-22,Direct,United States,SMB
CUST-105525,2025-11-02,Direct,France,Mid-Market
CUST-105526,2025-10-12,Referral,United States,SMB
CUST-105527,2024-08-30,Organic Search,United States,SMB
CUST-105528,2025-04-07,Paid Ads,Canada,SMB
CUST-105529,2024-12-14,Organic Search,United States,SMB
CUST-105530,2024-02-14,Referral,Canada,Enterprise
CUST-105531,2024-08-10,Direct,United Kingdom,Enterprise
CUST-105532,2024-12-15,Direct,United States,SMB
CUST-105533,2025-08-20,Direct,United States,SMB
CUST-105534,2025-05-03,Paid Ads,United States,SMB
CUST-105535,2025-08-12,Paid Ads,United States,SMB
CUST-105536,2024-12-25,Paid Ads,United Kingdom,SMB
CUST-105537,2024-06-04,Organic Search,Germany,SMB
CUST-105538,2024-10-01,Social Media,Germany,Mid-Market
CUST-105539,2025-09-15,Paid Ads,France,SMB
CUST-105540,2025-03-02,Organic Search,United Kingdom,Mid-Market
CUST-105541,2024-07-05,Social Media,France,Mid-Market
CUST-105542,2024-08-11,Paid Ads,France,Mid-Market
CUST-105543,2025-10-01,Email Campaign,United Kingdom,SMB
CUST-105544,2025-09-02,Paid Ads,United States,Mid-Market
CUST-105545,2025-02-20,Organic Search,United States,SMB
CUST-105546,2025-03-30,Organic Search,Canada,SMB
CUST-105547,2024-09-01,outbound_sales,United States,SMB
CUST-105548,2024-07-10,Referral,United States,SMB
CUST-105549,2024-06-20,Paid Ads,United States,SMB
CUST-105550,2024-09-04,Organic Search,United States,SMB
CUST-105551,2024-09-15,Paid Ads,United States,SMB
CUST-105552,2024-01-29,Direct,France,SMB
CUST-105553,2024-09-21,Email Campaign,Germany,SMB
CUST-105554,2025-11-01,Organic Search,United States,SMB
CUST-105555,2024-05-23,Referral,United States,SMB
CUST-105556,2024-02-19,Organic Search,United States,Enterprise
CUST-105557,2025-07-23,Paid Ads,United Kingdom,Mid-Market
CUST-105558,2024-04-19,Organic Search,United Kingdom,Mid-Market
CUST-105559,2024-01-11,Paid Ads,United States,Enterprise
CUST-105560,2025-06-26,Direct,United States,Enterprise
CUST-105561,2024-11-05,outbound_sales,United States,Mid-Market
CUST-105562,2025-03-10,Referral,Germany,SMB
CUST-105563,2025-11-26,Organic Search,United States,SMB
CUST-105564,2024-05-05,Organic Search,United States,SMB
CUST-105565,2024-04-05,Referral,Canada,SMB
CUST-105566,2025-02-28,Social Media,France,Mid-Market
CUST-105567,2025-07-06,Direct,United Kingdom,Mid-Market
CUST-105568,2025-06-15,Paid Ads,India,Mid-Market
CUST-105569,2024-06-10,Direct,United Kingdom,Mid-Market
CUST-105570,2024-04-25,Paid Ads,Germany,SMB
CUST-105571,2025-03-13,Organic Search,United States,SMB
CUST-105572,2024-01-07,Paid Ads,United States,SMB
CUST-105573,2025-06-23,Paid Ads,United States,SMB
CUST-105574,2024-05-30,email campaign,Canada,Mid-Market
CUST-105575,2025-05-15,Paid Ads,United States,SMB
CUST-105576,2025-06-26,Paid Ads,United States,Mid-Market
CUST-105577,2024-10-02,Paid Ads,United States,SMB
CUST-105578,2024-01-19,Email Campaign,United States,SMB
CUST-105579,2025-04-03,Paid Ads,United States,SMB
CUST-105580,2025-02-11,Organic Search,United Kingdom,Mid-Market
CUST-105581,2025-07-09,Social Media,India,SMB
CUST-105582,2025-01-16,Paid Ads,United Kingdom,Enterprise
CUST-105583,2024-08-09,Paid Ads,Canada,SMB
CUST-105584,2024-03-31,Direct,United States,Enterprise
CUST-105585,2024-05-17,Paid Ads,United States,Mid-Market
CUST-105586,2025-05-27,Email Campaign,Germany,SMB
CUST-105587,2024-02-15,Email Campaign,United Kingdom,SMB
CUST-105588,2025-05-09,Referral,United States,SMB
CUST-105589,2024-05-13,Organic Search,India,SMB
CUST-105590,2024-12-27,Organic Search,United States,SMB
CUST-105591,2024-01-04,Direct,United Kingdom,Mid-Market
CUST-105592,2025-08-22,Paid Ads,United States,Enterprise
CUST-105593,2025-10-08,Social Media,Australia,Mid-Market
CUST-105594,2024-08-04,Direct,Germany,SMB
CUST-105595,2024-01-20,Social Media,United Kingdom,Mid-Market
CUST-105596,2024-04-23,outbound_sales,Netherlands,Enterprise
CUST-105597,2025-04-23,Direct,Germany,SMB
CUST-105598,2025-09-07,Organic Search,France,SMB
CUST-105599,2024-11-03,Referral,France,Enterprise
CUST-105600,2025-04-05,Organic Search,France,SMB
CUST-105601,2025-05-06,Organic Search,Canada,SMB
CUST-105602,2024-07-21,Referral,United States,SMB
CUST-105603,2025-06-15,Paid Ads,Germany,Mid-Market
CUST-105604,2024-04-22,Paid Ads,United States,Mid-Market
CUST-105605,2025-06-14,Direct,Germany,Mid-Market
CUST-105606,2025-08-08,Organic Search,India,SMB
CUST-105607,2024-01-20,Referral,United States,SMB
CUST-105608,2024-02-21,referral,Canada,SMB
CUST-105609,2024-03-08,Paid Ads,United States,SMB
CUST-105610,2024-10-21,Direct,United States,Mid-Market
CUST-105611,2024-05-21,organic search,United States,SMB
CUST-105612,2025-02-26,Email Campaign,United States,SMB
CUST-105613,2024-10-01,Social Media,Germany,SMB
CUST-105614,2024-12-06,Organic Search,United States,Enterprise
CUST-105615,2025-04-16,Organic Search,United States,SMB
CUST-105616,2025-05-18,outbound_sales,United States,SMB
CUST-105617,2024-01-12,Referral,United Kingdom,SMB
CUST-105618,2024-08-16,Organic Search,United States,SMB
CUST-105619,2025-04-04,Direct,United States,SMB
CUST-105620,2025-10-24,Email Campaign,Germany,Mid-Market
CUST-105621,2025-05-07,Email Campaign,India,SMB
CUST-105622,2025-09-01,Organic Search,United States,SMB
CUST-105623,2024-11-04,paid ads,Canada,SMB
CUST-105624,2024-07-26,Organic Search,United Kingdom,SMB
CUST-105625,2025-10-13,Organic Search,United States,SMB
CUST-105626,2025-10-22,Paid Ads,United States,SMB
CUST-105627,2024-11-28,Paid Ads,Germany,SMB
CUST-105628,2024-06-29,Referral,United States,SMB
CUST-105629,2024-03-03,Email Campaign,United Kingdom,SMB
CUST-105630,2025-08-07,Organic Search,United States,Enterprise
CUST-105631,2025-02-13,Referral,United States,Mid-Market
CUST-105632,2025-11-18,Referral,United States,Enterprise
CUST-105633,2025-06-09,Paid Ads,Germany,SMB
CUST-105634,2025-06-07,Organic Search,United States,SMB
CUST-105635,2024-10-10,Paid Ads,Germany,Mid-Market
CUST-105636,2024-07-04,outbound_sales,United Kingdom,SMB
CUST-105637,2024-10-27,Email Campaign,France,SMB
CUST-105638,2025-01-18,Organic Search,India,SMB
CUST-105639,2024-12-21,Organic Search,Australia,SMB
CUST-105640,2024-05-15,Paid Ads,India,SMB
CUST-105641,2024-12-31,Paid Ads,India,SMB
CUST-105642,2024-09-30,Referral,Germany,SMB
CUST-105643,2025-10-25,Direct,Germany,Enterprise
CUST-105644,2024-03-13,Organic Search,Germany,SMB
CUST-105645,2024-03-30,organic search,United States,Mid-Market
CUST-105646,2025-05-12,Email Campaign,United States,SMB
CUST-105647,2024-12-19,Social Media,United States,Mid-Market
CUST-105648,2024-11-13,Referral,United States,Mid-Market
CUST-105649,2025-04-26,Organic Search,Germany,Mid-Market
CUST-105650,2025-05-23,Social Media,Australia,SMB
CUST-105651,2024-06-26,Social Media,Germany,SMB
CUST-105652,2024-09-08,Organic Search,Canada,SMB
CUST-105653,2024-03-17,Referral,Australia,Mid-Market
CUST-105654,2025-03-18,organic search,United States,Mid-Market
CUST-105655,2025-03-22,Social Media,United States,SMB
CUST-105656,2025-09-13,Referral,United States,Mid-Market
CUST-105657,2025-03-06,Referral,United Kingdom,SMB
CUST-105658,2024-08-08,Email Campaign,United Kingdom,Enterprise
CUST-105659,2025-08-30,Organic Search,United States,Enterprise
CUST-105660,2025-03-03,Email Campaign,India,Mid-Market
CUST-105661,2025-05-12,Direct,United Kingdom,SMB
CUST-105662,2024-07-31,Organic Search,India,Mid-Market
CUST-105663,2025-01-30,Social Media,United Kingdom,SMB
CUST-105664,2025-04-29,Email Campaign,Canada,SMB
CUST-105665,2024-12-27,Social Media,France,SMB
CUST-105666,2024-02-06,Referral,United States,Enterprise
CUST-105667,2025-07-03,email campaign,United States,SMB
CUST-105668,2025-05-05,social media,Canada,SMB
CUST-105669,2025-10-15,outbound_sales,United States,Mid-Market
CUST-105670,2025-04-03,Organic Search,United States,SMB
CUST-105671,2024-01-19,Paid Ads,United States,Mid-Market
CUST-105672,2025-06-30,Organic Search,Canada,SMB
CUST-105673,2025-06-16,Email Campaign,Germany,Enterprise
CUST-105674,2025-10-18,Paid Ads,Netherlands,SMB
CUST-105675,2025-04-17,Direct,United States,SMB
CUST-105676,2025-03-21,Paid Ads,United Kingdom,SMB
CUST-105677,2025-07-28,Paid Ads,United Kingdom,SMB
CUST-105678,2024-12-28,Paid Ads,United States,SMB
CUST-105679,2025-02-15,Organic Search,United States,Enterprise
CUST-105680,2024-02-19,Social Media,Germany,SMB
CUST-105681,2024-01-17,Email Campaign,United States,SMB
CUST-105682,2025-03-14,Paid Ads,India,SMB
CUST-105683,2025-05-03,Paid Ads,United States,Mid-Market
CUST-105684,2025-05-22,Email Campaign,United Kingdom,SMB
CUST-105685,2025-03-01,Organic Search,United States,SMB
CUST-105686,2024-04-15,Organic Search,Germany,SMB
CUST-105687,2024-10-24,Paid Ads,United States,SMB
CUST-105688,2025-08-27,outbound_sales,United Kingdom,Mid-Market
CUST-105689,2025-07-31,Referral,United Kingdom,SMB
CUST-105690,2025-02-15,Referral,United States,SMB
CUST-105691,2025-01-21,Organic Search,United States,SMB
CUST-105692,2024-10-15,organic search,United States,Mid-Market
CUST-105693,2025-08-17,Organic Search,United States,SMB
CUST-105694,2024-08-19,outbound_sales,United Kingdom,Enterprise
CUST-105695,2025-03-24,outbound_sales,United Kingdom,SMB
CUST-105696,2024-10-04,Paid Ads,United States,SMB
CUST-105697,2024-07-18,Paid Ads,United Kingdom,Mid-Market
CUST-105698,2024-12-10,Organic Search,Canada,SMB
CUST-105699,2024-06-18,Organic Search,United States,SMB
CUST-105700,2024-02-09,Paid Ads,Canada,SMB
CUST-105701,2024-04-14,Organic Search,United States,SMB
CUST-105702,2024-02-14,Direct,United States,SMB
CUST-105703,2025-06-03,Direct,United States,SMB
CUST-105704,2024-02-14,Email Campaign,India,Mid-Market
CUST-105705,2024-05-10,Paid Ads,United Kingdom,Mid-Market
CUST-105706,2025-09-20,Organic Search,United Kingdom,Mid-Market
CUST-105707,2024-11-30,Organic Search,United States,SMB
CUST-105708,2024-10-15,Paid Ads,United States,SMB
CUST-105709,2024-09-22,Email Campaign,United States,SMB
CUST-105710,2024-07-14,Email Campaign,United States,SMB
CUST-105711,2024-11-03,Paid Ads,United States,SMB
CUST-105712,2024-04-22,Social Media,United States,SMB
CUST-105713,2025-10-08,Referral,United States,SMB
CUST-105714,2024-09-11,referral,United States,SMB
CUST-105715,2025-04-10,Social Media,Canada,Mid-Market
CUST-105716,2024-05-07,Direct,India,Mid-Market
CUST-105717,2024-11-18,Direct,United States,Mid-Market
CUST-105718,2024-11-07,Email Campaign,United States,SMB
CUST-105719,2024-10-23,Organic Search,United States,SMB
CUST-105720,2024-07-21,Email Campaign,United Kingdom,SMB
CUST-105721,2025-07-29,Referral,United States,Enterprise
CUST-105722,2024-03-28,Email Campaign,United States,SMB
CUST-105723,2025-08-24,Referral,United States,SMB
CUST-105724,2025-02-28,Organic Search,Canada,Mid-Market
CUST-105725,2025-01-30,Paid Ads,United States,Mid-Market
CUST-105726,2024-08-05,Organic Search,United States,SMB
CUST-105727,2025-02-03,Paid Ads,United Kingdom,Enterprise
CUST-105728,2024-12-01,Referral,United Kingdom,SMB
CUST-105729,2024-10-01,Organic Search,United States,Enterprise
CUST-105730,2024-09-21,Referral,Germany,Enterprise
CUST-105731,2024-01-04,Referral,United States,SMB
CUST-105732,2025-02-06,Email Campaign,Netherlands,SMB
CUST-105733,2025-10-07,Paid Ads,United States,SMB
CUST-105734,2024-08-17,Organic Search,Canada,SMB
CUST-105735,2024-03-07,Email Campaign,United Kingdom,SMB
CUST-105736,2025-02-10,organic search,Germany,SMB
CUST-105737,2025-06-30,Referral,Germany,SMB
CUST-105738,2024-06-18,Paid Ads,United States,SMB
CUST-105739,2024-03-03,Paid Ads,United States,SMB
CUST-105740,2024-11-03,Direct,United States,SMB
CUST-105741,2025-06-15,Referral,United Kingdom,SMB
CUST-105742,2025-10-27,Organic Search,India,SMB
CUST-105743,2025-04-11,Email Campaign,United States,SMB
CUST-105744,2024-08-15,Referral,United States,Enterprise
CUST-105745,2024-07-25,Direct,France,SMB
CUST-105746,2024-03-16,Paid Ads,United Kingdom,Mid-Market
CUST-105747,2024-02-07,Paid Ads,United States,Enterprise
CUST-105748,2024-10-27,Organic Search,Netherlands,SMB
CUST-105749,2025-03-09,Paid Ads,United States,SMB
CUST-105750,2024-11-06,Referral,Canada,Enterprise
CUST-105751,2025-01-18,Social Media,United States,Enterprise
CUST-105752,2025-11-27,Organic Search,United States,SMB
CUST-105753,2024-01-02,Direct,Canada,SMB
CUST-105754,2025-08-22,Referral,United States,SMB
CUST-105755,2025-01-30,Email Campaign,France,SMB
CUST-105756,2025-04-12,Organic Search,Netherlands,SMB
CUST-105757,2024-11-06,Email Campaign,Germany,SMB
CUST-105758,2024-06-04,Social Media,United States,Mid-Market
CUST-105759,2024-12-23,Direct,United States,SMB
CUST-105760,2025-09-28,Organic Search,United Kingdom,Mid-Market
CUST-105761,2025-11-10,Organic Search,Canada,Enterprise
CUST-105762,2024-10-07,Referral,India,Mid-Market
CUST-105763,2025-09-15,Paid Ads,France,SMB
CUST-105764,2025-07-26,Referral,United Kingdom,SMB
CUST-105765,2025-09-14,Organic Search,Australia,SMB
CUST-105766,2024-01-26,Paid Ads,India,SMB
CUST-105767,2025-01-14,Email Campaign,United States,SMB
CUST-105768,2025-07-01,Email Campaign,United Kingdom,SMB
CUST-105769,2025-10-05,Referral,United States,SMB
CUST-105770,2025-09-05,Email Campaign,United States,SMB
CUST-105771,2024-04-11,Email Campaign,Netherlands,SMB
CUST-105772,2024-06-03,Paid Ads,United States,Mid-Market
CUST-105773,2024-12-03,Organic Search,France,SMB
CUST-105774,2024-02-19,Referral,Canada,Mid-Market
CUST-105775,2024-02-26,Organic Search,United States,SMB
CUST-105776,2025-08-22,Paid Ads,United Kingdom,Mid-Market
CUST-105777,2025-09-30,Referral,United States,Enterprise
CUST-105778,2024-01-02,Organic Search,Canada,SMB
CUST-105779,2024-07-16,Referral,United States,Enterprise
CUST-105780,2025-10-01,Organic Search,Germany,Enterprise
CUST-105781,2025-07-28,Direct,United Kingdom,SMB
CUST-105782,2024-03-16,Organic Search,Germany,SMB
CUST-105783,2025-04-22,Social Media,United States,Enterprise
CUST-105784,2025-01-06,outbound_sales,Canada,SMB
CUST-105785,2024-03-14,Email Campaign,United Kingdom,SMB
CUST-105786,2025-02-24,Organic Search,United States,Mid-Market
CUST-105787,2024-10-21,Organic Search,United States,SMB
CUST-105788,2024-08-16,Direct,United States,SMB
CUST-105789,2025-10-04,Paid Ads,United States,SMB
CUST-105790,2025-10-02,Referral,United States,Mid-Market
CUST-105791,2024-01-16,Direct,United States,Mid-Market
CUST-105792,2025-08-08,Email Campaign,Germany,Enterprise
CUST-105793,2025-06-30,Organic Search,Australia,Mid-Market
CUST-105794,2024-04-14,Organic Search,Australia,SMB
CUST-105795,2025-09-11,Direct,United Kingdom,Mid-Market
CUST-105796,2024-07-09,Paid Ads,Australia,SMB
CUST-105797,2024-11-04,Email Campaign,United States,Enterprise
CUST-105798,2025-10-06,Paid Ads,Canada,SMB
CUST-105799,2024-04-28,Organic Search,Canada,SMB
CUST-105800,2024-09-20,Organic Search,Canada,SMB
CUST-105801,2025-05-05,Organic Search,United States,Mid-Market
CUST-105802,2025-11-06,Email Campaign,United States,SMB
CUST-105803,2024-06-19,Email Campaign,United Kingdom,Enterprise
CUST-105804,2024-12-30,Referral,Germany,SMB
CUST-105805,2025-02-03,Social Media,United Kingdom,SMB
CUST-105806,2025-02-10,Paid Ads,United States,SMB
CUST-105807,2024-10-31,Organic Search,India,SMB
CUST-105808,2025-11-04,Referral,United Kingdom,SMB
CUST-105809,2025-04-11,outbound_sales,India,SMB
CUST-105810,2025-05-15,Direct,United States,SMB
CUST-105811,2025-10-20,Direct,United States,SMB
CUST-105812,2024-03-16,Organic Search,Germany,Enterprise
CUST-105813,2025-04-11,Organic Search,Canada,SMB
CUST-105814,2025-02-06,Social Media,United Kingdom,SMB
CUST-105815,2025-01-08,Social Media,United States,Mid-Market
CUST-105816,2024-02-01,Email Campaign,United Kingdom,SMB
CUST-105817,2024-02-02,Email Campaign,United Kingdom,SMB
CUST-105818,2025-10-05,Paid Ads,Germany,SMB
CUST-105819,2024-06-24,Email Campaign,United States,SMB
CUST-105820,2025-06-21,Organic Search,United States,SMB
CUST-105821,2024-12-27,Email Campaign,United States,SMB
CUST-105822,2025-04-28,organic search,United States,SMB
CUST-105823,2024-10-29,Organic Search,United Kingdom,Mid-Market
CUST-105824,2025-11-29,Email Campaign,United Kingdom,Mid-Market
CUST-105825,2024-08-02,Referral,United States,SMB
CUST-105826,2024-12-01,paid ads,United States,Mid-Market
CUST-105827,2025-01-07,Direct,United States,SMB
CUST-105828,2025-07-04,Email Campaign,Canada,SMB
CUST-105829,2024-07-31,Email Campaign,United States,SMB
CUST-105830,2024-05-17,Organic Search,United States,SMB
CUST-105831,2024-08-24,Organic Search,Australia,Mid-Market
CUST-105832,2025-10-17,Paid Ads,Netherlands,SMB
CUST-105833,2024-04-27,outbound_sales,Canada,SMB
CUST-105834,2024-01-31,Direct,United States,SMB
CUST-105835,2024-05-06,Paid Ads,Australia,SMB
CUST-105836,2025-07-25,Paid Ads,Germany,SMB
CUST-105837,2024-01-02,Paid Ads,United States,SMB
CUST-105838,2025-02-02,organic search,United States,SMB
CUST-105839,2025-07-13,paid ads,Canada,SMB
CUST-105840,2024-12-03,Email Campaign,United States,SMB
CUST-105841,2025-02-26,Direct,United States,SMB
CUST-105842,2024-04-08,Organic Search,United States,Mid-Market
CUST-105843,2025-02-21,Referral,Netherlands,SMB
CUST-105844,2024-07-18,Organic Search,India,Mid-Market
CUST-105845,2024-09-07,Email Campaign,United States,Mid-Market
CUST-105846,2024-02-19,Paid Ads,India,SMB
CUST-105847,2025-03-31,Referral,United States,Enterprise
CUST-105848,2024-11-09,Paid Ads,United States,Enterprise
CUST-105849,2025-11-23,Organic Search,United States,Mid-Market
CUST-105850,2024-12-03,Email Campaign,India,SMB
CUST-105851,2024-07-04,Paid Ads,Canada,SMB
CUST-105852,2024-02-11,Organic Search,Netherlands,SMB
CUST-105853,2024-08-31,Organic Search,Australia,SMB
CUST-105854,2025-06-03,Organic Search,Canada,SMB
CUST-105855,2025-03-18,Organic Search,Australia,Mid-Market
CUST-105856,2024-05-14,Organic Search,Netherlands,SMB
CUST-105857,2024-12-02,Social Media,Canada,Mid-Market
CUST-105858,2024-07-04,Organic Search,Canada,SMB
CUST-105859,2024-11-24,Paid Ads,Germany,Enterprise
CUST-105860,2025-11-27,Organic Search,United Kingdom,SMB
CUST-105861,2024-01-19,Email Campaign,Canada,SMB
CUST-105862,2025-03-28,Direct,United States,Mid-Market
CUST-105863,2025-02-02,Organic Search,United Kingdom,Mid-Market
CUST-105864,2025-06-27,Referral,Australia,SMB
CUST-105865,2024-12-22,Referral,Netherlands,SMB
CUST-105866,2024-07-25,Paid Ads,United Kingdom,Mid-Market
CUST-105867,2025-06-10,Organic Search,United Kingdom,Mid-Market
CUST-105868,2025-11-18,Paid Ads,United Kingdom,SMB
CUST-105869,2024-08-20,Organic Search,Netherlands,SMB
CUST-105870,2024-04-18,Email Campaign,Canada,Mid-Market
CUST-105871,2025-10-16,Paid Ads,Australia,Mid-Market
CUST-105872,2024-04-17,Referral,France,Mid-Market
CUST-105873,2024-08-13,Organic Search,Germany,Mid-Market
CUST-105874,2025-11-23,Paid Ads,India,SMB
CUST-105875,2025-07-28,Direct,United Kingdom,SMB
CUST-105876,2024-09-21,Email Campaign,Netherlands,SMB
CUST-105877,2024-02-22,email campaign,Australia,SMB
CUST-105878,2024-08-30,Paid Ads,United States,SMB
CUST-105879,2025-10-31,Direct,Canada,SMB
CUST-105880,2025-10-19,Referral,India,SMB
CUST-105881,2024-02-14,Paid Ads,Germany,Mid-Market
CUST-105882,2024-05-18,Paid Ads,Canada,SMB
CUST-105883,2024-10-31,Email Campaign,India,Enterprise
CUST-105884,2025-02-04,Organic Search,India,SMB
CUST-105885,2025-10-29,Social Media,United States,SMB
CUST-105886,2025-10-03,Referral,India,Mid-Market
CUST-105887,2025-09-12,Email Campaign,United Kingdom,SMB
CUST-105888,2024-11-17,Paid Ads,Canada,Enterprise
CUST-105889,2025-03-02,Referral,India,SMB
CUST-105890,2024-11-12,outbound_sales,United States,SMB
CUST-105891,2024-08-03,Organic Search,United Kingdom,Mid-Market
CUST-105892,2025-04-22,Paid Ads,United States,Mid-Market
CUST-105893,2024-07-16,Paid Ads,United States,SMB
CUST-105894,2025-07-01,Organic Search,Germany,SMB
CUST-105895,2025-05-28,Paid Ads,United States,Enterprise
CUST-105896,2025-08-24,Referral,United States,SMB
CUST-105897,2024-02-14,Email Campaign,United States,Mid-Market
CUST-105898,2025-11-30,Direct,United States,SMB
CUST-105899,2025-11-18,Email Campaign,India,SMB
CUST-105900,2024-09-25,Referral,United States,SMB
CUST-105901,2024-10-01,Paid Ads,United States,SMB
CUST-105902,2024-02-04,Referral,Canada,SMB
CUST-105903,2025-04-07,outbound_sales,United States,Enterprise
CUST-105904,2025-02-24,Organic Search,United States,SMB
CUST-105905,2024-09-28,Social Media,India,SMB
CUST-105906,2025-02-05,Organic Search,United States,SMB
CUST-105907,2025-11-09,Referral,France,SMB
CUST-105908,2024-01-15,Direct,United States,SMB
CUST-105909,2024-06-06,Organic Search,United States,Enterprise
CUST-105910,2025-11-02,Email Campaign,United States,SMB
CUST-105911,2025-07-24,Email Campaign,United States,SMB
CUST-105912,2025-01-13,Paid Ads,France,SMB
CUST-105913,2025-02-21,Organic Search,United States,SMB
CUST-105914,2025-07-05,Referral,Germany,Enterprise
CUST-105915,2025-10-23,Organic Search,United States,Enterprise
CUST-105916,2025-09-07,organic search,Germany,SMB
CUST-105917,2024-07-01,Email Campaign,India,SMB
CUST-105918,2025-11-07,outbound_sales,India,Enterprise
CUST-105919,2025-07-30,Organic Search,France,SMB
CUST-105920,2025-03-30,Paid Ads,United States,SMB
CUST-105921,2025-09-12,organic search,Germany,Enterprise
CUST-105922,2024-03-09,Social Media,Germany,SMB
CUST-105923,2025-08-21,Direct,United States,SMB
CUST-105924,2025-09-05,Paid Ads,United States,SMB
CUST-105925,2024-03-16,Referral,United States,SMB
CUST-105926,2024-08-24,Referral,Germany,Mid-Market
CUST-105927,2024-06-10,Referral,United States,SMB
CUST-105928,2024-01-03,Direct,United States,SMB
CUST-105929,2025-03-03,Organic Search,United States,SMB
CUST-105930,2025-06-07,Organic Search,United Kingdom,Mid-Market
CUST-105931,2024-02-25,Paid Ads,Germany,SMB
CUST-105932,2025-07-02,Direct,Canada,Mid-Market
CUST-105933,2024-03-04,Paid Ads,United States,Mid-Market
CUST-105934,2024-01-27,Social Media,Netherlands,SMB
CUST-105935,2025-07-20,Organic Search,United States,SMB
CUST-105936,2025-05-30,Referral,United States,Mid-Market
CUST-105937,2024-01-14,direct,United States,Mid-Market
CUST-105938,2025-03-12,Direct,France,SMB
CUST-105939,2024-09-20,Social Media,Netherlands,SMB
CUST-105940,2025-04-08,Referral,Germany,SMB
CUST-105941,2025-07-03,Paid Ads,United Kingdom,Mid-Market
CUST-105942,2024-10-06,Paid Ads,United Kingdom,SMB
CUST-105943,2025-03-20,Organic Search,Australia,SMB
CUST-105944,2024-06-05,Referral,United States,SMB
CUST-105945,2024-05-19,Paid Ads,Netherlands,Mid-Market
CUST-105946,2024-03-13,Email Campaign,Canada,SMB
CUST-105947,2024-01-02,Paid Ads,India,SMB
CUST-105948,2025-03-10,Organic Search,United States,Mid-Market
CUST-105949,2024-01-11,Email Campaign,United States,Mid-Market
CUST-105950,2025-01-22,Paid Ads,United Kingdom,Mid-Market
CUST-105951,2025-10-13,Organic Search,United Kingdom,SMB
CUST-105952,2024-06-27,Email Campaign,Netherlands,SMB
CUST-105953,2024-08-31,outbound_sales,Germany,SMB
CUST-105954,2024-01-19,Organic Search,Germany,Enterprise
CUST-105955,2024-09-24,Referral,United Kingdom,SMB
CUST-105956,2025-04-27,Organic Search,United Kingdom,Mid-Market
CUST-105957,2024-04-15,Paid Ads,United States,SMB
CUST-105958,2024-02-26,Paid Ads,United States,SMB
CUST-105959,2025-07-15,Referral,Canada,SMB
CUST-105960,2024-06-04,Referral,United States,SMB
CUST-105961,2024-03-09,organic search,France,SMB
CUST-105962,2025-11-23,Paid Ads,India,SMB
CUST-105963,2024-01-29,Email Campaign,United States,SMB
CUST-105964,2024-10-22,Referral,United States,Mid-Market
CUST-105965,2025-11-30,Referral,United States,SMB
CUST-105966,2025-09-26,Social Media,United Kingdom,Enterprise
CUST-105967,2025-04-29,Paid Ads,United Kingdom,Mid-Market
CUST-105968,2024-12-07,Referral,India,SMB
CUST-105969,2025-04-07,Email Campaign,United States,Mid-Market
CUST-105970,2025-01-27,Referral,Germany,Mid-Market
CUST-105971,2025-10-26,Organic Search,United States,SMB
CUST-105972,2024-08-04,Paid Ads,United States,Mid-Market
CUST-105973,2025-01-10,Organic Search,Australia,SMB
CUST-105974,2025-09-19,Email Campaign,India,Mid-Market
CUST-105975,2025-02-08,Email Campaign,Canada,Mid-Market
CUST-105976,2025-06-30,Organic Search,Germany,SMB
CUST-105977,2025-06-26,Paid Ads,United Kingdom,SMB
CUST-105978,2024-11-04,Referral,United States,SMB
CUST-105979,2025-02-04,Paid Ads,United States,SMB
CUST-105980,2025-06-11,Organic Search,France,Mid-Market
CUST-105981,2024-06-24,Paid Ads,United States,SMB
CUST-105982,2024-12-04,Organic Search,Germany,SMB
CUST-105983,2024-09-21,Paid Ads,United States,SMB
CUST-105984,2025-08-28,Organic Search,Australia,SMB
CUST-105985,2025-06-14,Paid Ads,Germany,SMB
CUST-105986,2025-02-24,Referral,Australia,SMB
CUST-105987,2024-11-25,Referral,India,SMB
CUST-105988,2025-08-13,Paid Ads,United Kingdom,SMB
CUST-105989,2025-04-09,Email Campaign,United States,SMB
CUST-105990,2025-06-28,Organic Search,Canada,Mid-Market
CUST-105991,2025-03-04,Paid Ads,United States,Enterprise
CUST-105992,2024-05-17,Organic Search,India,SMB
CUST-105993,2025-08-11,Paid Ads,Australia,SMB
CUST-105994,2024-04-14,Email Campaign,United States,SMB
CUST-105995,2024-10-15,Paid Ads,Germany,SMB
CUST-105996,2025-04-02,Paid Ads,United States,SMB
CUST-105997,2025-04-11,Social Media,United Kingdom,SMB
CUST-105998,2025-04-30,outbound_sales,Australia,SMB
CUST-105999,2025-04-14,Organic Search,United States,SMB
CUST-106000,2024-05-27,Referral,Australia,SMB
CUST-106001,2025-03-14,Referral,United Kingdom,SMB
CUST-106002,2025-07-08,Paid Ads,France,SMB
CUST-106003,2025-06-09,Paid Ads,United Kingdom,SMB
CUST-106004,2024-10-11,Organic Search,Australia,Enterprise
CUST-106005,2025-08-18,outbound_sales,Netherlands,SMB
CUST-106006,2024-01-04,Email Campaign,Netherlands,SMB
CUST-106007,2024-12-06,Referral,United States,Mid-Market
CUST-106008,2025-01-20,Direct,United Kingdom,SMB
CUST-106009,2024-10-12,Direct,United Kingdom,Mid-Market
CUST-106010,2024-09-05,Paid Ads,Canada,SMB
CUST-106011,2024-03-12,outbound_sales,United States,Mid-Market
CUST-106012,2024-05-15,Email Campaign,United States,Mid-Market
CUST-106013,2025-04-21,Organic Search,United States,SMB
CUST-106014,2024-11-19,outbound_sales,United States,SMB
CUST-106015,2025-04-05,Referral,United States,SMB
CUST-106016,2025-03-26,outbound_sales,United States,Mid-Market
CUST-106017,2025-05-18,Organic Search,United States,SMB
CUST-106018,2025-04-12,Direct,United States,SMB
CUST-106019,2024-04-17,organic search,United States,SMB
CUST-106020,2025-07-11,Direct,United Kingdom,SMB
CUST-106021,2024-02-18,Social Media,United States,SMB
CUST-106022,2024-12-21,Referral,United Kingdom,SMB
CUST-106023,2024-12-28,Paid Ads,Canada,SMB
CUST-106024,2024-01-30,Organic Search,India,Mid-Market
CUST-106025,2024-05-22,Organic Search,United States,Mid-Market
CUST-106026,2025-01-25,Paid Ads,United States,Enterprise
CUST-106027,2025-09-20,Paid Ads,Germany,Mid-Market
CUST-106028,2024-11-13,Organic Search,United Kingdom,SMB
CUST-106029,2025-06-29,outbound_sales,United Kingdom,SMB
CUST-106030,2024-09-05,Organic Search,United States,Mid-Market
CUST-106031,2025-07-07,Referral,Australia,SMB
CUST-106032,2024-06-20,Organic Search,United States,SMB
CUST-106033,2025-01-25,Paid Ads,Netherlands,SMB
CUST-106034,2025-05-07,Referral,United States,Enterprise
CUST-106035,2024-12-12,Organic Search,United States,SMB
CUST-106036,2024-01-30,Email Campaign,United States,SMB
CUST-106037,2025-04-04,Referral,India,SMB
CUST-106038,2024-01-08,Paid Ads,Germany,SMB
CUST-106039,2025-10-15,Referral,India,Mid-Market
CUST-106040,2025-10-13,Email Campaign,United Kingdom,SMB
CUST-106041,2024-07-16,Social Media,United States,Mid-Market
CUST-106042,2025-05-26,Referral,Canada,SMB
CUST-106043,2024-12-13,Referral,Canada,SMB
CUST-106044,2024-05-08,Email Campaign,United States,SMB
CUST-106045,2024-06-23,Referral,India,Mid-Market
CUST-106046,2024-01-24,Paid Ads,United States,SMB
CUST-106047,2024-06-05,Paid Ads,United States,Enterprise
CUST-106048,2025-12-01,Organic Search,United Kingdom,SMB
CUST-106049,2025-04-14,Referral,United States,SMB
CUST-106050,2025-07-25,Referral,France,SMB
CUST-106051,2025-10-14,Email Campaign,United States,Mid-Market
CUST-106052,2025-06-24,Paid Ads,Canada,Mid-Market
CUST-106053,2024-01-11,Paid Ads,Netherlands,SMB
CUST-106054,2024-09-27,Email Campaign,United Kingdom,Mid-Market
CUST-106055,2024-07-01,Referral,United States,Mid-Market
CUST-106056,2025-09-08,Paid Ads,United Kingdom,Enterprise
CUST-106057,2024-01-11,Referral,United Kingdom,SMB
CUST-106058,2024-09-25,Social Media,Germany,SMB
CUST-106059,2024-06-12,Paid Ads,United States,SMB
CUST-106060,2025-08-31,Paid Ads,United States,SMB
CUST-106061,2024-08-18,Direct,United States,SMB
CUST-106062,2024-09-04,Email Campaign,United Kingdom,SMB
CUST-106063,2024-05-27,Referral,United States,SMB
CUST-106064,2024-11-24,direct,United Kingdom,Enterprise
CUST-106065,2025-11-20,Organic Search,United States,Mid-Market
CUST-106066,2024-10-13,direct,United States,SMB
CUST-106067,2025-10-13,Referral,United Kingdom,SMB
CUST-106068,2024-11-22,Social Media,United States,SMB
CUST-106069,2025-04-18,Email Campaign,Germany,Mid-Market
CUST-106070,2025-05-21,Paid Ads,United States,SMB
CUST-106071,2024-01-27,Direct,United States,SMB
CUST-106072,2025-01-31,Organic Search,Canada,SMB
CUST-106073,2025-06-10,Paid Ads,Australia,Mid-Market
CUST-106074,2025-07-26,Organic Search,United States,SMB
CUST-106075,2025-11-09,Direct,United States,Enterprise
CUST-106076,2025-11-15,Email Campaign,Germany,SMB
CUST-106077,2024-03-17,Paid Ads,United States,Mid-Market
CUST-106078,2024-07-08,Organic Search,India,SMB
CUST-106079,2024-10-29,Paid Ads,United States,SMB
CUST-106080,2025-11-11,Organic Search,Germany,Mid-Market
CUST-106081,2025-04-19,Organic Search,United Kingdom,Mid-Market
CUST-106082,2024-02-28,Organic Search,Canada,Mid-Market
CUST-106083,2024-04-03,Email Campaign,Canada,SMB
CUST-106084,2024-01-10,Email Campaign,United States,SMB
CUST-106085,2024-08-27,Paid Ads,India,Mid-Market
CUST-106086,2024-04-02,Organic Search,Canada,Mid-Market
CUST-106087,2025-01-05,Email Campaign,Germany,SMB
CUST-106088,2025-08-19,Referral,Canada,SMB
CUST-106089,2025-09-14,Social Media,United States,Mid-Market
CUST-106090,2024-06-06,Paid Ads,United States,SMB
CUST-106091,2024-03-30,Social Media,Canada,SMB
CUST-106092,2024-08-26,Paid Ads,United Kingdom,SMB
CUST-106093,2024-08-07,Referral,Germany,SMB
CUST-106094,2025-04-17,Paid Ads,United States,SMB
CUST-106095,2024-05-11,Organic Search,United States,SMB
CUST-106096,2024-03-29,Direct,Canada,SMB
CUST-106097,2024-02-10,organic search,Germany,SMB
CUST-106098,2025-09-24,Paid Ads,Germany,SMB
CUST-106099,2024-03-12,Referral,Germany,SMB
CUST-106100,2024-07-11,Organic Search,United Kingdom,Mid-Market
CUST-106101,2024-02-06,Paid Ads,United States,SMB
CUST-106102,2025-07-29,Email Campaign,Germany,SMB
CUST-106103,2024-08-27,Email Campaign,Australia,SMB
CUST-106104,2024-11-03,outbound_sales,Canada,Mid-Market
CUST-106105,2025-05-10,Organic Search,India,SMB
CUST-106106,2025-07-30,Organic Search,United States,SMB
CUST-106107,2024-10-24,Organic Search,India,SMB
CUST-106108,2024-07-29,Email Campaign,United States,Mid-Market
CUST-106109,2024-09-26,Referral,United Kingdom,Enterprise
CUST-106110,2025-06-15,Paid Ads,United States,SMB
CUST-106111,2025-04-09,Paid Ads,Canada,SMB
CUST-106112,2025-04-15,Organic Search,United States,SMB
CUST-106113,2024-04-30,Paid Ads,India,Mid-Market
CUST-106114,2025-05-30,Email Campaign,United States,Enterprise
CUST-106115,2024-02-26,Paid Ads,Australia,Mid-Market
CUST-106116,2024-02-01,Social Media,Canada,SMB
CUST-106117,2024-07-29,organic search,United States,SMB
CUST-106118,2025-08-31,Referral,United States,SMB
CUST-106119,2025-02-10,Paid Ads,Germany,Mid-Market
CUST-106120,2024-09-10,Organic Search,United Kingdom,SMB
CUST-106121,2025-11-28,Paid Ads,India,Mid-Market
CUST-106122,2024-03-08,Paid Ads,United States,SMB
CUST-106123,2024-08-09,Paid Ads,India,Mid-Market
CUST-106124,2025-07-01,Email Campaign,United States,Mid-Market
CUST-106125,2025-06-22,Referral,Germany,Mid-Market
CUST-106126,2024-12-09,Referral,United States,SMB
CUST-106127,2025-06-21,Direct,United States,SMB
CUST-106128,2025-01-17,Referral,United States,SMB
CUST-106129,2024-04-25,Organic Search,Canada,Mid-Market
CUST-106130,2024-01-25,outbound_sales,Australia,SMB
CUST-106131,2024-08-28,Paid Ads,United Kingdom,Enterprise
CUST-106132,2025-05-15,Organic Search,Australia,Mid-Market
CUST-106133,2024-09-03,Referral,United States,Mid-Market
CUST-106134,2025-03-25,Paid Ads,United States,SMB
CUST-106135,2025-06-13,Paid Ads,United Kingdom,Mid-Market
CUST-106136,2024-08-24,Paid Ads,United States,SMB
CUST-106137,2025-04-13,Paid Ads,Australia,SMB
CUST-106138,2024-02-08,Organic Search,United States,SMB
CUST-106139,2024-04-23,Email Campaign,United States,Mid-Market
CUST-106140,2024-07-01,Referral,Canada,Mid-Market
CUST-106141,2024-03-11,Organic Search,United Kingdom,SMB
CUST-106142,2024-02-01,Direct,Australia,SMB
CUST-106143,2024-06-19,Paid Ads,Canada,Mid-Market
CUST-106144,2025-10-07,Paid Ads,Netherlands,Enterprise
CUST-106145,2025-02-11,Paid Ads,United States,SMB
CUST-106146,2024-08-25,paid ads,United States,SMB
CUST-106147,2024-10-24,Direct,Germany,SMB
CUST-106148,2024-12-12,Direct,United States,SMB
CUST-106149,2024-01-10,Organic Search,United States,SMB
CUST-106150,2025-02-27,Referral,United States,SMB
CUST-106151,2024-08-13,outbound_sales,United States,SMB
CUST-106152,2024-05-08,Email Campaign,Germany,Mid-Market
CUST-106153,2024-07-31,Paid Ads,United Kingdom,SMB
CUST-106154,2024-02-26,Social Media,United States,Mid-Market
CUST-106155,2025-08-22,Organic Search,United States,Mid-Market
CUST-106156,2025-02-20,Email Campaign,Australia,SMB
CUST-106157,2024-07-12,Paid Ads,Germany,SMB
CUST-106158,2024-01-20,Organic Search,India,SMB
CUST-106159,2024-07-12,direct,Netherlands,Mid-Market
CUST-106160,2025-03-06,Organic Search,United Kingdom,SMB
CUST-106161,2025-08-13,Paid Ads,Canada,SMB
CUST-106162,2024-12-29,Paid Ads,Germany,SMB
CUST-106163,2024-10-27,Organic Search,United States,Mid-Market
CUST-106164,2024-12-28,Direct,United States,SMB
CUST-106165,2024-01-13,Organic Search,Netherlands,Mid-Market
CUST-106166,2024-03-09,Referral,United Kingdom,SMB
CUST-106167,2025-11-09,Email Campaign,Germany,SMB
CUST-106168,2024-11-16,Referral,India,Mid-Market
CUST-106169,2024-06-15,Paid Ads,Australia,SMB
CUST-106170,2024-04-03,Email Campaign,Germany,SMB
CUST-106171,2024-01-14,Paid Ads,Netherlands,SMB
CUST-106172,2025-09-29,Paid Ads,Germany,SMB
CUST-106173,2024-09-02,Organic Search,United States,Enterprise
CUST-106174,2025-08-02,Paid Ads,United States,Mid-Market
CUST-106175,2024-06-26,Referral,Australia,Mid-Market
CUST-106176,2024-11-16,Email Campaign,Canada,Mid-Market
CUST-106177,2025-07-08,Organic Search,United States,SMB
CUST-106178,2025-04-28,Email Campaign,India,Mid-Market
CUST-106179,2025-07-22,Organic Search,United States,Enterprise
CUST-106180,2024-11-29,Paid Ads,Germany,Enterprise
CUST-106181,2024-03-25,Paid Ads,United Kingdom,Mid-Market
CUST-106182,2024-03-07,Direct,India,Enterprise
CUST-106183,2025-11-22,Direct,India,SMB
CUST-106184,2024-01-03,Paid Ads,United Kingdom,SMB
CUST-106185,2024-03-18,Paid Ads,United States,SMB
CUST-106186,2024-03-24,outbound_sales,Netherlands,Mid-Market
CUST-106187,2025-08-13,Paid Ads,India,SMB
CUST-106188,2025-05-16,Organic Search,Canada,Mid-Market
CUST-106189,2025-07-13,Direct,Canada,Enterprise
CUST-106190,2025-05-23,outbound_sales,Germany,Enterprise
CUST-106191,2025-05-22,Paid Ads,United States,SMB
CUST-106192,2025-10-09,Organic Search,United States,SMB
CUST-106193,2024-03-29,email campaign,Canada,SMB
CUST-106194,2024-06-16,Email Campaign,United States,SMB
CUST-106195,2025-09-21,Paid Ads,United States,Mid-Market
CUST-106196,2025-03-16,Paid Ads,Canada,SMB
CUST-106197,2025-08-07,Referral,United States,SMB
CUST-106198,2025-11-15,paid ads,Netherlands,Mid-Market
CUST-106199,2024-01-15,Organic Search,Netherlands,SMB
CUST-106200,2025-08-30,Direct,United States,SMB
CUST-106201,2025-06-16,Email Campaign,United Kingdom,SMB
CUST-106202,2025-03-21,email campaign,France,SMB
CUST-106203,2024-02-05,Referral,Australia,SMB
CUST-106204,2024-10-04,Referral,Germany,Mid-Market
CUST-106205,2024-11-07,Referral,India,Enterprise
CUST-106206,2025-02-23,Paid Ads,India,Mid-Market
CUST-106207,2024-10-02,Direct,United States,SMB
CUST-106208,2025-02-08,Paid Ads,United States,Mid-Market
CUST-106209,2025-05-29,Organic Search,Netherlands,SMB
CUST-106210,2024-12-24,Organic Search,Australia,SMB
CUST-106211,2024-05-15,Email Campaign,United States,SMB
CUST-106212,2025-09-18,outbound_sales,United States,SMB
CUST-106213,2025-02-02,Referral,Australia,SMB
CUST-106214,2025-01-15,Social Media,United States,SMB
CUST-106215,2024-02-03,outbound_sales,United Kingdom,Mid-Market
CUST-106216,2024-02-10,Email Campaign,United States,SMB
CUST-106217,2024-05-30,Referral,United States,SMB
CUST-106218,2024-05-05,Organic Search,Canada,SMB
CUST-106219,2025-08-11,Referral,United States,Mid-Market
CUST-106220,2024-08-02,Paid Ads,France,SMB
CUST-106221,2024-07-17,Organic Search,United Kingdom,SMB
CUST-106222,2024-06-02,Referral,United States,SMB
CUST-106223,2025-06-16,Organic Search,United States,Mid-Market
CUST-106224,2024-08-12,Paid Ads,United States,SMB
CUST-106225,2024-04-14,Organic Search,India,Mid-Market
CUST-106226,2024-02-24,Organic Search,Germany,SMB
CUST-106227,2024-09-14,social media,United States,Mid-Market
CUST-106228,2024-07-21,Organic Search,Australia,SMB
CUST-106229,2025-10-03,Referral,India,SMB
CUST-106230,2025-02-12,Referral,Netherlands,SMB
CUST-106231,2025-07-14,Referral,United States,SMB
CUST-106232,2025-08-29,Paid Ads,Canada,SMB
CUST-106233,2025-11-24,Organic Search,France,SMB
CUST-106234,2024-01-17,Direct,Germany,SMB
CUST-106235,2024-12-31,Paid Ads,Canada,Mid-Market
CUST-106236,2025-05-16,Referral,United Kingdom,SMB
CUST-106237,2024-06-10,Paid Ads,United States,SMB
CUST-106238,2025-04-06,Organic Search,Netherlands,Enterprise
CUST-106239,2025-06-26,Paid Ads,United States,Mid-Market
CUST-106240,2025-07-23,Organic Search,India,SMB
CUST-106241,2025-09-20,Social Media,United Kingdom,Enterprise
CUST-106242,2024-08-10,Referral,United States,SMB
CUST-106243,2024-04-06,Referral,United States,SMB
CUST-106244,2024-12-19,Email Campaign,Canada,Mid-Market
CUST-106245,2024-05-10,Paid Ads,United States,SMB
CUST-106246,2025-10-26,Paid Ads,Germany,Mid-Market
CUST-106247,2025-04-13,Organic Search,United States,SMB
CUST-106248,2024-10-31,Direct,United Kingdom,SMB
CUST-106249,2025-07-26,Referral,Canada,SMB
CUST-106250,2024-08-24,Paid Ads,United States,SMB
CUST-106251,2024-06-21,Organic Search,United States,SMB
CUST-106252,2025-11-24,Paid Ads,United States,Mid-Market
CUST-106253,2025-09-02,Referral,Germany,Enterprise
CUST-106254,2024-07-24,Referral,United States,Mid-Market
CUST-106255,2025-01-05,Paid Ads,Germany,SMB
CUST-106256,2024-02-29,Paid Ads,United States,SMB
CUST-106257,2024-04-03,Organic Search,United States,Mid-Market
CUST-106258,2024-07-27,Paid Ads,United States,Mid-Market
CUST-106259,2024-12-25,Email Campaign,Germany,SMB
CUST-106260,2024-07-09,Organic Search,Canada,SMB
CUST-106261,2024-10-01,Referral,Germany,SMB
CUST-106262,2024-01-06,email campaign,Germany,SMB
CUST-106263,2025-07-15,paid ads,United States,Enterprise
CUST-106264,2025-03-28,Organic Search,India,SMB
CUST-106265,2025-04-03,Email Campaign,United Kingdom,SMB
CUST-106266,2025-11-11,Paid Ads,United States,SMB
CUST-106267,2024-04-03,Paid Ads,United Kingdom,SMB
CUST-106268,2025-11-17,Organic Search,United States,SMB
CUST-106269,2025-11-03,referral,Germany,SMB
CUST-106270,2024-12-24,Email Campaign,India,Mid-Market
CUST-106271,2025-08-11,Direct,United States,SMB
CUST-106272,2024-08-27,Referral,Canada,Mid-Market
CUST-106273,2024-11-29,Organic Search,France,SMB
CUST-106274,2025-03-23,Paid Ads,Netherlands,SMB
CUST-106275,2024-11-06,Email Campaign,United Kingdom,SMB
CUST-106276,2025-07-06,Paid Ads,Netherlands,SMB
CUST-106277,2024-12-29,Organic Search,India,SMB
CUST-106278,2025-05-30,Organic Search,United States,SMB
CUST-106279,2024-02-16,Paid Ads,United Kingdom,SMB
CUST-106280,2024-10-14,Paid Ads,Germany,SMB
CUST-106281,2024-08-15,Paid Ads,Australia,SMB
CUST-106282,2025-09-01,Paid Ads,Netherlands,SMB
CUST-106283,2024-12-30,Paid Ads,India,SMB
CUST-106284,2025-06-17,Referral,United States,Mid-Market
CUST-106285,2024-10-24,Paid Ads,United States,SMB
CUST-106286,2024-08-05,Paid Ads,United States,SMB
CUST-106287,2025-08-19,Organic Search,Canada,SMB
CUST-106288,2024-06-30,Organic Search,United States,Enterprise
CUST-106289,2025-08-11,Direct,United States,SMB
CUST-106290,2025-02-22,Email Campaign,Canada,Mid-Market
CUST-106291,2025-10-16,Organic Search,Canada,SMB
CUST-106292,2025-09-08,Organic Search,United States,SMB
CUST-106293,2025-11-08,Paid Ads,United States,SMB
CUST-106294,2024-01-01,Email Campaign,United States,SMB
CUST-106295,2025-05-08,Organic Search,United Kingdom,SMB
CUST-106296,2024-02-01,Organic Search,India,Mid-Market
CUST-106297,2024-04-06,outbound_sales,United States,SMB
CUST-106298,2025-10-31,Direct,Germany,SMB
CUST-106299,2024-04-28,Organic Search,United States,Mid-Market
CUST-106300,2024-12-30,Paid Ads,United Kingdom,Mid-Market
CUST-106301,2025-08-30,Organic Search,France,SMB
CUST-106302,2025-05-28,paid ads,Germany,SMB
CUST-106303,2024-01-12,Referral,Germany,SMB
CUST-106304,2024-06-15,Email Campaign,France,Mid-Market
CUST-106305,2025-01-09,Organic Search,Australia,Mid-Market
CUST-106306,2024-03-26,Organic Search,Germany,SMB
CUST-106307,2024-07-18,Paid Ads,United States,Enterprise
CUST-106308,2024-09-28,Organic Search,United States,Enterprise
CUST-106309,2025-11-23,Organic Search,France,SMB
CUST-106310,2024-12-23,paid ads,Canada,SMB
CUST-106311,2025-02-13,Organic Search,Germany,Mid-Market
CUST-106312,2025-02-28,Email Campaign,Canada,Mid-Market
CUST-106313,2024-03-01,outbound_sales,Germany,Mid-Market
CUST-106314,2025-03-15,Paid Ads,Germany,SMB
CUST-106315,2025-03-17,Organic Search,Germany,SMB
CUST-106316,2025-11-14,Email Campaign,India,Mid-Market
CUST-106317,2025-11-26,Referral,Germany,SMB
CUST-106318,2024-11-28,Paid Ads,Australia,SMB
CUST-106319,2024-05-18,Organic Search,Canada,SMB
CUST-106320,2025-11-09,Paid Ads,United Kingdom,Mid-Market
CUST-106321,2025-09-11,outbound_sales,India,Mid-Market
CUST-106322,2025-01-31,Referral,United Kingdom,SMB
CUST-106323,2024-10-22,Paid Ads,United States,SMB
CUST-106324,2024-02-20,Direct,India,SMB
CUST-106325,2024-10-07,Email Campaign,France,Mid-Market
CUST-106326,2024-09-16,Paid Ads,India,SMB
CUST-106327,2025-07-08,Email Campaign,Germany,SMB
CUST-106328,2024-02-09,Direct,United Kingdom,SMB
CUST-106329,2024-11-29,Paid Ads,United Kingdom,SMB
CUST-106330,2024-01-12,Referral,India,Mid-Market
CUST-106331,2025-05-28,Organic Search,India,Mid-Market
CUST-106332,2024-12-14,Paid Ads,Germany,SMB
CUST-106333,2025-07-13,Social Media,United States,Mid-Market
CUST-106334,2024-05-25,Referral,United States,SMB
CUST-106335,2025-11-04,Organic Search,Germany,SMB
CUST-106336,2025-10-28,Paid Ads,United Kingdom,SMB
CUST-106337,2025-10-04,Referral,United Kingdom,Mid-Market
CUST-106338,2025-09-06,Direct,United States,SMB
CUST-106339,2024-10-19,Paid Ads,United Kingdom,SMB
CUST-106340,2024-10-27,Referral,United States,SMB
CUST-106341,2024-01-15,Organic Search,Canada,Mid-Market
CUST-106342,2025-04-01,Social Media,United States,Mid-Market
CUST-106343,2025-07-07,Paid Ads,United States,SMB
CUST-106344,2024-05-10,Paid Ads,France,Mid-Market
CUST-106345,2025-10-08,outbound_sales,Germany,SMB
CUST-106346,2025-02-09,Paid Ads,United States,SMB
CUST-106347,2025-12-01,Paid Ads,United States,Mid-Market
CUST-106348,2025-05-24,Social Media,United States,Mid-Market
CUST-106349,2024-05-31,Paid Ads,Netherlands,SMB
CUST-106350,2025-02-03,Direct,United States,SMB
CUST-106351,2025-09-26,Paid Ads,United States,SMB
CUST-106352,2025-01-05,social media,United States,Mid-Market
CUST-106353,2025-01-03,Social Media,Australia,SMB
CUST-106354,2024-07-11,Email Campaign,United Kingdom,SMB
CUST-106355,2024-12-03,Referral,India,SMB
CUST-106356,2024-09-05,organic search,Canada,Mid-Market
CUST-106357,2024-03-28,Direct,France,SMB
CUST-106358,2024-08-19,Email Campaign,India,SMB
CUST-106359,2024-03-17,Paid Ads,United States,Enterprise
CUST-106360,2025-05-12,Paid Ads,United States,Enterprise
CUST-106361,2025-11-28,Direct,United Kingdom,Mid-Market
CUST-106362,2025-07-11,Organic Search,Australia,SMB
CUST-106363,2024-04-27,Paid Ads,United Kingdom,SMB
CUST-106364,2025-09-29,Social Media,India,Enterprise
CUST-106365,2025-05-29,Organic Search,United States,SMB
CUST-106366,2025-01-27,Organic Search,United States,Enterprise
CUST-106367,2025-04-19,Paid Ads,Germany,Mid-Market
CUST-106368,2025-11-26,Paid Ads,United Kingdom,SMB
CUST-106369,2024-12-21,Direct,United States,Mid-Market
CUST-106370,2025-06-19,Social Media,United States,Mid-Market
CUST-106371,2025-10-03,Organic Search,United States,Mid-Market
CUST-106372,2024-11-25,Organic Search,United States,Mid-Market
CUST-106373,2025-11-26,Referral,United States,SMB
CUST-106374,2024-09-12,Paid Ads,United States,SMB
CUST-106375,2025-06-07,outbound_sales,United States,Enterprise
CUST-106376,2025-04-29,Paid Ads,Australia,Mid-Market
CUST-106377,2025-07-07,Referral,United Kingdom,SMB
CUST-106378,2025-05-27,Paid Ads,Canada,SMB
CUST-106379,2024-11-16,Organic Search,Germany,Mid-Market
CUST-106380,2025-02-03,Referral,Germany,SMB
CUST-106381,2024-05-19,Paid Ads,United States,Mid-Market
CUST-106382,2024-10-29,Email Campaign,France,SMB
CUST-106383,2024-08-13,Organic Search,India,SMB
CUST-106384,2024-10-11,Social Media,United States,SMB
CUST-106385,2025-01-26,Social Media,United States,SMB
CUST-106386,2024-07-28,Organic Search,Germany,SMB
CUST-106387,2024-05-05,Email Campaign,United States,SMB
CUST-106388,2024-10-10,Email Campaign,France,SMB
CUST-106389,2025-09-22,Paid Ads,United States,Mid-Market
CUST-106390,2025-10-10,Paid Ads,United States,SMB
CUST-106391,2025-07-09,Email Campaign,India,Mid-Market
CUST-106392,2025-06-27,Paid Ads,United States,Enterprise
CUST-106393,2024-02-24,Social Media,Netherlands,Mid-Market
CUST-106394,2025-01-10,Referral,United States,SMB
CUST-106395,2025-03-23,outbound_sales,United States,SMB
CUST-106396,2025-08-20,Direct,France,SMB
CUST-106397,2024-06-20,Organic Search,Australia,SMB
CUST-106398,2025-03-25,Organic Search,United Kingdom,Mid-Market
CUST-106399,2025-06-21,Organic Search,United States,SMB
CUST-106400,2025-05-23,Paid Ads,United Kingdom,SMB
CUST-106401,2024-12-27,Paid Ads,United States,Enterprise
CUST-106402,2024-05-22,Organic Search,Netherlands,Mid-Market
CUST-106403,2024-07-04,Email Campaign,Germany,SMB
CUST-106404,2024-08-05,Direct,United Kingdom,Mid-Market
CUST-106405,2025-05-07,Referral,United States,SMB
CUST-106406,2024-08-08,Referral,United States,SMB
CUST-106407,2025-01-03,Referral,Netherlands,SMB
CUST-106408,2024-02-07,social media,United States,Enterprise
CUST-106409,2024-10-06,Referral,Netherlands,SMB
CUST-106410,2025-10-31,Social Media,United States,SMB
CUST-106411,2024-10-10,Referral,Netherlands,SMB
CUST-106412,2025-11-04,Paid Ads,India,SMB
CUST-106413,2024-09-24,Organic Search,United States,SMB
CUST-106414,2025-07-24,Email Campaign,United Kingdom,Mid-Market
CUST-106415,2024-08-18,Email Campaign,United States,Enterprise
CUST-106416,2025-02-24,Email Campaign,United Kingdom,Enterprise
CUST-106417,2025-07-19,Direct,Canada,SMB
CUST-106418,2024-03-16,Referral,United Kingdom,Mid-Market
CUST-106419,2024-08-01,Email Campaign,United States,Enterprise
CUST-106420,2025-08-13,Paid Ads,United Kingdom,SMB
CUST-106421,2025-05-02,Paid Ads,United Kingdom,SMB
CUST-106422,2024-03-14,Organic Search,Canada,SMB
CUST-106423,2025-09-01,Organic Search,United States,Mid-Market
CUST-106424,2024-01-25,Social Media,Germany,Mid-Market
CUST-106425,2025-05-18,direct,United States,SMB
CUST-106426,2025-05-16,direct,United States,Mid-Market
CUST-106427,2024-03-17,Organic Search,Germany,SMB
CUST-106428,2024-01-01,Paid Ads,United States,SMB
CUST-106429,2025-05-26,Referral,Canada,SMB
CUST-106430,2024-01-14,Organic Search,India,SMB
CUST-106431,2025-01-28,Email Campaign,Australia,SMB
CUST-106432,2025-09-12,Organic Search,India,Enterprise
CUST-106433,2025-08-07,Social Media,United States,Enterprise
CUST-106434,2025-11-08,Social Media,United States,SMB
CUST-106435,2025-04-17,referral,United States,SMB
CUST-106436,2025-11-22,Paid Ads,United States,SMB
CUST-106437,2024-07-04,Paid Ads,United States,SMB
CUST-106438,2025-01-31,Referral,United Kingdom,SMB
CUST-106439,2025-01-06,Referral,United Kingdom,Mid-Market
CUST-106440,2025-01-07,Paid Ads,Germany,SMB
CUST-106441,2025-05-15,Paid Ads,United States,Mid-Market
CUST-106442,2025-09-25,Organic Search,Netherlands,Mid-Market
CUST-106443,2024-07-06,Email Campaign,India,SMB
CUST-106444,2025-03-10,Paid Ads,United States,SMB
CUST-106445,2025-10-18,Email Campaign,United Kingdom,SMB
CUST-106446,2025-06-20,Paid Ads,Germany,SMB
CUST-106447,2025-01-22,outbound_sales,United Kingdom,Mid-Market
CUST-106448,2025-08-28,Paid Ads,United States,Mid-Market
CUST-106449,2025-02-24,Paid Ads,Australia,SMB
CUST-106450,2024-06-02,Paid Ads,India,Mid-Market
CUST-106451,2024-12-25,Referral,India,Mid-Market
CUST-106452,2025-06-14,Paid Ads,Canada,SMB
CUST-106453,2025-08-20,Referral,Netherlands,Mid-Market
CUST-106454,2025-10-05,Direct,United States,Mid-Market
CUST-106455,2024-11-23,referral,Canada,SMB
CUST-106456,2025-01-08,organic search,United Kingdom,SMB
CUST-106457,2024-10-06,Referral,Canada,SMB
CUST-106458,2024-08-20,Referral,United States,Mid-Market
CUST-106459,2024-12-23,Paid Ads,India,SMB
CUST-106460,2025-06-21,Organic Search,United States,SMB
CUST-106461,2025-01-15,Social Media,Germany,SMB
CUST-106462,2024-09-10,Paid Ads,United States,Enterprise
CUST-106463,2024-10-10,Direct,United States,SMB
CUST-106464,2024-10-08,Organic Search,United States,Mid-Market
CUST-106465,2024-09-20,Direct,United States,SMB
CUST-106466,2024-05-24,Paid Ads,United Kingdom,Mid-Market
CUST-106467,2025-08-18,Paid Ads,United States,SMB
CUST-106468,2024-10-14,Referral,United States,Enterprise
CUST-106469,2025-02-07,Direct,Canada,SMB
CUST-106470,2024-05-19,Social Media,United States,Mid-Market
CUST-106471,2024-09-27,Organic Search,Germany,Mid-Market
CUST-106472,2025-08-12,Paid Ads,India,SMB
CUST-106473,2024-07-02,Referral,United Kingdom,SMB
CUST-106474,2025-11-29,Direct,United States,SMB
CUST-106475,2024-09-25,Referral,United Kingdom,SMB
CUST-106476,2025-06-14,Organic Search,United States,Mid-Market
CUST-106477,2024-09-26,Paid Ads,Australia,SMB
CUST-106478,2024-10-03,Email Campaign,United Kingdom,SMB
CUST-106479,2024-01-24,Social Media,Australia,Mid-Market
CUST-106480,2024-07-06,Paid Ads,United States,SMB
CUST-106481,2025-06-24,Paid Ads,United Kingdom,SMB
CUST-106482,2025-10-13,Direct,Germany,Mid-Market
CUST-106483,2024-06-12,Referral,United States,Mid-Market
CUST-106484,2024-08-11,Referral,United States,SMB
CUST-106485,2025-09-04,Referral,United Kingdom,SMB
CUST-106486,2024-07-31,Social Media,United States,SMB
CUST-106487,2024-01-10,paid ads,Germany,Mid-Market
CUST-106488,2025-08-15,Organic Search,United States,Mid-Market
CUST-106489,2025-10-18,Paid Ads,Australia,Mid-Market
CUST-106490,2025-05-22,Organic Search,United Kingdom,SMB
CUST-106491,2025-10-22,Paid Ads,United Kingdom,SMB
CUST-106492,2024-01-11,Organic Search,United Kingdom,Mid-Market
CUST-106493,2025-03-19,Social Media,United States,SMB
CUST-106494,2024-10-25,Direct,Germany,SMB
CUST-106495,2025-09-21,Organic Search,United States,SMB
CUST-106496,2025-06-02,Organic Search,Germany,SMB
CUST-106497,2024-09-08,Email Campaign,United States,SMB
CUST-106498,2025-10-01,Paid Ads,United States,SMB
CUST-106499,2024-02-12,Referral,Germany,Enterprise
CUST-106500,2025-08-24,Organic Search,United States,SMB
CUST-106501,2025-04-17,Referral,United States,SMB
CUST-106502,2024-12-16,Organic Search,Germany,Mid-Market
CUST-106503,2025-01-05,Organic Search,India,SMB
CUST-106504,2025-09-13,Social Media,Germany,SMB
CUST-106505,2024-01-22,Social Media,India,SMB
CUST-106506,2025-02-13,paid ads,Netherlands,Enterprise
CUST-106507,2025-09-03,Referral,United States,SMB
CUST-106508,2024-03-02,Direct,Germany,SMB
CUST-106509,2024-04-30,Organic Search,Netherlands,SMB
CUST-106510,2025-07-25,outbound_sales,United States,SMB
CUST-106511,2024-03-21,Referral,United Kingdom,Mid-Market
CUST-106512,2025-01-28,Social Media,United States,Enterprise
CUST-106513,2024-05-07,Email Campaign,United States,SMB
CUST-106514,2024-12-20,Paid Ads,United States,SMB
CUST-106515,2025-01-02,Paid Ads,India,SMB
CUST-106516,2025-08-23,Direct,France,SMB
CUST-106517,2024-12-03,Referral,United States,SMB
CUST-106518,2024-03-27,Referral,United Kingdom,Mid-Market
CUST-106519,2025-06-11,Direct,United Kingdom,SMB
CUST-106520,2024-12-29,Direct,United States,SMB
CUST-106521,2025-01-08,Referral,Germany,Mid-Market
CUST-106522,2025-11-08,Email Campaign,United States,SMB
CUST-106523,2024-02-24,Social Media,United States,SMB
CUST-106524,2025-09-27,Paid Ads,United States,Mid-Market
CUST-106525,2024-04-15,Referral,United States,Mid-Market
CUST-106526,2025-06-08,Referral,Germany,SMB
CUST-106527,2024-11-29,Email Campaign,United Kingdom,SMB
CUST-106528,2025-02-20,email campaign,United States,Enterprise
CUST-106529,2025-02-26,Referral,United States,Mid-Market
CUST-106530,2024-08-03,Paid Ads,United States,SMB
CUST-106531,2025-06-03,Email Campaign,United States,SMB
CUST-106532,2024-12-03,Paid Ads,Canada,SMB
CUST-106533,2025-05-19,Paid Ads,United Kingdom,SMB
CUST-106534,2024-04-30,Organic Search,United Kingdom,SMB
CUST-106535,2025-08-23,Direct,United States,SMB
CUST-106536,2024-01-18,Paid Ads,Canada,Mid-Market
CUST-106537,2025-09-06,outbound_sales,United Kingdom,SMB
CUST-106538,2025-03-02,Paid Ads,United States,Mid-Market
CUST-106539,2025-03-22,Paid Ads,United States,SMB
CUST-106540,2025-11-05,Direct,United States,SMB
CUST-106541,2024-12-17,Social Media,France,Mid-Market
CUST-106542,2024-09-26,Referral,India,SMB
CUST-106543,2024-06-07,Social Media,Netherlands,SMB
CUST-106544,2025-02-10,Paid Ads,India,Enterprise
CUST-106545,2024-04-25,Email Campaign,United States,SMB
CUST-106546,2025-10-14,Direct,United States,SMB
CUST-106547,2025-07-23,Organic Search,United States,SMB
CUST-106548,2025-01-07,Social Media,India,Enterprise
CUST-106549,2025-07-25,Social Media,Germany,SMB
CUST-106550,2025-11-04,Paid Ads,Netherlands,Mid-Market
CUST-106551,2024-02-25,referral,Canada,SMB
CUST-106552,2025-08-17,Organic Search,United Kingdom,Mid-Market
CUST-106553,2024-07-24,Organic Search,United States,Enterprise
CUST-106554,2025-07-26,Paid Ads,United States,SMB
CUST-106555,2025-08-20,Organic Search,United States,SMB
CUST-106556,2025-09-22,Email Campaign,United States,SMB
CUST-106557,2024-02-06,Paid Ads,France,Mid-Market
CUST-106558,2025-07-13,paid ads,Germany,Enterprise
CUST-106559,2025-01-15,Email Campaign,United Kingdom,SMB
CUST-106560,2025-01-13,Direct,United States,SMB
CUST-106561,2024-02-03,Referral,United States,Mid-Market
CUST-106562,2024-08-10,Social Media,United Kingdom,SMB
CUST-106563,2024-01-03,Referral,Australia,SMB
CUST-106564,2025-06-15,Organic Search,Germany,Enterprise
CUST-106565,2025-09-21,Organic Search,United States,Enterprise
CUST-106566,2024-04-11,Email Campaign,United States,SMB
CUST-106567,2024-10-06,Direct,India,Mid-Market
CUST-106568,2024-11-02,Paid Ads,United States,SMB
CUST-106569,2025-02-18,Paid Ads,United Kingdom,SMB
CUST-106570,2024-11-10,Paid Ads,United States,SMB
CUST-106571,2025-12-01,Email Campaign,Canada,SMB
CUST-106572,2024-09-02,Paid Ads,Canada,SMB
CUST-106573,2025-07-16,Paid Ads,India,SMB
CUST-106574,2024-06-21,Paid Ads,United Kingdom,Mid-Market
CUST-106575,2024-09-20,Paid Ads,Germany,Enterprise
CUST-106576,2024-12-08,Organic Search,India,SMB
CUST-106577,2024-11-14,Referral,United States,SMB
CUST-106578,2025-10-03,Paid Ads,India,Mid-Market
CUST-106579,2025-08-01,Direct,United States,Enterprise
CUST-106580,2025-03-04,Referral,India,SMB
CUST-106581,2025-11-08,outbound_sales,United States,SMB
CUST-106582,2024-05-29,Organic Search,Canada,SMB
CUST-106583,2024-05-19,Paid Ads,United Kingdom,SMB
CUST-106584,2024-08-19,Paid Ads,United States,Mid-Market
CUST-106585,2024-02-24,outbound_sales,Germany,SMB
CUST-106586,2025-05-18,Social Media,Canada,Enterprise
CUST-106587,2025-05-22,Paid Ads,United States,SMB
CUST-106588,2025-08-21,Paid Ads,India,Mid-Market
CUST-106589,2025-04-05,Referral,Germany,Mid-Market
CUST-106590,2025-01-15,Direct,United Kingdom,SMB
CUST-106591,2024-02-25,Direct,United States,Mid-Market
CUST-106592,2025-02-09,Referral,United Kingdom,SMB
CUST-106593,2025-09-08,Paid Ads,Netherlands,Enterprise
CUST-106594,2024-02-07,Paid Ads,United States,Enterprise
CUST-106595,2024-09-14,Email Campaign,United States,SMB
CUST-106596,2025-06-06,Paid Ads,United States,Mid-Market
CUST-106597,2024-05-20,Organic Search,United States,SMB
CUST-106598,2025-06-24,Paid Ads,France,SMB
CUST-106599,2025-01-18,Referral,United States,SMB
CUST-106600,2024-11-23,Organic Search,United States,SMB
CUST-106601,2024-07-09,Direct,Canada,SMB
CUST-106602,2025-03-09,Paid Ads,Netherlands,SMB
CUST-106603,2025-08-28,Email Campaign,United States,SMB
CUST-106604,2025-07-15,Organic Search,United States,Enterprise
CUST-106605,2025-06-01,Referral,United States,Mid-Market
CUST-106606,2025-01-07,Organic Search,Germany,SMB
CUST-106607,2025-11-01,Email Campaign,Australia,SMB
CUST-106608,2025-01-05,Referral,United States,Mid-Market
CUST-106609,2024-07-03,Paid Ads,Germany,SMB
CUST-106610,2024-10-23,Organic Search,Australia,SMB
CUST-106611,2024-11-15,Social Media,United States,SMB
CUST-106612,2025-01-10,Organic Search,United States,SMB
CUST-106613,2024-06-05,Direct,Netherlands,SMB
CUST-106614,2025-04-11,Paid Ads,India,SMB
CUST-106615,2024-10-16,outbound_sales,United States,Mid-Market
CUST-106616,2024-09-08,Organic Search,United States,SMB
CUST-106617,2024-07-02,Paid Ads,United States,SMB
CUST-106618,2024-08-14,Organic Search,United States,SMB
CUST-106619,2025-06-06,Organic Search,Canada,SMB
CUST-106620,2024-12-12,Organic Search,United Kingdom,SMB
CUST-106621,2024-09-04,Paid Ads,Australia,Mid-Market
CUST-106622,2024-11-17,Organic Search,United States,Enterprise
CUST-106623,2025-03-23,Referral,United States,SMB
CUST-106624,2024-03-18,Email Campaign,Netherlands,SMB
CUST-106625,2025-01-27,Paid Ads,Germany,SMB
CUST-106626,2024-09-03,Paid Ads,India,SMB
CUST-106627,2024-08-24,Organic Search,India,SMB
CUST-106628,2025-08-19,Email Campaign,Netherlands,Mid-Market
CUST-106629,2025-04-29,Direct,Australia,SMB
CUST-106630,2024-04-20,Email Campaign,United States,SMB
CUST-106631,2025-11-30,Paid Ads,Canada,Mid-Market
CUST-106632,2025-12-01,Paid Ads,United States,SMB
CUST-106633,2024-11-07,Organic Search,Canada,Enterprise
CUST-106634,2024-11-08,Referral,United States,SMB
CUST-106635,2024-08-14,Organic Search,United States,SMB
CUST-106636,2025-03-02,Organic Search,United States,SMB
CUST-106637,2025-01-12,Email Campaign,United States,Mid-Market
CUST-106638,2025-08-14,Direct,Australia,SMB
CUST-106639,2024-09-26,Organic Search,France,SMB
CUST-106640,2024-04-08,Email Campaign,United States,Enterprise
CUST-106641,2024-03-03,Organic Search,United States,Mid-Market
CUST-106642,2024-06-22,Referral,Germany,Mid-Market
CUST-106643,2025-10-04,Direct,Canada,SMB
CUST-106644,2025-07-06,Paid Ads,United Kingdom,SMB
CUST-106645,2025-01-18,Organic Search,Germany,SMB
CUST-106646,2025-07-30,Organic Search,Canada,SMB
CUST-106647,2024-12-21,Email Campaign,Australia,SMB
CUST-106648,2025-09-13,Email Campaign,United States,Mid-Market
CUST-106649,2025-08-25,Organic Search,Australia,SMB
CUST-106650,2025-06-15,Referral,India,Mid-Market
CUST-106651,2024-12-24,Email Campaign,India,SMB
CUST-106652,2024-12-29,Direct,Netherlands,SMB
CUST-106653,2025-01-12,Paid Ads,Germany,Mid-Market
CUST-106654,2025-01-12,organic search,United States,SMB
CUST-106655,2025-07-04,Direct,United States,SMB
CUST-106656,2024-07-05,Paid Ads,Germany,Mid-Market
CUST-106657,2024-05-11,outbound_sales,India,Mid-Market
CUST-106658,2024-03-07,organic search,United Kingdom,Mid-Market
CUST-106659,2024-04-30,Organic Search,Germany,Enterprise
CUST-106660,2024-01-04,Referral,United States,SMB
CUST-106661,2025-07-23,Organic Search,United Kingdom,SMB
CUST-106662,2024-05-19,paid ads,United States,SMB
CUST-106663,2025-11-15,Referral,United Kingdom,SMB
CUST-106664,2025-05-22,Email Campaign,United States,Mid-Market
CUST-106665,2025-01-29,Paid Ads,Australia,SMB
CUST-106666,2025-03-13,Referral,Canada,SMB
CUST-106667,2025-03-20,Organic Search,United Kingdom,SMB
CUST-106668,2025-08-31,Paid Ads,Germany,SMB
CUST-106669,2025-08-30,Direct,United States,SMB
CUST-106670,2024-05-03,outbound_sales,United States,SMB
CUST-106671,2025-08-05,Social Media,Germany,Mid-Market
CUST-106672,2025-11-17,Referral,United States,SMB
CUST-106673,2025-03-10,Paid Ads,United States,Mid-Market
CUST-106674,2025-10-16,Paid Ads,United States,SMB
CUST-106675,2024-04-25,Paid Ads,United Kingdom,SMB
CUST-106676,2024-10-15,Paid Ads,Germany,SMB
CUST-106677,2025-09-29,Referral,France,Mid-Market
CUST-106678,2025-07-03,Organic Search,United States,SMB
CUST-106679,2024-05-07,Organic Search,United States,SMB
CUST-106680,2024-07-23,Organic Search,United States,SMB
CUST-106681,2024-05-06,Organic Search,India,SMB
CUST-106682,2025-03-06,outbound_sales,United Kingdom,SMB
CUST-106683,2024-02-08,Organic Search,United States,Mid-Market
CUST-106684,2024-08-09,Organic Search,Germany,SMB
CUST-106685,2025-05-03,Paid Ads,United States,Mid-Market
CUST-106686,2024-06-24,Organic Search,Germany,SMB
CUST-106687,2025-05-17,Paid Ads,United Kingdom,SMB
CUST-106688,2025-02-16,Referral,Germany,SMB
CUST-106689,2024-05-05,Paid Ads,United Kingdom,SMB
CUST-106690,2025-08-15,Organic Search,United Kingdom,SMB
CUST-106691,2024-01-09,Email Campaign,United Kingdom,SMB
CUST-106692,2025-03-25,Paid Ads,Canada,SMB
CUST-106693,2025-05-08,Email Campaign,United Kingdom,SMB
CUST-106694,2024-03-21,Paid Ads,United States,Enterprise
CUST-106695,2024-08-04,Paid Ads,United States,SMB
CUST-106696,2024-03-19,Organic Search,United States,SMB
CUST-106697,2024-05-24,Direct,United Kingdom,SMB
CUST-106698,2024-02-05,Email Campaign,United States,SMB
CUST-106699,2025-04-06,Referral,Netherlands,SMB
CUST-106700,2024-07-20,Organic Search,United States,SMB
CUST-106701,2025-04-16,outbound_sales,India,SMB
CUST-106702,2025-02-13,Referral,United States,Mid-Market
CUST-106703,2024-10-06,Paid Ads,United States,Mid-Market
CUST-106704,2024-11-03,Organic Search,United Kingdom,Mid-Market
CUST-106705,2025-09-29,Organic Search,United States,SMB
CUST-106706,2024-01-02,Organic Search,United Kingdom,SMB
CUST-106707,2025-10-17,Referral,Germany,Enterprise
CUST-106708,2024-08-07,Social Media,Canada,Mid-Market
CUST-106709,2025-01-13,Paid Ads,France,SMB
CUST-106710,2025-05-29,Direct,United States,SMB
CUST-106711,2024-02-08,Direct,United States,SMB
CUST-106712,2024-04-04,Direct,India,SMB
CUST-106713,2024-06-14,Paid Ads,United States,Enterprise
CUST-106714,2024-10-17,Paid Ads,United States,Enterprise
CUST-106715,2024-08-24,Paid Ads,United States,SMB
CUST-106716,2024-06-22,Organic Search,United States,SMB
CUST-106717,2024-03-26,Email Campaign,United States,SMB
CUST-106718,2025-01-27,Social Media,Australia,Mid-Market
CUST-106719,2024-09-22,Paid Ads,United States,Mid-Market
CUST-106720,2024-09-12,Social Media,United Kingdom,Enterprise
CUST-106721,2025-08-14,outbound_sales,United States,SMB
CUST-106722,2024-03-17,Paid Ads,Canada,SMB
CUST-106723,2024-06-23,Organic Search,Germany,SMB
CUST-106724,2025-01-27,Paid Ads,Australia,SMB
CUST-106725,2024-03-28,Paid Ads,France,SMB
CUST-106726,2024-08-11,Referral,United Kingdom,SMB
CUST-106727,2024-05-23,Paid Ads,Netherlands,SMB
CUST-106728,2024-12-02,Social Media,Germany,Mid-Market
CUST-106729,2025-03-25,Referral,United States,SMB
CUST-106730,2024-06-23,Referral,Canada,SMB
CUST-106731,2025-08-29,Organic Search,United States,SMB
CUST-106732,2024-04-15,Referral,United States,SMB
CUST-106733,2025-05-30,Organic Search,United States,SMB
CUST-106734,2025-06-09,outbound_sales,Germany,SMB
CUST-106735,2024-07-13,Referral,United States,SMB
CUST-106736,2024-01-06,social media,India,Mid-Market
CUST-106737,2025-04-06,Paid Ads,United States,SMB
CUST-106738,2025-10-24,Paid Ads,United States,SMB
CUST-106739,2025-06-17,Paid Ads,United States,SMB
CUST-106740,2025-07-09,Organic Search,United States,Mid-Market
CUST-106741,2025-11-08,Paid Ads,Australia,SMB
CUST-106742,2024-04-14,Social Media,United States,SMB
CUST-106743,2024-05-06,outbound_sales,Netherlands,SMB
CUST-106744,2024-04-26,Referral,United States,SMB
CUST-106745,2025-06-13,Paid Ads,United States,SMB
CUST-106746,2025-06-30,Email Campaign,Australia,SMB
CUST-106747,2024-09-13,Social Media,Netherlands,Mid-Market
CUST-106748,2024-09-14,Paid Ads,France,SMB
CUST-106749,2024-09-05,outbound_sales,United States,Enterprise
CUST-106750,2024-09-16,organic search,United Kingdom,SMB
CUST-106751,2025-04-03,Paid Ads,United States,Mid-Market
CUST-106752,2024-07-21,Referral,Germany,Mid-Market
CUST-106753,2025-07-02,Paid Ads,Canada,Mid-Market
CUST-106754,2025-04-26,Paid Ads,Netherlands,Mid-Market
CUST-106755,2025-05-26,Paid Ads,United States,SMB
CUST-106756,2024-07-01,Email Campaign,India,SMB
CUST-106757,2024-08-11,Email Campaign,Australia,SMB
CUST-106758,2025-11-20,Direct,Canada,Mid-Market
CUST-106759,2024-05-28,Paid Ads,United Kingdom,Enterprise
CUST-106760,2024-07-06,Paid Ads,United States,SMB
CUST-106761,2025-11-13,outbound_sales,Germany,SMB
CUST-106762,2025-03-20,Email Campaign,France,Mid-Market
CUST-106763,2025-07-18,Paid Ads,United States,SMB
CUST-106764,2025-07-18,Organic Search,France,SMB
CUST-106765,2025-10-25,Organic Search,Germany,SMB
CUST-106766,2025-07-16,Referral,United Kingdom,SMB
CUST-106767,2024-02-10,Paid Ads,Germany,SMB
CUST-106768,2025-04-12,Email Campaign,United States,SMB
CUST-106769,2025-08-15,Organic Search,India,Mid-Market
CUST-106770,2025-08-30,Organic Search,United States,SMB
CUST-106771,2025-04-23,Email Campaign,United States,Mid-Market
CUST-106772,2025-11-02,Organic Search,United Kingdom,SMB
CUST-106773,2024-10-31,Referral,Germany,SMB
CUST-106774,2025-02-13,Organic Search,United States,SMB
CUST-106775,2025-02-28,organic search,United States,SMB
CUST-106776,2024-11-29,Social Media,United States,SMB
CUST-106777,2025-07-19,Paid Ads,United States,Mid-Market
CUST-106778,2025-01-14,Referral,United States,SMB
CUST-106779,2024-07-12,Email Campaign,Canada,SMB
CUST-106780,2024-04-08,Referral,United States,Mid-Market
CUST-106781,2024-04-11,Organic Search,United States,SMB
CUST-106782,2024-08-23,outbound_sales,India,SMB
CUST-106783,2024-12-30,Email Campaign,United States,Mid-Market
CUST-106784,2024-09-14,Organic Search,United States,Mid-Market
CUST-106785,2024-05-24,Organic Search,United States,Mid-Market
CUST-106786,2025-05-29,email campaign,United Kingdom,Enterprise
CUST-106787,2024-07-22,Direct,India,SMB
CUST-106788,2025-07-12,Organic Search,United Kingdom,SMB
CUST-106789,2025-06-22,Direct,Germany,SMB
CUST-106790,2024-11-10,Referral,Canada,Mid-Market
CUST-106791,2024-05-22,Social Media,United States,Enterprise
CUST-106792,2024-11-20,Social Media,United Kingdom,Mid-Market
CUST-106793,2024-08-10,Organic Search,United States,Mid-Market
CUST-106794,2024-04-17,Direct,Netherlands,SMB
CUST-106795,2024-09-03,Organic Search,United Kingdom,Mid-Market
CUST-106796,2025-08-18,Direct,Germany,SMB
CUST-106797,2025-06-29,Organic Search,India,SMB
CUST-106798,2025-07-14,Social Media,Canada,Mid-Market
CUST-106799,2024-05-12,Organic Search,United States,SMB
CUST-106800,2025-07-11,Organic Search,United States,SMB
CUST-106801,2024-03-05,Paid Ads,United Kingdom,SMB
CUST-106802,2025-10-09,Organic Search,Canada,SMB
CUST-106803,2025-05-04,Direct,India,SMB
CUST-106804,2024-01-22,Paid Ads,Germany,Mid-Market
CUST-106805,2024-07-28,Paid Ads,United States,SMB
CUST-106806,2024-02-16,Direct,United States,SMB
CUST-106807,2025-10-06,Paid Ads,United States,SMB
CUST-106808,2025-04-11,Referral,United States,Mid-Market
CUST-106809,2024-05-30,Email Campaign,United States,SMB
CUST-106810,2025-03-09,Email Campaign,Netherlands,SMB
CUST-106811,2025-05-15,Paid Ads,Canada,Mid-Market
CUST-106812,2025-09-06,Direct,United Kingdom,SMB
CUST-106813,2025-07-21,Social Media,India,SMB
CUST-106814,2025-03-24,Social Media,India,SMB
CUST-106815,2025-11-03,Organic Search,Canada,SMB
CUST-106816,2025-08-10,Organic Search,United Kingdom,SMB
CUST-106817,2024-10-11,Paid Ads,United States,SMB
CUST-106818,2024-09-15,Paid Ads,Canada,SMB
CUST-106819,2024-03-27,Referral,India,Mid-Market
CUST-106820,2024-04-26,Referral,Australia,SMB
CUST-106821,2025-08-15,Referral,Canada,Mid-Market
CUST-106822,2025-10-03,Referral,United States,Mid-Market
CUST-106823,2025-06-06,Paid Ads,United States,SMB
CUST-106824,2025-07-06,Referral,United States,SMB
CUST-106825,2025-01-05,Social Media,India,SMB
CUST-106826,2025-08-20,Organic Search,United States,SMB
CUST-106827,2025-02-24,Organic Search,United States,SMB
CUST-106828,2024-05-23,outbound_sales,Canada,Enterprise
CUST-106829,2024-12-29,Organic Search,United Kingdom,SMB
CUST-106830,2024-12-20,Paid Ads,Germany,Mid-Market
CUST-106831,2025-11-20,paid ads,United States,Mid-Market
CUST-106832,2025-06-12,Email Campaign,Germany,SMB
CUST-106833,2025-05-30,Direct,United Kingdom,Mid-Market
CUST-106834,2024-06-17,Referral,Australia,SMB
CUST-106835,2024-04-18,Email Campaign,United States,SMB
CUST-106836,2025-11-26,Referral,France,SMB
CUST-106837,2024-11-13,Paid Ads,Netherlands,Enterprise
CUST-106838,2024-10-29,Paid Ads,Germany,SMB
CUST-106839,2024-01-16,direct,United States,Enterprise
CUST-106840,2024-11-14,Referral,United States,SMB
CUST-106841,2024-10-06,Organic Search,United Kingdom,Mid-Market
CUST-106842,2025-05-24,Organic Search,United States,SMB
CUST-106843,2024-04-27,Direct,Netherlands,SMB
CUST-106844,2024-01-15,Organic Search,United States,SMB
CUST-106845,2024-10-19,Referral,United States,Mid-Market
CUST-106846,2024-05-17,Paid Ads,United States,SMB
CUST-106847,2025-09-20,Direct,Germany,SMB
CUST-106848,2025-11-26,Organic Search,United States,Mid-Market
CUST-106849,2024-08-21,Paid Ads,United States,SMB
CUST-106850,2025-05-27,Social Media,United Kingdom,SMB
CUST-106851,2024-06-13,Paid Ads,United States,Mid-Market
CUST-106852,2025-11-27,Organic Search,United States,SMB
CUST-106853,2024-09-07,Organic Search,United States,SMB
CUST-106854,2025-01-23,Direct,United States,Mid-Market
CUST-106855,2025-01-11,referral,Australia,SMB
CUST-106856,2024-10-04,Organic Search,Canada,SMB
CUST-106857,2024-06-07,Paid Ads,United States,Mid-Market
CUST-106858,2024-12-04,Organic Search,United States,SMB
CUST-106859,2024-06-07,Organic Search,United States,SMB
CUST-106860,2024-03-09,Organic Search,India,Enterprise
CUST-106861,2024-01-29,Paid Ads,United Kingdom,SMB
CUST-106862,2025-08-20,Organic Search,Canada,SMB
CUST-106863,2024-03-18,outbound_sales,United States,SMB
CUST-106864,2025-03-24,Referral,France,Mid-Market
CUST-106865,2024-07-23,Referral,Germany,SMB
CUST-106866,2024-05-06,Direct,United States,Mid-Market
CUST-106867,2025-09-28,Referral,Germany,SMB
CUST-106868,2024-03-28,Referral,India,SMB
CUST-106869,2024-11-20,Referral,United States,SMB
CUST-106870,2025-10-01,Paid Ads,United Kingdom,SMB
CUST-106871,2025-11-03,Paid Ads,United States,Mid-Market
CUST-106872,2024-12-21,Referral,Germany,Mid-Market
CUST-106873,2024-07-30,Social Media,Canada,SMB
CUST-106874,2024-06-24,Paid Ads,United States,SMB
CUST-106875,2024-11-19,Organic Search,United Kingdom,Mid-Market
CUST-106876,2025-10-07,Direct,India,SMB
CUST-106877,2024-10-28,Social Media,United States,SMB
CUST-106878,2025-05-19,Paid Ads,United States,Mid-Market
CUST-106879,2025-02-03,Paid Ads,Germany,SMB
CUST-106880,2024-02-24,Organic Search,United States,SMB
CUST-106881,2024-05-18,Paid Ads,United Kingdom,SMB
CUST-106882,2025-04-13,Paid Ads,United States,SMB
CUST-106883,2024-08-21,Email Campaign,India,SMB
CUST-106884,2024-10-24,Referral,United States,SMB
CUST-106885,2024-01-23,Direct,United States,SMB
CUST-106886,2024-09-16,Direct,United States,SMB
CUST-106887,2024-04-04,Email Campaign,United States,Mid-Market
CUST-106888,2024-08-15,organic search,Germany,SMB
CUST-106889,2025-07-31,Organic Search,France,SMB
CUST-106890,2024-04-16,Email Campaign,United States,SMB
CUST-106891,2024-02-28,Organic Search,United States,SMB
CUST-106892,2025-11-27,outbound_sales,Canada,SMB
CUST-106893,2025-09-03,Paid Ads,United Kingdom,Enterprise
CUST-106894,2025-04-15,Referral,United States,Mid-Market
CUST-106895,2024-04-02,Email Campaign,United Kingdom,Enterprise
CUST-106896,2024-09-25,Paid Ads,India,SMB
CUST-106897,2024-12-28,Email Campaign,United States,SMB
CUST-106898,2024-04-28,Organic Search,Canada,Mid-Market
CUST-106899,2024-10-21,Email Campaign,India,Mid-Market
CUST-106900,2024-04-19,Paid Ads,United States,SMB
CUST-106901,2024-01-25,Organic Search,Germany,SMB
CUST-106902,2024-05-12,Paid Ads,United States,SMB
CUST-106903,2024-02-01,Email Campaign,United States,SMB
CUST-106904,2025-02-02,Paid Ads,United States,SMB
CUST-106905,2024-08-24,Paid Ads,France,Enterprise
CUST-106906,2024-05-19,Email Campaign,India,SMB
CUST-106907,2024-02-08,Paid Ads,Germany,Mid-Market
CUST-106908,2024-12-31,Organic Search,France,SMB
CUST-106909,2024-05-18,Paid Ads,France,SMB
CUST-106910,2024-10-06,Organic Search,Germany,SMB
CUST-106911,2024-08-22,Direct,Netherlands,SMB
CUST-106912,2024-05-16,Email Campaign,United Kingdom,SMB
CUST-106913,2025-08-15,Organic Search,India,SMB
CUST-106914,2024-05-21,Paid Ads,United Kingdom,Mid-Market
CUST-106915,2024-07-17,Direct,Germany,Enterprise
CUST-106916,2025-01-29,Social Media,United Kingdom,Mid-Market
CUST-106917,2024-12-17,Organic Search,United Kingdom,SMB
CUST-106918,2024-09-11,Organic Search,United States,SMB
CUST-106919,2025-07-26,Organic Search,United Kingdom,SMB
CUST-106920,2025-08-04,outbound_sales,United States,SMB
CUST-106921,2025-04-23,Paid Ads,India,SMB
CUST-106922,2025-09-18,Paid Ads,United States,Enterprise
CUST-106923,2024-11-14,Paid Ads,United States,Enterprise
CUST-106924,2025-04-09,Referral,Netherlands,SMB
CUST-106925,2024-01-28,paid ads,United States,Mid-Market
CUST-106926,2024-03-01,Paid Ads,United States,SMB
CUST-106927,2024-03-28,Direct,France,SMB
CUST-106928,2024-10-12,Paid Ads,United States,Enterprise
CUST-106929,2025-08-06,Paid Ads,United States,SMB
CUST-106930,2024-12-01,Direct,Australia,Mid-Market
CUST-106931,2025-04-20,Social Media,United States,SMB
CUST-106932,2024-01-31,Organic Search,United States,Mid-Market
CUST-106933,2025-07-05,Organic Search,United Kingdom,SMB
CUST-106934,2024-03-09,Paid Ads,United States,Enterprise
CUST-106935,2024-05-04,Social Media,France,SMB
CUST-106936,2025-07-13,Paid Ads,Germany,SMB
CUST-106937,2024-11-28,paid ads,United Kingdom,Enterprise
CUST-106938,2024-12-12,Referral,United States,SMB
CUST-106939,2025-03-24,Organic Search,United States,SMB
CUST-106940,2025-02-06,Organic Search,United States,SMB
CUST-106941,2025-07-07,social media,United States,Mid-Market
CUST-106942,2024-08-19,Referral,United States,Mid-Market
CUST-106943,2025-11-29,Social Media,United States,SMB
CUST-106944,2025-01-30,Paid Ads,United States,SMB
CUST-106945,2025-08-10,Social Media,United States,Mid-Market
CUST-106946,2025-01-21,Paid Ads,Netherlands,SMB
CUST-106947,2025-07-27,Referral,Germany,SMB
CUST-106948,2025-01-03,Referral,United Kingdom,SMB
CUST-106949,2024-03-29,Organic Search,Germany,Enterprise
CUST-106950,2024-06-03,outbound_sales,United States,SMB
CUST-106951,2024-08-29,Referral,United Kingdom,SMB
CUST-106952,2025-04-10,Paid Ads,United States,SMB
CUST-106953,2024-04-22,Paid Ads,United States,Mid-Market
CUST-106954,2024-05-30,Social Media,United States,SMB
CUST-106955,2025-07-13,Organic Search,United Kingdom,SMB
CUST-106956,2025-08-26,Organic Search,United States,Mid-Market
CUST-106957,2025-01-17,Paid Ads,United Kingdom,Enterprise
CUST-106958,2025-08-26,Organic Search,United States,Enterprise
CUST-106959,2024-08-13,Referral,France,SMB
CUST-106960,2024-12-16,Email Campaign,United States,SMB
CUST-106961,2024-07-08,outbound_sales,United States,SMB
CUST-106962,2024-12-15,Paid Ads,United Kingdom,SMB
CUST-106963,2024-04-27,Paid Ads,United States,SMB
CUST-106964,2025-02-01,Paid Ads,United States,SMB
CUST-106965,2024-01-01,Direct,United States,SMB
CUST-106966,2025-02-21,referral,United States,Enterprise
CUST-106967,2024-10-02,Organic Search,Australia,SMB
CUST-106968,2024-12-12,Referral,United States,SMB
CUST-106969,2025-07-02,Paid Ads,Australia,SMB
CUST-106970,2025-03-27,Direct,United States,SMB
CUST-106971,2024-02-15,Organic Search,United States,SMB
CUST-106972,2024-09-02,Organic Search,United Kingdom,Enterprise
CUST-106973,2025-08-28,Organic Search,India,SMB
CUST-106974,2024-10-17,Organic Search,United Kingdom,SMB
CUST-106975,2025-01-25,Organic Search,Australia,SMB
CUST-106976,2024-03-22,Social Media,Australia,Mid-Market
CUST-106977,2024-01-07,Email Campaign,United States,SMB
CUST-106978,2025-03-15,Organic Search,United States,Mid-Market
CUST-106979,2024-11-10,Organic Search,United States,SMB
CUST-106980,2025-10-04,Organic Search,United States,Mid-Market
CUST-106981,2025-04-26,Organic Search,United States,SMB
CUST-106982,2024-03-25,Referral,United States,Mid-Market
CUST-106983,2025-08-22,Direct,United Kingdom,Mid-Market
CUST-106984,2024-05-05,Paid Ads,Canada,SMB
CUST-106985,2024-05-05,organic search,Netherlands,Mid-Market
CUST-106986,2024-10-06,Social Media,United States,Mid-Market
CUST-106987,2025-05-09,Organic Search,India,Mid-Market
CUST-106988,2025-04-20,Referral,United States,SMB
CUST-106989,2025-07-15,Referral,United States,SMB
CUST-106990,2024-11-13,Paid Ads,Germany,SMB
CUST-106991,2025-11-14,Social Media,Canada,SMB
CUST-106992,2025-04-30,Email Campaign,United States,Mid-Market
CUST-106993,2025-02-07,Organic Search,United States,SMB
CUST-106994,2024-12-16,Direct,United States,SMB
CUST-106995,2024-11-24,Social Media,United States,SMB
CUST-106996,2025-09-30,Referral,United Kingdom,SMB
CUST-106997,2025-05-14,outbound_sales,United Kingdom,SMB
CUST-106998,2024-06-19,Organic Search,United States,Mid-Market
CUST-106999,2024-02-11,Paid Ads,Germany,SMB
CUST-107000,2025-11-26,Organic Search,United Kingdom,Mid-Market
CUST-107001,2024-03-04,Paid Ads,United Kingdom,SMB
CUST-107002,2025-03-18,Organic Search,United States,SMB
CUST-107003,2024-09-20,Organic Search,United States,SMB
CUST-107004,2025-08-03,Direct,United States,Mid-Market
CUST-107005,2024-04-21,Social Media,India,SMB
CUST-107006,2025-02-14,Paid Ads,United Kingdom,SMB
CUST-107007,2024-11-23,Paid Ads,Germany,SMB
CUST-107008,2024-04-16,Paid Ads,United States,SMB
CUST-107009,2024-09-16,Paid Ads,Canada,SMB
CUST-107010,2025-04-08,Social Media,Australia,SMB
CUST-107011,2024-04-01,Referral,United States,Enterprise
CUST-107012,2025-09-24,Paid Ads,Australia,Mid-Market
CUST-107013,2025-07-09,Email Campaign,United Kingdom,Mid-Market
CUST-107014,2025-03-23,Referral,United States,Mid-Market
CUST-107015,2024-11-30,Social Media,United States,SMB
CUST-107016,2025-09-21,Email Campaign,Netherlands,Mid-Market
CUST-107017,2025-03-18,Organic Search,India,Enterprise
CUST-107018,2025-04-26,Paid Ads,France,SMB
CUST-107019,2025-12-01,Social Media,United States,SMB
CUST-107020,2024-04-29,Paid Ads,Germany,SMB
CUST-107021,2025-09-12,direct,United States,Mid-Market
CUST-107022,2025-11-01,outbound_sales,India,SMB
CUST-107023,2024-02-29,Referral,Netherlands,SMB
CUST-107024,2025-11-23,Direct,India,SMB
CUST-107025,2025-04-10,Organic Search,Australia,SMB
CUST-107026,2025-01-09,Referral,United Kingdom,SMB
CUST-107027,2025-01-26,Organic Search,United States,Enterprise
CUST-107028,2024-07-06,Organic Search,United States,SMB
CUST-107029,2025-10-09,Email Campaign,Germany,Enterprise
CUST-107030,2025-06-18,Organic Search,United States,SMB
CUST-107031,2024-09-03,Referral,United States,SMB
CUST-107032,2025-10-20,Paid Ads,United States,Mid-Market
CUST-107033,2024-10-17,Organic Search,United States,SMB
CUST-107034,2024-10-16,Paid Ads,United States,Enterprise
CUST-107035,2024-10-13,Paid Ads,Canada,Mid-Market
CUST-107036,2024-09-09,Social Media,United Kingdom,Mid-Market
CUST-107037,2025-08-01,Referral,United Kingdom,SMB
CUST-107038,2024-11-05,Social Media,United States,SMB
CUST-107039,2025-04-24,Paid Ads,Germany,SMB
CUST-107040,2024-09-04,Social Media,United States,Mid-Market
CUST-107041,2025-10-20,Organic Search,United Kingdom,SMB
CUST-107042,2024-03-07,Paid Ads,United Kingdom,SMB
CUST-107043,2024-11-24,Paid Ads,France,SMB
CUST-107044,2024-07-03,Social Media,United States,SMB
CUST-107045,2024-09-09,Referral,India,SMB
CUST-107046,2025-09-13,Paid Ads,United Kingdom,SMB
CUST-107047,2024-03-11,Paid Ads,France,SMB
CUST-107048,2024-08-15,Referral,United Kingdom,SMB
CUST-107049,2025-07-06,outbound_sales,Germany,SMB
CUST-107050,2024-10-21,Direct,United Kingdom,SMB
CUST-107051,2025-08-01,Organic Search,United States,Mid-Market
CUST-107052,2024-08-14,Paid Ads,United States,SMB
CUST-107053,2025-03-28,Paid Ads,United States,Mid-Market
CUST-107054,2025-04-18,Referral,United States,SMB
CUST-107055,2024-04-01,paid ads,Germany,Enterprise
CUST-107056,2025-02-04,Direct,Canada,SMB
CUST-107057,2024-01-04,Email Campaign,India,SMB
CUST-107058,2024-08-08,Paid Ads,United States,SMB
CUST-107059,2025-07-30,Direct,United States,SMB
CUST-107060,2024-01-08,Referral,United Kingdom,SMB
CUST-107061,2025-03-28,Paid Ads,United Kingdom,SMB
CUST-107062,2024-02-18,Direct,United Kingdom,Mid-Market
CUST-107063,2025-07-12,Paid Ads,United Kingdom,SMB
CUST-107064,2024-07-11,Referral,United States,SMB
CUST-107065,2024-02-14,Direct,Germany,SMB
CUST-107066,2024-12-16,Paid Ads,India,SMB
CUST-107067,2025-04-01,Direct,United States,SMB
CUST-107068,2025-05-05,Organic Search,Germany,Enterprise
CUST-107069,2024-09-04,Paid Ads,India,SMB
CUST-107070,2024-10-20,Direct,United States,Mid-Market
CUST-107071,2025-02-27,Direct,United Kingdom,Enterprise
CUST-107072,2024-12-08,Paid Ads,United States,SMB
CUST-107073,2024-11-16,Paid Ads,United States,Enterprise
CUST-107074,2025-06-11,Paid Ads,Canada,Mid-Market
CUST-107075,2025-08-05,Referral,United States,Mid-Market
CUST-107076,2025-08-16,Paid Ads,Canada,SMB
CUST-107077,2025-10-17,Social Media,Australia,SMB
CUST-107078,2024-11-18,Organic Search,United Kingdom,SMB
CUST-107079,2024-09-19,Referral,United States,SMB
CUST-107080,2024-05-10,Paid Ads,Canada,SMB
CUST-107081,2025-08-24,Referral,India,SMB
CUST-107082,2024-08-23,Paid Ads,United States,SMB
CUST-107083,2025-03-15,Paid Ads,United States,SMB
CUST-107084,2025-07-12,Organic Search,India,SMB
CUST-107085,2024-05-26,Organic Search,Germany,SMB
CUST-107086,2024-06-01,Paid Ads,Netherlands,SMB
CUST-107087,2025-09-13,Referral,United States,Mid-Market
CUST-107088,2024-11-08,referral,Australia,SMB
CUST-107089,2025-03-18,Referral,Germany,Mid-Market
CUST-107090,2024-02-25,Social Media,United Kingdom,Enterprise
CUST-107091,2025-11-03,Paid Ads,United Kingdom,SMB
CUST-107092,2024-02-21,Social Media,United Kingdom,SMB
CUST-107093,2025-03-17,outbound_sales,United States,SMB
CUST-107094,2025-03-17,Social Media,India,Mid-Market
CUST-107095,2024-11-12,Organic Search,United States,SMB
CUST-107096,2024-12-30,Social Media,United States,SMB
CUST-107097,2024-12-08,Email Campaign,United Kingdom,SMB
CUST-107098,2025-01-21,Paid Ads,Canada,SMB
CUST-107099,2024-05-26,Paid Ads,Canada,SMB
CUST-107100,2024-11-07,Email Campaign,Australia,Enterprise
CUST-107101,2025-09-12,Email Campaign,United Kingdom,SMB
CUST-107102,2025-04-23,Organic Search,Canada,Mid-Market
CUST-107103,2024-09-14,Direct,Netherlands,SMB
CUST-107104,2024-12-27,Organic Search,France,SMB
CUST-107105,2024-03-30,Referral,Netherlands,Mid-Market
CUST-107106,2025-05-29,Direct,United States,Mid-Market
CUST-107107,2025-06-18,Social Media,France,SMB
CUST-107108,2024-09-13,Referral,Netherlands,Mid-Market
CUST-107109,2025-11-27,Social Media,Canada,Mid-Market
CUST-107110,2024-03-26,Paid Ads,United Kingdom,Mid-Market
CUST-107111,2024-03-29,Organic Search,United States,SMB
CUST-107112,2025-07-07,Organic Search,Germany,Mid-Market
CUST-107113,2025-07-11,Organic Search,United States,Mid-Market
CUST-107114,2025-03-06,Referral,India,SMB
CUST-107115,2024-07-27,Paid Ads,United Kingdom,Enterprise
CUST-107116,2025-09-16,Referral,United States,Mid-Market
CUST-107117,2024-06-12,Social Media,United States,SMB
CUST-107118,2025-01-10,Organic Search,United States,SMB
CUST-107119,2025-01-07,Organic Search,United States,SMB
CUST-107120,2025-02-08,Referral,Germany,Mid-Market
CUST-107121,2024-01-05,Referral,United States,SMB
CUST-107122,2024-09-07,Organic Search,Germany,SMB
CUST-107123,2024-04-25,Organic Search,United States,SMB
CUST-107124,2024-09-07,Organic Search,Canada,SMB
CUST-107125,2025-08-12,Email Campaign,United States,Mid-Market
CUST-107126,2025-11-02,Referral,Netherlands,Mid-Market
CUST-107127,2025-01-20,Direct,India,Mid-Market
CUST-107128,2024-06-27,Social Media,India,SMB
CUST-107129,2024-08-11,Email Campaign,United Kingdom,Mid-Market
CUST-107130,2024-03-15,Paid Ads,Canada,SMB
CUST-107131,2024-04-26,Paid Ads,Germany,Mid-Market
CUST-107132,2025-04-08,Organic Search,United Kingdom,SMB
CUST-107133,2024-02-03,Direct,United States,SMB
CUST-107134,2025-06-16,Organic Search,India,Enterprise
CUST-107135,2025-10-04,Email Campaign,Germany,SMB
CUST-107136,2024-04-25,Paid Ads,Germany,SMB
CUST-107137,2024-08-07,Organic Search,Germany,SMB
CUST-107138,2024-12-24,Organic Search,United Kingdom,SMB
CUST-107139,2024-02-13,Direct,United States,SMB
CUST-107140,2025-07-31,Paid Ads,United States,SMB
CUST-107141,2024-08-08,Organic Search,United States,Mid-Market
CUST-107142,2024-03-26,Paid Ads,United Kingdom,SMB
CUST-107143,2025-04-24,Email Campaign,Canada,SMB
CUST-107144,2025-09-04,Organic Search,United States,SMB
CUST-107145,2024-09-19,email campaign,United Kingdom,SMB
CUST-107146,2024-06-24,Organic Search,United Kingdom,SMB
CUST-107147,2024-12-12,Organic Search,India,SMB
CUST-107148,2025-01-04,Email Campaign,United States,SMB
CUST-107149,2024-03-03,Referral,United States,SMB
CUST-107150,2025-06-24,Paid Ads,United States,SMB
CUST-107151,2025-05-16,Paid Ads,United States,SMB
CUST-107152,2025-04-07,Referral,United States,SMB
CUST-107153,2024-08-20,outbound_sales,Germany,SMB
CUST-107154,2024-02-11,Paid Ads,United Kingdom,SMB
CUST-107155,2024-01-08,Organic Search,Australia,SMB
CUST-107156,2025-09-01,outbound_sales,United States,Mid-Market
CUST-107157,2025-08-01,Organic Search,India,SMB
CUST-107158,2024-01-12,Paid Ads,United States,SMB
CUST-107159,2024-09-18,Organic Search,Australia,Mid-Market
CUST-107160,2024-03-15,Direct,Germany,SMB
CUST-107161,2024-02-12,Paid Ads,United States,Mid-Market
CUST-107162,2024-10-06,Direct,United Kingdom,SMB
CUST-107163,2024-02-20,Referral,United States,SMB
CUST-107164,2025-03-26,Referral,Australia,SMB
CUST-107165,2025-10-07,Referral,United States,Enterprise
CUST-107166,2024-02-27,Paid Ads,Germany,SMB
CUST-107167,2025-07-10,Email Campaign,France,SMB
CUST-107168,2024-05-03,Referral,Australia,SMB
CUST-107169,2024-10-07,Direct,United States,SMB
CUST-107170,2025-02-15,Paid Ads,United States,SMB
CUST-107171,2024-05-12,Paid Ads,United States,SMB
CUST-107172,2025-08-04,Organic Search,United States,SMB
CUST-107173,2025-05-09,Direct,United Kingdom,Mid-Market
CUST-107174,2024-06-05,Referral,United Kingdom,SMB
CUST-107175,2024-08-23,Paid Ads,United Kingdom,SMB
CUST-107176,2024-05-19,Paid Ads,United States,SMB
CUST-107177,2024-12-27,Referral,Germany,SMB
CUST-107178,2025-07-31,Referral,Canada,SMB
CUST-107179,2024-06-27,outbound_sales,France,SMB
CUST-107180,2024-07-13,Organic Search,Canada,Mid-Market
CUST-107181,2025-10-04,Organic Search,Canada,SMB
CUST-107182,2025-09-19,Organic Search,United Kingdom,Mid-Market
CUST-107183,2025-09-12,Email Campaign,United States,SMB
CUST-107184,2024-09-29,Organic Search,United Kingdom,SMB
CUST-107185,2025-02-06,Email Campaign,United States,Mid-Market
CUST-107186,2025-07-20,Email Campaign,United States,SMB
CUST-107187,2024-06-08,Paid Ads,United States,Enterprise
CUST-107188,2024-08-28,Direct,Australia,Enterprise
CUST-107189,2024-02-27,Direct,United States,SMB
CUST-107190,2024-03-01,Organic Search,Germany,SMB
CUST-107191,2024-07-19,Paid Ads,Germany,SMB
CUST-107192,2025-03-01,Organic Search,United States,Mid-Market
CUST-107193,2024-07-05,Direct,United States,SMB
CUST-107194,2024-09-29,Paid Ads,India,SMB
CUST-107195,2025-10-30,Social Media,United States,Mid-Market
CUST-107196,2024-03-27,Organic Search,United Kingdom,SMB
CUST-107197,2024-10-27,outbound_sales,United States,SMB
CUST-107198,2024-03-23,Referral,United Kingdom,SMB
CUST-107199,2024-11-03,Paid Ads,United Kingdom,Mid-Market
CUST-107200,2025-10-01,Organic Search,Netherlands,SMB
CUST-107201,2025-10-19,Referral,Australia,Mid-Market
CUST-107202,2025-08-23,Referral,United Kingdom,SMB
CUST-107203,2024-07-28,Paid Ads,Germany,SMB
CUST-107204,2025-05-22,Paid Ads,Germany,Mid-Market
CUST-107205,2024-01-03,Organic Search,United States,SMB
CUST-107206,2025-10-28,Organic Search,United Kingdom,Mid-Market
CUST-107207,2025-08-05,Organic Search,Germany,SMB
CUST-107208,2025-04-21,Direct,United Kingdom,SMB
CUST-107209,2024-03-19,Organic Search,United Kingdom,SMB
CUST-107210,2024-11-03,Social Media,United States,SMB
CUST-107211,2025-01-28,Social Media,United States,Mid-Market
CUST-107212,2025-10-12,Organic Search,United States,SMB
CUST-107213,2025-08-27,Paid Ads,Canada,SMB
CUST-107214,2025-10-03,Paid Ads,Canada,Enterprise
CUST-107215,2024-05-30,Email Campaign,India,SMB
CUST-107216,2025-10-05,Organic Search,United States,SMB
CUST-107217,2024-09-29,Paid Ads,United States,SMB
CUST-107218,2024-06-17,Paid Ads,United States,Enterprise
CUST-107219,2024-02-15,Organic Search,United States,SMB
CUST-107220,2025-05-07,Organic Search,France,SMB
CUST-107221,2025-06-07,outbound_sales,Germany,SMB
CUST-107222,2025-07-21,Paid Ads,United States,Mid-Market
CUST-107223,2024-10-29,Organic Search,United States,SMB
CUST-107224,2025-01-24,Referral,India,Mid-Market
CUST-107225,2024-09-24,Organic Search,France,SMB
CUST-107226,2024-10-11,Direct,United States,SMB
CUST-107227,2024-08-16,Direct,United States,Mid-Market
CUST-107228,2025-03-09,Organic Search,Netherlands,SMB
CUST-107229,2024-11-25,Email Campaign,Canada,SMB
CUST-107230,2024-11-27,Referral,Germany,SMB
CUST-107231,2025-05-16,Email Campaign,Germany,SMB
CUST-107232,2024-12-14,Paid Ads,United Kingdom,SMB
CUST-107233,2025-10-18,Referral,India,SMB
CUST-107234,2025-04-25,Paid Ads,Germany,SMB
CUST-107235,2025-09-11,paid ads,Germany,SMB
CUST-107236,2024-10-14,Direct,United States,SMB
CUST-107237,2025-03-20,Email Campaign,Australia,SMB
CUST-107238,2025-10-09,Paid Ads,Germany,SMB
CUST-107239,2025-09-24,Paid Ads,United States,Mid-Market
CUST-107240,2025-02-06,Organic Search,United Kingdom,Mid-Market
CUST-107241,2024-03-30,Organic Search,United Kingdom,SMB
CUST-107242,2024-05-20,Paid Ads,India,SMB
CUST-107243,2024-01-24,Direct,United States,SMB
CUST-107244,2024-03-03,Paid Ads,Netherlands,SMB
CUST-107245,2025-02-19,Paid Ads,United States,Mid-Market
CUST-107246,2025-04-26,Email Campaign,Canada,Enterprise
CUST-107247,2025-04-02,Email Campaign,United States,Mid-Market
CUST-107248,2024-11-26,Paid Ads,United States,Mid-Market
CUST-107249,2024-12-27,Email Campaign,Canada,SMB
CUST-107250,2024-12-04,Social Media,Canada,Mid-Market
CUST-107251,2025-08-29,Direct,United States,Mid-Market
CUST-107252,2024-06-22,Direct,India,SMB
CUST-107253,2024-06-28,Referral,United Kingdom,Mid-Market
CUST-107254,2024-12-01,Direct,United States,SMB
CUST-107255,2025-11-25,Direct,France,SMB
CUST-107256,2024-03-02,direct,Germany,SMB
CUST-107257,2024-01-01,Organic Search,United States,SMB
CUST-107258,2024-03-25,Social Media,United States,SMB
CUST-107259,2025-04-26,Direct,United States,Mid-Market
CUST-107260,2024-07-25,Referral,Germany,SMB
CUST-107261,2024-12-07,Organic Search,United States,SMB
CUST-107262,2025-03-20,Email Campaign,United States,SMB
CUST-107263,2024-01-23,Paid Ads,United States,SMB
CUST-107264,2024-03-11,Paid Ads,United Kingdom,SMB
CUST-107265,2025-06-17,Organic Search,United States,SMB
CUST-107266,2024-07-12,Referral,Germany,SMB
CUST-107267,2025-09-19,Organic Search,United States,Mid-Market
CUST-107268,2024-09-08,Organic Search,India,Mid-Market
CUST-107269,2025-05-31,Direct,United States,SMB
CUST-107270,2024-09-12,Paid Ads,India,SMB
CUST-107271,2025-11-24,Organic Search,Germany,SMB
CUST-107272,2025-07-20,Referral,Canada,Mid-Market
CUST-107273,2025-08-17,Organic Search,United States,Mid-Market
CUST-107274,2025-02-27,Paid Ads,United Kingdom,SMB
CUST-107275,2025-03-02,Paid Ads,France,SMB
CUST-107276,2024-11-01,Paid Ads,Australia,SMB
CUST-107277,2025-05-31,Organic Search,United States,Mid-Market
CUST-107278,2025-01-01,Email Campaign,Canada,SMB
CUST-107279,2025-01-25,Referral,United Kingdom,SMB
CUST-107280,2024-02-20,Referral,Canada,SMB
CUST-107281,2024-07-12,Referral,Australia,SMB
CUST-107282,2024-03-12,Paid Ads,Germany,SMB
CUST-107283,2024-01-30,Paid Ads,United States,SMB
CUST-107284,2025-03-08,Organic Search,United Kingdom,Mid-Market
CUST-107285,2024-05-06,Email Campaign,United States,Mid-Market
CUST-107286,2024-06-09,Organic Search,France,Enterprise
CUST-107287,2025-07-29,outbound_sales,Canada,SMB
CUST-107288,2025-08-15,Paid Ads,United States,SMB
CUST-107289,2025-08-03,Paid Ads,United Kingdom,SMB
CUST-107290,2024-02-04,Organic Search,Canada,Mid-Market
CUST-107291,2025-09-26,Organic Search,United Kingdom,SMB
CUST-107292,2024-07-04,Referral,United Kingdom,Mid-Market
CUST-107293,2024-03-27,Referral,Australia,Mid-Market
CUST-107294,2024-11-03,Direct,United States,SMB
CUST-107295,2024-12-07,Referral,United States,Mid-Market
CUST-107296,2024-11-17,Direct,United States,Enterprise
CUST-107297,2025-03-18,Paid Ads,United States,SMB
CUST-107298,2024-01-31,Paid Ads,Netherlands,SMB
CUST-107299,2025-06-22,Paid Ads,United Kingdom,SMB
CUST-107300,2024-01-10,Email Campaign,United Kingdom,SMB
CUST-107301,2024-12-20,Email Campaign,United States,Mid-Market
CUST-107302,2024-02-14,Email Campaign,Germany,Mid-Market
CUST-107303,2024-05-26,Email Campaign,France,Enterprise
CUST-107304,2025-05-30,Email Campaign,United States,Mid-Market
CUST-107305,2025-04-17,Paid Ads,Canada,Mid-Market
CUST-107306,2024-10-03,Email Campaign,United Kingdom,Mid-Market
CUST-107307,2024-04-10,Organic Search,United States,Mid-Market
CUST-107308,2024-05-10,Direct,Canada,SMB
CUST-107309,2025-05-07,Paid Ads,United States,SMB
CUST-107310,2025-05-29,Email Campaign,Germany,SMB
CUST-107311,2025-07-29,Email Campaign,United Kingdom,Mid-Market
CUST-107312,2024-04-02,Social Media,Germany,SMB
CUST-107313,2025-06-17,Social Media,United States,SMB
CUST-107314,2024-11-28,Paid Ads,United States,SMB
CUST-107315,2025-02-28,Referral,Germany,SMB
CUST-107316,2024-09-02,Paid Ads,Canada,SMB
CUST-107317,2024-01-15,Paid Ads,Australia,SMB
CUST-107318,2024-04-29,Direct,United States,SMB
CUST-107319,2024-07-11,Organic Search,United States,SMB
CUST-107320,2024-06-01,Paid Ads,Germany,SMB
CUST-107321,2024-05-28,Referral,United Kingdom,SMB
CUST-107322,2024-11-15,Referral,Canada,Mid-Market
CUST-107323,2025-07-20,Paid Ads,United Kingdom,Mid-Market
CUST-107324,2025-09-13,outbound_sales,Canada,SMB
CUST-107325,2024-08-17,Organic Search,United States,SMB
CUST-107326,2024-07-28,Paid Ads,Australia,Enterprise
CUST-107327,2024-12-21,Direct,Canada,SMB
CUST-107328,2024-01-05,Social Media,United States,SMB
CUST-107329,2024-01-11,Organic Search,United States,Enterprise
CUST-107330,2024-04-02,Referral,United Kingdom,SMB
CUST-107331,2025-11-29,Referral,India,SMB
CUST-107332,2025-02-01,organic search,Canada,SMB
CUST-107333,2024-07-12,Paid Ads,United Kingdom,SMB
CUST-107334,2025-04-10,Paid Ads,Germany,SMB
CUST-107335,2025-06-17,Paid Ads,United States,Mid-Market
CUST-107336,2024-02-06,organic search,Canada,SMB
CUST-107337,2024-05-10,Paid Ads,United Kingdom,Mid-Market
CUST-107338,2025-01-25,Organic Search,India,SMB
CUST-107339,2024-12-15,Direct,United States,SMB
CUST-107340,2024-06-03,organic search,United States,Enterprise
CUST-107341,2025-03-15,Direct,Germany,Mid-Market
CUST-107342,2025-11-13,outbound_sales,Netherlands,Mid-Market
CUST-107343,2024-07-23,Social Media,Netherlands,Mid-Market
CUST-107344,2024-04-06,Referral,United States,Mid-Market
CUST-107345,2025-09-09,Organic Search,France,SMB
CUST-107346,2025-02-06,Organic Search,Germany,Enterprise
CUST-107347,2024-06-28,Paid Ads,Germany,SMB
CUST-107348,2024-11-30,Referral,United States,SMB
CUST-107349,2025-12-01,Paid Ads,United States,SMB
CUST-107350,2024-10-11,outbound_sales,United States,SMB
CUST-107351,2024-12-19,Referral,United States,Mid-Market
CUST-107352,2024-06-08,Email Campaign,Canada,SMB
CUST-107353,2024-12-03,Paid Ads,India,SMB
CUST-107354,2024-09-12,Organic Search,United States,SMB
CUST-107355,2024-03-09,Organic Search,India,SMB
CUST-107356,2025-09-29,Paid Ads,United Kingdom,SMB
CUST-107357,2025-09-05,Social Media,United States,SMB
CUST-107358,2024-01-05,Social Media,United States,SMB
CUST-107359,2025-03-28,Paid Ads,United States,SMB
CUST-107360,2024-03-27,Paid Ads,United States,SMB
CUST-107361,2025-06-04,Social Media,United States,SMB
CUST-107362,2025-01-31,Organic Search,United Kingdom,SMB
CUST-107363,2025-07-31,Referral,United States,Mid-Market
CUST-107364,2024-11-08,Referral,United States,Mid-Market
CUST-107365,2024-09-19,Email Campaign,United States,SMB
CUST-107366,2025-02-23,Direct,United States,Mid-Market
CUST-107367,2025-07-02,Direct,United States,SMB
CUST-107368,2024-02-04,Email Campaign,Germany,SMB
CUST-107369,2024-12-20,Email Campaign,Canada,SMB
CUST-107370,2024-08-01,Referral,Germany,Mid-Market
CUST-107371,2025-08-28,Email Campaign,United States,SMB
CUST-107372,2024-10-18,Organic Search,Germany,SMB
CUST-107373,2025-07-29,Email Campaign,Germany,SMB
CUST-107374,2025-05-19,referral,Netherlands,SMB
CUST-107375,2024-05-23,Organic Search,India,SMB
CUST-107376,2024-08-07,Referral,United Kingdom,Enterprise
CUST-107377,2025-08-14,Referral,United States,SMB
CUST-107378,2025-03-29,Organic Search,United States,SMB
CUST-107379,2024-09-13,Paid Ads,Netherlands,SMB
CUST-107380,2024-01-01,paid ads,United States,SMB
CUST-107381,2025-02-19,Referral,United States,Mid-Market
CUST-107382,2024-07-17,Referral,United Kingdom,SMB
CUST-107383,2025-04-06,Organic Search,United States,SMB
CUST-107384,2024-01-06,Referral,Canada,SMB
CUST-107385,2025-07-16,Referral,United Kingdom,Enterprise
CUST-107386,2024-02-21,Email Campaign,United Kingdom,SMB
CUST-107387,2024-02-29,Direct,United States,Enterprise
CUST-107388,2025-08-26,Direct,United Kingdom,Mid-Market
CUST-107389,2024-10-05,outbound_sales,Canada,Mid-Market
CUST-107390,2025-07-31,Paid Ads,United States,SMB
CUST-107391,2024-10-27,Paid Ads,India,SMB
CUST-107392,2024-01-14,Organic Search,United States,SMB
CUST-107393,2024-02-05,Paid Ads,United Kingdom,Enterprise
CUST-107394,2025-03-27,Social Media,Canada,SMB
CUST-107395,2024-10-16,Organic Search,United States,SMB
CUST-107396,2025-10-13,outbound_sales,United Kingdom,SMB
CUST-107397,2025-08-11,Referral,France,SMB
CUST-107398,2024-08-12,Organic Search,United States,SMB
CUST-107399,2025-11-07,Referral,United States,Mid-Market
CUST-107400,2025-10-07,Organic Search,United States,Enterprise
CUST-107401,2024-07-20,email campaign,Germany,Mid-Market
CUST-107402,2024-10-27,Organic Search,United Kingdom,SMB
CUST-107403,2025-08-01,paid ads,Germany,Mid-Market
CUST-107404,2025-11-30,Organic Search,Canada,SMB
CUST-107405,2025-04-03,Referral,Netherlands,SMB
CUST-107406,2025-10-09,Paid Ads,United States,Mid-Market
CUST-107407,2024-11-23,Direct,India,Mid-Market
CUST-107408,2024-11-13,Organic Search,United States,SMB
CUST-107409,2025-07-17,Organic Search,United Kingdom,SMB
CUST-107410,2024-07-18,Organic Search,United States,SMB
CUST-107411,2025-08-05,Referral,Germany,Mid-Market
CUST-107412,2024-01-09,Organic Search,Canada,SMB
CUST-107413,2024-01-05,Paid Ads,United States,SMB
CUST-107414,2024-11-29,Organic Search,United States,Mid-Market
CUST-107415,2025-04-26,Paid Ads,United States,SMB
CUST-107416,2025-04-08,Paid Ads,Germany,Enterprise
CUST-107417,2025-11-11,Referral,Germany,Mid-Market
CUST-107418,2024-03-01,Social Media,United Kingdom,Enterprise
CUST-107419,2025-03-24,Paid Ads,United States,SMB
CUST-107420,2024-08-31,Referral,United States,SMB
CUST-107421,2025-05-15,Paid Ads,United States,Mid-Market
CUST-107422,2025-09-03,Paid Ads,France,SMB
CUST-107423,2025-04-21,Organic Search,France,SMB
CUST-107424,2025-05-03,Social Media,Germany,SMB
CUST-107425,2024-11-19,Organic Search,United States,SMB
CUST-107426,2024-11-03,outbound_sales,United States,Mid-Market
CUST-107427,2025-06-28,Organic Search,India,SMB
CUST-107428,2025-09-10,Referral,United States,SMB
CUST-107429,2024-04-16,Email Campaign,United States,SMB
CUST-107430,2025-05-02,Direct,Canada,SMB
CUST-107431,2024-11-23,Paid Ads,United States,SMB
CUST-107432,2025-10-26,Paid Ads,Germany,Mid-Market
CUST-107433,2025-06-28,Organic Search,Germany,SMB
CUST-107434,2024-03-10,Direct,United States,SMB
CUST-107435,2024-06-30,Email Campaign,United States,Enterprise
CUST-107436,2025-10-02,Paid Ads,Canada,SMB
CUST-107437,2024-09-03,Direct,Canada,SMB
CUST-107438,2025-09-30,outbound_sales,United States,SMB
CUST-107439,2024-02-24,Paid Ads,United States,Mid-Market
CUST-107440,2025-04-26,Direct,France,SMB
CUST-107441,2025-07-02,Referral,India,SMB
CUST-107442,2024-10-02,outbound_sales,Canada,Enterprise
CUST-107443,2025-01-21,Organic Search,United Kingdom,Mid-Market
CUST-107444,2025-06-07,Social Media,United States,Enterprise
CUST-107445,2024-09-13,Paid Ads,Canada,SMB
CUST-107446,2024-08-08,Referral,United States,Mid-Market
CUST-107447,2024-10-12,Paid Ads,Canada,Mid-Market
CUST-107448,2025-02-27,Paid Ads,United Kingdom,Mid-Market
CUST-107449,2025-09-17,Organic Search,Canada,Enterprise
CUST-107450,2024-06-28,Social Media,Canada,SMB
CUST-107451,2024-01-01,Direct,Canada,Mid-Market
CUST-107452,2024-09-03,Email Campaign,United States,Mid-Market
CUST-107453,2025-01-04,Paid Ads,United States,SMB
CUST-107454,2024-06-17,Paid Ads,Australia,Mid-Market
CUST-107455,2024-03-28,Paid Ads,United States,Mid-Market
CUST-107456,2024-08-18,Organic Search,Australia,SMB
CUST-107457,2025-05-01,organic search,Germany,Mid-Market
CUST-107458,2025-04-02,Referral,Canada,Enterprise
CUST-107459,2024-04-12,Paid Ads,India,SMB
CUST-107460,2024-05-22,Organic Search,United States,Mid-Market
CUST-107461,2025-06-21,Paid Ads,India,SMB
CUST-107462,2025-01-30,Paid Ads,Germany,SMB
CUST-107463,2025-11-27,Paid Ads,Australia,SMB
CUST-107464,2025-08-13,Organic Search,United States,SMB
CUST-107465,2025-10-28,Referral,United States,Enterprise
CUST-107466,2025-02-06,Organic Search,United States,SMB
CUST-107467,2024-10-27,Paid Ads,United States,SMB
CUST-107468,2024-06-04,Paid Ads,United States,Enterprise
CUST-107469,2025-02-18,Paid Ads,United States,Mid-Market
CUST-107470,2025-11-14,Paid Ads,United Kingdom,SMB
CUST-107471,2024-09-02,Paid Ads,Germany,SMB
CUST-107472,2024-02-05,Organic Search,United States,Mid-Market
CUST-107473,2025-02-01,Paid Ads,Canada,SMB
CUST-107474,2024-05-27,Paid Ads,United States,SMB
CUST-107475,2024-01-03,Referral,United States,SMB
CUST-107476,2025-01-22,Organic Search,Australia,SMB
CUST-107477,2024-04-16,Referral,United Kingdom,SMB
CUST-107478,2025-01-26,Email Campaign,Canada,Mid-Market
CUST-107479,2024-03-02,Organic Search,United States,SMB
CUST-107480,2024-01-19,Referral,United Kingdom,SMB
CUST-107481,2025-06-07,Direct,Germany,Enterprise
CUST-107482,2024-05-17,Social Media,United States,Enterprise
CUST-107483,2025-10-03,Paid Ads,United Kingdom,SMB
CUST-107484,2024-08-14,Direct,United States,SMB
CUST-107485,2024-06-30,Social Media,United States,Mid-Market
CUST-107486,2025-08-08,Organic Search,United States,SMB
CUST-107487,2025-04-16,Organic Search,United States,Enterprise
CUST-107488,2024-06-24,Referral,United States,SMB
CUST-107489,2024-01-27,outbound_sales,Germany,Mid-Market
CUST-107490,2025-03-20,Paid Ads,United States,SMB
CUST-107491,2025-11-03,Organic Search,United States,Mid-Market
CUST-107492,2025-08-11,Email Campaign,United States,Mid-Market
CUST-107493,2025-07-30,Social Media,India,Mid-Market
CUST-107494,2025-08-15,Organic Search,United States,Mid-Market
CUST-107495,2025-11-18,Social Media,United States,Mid-Market
CUST-107496,2025-06-05,Referral,Netherlands,SMB
CUST-107497,2025-03-27,Direct,United Kingdom,SMB
CUST-107498,2025-03-03,Referral,United States,Enterprise
CUST-107499,2024-02-28,Paid Ads,United States,Mid-Market
CUST-107500,2025-09-06,Organic Search,Australia,SMB
CUST-107501,2024-06-21,Paid Ads,Canada,SMB
CUST-107502,2025-02-10,Direct,Canada,SMB
CUST-107503,2024-10-15,Paid Ads,Canada,Enterprise
CUST-107504,2025-11-26,Direct,United Kingdom,SMB
CUST-107505,2025-09-02,Referral,United States,Mid-Market
CUST-107506,2024-12-30,email campaign,United States,SMB
CUST-107507,2025-02-24,Referral,India,SMB
CUST-107508,2024-09-08,Direct,Germany,SMB
CUST-107509,2024-01-21,Paid Ads,United States,Mid-Market
CUST-107510,2025-06-07,direct,Germany,SMB
CUST-107511,2024-11-18,Organic Search,United States,SMB
CUST-107512,2024-04-17,Organic Search,United States,SMB
CUST-107513,2025-08-09,Email Campaign,United Kingdom,Mid-Market
CUST-107514,2025-05-11,Social Media,India,SMB
CUST-107515,2024-09-19,Paid Ads,United Kingdom,Mid-Market
CUST-107516,2025-06-26,Paid Ads,Germany,SMB
CUST-107517,2024-10-27,Email Campaign,Germany,SMB
CUST-107518,2025-03-29,Organic Search,United States,Mid-Market
CUST-107519,2025-04-26,Paid Ads,United States,SMB
CUST-107520,2024-07-16,Paid Ads,Germany,SMB
CUST-107521,2024-05-15,Email Campaign,Germany,SMB
CUST-107522,2024-11-09,Organic Search,United States,SMB
CUST-107523,2024-05-20,Paid Ads,Canada,SMB
CUST-107524,2025-01-17,Organic Search,Australia,SMB
CUST-107525,2025-07-26,Social Media,United States,Mid-Market
CUST-107526,2025-02-13,Paid Ads,United States,SMB
CUST-107527,2025-10-25,Referral,United States,SMB
CUST-107528,2024-10-01,Organic Search,India,Enterprise
CUST-107529,2025-09-19,Organic Search,United States,SMB
CUST-107530,2024-09-03,Referral,United States,Mid-Market
CUST-107531,2024-02-12,Paid Ads,United Kingdom,SMB
CUST-107532,2025-07-26,Direct,Australia,SMB
CUST-107533,2024-04-05,Organic Search,Germany,SMB
CUST-107534,2024-11-07,Paid Ads,United States,Mid-Market
CUST-107535,2025-10-31,Paid Ads,United Kingdom,SMB
CUST-107536,2025-09-22,Organic Search,Netherlands,SMB
CUST-107537,2024-11-13,Paid Ads,India,Enterprise
CUST-107538,2025-05-05,Social Media,United States,SMB
CUST-107539,2024-02-02,Referral,Canada,SMB
CUST-107540,2024-07-29,Social Media,United States,Enterprise
CUST-107541,2024-04-08,Social Media,United Kingdom,Mid-Market
CUST-107542,2024-04-22,Email Campaign,United Kingdom,Mid-Market
CUST-107543,2025-10-16,Paid Ads,United States,SMB
CUST-107544,2024-06-14,Direct,Australia,SMB
CUST-107545,2025-04-12,Referral,India,Mid-Market
CUST-107546,2025-08-13,Referral,United States,SMB
CUST-107547,2025-02-24,Organic Search,Canada,SMB
CUST-107548,2024-12-05,Paid Ads,United Kingdom,Mid-Market
CUST-107549,2024-04-23,Social Media,United States,Mid-Market
CUST-107550,2025-07-16,Direct,United Kingdom,SMB
CUST-107551,2024-04-30,Organic Search,United Kingdom,SMB
CUST-107552,2025-06-30,Paid Ads,Australia,SMB
CUST-107553,2025-11-20,Referral,Germany,SMB
CUST-107554,2024-10-26,Organic Search,Germany,Mid-Market
CUST-107555,2024-12-08,Direct,United States,Mid-Market
CUST-107556,2024-10-11,Organic Search,Australia,SMB
CUST-107557,2025-01-12,Referral,Netherlands,SMB
CUST-107558,2025-03-21,Email Campaign,India,SMB
CUST-107559,2024-04-07,Paid Ads,United States,SMB
CUST-107560,2024-10-05,Organic Search,United Kingdom,SMB
CUST-107561,2024-05-05,Organic Search,United Kingdom,Enterprise
CUST-107562,2025-09-13,Paid Ads,Germany,SMB
CUST-107563,2025-07-29,Paid Ads,Australia,Mid-Market
CUST-107564,2025-04-09,Social Media,Canada,SMB
CUST-107565,2025-05-12,Referral,Canada,SMB
CUST-107566,2024-04-27,Email Campaign,Germany,SMB
CUST-107567,2025-02-24,Paid Ads,India,SMB
CUST-107568,2025-01-10,Paid Ads,India,Mid-Market
CUST-107569,2025-11-14,outbound_sales,United States,Mid-Market
CUST-107570,2024-03-02,Direct,United States,Enterprise
CUST-107571,2024-05-26,Paid Ads,Canada,SMB
CUST-107572,2025-05-22,Paid Ads,United Kingdom,SMB
CUST-107573,2025-10-12,organic search,United States,SMB
CUST-107574,2024-03-03,outbound_sales,United States,SMB
CUST-107575,2024-02-17,Paid Ads,United States,SMB
CUST-107576,2025-05-21,paid ads,United States,Mid-Market
CUST-107577,2024-04-23,outbound_sales,Australia,SMB
CUST-107578,2025-04-24,Organic Search,United Kingdom,Mid-Market
CUST-107579,2025-02-24,Direct,Canada,SMB
CUST-107580,2024-06-10,Referral,Germany,SMB
CUST-107581,2025-06-08,Referral,United States,Enterprise
CUST-107582,2025-02-11,Organic Search,India,Mid-Market
CUST-107583,2024-05-27,Email Campaign,United States,Enterprise
CUST-107584,2024-08-25,Referral,United States,SMB
CUST-107585,2025-05-09,Organic Search,United States,Mid-Market
CUST-107586,2025-04-23,outbound_sales,United Kingdom,Enterprise
CUST-107587,2024-07-28,Paid Ads,United States,Mid-Market
CUST-107588,2024-12-25,Organic Search,India,SMB
CUST-107589,2024-09-20,Organic Search,Germany,Enterprise
CUST-107590,2024-05-18,Organic Search,Canada,SMB
CUST-107591,2025-03-18,Paid Ads,United Kingdom,Enterprise
CUST-107592,2024-01-05,Paid Ads,Canada,SMB
CUST-107593,2025-10-29,Organic Search,India,Enterprise
CUST-107594,2024-12-08,Organic Search,United States,Enterprise
CUST-107595,2024-03-16,Paid Ads,Germany,SMB
CUST-107596,2024-09-02,outbound_sales,United Kingdom,Enterprise
CUST-107597,2024-07-10,Organic Search,United States,Mid-Market
CUST-107598,2025-10-31,Referral,United States,SMB
CUST-107599,2025-02-22,Organic Search,United States,SMB
CUST-107600,2024-12-22,Referral,Netherlands,SMB
CUST-107601,2024-06-09,Referral,United States,SMB
CUST-107602,2024-09-30,Paid Ads,United States,SMB
CUST-107603,2025-08-23,Referral,India,Mid-Market
CUST-107604,2025-11-02,Organic Search,France,SMB
CUST-107605,2025-02-12,Organic Search,United Kingdom,SMB
CUST-107606,2024-12-08,Referral,United States,SMB
CUST-107607,2025-08-24,Direct,United Kingdom,Enterprise
CUST-107608,2025-08-22,Organic Search,Australia,SMB
CUST-107609,2024-03-09,Direct,United States,Mid-Market
CUST-107610,2024-09-14,Direct,United States,SMB
CUST-107611,2025-10-01,outbound_sales,United Kingdom,SMB
CUST-107612,2024-10-02,Paid Ads,United States,SMB
CUST-107613,2024-11-23,Organic Search,Germany,Enterprise
CUST-107614,2024-09-11,Organic Search,United States,Mid-Market
CUST-107615,2025-04-05,Organic Search,Germany,SMB
CUST-107616,2024-04-19,Paid Ads,Germany,SMB
CUST-107617,2024-03-15,Referral,United Kingdom,SMB
CUST-107618,2025-09-07,Direct,Germany,SMB
CUST-107619,2024-11-05,Referral,Canada,Mid-Market
CUST-107620,2024-05-02,Direct,Australia,SMB
CUST-107621,2025-09-07,organic search,Canada,SMB
CUST-107622,2025-06-11,Referral,Germany,Mid-Market
CUST-107623,2025-11-01,Social Media,United Kingdom,SMB
CUST-107624,2024-07-16,Organic Search,Canada,SMB
CUST-107625,2025-07-20,Direct,United States,Mid-Market
CUST-107626,2025-01-20,outbound_sales,Canada,SMB
CUST-107627,2025-11-04,Paid Ads,India,SMB
CUST-107628,2024-04-18,Email Campaign,Netherlands,SMB
CUST-107629,2025-08-05,Paid Ads,United States,SMB
CUST-107630,2024-06-13,Social Media,Australia,Enterprise
CUST-107631,2025-03-08,Email Campaign,United States,SMB
CUST-107632,2024-12-21,Referral,India,SMB
CUST-107633,2025-04-13,Direct,United States,SMB
CUST-107634,2024-09-26,Referral,Germany,SMB
CUST-107635,2024-06-25,Paid Ads,India,SMB
CUST-107636,2024-03-21,Email Campaign,United States,SMB
CUST-107637,2024-12-28,Paid Ads,Australia,SMB
CUST-107638,2024-12-28,Paid Ads,India,SMB
CUST-107639,2024-01-24,Paid Ads,United Kingdom,SMB
CUST-107640,2024-08-28,Social Media,United Kingdom,Mid-Market
CUST-107641,2024-04-12,Paid Ads,United States,SMB
CUST-107642,2025-07-31,Direct,United States,Mid-Market
CUST-107643,2024-08-19,Organic Search,Netherlands,Enterprise
CUST-107644,2025-07-19,Social Media,United States,SMB
CUST-107645,2024-04-11,Direct,Germany,SMB
CUST-107646,2025-01-06,Paid Ads,United States,SMB
CUST-107647,2024-01-14,Email Campaign,India,SMB
CUST-107648,2024-02-07,Paid Ads,United States,SMB
CUST-107649,2024-05-24,Referral,United Kingdom,SMB
CUST-107650,2025-06-06,Organic Search,United States,SMB
CUST-107651,2025-01-25,Referral,United States,Mid-Market
CUST-107652,2024-05-25,Social Media,United Kingdom,SMB
CUST-107653,2025-07-05,Organic Search,India,SMB
CUST-107654,2024-09-17,Organic Search,United States,Mid-Market
CUST-107655,2024-12-18,outbound_sales,Germany,SMB
CUST-107656,2024-02-03,Organic Search,Netherlands,Enterprise
CUST-107657,2024-05-17,Direct,United States,Mid-Market
CUST-107658,2025-11-25,outbound_sales,United Kingdom,SMB
CUST-107659,2024-01-19,Organic Search,United States,Mid-Market
CUST-107660,2025-04-10,Organic Search,United States,SMB
CUST-107661,2025-10-19,Paid Ads,United States,SMB
CUST-107662,2024-07-09,Social Media,Canada,SMB
CUST-107663,2025-11-09,Email Campaign,Netherlands,Mid-Market
CUST-107664,2025-03-10,Paid Ads,United Kingdom,Mid-Market
CUST-107665,2025-10-23,Referral,Canada,Mid-Market
CUST-107666,2025-11-08,Direct,United States,SMB
CUST-107667,2024-09-09,email campaign,India,SMB
CUST-107668,2024-03-27,Referral,United Kingdom,Mid-Market
CUST-107669,2024-12-20,Referral,United States,Enterprise
CUST-107670,2024-05-25,Organic Search,United States,SMB
CUST-107671,2024-05-17,Paid Ads,United States,Mid-Market
CUST-107672,2024-07-04,Paid Ads,United States,SMB
CUST-107673,2024-06-17,outbound_sales,Germany,SMB
CUST-107674,2024-07-10,Organic Search,France,SMB
CUST-107675,2024-02-05,Organic Search,United States,SMB
CUST-107676,2025-02-09,Email Campaign,United Kingdom,SMB
CUST-107677,2024-10-31,Organic Search,Canada,Mid-Market
CUST-107678,2024-10-19,Paid Ads,Australia,SMB
CUST-107679,2025-07-27,Organic Search,Germany,Mid-Market
CUST-107680,2025-05-01,Organic Search,United States,Mid-Market
CUST-107681,2024-09-07,Email Campaign,United States,SMB
CUST-107682,2025-10-16,Organic Search,Netherlands,Enterprise
CUST-107683,2024-03-24,Direct,Canada,Mid-Market
CUST-107684,2024-10-23,Paid Ads,Netherlands,SMB
CUST-107685,2024-03-10,Paid Ads,Canada,SMB
CUST-107686,2025-02-28,Email Campaign,United States,SMB
CUST-107687,2025-09-25,Email Campaign,Canada,SMB
CUST-107688,2024-05-18,Email Campaign,United States,Mid-Market
CUST-107689,2025-03-24,Organic Search,France,SMB
CUST-107690,2024-03-30,Referral,United Kingdom,SMB
CUST-107691,2024-05-20,Paid Ads,United States,Enterprise
CUST-107692,2024-12-27,Paid Ads,France,Enterprise
CUST-107693,2025-11-26,Paid Ads,United States,SMB
CUST-107694,2024-06-06,Direct,India,SMB
CUST-107695,2025-10-22,Organic Search,Canada,SMB
CUST-107696,2025-05-31,Direct,Germany,SMB
CUST-107697,2024-11-23,Organic Search,United Kingdom,SMB
CUST-107698,2025-08-19,Email Campaign,Canada,SMB
CUST-107699,2024-04-10,referral,Canada,Enterprise
CUST-107700,2025-06-07,Organic Search,Canada,SMB
CUST-107701,2025-05-10,Social Media,United States,Mid-Market
CUST-107702,2025-11-20,Direct,United States,Enterprise
CUST-107703,2025-02-07,Paid Ads,Canada,SMB
CUST-107704,2025-06-12,Organic Search,United States,Enterprise
CUST-107705,2024-05-07,Referral,United States,SMB
CUST-107706,2024-08-10,Direct,United States,Mid-Market
CUST-107707,2024-08-25,Social Media,United Kingdom,Mid-Market
CUST-107708,2025-05-24,Paid Ads,United States,Mid-Market
CUST-107709,2025-02-01,Email Campaign,Canada,SMB
CUST-107710,2024-02-19,Organic Search,United States,SMB
CUST-107711,2025-03-24,Referral,United States,SMB
CUST-107712,2025-10-06,direct,Germany,Mid-Market
CUST-107713,2025-02-26,organic search,Germany,SMB
CUST-107714,2024-09-27,outbound_sales,United States,Mid-Market
CUST-107715,2025-05-24,Direct,United States,SMB
CUST-107716,2024-04-02,Paid Ads,Canada,SMB
CUST-107717,2025-01-12,Paid Ads,United Kingdom,Mid-Market
CUST-107718,2024-02-21,Organic Search,United States,SMB
CUST-107719,2025-08-09,Paid Ads,United States,SMB
CUST-107720,2025-01-23,Paid Ads,United States,SMB
CUST-107721,2024-04-05,Email Campaign,Germany,SMB
CUST-107722,2025-10-30,Referral,India,Mid-Market
CUST-107723,2025-03-01,Email Campaign,Netherlands,SMB
CUST-107724,2024-03-31,Paid Ads,Germany,Mid-Market
CUST-107725,2025-02-18,Referral,United States,Mid-Market
CUST-107726,2025-03-27,Paid Ads,Germany,SMB
CUST-107727,2024-02-09,Referral,United States,SMB
CUST-107728,2025-02-14,Organic Search,United States,Mid-Market
CUST-107729,2024-05-28,Email Campaign,United States,Enterprise
CUST-107730,2024-03-20,Paid Ads,United States,SMB
CUST-107731,2025-10-25,Organic Search,United States,Enterprise
CUST-107732,2024-07-28,Email Campaign,United States,Mid-Market
CUST-107733,2025-05-02,Email Campaign,Netherlands,SMB
CUST-107734,2025-01-08,Social Media,United Kingdom,SMB
CUST-107735,2025-09-01,Paid Ads,Canada,SMB
CUST-107736,2024-03-03,Paid Ads,United States,SMB
CUST-107737,2024-02-07,Paid Ads,Netherlands,Mid-Market
CUST-107738,2025-01-28,Referral,Germany,SMB
CUST-107739,2025-07-16,Organic Search,India,SMB
CUST-107740,2024-05-10,Referral,United States,Mid-Market
CUST-107741,2024-05-11,Paid Ads,United Kingdom,SMB
CUST-107742,2024-01-21,Organic Search,United States,Mid-Market
CUST-107743,2024-10-21,Organic Search,United Kingdom,SMB
CUST-107744,2025-09-14,outbound_sales,United Kingdom,SMB
CUST-107745,2025-01-18,Organic Search,Germany,Mid-Market
CUST-107746,2025-04-29,Paid Ads,Netherlands,SMB
CUST-107747,2024-06-09,Organic Search,Germany,SMB
CUST-107748,2025-07-13,Paid Ads,United Kingdom,SMB
CUST-107749,2025-03-23,Organic Search,Canada,SMB
CUST-107750,2024-06-30,Referral,United States,SMB
CUST-107751,2025-07-10,Direct,United Kingdom,SMB
CUST-107752,2024-07-17,Paid Ads,Australia,SMB
CUST-107753,2024-06-09,Paid Ads,Germany,Mid-Market
CUST-107754,2025-02-26,Paid Ads,United States,SMB
CUST-107755,2025-06-16,Organic Search,Canada,Enterprise
CUST-107756,2025-07-17,Social Media,Canada,SMB
CUST-107757,2025-07-06,Paid Ads,United States,SMB
CUST-107758,2024-12-25,Email Campaign,Canada,SMB
CUST-107759,2024-01-13,Paid Ads,United States,SMB
CUST-107760,2025-07-23,Direct,India,SMB
CUST-107761,2024-09-23,Paid Ads,United Kingdom,SMB
CUST-107762,2025-07-15,Social Media,United States,Mid-Market
CUST-107763,2024-10-29,Paid Ads,United States,Enterprise
CUST-107764,2025-03-30,Paid Ads,Canada,SMB
CUST-107765,2025-05-06,Referral,India,SMB
CUST-107766,2025-03-16,Social Media,United States,SMB
CUST-107767,2024-12-19,Organic Search,United States,SMB
CUST-107768,2025-10-16,Paid Ads,United States,SMB
CUST-107769,2024-06-17,Organic Search,United States,SMB
CUST-107770,2024-09-15,Paid Ads,Canada,SMB
CUST-107771,2025-10-18,Referral,United States,SMB
CUST-107772,2025-08-24,Paid Ads,United States,Enterprise
CUST-107773,2025-08-08,Referral,Canada,SMB
CUST-107774,2025-07-24,Organic Search,Canada,SMB
CUST-107775,2025-02-02,Paid Ads,United States,SMB
CUST-107776,2024-12-24,Paid Ads,India,SMB
CUST-107777,2025-11-27,Paid Ads,Germany,SMB
CUST-107778,2024-04-25,Email Campaign,Germany,SMB
CUST-107779,2025-09-07,Social Media,United States,SMB
CUST-107780,2024-11-23,Organic Search,United Kingdom,SMB
CUST-107781,2024-08-30,Paid Ads,United States,SMB
CUST-107782,2025-06-11,Paid Ads,United States,Enterprise
CUST-107783,2025-09-27,Organic Search,United Kingdom,SMB
CUST-107784,2024-12-06,Paid Ads,Germany,Mid-Market
CUST-107785,2024-08-14,Organic Search,United States,SMB
CUST-107786,2024-01-30,Social Media,United States,SMB
CUST-107787,2024-04-26,Paid Ads,United States,SMB
CUST-107788,2024-11-26,Email Campaign,United States,SMB
CUST-107789,2024-07-08,Paid Ads,United States,Mid-Market
CUST-107790,2024-04-15,outbound_sales,United States,SMB
CUST-107791,2024-02-26,Email Campaign,Canada,SMB
CUST-107792,2024-07-18,Direct,United States,Enterprise
CUST-107793,2025-08-22,Referral,United States,SMB
CUST-107794,2025-05-30,Organic Search,Canada,SMB
CUST-107795,2025-06-21,Paid Ads,United Kingdom,SMB
CUST-107796,2025-05-31,Referral,United Kingdom,Mid-Market
CUST-107797,2024-07-13,Paid Ads,France,SMB
CUST-107798,2025-04-25,Paid Ads,Germany,Mid-Market
CUST-107799,2025-03-23,Direct,United States,SMB
CUST-107800,2025-05-25,paid ads,United States,SMB
CUST-107801,2024-02-26,Email Campaign,United States,Enterprise
CUST-107802,2025-03-30,Email Campaign,Germany,SMB
CUST-107803,2024-01-28,Email Campaign,United States,SMB
CUST-107804,2024-07-05,Email Campaign,United States,SMB
CUST-107805,2024-06-11,Paid Ads,United States,SMB
CUST-107806,2025-11-17,Organic Search,United States,SMB
CUST-107807,2025-03-28,Paid Ads,Germany,Mid-Market
CUST-107808,2025-03-28,Organic Search,India,SMB
CUST-107809,2025-08-27,email campaign,India,SMB
CUST-107810,2025-06-02,Referral,United States,SMB
CUST-107811,2024-07-24,Email Campaign,India,SMB
CUST-107812,2024-12-12,Referral,United Kingdom,SMB
CUST-107813,2025-09-26,Social Media,United States,SMB
CUST-107814,2024-01-25,Paid Ads,India,Mid-Market
CUST-107815,2025-03-01,Paid Ads,United States,SMB
CUST-107816,2025-02-01,Referral,United Kingdom,Mid-Market
CUST-107817,2024-07-06,Paid Ads,France,Enterprise
CUST-107818,2025-08-05,Direct,United Kingdom,SMB
CUST-107819,2025-08-10,Organic Search,United States,SMB
CUST-107820,2024-01-03,direct,United Kingdom,SMB
CUST-107821,2025-06-25,Paid Ads,United States,SMB
CUST-107822,2025-05-28,Organic Search,India,Mid-Market
CUST-107823,2024-05-06,Paid Ads,United States,SMB
CUST-107824,2025-11-13,Paid Ads,France,SMB
CUST-107825,2024-12-24,Referral,United Kingdom,SMB
CUST-107826,2024-11-30,Paid Ads,India,SMB
CUST-107827,2025-10-16,Referral,United Kingdom,Enterprise
CUST-107828,2024-01-13,Paid Ads,United States,Mid-Market
CUST-107829,2025-06-29,referral,Canada,SMB
CUST-107830,2025-07-07,Social Media,India,SMB
CUST-107831,2024-12-16,Paid Ads,United States,SMB
CUST-107832,2024-06-01,Organic Search,United States,SMB
CUST-107833,2024-10-20,Organic Search,United States,SMB
CUST-107834,2024-11-06,Referral,United States,SMB
CUST-107835,2024-05-01,Paid Ads,Germany,SMB
CUST-107836,2025-01-10,Referral,Netherlands,SMB
CUST-107837,2024-01-18,Email Campaign,United Kingdom,Mid-Market
CUST-107838,2024-02-12,direct,United States,SMB
CUST-107839,2025-10-18,referral,United States,SMB
CUST-107840,2025-08-07,Referral,United States,Mid-Market
CUST-107841,2024-11-11,Referral,United States,SMB
CUST-107842,2025-10-27,Direct,France,Enterprise
CUST-107843,2025-11-02,Paid Ads,United Kingdom,SMB
CUST-107844,2024-06-17,Paid Ads,United States,SMB
CUST-107845,2025-05-11,Organic Search,Canada,SMB
CUST-107846,2024-10-30,Direct,Germany,SMB
CUST-107847,2025-09-19,Referral,Canada,SMB
CUST-107848,2025-09-14,Organic Search,United States,SMB
CUST-107849,2025-08-28,Social Media,Canada,SMB
CUST-107850,2025-07-17,Direct,United Kingdom,Mid-Market
CUST-107851,2024-06-18,Direct,United States,SMB
CUST-107852,2024-04-22,Email Campaign,United States,SMB
CUST-107853,2024-08-03,Organic Search,India,Enterprise
CUST-107854,2024-04-28,Direct,Netherlands,Enterprise
CUST-107855,2024-04-15,Organic Search,United States,Mid-Market
CUST-107856,2025-01-23,Referral,Germany,SMB
CUST-107857,2024-04-13,Paid Ads,United States,Enterprise
CUST-107858,2024-06-06,Paid Ads,United States,SMB
CUST-107859,2025-03-07,Organic Search,United Kingdom,SMB
CUST-107860,2024-06-25,Email Campaign,United States,Mid-Market
CUST-107861,2024-12-29,Social Media,India,SMB
CUST-107862,2025-05-15,Paid Ads,United States,SMB
CUST-107863,2025-06-01,Referral,United Kingdom,SMB
CUST-107864,2024-08-13,Organic Search,United States,SMB
CUST-107865,2024-02-07,Direct,United States,Enterprise
CUST-107866,2024-09-28,Direct,Canada,SMB
CUST-107867,2024-12-06,Organic Search,United States,Mid-Market
CUST-107868,2025-03-16,Paid Ads,Netherlands,Mid-Market
CUST-107869,2025-10-10,Organic Search,Australia,SMB
CUST-107870,2025-01-12,Paid Ads,Germany,Mid-Market
CUST-107871,2024-04-27,Direct,France,Mid-Market
CUST-107872,2024-09-17,referral,United Kingdom,SMB
CUST-107873,2024-07-12,Direct,India,SMB
CUST-107874,2024-11-29,Email Campaign,United States,SMB
CUST-107875,2025-03-02,Organic Search,India,SMB
CUST-107876,2024-11-14,paid ads,India,Mid-Market
CUST-107877,2024-06-23,Paid Ads,United States,SMB
CUST-107878,2024-11-29,Paid Ads,United States,SMB
CUST-107879,2025-03-16,Email Campaign,India,SMB
CUST-107880,2024-05-05,direct,United States,SMB
CUST-107881,2025-11-14,Paid Ads,France,Mid-Market
CUST-107882,2024-05-24,Direct,United States,SMB
CUST-107883,2025-05-30,Referral,United Kingdom,SMB
CUST-107884,2024-06-25,Email Campaign,United Kingdom,SMB
CUST-107885,2024-07-11,Organic Search,United States,Mid-Market
CUST-107886,2024-08-04,Paid Ads,France,Mid-Market
CUST-107887,2025-02-20,Paid Ads,United Kingdom,SMB
CUST-107888,2024-05-08,Paid Ads,Australia,SMB
CUST-107889,2025-09-21,Paid Ads,United Kingdom,SMB
CUST-107890,2025-10-11,Direct,Canada,SMB
CUST-107891,2025-04-13,Email Campaign,Germany,SMB
CUST-107892,2024-10-01,Referral,United States,SMB
CUST-107893,2024-12-20,Referral,United Kingdom,Enterprise
CUST-107894,2025-02-16,Paid Ads,United States,Mid-Market
CUST-107895,2024-01-05,Social Media,United States,SMB
CUST-107896,2025-03-25,Referral,United States,SMB
CUST-107897,2025-02-10,Organic Search,Canada,Mid-Market
CUST-107898,2025-05-10,Paid Ads,United States,SMB
CUST-107899,2024-07-31,Referral,United Kingdom,SMB
CUST-107900,2024-11-22,Email Campaign,Germany,Mid-Market
CUST-107901,2024-01-17,organic search,United States,SMB
CUST-107902,2024-09-12,Paid Ads,United Kingdom,Mid-Market
CUST-107903,2024-08-15,Paid Ads,India,Mid-Market
CUST-107904,2025-01-09,Social Media,United States,SMB
CUST-107905,2025-11-15,Direct,United Kingdom,SMB
CUST-107906,2025-05-11,Organic Search,India,Mid-Market
CUST-107907,2024-03-27,Organic Search,United States,SMB
CUST-107908,2024-07-06,Organic Search,United States,SMB
CUST-107909,2024-05-24,Paid Ads,Netherlands,SMB
CUST-107910,2025-05-21,Referral,Germany,SMB
CUST-107911,2024-12-10,Organic Search,Canada,Enterprise
CUST-107912,2025-03-12,outbound_sales,United States,Mid-Market
CUST-107913,2024-02-14,Social Media,United States,SMB
CUST-107914,2024-03-20,Paid Ads,United Kingdom,SMB
CUST-107915,2025-10-29,Organic Search,United States,SMB
CUST-107916,2024-02-08,Referral,Germany,SMB
CUST-107917,2025-03-08,Referral,United States,SMB
CUST-107918,2024-08-07,Paid Ads,United States,SMB
CUST-107919,2025-11-20,Social Media,United States,SMB
CUST-107920,2025-04-27,outbound_sales,United States,Mid-Market
CUST-107921,2024-10-14,email campaign,United Kingdom,SMB
CUST-107922,2024-06-07,Organic Search,United States,Mid-Market
CUST-107923,2025-02-04,Organic Search,India,SMB
CUST-107924,2025-10-29,Social Media,United Kingdom,SMB
CUST-107925,2025-10-30,Paid Ads,United Kingdom,SMB
CUST-107926,2024-06-24,Organic Search,United States,SMB
CUST-107927,2024-12-04,Social Media,United States,Mid-Market
CUST-107928,2024-05-18,Referral,Germany,SMB
CUST-107929,2024-09-19,Organic Search,United States,Mid-Market
CUST-107930,2025-07-17,Email Campaign,India,SMB
CUST-107931,2025-01-11,Paid Ads,Germany,SMB
CUST-107932,2024-11-14,Paid Ads,United States,SMB
CUST-107933,2025-10-06,Direct,United Kingdom,Mid-Market
CUST-107934,2025-03-14,Organic Search,United States,SMB
CUST-107935,2025-05-04,Direct,United States,SMB
CUST-107936,2024-01-18,Paid Ads,Australia,SMB
CUST-107937,2025-01-04,Organic Search,Australia,SMB
CUST-107938,2024-02-02,Referral,United States,SMB
CUST-107939,2024-05-28,Organic Search,Australia,Mid-Market
CUST-107940,2025-08-24,Email Campaign,United States,SMB
CUST-107941,2025-01-18,Referral,Germany,SMB
CUST-107942,2024-03-26,Paid Ads,United States,Mid-Market
CUST-107943,2024-08-01,Paid Ads,United States,Enterprise
CUST-107944,2024-06-27,Direct,United States,Mid-Market
CUST-107945,2025-02-01,Email Campaign,United States,SMB
CUST-107946,2024-08-20,Organic Search,United States,SMB
CUST-107947,2024-06-08,Organic Search,United States,SMB
CUST-107948,2024-05-03,Referral,Germany,SMB
CUST-107949,2024-09-13,Organic Search,Canada,SMB
CUST-107950,2025-01-05,organic search,United States,Mid-Market
CUST-107951,2024-12-06,Paid Ads,United Kingdom,Mid-Market
CUST-107952,2024-06-10,Direct,Netherlands,SMB
CUST-107953,2025-04-28,Email Campaign,United States,SMB
CUST-107954,2025-10-29,Social Media,United States,SMB
CUST-107955,2025-06-23,Email Campaign,United States,Enterprise
CUST-107956,2025-02-28,Paid Ads,United Kingdom,SMB
CUST-107957,2024-07-16,Paid Ads,United Kingdom,SMB
CUST-107958,2024-11-04,Referral,United States,SMB
CUST-107959,2024-06-03,Organic Search,United Kingdom,Mid-Market
CUST-107960,2025-05-20,Email Campaign,Germany,SMB
CUST-107961,2024-05-04,Paid Ads,United Kingdom,Enterprise
CUST-107962,2025-06-20,Referral,Canada,SMB
CUST-107963,2024-09-12,Organic Search,Netherlands,SMB
CUST-107964,2024-04-05,Organic Search,United States,SMB
CUST-107965,2025-05-27,Paid Ads,United States,SMB
CUST-107966,2024-08-10,Organic Search,Germany,SMB
CUST-107967,2025-04-26,Direct,Australia,SMB
CUST-107968,2024-01-01,Email Campaign,United States,SMB
CUST-107969,2024-11-21,Referral,United Kingdom,SMB
CUST-107970,2024-07-15,Paid Ads,Australia,SMB
CUST-107971,2025-05-19,Paid Ads,Australia,SMB
CUST-107972,2024-07-30,Referral,United States,SMB
CUST-107973,2024-08-06,Referral,India,Mid-Market
CUST-107974,2025-10-27,Organic Search,United States,Enterprise
CUST-107975,2025-04-26,Referral,United States,Mid-Market
CUST-107976,2024-02-01,Organic Search,United States,Mid-Market
CUST-107977,2024-11-20,Paid Ads,United States,SMB
CUST-107978,2025-03-24,Referral,France,Mid-Market
CUST-107979,2025-03-07,Direct,United States,Mid-Market
CUST-107980,2025-11-07,Email Campaign,India,Mid-Market
CUST-107981,2025-04-29,Paid Ads,United States,SMB
CUST-107982,2024-10-08,Social Media,United Kingdom,SMB
CUST-107983,2024-03-04,Referral,Australia,Mid-Market
CUST-107984,2024-03-16,Email Campaign,United Kingdom,SMB
CUST-107985,2024-08-17,Paid Ads,France,SMB
CUST-107986,2025-10-04,Email Campaign,Germany,SMB
CUST-107987,2025-03-08,Paid Ads,United States,Mid-Market
CUST-107988,2025-03-10,Paid Ads,United States,Enterprise
CUST-107989,2025-03-19,email campaign,United States,Mid-Market
CUST-107990,2024-02-04,Email Campaign,Germany,SMB
CUST-107991,2024-08-06,Paid Ads,Netherlands,Mid-Market
CUST-107992,2025-10-19,Referral,Germany,Mid-Market
CUST-107993,2025-10-09,Organic Search,Germany,Enterprise
CUST-107994,2025-12-01,Organic Search,United Kingdom,SMB
CUST-107995,2024-11-24,Paid Ads,United States,SMB
CUST-107996,2025-06-23,Organic Search,United States,SMB
CUST-107997,2025-10-11,Direct,United States,SMB
CUST-107998,2025-05-25,Organic Search,United States,SMB
CUST-107999,2025-10-30,Direct,United Kingdom,SMB
CUST-108000,2024-02-05,Organic Search,United Kingdom,Mid-Market
CUST-108001,2025-01-06,Direct,United States,Mid-Market
CUST-108002,2024-11-23,Organic Search,Netherlands,Mid-Market
CUST-108003,2024-01-19,Organic Search,Canada,SMB
CUST-108004,2025-07-24,Referral,United Kingdom,SMB
CUST-108005,2025-01-02,Organic Search,United States,Mid-Market
CUST-108006,2024-12-28,Organic Search,United States,Enterprise
CUST-108007,2024-03-10,Referral,United Kingdom,SMB
CUST-108008,2024-02-20,Paid Ads,United States,Mid-Market
CUST-108009,2024-06-25,Paid Ads,United Kingdom,SMB
CUST-108010,2024-12-20,Direct,United States,Mid-Market
CUST-108011,2025-10-13,Direct,Canada,SMB
CUST-108012,2025-10-23,Direct,Germany,SMB
CUST-108013,2025-11-02,Organic Search,United Kingdom,SMB
CUST-108014,2024-06-02,outbound_sales,India,SMB
CUST-108015,2025-09-09,Organic Search,United Kingdom,Mid-Market
CUST-108016,2024-08-02,Organic Search,United States,SMB
CUST-108017,2024-05-20,Paid Ads,India,Mid-Market
CUST-108018,2024-12-18,Social Media,Australia,SMB
CUST-108019,2025-04-16,Email Campaign,France,SMB
CUST-108020,2024-06-27,Paid Ads,Canada,SMB
CUST-108021,2025-10-28,Paid Ads,Germany,Mid-Market
CUST-108022,2024-04-13,Referral,United States,SMB
CUST-108023,2024-07-08,Organic Search,Germany,Mid-Market
CUST-108024,2025-01-13,Referral,United Kingdom,SMB
CUST-108025,2024-05-26,Paid Ads,Netherlands,Mid-Market
CUST-108026,2024-05-19,Referral,India,SMB
CUST-108027,2025-10-18,Direct,United States,Mid-Market
CUST-108028,2025-12-01,Referral,United Kingdom,Mid-Market
CUST-108029,2024-08-17,Paid Ads,Germany,SMB
CUST-108030,2025-08-22,Paid Ads,United States,SMB
CUST-108031,2025-03-08,outbound_sales,Canada,SMB
CUST-108032,2024-03-28,Organic Search,United States,Mid-Market
CUST-108033,2024-09-02,Referral,United States,SMB
CUST-108034,2025-01-16,Social Media,Germany,SMB
CUST-108035,2025-08-13,Paid Ads,United Kingdom,Mid-Market
CUST-108036,2024-04-16,Organic Search,United States,Mid-Market
CUST-108037,2024-06-23,Social Media,United Kingdom,Mid-Market
CUST-108038,2024-11-25,Direct,India,SMB
CUST-108039,2025-08-12,Paid Ads,Germany,Mid-Market
CUST-108040,2024-01-13,outbound_sales,Netherlands,SMB
CUST-108041,2025-06-15,Organic Search,Germany,SMB
CUST-108042,2024-04-24,Paid Ads,France,SMB
CUST-108043,2025-10-27,Organic Search,United States,Enterprise
CUST-108044,2025-04-02,Organic Search,United States,SMB
CUST-108045,2025-07-10,Paid Ads,Canada,SMB
CUST-108046,2024-09-09,Referral,United States,SMB
CUST-108047,2025-03-24,Direct,India,SMB
CUST-108048,2024-08-01,Paid Ads,Germany,SMB
CUST-108049,2024-11-09,Direct,United States,SMB
CUST-108050,2024-01-16,Organic Search,Australia,Enterprise
CUST-108051,2025-06-03,Paid Ads,India,Enterprise
CUST-108052,2024-04-13,Referral,Canada,SMB
CUST-108053,2024-07-02,Referral,Canada,SMB
CUST-108054,2024-05-19,Email Campaign,United Kingdom,SMB
CUST-108055,2025-07-20,Email Campaign,Netherlands,SMB
CUST-108056,2024-08-12,Paid Ads,Netherlands,SMB
CUST-108057,2024-11-24,Direct,India,SMB
CUST-108058,2025-04-01,Email Campaign,United States,SMB
CUST-108059,2024-03-03,Referral,Germany,SMB
CUST-108060,2024-08-26,Organic Search,United Kingdom,Enterprise
CUST-108061,2024-04-05,outbound_sales,Netherlands,SMB
CUST-108062,2024-08-13,Organic Search,United States,SMB
CUST-108063,2024-07-13,Paid Ads,United States,SMB
CUST-108064,2025-04-22,Organic Search,France,SMB
CUST-108065,2024-08-04,Organic Search,United States,SMB
CUST-108066,2024-02-22,Direct,United States,Enterprise
CUST-108067,2024-02-16,Paid Ads,India,SMB
CUST-108068,2025-04-04,outbound_sales,United States,SMB
CUST-108069,2025-05-04,Organic Search,United States,Mid-Market
CUST-108070,2025-03-10,Social Media,India,SMB
CUST-108071,2024-12-09,Email Campaign,United States,Mid-Market
CUST-108072,2025-10-01,Referral,United States,Mid-Market
CUST-108073,2024-02-05,Referral,United Kingdom,Mid-Market
CUST-108074,2024-01-24,Direct,United States,Enterprise
CUST-108075,2025-07-04,Organic Search,Germany,Mid-Market
CUST-108076,2025-02-28,Referral,India,Enterprise
CUST-108077,2024-11-25,Paid Ads,France,SMB
CUST-108078,2025-07-05,Email Campaign,India,SMB
CUST-108079,2024-07-08,Organic Search,United States,SMB
CUST-108080,2025-01-05,Social Media,Netherlands,Enterprise
CUST-108081,2025-11-12,paid ads,United Kingdom,Enterprise
CUST-108082,2024-06-27,Organic Search,Canada,SMB
CUST-108083,2025-09-07,Email Campaign,Germany,SMB
CUST-108084,2024-03-14,Organic Search,United States,SMB
CUST-108085,2024-02-04,Paid Ads,Germany,SMB
CUST-108086,2024-01-20,Referral,India,Mid-Market
CUST-108087,2025-03-19,Paid Ads,United Kingdom,SMB
CUST-108088,2024-02-11,Direct,United States,SMB
CUST-108089,2025-01-02,Paid Ads,United Kingdom,SMB
CUST-108090,2025-07-02,direct,United States,SMB
CUST-108091,2025-07-18,Referral,United States,SMB
CUST-108092,2024-11-19,Paid Ads,United States,Enterprise
CUST-108093,2025-04-26,Referral,Canada,SMB
CUST-108094,2024-06-23,Referral,United States,Mid-Market
CUST-108095,2025-11-28,Referral,United States,Mid-Market
CUST-108096,2024-12-03,Referral,United States,SMB
CUST-108097,2025-03-25,Direct,France,SMB
CUST-108098,2024-03-13,Referral,Germany,SMB
CUST-108099,2025-11-08,Paid Ads,United States,Mid-Market
CUST-108100,2025-10-02,Organic Search,Netherlands,SMB
CUST-108101,2024-09-10,Organic Search,United Kingdom,SMB
CUST-108102,2024-11-10,outbound_sales,United States,SMB
CUST-108103,2024-10-11,Paid Ads,United States,SMB
CUST-108104,2025-06-01,Referral,Canada,SMB
CUST-108105,2025-11-11,Referral,United States,Mid-Market
CUST-108106,2024-03-31,Direct,India,Mid-Market
CUST-108107,2024-10-05,Social Media,Germany,SMB
CUST-108108,2025-09-01,Direct,United States,SMB
CUST-108109,2024-11-28,outbound_sales,United States,Mid-Market
CUST-108110,2024-11-02,outbound_sales,Australia,SMB
CUST-108111,2024-01-06,Referral,United States,SMB
CUST-108112,2025-07-11,Paid Ads,United States,Mid-Market
CUST-108113,2024-06-07,Referral,United States,Mid-Market
CUST-108114,2025-05-21,Referral,Germany,SMB
CUST-108115,2025-02-10,Referral,Germany,SMB
CUST-108116,2025-08-08,Paid Ads,United States,SMB
CUST-108117,2024-10-07,Direct,United States,SMB
CUST-108118,2025-04-10,Organic Search,United States,SMB
CUST-108119,2025-03-28,Paid Ads,United Kingdom,SMB
CUST-108120,2024-02-28,Email Campaign,United States,SMB
CUST-108121,2025-01-08,Organic Search,India,SMB
CUST-108122,2025-10-26,Referral,United States,SMB
CUST-108123,2024-01-16,Referral,United States,Mid-Market
CUST-108124,2025-08-11,Organic Search,Germany,Mid-Market
CUST-108125,2024-08-05,Email Campaign,Canada,Mid-Market
CUST-108126,2025-03-01,Paid Ads,Germany,Mid-Market
CUST-108127,2025-05-03,outbound_sales,Australia,Enterprise
CUST-108128,2024-12-29,Direct,India,SMB
CUST-108129,2024-05-18,outbound_sales,Netherlands,Mid-Market
CUST-108130,2025-01-03,paid ads,United States,SMB
CUST-108131,2025-09-27,Email Campaign,Australia,SMB
CUST-108132,2024-05-15,Paid Ads,Netherlands,SMB
CUST-108133,2024-09-30,Social Media,United Kingdom,SMB
CUST-108134,2025-11-16,Referral,United States,Mid-Market
CUST-108135,2025-02-23,Organic Search,India,Mid-Market
CUST-108136,2024-01-04,Email Campaign,Netherlands,SMB
CUST-108137,2024-12-15,Social Media,Canada,Mid-Market
CUST-108138,2025-04-26,Organic Search,Germany,Mid-Market
CUST-108139,2025-02-02,Referral,Germany,Mid-Market
CUST-108140,2025-07-22,Referral,United States,Enterprise
CUST-108141,2025-10-22,outbound_sales,India,SMB
CUST-108142,2025-03-09,Direct,United Kingdom,Mid-Market
CUST-108143,2025-04-20,Paid Ads,Australia,SMB
CUST-108144,2025-09-06,outbound_sales,India,SMB
CUST-108145,2024-02-17,Organic Search,United Kingdom,Mid-Market
CUST-108146,2025-03-18,Paid Ads,United Kingdom,Mid-Market
CUST-108147,2025-06-22,Paid Ads,United States,SMB
CUST-108148,2025-07-31,outbound_sales,Germany,SMB
CUST-108149,2025-03-14,Referral,United States,Mid-Market
CUST-108150,2024-06-26,Paid Ads,United States,SMB
CUST-108151,2024-03-16,Paid Ads,Germany,SMB
CUST-108152,2025-06-05,organic search,United States,Mid-Market
CUST-108153,2024-03-05,Organic Search,Canada,Mid-Market
CUST-108154,2025-08-16,Organic Search,United States,Mid-Market
CUST-108155,2024-07-01,Direct,United Kingdom,Mid-Market
CUST-108156,2024-10-12,Referral,United States,SMB
CUST-108157,2025-11-19,Referral,United States,SMB
CUST-108158,2025-10-22,Email Campaign,United Kingdom,SMB
CUST-108159,2024-02-10,Organic Search,Netherlands,SMB
CUST-108160,2025-09-05,Social Media,United States,Enterprise
CUST-108161,2024-04-08,outbound_sales,Germany,SMB
CUST-108162,2024-08-24,Referral,Australia,Enterprise
CUST-108163,2025-09-09,Social Media,Netherlands,Mid-Market
CUST-108164,2024-09-16,Organic Search,United Kingdom,Enterprise
CUST-108165,2025-07-25,Referral,Canada,SMB
CUST-108166,2024-10-20,Direct,United Kingdom,SMB
CUST-108167,2025-05-05,Organic Search,Germany,SMB
CUST-108168,2024-09-06,Organic Search,Netherlands,SMB
CUST-108169,2024-05-19,Email Campaign,United States,SMB
CUST-108170,2024-03-17,Paid Ads,United States,Enterprise
CUST-108171,2024-07-21,Organic Search,United Kingdom,SMB
CUST-108172,2025-11-01,Referral,Germany,Mid-Market
CUST-108173,2025-04-22,Organic Search,France,Mid-Market
CUST-108174,2025-05-14,Referral,United States,SMB
CUST-108175,2025-08-06,Direct,India,SMB
CUST-108176,2025-06-23,outbound_sales,United Kingdom,SMB
CUST-108177,2025-05-24,Email Campaign,United States,SMB
CUST-108178,2024-01-19,Paid Ads,Canada,Mid-Market
CUST-108179,2025-01-21,Direct,France,SMB
CUST-108180,2024-10-15,Organic Search,United States,SMB
CUST-108181,2024-02-21,Organic Search,United States,SMB
CUST-108182,2024-01-09,Paid Ads,United States,SMB
CUST-108183,2024-10-13,Organic Search,Germany,SMB
CUST-108184,2024-07-03,Paid Ads,United Kingdom,Enterprise
CUST-108185,2025-02-09,Organic Search,United States,SMB
CUST-108186,2025-01-13,Organic Search,United States,SMB
CUST-108187,2024-11-27,Paid Ads,United States,SMB
CUST-108188,2024-04-03,Direct,United Kingdom,Mid-Market
CUST-108189,2024-03-08,outbound_sales,Germany,SMB
CUST-108190,2025-04-06,Paid Ads,France,Mid-Market
CUST-108191,2024-01-07,Organic Search,United States,Enterprise
CUST-108192,2025-03-31,Organic Search,United States,Mid-Market
CUST-108193,2025-10-10,referral,United States,Mid-Market
CUST-108194,2025-11-07,Direct,United States,SMB
CUST-108195,2025-07-18,Referral,United States,Mid-Market
CUST-108196,2025-11-24,Direct,United States,SMB
CUST-108197,2025-06-20,Paid Ads,United States,Mid-Market
CUST-108198,2025-02-16,Organic Search,Australia,SMB
CUST-108199,2024-10-04,Organic Search,United Kingdom,SMB
CUST-108200,2025-04-27,organic search,India,Mid-Market
CUST-108201,2024-02-03,Social Media,United States,SMB
CUST-108202,2024-09-05,Social Media,Canada,SMB
CUST-108203,2025-10-04,Paid Ads,India,SMB
CUST-108204,2024-07-14,Email Campaign,Canada,SMB
CUST-108205,2025-05-21,outbound_sales,Germany,SMB
CUST-108206,2024-09-19,Social Media,India,SMB
CUST-108207,2025-04-28,Paid Ads,India,SMB
CUST-108208,2024-09-24,Email Campaign,United States,Mid-Market
CUST-108209,2025-05-27,Paid Ads,United States,Mid-Market
CUST-108210,2024-09-21,Direct,Canada,SMB
CUST-108211,2024-04-21,Email Campaign,United States,SMB
CUST-108212,2025-01-26,Organic Search,Netherlands,SMB
CUST-108213,2025-05-26,Referral,India,SMB
CUST-108214,2025-07-24,Organic Search,United Kingdom,SMB
CUST-108215,2024-11-29,Direct,United States,Mid-Market
CUST-108216,2024-11-02,Social Media,United States,SMB
CUST-108217,2024-09-23,Email Campaign,Canada,SMB
CUST-108218,2025-06-26,Referral,Germany,Mid-Market
CUST-108219,2024-05-06,Organic Search,Germany,Mid-Market
CUST-108220,2024-06-30,Paid Ads,United States,SMB
CUST-108221,2024-02-14,Paid Ads,United States,SMB
CUST-108222,2025-06-01,organic search,United States,Enterprise
CUST-108223,2025-01-26,Referral,United States,Mid-Market
CUST-108224,2025-07-01,Organic Search,United States,SMB
CUST-108225,2024-06-06,Referral,United States,Mid-Market
CUST-108226,2025-02-04,Paid Ads,United States,SMB
CUST-108227,2025-04-15,Email Campaign,United States,SMB
CUST-108228,2024-01-15,Organic Search,India,SMB
CUST-108229,2024-04-23,Email Campaign,United Kingdom,SMB
CUST-108230,2025-04-29,Referral,United States,SMB
CUST-108231,2025-04-12,Paid Ads,United Kingdom,SMB
CUST-108232,2024-02-16,Paid Ads,United Kingdom,Mid-Market
CUST-108233,2024-06-12,Email Campaign,United States,Mid-Market
CUST-108234,2024-04-30,Paid Ads,United States,SMB
CUST-108235,2024-04-23,Paid Ads,United Kingdom,SMB
CUST-108236,2025-05-11,Referral,United States,Enterprise
CUST-108237,2024-10-14,Email Campaign,United States,SMB
CUST-108238,2024-06-23,Email Campaign,United States,SMB
CUST-108239,2024-10-20,Email Campaign,Germany,Mid-Market
CUST-108240,2025-06-30,outbound_sales,United Kingdom,SMB
CUST-108241,2024-06-18,Paid Ads,United States,SMB
CUST-108242,2025-02-28,organic search,United States,SMB
CUST-108243,2025-01-01,Paid Ads,Germany,Mid-Market
CUST-108244,2025-10-26,Organic Search,United States,Mid-Market
CUST-108245,2025-04-13,Organic Search,Australia,Enterprise
CUST-108246,2025-09-29,Organic Search,United States,SMB
CUST-108247,2024-03-19,Paid Ads,United States,Enterprise
CUST-108248,2024-12-21,Referral,United States,Mid-Market
CUST-108249,2024-02-25,Organic Search,United States,Enterprise
CUST-108250,2025-05-14,Organic Search,United States,SMB
CUST-108251,2024-11-30,Direct,United States,Mid-Market
CUST-108252,2024-01-21,Paid Ads,United States,SMB
CUST-108253,2025-04-19,Direct,India,Enterprise
CUST-108254,2025-05-24,Social Media,India,SMB
CUST-108255,2024-10-21,Direct,Canada,Enterprise
CUST-108256,2025-03-23,Paid Ads,United Kingdom,SMB
CUST-108257,2024-09-03,Direct,Canada,Mid-Market
CUST-108258,2024-01-28,Email Campaign,United States,SMB
CUST-108259,2024-11-16,Direct,Canada,SMB
CUST-108260,2025-10-05,Paid Ads,United States,SMB
CUST-108261,2025-11-30,Organic Search,United States,Mid-Market
CUST-108262,2025-04-23,Direct,Netherlands,SMB
CUST-108263,2025-07-21,Direct,United States,SMB
CUST-108264,2025-11-01,Paid Ads,United States,Mid-Market
CUST-108265,2025-01-12,Organic Search,United States,Mid-Market
CUST-108266,2024-11-24,Social Media,India,Mid-Market
CUST-108267,2025-09-30,Referral,France,Enterprise
CUST-108268,2025-05-08,Organic Search,United Kingdom,Mid-Market
CUST-108269,2024-07-03,Paid Ads,United States,SMB
CUST-108270,2024-11-29,Email Campaign,United Kingdom,SMB
CUST-108271,2024-01-14,Paid Ads,United States,SMB
CUST-108272,2025-01-13,Direct,United States,SMB
CUST-108273,2024-03-23,Organic Search,United Kingdom,SMB
CUST-108274,2024-12-19,Organic Search,United States,SMB
CUST-108275,2024-05-03,direct,Germany,SMB
CUST-108276,2024-04-04,Direct,United States,SMB
CUST-108277,2024-01-04,Paid Ads,Germany,SMB
CUST-108278,2025-01-17,Organic Search,United Kingdom,SMB
CUST-108279,2024-08-09,Direct,United States,SMB
CUST-108280,2025-01-26,Referral,Australia,SMB
CUST-108281,2025-06-07,Paid Ads,Germany,SMB
CUST-108282,2025-11-21,Paid Ads,India,SMB
CUST-108283,2024-02-22,Paid Ads,United States,Mid-Market
CUST-108284,2024-06-01,Paid Ads,India,SMB
CUST-108285,2025-09-16,Direct,Germany,SMB
CUST-108286,2024-03-12,Referral,Australia,SMB
CUST-108287,2024-07-13,Paid Ads,United States,SMB
CUST-108288,2024-07-18,Organic Search,United States,Mid-Market
CUST-108289,2025-09-02,outbound_sales,United States,Enterprise
CUST-108290,2024-04-30,Paid Ads,Canada,SMB
CUST-108291,2024-10-27,Paid Ads,United States,Mid-Market
CUST-108292,2025-06-30,Paid Ads,United Kingdom,SMB
CUST-108293,2024-08-21,Organic Search,Germany,SMB
CUST-108294,2024-10-14,Organic Search,India,SMB
CUST-108295,2025-06-14,Paid Ads,Canada,SMB
CUST-108296,2024-01-05,Email Campaign,United States,SMB
CUST-108297,2024-06-06,Paid Ads,United States,SMB
CUST-108298,2025-07-13,Social Media,France,SMB
CUST-108299,2024-02-11,Direct,Germany,SMB
CUST-108300,2025-04-20,Paid Ads,Canada,SMB
CUST-108301,2024-07-26,Paid Ads,United States,SMB
CUST-108302,2024-07-17,Paid Ads,India,Mid-Market
CUST-108303,2024-05-30,Organic Search,Australia,SMB
CUST-108304,2024-04-05,Referral,Netherlands,SMB
CUST-108305,2025-05-26,Organic Search,Germany,SMB
CUST-108306,2025-02-09,Organic Search,United States,SMB
CUST-108307,2025-11-02,Direct,United States,SMB
CUST-108308,2024-06-27,Paid Ads,Germany,Mid-Market
CUST-108309,2025-08-10,Paid Ads,United States,Mid-Market
CUST-108310,2025-05-31,Email Campaign,United Kingdom,Mid-Market
CUST-108311,2025-08-25,Organic Search,Canada,SMB
CUST-108312,2025-11-19,Paid Ads,United States,Enterprise
CUST-108313,2024-03-17,Referral,Germany,SMB
CUST-108314,2025-11-12,Referral,Canada,Enterprise
CUST-108315,2024-08-10,Organic Search,United Kingdom,SMB
CUST-108316,2024-01-05,Referral,Australia,SMB
CUST-108317,2024-09-20,Social Media,Netherlands,SMB
CUST-108318,2024-10-05,Direct,United Kingdom,SMB
CUST-108319,2024-11-21,Referral,Australia,SMB
CUST-108320,2024-05-18,Paid Ads,United States,SMB
CUST-108321,2025-05-31,Email Campaign,United Kingdom,SMB
CUST-108322,2024-10-31,Organic Search,France,SMB
CUST-108323,2025-10-12,Email Campaign,United States,SMB
CUST-108324,2025-07-23,Organic Search,Canada,SMB
CUST-108325,2025-10-19,Email Campaign,Canada,Mid-Market
CUST-108326,2024-05-09,Paid Ads,Australia,SMB
CUST-108327,2024-10-21,outbound_sales,United States,Mid-Market
CUST-108328,2025-07-07,Social Media,United States,SMB
CUST-108329,2024-03-20,Paid Ads,United States,Enterprise
CUST-108330,2025-11-15,Paid Ads,Netherlands,SMB
CUST-108331,2024-10-09,outbound_sales,United States,SMB
CUST-108332,2025-07-11,Organic Search,United States,Mid-Market
CUST-108333,2025-09-23,Paid Ads,United Kingdom,SMB
CUST-108334,2024-01-15,Social Media,United Kingdom,SMB
CUST-108335,2024-09-16,Direct,Canada,SMB
CUST-108336,2025-02-20,outbound_sales,United States,SMB
CUST-108337,2025-06-07,Referral,India,SMB
CUST-108338,2024-12-17,Referral,United States,SMB
CUST-108339,2025-03-08,Paid Ads,United States,SMB
CUST-108340,2025-04-19,Organic Search,Netherlands,SMB
CUST-108341,2024-02-14,Paid Ads,United States,SMB
CUST-108342,2024-04-16,Organic Search,United States,Mid-Market
CUST-108343,2025-07-24,Paid Ads,United Kingdom,SMB
CUST-108344,2024-05-18,Direct,India,Mid-Market
CUST-108345,2025-02-03,Organic Search,United States,Mid-Market
CUST-108346,2025-05-28,Email Campaign,United States,SMB
CUST-108347,2024-03-29,Organic Search,United States,SMB
CUST-108348,2025-07-21,Organic Search,Australia,SMB
CUST-108349,2024-03-22,Email Campaign,India,SMB
CUST-108350,2025-05-07,organic search,United States,SMB
CUST-108351,2024-03-20,Organic Search,United Kingdom,Mid-Market
CUST-108352,2025-10-13,Direct,Germany,SMB
CUST-108353,2024-02-07,Referral,India,SMB
CUST-108354,2025-03-16,Paid Ads,India,SMB
CUST-108355,2024-12-13,Social Media,France,SMB
CUST-108356,2025-04-30,Direct,India,Mid-Market
CUST-108357,2025-05-17,Email Campaign,India,Mid-Market
CUST-108358,2024-01-05,Social Media,United States,Mid-Market
CUST-108359,2025-11-12,Referral,United Kingdom,Enterprise
CUST-108360,2024-07-21,Organic Search,Canada,SMB
CUST-108361,2025-02-10,Paid Ads,Canada,SMB
CUST-108362,2024-02-16,Email Campaign,United States,SMB
CUST-108363,2024-03-08,Direct,India,SMB
CUST-108364,2024-09-15,organic search,United States,SMB
CUST-108365,2024-10-03,Organic Search,Netherlands,Enterprise
CUST-108366,2024-09-20,Organic Search,India,SMB
CUST-108367,2025-02-27,Paid Ads,Australia,Mid-Market
CUST-108368,2024-03-03,Direct,Netherlands,SMB
CUST-108369,2025-11-19,direct,United States,Enterprise
CUST-108370,2025-06-04,Paid Ads,United Kingdom,SMB
CUST-108371,2025-07-16,Referral,United Kingdom,SMB
CUST-108372,2025-07-28,Paid Ads,United States,Enterprise
CUST-108373,2024-09-23,Email Campaign,Germany,Mid-Market
CUST-108374,2025-06-26,Email Campaign,India,SMB
CUST-108375,2024-04-11,paid ads,France,Mid-Market
CUST-108376,2025-11-05,Organic Search,Netherlands,SMB
CUST-108377,2025-04-13,Email Campaign,United States,Mid-Market
CUST-108378,2024-05-28,Referral,United States,Mid-Market
CUST-108379,2025-05-25,Email Campaign,Canada,Mid-Market
CUST-108380,2025-04-28,Social Media,United States,SMB
CUST-108381,2024-10-07,Social Media,United Kingdom,Mid-Market
CUST-108382,2025-06-06,Organic Search,Canada,SMB
CUST-108383,2025-02-23,Paid Ads,Australia,Mid-Market
CUST-108384,2024-02-02,Referral,United Kingdom,SMB
CUST-108385,2025-09-20,Paid Ads,United Kingdom,SMB
CUST-108386,2024-09-22,Organic Search,United States,SMB
CUST-108387,2024-12-23,outbound_sales,United Kingdom,Mid-Market
CUST-108388,2024-07-03,Paid Ads,Germany,SMB
CUST-108389,2025-04-25,Referral,United Kingdom,SMB
CUST-108390,2025-06-25,Email Campaign,United States,Mid-Market
CUST-108391,2025-01-22,Paid Ads,United States,SMB
CUST-108392,2024-10-20,Organic Search,United States,SMB
CUST-108393,2024-01-28,Paid Ads,United States,Mid-Market
CUST-108394,2024-09-02,Referral,Germany,SMB
CUST-108395,2025-04-05,Referral,Canada,Enterprise
CUST-108396,2025-09-26,Organic Search,United Kingdom,Enterprise
CUST-108397,2024-05-06,Organic Search,United States,SMB
CUST-108398,2024-07-05,Paid Ads,Germany,SMB
CUST-108399,2024-03-21,Paid Ads,United States,SMB
CUST-108400,2025-08-20,Organic Search,United Kingdom,Enterprise
CUST-108401,2024-02-29,Paid Ads,United States,SMB
CUST-108402,2025-10-22,Email Campaign,Germany,Enterprise
CUST-108403,2024-08-10,Organic Search,United States,Enterprise
CUST-108404,2024-07-26,Organic Search,United States,SMB
CUST-108405,2025-05-22,Referral,United States,Mid-Market
CUST-108406,2025-06-09,Referral,India,Mid-Market
CUST-108407,2025-09-10,Social Media,United Kingdom,Mid-Market
CUST-108408,2025-10-29,Organic Search,Germany,SMB
CUST-108409,2025-02-02,Referral,United States,SMB
CUST-108410,2024-10-01,Organic Search,Germany,SMB
CUST-108411,2025-06-03,Social Media,United Kingdom,Mid-Market
CUST-108412,2025-06-23,organic search,India,Mid-Market
CUST-108413,2025-03-05,Direct,United States,SMB
CUST-108414,2024-11-17,Organic Search,France,SMB
CUST-108415,2025-05-20,Social Media,United States,SMB
CUST-108416,2024-07-28,Organic Search,Germany,SMB
CUST-108417,2024-03-13,Email Campaign,United States,SMB
CUST-108418,2025-01-27,Direct,Germany,SMB
CUST-108419,2025-04-20,Paid Ads,Germany,SMB
CUST-108420,2024-01-21,Email Campaign,United States,SMB
CUST-108421,2025-09-17,Email Campaign,United States,Mid-Market
CUST-108422,2025-04-20,Organic Search,United States,SMB
CUST-108423,2024-11-29,Organic Search,Australia,SMB
CUST-108424,2025-03-07,Organic Search,Germany,SMB
CUST-108425,2025-05-22,Direct,United States,SMB
CUST-108426,2025-07-23,Paid Ads,United Kingdom,Mid-Market
CUST-108427,2025-05-24,Paid Ads,India,SMB
CUST-108428,2025-02-08,Social Media,Germany,SMB
CUST-108429,2024-03-19,Email Campaign,United States,Mid-Market
CUST-108430,2024-07-30,Referral,United States,Mid-Market
CUST-108431,2025-04-01,Referral,Canada,SMB
CUST-108432,2024-09-14,Referral,United States,Mid-Market
CUST-108433,2025-08-01,Paid Ads,United States,Enterprise
CUST-108434,2025-10-29,Paid Ads,Germany,Mid-Market
CUST-108435,2024-01-07,outbound_sales,France,Mid-Market
CUST-108436,2025-05-19,Paid Ads,Germany,Mid-Market
CUST-108437,2024-08-22,Referral,United States,SMB
CUST-108438,2024-03-01,Paid Ads,United States,SMB
CUST-108439,2025-10-23,Social Media,India,Enterprise
CUST-108440,2025-06-28,Paid Ads,United States,SMB
CUST-108441,2024-04-17,Paid Ads,India,SMB
CUST-108442,2024-03-20,Referral,India,Mid-Market
CUST-108443,2024-01-10,outbound_sales,Canada,SMB
CUST-108444,2024-10-05,outbound_sales,Canada,SMB
CUST-108445,2025-10-31,Paid Ads,United Kingdom,Mid-Market
CUST-108446,2025-03-05,Direct,India,Mid-Market
CUST-108447,2025-04-13,Direct,Canada,SMB
CUST-108448,2024-11-04,Organic Search,United States,SMB
CUST-108449,2025-09-21,Organic Search,Canada,Mid-Market
CUST-108450,2024-02-25,Referral,United States,Mid-Market
CUST-108451,2024-07-09,Organic Search,Canada,SMB
CUST-108452,2024-04-10,Direct,France,SMB
CUST-108453,2025-04-18,Organic Search,India,SMB
CUST-108454,2024-10-30,Organic Search,Germany,Enterprise
CUST-108455,2024-03-12,Referral,India,SMB
CUST-108456,2025-08-12,Direct,United States,SMB
CUST-108457,2024-04-24,Direct,United States,SMB
CUST-108458,2024-02-25,Organic Search,India,SMB
CUST-108459,2024-03-01,Paid Ads,United States,Mid-Market
CUST-108460,2025-11-28,Paid Ads,Germany,Mid-Market
CUST-108461,2025-08-12,outbound_sales,United States,SMB
CUST-108462,2025-01-31,Referral,United Kingdom,SMB
CUST-108463,2024-03-11,Direct,United States,Mid-Market
CUST-108464,2024-01-19,Paid Ads,Canada,SMB
CUST-108465,2025-04-25,Paid Ads,United Kingdom,SMB
CUST-108466,2024-09-19,Email Campaign,United Kingdom,SMB
CUST-108467,2025-02-05,Referral,United Kingdom,SMB
CUST-108468,2025-05-29,Organic Search,Germany,SMB
CUST-108469,2024-02-06,Referral,United Kingdom,Mid-Market
CUST-108470,2024-12-06,Referral,United States,SMB
CUST-108471,2024-08-09,Paid Ads,India,Mid-Market
CUST-108472,2024-12-01,Paid Ads,Canada,SMB
CUST-108473,2024-01-19,Referral,Australia,SMB
CUST-108474,2025-02-19,Paid Ads,Germany,Mid-Market
CUST-108475,2024-05-01,Referral,United Kingdom,SMB
CUST-108476,2025-08-04,Paid Ads,Germany,Mid-Market
CUST-108477,2025-11-07,Organic Search,Australia,SMB
CUST-108478,2025-07-05,Organic Search,United States,Mid-Market
CUST-108479,2024-03-05,Paid Ads,United Kingdom,SMB
CUST-108480,2025-08-17,Direct,United States,Enterprise
CUST-108481,2024-11-07,Paid Ads,United States,SMB
CUST-108482,2024-12-21,Email Campaign,United Kingdom,SMB
CUST-108483,2024-08-16,Referral,Australia,SMB
CUST-108484,2024-04-05,outbound_sales,Canada,Enterprise
CUST-108485,2024-06-13,paid ads,India,SMB
CUST-108486,2025-05-27,Direct,United Kingdom,Mid-Market
CUST-108487,2025-06-19,Organic Search,Netherlands,SMB
CUST-108488,2025-03-15,Direct,United Kingdom,Mid-Market
CUST-108489,2025-05-03,Email Campaign,Germany,Mid-Market
CUST-108490,2024-01-03,Paid Ads,India,SMB
CUST-108491,2024-12-16,Email Campaign,Canada,SMB
CUST-108492,2025-11-25,Organic Search,Germany,SMB
CUST-108493,2025-08-26,outbound_sales,United States,SMB
CUST-108494,2024-01-07,Organic Search,United States,SMB
CUST-108495,2025-06-16,Direct,United States,SMB
CUST-108496,2025-03-21,Organic Search,United States,SMB
CUST-108497,2025-04-24,Paid Ads,Germany,SMB
CUST-108498,2024-12-20,Direct,France,SMB
CUST-108499,2025-09-05,Referral,United States,SMB
CUST-108500,2025-02-17,Organic Search,United States,SMB
CUST-108501,2024-05-28,Paid Ads,Canada,Mid-Market
CUST-108502,2025-06-28,Paid Ads,United States,Mid-Market
CUST-108503,2024-06-25,Organic Search,Germany,SMB
CUST-108504,2024-07-22,Email Campaign,United States,Mid-Market
CUST-108505,2025-06-19,Referral,United States,SMB
CUST-108506,2025-05-03,Paid Ads,United States,SMB
CUST-108507,2024-04-15,Organic Search,United Kingdom,Mid-Market
CUST-108508,2024-09-11,organic search,France,SMB
CUST-108509,2024-08-08,Referral,United States,SMB
CUST-108510,2024-11-23,Organic Search,Netherlands,SMB
CUST-108511,2024-09-14,Email Campaign,United States,SMB
CUST-108512,2025-05-09,Email Campaign,Australia,SMB
CUST-108513,2025-07-18,organic search,United States,SMB
CUST-108514,2025-03-06,Email Campaign,India,SMB
CUST-108515,2025-06-19,Organic Search,Australia,Mid-Market
CUST-108516,2024-10-26,Organic Search,India,SMB
CUST-108517,2024-07-10,Paid Ads,United States,SMB
CUST-108518,2024-07-12,Direct,Canada,SMB
CUST-108519,2024-06-10,Referral,United States,SMB
CUST-108520,2024-08-10,Paid Ads,United Kingdom,SMB
CUST-108521,2025-11-23,Organic Search,United States,SMB
CUST-108522,2024-03-25,outbound_sales,Netherlands,SMB
CUST-108523,2024-03-27,Paid Ads,India,SMB
CUST-108524,2024-01-26,outbound_sales,United States,SMB
CUST-108525,2024-10-19,Social Media,United Kingdom,Enterprise
CUST-108526,2025-07-11,Paid Ads,Germany,SMB
CUST-108527,2024-08-30,outbound_sales,Netherlands,SMB
CUST-108528,2025-06-21,Organic Search,India,Enterprise
CUST-108529,2025-06-02,Organic Search,France,SMB
CUST-108530,2024-06-29,Email Campaign,Germany,Mid-Market
CUST-108531,2025-09-18,Paid Ads,India,SMB
CUST-108532,2024-07-18,Email Campaign,United Kingdom,Mid-Market
CUST-108533,2024-10-22,Paid Ads,United States,SMB
CUST-108534,2024-06-22,Organic Search,United Kingdom,Mid-Market
CUST-108535,2024-10-14,Email Campaign,India,Mid-Market
CUST-108536,2024-05-14,Referral,Germany,SMB
CUST-108537,2024-02-28,Paid Ads,United Kingdom,Mid-Market
CUST-108538,2025-03-18,Referral,India,SMB
CUST-108539,2024-12-14,Organic Search,France,Mid-Market
CUST-108540,2025-06-15,Email Campaign,Germany,SMB
CUST-108541,2025-08-19,Paid Ads,Canada,SMB
CUST-108542,2025-05-11,Paid Ads,Canada,Mid-Market
CUST-108543,2024-02-28,Organic Search,Germany,SMB
CUST-108544,2025-09-04,Paid Ads,France,Mid-Market
CUST-108545,2024-11-19,Referral,Germany,SMB
CUST-108546,2024-05-23,Organic Search,United States,SMB
CUST-108547,2025-11-22,Email Campaign,United States,Enterprise
CUST-108548,2025-06-10,email campaign,United Kingdom,SMB
CUST-108549,2024-03-11,Organic Search,Australia,SMB
CUST-108550,2024-06-27,Social Media,United States,SMB
CUST-108551,2025-02-27,Paid Ads,United Kingdom,SMB
CUST-108552,2025-06-01,Paid Ads,Canada,SMB
CUST-108553,2025-05-14,Organic Search,United States,SMB
CUST-108554,2025-05-21,outbound_sales,India,SMB
CUST-108555,2024-08-17,Email Campaign,United States,SMB
CUST-108556,2025-05-31,Organic Search,United States,SMB
CUST-108557,2024-09-03,Organic Search,Germany,SMB
CUST-108558,2024-12-03,Social Media,United States,Mid-Market
CUST-108559,2024-04-30,Referral,United Kingdom,Enterprise
CUST-108560,2025-06-22,Direct,United Kingdom,SMB
CUST-108561,2024-08-21,Organic Search,United States,SMB
CUST-108562,2025-03-27,Paid Ads,United States,SMB
CUST-108563,2024-04-19,Organic Search,United Kingdom,SMB
CUST-108564,2024-01-18,Paid Ads,Canada,Mid-Market
CUST-108565,2024-11-18,Paid Ads,United Kingdom,Mid-Market
CUST-108566,2025-09-17,Direct,United States,SMB
CUST-108567,2024-04-29,Paid Ads,United States,SMB
CUST-108568,2024-04-01,Referral,United Kingdom,SMB
CUST-108569,2024-04-09,Social Media,United States,Mid-Market
CUST-108570,2025-09-08,Referral,United States,SMB
CUST-108571,2025-10-14,Organic Search,United States,Mid-Market
CUST-108572,2025-11-09,Paid Ads,United States,SMB
CUST-108573,2025-07-27,direct,United States,SMB
CUST-108574,2024-10-10,Paid Ads,United States,Mid-Market
CUST-108575,2025-02-16,Organic Search,United Kingdom,SMB
CUST-108576,2024-02-07,Referral,United States,SMB
CUST-108577,2025-07-18,Organic Search,Canada,Mid-Market
CUST-108578,2024-12-25,Organic Search,Netherlands,SMB
CUST-108579,2025-02-15,Email Campaign,United Kingdom,SMB
CUST-108580,2024-11-15,Direct,United Kingdom,SMB
CUST-108581,2024-09-07,Organic Search,Australia,Mid-Market
CUST-108582,2024-12-12,Organic Search,United States,SMB
CUST-108583,2025-03-29,Organic Search,India,Enterprise
CUST-108584,2024-06-02,Paid Ads,United States,SMB
CUST-108585,2024-07-25,Paid Ads,Germany,SMB
CUST-108586,2024-08-30,Referral,United States,SMB
CUST-108587,2025-06-13,Social Media,United States,SMB
CUST-108588,2024-04-13,referral,Australia,SMB
CUST-108589,2025-07-19,Paid Ads,United States,Mid-Market
CUST-108590,2024-02-14,Organic Search,United States,SMB
CUST-108591,2024-10-01,paid ads,United States,Mid-Market
CUST-108592,2025-08-14,Paid Ads,Germany,Enterprise
CUST-108593,2025-01-04,Paid Ads,Germany,Mid-Market
CUST-108594,2024-10-21,Referral,United States,SMB
CUST-108595,2025-09-04,Organic Search,United States,SMB
CUST-108596,2024-12-22,organic search,United Kingdom,Enterprise
CUST-108597,2024-01-17,Direct,United States,SMB
CUST-108598,2025-04-12,outbound_sales,United States,Enterprise
CUST-108599,2024-06-14,Paid Ads,Australia,SMB
CUST-108600,2024-01-22,Paid Ads,United States,SMB
CUST-108601,2024-05-28,Referral,Australia,SMB
CUST-108602,2024-07-19,Email Campaign,Germany,SMB
CUST-108603,2025-10-13,Referral,Canada,SMB
CUST-108604,2024-01-11,Organic Search,United States,Mid-Market
CUST-108605,2025-05-12,Organic Search,United States,SMB
CUST-108606,2024-12-13,Organic Search,United Kingdom,Mid-Market
CUST-108607,2024-10-25,Email Campaign,Canada,Mid-Market
CUST-108608,2024-04-27,Email Campaign,Germany,SMB
CUST-108609,2024-08-11,Organic Search,United States,SMB
CUST-108610,2025-07-27,outbound_sales,United States,SMB
CUST-108611,2025-03-12,Email Campaign,United States,SMB
CUST-108612,2025-03-10,Social Media,United States,Mid-Market
CUST-108613,2025-08-30,Paid Ads,United States,SMB
CUST-108614,2025-09-16,Organic Search,United Kingdom,SMB
CUST-108615,2025-10-22,Paid Ads,United States,SMB
CUST-108616,2024-02-12,Organic Search,United States,SMB
CUST-108617,2025-05-18,Organic Search,United Kingdom,SMB
CUST-108618,2024-12-09,Paid Ads,Australia,Mid-Market
CUST-108619,2024-09-17,Email Campaign,United Kingdom,SMB
CUST-108620,2024-01-29,Social Media,United States,Enterprise
CUST-108621,2024-09-29,Referral,United States,SMB
CUST-108622,2025-09-20,Organic Search,Canada,SMB
CUST-108623,2024-04-26,Paid Ads,Germany,SMB
CUST-108624,2025-02-19,Referral,Australia,SMB
CUST-108625,2025-07-10,Organic Search,Germany,Mid-Market
CUST-108626,2025-03-20,Social Media,United States,SMB
CUST-108627,2025-01-26,Paid Ads,United States,SMB
CUST-108628,2025-05-06,Paid Ads,United Kingdom,Mid-Market
CUST-108629,2024-12-04,Direct,United Kingdom,Enterprise
CUST-108630,2025-11-27,Organic Search,India,Mid-Market
CUST-108631,2025-08-10,referral,United States,SMB
CUST-108632,2025-08-17,referral,United States,SMB
CUST-108633,2025-06-17,Paid Ads,United States,Mid-Market
CUST-108634,2025-06-25,Referral,United States,Mid-Market
CUST-108635,2024-09-09,Organic Search,France,Mid-Market
CUST-108636,2025-02-23,Paid Ads,United Kingdom,SMB
CUST-108637,2025-07-30,Email Campaign,United Kingdom,Mid-Market
CUST-108638,2024-07-29,Direct,Canada,Mid-Market
CUST-108639,2024-12-12,Organic Search,Netherlands,SMB
CUST-108640,2025-11-17,Referral,India,SMB
CUST-108641,2024-10-23,Organic Search,Canada,SMB
CUST-108642,2025-02-15,Referral,Germany,Mid-Market
CUST-108643,2025-10-24,Organic Search,United States,SMB
CUST-108644,2024-04-13,Referral,United States,SMB
CUST-108645,2024-11-09,Paid Ads,Canada,SMB
CUST-108646,2024-04-29,Direct,United States,SMB
CUST-108647,2024-07-31,Referral,United States,SMB
CUST-108648,2025-10-10,Paid Ads,India,SMB
CUST-108649,2024-11-18,Referral,United Kingdom,SMB
CUST-108650,2025-02-22,Organic Search,Canada,SMB
CUST-108651,2024-08-21,Paid Ads,United States,Mid-Market
CUST-108652,2024-03-21,Referral,Netherlands,SMB
CUST-108653,2024-11-24,Email Campaign,Netherlands,Enterprise
CUST-108654,2024-08-27,Paid Ads,United States,SMB
CUST-108655,2024-08-24,Organic Search,United Kingdom,SMB
CUST-108656,2025-07-14,Organic Search,Germany,SMB
CUST-108657,2025-10-04,Organic Search,United States,Mid-Market
CUST-108658,2024-10-01,Organic Search,United States,Mid-Market
CUST-108659,2025-11-08,Organic Search,United States,SMB
CUST-108660,2024-03-18,Paid Ads,United States,SMB
CUST-108661,2025-11-21,Paid Ads,United States,SMB
CUST-108662,2025-02-27,Organic Search,United States,Enterprise
CUST-108663,2024-06-23,Organic Search,United States,SMB
CUST-108664,2024-08-22,Email Campaign,United States,SMB
CUST-108665,2024-12-23,Email Campaign,United States,SMB
CUST-108666,2024-07-17,Organic Search,United States,SMB
CUST-108667,2025-08-29,Organic Search,United States,SMB
CUST-108668,2024-01-15,Referral,Germany,Mid-Market
CUST-108669,2025-07-15,Organic Search,United States,SMB
CUST-108670,2025-06-03,Email Campaign,Australia,SMB
CUST-108671,2024-01-11,Paid Ads,Netherlands,Mid-Market
CUST-108672,2024-09-27,Direct,United Kingdom,SMB
CUST-108673,2025-11-18,Organic Search,United States,SMB
CUST-108674,2025-07-23,Paid Ads,United States,SMB
CUST-108675,2025-01-21,Organic Search,France,SMB
CUST-108676,2025-03-20,Direct,United States,SMB
CUST-108677,2025-06-12,Organic Search,United Kingdom,SMB
CUST-108678,2024-07-25,paid ads,Netherlands,SMB
CUST-108679,2024-08-22,Organic Search,Australia,SMB
CUST-108680,2024-10-10,Referral,Germany,SMB
CUST-108681,2024-09-18,Referral,Canada,SMB
CUST-108682,2025-02-20,Referral,United States,Mid-Market
CUST-108683,2025-05-01,Referral,Australia,SMB
CUST-108684,2025-07-25,Organic Search,United States,SMB
CUST-108685,2025-08-16,organic search,Germany,SMB
CUST-108686,2024-06-28,Organic Search,United States,SMB
CUST-108687,2024-09-01,Organic Search,United States,Enterprise
CUST-108688,2025-06-17,Paid Ads,United States,SMB
CUST-108689,2024-01-15,Paid Ads,United States,Mid-Market
CUST-108690,2025-06-05,Organic Search,United States,SMB
CUST-108691,2025-03-03,Paid Ads,United States,SMB
CUST-108692,2025-03-30,Referral,United States,SMB
CUST-108693,2025-10-11,Referral,France,Enterprise
CUST-108694,2024-06-07,outbound_sales,India,Mid-Market
CUST-108695,2025-06-13,Organic Search,United Kingdom,SMB
CUST-108696,2024-09-07,Direct,United Kingdom,SMB
CUST-108697,2024-06-27,Organic Search,United States,SMB
CUST-108698,2024-04-11,Direct,United States,SMB
CUST-108699,2024-06-12,Organic Search,United States,Mid-Market
CUST-108700,2024-01-31,organic search,United Kingdom,SMB
CUST-108701,2024-03-27,Paid Ads,Netherlands,Mid-Market
CUST-108702,2024-01-01,Paid Ads,United Kingdom,Enterprise
CUST-108703,2024-06-11,Organic Search,United Kingdom,Mid-Market
CUST-108704,2025-07-15,Paid Ads,United Kingdom,SMB
CUST-108705,2025-04-04,Referral,Netherlands,SMB
CUST-108706,2024-08-14,Direct,United States,SMB
CUST-108707,2024-01-26,Email Campaign,Netherlands,SMB
CUST-108708,2024-12-05,Referral,Canada,SMB
CUST-108709,2025-08-19,Organic Search,United States,SMB
CUST-108710,2025-02-26,Referral,United States,SMB
CUST-108711,2025-02-18,Social Media,United States,SMB
CUST-108712,2025-01-15,Paid Ads,United States,Mid-Market
CUST-108713,2024-08-14,Paid Ads,United Kingdom,Mid-Market
CUST-108714,2025-01-05,Referral,Germany,SMB
CUST-108715,2024-08-27,Paid Ads,United Kingdom,Mid-Market
CUST-108716,2024-07-15,Paid Ads,United States,Mid-Market
CUST-108717,2024-07-13,Email Campaign,Australia,SMB
CUST-108718,2024-10-02,Paid Ads,United States,SMB
CUST-108719,2025-05-23,Referral,United States,Enterprise
CUST-108720,2024-06-26,Referral,Canada,SMB
CUST-108721,2024-03-14,Social Media,Canada,Mid-Market
CUST-108722,2025-03-24,Email Campaign,United States,SMB
CUST-108723,2024-08-16,Direct,United Kingdom,Mid-Market
CUST-108724,2024-11-07,Organic Search,United States,SMB
CUST-108725,2025-07-16,Social Media,United Kingdom,SMB
CUST-108726,2024-05-03,Organic Search,United States,Mid-Market
CUST-108727,2025-08-30,Paid Ads,Netherlands,Mid-Market
CUST-108728,2025-05-29,Organic Search,India,Mid-Market
CUST-108729,2025-09-29,Paid Ads,United States,SMB
CUST-108730,2024-10-24,Organic Search,Australia,SMB
CUST-108731,2025-01-17,Paid Ads,United States,SMB
CUST-108732,2024-08-05,Referral,United Kingdom,Enterprise
CUST-108733,2025-11-13,Paid Ads,Canada,SMB
CUST-108734,2024-03-01,Direct,United States,SMB
CUST-108735,2025-10-02,Email Campaign,India,SMB
CUST-108736,2024-01-07,Email Campaign,Canada,Enterprise
CUST-108737,2025-02-21,Direct,India,Mid-Market
CUST-108738,2024-07-17,outbound_sales,United Kingdom,SMB
CUST-108739,2024-06-17,Paid Ads,Germany,SMB
CUST-108740,2025-08-27,Organic Search,United States,SMB
CUST-108741,2025-01-31,Direct,Netherlands,SMB
CUST-108742,2025-01-05,Paid Ads,Canada,SMB
CUST-108743,2024-07-03,Paid Ads,United States,SMB
CUST-108744,2024-06-10,Direct,United States,Mid-Market
CUST-108745,2025-08-25,Paid Ads,Canada,SMB
CUST-108746,2024-04-28,paid ads,Canada,SMB
CUST-108747,2024-04-20,Paid Ads,United States,SMB
CUST-108748,2024-11-09,Paid Ads,United States,SMB
CUST-108749,2025-02-03,Organic Search,United Kingdom,SMB
CUST-108750,2024-02-27,Direct,United States,Mid-Market
CUST-108751,2024-01-23,Referral,Germany,SMB
CUST-108752,2024-03-12,Email Campaign,United States,SMB
CUST-108753,2024-11-27,paid ads,United Kingdom,SMB
CUST-108754,2024-02-11,Paid Ads,United States,SMB
CUST-108755,2025-07-24,Paid Ads,France,SMB
CUST-108756,2025-03-05,Paid Ads,India,Enterprise
CUST-108757,2024-03-16,Referral,United States,Enterprise
CUST-108758,2024-04-11,Organic Search,United Kingdom,SMB
CUST-108759,2025-05-13,Referral,India,Mid-Market
CUST-108760,2024-05-11,Email Campaign,United States,Mid-Market
CUST-108761,2024-08-11,Paid Ads,Germany,SMB
CUST-108762,2025-04-07,Referral,United States,SMB
CUST-108763,2024-11-09,Paid Ads,Germany,Enterprise
CUST-108764,2025-10-01,Direct,United States,SMB
CUST-108765,2025-06-25,Organic Search,India,SMB
CUST-108766,2024-05-03,Organic Search,United States,SMB
CUST-108767,2025-06-17,Paid Ads,United Kingdom,Enterprise
CUST-108768,2024-01-09,Paid Ads,United Kingdom,SMB
CUST-108769,2024-03-21,outbound_sales,United States,SMB
CUST-108770,2025-08-21,Organic Search,Canada,SMB
CUST-108771,2024-10-15,Email Campaign,United States,SMB
CUST-108772,2025-04-08,Organic Search,United States,SMB
CUST-108773,2025-07-28,Paid Ads,United States,SMB
CUST-108774,2025-10-26,Organic Search,United Kingdom,Enterprise
CUST-108775,2024-04-02,Direct,United States,SMB
CUST-108776,2024-01-08,Organic Search,United Kingdom,Enterprise
CUST-108777,2024-02-01,Organic Search,United States,Enterprise
CUST-108778,2024-04-27,Referral,United States,Mid-Market
CUST-108779,2025-05-21,Paid Ads,United States,Mid-Market
CUST-108780,2024-04-18,Organic Search,Germany,SMB
CUST-108781,2025-09-07,Referral,Netherlands,SMB
CUST-108782,2025-09-18,Social Media,Netherlands,SMB
CUST-108783,2025-11-23,Direct,India,SMB
CUST-108784,2025-05-08,Organic Search,United States,SMB
CUST-108785,2025-06-24,Paid Ads,United States,SMB
CUST-108786,2025-07-29,paid ads,India,SMB
CUST-108787,2024-07-21,Organic Search,India,SMB
CUST-108788,2025-09-21,Paid Ads,United States,SMB
CUST-108789,2025-01-10,direct,United States,SMB
CUST-108790,2024-11-16,Organic Search,United States,Enterprise
CUST-108791,2024-09-19,outbound_sales,Germany,SMB
CUST-108792,2025-10-30,Paid Ads,United States,Enterprise
CUST-108793,2024-03-19,Email Campaign,India,SMB
CUST-108794,2025-06-03,Organic Search,United States,SMB
CUST-108795,2024-06-15,Direct,United States,Mid-Market
CUST-108796,2024-10-22,Referral,United States,SMB
CUST-108797,2024-02-10,Organic Search,United States,SMB
CUST-108798,2024-04-01,email campaign,United States,Mid-Market
CUST-108799,2024-10-05,Direct,United States,SMB
CUST-108800,2025-06-10,Email Campaign,Germany,SMB
CUST-108801,2025-03-03,outbound_sales,United States,Mid-Market
CUST-108802,2025-08-07,Email Campaign,United States,SMB
CUST-108803,2024-12-02,Paid Ads,India,SMB
CUST-108804,2024-04-05,Referral,United States,SMB
CUST-108805,2025-01-22,Organic Search,India,Mid-Market
CUST-108806,2025-08-12,Direct,Australia,Mid-Market
CUST-108807,2025-02-28,Paid Ads,United States,SMB
CUST-108808,2025-10-13,Referral,Australia,SMB
CUST-108809,2024-07-03,Referral,United States,SMB
CUST-108810,2025-03-14,Paid Ads,Australia,SMB
CUST-108811,2024-03-06,Organic Search,Germany,SMB
CUST-108812,2025-07-08,Paid Ads,Netherlands,SMB
CUST-108813,2024-09-23,Paid Ads,United States,Mid-Market
CUST-108814,2025-06-09,Referral,Canada,SMB
CUST-108815,2024-11-03,Referral,India,Enterprise
CUST-108816,2025-10-17,Paid Ads,United States,SMB
CUST-108817,2025-03-16,Organic Search,Netherlands,Mid-Market
CUST-108818,2025-10-24,Organic Search,Germany,SMB
CUST-108819,2024-09-11,Email Campaign,Netherlands,SMB
CUST-108820,2024-12-07,Direct,United States,Mid-Market
CUST-108821,2025-04-19,Referral,Germany,SMB
CUST-108822,2024-01-19,Paid Ads,Australia,Mid-Market
CUST-108823,2024-09-23,Organic Search,United States,Enterprise
CUST-108824,2025-03-03,Email Campaign,United States,SMB
CUST-108825,2025-11-08,Referral,United Kingdom,SMB
CUST-108826,2024-12-23,Email Campaign,United Kingdom,SMB
CUST-108827,2024-09-01,Email Campaign,United States,SMB
CUST-108828,2024-11-12,Organic Search,Canada,Mid-Market
CUST-108829,2024-05-10,referral,Germany,SMB
CUST-108830,2025-08-21,outbound_sales,Canada,Mid-Market
CUST-108831,2025-08-11,Paid Ads,France,Enterprise
CUST-108832,2024-09-05,Organic Search,India,Mid-Market
CUST-108833,2024-02-08,Organic Search,United States,Mid-Market
CUST-108834,2024-07-09,email campaign,United States,SMB
CUST-108835,2024-12-04,Email Campaign,Canada,SMB
CUST-108836,2025-01-26,Direct,Australia,SMB
CUST-108837,2025-01-28,Email Campaign,Canada,SMB
CUST-108838,2024-08-22,Referral,Germany,Mid-Market
CUST-108839,2024-01-31,Referral,United States,Enterprise
CUST-108840,2024-12-27,Email Campaign,United Kingdom,SMB
CUST-108841,2025-06-26,Social Media,United States,Mid-Market
CUST-108842,2024-07-03,Email Campaign,India,SMB
CUST-108843,2024-07-22,Organic Search,India,SMB
CUST-108844,2025-01-05,Referral,Germany,Mid-Market
CUST-108845,2025-02-17,Email Campaign,Germany,Mid-Market
CUST-108846,2024-10-26,Paid Ads,United States,Mid-Market
CUST-108847,2025-01-21,Referral,United States,SMB
CUST-108848,2024-04-11,Social Media,India,SMB
CUST-108849,2025-04-07,Direct,United States,SMB
CUST-108850,2025-11-11,Organic Search,United Kingdom,Mid-Market
CUST-108851,2024-05-09,Organic Search,United States,Mid-Market
CUST-108852,2025-04-18,outbound_sales,United States,SMB
CUST-108853,2024-09-22,Social Media,United States,Enterprise
CUST-108854,2024-06-20,Organic Search,United States,Mid-Market
CUST-108855,2024-10-02,Organic Search,United Kingdom,SMB
CUST-108856,2024-03-23,social media,Germany,Mid-Market
CUST-108857,2024-03-10,Organic Search,Canada,Mid-Market
CUST-108858,2024-07-03,Referral,Netherlands,SMB
CUST-108859,2025-10-07,Paid Ads,United States,SMB
CUST-108860,2025-02-05,Paid Ads,United Kingdom,SMB
CUST-108861,2025-05-15,Email Campaign,United States,SMB
CUST-108862,2025-01-10,Organic Search,Canada,SMB
CUST-108863,2024-07-16,Organic Search,United States,Mid-Market
CUST-108864,2025-06-21,Organic Search,United States,SMB
CUST-108865,2024-02-17,Organic Search,France,SMB
CUST-108866,2025-01-27,Direct,Canada,SMB
CUST-108867,2025-07-17,Paid Ads,India,SMB
CUST-108868,2024-08-28,Organic Search,United Kingdom,SMB
CUST-108869,2024-11-03,Paid Ads,Canada,Enterprise
CUST-108870,2024-02-09,Paid Ads,India,SMB
CUST-108871,2025-10-21,Organic Search,Australia,SMB
CUST-108872,2024-06-17,Organic Search,United States,SMB
CUST-108873,2024-06-13,Direct,United States,Mid-Market
CUST-108874,2025-06-29,Email Campaign,Canada,Mid-Market
CUST-108875,2024-12-19,Email Campaign,United States,SMB
CUST-108876,2024-12-04,Referral,United States,Mid-Market
CUST-108877,2024-01-22,Direct,India,SMB
CUST-108878,2024-11-23,Referral,Canada,Enterprise
CUST-108879,2025-09-09,outbound_sales,India,SMB
CUST-108880,2025-09-24,Email Campaign,Germany,SMB
CUST-108881,2025-05-09,Paid Ads,United Kingdom,Mid-Market
CUST-108882,2024-08-10,Email Campaign,United Kingdom,SMB
CUST-108883,2024-07-17,Paid Ads,United States,SMB
CUST-108884,2024-06-27,organic search,United Kingdom,SMB
CUST-108885,2025-02-06,Social Media,United Kingdom,SMB
CUST-108886,2024-07-26,Direct,Canada,SMB
CUST-108887,2024-04-01,Social Media,United States,SMB
CUST-108888,2025-04-27,Direct,United States,Enterprise
CUST-108889,2024-07-16,Direct,United States,SMB
CUST-108890,2024-06-28,outbound_sales,France,Mid-Market
CUST-108891,2025-07-11,Email Campaign,United States,Enterprise
CUST-108892,2025-07-20,Social Media,India,SMB
CUST-108893,2025-07-02,Direct,United Kingdom,SMB
CUST-108894,2024-04-19,Organic Search,United States,SMB
CUST-108895,2024-08-25,Organic Search,Netherlands,Mid-Market
CUST-108896,2025-05-10,Organic Search,United States,SMB
CUST-108897,2025-06-12,Organic Search,United Kingdom,Mid-Market
CUST-108898,2025-11-06,Direct,Netherlands,Enterprise
CUST-108899,2025-01-11,Organic Search,United States,Enterprise
CUST-108900,2025-10-31,paid ads,United States,SMB
CUST-108901,2025-02-08,Referral,United Kingdom,SMB
CUST-108902,2024-11-10,Organic Search,United Kingdom,SMB
CUST-108903,2024-11-14,Paid Ads,United Kingdom,SMB
CUST-108904,2024-07-09,Paid Ads,United States,SMB
CUST-108905,2025-08-19,Direct,Germany,SMB
CUST-108906,2024-08-14,Email Campaign,United Kingdom,SMB
CUST-108907,2025-01-30,Organic Search,Canada,Enterprise
CUST-108908,2025-11-03,Paid Ads,India,SMB
CUST-108909,2024-01-18,Direct,United States,SMB
CUST-108910,2025-03-26,Email Campaign,India,SMB
CUST-108911,2024-04-09,Referral,France,Mid-Market
CUST-108912,2024-08-15,Organic Search,United States,SMB
CUST-108913,2024-06-03,Paid Ads,Germany,SMB
CUST-108914,2025-10-15,outbound_sales,Germany,Mid-Market
CUST-108915,2025-10-06,Direct,United States,Mid-Market
CUST-108916,2024-04-03,Paid Ads,France,Enterprise
CUST-108917,2025-11-30,outbound_sales,Australia,SMB
CUST-108918,2025-06-05,Organic Search,Canada,Mid-Market
CUST-108919,2025-11-08,Direct,Australia,SMB
CUST-108920,2025-07-01,Organic Search,France,SMB
CUST-108921,2024-07-23,Paid Ads,United Kingdom,SMB
CUST-108922,2025-06-24,Organic Search,Netherlands,SMB
CUST-108923,2025-10-06,Social Media,Netherlands,SMB
CUST-108924,2024-10-28,Social Media,United States,Mid-Market
CUST-108925,2024-05-27,Organic Search,United Kingdom,Mid-Market
CUST-108926,2025-09-24,Paid Ads,United Kingdom,SMB
CUST-108927,2024-05-23,Paid Ads,United States,SMB
CUST-108928,2025-09-10,Email Campaign,Germany,SMB
CUST-108929,2025-03-06,Referral,United Kingdom,SMB
CUST-108930,2024-12-22,Paid Ads,Canada,SMB
CUST-108931,2024-07-29,Organic Search,India,SMB
CUST-108932,2024-05-13,Referral,France,SMB
CUST-108933,2025-02-16,Organic Search,United States,Mid-Market
CUST-108934,2024-09-15,Paid Ads,Netherlands,SMB
CUST-108935,2024-05-12,Paid Ads,India,SMB
CUST-108936,2024-04-27,Paid Ads,United States,SMB
CUST-108937,2024-04-16,Organic Search,Germany,SMB
CUST-108938,2024-12-01,Paid Ads,United Kingdom,Mid-Market
CUST-108939,2024-01-08,Referral,United States,Mid-Market
CUST-108940,2024-12-06,Email Campaign,France,SMB
CUST-108941,2025-07-01,Paid Ads,United States,SMB
CUST-108942,2024-05-01,Organic Search,United Kingdom,SMB
CUST-108943,2024-07-20,Paid Ads,United States,SMB
CUST-108944,2024-05-10,Social Media,United States,SMB
CUST-108945,2025-07-08,Referral,United States,SMB
CUST-108946,2025-01-08,Direct,United States,SMB
CUST-108947,2024-12-27,Paid Ads,United States,SMB
CUST-108948,2025-08-15,Referral,United States,SMB
CUST-108949,2025-04-18,Direct,United Kingdom,Mid-Market
CUST-108950,2025-10-06,Organic Search,United Kingdom,Mid-Market
CUST-108951,2024-11-16,Paid Ads,United States,Enterprise
CUST-108952,2025-11-21,Organic Search,United Kingdom,SMB
CUST-108953,2025-05-16,Email Campaign,Australia,SMB
CUST-108954,2024-12-12,Organic Search,India,SMB
CUST-108955,2025-11-28,Paid Ads,United States,SMB
CUST-108956,2024-01-15,Social Media,United States,SMB
CUST-108957,2025-07-04,Referral,United States,SMB
CUST-108958,2025-02-16,Paid Ads,United States,SMB
CUST-108959,2025-07-23,Email Campaign,United States,Mid-Market
CUST-108960,2025-03-06,Paid Ads,United States,SMB
CUST-108961,2025-04-08,outbound_sales,United Kingdom,Enterprise
CUST-108962,2025-01-29,Paid Ads,United States,SMB
CUST-108963,2025-07-21,Organic Search,United Kingdom,SMB
CUST-108964,2025-06-22,Email Campaign,United Kingdom,SMB
CUST-108965,2024-01-01,Paid Ads,United States,SMB
CUST-108966,2025-02-10,Direct,Canada,SMB
CUST-108967,2025-11-02,Direct,United States,Enterprise
CUST-108968,2024-01-11,Paid Ads,United States,Mid-Market
CUST-108969,2025-03-10,Referral,United States,SMB
CUST-108970,2025-08-27,Paid Ads,France,SMB
CUST-108971,2024-10-02,Organic Search,India,Mid-Market
CUST-108972,2025-07-28,Organic Search,United States,Mid-Market
CUST-108973,2025-04-10,Email Campaign,Germany,SMB
CUST-108974,2025-08-31,Paid Ads,India,SMB
CUST-108975,2024-08-09,Paid Ads,Canada,SMB
CUST-108976,2025-02-03,Organic Search,Germany,Mid-Market
CUST-108977,2025-05-14,Referral,United States,SMB
CUST-108978,2024-02-24,Referral,Canada,Mid-Market
CUST-108979,2025-01-03,Paid Ads,United Kingdom,SMB
CUST-108980,2024-06-01,Direct,Germany,SMB
CUST-108981,2025-10-25,Paid Ads,Germany,Mid-Market
CUST-108982,2025-09-06,Organic Search,United States,Enterprise
CUST-108983,2024-07-31,Organic Search,Germany,SMB
CUST-108984,2025-08-22,Referral,Canada,Enterprise
CUST-108985,2025-09-16,Paid Ads,United Kingdom,SMB
CUST-108986,2024-06-09,Referral,United States,SMB
CUST-108987,2025-09-21,Email Campaign,Germany,SMB
CUST-108988,2025-07-08,Organic Search,United States,Enterprise
CUST-108989,2025-04-29,Referral,United Kingdom,SMB
CUST-108990,2025-07-02,Email Campaign,United States,SMB
CUST-108991,2025-08-13,Direct,United Kingdom,SMB
CUST-108992,2025-02-11,Paid Ads,United Kingdom,SMB
CUST-108993,2025-11-03,Organic Search,United States,SMB
CUST-108994,2024-01-24,Paid Ads,India,SMB
CUST-108995,2024-10-19,Direct,Netherlands,Mid-Market
CUST-108996,2025-04-02,Paid Ads,United States,Enterprise
CUST-108997,2024-12-18,outbound_sales,Australia,Mid-Market
CUST-108998,2025-03-07,Paid Ads,Canada,SMB
CUST-108999,2025-09-06,Email Campaign,United States,SMB
CUST-109000,2024-04-23,Organic Search,United States,Mid-Market
CUST-109001,2024-07-10,Paid Ads,Germany,Mid-Market
CUST-109002,2025-11-25,Organic Search,United States,Enterprise
CUST-109003,2024-02-10,Paid Ads,Germany,Enterprise
CUST-109004,2024-10-02,Email Campaign,United States,Enterprise
CUST-109005,2025-04-29,Email Campaign,Australia,Mid-Market
CUST-109006,2025-05-11,Paid Ads,United States,Enterprise
CUST-109007,2025-06-28,Organic Search,United Kingdom,Mid-Market
CUST-109008,2025-09-24,Organic Search,Canada,SMB
CUST-109009,2025-03-03,Organic Search,Germany,SMB
CUST-109010,2024-03-23,Paid Ads,India,Mid-Market
CUST-109011,2025-11-25,Organic Search,United States,SMB
CUST-109012,2025-05-03,Direct,United Kingdom,SMB
CUST-109013,2025-03-19,outbound_sales,Canada,Mid-Market
CUST-109014,2025-05-06,Paid Ads,France,SMB
CUST-109015,2024-05-22,Paid Ads,United States,SMB
CUST-109016,2025-07-07,Paid Ads,Canada,SMB
CUST-109017,2025-05-27,Paid Ads,United States,SMB
CUST-109018,2025-06-06,Paid Ads,United States,SMB
CUST-109019,2024-12-26,Paid Ads,Germany,SMB
CUST-109020,2024-10-19,Paid Ads,United Kingdom,SMB
CUST-109021,2025-10-03,outbound_sales,United States,SMB
CUST-109022,2024-05-01,Email Campaign,United States,SMB
CUST-109023,2025-01-29,Organic Search,United States,SMB
CUST-109024,2024-12-08,Referral,India,SMB
CUST-109025,2025-10-25,Organic Search,United Kingdom,SMB
CUST-109026,2025-11-01,Referral,United States,SMB
CUST-109027,2025-06-21,Social Media,Germany,SMB
CUST-109028,2024-06-04,Paid Ads,Germany,SMB
CUST-109029,2025-04-18,Email Campaign,United States,SMB
CUST-109030,2025-01-21,Paid Ads,Canada,SMB
CUST-109031,2025-01-23,organic search,United States,SMB
CUST-109032,2025-08-30,Paid Ads,Germany,SMB
CUST-109033,2024-08-16,Email Campaign,United Kingdom,SMB
CUST-109034,2025-09-10,Organic Search,Germany,Mid-Market
CUST-109035,2025-06-13,Referral,United States,SMB
CUST-109036,2025-10-09,Email Campaign,Canada,SMB
CUST-109037,2025-04-15,Paid Ads,Netherlands,SMB
CUST-109038,2025-07-06,Paid Ads,United States,SMB
CUST-109039,2024-06-15,Email Campaign,Australia,SMB
CUST-109040,2024-02-07,Referral,United States,SMB
CUST-109041,2024-05-17,outbound_sales,United States,SMB
CUST-109042,2024-11-02,Organic Search,Australia,Enterprise
CUST-109043,2024-11-05,Social Media,Germany,SMB
CUST-109044,2025-03-28,Paid Ads,United States,SMB
CUST-109045,2025-10-17,Organic Search,United Kingdom,SMB
CUST-109046,2024-09-04,Paid Ads,United States,Mid-Market
CUST-109047,2024-09-04,Paid Ads,Australia,SMB
CUST-109048,2024-09-24,Paid Ads,Canada,SMB
CUST-109049,2025-06-12,Organic Search,Canada,SMB
CUST-109050,2025-05-26,Organic Search,United States,SMB
CUST-109051,2025-04-21,Paid Ads,United States,SMB
CUST-109052,2025-09-03,Organic Search,India,SMB
CUST-109053,2024-02-26,Organic Search,United States,SMB
CUST-109054,2024-02-04,Organic Search,Canada,SMB
CUST-109055,2025-10-08,Direct,United States,Mid-Market
CUST-109056,2024-07-31,Paid Ads,United States,SMB
CUST-109057,2025-01-19,outbound_sales,United States,Mid-Market
CUST-109058,2024-03-16,Email Campaign,Germany,SMB
CUST-109059,2025-05-22,Organic Search,United States,SMB
CUST-109060,2024-03-31,Paid Ads,Germany,Mid-Market
CUST-109061,2024-04-07,Paid Ads,Germany,Mid-Market
CUST-109062,2025-01-09,Organic Search,Canada,Mid-Market
CUST-109063,2025-01-07,Organic Search,United States,Mid-Market
CUST-109064,2024-09-08,Paid Ads,Germany,SMB
CUST-109065,2024-02-06,Direct,France,Enterprise
CUST-109066,2024-08-30,Organic Search,United States,SMB
CUST-109067,2024-08-19,Referral,United States,SMB
CUST-109068,2025-09-10,Organic Search,United States,SMB
CUST-109069,2024-02-22,Paid Ads,United States,SMB
CUST-109070,2025-11-11,Organic Search,United States,Enterprise
CUST-109071,2025-06-05,Paid Ads,United Kingdom,SMB
CUST-109072,2024-09-23,Direct,Germany,Mid-Market
CUST-109073,2025-02-02,Referral,United States,Mid-Market
CUST-109074,2025-05-15,Email Campaign,United States,Mid-Market
CUST-109075,2025-06-21,Organic Search,Germany,Mid-Market
CUST-109076,2025-10-06,Paid Ads,United Kingdom,SMB
CUST-109077,2025-04-11,Direct,United States,SMB
CUST-109078,2024-01-16,Paid Ads,Germany,SMB
CUST-109079,2025-06-12,referral,Germany,Enterprise
CUST-109080,2025-02-11,Paid Ads,France,Mid-Market
CUST-109081,2024-05-16,Organic Search,United States,SMB
CUST-109082,2024-01-19,Organic Search,United States,SMB
CUST-109083,2024-02-08,Direct,India,SMB
CUST-109084,2024-09-09,Paid Ads,United States,SMB
CUST-109085,2024-04-03,Direct,Netherlands,SMB
CUST-109086,2024-06-06,Referral,United States,Mid-Market
CUST-109087,2025-07-21,Paid Ads,India,Enterprise
CUST-109088,2024-01-03,Email Campaign,United States,SMB
CUST-109089,2024-05-19,Organic Search,Canada,SMB
CUST-109090,2024-01-23,Organic Search,Germany,Mid-Market
CUST-109091,2024-01-28,Organic Search,United States,SMB
CUST-109092,2025-07-11,Referral,United States,Mid-Market
CUST-109093,2025-10-18,Referral,United Kingdom,SMB
CUST-109094,2024-12-09,Organic Search,United States,SMB
CUST-109095,2025-10-13,Social Media,Netherlands,SMB
CUST-109096,2025-06-15,Paid Ads,Canada,Mid-Market
CUST-109097,2025-07-04,Email Campaign,Australia,SMB
CUST-109098,2025-08-16,Social Media,United States,SMB
CUST-109099,2025-07-19,Organic Search,Germany,SMB
CUST-109100,2024-09-08,Direct,United States,SMB
CUST-109101,2024-07-11,Social Media,Canada,SMB
CUST-109102,2024-06-16,Paid Ads,United Kingdom,Enterprise
CUST-109103,2025-03-15,Organic Search,United States,SMB
CUST-109104,2025-07-12,Referral,Canada,Mid-Market
CUST-109105,2024-07-05,Email Campaign,United States,SMB
CUST-109106,2025-03-18,Organic Search,United States,SMB
CUST-109107,2025-06-26,Direct,United States,Mid-Market
CUST-109108,2025-05-27,Social Media,United States,Mid-Market
CUST-109109,2025-09-07,outbound_sales,United States,SMB
CUST-109110,2025-08-17,Direct,United States,Enterprise
CUST-109111,2024-04-08,outbound_sales,United States,SMB
CUST-109112,2024-06-13,Organic Search,Netherlands,SMB
CUST-109113,2025-03-29,Referral,United Kingdom,Mid-Market
CUST-109114,2025-08-12,Email Campaign,Australia,Mid-Market
CUST-109115,2024-10-13,Paid Ads,United States,Enterprise
CUST-109116,2024-07-20,Referral,United Kingdom,SMB
CUST-109117,2024-12-16,Referral,India,Mid-Market
CUST-109118,2024-07-31,Email Campaign,United Kingdom,SMB
CUST-109119,2025-10-01,organic search,Australia,Enterprise
CUST-109120,2024-09-05,Email Campaign,United Kingdom,Mid-Market
CUST-109121,2025-05-08,Paid Ads,United States,SMB
CUST-109122,2024-12-19,Direct,United Kingdom,SMB
CUST-109123,2025-11-28,Organic Search,United States,SMB
CUST-109124,2024-03-12,Referral,Germany,SMB
CUST-109125,2025-02-07,Email Campaign,United States,Mid-Market
CUST-109126,2024-06-21,Email Campaign,United States,SMB
CUST-109127,2025-10-23,Paid Ads,United States,SMB
CUST-109128,2025-08-08,Organic Search,India,SMB
CUST-109129,2025-11-07,Organic Search,United States,Mid-Market
CUST-109130,2025-01-12,Direct,Germany,Mid-Market
CUST-109131,2024-04-15,Email Campaign,Canada,SMB
CUST-109132,2025-01-11,Paid Ads,United States,Mid-Market
CUST-109133,2024-05-26,Paid Ads,United States,SMB
CUST-109134,2024-01-27,Email Campaign,France,Mid-Market
CUST-109135,2024-11-16,Referral,United States,SMB
CUST-109136,2024-09-30,Organic Search,United States,Mid-Market
CUST-109137,2024-06-08,Organic Search,United States,Mid-Market
CUST-109138,2024-05-23,outbound_sales,Germany,SMB
CUST-109139,2024-03-01,Email Campaign,Australia,Mid-Market
CUST-109140,2024-07-31,Paid Ads,United States,Mid-Market
CUST-109141,2024-07-13,Email Campaign,United States,SMB
CUST-109142,2025-02-25,Referral,Germany,SMB
CUST-109143,2025-01-08,Organic Search,Netherlands,SMB
CUST-109144,2024-06-16,outbound_sales,United States,Mid-Market
CUST-109145,2025-08-23,Paid Ads,United Kingdom,SMB
CUST-109146,2025-10-28,Referral,United States,SMB
CUST-109147,2025-10-04,Social Media,United States,SMB
CUST-109148,2024-01-31,Paid Ads,United States,SMB
CUST-109149,2024-02-07,Organic Search,United States,Mid-Market
CUST-109150,2024-01-10,Paid Ads,Germany,SMB
CUST-109151,2024-04-25,Email Campaign,United Kingdom,Mid-Market
CUST-109152,2024-01-27,Paid Ads,Germany,Mid-Market
CUST-109153,2024-03-04,Paid Ads,Germany,Mid-Market
CUST-109154,2024-10-27,Social Media,United States,SMB
CUST-109155,2024-07-31,Organic Search,France,SMB
CUST-109156,2024-03-28,Organic Search,United States,SMB
CUST-109157,2024-07-30,organic search,India,SMB
CUST-109158,2024-03-31,Paid Ads,United Kingdom,SMB
CUST-109159,2025-01-31,Paid Ads,Canada,SMB
CUST-109160,2025-10-25,Organic Search,United States,SMB
CUST-109161,2024-03-14,Paid Ads,United States,SMB
CUST-109162,2024-05-14,Social Media,United Kingdom,Mid-Market
CUST-109163,2024-08-23,Referral,United States,Enterprise
CUST-109164,2024-03-22,Social Media,United Kingdom,Mid-Market
CUST-109165,2024-04-08,Paid Ads,Canada,SMB
CUST-109166,2024-02-06,Paid Ads,Germany,SMB
CUST-109167,2025-10-08,Paid Ads,Germany,SMB
CUST-109168,2024-12-22,Organic Search,India,SMB
CUST-109169,2024-03-17,Organic Search,United States,SMB
CUST-109170,2025-07-12,Referral,United States,Mid-Market
CUST-109171,2024-11-03,Social Media,United Kingdom,SMB
CUST-109172,2025-09-16,Paid Ads,Germany,SMB
CUST-109173,2024-08-28,Paid Ads,United States,SMB
CUST-109174,2025-11-01,Referral,United States,SMB
CUST-109175,2024-04-10,Social Media,Canada,SMB
CUST-109176,2025-09-01,Referral,United Kingdom,SMB
CUST-109177,2025-10-01,Paid Ads,Canada,Enterprise
CUST-109178,2025-11-08,Email Campaign,India,SMB
CUST-109179,2024-11-09,Email Campaign,United States,SMB
CUST-109180,2025-09-29,Organic Search,United States,SMB
CUST-109181,2024-12-04,Direct,United States,SMB
CUST-109182,2025-05-05,Organic Search,France,SMB
CUST-109183,2025-02-07,Direct,Australia,SMB
CUST-109184,2024-02-08,Paid Ads,France,SMB
CUST-109185,2024-05-18,Email Campaign,United Kingdom,Mid-Market
CUST-109186,2025-03-12,Paid Ads,United Kingdom,SMB
CUST-109187,2025-04-11,Paid Ads,United States,SMB
CUST-109188,2024-05-17,Paid Ads,United States,SMB
CUST-109189,2025-01-02,Organic Search,Germany,Mid-Market
CUST-109190,2024-04-09,outbound_sales,United Kingdom,SMB
CUST-109191,2025-11-18,Organic Search,United Kingdom,SMB
CUST-109192,2025-10-20,Organic Search,United States,Mid-Market
CUST-109193,2025-08-26,Direct,United States,SMB
CUST-109194,2025-10-21,Direct,United States,Mid-Market
CUST-109195,2025-03-04,Social Media,United Kingdom,SMB
CUST-109196,2024-01-21,referral,United States,SMB
CUST-109197,2025-08-04,Organic Search,Germany,Enterprise
CUST-109198,2025-05-10,Organic Search,United States,Mid-Market
CUST-109199,2024-07-30,Organic Search,Germany,SMB
CUST-109200,2025-02-04,Paid Ads,United States,Enterprise
CUST-109201,2024-12-14,paid ads,United Kingdom,SMB
CUST-109202,2024-02-19,Referral,United States,SMB
CUST-109203,2025-09-28,Organic Search,United States,Mid-Market
CUST-109204,2024-02-06,Paid Ads,Netherlands,SMB
CUST-109205,2024-10-29,Paid Ads,United States,SMB
CUST-109206,2024-03-10,Direct,United States,SMB
CUST-109207,2025-01-15,Organic Search,United States,SMB
CUST-109208,2025-09-16,outbound_sales,United Kingdom,SMB
CUST-109209,2025-10-07,Paid Ads,Canada,Enterprise
CUST-109210,2025-07-03,organic search,United Kingdom,SMB
CUST-109211,2024-05-17,Direct,United States,SMB
CUST-109212,2024-04-05,outbound_sales,Canada,SMB
CUST-109213,2024-01-24,outbound_sales,Netherlands,Mid-Market
CUST-109214,2025-05-20,Paid Ads,Australia,Mid-Market
CUST-109215,2025-04-01,Paid Ads,France,Mid-Market
CUST-109216,2025-09-27,Paid Ads,Canada,SMB
CUST-109217,2024-02-06,Social Media,France,SMB
CUST-109218,2024-10-25,Referral,United Kingdom,SMB
CUST-109219,2025-01-11,Direct,Canada,SMB
CUST-109220,2024-11-19,Organic Search,Germany,Enterprise
CUST-109221,2024-07-25,Referral,United States,SMB
CUST-109222,2024-02-28,paid ads,United States,Mid-Market
CUST-109223,2025-05-19,Referral,India,SMB
CUST-109224,2024-05-26,Direct,United States,SMB
CUST-109225,2024-04-09,Direct,United States,SMB
CUST-109226,2025-08-13,Paid Ads,United Kingdom,SMB
CUST-109227,2024-12-28,organic search,United States,SMB
CUST-109228,2025-02-09,Paid Ads,United States,SMB
CUST-109229,2025-08-27,Paid Ads,Germany,Mid-Market
CUST-109230,2024-03-17,Paid Ads,Germany,SMB
CUST-109231,2025-04-22,Email Campaign,Australia,SMB
CUST-109232,2024-12-14,paid ads,Germany,Mid-Market
CUST-109233,2025-01-25,Organic Search,India,SMB
CUST-109234,2025-02-26,Paid Ads,United States,SMB
CUST-109235,2025-06-27,Referral,United States,SMB
CUST-109236,2024-09-13,Direct,Germany,Mid-Market
CUST-109237,2025-11-15,Referral,Netherlands,SMB
CUST-109238,2024-03-05,Referral,United States,SMB
CUST-109239,2025-02-24,Organic Search,Germany,SMB
CUST-109240,2024-08-17,Referral,Canada,Enterprise
CUST-109241,2025-10-21,Referral,Germany,Mid-Market
CUST-109242,2025-03-24,Paid Ads,Canada,SMB
CUST-109243,2025-02-05,Email Campaign,United States,Mid-Market
CUST-109244,2024-07-03,Email Campaign,United States,SMB
CUST-109245,2024-06-18,Referral,United Kingdom,Mid-Market
CUST-109246,2024-07-26,Paid Ads,Canada,Mid-Market
CUST-109247,2024-06-12,Organic Search,India,SMB
CUST-109248,2025-06-19,Social Media,United States,SMB
CUST-109249,2025-03-13,Direct,United Kingdom,SMB
CUST-109250,2024-06-12,Email Campaign,United States,SMB
CUST-109251,2025-07-19,Organic Search,United Kingdom,SMB
CUST-109252,2025-10-15,Social Media,Germany,SMB
CUST-109253,2024-12-10,Organic Search,United States,SMB
CUST-109254,2025-06-23,Direct,United States,SMB
CUST-109255,2025-02-03,Referral,United States,SMB
CUST-109256,2025-09-13,Referral,Netherlands,SMB
CUST-109257,2024-12-04,outbound_sales,United States,SMB
CUST-109258,2024-03-19,paid ads,France,SMB
CUST-109259,2025-09-07,Email Campaign,United States,SMB
CUST-109260,2025-06-23,Email Campaign,United Kingdom,Enterprise
CUST-109261,2024-03-04,Paid Ads,Canada,Mid-Market
CUST-109262,2024-09-01,Social Media,United States,SMB
CUST-109263,2025-06-24,Organic Search,Netherlands,Mid-Market
CUST-109264,2024-03-30,Paid Ads,United States,SMB
CUST-109265,2024-11-07,Referral,Canada,Mid-Market
CUST-109266,2024-12-24,Organic Search,India,SMB
CUST-109267,2024-05-16,Organic Search,United States,SMB
CUST-109268,2025-10-27,Email Campaign,United States,SMB
CUST-109269,2024-12-06,Paid Ads,United States,SMB
CUST-109270,2024-11-22,Paid Ads,Australia,SMB
CUST-109271,2025-01-27,Email Campaign,Germany,SMB
CUST-109272,2024-08-10,outbound_sales,United States,SMB
CUST-109273,2024-10-14,Organic Search,United States,Mid-Market
CUST-109274,2024-08-17,Organic Search,United States,SMB
CUST-109275,2024-10-08,Paid Ads,Canada,Mid-Market
CUST-109276,2024-09-27,Referral,United States,SMB
CUST-109277,2025-06-24,Organic Search,United Kingdom,SMB
CUST-109278,2024-07-26,Organic Search,United States,SMB
CUST-109279,2024-01-31,Organic Search,Germany,Mid-Market
CUST-109280,2024-11-09,Organic Search,Canada,SMB
CUST-109281,2024-06-07,Paid Ads,Germany,Mid-Market
CUST-109282,2025-11-24,Paid Ads,Germany,Enterprise
CUST-109283,2025-04-01,Paid Ads,Germany,Enterprise
CUST-109284,2025-05-05,Paid Ads,United States,SMB
CUST-109285,2025-04-27,Email Campaign,United States,SMB
CUST-109286,2024-10-06,Referral,United States,SMB
CUST-109287,2024-06-16,Paid Ads,United States,Mid-Market
CUST-109288,2024-12-16,Organic Search,United States,Mid-Market
CUST-109289,2025-02-01,Organic Search,United States,SMB
CUST-109290,2024-09-21,Organic Search,Canada,SMB
CUST-109291,2025-08-09,Organic Search,United Kingdom,SMB
CUST-109292,2025-02-12,Referral,Germany,SMB
CUST-109293,2025-08-15,Paid Ads,United States,SMB
CUST-109294,2025-02-11,Paid Ads,Australia,Mid-Market
CUST-109295,2024-01-12,Organic Search,United Kingdom,Mid-Market
CUST-109296,2025-09-13,Organic Search,United Kingdom,SMB
CUST-109297,2025-07-07,Paid Ads,Canada,Mid-Market
CUST-109298,2024-03-05,Direct,United States,Mid-Market
CUST-109299,2025-10-29,outbound_sales,Canada,SMB
CUST-109300,2025-08-19,Referral,Germany,Mid-Market
CUST-109301,2024-11-21,Paid Ads,Australia,SMB
CUST-109302,2024-06-08,Referral,Netherlands,SMB
CUST-109303,2024-01-08,Paid Ads,United Kingdom,SMB
CUST-109304,2025-10-04,Referral,France,SMB
CUST-109305,2025-04-07,Paid Ads,Australia,Mid-Market
CUST-109306,2024-06-27,Paid Ads,United States,Mid-Market
CUST-109307,2024-12-25,Paid Ads,United Kingdom,SMB
CUST-109308,2024-03-28,Paid Ads,United States,Mid-Market
CUST-109309,2024-03-07,Email Campaign,United States,Enterprise
CUST-109310,2024-08-28,Email Campaign,Canada,SMB
CUST-109311,2025-10-17,outbound_sales,Australia,SMB
CUST-109312,2025-02-11,Paid Ads,India,Mid-Market
CUST-109313,2024-11-14,Email Campaign,Germany,SMB
CUST-109314,2025-08-14,Referral,United Kingdom,Mid-Market
CUST-109315,2024-03-18,Paid Ads,United States,SMB
CUST-109316,2025-10-07,Organic Search,United States,SMB
CUST-109317,2025-07-19,Paid Ads,United States,Mid-Market
CUST-109318,2025-03-29,Organic Search,United States,Mid-Market
CUST-109319,2025-09-16,Organic Search,United Kingdom,SMB
CUST-109320,2024-11-19,outbound_sales,Germany,SMB
CUST-109321,2025-09-27,Organic Search,Canada,SMB
CUST-109322,2024-09-14,Paid Ads,United States,SMB
CUST-109323,2024-04-08,outbound_sales,United States,SMB
CUST-109324,2024-07-04,Social Media,United Kingdom,Mid-Market
CUST-109325,2025-03-31,Organic Search,Germany,SMB
CUST-109326,2025-03-21,Paid Ads,Germany,Enterprise
CUST-109327,2024-04-29,Organic Search,India,SMB
CUST-109328,2024-11-16,Organic Search,United States,SMB
CUST-109329,2024-12-23,Paid Ads,United States,SMB
CUST-109330,2024-09-05,Email Campaign,Canada,Mid-Market
CUST-109331,2024-03-31,Organic Search,United States,Enterprise
CUST-109332,2025-04-06,Paid Ads,India,SMB
CUST-109333,2025-11-15,Referral,India,Mid-Market
CUST-109334,2025-04-27,organic search,United States,Mid-Market
CUST-109335,2025-03-14,Referral,Canada,SMB
CUST-109336,2024-02-12,Organic Search,United States,Enterprise
CUST-109337,2025-01-14,Paid Ads,Australia,SMB
CUST-109338,2025-04-27,Referral,United Kingdom,Mid-Market
CUST-109339,2025-03-23,Paid Ads,United States,SMB
CUST-109340,2025-11-16,Paid Ads,United States,SMB
CUST-109341,2024-02-01,Referral,France,SMB
CUST-109342,2025-02-26,Direct,Canada,SMB
CUST-109343,2025-01-21,Direct,Canada,SMB
CUST-109344,2025-08-17,Paid Ads,Germany,Mid-Market
CUST-109345,2024-04-01,Referral,United States,SMB
CUST-109346,2025-10-19,Email Campaign,Germany,SMB
CUST-109347,2025-05-09,Referral,United States,SMB
CUST-109348,2025-05-29,Paid Ads,Australia,SMB
CUST-109349,2024-08-08,Paid Ads,Canada,SMB
CUST-109350,2025-09-02,Direct,Australia,SMB
CUST-109351,2025-11-13,Social Media,Germany,SMB
CUST-109352,2024-11-01,Paid Ads,United Kingdom,SMB
CUST-109353,2024-03-03,Email Campaign,Netherlands,SMB
CUST-109354,2024-02-09,Paid Ads,Netherlands,SMB
CUST-109355,2024-11-30,Email Campaign,Germany,Mid-Market
CUST-109356,2024-03-22,Direct,Canada,SMB
CUST-109357,2024-10-07,Organic Search,United States,SMB
CUST-109358,2024-09-25,Organic Search,United States,Mid-Market
CUST-109359,2024-12-18,Paid Ads,United States,SMB
CUST-109360,2025-09-30,Organic Search,United States,Mid-Market
CUST-109361,2024-04-20,Referral,India,Enterprise
CUST-109362,2025-11-04,Organic Search,India,SMB
CUST-109363,2025-05-16,Referral,United States,Mid-Market
CUST-109364,2025-01-12,outbound_sales,United States,SMB
CUST-109365,2024-01-26,Social Media,Netherlands,Mid-Market
CUST-109366,2025-03-06,Direct,United States,Mid-Market
CUST-109367,2025-11-08,Organic Search,Canada,SMB
CUST-109368,2024-08-03,Referral,United States,Mid-Market
CUST-109369,2024-09-30,direct,United Kingdom,SMB
CUST-109370,2025-08-20,Paid Ads,France,SMB
CUST-109371,2025-10-07,outbound_sales,India,SMB
CUST-109372,2024-12-18,outbound_sales,Canada,Enterprise
CUST-109373,2025-07-28,Referral,India,SMB
CUST-109374,2025-07-06,Organic Search,India,Enterprise
CUST-109375,2024-09-28,Paid Ads,United Kingdom,Mid-Market
CUST-109376,2024-04-09,Email Campaign,United Kingdom,SMB
CUST-109377,2024-02-02,Direct,Australia,SMB
CUST-109378,2025-11-19,Social Media,United States,SMB
CUST-109379,2024-07-28,Paid Ads,United Kingdom,SMB
CUST-109380,2025-10-21,Email Campaign,United States,SMB
CUST-109381,2025-05-24,Paid Ads,United States,Mid-Market
CUST-109382,2024-06-07,Organic Search,United Kingdom,Mid-Market
CUST-109383,2025-01-22,Referral,Canada,SMB
CUST-109384,2025-09-12,Paid Ads,Germany,SMB
CUST-109385,2025-11-24,Referral,Germany,SMB
CUST-109386,2025-07-06,Direct,United States,SMB
CUST-109387,2025-07-11,Organic Search,United Kingdom,SMB
CUST-109388,2024-03-25,Organic Search,United States,SMB
CUST-109389,2025-08-03,Referral,United States,SMB
CUST-109390,2025-04-12,Paid Ads,United Kingdom,SMB
CUST-109391,2024-09-19,outbound_sales,Canada,SMB
CUST-109392,2024-10-07,Organic Search,United States,SMB
CUST-109393,2025-01-30,Organic Search,Australia,SMB
CUST-109394,2025-06-11,Direct,United States,Mid-Market
CUST-109395,2024-05-18,Email Campaign,Germany,SMB
CUST-109396,2025-08-19,Paid Ads,United States,SMB
CUST-109397,2025-08-08,Paid Ads,United States,SMB
CUST-109398,2024-10-02,Organic Search,United States,Enterprise
CUST-109399,2025-07-31,Referral,United States,Enterprise
CUST-109400,2024-07-14,Referral,United States,SMB
CUST-109401,2025-05-23,Direct,United States,SMB
CUST-109402,2025-06-11,outbound_sales,United States,Mid-Market
CUST-109403,2025-02-19,Email Campaign,France,SMB
CUST-109404,2024-03-19,Organic Search,United States,Mid-Market
CUST-109405,2025-07-31,Paid Ads,United States,Mid-Market
CUST-109406,2024-01-02,Organic Search,United States,SMB
CUST-109407,2024-01-24,Organic Search,United Kingdom,Mid-Market
CUST-109408,2025-01-12,Referral,United States,SMB
CUST-109409,2024-08-14,Referral,Germany,Enterprise
CUST-109410,2025-06-01,Paid Ads,United States,SMB
CUST-109411,2024-06-22,Organic Search,United Kingdom,Mid-Market
CUST-109412,2025-09-09,Referral,United States,SMB
CUST-109413,2025-08-08,Email Campaign,United States,Mid-Market
CUST-109414,2025-09-21,Email Campaign,France,Enterprise
CUST-109415,2025-10-18,Organic Search,United Kingdom,SMB
CUST-109416,2025-04-01,Paid Ads,United States,Mid-Market
CUST-109417,2025-04-23,Paid Ads,France,Enterprise
CUST-109418,2025-01-16,Referral,Australia,Enterprise
CUST-109419,2025-08-09,Paid Ads,India,Mid-Market
CUST-109420,2024-12-10,Organic Search,United States,SMB
CUST-109421,2025-01-11,Organic Search,United Kingdom,SMB
CUST-109422,2024-05-21,Organic Search,United States,SMB
CUST-109423,2025-06-21,Paid Ads,Germany,SMB
CUST-109424,2025-11-10,Organic Search,Australia,SMB
CUST-109425,2025-04-14,outbound_sales,United States,Mid-Market
CUST-109426,2024-09-06,Email Campaign,United States,SMB
CUST-109427,2025-05-17,Paid Ads,United States,Enterprise
CUST-109428,2025-01-06,Social Media,India,SMB
CUST-109429,2024-03-03,Organic Search,Australia,SMB
CUST-109430,2024-01-17,Organic Search,United States,SMB
CUST-109431,2024-11-10,Organic Search,United States,SMB
CUST-109432,2025-11-25,Direct,United States,Mid-Market
CUST-109433,2025-09-23,Organic Search,United States,SMB
CUST-109434,2025-11-07,Organic Search,United States,SMB
CUST-109435,2025-09-29,Social Media,United Kingdom,SMB
CUST-109436,2025-04-05,Email Campaign,United States,Mid-Market
CUST-109437,2024-11-09,Organic Search,United States,SMB
CUST-109438,2025-03-20,Email Campaign,Germany,SMB
CUST-109439,2025-04-02,Email Campaign,United States,SMB
CUST-109440,2024-02-11,Paid Ads,Australia,SMB
CUST-109441,2024-11-17,Organic Search,France,SMB
CUST-109442,2024-02-16,Organic Search,United States,Mid-Market
CUST-109443,2024-01-09,Email Campaign,United States,Enterprise
CUST-109444,2025-08-06,Email Campaign,United States,Mid-Market
CUST-109445,2025-07-19,Organic Search,United States,SMB
CUST-109446,2024-03-17,Paid Ads,United States,Mid-Market
CUST-109447,2025-04-27,Paid Ads,United States,Mid-Market
CUST-109448,2024-02-10,Paid Ads,United States,Enterprise
CUST-109449,2025-08-16,Paid Ads,United States,SMB
CUST-109450,2025-07-12,Social Media,United States,SMB
CUST-109451,2025-05-21,Organic Search,Germany,Enterprise
CUST-109452,2024-01-11,Organic Search,United States,SMB
CUST-109453,2024-11-05,Paid Ads,United Kingdom,Mid-Market
CUST-109454,2025-01-20,Email Campaign,India,SMB
CUST-109455,2025-04-17,Referral,United Kingdom,Mid-Market
CUST-109456,2024-01-24,Paid Ads,Germany,SMB
CUST-109457,2025-05-24,Paid Ads,Germany,SMB
CUST-109458,2025-05-14,Direct,Canada,SMB
CUST-109459,2024-11-10,Social Media,United Kingdom,Mid-Market
CUST-109460,2025-03-14,Social Media,United States,SMB
CUST-109461,2025-04-14,Organic Search,United Kingdom,SMB
CUST-109462,2024-06-21,Email Campaign,Canada,SMB
CUST-109463,2025-04-01,Paid Ads,Germany,SMB
CUST-109464,2024-10-25,Paid Ads,United States,Mid-Market
CUST-109465,2024-09-05,Referral,Germany,SMB
CUST-109466,2025-06-16,Organic Search,United States,SMB
CUST-109467,2024-08-06,Email Campaign,United States,Mid-Market
CUST-109468,2024-12-17,referral,Germany,SMB
CUST-109469,2025-04-16,Referral,Canada,SMB
CUST-109470,2024-02-26,Direct,Germany,SMB
CUST-109471,2024-01-28,outbound_sales,United States,SMB
CUST-109472,2024-09-25,Organic Search,United Kingdom,Enterprise
CUST-109473,2024-04-21,Referral,United Kingdom,SMB
CUST-109474,2024-05-10,Paid Ads,United States,SMB
CUST-109475,2025-10-03,Organic Search,India,SMB
CUST-109476,2025-10-11,Referral,United Kingdom,SMB
CUST-109477,2024-11-11,Social Media,Canada,Mid-Market
CUST-109478,2024-11-11,organic search,Canada,Mid-Market
CUST-109479,2024-05-10,Organic Search,United States,SMB
CUST-109480,2025-02-19,Organic Search,United States,SMB
CUST-109481,2024-04-19,Email Campaign,United Kingdom,SMB
CUST-109482,2025-04-07,Social Media,United Kingdom,SMB
CUST-109483,2024-09-01,outbound_sales,Netherlands,Mid-Market
CUST-109484,2025-09-29,organic search,United States,SMB
CUST-109485,2024-12-21,Organic Search,Australia,SMB
CUST-109486,2025-11-20,Email Campaign,Netherlands,Enterprise
CUST-109487,2024-10-06,Referral,United States,SMB
CUST-109488,2024-09-27,organic search,Australia,SMB
CUST-109489,2025-11-24,Organic Search,United Kingdom,SMB
CUST-109490,2024-02-04,Paid Ads,France,SMB
CUST-109491,2024-07-09,Organic Search,United States,Mid-Market
CUST-109492,2024-11-18,Organic Search,United States,SMB
CUST-109493,2025-08-13,Paid Ads,United States,SMB
CUST-109494,2024-10-04,Referral,United States,Mid-Market
CUST-109495,2025-05-22,Direct,Australia,SMB
CUST-109496,2024-02-16,Social Media,United Kingdom,SMB
CUST-109497,2024-09-16,Referral,France,Mid-Market
CUST-109498,2025-08-03,Organic Search,United States,Enterprise
CUST-109499,2025-02-11,Organic Search,United Kingdom,SMB
CUST-109500,2025-10-18,Paid Ads,India,SMB
CUST-109501,2025-05-29,Email Campaign,United Kingdom,SMB
CUST-109502,2024-07-30,Organic Search,United States,Mid-Market
CUST-109503,2024-07-31,Paid Ads,United States,Enterprise
CUST-109504,2025-04-21,Paid Ads,United States,SMB
CUST-109505,2024-01-31,Paid Ads,United States,SMB
CUST-109506,2025-11-28,Referral,United Kingdom,SMB
CUST-109507,2024-04-22,Social Media,Canada,SMB
CUST-109508,2025-01-10,Paid Ads,United States,SMB
CUST-109509,2025-11-05,Referral,United Kingdom,SMB
CUST-109510,2024-10-31,Referral,United States,SMB
CUST-109511,2024-02-05,Paid Ads,Germany,SMB
CUST-109512,2025-09-17,Direct,Germany,SMB
CUST-109513,2024-09-26,Paid Ads,Germany,SMB
CUST-109514,2024-07-22,Paid Ads,India,SMB
CUST-109515,2025-04-14,Social Media,United States,SMB
CUST-109516,2024-06-21,Organic Search,United Kingdom,SMB
CUST-109517,2025-02-10,Referral,Canada,Enterprise
CUST-109518,2024-01-10,Paid Ads,Canada,Mid-Market
CUST-109519,2024-03-28,Referral,United States,SMB
CUST-109520,2024-08-28,Organic Search,United States,SMB
CUST-109521,2024-04-28,Organic Search,United Kingdom,SMB
CUST-109522,2025-09-09,Email Campaign,Germany,SMB
CUST-109523,2024-03-20,Paid Ads,United States,SMB
CUST-109524,2025-09-13,Organic Search,United States,SMB
CUST-109525,2025-03-29,Paid Ads,India,Enterprise
CUST-109526,2025-05-16,Paid Ads,Germany,SMB
CUST-109527,2025-01-07,Direct,Australia,SMB
CUST-109528,2024-08-29,Paid Ads,United States,SMB
CUST-109529,2025-11-09,Paid Ads,United Kingdom,Mid-Market
CUST-109530,2025-04-28,Paid Ads,United States,SMB
CUST-109531,2025-10-11,Referral,India,SMB
CUST-109532,2025-10-21,Paid Ads,United Kingdom,SMB
CUST-109533,2025-03-03,Paid Ads,United States,SMB
CUST-109534,2025-05-11,outbound_sales,United States,SMB
CUST-109535,2024-01-17,Paid Ads,Australia,SMB
CUST-109536,2024-08-28,Direct,United Kingdom,SMB
CUST-109537,2024-04-24,Organic Search,United Kingdom,SMB
CUST-109538,2025-08-05,Organic Search,United States,SMB
CUST-109539,2025-05-30,Referral,Australia,SMB
CUST-109540,2025-03-02,Email Campaign,United States,SMB
CUST-109541,2024-09-09,Social Media,Canada,Mid-Market
CUST-109542,2024-05-24,Email Campaign,United States,SMB
CUST-109543,2025-06-11,Organic Search,Netherlands,Mid-Market
CUST-109544,2024-04-17,Referral,Germany,Enterprise
CUST-109545,2024-01-27,Referral,United Kingdom,Mid-Market
CUST-109546,2025-07-28,Email Campaign,United States,SMB
CUST-109547,2024-06-30,Paid Ads,Netherlands,Mid-Market
CUST-109548,2024-05-10,Organic Search,United States,SMB
CUST-109549,2024-08-26,Email Campaign,Germany,Mid-Market
CUST-109550,2024-07-08,Direct,United States,SMB
CUST-109551,2024-05-29,Paid Ads,Canada,SMB
CUST-109552,2024-07-11,Email Campaign,United States,Enterprise
CUST-109553,2025-01-05,Organic Search,Canada,SMB
CUST-109554,2024-03-11,Paid Ads,United Kingdom,SMB
CUST-109555,2025-08-30,Email Campaign,Australia,SMB
CUST-109556,2025-03-12,Direct,United States,Mid-Market
CUST-109557,2025-04-20,Paid Ads,United States,SMB
CUST-109558,2024-11-08,Social Media,United Kingdom,Enterprise
CUST-109559,2024-03-28,Organic Search,Australia,Mid-Market
CUST-109560,2024-07-16,Email Campaign,United States,Mid-Market
CUST-109561,2025-02-13,Paid Ads,United States,SMB
CUST-109562,2024-08-10,Paid Ads,Germany,Mid-Market
CUST-109563,2024-03-05,outbound_sales,United Kingdom,Mid-Market
CUST-109564,2025-01-04,Paid Ads,Germany,Mid-Market
CUST-109565,2025-09-03,Paid Ads,India,SMB
CUST-109566,2024-07-07,Organic Search,United States,Enterprise
CUST-109567,2025-08-10,Email Campaign,United States,SMB
CUST-109568,2025-04-06,Referral,Canada,SMB
CUST-109569,2024-06-07,Paid Ads,United States,SMB
CUST-109570,2024-05-02,Paid Ads,United Kingdom,SMB
CUST-109571,2024-05-31,Organic Search,United States,SMB
CUST-109572,2025-10-23,Organic Search,Canada,SMB
CUST-109573,2025-06-09,Organic Search,Canada,Mid-Market
CUST-109574,2024-08-26,Paid Ads,United States,SMB
CUST-109575,2025-11-08,Organic Search,France,SMB
CUST-109576,2024-11-30,Organic Search,Canada,SMB
CUST-109577,2024-01-25,Paid Ads,United States,Enterprise
CUST-109578,2024-08-10,Paid Ads,United Kingdom,SMB
CUST-109579,2024-10-28,outbound_sales,United States,SMB
CUST-109580,2025-11-20,outbound_sales,Netherlands,Mid-Market
CUST-109581,2024-07-19,Email Campaign,United States,SMB
CUST-109582,2024-09-23,Direct,United States,Enterprise
CUST-109583,2024-06-19,Paid Ads,United States,Mid-Market
CUST-109584,2024-05-24,Email Campaign,United States,SMB
CUST-109585,2025-08-06,Social Media,Germany,Mid-Market
CUST-109586,2025-07-18,Email Campaign,United States,SMB
CUST-109587,2025-04-16,Organic Search,United Kingdom,SMB
CUST-109588,2024-04-12,Email Campaign,Germany,SMB
CUST-109589,2024-06-29,Paid Ads,United States,SMB
CUST-109590,2024-11-05,Paid Ads,Canada,SMB
CUST-109591,2025-06-13,outbound_sales,United States,SMB
CUST-109592,2024-10-24,Direct,United States,SMB
CUST-109593,2024-11-22,Paid Ads,United States,Mid-Market
CUST-109594,2025-11-15,Email Campaign,India,SMB
CUST-109595,2025-05-25,Email Campaign,United Kingdom,SMB
CUST-109596,2025-01-18,outbound_sales,India,SMB
CUST-109597,2025-06-25,Direct,Germany,Mid-Market
CUST-109598,2025-02-01,Referral,United Kingdom,Enterprise
CUST-109599,2024-05-24,Direct,United States,SMB
CUST-109600,2024-07-19,Organic Search,Canada,SMB
CUST-109601,2025-03-30,Referral,Australia,SMB
CUST-109602,2025-07-25,paid ads,United States,Enterprise
CUST-109603,2024-04-29,Referral,United States,SMB
CUST-109604,2024-05-03,Paid Ads,United States,Mid-Market
CUST-109605,2024-04-15,Paid Ads,United States,SMB
CUST-109606,2024-10-05,Organic Search,Germany,SMB
CUST-109607,2025-05-03,Paid Ads,United States,SMB
CUST-109608,2024-02-28,Referral,United States,SMB
CUST-109609,2024-03-04,Referral,United States,SMB
CUST-109610,2024-08-11,Paid Ads,Germany,SMB
CUST-109611,2024-07-09,Organic Search,France,SMB
CUST-109612,2025-03-13,Paid Ads,United States,Mid-Market
CUST-109613,2025-01-02,Referral,Germany,SMB
CUST-109614,2025-09-13,Paid Ads,Canada,SMB
CUST-109615,2025-06-08,Social Media,Canada,Mid-Market
CUST-109616,2024-12-08,Email Campaign,Germany,SMB
CUST-109617,2025-02-20,Organic Search,United States,SMB
CUST-109618,2025-04-17,Direct,Netherlands,SMB
CUST-109619,2025-10-14,Paid Ads,Canada,SMB
CUST-109620,2024-10-02,Social Media,India,SMB
CUST-109621,2025-09-22,Paid Ads,Canada,SMB
CUST-109622,2025-02-26,Organic Search,India,SMB
CUST-109623,2024-06-03,Paid Ads,United States,SMB
CUST-109624,2025-08-17,Organic Search,India,SMB
CUST-109625,2024-03-28,Paid Ads,United Kingdom,SMB
CUST-109626,2024-03-13,Paid Ads,United States,Mid-Market
CUST-109627,2025-08-16,Paid Ads,India,SMB
CUST-109628,2025-07-17,Social Media,United States,SMB
CUST-109629,2025-01-13,Organic Search,Germany,SMB
CUST-109630,2024-01-21,Organic Search,United States,SMB
CUST-109631,2024-08-25,Organic Search,United Kingdom,Enterprise
CUST-109632,2025-08-07,Direct,United Kingdom,SMB
CUST-109633,2025-08-19,Organic Search,Canada,SMB
CUST-109634,2024-04-10,Referral,United States,SMB
CUST-109635,2024-08-21,Paid Ads,India,SMB
CUST-109636,2024-10-05,Organic Search,Canada,SMB
CUST-109637,2025-07-31,Organic Search,United States,SMB
CUST-109638,2024-08-03,Referral,United States,SMB
CUST-109639,2024-03-06,Email Campaign,United States,SMB
CUST-109640,2025-04-01,Organic Search,United Kingdom,Mid-Market
CUST-109641,2024-11-25,Organic Search,United Kingdom,SMB
CUST-109642,2024-09-15,Referral,Australia,SMB
CUST-109643,2024-10-26,Paid Ads,France,SMB
CUST-109644,2025-01-26,Organic Search,United States,Enterprise
CUST-109645,2025-10-11,Referral,Australia,Mid-Market
CUST-109646,2024-12-16,Organic Search,Australia,SMB
CUST-109647,2024-07-23,Email Campaign,United Kingdom,SMB
CUST-109648,2024-04-30,Paid Ads,United States,Mid-Market
CUST-109649,2025-11-08,Direct,United States,SMB
CUST-109650,2025-10-16,Email Campaign,United States,Enterprise
CUST-109651,2024-05-01,outbound_sales,Germany,Mid-Market
CUST-109652,2024-07-18,Organic Search,Canada,Mid-Market
CUST-109653,2025-10-07,Organic Search,Canada,Mid-Market
CUST-109654,2024-04-23,Referral,India,Mid-Market
CUST-109655,2025-06-28,Organic Search,India,Mid-Market
CUST-109656,2025-11-12,Organic Search,United States,SMB
CUST-109657,2025-01-20,Paid Ads,Germany,SMB
CUST-109658,2025-11-08,Direct,United States,Mid-Market
CUST-109659,2024-06-06,Social Media,United States,SMB
CUST-109660,2025-02-12,outbound_sales,Germany,Enterprise
CUST-109661,2024-05-23,Email Campaign,Germany,SMB
CUST-109662,2024-11-20,Organic Search,United States,SMB
CUST-109663,2024-03-12,Referral,Germany,SMB
CUST-109664,2025-04-07,Email Campaign,United Kingdom,SMB
CUST-109665,2025-02-05,Organic Search,India,Mid-Market
CUST-109666,2024-09-25,outbound_sales,United States,SMB
CUST-109667,2024-12-19,Referral,United States,SMB
CUST-109668,2025-10-20,Organic Search,United States,Mid-Market
CUST-109669,2024-05-21,Paid Ads,United States,SMB
CUST-109670,2025-08-13,Social Media,Canada,Mid-Market
CUST-109671,2025-01-27,Direct,United Kingdom,SMB
CUST-109672,2024-07-07,Paid Ads,Netherlands,SMB
CUST-109673,2024-10-29,Referral,United States,SMB
CUST-109674,2025-02-02,Paid Ads,Germany,Mid-Market
CUST-109675,2025-07-24,Paid Ads,United States,SMB
CUST-109676,2024-03-16,Organic Search,France,Enterprise
CUST-109677,2025-11-27,Paid Ads,United States,Mid-Market
CUST-109678,2024-11-13,Paid Ads,United States,SMB
CUST-109679,2024-04-17,Email Campaign,India,SMB
CUST-109680,2024-01-15,outbound_sales,Germany,SMB
CUST-109681,2025-04-07,Paid Ads,Germany,SMB
CUST-109682,2024-09-14,Email Campaign,Germany,Enterprise
CUST-109683,2025-08-10,organic search,Netherlands,SMB
CUST-109684,2024-10-07,Organic Search,United States,SMB
CUST-109685,2024-03-10,Organic Search,United States,Mid-Market
CUST-109686,2024-06-25,Referral,India,SMB
CUST-109687,2024-04-27,Organic Search,United States,SMB
CUST-109688,2025-09-13,Paid Ads,France,Mid-Market
CUST-109689,2024-01-24,Email Campaign,United States,SMB
CUST-109690,2025-03-23,Direct,Germany,SMB
CUST-109691,2025-05-15,Paid Ads,United States,Mid-Market
CUST-109692,2025-01-08,Referral,Canada,SMB
CUST-109693,2025-01-11,outbound_sales,France,SMB
CUST-109694,2024-06-24,referral,Canada,Mid-Market
CUST-109695,2025-08-03,Paid Ads,United States,Mid-Market
CUST-109696,2024-08-01,Email Campaign,United Kingdom,SMB
CUST-109697,2025-07-22,Social Media,Netherlands,SMB
CUST-109698,2024-10-26,Email Campaign,United States,SMB
CUST-109699,2025-05-24,Paid Ads,Germany,Mid-Market
CUST-109700,2025-05-23,Paid Ads,United States,SMB
CUST-109701,2025-01-09,Social Media,United States,SMB
CUST-109702,2025-08-18,Paid Ads,United States,SMB
CUST-109703,2025-08-22,Referral,United States,SMB
CUST-109704,2024-12-05,Paid Ads,United Kingdom,SMB
CUST-109705,2024-09-25,Paid Ads,Germany,SMB
CUST-109706,2025-07-12,Organic Search,Canada,Mid-Market
CUST-109707,2024-01-07,Email Campaign,Germany,SMB
CUST-109708,2024-07-06,Paid Ads,United States,SMB
CUST-109709,2025-04-20,Paid Ads,India,SMB
CUST-109710,2025-10-16,Referral,United States,SMB
CUST-109711,2024-08-17,Referral,United States,Mid-Market
CUST-109712,2024-09-28,Email Campaign,United States,Enterprise
CUST-109713,2025-05-19,Paid Ads,United States,Mid-Market
CUST-109714,2024-10-27,Paid Ads,United States,Mid-Market
CUST-109715,2024-11-18,Referral,United States,SMB
CUST-109716,2025-01-13,Email Campaign,United Kingdom,SMB
CUST-109717,2024-11-16,Organic Search,Germany,Mid-Market
CUST-109718,2025-11-07,Paid Ads,Germany,Mid-Market
CUST-109719,2024-03-09,Paid Ads,United States,Enterprise
CUST-109720,2025-10-22,Referral,Canada,SMB
CUST-109721,2025-04-29,referral,United States,SMB
CUST-109722,2024-02-15,Organic Search,United States,Mid-Market
CUST-109723,2025-04-13,Organic Search,United States,SMB
CUST-109724,2025-03-09,Organic Search,United Kingdom,SMB
CUST-109725,2024-04-08,Social Media,United States,Mid-Market
CUST-109726,2024-11-25,Referral,United States,Mid-Market
CUST-109727,2025-04-08,Direct,Netherlands,SMB
CUST-109728,2025-01-05,Referral,United States,SMB
CUST-109729,2025-11-19,outbound_sales,United States,Mid-Market
CUST-109730,2024-01-17,Email Campaign,United States,Mid-Market
CUST-109731,2024-04-01,Direct,United States,SMB
CUST-109732,2024-11-24,Paid Ads,United States,SMB
CUST-109733,2024-11-28,Paid Ads,Canada,SMB
CUST-109734,2024-05-03,Referral,United Kingdom,SMB
CUST-109735,2025-04-22,outbound_sales,Netherlands,Mid-Market
CUST-109736,2025-08-16,outbound_sales,Germany,SMB
CUST-109737,2025-02-15,Organic Search,Germany,SMB
CUST-109738,2025-01-08,Direct,United States,SMB
CUST-109739,2025-07-23,Organic Search,India,SMB
CUST-109740,2025-01-03,Referral,United States,Enterprise
CUST-109741,2024-03-04,Email Campaign,Germany,Mid-Market
CUST-109742,2025-03-01,Referral,Germany,Mid-Market
CUST-109743,2025-11-19,Referral,United States,SMB
CUST-109744,2025-06-20,referral,United Kingdom,SMB
CUST-109745,2024-08-18,Paid Ads,United States,SMB
CUST-109746,2024-09-22,Paid Ads,Germany,Mid-Market
CUST-109747,2024-12-08,Social Media,United Kingdom,Mid-Market
CUST-109748,2024-07-18,Referral,France,Mid-Market
CUST-109749,2025-05-03,Paid Ads,India,Mid-Market
CUST-109750,2024-03-28,Organic Search,United Kingdom,SMB
CUST-109751,2025-05-24,Direct,United States,SMB
CUST-109752,2025-11-09,Email Campaign,Canada,SMB
CUST-109753,2024-08-27,Email Campaign,Germany,Mid-Market
CUST-109754,2024-08-01,Organic Search,United States,SMB
CUST-109755,2025-03-28,Organic Search,United Kingdom,Mid-Market
CUST-109756,2025-05-16,Paid Ads,Canada,SMB
CUST-109757,2025-06-06,Paid Ads,India,SMB
CUST-109758,2024-03-11,Organic Search,France,SMB
CUST-109759,2025-06-03,Social Media,United States,SMB
CUST-109760,2024-10-27,Referral,Canada,Mid-Market
CUST-109761,2025-05-17,Paid Ads,Australia,SMB
CUST-109762,2024-09-18,referral,United Kingdom,Mid-Market
CUST-109763,2024-10-24,outbound_sales,Germany,SMB
CUST-109764,2024-01-18,Organic Search,Canada,SMB
CUST-109765,2024-06-17,Organic Search,Canada,SMB
CUST-109766,2025-07-06,Direct,Germany,Enterprise
CUST-109767,2025-10-03,Email Campaign,United States,SMB
CUST-109768,2024-09-20,Organic Search,Netherlands,Enterprise
CUST-109769,2025-11-14,Paid Ads,United States,Mid-Market
CUST-109770,2025-05-24,Organic Search,United States,SMB
CUST-109771,2025-02-22,Paid Ads,Canada,SMB
CUST-109772,2024-12-08,Direct,Germany,Enterprise
CUST-109773,2025-03-04,Referral,Netherlands,SMB
CUST-109774,2025-01-29,Social Media,United States,SMB
CUST-109775,2025-06-10,organic search,United States,SMB
CUST-109776,2025-11-03,Paid Ads,United States,SMB
CUST-109777,2024-08-06,Paid Ads,India,SMB
CUST-109778,2024-09-08,Direct,United States,SMB
CUST-109779,2024-09-02,Paid Ads,France,SMB
CUST-109780,2025-08-16,Paid Ads,Germany,Mid-Market
CUST-109781,2025-06-23,Paid Ads,France,Enterprise
CUST-109782,2024-10-05,Referral,Canada,SMB
CUST-109783,2024-05-24,Paid Ads,United Kingdom,SMB
CUST-109784,2024-02-26,Paid Ads,United States,Mid-Market
CUST-109785,2025-11-26,Organic Search,India,SMB
CUST-109786,2025-08-23,Organic Search,United States,SMB
CUST-109787,2024-10-17,Paid Ads,United States,Mid-Market
CUST-109788,2024-11-12,Paid Ads,India,Mid-Market
CUST-109789,2024-05-17,Email Campaign,United Kingdom,SMB
CUST-109790,2025-02-07,Paid Ads,United States,SMB
CUST-109791,2024-08-22,Direct,United States,Enterprise
CUST-109792,2025-07-25,Paid Ads,United States,Enterprise
CUST-109793,2025-03-23,Email Campaign,Germany,SMB
CUST-109794,2024-08-12,Referral,United Kingdom,SMB
CUST-109795,2025-03-27,Email Campaign,Netherlands,SMB
CUST-109796,2024-09-20,Organic Search,Netherlands,Enterprise
CUST-109797,2024-01-02,Email Campaign,India,Mid-Market
CUST-109798,2024-04-10,Organic Search,United Kingdom,SMB
CUST-109799,2025-04-11,Social Media,United States,SMB
CUST-109800,2025-05-09,Paid Ads,India,SMB
CUST-109801,2025-03-15,Organic Search,United States,Enterprise
CUST-109802,2025-11-10,Referral,Australia,Enterprise
CUST-109803,2025-01-16,Organic Search,Netherlands,SMB
CUST-109804,2024-07-12,outbound_sales,United Kingdom,SMB
CUST-109805,2024-07-02,outbound_sales,France,SMB
CUST-109806,2025-09-10,Paid Ads,Netherlands,Mid-Market
CUST-109807,2024-03-03,Referral,United States,SMB
CUST-109808,2025-08-15,Paid Ads,Canada,SMB
CUST-109809,2024-04-12,Email Campaign,Germany,SMB
CUST-109810,2025-05-23,Direct,Canada,SMB
CUST-109811,2025-10-19,Organic Search,United States,SMB
CUST-109812,2025-11-02,Direct,United States,SMB
CUST-109813,2024-07-11,Paid Ads,Germany,Mid-Market
CUST-109814,2025-03-31,Organic Search,United States,SMB
CUST-109815,2025-08-01,Referral,United States,SMB
CUST-109816,2024-07-19,direct,Netherlands,Mid-Market
CUST-109817,2024-01-26,Referral,United States,Mid-Market
CUST-109818,2024-08-18,Organic Search,United States,SMB
CUST-109819,2024-01-04,Referral,Germany,Mid-Market
CUST-109820,2024-06-23,Paid Ads,United Kingdom,SMB
CUST-109821,2024-01-30,Social Media,United States,SMB
CUST-109822,2024-06-20,Paid Ads,Germany,SMB
CUST-109823,2025-09-06,outbound_sales,United States,SMB
CUST-109824,2025-05-30,Direct,Germany,SMB
CUST-109825,2024-10-14,paid ads,Germany,SMB
CUST-109826,2025-01-28,Referral,Germany,SMB
CUST-109827,2025-07-07,Organic Search,United States,Mid-Market
CUST-109828,2025-06-02,Referral,United States,SMB
CUST-109829,2024-02-27,Social Media,Australia,SMB
CUST-109830,2024-10-30,outbound_sales,Canada,SMB
CUST-109831,2024-04-29,Referral,United States,SMB
CUST-109832,2025-04-27,Paid Ads,United States,SMB
CUST-109833,2025-02-24,Email Campaign,United States,Mid-Market
CUST-109834,2025-05-01,outbound_sales,United States,SMB
CUST-109835,2025-10-16,Direct,United States,Mid-Market
CUST-109836,2025-01-09,Paid Ads,India,SMB
CUST-109837,2024-06-29,Organic Search,Germany,SMB
CUST-109838,2025-02-20,Organic Search,India,Enterprise
CUST-109839,2024-04-25,organic search,Germany,SMB
CUST-109840,2024-07-29,Social Media,Canada,SMB
CUST-109841,2024-08-26,Paid Ads,United States,SMB
CUST-109842,2024-10-28,Referral,France,Mid-Market
CUST-109843,2024-06-05,Referral,United States,Mid-Market
CUST-109844,2024-12-10,Social Media,Canada,Mid-Market
CUST-109845,2024-08-15,Direct,United Kingdom,SMB
CUST-109846,2025-09-01,Social Media,United States,SMB
CUST-109847,2024-10-15,Organic Search,France,SMB
CUST-109848,2024-09-18,Paid Ads,United Kingdom,SMB
CUST-109849,2024-06-20,Paid Ads,Germany,SMB
CUST-109850,2025-10-21,Paid Ads,United States,Mid-Market
CUST-109851,2024-12-09,Social Media,Canada,SMB
CUST-109852,2024-02-14,Paid Ads,Canada,SMB
CUST-109853,2025-01-10,Paid Ads,United Kingdom,SMB
CUST-109854,2025-05-08,Organic Search,India,Enterprise
CUST-109855,2024-02-10,Email Campaign,United States,Mid-Market
CUST-109856,2025-09-29,Paid Ads,France,SMB
CUST-109857,2024-05-05,Paid Ads,India,SMB
CUST-109858,2025-09-09,Paid Ads,France,SMB
CUST-109859,2025-11-29,Paid Ads,India,SMB
CUST-109860,2024-01-24,Referral,United States,Mid-Market
CUST-109861,2024-03-03,Email Campaign,United States,SMB
CUST-109862,2025-06-08,Organic Search,United Kingdom,Mid-Market
CUST-109863,2025-05-29,Referral,France,SMB
CUST-109864,2025-10-10,Referral,United States,SMB
CUST-109865,2025-05-09,Paid Ads,United States,SMB
CUST-109866,2025-08-17,Referral,United States,Mid-Market
CUST-109867,2025-01-28,Referral,India,SMB
CUST-109868,2025-08-22,outbound_sales,Australia,SMB
CUST-109869,2025-04-08,Paid Ads,Germany,SMB
CUST-109870,2024-07-04,Email Campaign,United States,Mid-Market
CUST-109871,2025-06-26,Organic Search,India,Enterprise
CUST-109872,2025-09-01,Paid Ads,United States,Mid-Market
CUST-109873,2024-08-15,Referral,India,Mid-Market
CUST-109874,2024-03-13,Referral,Germany,SMB
CUST-109875,2024-12-10,Organic Search,United Kingdom,SMB
CUST-109876,2024-05-30,Email Campaign,Germany,Mid-Market
CUST-109877,2025-10-18,Paid Ads,United States,Mid-Market
CUST-109878,2025-05-12,Paid Ads,United States,SMB
CUST-109879,2025-07-30,Email Campaign,United States,SMB
CUST-109880,2024-03-07,Paid Ads,India,SMB
CUST-109881,2025-09-28,Social Media,United States,SMB
CUST-109882,2024-10-22,Organic Search,United States,SMB
CUST-109883,2024-01-15,Paid Ads,Canada,SMB
CUST-109884,2025-06-20,Direct,United States,SMB
CUST-109885,2024-03-20,Direct,Australia,Mid-Market
CUST-109886,2025-05-11,Organic Search,United Kingdom,SMB
CUST-109887,2025-04-14,Referral,United Kingdom,SMB
CUST-109888,2025-05-02,Organic Search,Germany,Enterprise
CUST-109889,2024-05-26,Paid Ads,Germany,SMB
CUST-109890,2024-02-18,Organic Search,United States,SMB
CUST-109891,2025-10-29,Direct,United Kingdom,SMB
CUST-109892,2025-04-18,Organic Search,United Kingdom,SMB
CUST-109893,2025-02-11,Paid Ads,India,SMB
CUST-109894,2024-01-04,Paid Ads,United States,SMB
CUST-109895,2024-01-07,Paid Ads,India,SMB
CUST-109896,2024-05-23,Organic Search,United States,Mid-Market
CUST-109897,2024-08-11,Direct,France,SMB
CUST-109898,2024-02-06,Organic Search,Netherlands,SMB
CUST-109899,2025-07-13,Social Media,Canada,SMB
CUST-109900,2025-08-25,Organic Search,Canada,Enterprise
CUST-109901,2025-06-14,Social Media,India,SMB
CUST-109902,2024-10-15,Referral,United States,Mid-Market
CUST-109903,2025-03-11,Organic Search,United States,SMB
CUST-109904,2024-04-24,Referral,United States,SMB
CUST-109905,2025-08-27,Social Media,United Kingdom,SMB
CUST-109906,2024-05-29,Organic Search,Australia,SMB
CUST-109907,2024-06-08,Direct,United States,SMB
CUST-109908,2025-02-03,Paid Ads,United States,SMB
CUST-109909,2024-06-09,Social Media,United States,SMB
CUST-109910,2024-05-25,Social Media,India,SMB
CUST-109911,2024-12-05,Email Campaign,France,SMB
CUST-109912,2024-01-03,outbound_sales,United States,SMB
CUST-109913,2024-05-21,Paid Ads,United States,SMB
CUST-109914,2025-11-06,Paid Ads,United States,SMB
CUST-109915,2024-05-07,Direct,Netherlands,SMB
CUST-109916,2025-02-14,Organic Search,United States,Mid-Market
CUST-109917,2024-08-28,Organic Search,United Kingdom,SMB
CUST-109918,2025-04-18,Paid Ads,United Kingdom,SMB
CUST-109919,2025-05-15,Referral,United Kingdom,SMB
CUST-109920,2024-11-02,Referral,United States,Mid-Market
CUST-109921,2025-03-03,Paid Ads,United Kingdom,Mid-Market
CUST-109922,2025-01-22,Organic Search,United States,Mid-Market
CUST-109923,2025-03-20,Social Media,United States,SMB
CUST-109924,2025-10-14,Organic Search,India,SMB
CUST-109925,2024-10-31,Direct,Germany,Mid-Market
CUST-109926,2024-11-24,Referral,India,Mid-Market
CUST-109927,2024-12-18,Paid Ads,Canada,SMB
CUST-109928,2025-10-10,Paid Ads,United States,SMB
CUST-109929,2025-08-18,Organic Search,India,SMB
CUST-109930,2024-08-08,Organic Search,Canada,SMB
CUST-109931,2025-01-21,Paid Ads,United States,Mid-Market
CUST-109932,2024-10-23,Organic Search,India,Mid-Market
CUST-109933,2024-10-23,outbound_sales,Germany,SMB
CUST-109934,2024-03-01,Organic Search,Canada,Mid-Market
CUST-109935,2024-04-12,Direct,United States,SMB
CUST-109936,2025-07-30,Paid Ads,Australia,SMB
CUST-109937,2024-06-25,outbound_sales,United States,Enterprise
CUST-109938,2024-12-06,Email Campaign,United States,SMB
CUST-109939,2024-06-14,outbound_sales,Canada,SMB
CUST-109940,2025-03-01,Direct,Canada,Mid-Market
CUST-109941,2025-10-11,Organic Search,United States,Mid-Market
CUST-109942,2025-09-21,Referral,United States,SMB
CUST-109943,2025-10-16,Paid Ads,India,SMB
CUST-109944,2025-04-12,Paid Ads,United States,Enterprise
CUST-109945,2024-04-27,Social Media,United States,Mid-Market
CUST-109946,2025-01-24,Direct,United States,SMB
CUST-109947,2024-06-13,Referral,United States,SMB
CUST-109948,2025-02-18,Paid Ads,United Kingdom,SMB
CUST-109949,2025-09-06,Paid Ads,Germany,SMB
CUST-109950,2025-09-12,Email Campaign,Canada,SMB
CUST-109951,2024-03-06,Organic Search,France,SMB
CUST-109952,2024-02-01,referral,India,SMB
CUST-109953,2024-05-22,Paid Ads,United States,Mid-Market
CUST-109954,2024-12-09,Paid Ads,United States,SMB
CUST-109955,2024-07-12,Referral,India,SMB
CUST-109956,2024-07-21,Social Media,Australia,Mid-Market
CUST-109957,2024-08-19,Email Campaign,United States,SMB
CUST-109958,2024-03-03,Paid Ads,United States,SMB
CUST-109959,2025-05-02,outbound_sales,United States,SMB
CUST-109960,2024-07-09,Paid Ads,Australia,SMB
CUST-109961,2025-01-20,Referral,India,Mid-Market
CUST-109962,2024-10-15,Social Media,United Kingdom,SMB
CUST-109963,2025-06-02,Direct,United States,SMB
CUST-109964,2024-05-17,Email Campaign,Canada,Mid-Market
CUST-109965,2024-02-22,Paid Ads,United States,SMB
CUST-109966,2025-08-20,Paid Ads,Australia,SMB
CUST-109967,2025-08-26,Paid Ads,India,Mid-Market
CUST-109968,2025-09-13,Paid Ads,United Kingdom,Enterprise
CUST-109969,2024-07-10,Social Media,United States,SMB
CUST-109970,2025-10-28,Social Media,United States,SMB
CUST-109971,2025-10-13,Referral,United States,SMB
CUST-109972,2025-04-29,Paid Ads,United States,SMB
CUST-109973,2025-10-26,Organic Search,United States,Mid-Market
CUST-109974,2025-01-28,Social Media,Netherlands,SMB
CUST-109975,2024-08-08,Organic Search,United States,SMB
CUST-109976,2024-01-09,Organic Search,Germany,Mid-Market
CUST-109977,2024-12-25,Social Media,Germany,Mid-Market
CUST-109978,2025-10-16,Paid Ads,Germany,SMB
CUST-109979,2025-11-15,Email Campaign,United States,Mid-Market
CUST-109980,2025-01-05,Referral,India,Mid-Market
CUST-109981,2024-04-07,Email Campaign,United States,SMB
CUST-109982,2024-08-31,Referral,United States,SMB
CUST-109983,2024-10-28,Direct,Germany,SMB
CUST-109984,2025-03-15,Referral,United States,SMB
CUST-109985,2025-05-02,Organic Search,France,SMB
CUST-109986,2025-09-15,Organic Search,Australia,Mid-Market
CUST-109987,2024-03-26,Social Media,Australia,Mid-Market
CUST-109988,2024-06-27,Paid Ads,United States,Enterprise
CUST-109989,2025-03-10,Email Campaign,United States,Mid-Market
CUST-109990,2025-03-16,Organic Search,United States,SMB
CUST-109991,2025-07-16,Paid Ads,United Kingdom,Mid-Market
CUST-109992,2024-10-27,Organic Search,Germany,SMB
CUST-109993,2024-08-15,Paid Ads,United Kingdom,SMB
CUST-109994,2025-03-26,Direct,Canada,SMB
CUST-109995,2025-01-19,Referral,United States,Enterprise
CUST-109996,2025-07-13,Paid Ads,India,SMB
CUST-109997,2024-10-08,Paid Ads,United Kingdom,Mid-Market
CUST-109998,2024-04-11,Email Campaign,United States,SMB
CUST-109999,2025-07-08,Paid Ads,Netherlands,SMB
CUST-110000,2024-05-08,Organic Search,United States,Mid-Market
CUST-110001,2024-01-11,Email Campaign,Canada,SMB
CUST-110002,2025-01-13,Email Campaign,United Kingdom,Mid-Market
CUST-110003,2025-11-05,Organic Search,India,SMB
CUST-110004,2024-03-04,Direct,Canada,SMB
CUST-110005,2025-03-24,Organic Search,Germany,SMB
CUST-110006,2024-10-04,Paid Ads,India,SMB
CUST-110007,2024-10-26,Email Campaign,India,Mid-Market
CUST-110008,2025-05-15,Paid Ads,United States,SMB
CUST-110009,2025-03-06,Direct,Canada,Mid-Market
CUST-110010,2025-05-28,Organic Search,United States,SMB
CUST-110011,2025-01-10,Organic Search,Canada,Mid-Market
CUST-110012,2024-07-20,Organic Search,United Kingdom,SMB
CUST-110013,2025-01-23,Paid Ads,United States,Enterprise
CUST-110014,2024-12-10,Organic Search,Canada,SMB
CUST-110015,2025-01-30,Referral,Germany,SMB
CUST-110016,2024-05-31,Paid Ads,France,SMB
CUST-110017,2025-01-16,Paid Ads,India,SMB
CUST-110018,2024-09-17,Paid Ads,India,SMB
CUST-110019,2024-07-03,Referral,United States,Mid-Market
CUST-110020,2025-08-05,Paid Ads,United States,Mid-Market
CUST-110021,2025-02-01,Organic Search,United States,SMB
CUST-110022,2024-06-08,Organic Search,United Kingdom,SMB
CUST-110023,2025-06-27,Direct,United States,SMB
CUST-110024,2025-10-08,Referral,United Kingdom,SMB
CUST-110025,2025-08-12,Direct,United Kingdom,Mid-Market
CUST-110026,2025-07-01,Paid Ads,Germany,SMB
CUST-110027,2024-04-09,Direct,France,SMB
CUST-110028,2025-03-07,Email Campaign,United States,SMB
CUST-110029,2025-03-26,Email Campaign,United States,SMB
CUST-110030,2024-11-09,Referral,United States,SMB
CUST-110031,2024-08-18,Organic Search,United States,Mid-Market
CUST-110032,2025-03-22,Paid Ads,Canada,SMB
CUST-110033,2024-03-20,Organic Search,India,Mid-Market
CUST-110034,2024-10-23,Referral,United States,SMB
CUST-110035,2025-05-15,Referral,United Kingdom,SMB
CUST-110036,2024-12-16,Referral,France,SMB
CUST-110037,2024-04-05,Direct,Australia,SMB
CUST-110038,2025-03-10,Referral,United States,SMB
CUST-110039,2025-04-11,Organic Search,United States,SMB
CUST-110040,2024-07-17,Paid Ads,United Kingdom,Mid-Market
CUST-110041,2024-07-18,Paid Ads,United States,SMB
CUST-110042,2024-10-17,Paid Ads,Canada,SMB
CUST-110043,2025-10-11,outbound_sales,United Kingdom,SMB
CUST-110044,2024-10-29,Paid Ads,United States,Mid-Market
CUST-110045,2024-04-27,Paid Ads,Australia,Enterprise
CUST-110046,2025-07-25,Referral,United States,SMB
CUST-110047,2024-11-29,Paid Ads,France,Enterprise
CUST-110048,2024-02-10,Direct,United States,SMB
CUST-110049,2024-03-08,Organic Search,Canada,SMB
CUST-110050,2025-11-09,Paid Ads,Germany,SMB
CUST-110051,2024-08-12,Referral,Canada,SMB
CUST-110052,2024-03-21,Organic Search,United States,SMB
CUST-110053,2025-06-15,Direct,France,Mid-Market
CUST-110054,2024-03-30,Organic Search,United States,SMB
CUST-110055,2025-09-17,Email Campaign,Netherlands,SMB
CUST-110056,2025-01-26,Paid Ads,Canada,Enterprise
CUST-110057,2025-03-07,Direct,Germany,Mid-Market
CUST-110058,2024-08-26,Organic Search,United States,Mid-Market
CUST-110059,2024-09-19,Paid Ads,United States,Mid-Market
CUST-110060,2025-12-01,Referral,United States,SMB
CUST-110061,2024-04-24,paid ads,Netherlands,SMB
CUST-110062,2025-11-18,Social Media,United States,SMB
CUST-110063,2025-06-07,Organic Search,Canada,SMB
CUST-110064,2024-07-21,Email Campaign,France,Mid-Market
CUST-110065,2024-08-04,Organic Search,United States,SMB
CUST-110066,2025-03-22,Email Campaign,United States,Enterprise
CUST-110067,2025-05-01,Paid Ads,United Kingdom,Mid-Market
CUST-110068,2025-04-23,Paid Ads,United Kingdom,SMB
CUST-110069,2025-10-02,Email Campaign,United Kingdom,Mid-Market
CUST-110070,2025-08-17,Paid Ads,United States,Mid-Market
CUST-110071,2025-09-08,Direct,United States,SMB
CUST-110072,2025-01-19,Referral,Australia,SMB
CUST-110073,2025-08-07,Direct,United States,SMB
CUST-110074,2024-07-28,Social Media,Canada,Mid-Market
CUST-110075,2025-02-05,Paid Ads,United Kingdom,Enterprise
CUST-110076,2025-08-08,Paid Ads,United States,SMB
CUST-110077,2025-01-29,Social Media,United States,SMB
CUST-110078,2024-11-20,Social Media,United States,SMB
CUST-110079,2024-02-10,Email Campaign,Netherlands,SMB
CUST-110080,2024-08-16,Organic Search,United States,SMB
CUST-110081,2025-05-02,Paid Ads,United States,Enterprise
CUST-110082,2025-03-03,Direct,United States,SMB
CUST-110083,2025-10-09,Referral,United States,Mid-Market
CUST-110084,2024-11-04,Email Campaign,United States,Enterprise
CUST-110085,2025-02-11,Organic Search,Germany,SMB
CUST-110086,2025-01-20,Organic Search,France,Enterprise
CUST-110087,2024-11-03,Referral,United States,SMB
CUST-110088,2024-08-20,outbound_sales,United States,Mid-Market
CUST-110089,2025-06-08,Referral,Germany,SMB
CUST-110090,2025-10-18,Referral,Germany,Mid-Market
CUST-110091,2024-03-08,Organic Search,Netherlands,SMB
CUST-110092,2024-12-05,Referral,United States,SMB
CUST-110093,2024-06-28,Paid Ads,Netherlands,SMB
CUST-110094,2024-09-14,Organic Search,United States,SMB
CUST-110095,2024-03-20,Organic Search,India,SMB
CUST-110096,2025-10-03,Paid Ads,India,SMB
CUST-110097,2025-02-06,Organic Search,United States,SMB
CUST-110098,2025-09-12,Direct,Germany,Mid-Market
CUST-110099,2024-05-24,outbound_sales,Germany,SMB
CUST-110100,2024-04-16,Paid Ads,United Kingdom,SMB
CUST-110101,2024-03-23,Email Campaign,Australia,Enterprise
CUST-110102,2024-01-21,Email Campaign,United Kingdom,SMB
CUST-110103,2024-08-18,Organic Search,Germany,Mid-Market
CUST-110104,2024-10-08,Referral,India,SMB
CUST-110105,2025-10-21,outbound_sales,United States,SMB
CUST-110106,2025-05-07,Organic Search,United States,SMB
CUST-110107,2025-06-28,Social Media,United Kingdom,SMB
CUST-110108,2024-08-07,Paid Ads,United States,Mid-Market
CUST-110109,2025-11-23,Direct,United Kingdom,SMB
CUST-110110,2025-08-07,outbound_sales,India,Mid-Market
CUST-110111,2024-03-29,Paid Ads,Canada,SMB
CUST-110112,2025-05-16,Referral,United States,SMB
CUST-110113,2025-03-10,Email Campaign,Canada,SMB
CUST-110114,2025-06-01,outbound_sales,United States,SMB
CUST-110115,2024-01-11,Organic Search,United Kingdom,SMB
CUST-110116,2025-03-06,outbound_sales,Netherlands,SMB
CUST-110117,2025-07-31,Paid Ads,Germany,Mid-Market
CUST-110118,2025-02-28,Referral,Canada,Mid-Market
CUST-110119,2025-06-07,Paid Ads,United States,Mid-Market
CUST-110120,2024-01-08,Organic Search,Germany,SMB
CUST-110121,2025-02-16,Paid Ads,United States,Mid-Market
CUST-110122,2025-01-16,outbound_sales,Canada,SMB
CUST-110123,2024-10-20,Paid Ads,Canada,Mid-Market
CUST-110124,2024-08-07,Organic Search,United States,Mid-Market
CUST-110125,2024-07-29,Organic Search,United Kingdom,SMB
CUST-110126,2024-12-20,outbound_sales,United States,SMB
CUST-110127,2025-03-07,Paid Ads,Canada,Mid-Market
CUST-110128,2024-01-04,Referral,India,SMB
CUST-110129,2025-10-24,Referral,United States,SMB
CUST-110130,2025-11-06,Social Media,United Kingdom,SMB
CUST-110131,2025-05-18,Paid Ads,United States,Enterprise
CUST-110132,2025-11-27,outbound_sales,United States,Enterprise
CUST-110133,2024-05-27,Paid Ads,United Kingdom,Mid-Market
CUST-110134,2025-03-14,Paid Ads,Germany,Mid-Market
CUST-110135,2025-09-09,Direct,Germany,SMB
CUST-110136,2025-10-17,Organic Search,India,Mid-Market
CUST-110137,2024-07-19,Email Campaign,United Kingdom,Mid-Market
CUST-110138,2024-08-03,Referral,India,SMB
CUST-110139,2024-06-02,Paid Ads,United States,SMB
CUST-110140,2025-03-20,outbound_sales,United States,Enterprise
CUST-110141,2024-05-25,Organic Search,United States,Mid-Market
CUST-110142,2025-10-08,Referral,United Kingdom,Enterprise
CUST-110143,2025-10-08,paid ads,United States,SMB
CUST-110144,2025-06-12,Paid Ads,Australia,SMB
CUST-110145,2024-08-01,Social Media,United States,Enterprise
CUST-110146,2024-12-25,Organic Search,United States,SMB
CUST-110147,2025-02-22,Referral,United Kingdom,SMB
CUST-110148,2025-04-05,Paid Ads,United Kingdom,Enterprise
CUST-110149,2025-07-05,Direct,Netherlands,Mid-Market
CUST-110150,2025-09-08,Paid Ads,United Kingdom,SMB
CUST-110151,2025-01-02,Referral,United Kingdom,Enterprise
CUST-110152,2025-08-10,Direct,United States,SMB
CUST-110153,2025-05-12,Paid Ads,Germany,SMB
CUST-110154,2025-02-01,Organic Search,Canada,SMB
CUST-110155,2025-07-23,Email Campaign,United Kingdom,SMB
CUST-110156,2025-07-03,Paid Ads,Germany,SMB
CUST-110157,2025-02-06,Organic Search,United States,SMB
CUST-110158,2025-01-08,outbound_sales,United States,SMB
CUST-110159,2025-09-05,Referral,United Kingdom,SMB
CUST-110160,2025-06-19,Paid Ads,United States,SMB
CUST-110161,2024-11-02,Direct,United Kingdom,Mid-Market
CUST-110162,2024-01-09,Organic Search,Germany,SMB
CUST-110163,2025-03-20,Direct,France,SMB
CUST-110164,2024-10-01,referral,Australia,SMB
CUST-110165,2024-11-30,Organic Search,United States,SMB
CUST-110166,2025-04-23,Email Campaign,United States,SMB
CUST-110167,2024-08-19,Direct,France,SMB
CUST-110168,2024-10-27,Referral,United States,Mid-Market
CUST-110169,2025-08-10,Referral,United Kingdom,SMB
CUST-110170,2025-03-15,Paid Ads,Australia,Mid-Market
CUST-110171,2024-11-27,Social Media,United States,SMB
CUST-110172,2024-01-12,Organic Search,Canada,Mid-Market
CUST-110173,2025-05-02,Direct,India,Enterprise
CUST-110174,2025-03-23,email campaign,United States,SMB
CUST-110175,2024-11-22,Organic Search,United States,Mid-Market
CUST-110176,2025-08-31,Referral,United States,SMB
CUST-110177,2024-03-13,Organic Search,France,SMB
CUST-110178,2024-01-07,Organic Search,United States,Mid-Market
CUST-110179,2025-12-01,Organic Search,United States,SMB
CUST-110180,2025-08-05,Organic Search,Germany,Mid-Market
CUST-110181,2024-09-21,Paid Ads,United States,SMB
CUST-110182,2024-07-04,Organic Search,United States,Enterprise
CUST-110183,2024-11-12,Paid Ads,United States,SMB
CUST-110184,2025-08-11,Paid Ads,United States,SMB
CUST-110185,2024-07-22,Organic Search,United States,SMB
CUST-110186,2025-08-20,Paid Ads,Australia,SMB
CUST-110187,2025-11-06,Referral,United Kingdom,SMB
CUST-110188,2025-03-17,Direct,United States,Enterprise
CUST-110189,2024-03-06,Direct,United Kingdom,SMB
CUST-110190,2025-05-29,Referral,United States,Mid-Market
CUST-110191,2025-01-19,Referral,Germany,Mid-Market
CUST-110192,2024-10-09,Paid Ads,United Kingdom,Mid-Market
CUST-110193,2025-08-19,Referral,Germany,SMB
CUST-110194,2025-08-13,outbound_sales,United States,Mid-Market
CUST-110195,2024-10-20,Organic Search,United States,SMB
CUST-110196,2025-01-27,Direct,United Kingdom,SMB
CUST-110197,2024-04-08,Organic Search,United States,SMB
CUST-110198,2024-12-28,Email Campaign,United Kingdom,SMB
CUST-110199,2025-07-18,organic search,Netherlands,SMB
CUST-110200,2024-09-04,Referral,France,SMB
CUST-110201,2025-04-15,Organic Search,Canada,Enterprise
CUST-110202,2024-02-22,Email Campaign,United States,SMB
CUST-110203,2025-04-28,organic search,United States,SMB
CUST-110204,2024-02-18,Direct,United States,SMB
CUST-110205,2024-11-12,paid ads,United States,SMB
CUST-110206,2024-04-09,Organic Search,Australia,Mid-Market
CUST-110207,2024-08-14,Social Media,United States,SMB
CUST-110208,2025-01-20,Paid Ads,United States,Enterprise
CUST-110209,2024-12-23,Referral,India,Mid-Market
CUST-110210,2025-04-13,Paid Ads,United Kingdom,Mid-Market
CUST-110211,2025-05-02,Referral,Netherlands,SMB
CUST-110212,2024-11-11,Paid Ads,United States,SMB
CUST-110213,2025-08-30,Organic Search,United States,Mid-Market
CUST-110214,2025-08-03,email campaign,France,Mid-Market
CUST-110215,2024-05-07,Organic Search,United Kingdom,Enterprise
CUST-110216,2024-03-13,Social Media,Canada,SMB
CUST-110217,2025-10-29,Organic Search,United States,SMB
CUST-110218,2024-02-20,Organic Search,Germany,Mid-Market
CUST-110219,2025-05-11,Paid Ads,Netherlands,Enterprise
CUST-110220,2024-08-12,Social Media,Canada,SMB
CUST-110221,2025-07-04,Organic Search,Netherlands,SMB
CUST-110222,2025-05-17,Referral,Canada,SMB
CUST-110223,2024-08-10,Direct,Canada,SMB
CUST-110224,2025-10-10,Organic Search,United States,SMB
CUST-110225,2025-07-19,Paid Ads,Canada,SMB
CUST-110226,2024-12-07,Social Media,United States,SMB
CUST-110227,2025-07-23,Referral,United States,Mid-Market
CUST-110228,2025-07-11,Organic Search,United Kingdom,SMB
CUST-110229,2024-04-04,Direct,United States,Mid-Market
CUST-110230,2024-12-07,Paid Ads,United States,SMB
CUST-110231,2025-04-09,Referral,Australia,Mid-Market
CUST-110232,2024-04-19,Email Campaign,Australia,Enterprise
CUST-110233,2024-04-27,Paid Ads,Canada,SMB
CUST-110234,2024-04-26,Social Media,United States,SMB
CUST-110235,2025-11-04,referral,United States,SMB
CUST-110236,2025-02-20,Social Media,United States,SMB
CUST-110237,2025-03-14,Referral,United States,Mid-Market
CUST-110238,2024-12-06,Organic Search,Australia,Mid-Market
CUST-110239,2025-05-23,Paid Ads,United States,SMB
CUST-110240,2025-09-05,Organic Search,Germany,SMB
CUST-110241,2024-05-15,Organic Search,India,SMB
CUST-110242,2024-07-07,Paid Ads,Netherlands,SMB
CUST-110243,2025-10-23,Organic Search,Germany,SMB
CUST-110244,2024-06-13,Referral,United States,SMB
CUST-110245,2024-03-02,Referral,Canada,SMB
CUST-110246,2024-03-25,Referral,United States,Enterprise
CUST-110247,2024-04-26,Direct,France,Mid-Market
CUST-110248,2025-06-02,Paid Ads,United States,SMB
CUST-110249,2025-08-14,Email Campaign,United Kingdom,Mid-Market
CUST-110250,2025-09-27,Direct,Canada,SMB
CUST-110251,2025-09-16,Email Campaign,India,SMB
CUST-110252,2024-12-20,Paid Ads,United States,Enterprise
CUST-110253,2024-10-06,Referral,United States,SMB
CUST-110254,2025-11-28,Email Campaign,United States,SMB
CUST-110255,2024-10-07,Organic Search,United Kingdom,SMB
CUST-110256,2025-10-05,Paid Ads,Canada,SMB
CUST-110257,2025-05-11,Referral,India,SMB
CUST-110258,2024-09-05,Email Campaign,United States,SMB
CUST-110259,2024-02-08,Referral,United States,SMB
CUST-110260,2025-11-09,Organic Search,United States,Enterprise
CUST-110261,2025-03-18,Organic Search,United Kingdom,SMB
CUST-110262,2024-03-30,Referral,United States,Mid-Market
CUST-110263,2024-09-14,Referral,United States,SMB
CUST-110264,2024-09-08,paid ads,Netherlands,Mid-Market
CUST-110265,2025-01-03,Paid Ads,United States,SMB
CUST-110266,2025-01-23,Email Campaign,United States,SMB
CUST-110267,2024-08-21,Organic Search,United Kingdom,Enterprise
CUST-110268,2025-09-25,Organic Search,United States,SMB
CUST-110269,2024-01-16,Referral,United Kingdom,SMB
CUST-110270,2024-04-14,Referral,United States,SMB
CUST-110271,2025-01-02,Organic Search,Germany,Mid-Market
CUST-110272,2025-06-28,Email Campaign,United Kingdom,Mid-Market
CUST-110273,2024-02-07,Social Media,United Kingdom,SMB
CUST-110274,2024-03-20,Direct,United Kingdom,SMB
CUST-110275,2025-06-16,Paid Ads,United States,Mid-Market
CUST-110276,2024-05-23,Direct,Canada,Enterprise
CUST-110277,2024-01-24,direct,Germany,SMB
CUST-110278,2024-11-15,email campaign,United States,SMB
CUST-110279,2024-01-23,Referral,United States,SMB
CUST-110280,2024-05-07,Referral,Germany,SMB
CUST-110281,2025-05-05,Organic Search,United States,SMB
CUST-110282,2025-01-21,Organic Search,Netherlands,Mid-Market
CUST-110283,2024-06-19,Organic Search,United Kingdom,Mid-Market
CUST-110284,2024-11-27,Organic Search,India,SMB
CUST-110285,2024-02-15,Paid Ads,United States,SMB
CUST-110286,2024-12-01,Direct,United States,Mid-Market
CUST-110287,2025-01-09,Paid Ads,United States,Enterprise
CUST-110288,2024-12-18,Direct,Netherlands,SMB
CUST-110289,2024-11-08,Direct,United States,Mid-Market
CUST-110290,2025-09-21,Referral,United States,SMB
CUST-110291,2024-03-04,Email Campaign,Germany,SMB
CUST-110292,2025-04-23,Paid Ads,United States,SMB
CUST-110293,2024-09-05,Organic Search,India,SMB
CUST-110294,2025-09-14,Referral,United States,SMB
CUST-110295,2024-11-13,Email Campaign,Netherlands,Enterprise
CUST-110296,2025-01-04,Social Media,Australia,SMB
CUST-110297,2025-02-26,Organic Search,Canada,SMB
CUST-110298,2024-07-12,Paid Ads,United States,Mid-Market
CUST-110299,2025-09-22,Organic Search,Germany,SMB
CUST-110300,2025-01-11,Direct,United Kingdom,SMB
CUST-110301,2025-10-18,Paid Ads,India,SMB
CUST-110302,2025-09-29,Paid Ads,United States,SMB
CUST-110303,2025-06-11,Direct,India,Mid-Market
CUST-110304,2024-12-07,outbound_sales,United States,SMB
CUST-110305,2025-03-09,Paid Ads,United Kingdom,SMB
CUST-110306,2024-03-21,Organic Search,Germany,SMB
CUST-110307,2025-06-12,Paid Ads,Canada,SMB
CUST-110308,2024-09-25,Organic Search,United States,Mid-Market
CUST-110309,2024-12-09,Paid Ads,Canada,SMB
CUST-110310,2024-10-22,Referral,United Kingdom,SMB
CUST-110311,2025-06-16,outbound_sales,United Kingdom,SMB
CUST-110312,2024-10-20,Organic Search,Germany,SMB
CUST-110313,2024-09-11,Social Media,United States,Enterprise
CUST-110314,2025-05-16,Organic Search,Netherlands,Mid-Market
CUST-110315,2024-01-22,Social Media,United Kingdom,SMB
CUST-110316,2025-08-01,Direct,Canada,SMB
CUST-110317,2025-04-26,Organic Search,United States,Mid-Market
CUST-110318,2024-04-17,organic search,United States,Enterprise
CUST-110319,2024-08-06,Direct,United States,Mid-Market
CUST-110320,2024-08-02,Referral,Netherlands,SMB
CUST-110321,2025-03-03,Referral,United States,SMB
CUST-110322,2024-09-22,Organic Search,Netherlands,Enterprise
CUST-110323,2024-08-24,Referral,United States,Enterprise
CUST-110324,2024-10-29,Paid Ads,United States,SMB
CUST-110325,2024-02-07,Paid Ads,United States,SMB
CUST-110326,2025-03-27,Paid Ads,United Kingdom,SMB
CUST-110327,2024-03-21,Referral,Germany,Mid-Market
CUST-110328,2024-07-01,Paid Ads,United States,SMB
CUST-110329,2025-02-06,Organic Search,United States,SMB
CUST-110330,2024-02-11,Organic Search,Canada,Mid-Market
CUST-110331,2024-07-11,Organic Search,Australia,Mid-Market
CUST-110332,2025-08-04,Paid Ads,United States,Mid-Market
CUST-110333,2024-10-27,Paid Ads,United States,Enterprise
CUST-110334,2025-04-25,paid ads,Canada,SMB
CUST-110335,2024-07-05,Direct,United States,SMB
CUST-110336,2025-08-20,Organic Search,Germany,Mid-Market
CUST-110337,2025-06-05,referral,United States,Mid-Market
CUST-110338,2025-07-28,Paid Ads,France,Enterprise
CUST-110339,2025-09-13,Referral,Germany,Enterprise
CUST-110340,2025-10-23,Organic Search,Australia,SMB
CUST-110341,2025-11-29,Paid Ads,United States,SMB
CUST-110342,2024-03-26,Referral,Germany,SMB
CUST-110343,2025-01-05,Paid Ads,United Kingdom,Enterprise
CUST-110344,2025-02-09,Social Media,Australia,Enterprise
CUST-110345,2024-07-28,Organic Search,Australia,SMB
CUST-110346,2025-08-30,Referral,United States,SMB
CUST-110347,2025-06-29,Paid Ads,United Kingdom,Mid-Market
CUST-110348,2024-04-01,Paid Ads,Australia,SMB
CUST-110349,2025-02-18,Paid Ads,India,SMB
CUST-110350,2024-09-16,Direct,United States,SMB
CUST-110351,2025-01-07,email campaign,United States,SMB
CUST-110352,2024-12-28,Paid Ads,United States,SMB
CUST-110353,2024-02-26,outbound_sales,Canada,SMB
CUST-110354,2024-02-12,Referral,Germany,Enterprise
CUST-110355,2025-07-15,Paid Ads,United Kingdom,SMB
CUST-110356,2025-06-17,Paid Ads,United States,SMB
CUST-110357,2025-08-03,Paid Ads,United States,Mid-Market
CUST-110358,2025-07-15,Paid Ads,United Kingdom,SMB
CUST-110359,2025-10-01,Direct,United States,SMB
CUST-110360,2025-10-30,Referral,India,Mid-Market
CUST-110361,2025-08-21,Organic Search,United States,Enterprise
CUST-110362,2024-10-25,organic search,Canada,SMB
CUST-110363,2024-03-22,Email Campaign,Germany,SMB
CUST-110364,2024-06-14,outbound_sales,Germany,Enterprise
CUST-110365,2024-09-17,Organic Search,United States,Mid-Market
CUST-110366,2024-05-18,Paid Ads,United States,SMB
CUST-110367,2024-07-01,Paid Ads,United States,Enterprise
CUST-110368,2024-10-23,Organic Search,United States,Enterprise
CUST-110369,2025-10-06,Paid Ads,United States,SMB
CUST-110370,2025-02-13,Paid Ads,United States,SMB
CUST-110371,2025-03-18,Paid Ads,United States,SMB
CUST-110372,2025-07-16,Organic Search,United States,Mid-Market
CUST-110373,2025-02-03,Organic Search,United States,SMB
CUST-110374,2024-02-10,Referral,United Kingdom,SMB
CUST-110375,2025-04-24,Referral,United States,SMB
CUST-110376,2024-04-13,Direct,Germany,SMB
CUST-110377,2024-12-15,Referral,United States,SMB
CUST-110378,2024-12-24,direct,United States,SMB
CUST-110379,2025-02-02,Organic Search,Australia,SMB
CUST-110380,2024-12-19,Referral,United States,SMB
CUST-110381,2025-05-19,Organic Search,Germany,SMB
CUST-110382,2024-01-26,Organic Search,France,SMB
CUST-110383,2025-08-12,Social Media,United States,SMB
CUST-110384,2024-03-09,Organic Search,Australia,SMB
CUST-110385,2024-04-03,Referral,United Kingdom,SMB
CUST-110386,2024-11-04,Organic Search,United States,SMB
CUST-110387,2024-11-05,Direct,United States,Mid-Market
CUST-110388,2024-07-30,Referral,Germany,SMB
CUST-110389,2024-09-09,Organic Search,India,SMB
CUST-110390,2025-01-23,Paid Ads,United States,SMB
CUST-110391,2024-07-19,Paid Ads,Canada,SMB
CUST-110392,2025-06-11,Email Campaign,United States,SMB
CUST-110393,2024-08-09,Direct,United Kingdom,SMB
CUST-110394,2025-09-01,Paid Ads,Germany,SMB
CUST-110395,2025-02-20,Paid Ads,United Kingdom,SMB
CUST-110396,2025-10-18,Organic Search,United States,Mid-Market
CUST-110397,2025-11-30,Paid Ads,United States,SMB
CUST-110398,2024-07-19,Social Media,France,Mid-Market
CUST-110399,2024-10-14,Organic Search,United States,Enterprise
CUST-110400,2024-01-09,Direct,United Kingdom,SMB
CUST-110401,2024-07-20,Organic Search,Germany,Enterprise
CUST-110402,2025-08-07,Organic Search,United States,SMB
CUST-110403,2025-01-24,Social Media,Germany,SMB
CUST-110404,2024-10-31,Organic Search,France,Mid-Market
CUST-110405,2025-02-19,Social Media,United States,SMB
CUST-110406,2025-01-31,Paid Ads,United Kingdom,Enterprise
CUST-110407,2025-03-19,Paid Ads,United States,SMB
CUST-110408,2024-07-09,paid ads,United Kingdom,Mid-Market
CUST-110409,2024-04-01,Email Campaign,United States,SMB
CUST-110410,2025-07-28,Email Campaign,France,SMB
CUST-110411,2024-04-06,Direct,United States,SMB
CUST-110412,2025-05-10,Organic Search,United Kingdom,SMB
CUST-110413,2024-10-16,Referral,India,SMB
CUST-110414,2025-04-15,Paid Ads,France,Enterprise
CUST-110415,2024-08-01,Referral,Germany,SMB
CUST-110416,2025-02-11,Organic Search,United States,Mid-Market
CUST-110417,2025-05-28,Paid Ads,United States,SMB
CUST-110418,2024-03-27,Email Campaign,United Kingdom,SMB
CUST-110419,2025-01-12,Referral,Germany,SMB
CUST-110420,2025-04-07,Paid Ads,United States,SMB
CUST-110421,2024-02-14,Paid Ads,United States,SMB
CUST-110422,2024-08-15,Paid Ads,Canada,SMB
CUST-110423,2024-03-13,organic search,United States,SMB
CUST-110424,2025-10-27,Organic Search,United States,SMB
CUST-110425,2025-01-06,Referral,India,Mid-Market
CUST-110426,2024-05-22,Referral,United States,Enterprise
CUST-110427,2024-05-30,Organic Search,Canada,SMB
CUST-110428,2024-06-02,Organic Search,United Kingdom,SMB
CUST-110429,2024-04-18,Email Campaign,France,SMB
CUST-110430,2025-08-19,Paid Ads,Canada,Enterprise
CUST-110431,2025-11-08,Paid Ads,United States,SMB
CUST-110432,2025-03-24,social media,India,SMB
CUST-110433,2025-07-18,Email Campaign,United States,SMB
CUST-110434,2025-02-21,Paid Ads,United States,Mid-Market
CUST-110435,2025-01-20,Paid Ads,United States,SMB
CUST-110436,2024-01-24,Paid Ads,United States,Mid-Market
CUST-110437,2025-07-24,Referral,India,SMB
CUST-110438,2025-06-01,Email Campaign,United States,SMB
CUST-110439,2024-03-22,Organic Search,United States,SMB
CUST-110440,2025-10-24,Organic Search,United States,SMB
CUST-110441,2025-07-16,Organic Search,Netherlands,Mid-Market
CUST-110442,2025-08-28,Paid Ads,Australia,SMB
CUST-110443,2024-01-02,outbound_sales,Canada,SMB
CUST-110444,2024-02-24,Direct,United States,Mid-Market
CUST-110445,2024-04-09,Direct,Germany,SMB
CUST-110446,2024-01-07,Organic Search,United Kingdom,Enterprise
CUST-110447,2024-04-24,Email Campaign,United States,Mid-Market
CUST-110448,2025-12-01,outbound_sales,India,SMB
CUST-110449,2025-06-22,Email Campaign,Netherlands,SMB
CUST-110450,2025-10-29,Paid Ads,United States,SMB
CUST-110451,2024-01-15,outbound_sales,Canada,SMB
CUST-110452,2024-03-19,Organic Search,United Kingdom,Enterprise
CUST-110453,2024-12-08,Referral,United States,SMB
CUST-110454,2025-06-30,Organic Search,United States,Mid-Market
CUST-110455,2025-05-19,Paid Ads,Netherlands,SMB
CUST-110456,2024-10-11,Email Campaign,United States,SMB
CUST-110457,2024-04-18,Direct,United States,Enterprise
CUST-110458,2024-04-12,Email Campaign,Australia,Mid-Market
CUST-110459,2024-12-12,Paid Ads,India,Mid-Market
CUST-110460,2024-05-03,Direct,United Kingdom,SMB
CUST-110461,2024-02-24,Organic Search,United States,SMB
CUST-110462,2025-01-14,Organic Search,United States,Mid-Market
CUST-110463,2025-06-05,Organic Search,Germany,SMB
CUST-110464,2024-02-19,Referral,India,Mid-Market
CUST-110465,2024-08-21,Direct,United States,Mid-Market
CUST-110466,2024-05-26,Paid Ads,United States,SMB
CUST-110467,2025-10-10,Referral,United States,SMB
CUST-110468,2025-04-15,Social Media,United Kingdom,Mid-Market
CUST-110469,2025-06-28,Organic Search,United Kingdom,Mid-Market
CUST-110470,2024-12-22,outbound_sales,United States,Mid-Market
CUST-110471,2024-09-18,Paid Ads,Netherlands,Enterprise
CUST-110472,2024-07-08,outbound_sales,United States,SMB
CUST-110473,2024-03-21,Email Campaign,India,SMB
CUST-110474,2024-04-04,Direct,United States,SMB
CUST-110475,2024-10-29,Paid Ads,United Kingdom,SMB
CUST-110476,2024-05-30,Email Campaign,United Kingdom,SMB
CUST-110477,2024-01-17,Email Campaign,France,SMB
CUST-110478,2025-09-15,Organic Search,United States,SMB
CUST-110479,2025-09-25,Paid Ads,Germany,SMB
CUST-110480,2024-01-27,Paid Ads,United States,SMB
CUST-110481,2025-01-31,Email Campaign,United States,Mid-Market
CUST-110482,2024-10-01,Direct,United States,Mid-Market
CUST-110483,2024-05-18,Email Campaign,Netherlands,Enterprise
CUST-110484,2024-05-09,Referral,Canada,Enterprise
CUST-110485,2025-06-08,Organic Search,United States,SMB
CUST-110486,2024-10-14,Paid Ads,United States,SMB
CUST-110487,2024-11-12,Paid Ads,United Kingdom,SMB
CUST-110488,2025-08-07,Paid Ads,United States,Enterprise
CUST-110489,2025-08-19,Organic Search,United States,Mid-Market
CUST-110490,2025-11-24,Social Media,France,SMB
CUST-110491,2024-07-17,Organic Search,Germany,SMB
CUST-110492,2025-02-03,Paid Ads,India,Enterprise
CUST-110493,2025-03-24,Organic Search,Germany,Mid-Market
CUST-110494,2025-08-12,Organic Search,United States,Enterprise
CUST-110495,2025-11-01,Organic Search,India,SMB
CUST-110496,2025-01-09,Email Campaign,United States,Mid-Market
CUST-110497,2025-03-02,Paid Ads,Netherlands,SMB
CUST-110498,2024-10-11,Organic Search,United Kingdom,SMB
CUST-110499,2024-04-07,Paid Ads,Canada,Enterprise
CUST-110500,2024-05-01,Organic Search,France,SMB
CUST-110501,2025-11-03,Organic Search,United States,SMB
CUST-110502,2025-01-11,Referral,United Kingdom,SMB
CUST-110503,2025-02-23,Organic Search,Canada,SMB
CUST-110504,2025-03-07,Organic Search,United States,Mid-Market
CUST-110505,2024-08-31,Organic Search,Australia,SMB
CUST-110506,2025-10-23,Paid Ads,United States,SMB
CUST-110507,2025-03-17,Referral,Germany,SMB
CUST-110508,2024-07-14,Email Campaign,India,SMB
CUST-110509,2024-06-13,Referral,Australia,Mid-Market
CUST-110510,2024-08-10,organic search,India,Mid-Market
CUST-110511,2024-09-03,Organic Search,Germany,SMB
CUST-110512,2025-08-01,Organic Search,United States,SMB
CUST-110513,2025-03-06,Paid Ads,United States,Mid-Market
CUST-110514,2025-08-03,Referral,United States,Mid-Market
CUST-110515,2024-12-13,Paid Ads,Canada,SMB
CUST-110516,2025-07-15,Paid Ads,Germany,Mid-Market
CUST-110517,2025-09-17,Paid Ads,United States,Mid-Market
CUST-110518,2025-09-08,Referral,United States,SMB
CUST-110519,2024-03-10,Email Campaign,Canada,Enterprise
CUST-110520,2024-07-16,Email Campaign,United States,SMB
CUST-110521,2024-07-11,Paid Ads,United States,Enterprise
CUST-110522,2025-02-26,Email Campaign,United States,SMB
CUST-110523,2024-03-09,Paid Ads,Canada,SMB
CUST-110524,2025-11-28,Referral,United States,Mid-Market
CUST-110525,2025-01-28,Referral,United States,SMB
CUST-110526,2025-09-20,Paid Ads,United Kingdom,Mid-Market
CUST-110527,2024-09-28,Organic Search,United States,SMB
CUST-110528,2025-03-31,Email Campaign,United Kingdom,SMB
CUST-110529,2025-04-28,Paid Ads,United States,SMB
CUST-110530,2024-10-29,Direct,United Kingdom,SMB
CUST-110531,2025-07-03,Referral,India,SMB
CUST-110532,2025-08-28,Email Campaign,India,SMB
CUST-110533,2024-04-25,Social Media,United States,SMB
CUST-110534,2024-10-12,direct,United States,Mid-Market
CUST-110535,2024-09-03,Paid Ads,Germany,Mid-Market
CUST-110536,2024-11-13,Organic Search,Netherlands,Mid-Market
CUST-110537,2024-03-17,Social Media,United States,SMB
CUST-110538,2025-05-01,Referral,Germany,SMB
CUST-110539,2025-03-26,Social Media,United States,SMB
CUST-110540,2024-08-20,Organic Search,United Kingdom,SMB
CUST-110541,2024-11-22,Email Campaign,United States,Mid-Market
CUST-110542,2024-09-11,outbound_sales,United States,SMB
CUST-110543,2024-02-13,Direct,Germany,SMB
CUST-110544,2025-07-29,Paid Ads,United Kingdom,Mid-Market
CUST-110545,2024-02-28,Email Campaign,United Kingdom,Enterprise
CUST-110546,2024-03-18,Email Campaign,Canada,SMB
CUST-110547,2025-10-10,Referral,India,SMB
CUST-110548,2024-10-12,Paid Ads,United States,SMB
CUST-110549,2025-01-16,Organic Search,Canada,SMB
CUST-110550,2025-02-17,Email Campaign,United States,SMB
CUST-110551,2024-03-11,organic search,Netherlands,SMB
CUST-110552,2025-06-23,Organic Search,United Kingdom,Enterprise
CUST-110553,2024-12-17,Paid Ads,United States,SMB
CUST-110554,2024-10-07,Organic Search,United Kingdom,Mid-Market
CUST-110555,2025-11-27,Organic Search,France,SMB
CUST-110556,2024-06-09,Paid Ads,United Kingdom,Mid-Market
CUST-110557,2024-07-10,Organic Search,United States,SMB
CUST-110558,2025-07-28,Organic Search,Canada,SMB
CUST-110559,2024-04-30,Email Campaign,Germany,Mid-Market
CUST-110560,2024-01-30,outbound_sales,Germany,SMB
CUST-110561,2024-08-09,Organic Search,Canada,SMB
CUST-110562,2024-05-24,Organic Search,United Kingdom,Enterprise
CUST-110563,2025-03-06,Paid Ads,Germany,SMB
CUST-110564,2025-07-12,Paid Ads,India,SMB
CUST-110565,2024-10-27,Paid Ads,United States,SMB
CUST-110566,2025-06-04,outbound_sales,Canada,Mid-Market
CUST-110567,2025-05-02,Direct,France,SMB
CUST-110568,2024-12-12,Referral,United Kingdom,SMB
CUST-110569,2025-01-10,Organic Search,Germany,SMB
CUST-110570,2025-08-04,Organic Search,United States,Mid-Market
CUST-110571,2025-09-23,Referral,France,SMB
CUST-110572,2024-07-06,Referral,United Kingdom,Mid-Market
CUST-110573,2024-03-29,Referral,United Kingdom,SMB
CUST-110574,2025-10-04,Organic Search,United States,Enterprise
CUST-110575,2025-03-27,Paid Ads,France,Mid-Market
CUST-110576,2025-11-05,Email Campaign,France,Enterprise
CUST-110577,2025-06-20,Referral,India,Enterprise
CUST-110578,2024-07-02,Paid Ads,Australia,Enterprise
CUST-110579,2025-02-23,Referral,United Kingdom,SMB
CUST-110580,2025-11-14,Email Campaign,United States,Enterprise
CUST-110581,2024-12-04,Email Campaign,United States,Mid-Market
CUST-110582,2025-07-01,outbound_sales,United States,SMB
CUST-110583,2024-08-02,Paid Ads,United States,SMB
CUST-110584,2024-11-21,Email Campaign,United States,SMB
CUST-110585,2024-03-14,Referral,United States,SMB
CUST-110586,2025-05-28,Referral,United Kingdom,SMB
CUST-110587,2025-03-16,Referral,United Kingdom,Mid-Market
CUST-110588,2024-09-16,Paid Ads,United States,SMB
CUST-110589,2025-05-21,Organic Search,Canada,SMB
CUST-110590,2025-02-28,Paid Ads,United States,Mid-Market
CUST-110591,2025-01-13,Email Campaign,United States,SMB
CUST-110592,2024-05-16,Paid Ads,United States,Enterprise
CUST-110593,2025-11-04,Social Media,Germany,Mid-Market
CUST-110594,2024-07-19,Social Media,United States,SMB
CUST-110595,2024-07-03,Organic Search,Australia,Mid-Market
CUST-110596,2025-10-30,Organic Search,United States,SMB
CUST-110597,2025-09-07,Paid Ads,United States,Mid-Market
CUST-110598,2025-03-29,outbound_sales,United States,Mid-Market
CUST-110599,2025-12-01,Paid Ads,United States,SMB
CUST-110600,2024-07-03,Organic Search,Germany,SMB
CUST-110601,2024-03-08,Referral,India,SMB
CUST-110602,2024-09-25,Referral,United States,SMB
CUST-110603,2025-06-20,Paid Ads,Germany,Mid-Market
CUST-110604,2024-05-21,Referral,Canada,Mid-Market
CUST-110605,2024-12-08,Paid Ads,United Kingdom,Enterprise
CUST-110606,2024-02-24,Referral,United States,SMB
CUST-110607,2025-06-21,Paid Ads,United Kingdom,Enterprise
CUST-110608,2025-09-08,Organic Search,United States,Mid-Market
CUST-110609,2025-04-23,Paid Ads,Netherlands,Mid-Market
CUST-110610,2025-03-11,Paid Ads,Canada,SMB
CUST-110611,2025-08-02,Referral,United Kingdom,Enterprise
CUST-110612,2024-11-03,Paid Ads,France,SMB
CUST-110613,2025-06-26,Email Campaign,India,Mid-Market
CUST-110614,2024-06-25,Paid Ads,Germany,Mid-Market
CUST-110615,2025-08-26,paid ads,Germany,SMB
CUST-110616,2024-03-16,Paid Ads,United States,SMB
CUST-110617,2024-12-28,Organic Search,United States,SMB
CUST-110618,2024-04-20,Email Campaign,Germany,SMB
CUST-110619,2024-01-09,Organic Search,United Kingdom,Enterprise
CUST-110620,2025-01-15,Organic Search,United States,SMB
CUST-110621,2025-03-17,Organic Search,United States,Mid-Market
CUST-110622,2024-10-20,Organic Search,United Kingdom,Enterprise
CUST-110623,2024-11-13,Paid Ads,Netherlands,SMB
CUST-110624,2024-08-01,Organic Search,Netherlands,SMB
CUST-110625,2024-12-28,Direct,United States,Mid-Market
CUST-110626,2025-05-07,Organic Search,Canada,SMB
CUST-110627,2024-03-20,Referral,Australia,SMB
CUST-110628,2025-09-19,Paid Ads,United States,SMB
CUST-110629,2024-05-19,Email Campaign,Australia,SMB
CUST-110630,2025-01-09,Social Media,United Kingdom,SMB
CUST-110631,2024-06-21,Email Campaign,United States,SMB
CUST-110632,2024-05-10,Social Media,Canada,SMB
CUST-110633,2025-04-06,Social Media,United Kingdom,Mid-Market
CUST-110634,2025-10-29,Direct,United States,Mid-Market
CUST-110635,2024-12-17,Paid Ads,India,SMB
CUST-110636,2025-03-24,Organic Search,United States,SMB
CUST-110637,2025-03-01,Direct,India,SMB
CUST-110638,2024-05-13,Paid Ads,United States,SMB
CUST-110639,2025-03-15,Direct,United Kingdom,SMB
CUST-110640,2024-10-20,paid ads,United States,SMB
CUST-110641,2025-08-09,Organic Search,India,SMB
CUST-110642,2025-05-02,Organic Search,United States,SMB
CUST-110643,2024-12-24,Organic Search,United States,SMB
CUST-110644,2025-02-02,Paid Ads,United States,SMB
CUST-110645,2025-03-25,Direct,France,SMB
CUST-110646,2024-02-01,Paid Ads,United Kingdom,SMB
CUST-110647,2025-10-14,Paid Ads,Netherlands,SMB
CUST-110648,2024-11-16,Referral,Germany,Mid-Market
CUST-110649,2024-04-29,Referral,United States,SMB
CUST-110650,2025-11-08,outbound_sales,United States,SMB
CUST-110651,2024-12-07,Email Campaign,United States,Mid-Market
CUST-110652,2025-06-04,Paid Ads,Germany,Enterprise
CUST-110653,2024-05-23,Organic Search,Netherlands,SMB
CUST-110654,2024-06-19,Organic Search,Germany,SMB
CUST-110655,2024-02-20,Paid Ads,United Kingdom,SMB
CUST-110656,2025-04-02,Organic Search,India,Mid-Market
CUST-110657,2025-07-03,Organic Search,India,Mid-Market
CUST-110658,2025-09-20,Email Campaign,Canada,Enterprise
CUST-110659,2024-02-15,Email Campaign,United States,SMB
CUST-110660,2025-06-27,Referral,United Kingdom,SMB
CUST-110661,2024-02-09,Organic Search,France,SMB
CUST-110662,2024-09-01,Direct,United States,SMB
CUST-110663,2024-12-14,Organic Search,India,Enterprise
CUST-110664,2025-04-19,Email Campaign,France,Enterprise
CUST-110665,2024-12-23,Organic Search,Australia,Enterprise
CUST-110666,2025-03-13,Referral,United States,Mid-Market
CUST-110667,2025-03-17,Direct,United States,SMB
CUST-110668,2025-10-12,Social Media,Canada,SMB
CUST-110669,2024-05-02,paid ads,Canada,SMB
CUST-110670,2024-01-14,Direct,United States,Mid-Market
CUST-110671,2024-09-26,Organic Search,United Kingdom,SMB
CUST-110672,2025-05-01,Organic Search,India,SMB
CUST-110673,2024-11-28,Direct,France,Mid-Market
CUST-110674,2024-08-16,Paid Ads,Canada,Enterprise
CUST-110675,2024-05-24,Direct,United States,SMB
CUST-110676,2024-04-28,Paid Ads,United States,SMB
CUST-110677,2025-07-05,outbound_sales,Netherlands,SMB
CUST-110678,2025-10-29,Organic Search,United States,SMB
CUST-110679,2024-05-05,Paid Ads,United States,SMB
CUST-110680,2025-09-14,Email Campaign,Germany,SMB
CUST-110681,2024-11-04,Paid Ads,United Kingdom,SMB
CUST-110682,2025-08-25,Referral,United States,Enterprise
CUST-110683,2024-11-23,outbound_sales,United States,SMB
CUST-110684,2025-10-26,Organic Search,United Kingdom,SMB
CUST-110685,2024-12-02,Organic Search,Germany,SMB
CUST-110686,2024-08-16,Email Campaign,United Kingdom,Enterprise
CUST-110687,2025-11-12,Email Campaign,United States,SMB
CUST-110688,2025-10-15,Paid Ads,United States,SMB
CUST-110689,2024-09-07,Paid Ads,Canada,Enterprise
CUST-110690,2024-04-21,Referral,United States,SMB
CUST-110691,2025-02-16,Email Campaign,Netherlands,SMB
CUST-110692,2025-04-04,organic search,India,SMB
CUST-110693,2024-02-18,Paid Ads,United States,SMB
CUST-110694,2025-08-01,Paid Ads,United States,SMB
CUST-110695,2024-02-08,Referral,Australia,SMB
CUST-110696,2025-04-24,Paid Ads,India,Enterprise
CUST-110697,2025-09-20,Email Campaign,United Kingdom,SMB
CUST-110698,2025-03-20,Referral,United States,SMB
CUST-110699,2025-02-16,Direct,United States,Mid-Market
CUST-110700,2024-07-10,referral,United States,SMB
CUST-110701,2025-05-07,Paid Ads,United Kingdom,SMB
CUST-110702,2024-08-31,Organic Search,United Kingdom,SMB
CUST-110703,2025-01-21,Organic Search,France,SMB
CUST-110704,2024-05-17,Paid Ads,Germany,Enterprise
CUST-110705,2025-02-17,Organic Search,United Kingdom,SMB
CUST-110706,2024-08-11,Paid Ads,United States,SMB
CUST-110707,2025-01-26,social media,Germany,SMB
CUST-110708,2025-08-04,Direct,United Kingdom,SMB
CUST-110709,2025-06-25,Email Campaign,United States,SMB
CUST-110710,2025-07-01,Organic Search,Canada,SMB
CUST-110711,2025-02-19,Referral,France,SMB
CUST-110712,2024-04-09,Email Campaign,India,SMB
CUST-110713,2024-08-26,Paid Ads,United Kingdom,SMB
CUST-110714,2025-09-14,Direct,Australia,SMB
CUST-110715,2025-04-08,Direct,India,SMB
CUST-110716,2024-10-22,Organic Search,Germany,Mid-Market
CUST-110717,2024-05-20,Social Media,United Kingdom,Enterprise
CUST-110718,2025-11-09,Paid Ads,Australia,SMB
CUST-110719,2024-05-02,Organic Search,United States,SMB
CUST-110720,2025-05-18,Direct,United Kingdom,SMB
CUST-110721,2024-09-24,Organic Search,Germany,SMB
CUST-110722,2025-06-25,organic search,India,SMB
CUST-110723,2024-04-02,Organic Search,United States,Mid-Market
CUST-110724,2024-04-30,Paid Ads,United Kingdom,SMB
CUST-110725,2024-03-22,Organic Search,India,SMB
CUST-110726,2025-10-19,Referral,United States,Mid-Market
CUST-110727,2024-03-20,Referral,United Kingdom,SMB
CUST-110728,2024-10-22,Organic Search,United Kingdom,SMB
CUST-110729,2025-01-21,Organic Search,Canada,Mid-Market
CUST-110730,2025-03-12,Referral,Australia,SMB
CUST-110731,2025-07-12,Email Campaign,United States,Enterprise
CUST-110732,2025-09-27,Email Campaign,United States,Mid-Market
CUST-110733,2025-10-06,outbound_sales,United States,SMB
CUST-110734,2024-05-01,referral,Germany,SMB
CUST-110735,2025-06-07,Email Campaign,United States,SMB
CUST-110736,2025-01-19,Paid Ads,United States,SMB
CUST-110737,2025-08-17,Paid Ads,Australia,SMB
CUST-110738,2025-11-30,Referral,United States,Mid-Market
CUST-110739,2025-08-03,Direct,Canada,Enterprise
CUST-110740,2025-11-21,Organic Search,India,Mid-Market
CUST-110741,2025-01-20,Paid Ads,France,Mid-Market
CUST-110742,2025-03-10,Paid Ads,Germany,SMB
CUST-110743,2025-09-06,Social Media,United Kingdom,SMB
CUST-110744,2025-11-12,Email Campaign,Germany,SMB
CUST-110745,2024-11-21,Organic Search,India,SMB
CUST-110746,2024-09-11,Email Campaign,United States,Enterprise
CUST-110747,2024-10-12,Paid Ads,United States,SMB
CUST-110748,2024-06-28,Paid Ads,United Kingdom,SMB
CUST-110749,2024-02-23,Paid Ads,Germany,SMB
CUST-110750,2024-09-24,Direct,United States,Mid-Market
CUST-110751,2024-03-24,outbound_sales,Netherlands,Enterprise
CUST-110752,2024-09-11,Organic Search,Germany,SMB
CUST-110753,2025-07-27,Referral,India,SMB
CUST-110754,2024-06-17,outbound_sales,Canada,Enterprise
CUST-110755,2024-12-20,Paid Ads,Canada,Mid-Market
CUST-110756,2024-08-11,Organic Search,United Kingdom,SMB
CUST-110757,2024-02-02,Paid Ads,Canada,Mid-Market
CUST-110758,2025-11-19,Referral,Canada,SMB
CUST-110759,2025-11-09,Referral,United States,SMB
CUST-110760,2024-10-27,Referral,United Kingdom,SMB
CUST-110761,2025-04-10,Organic Search,United Kingdom,Mid-Market
CUST-110762,2025-02-10,Paid Ads,United States,SMB
CUST-110763,2024-10-27,Referral,Germany,Mid-Market
CUST-110764,2024-09-19,Organic Search,United States,Mid-Market
CUST-110765,2024-02-18,outbound_sales,United States,SMB
CUST-110766,2025-02-05,outbound_sales,United States,SMB
CUST-110767,2024-06-16,Referral,United Kingdom,SMB
CUST-110768,2024-05-26,Direct,United States,Mid-Market
CUST-110769,2024-03-04,Organic Search,India,SMB
CUST-110770,2025-04-20,Organic Search,United States,SMB
CUST-110771,2025-09-04,Organic Search,Australia,SMB
CUST-110772,2025-06-12,direct,United Kingdom,Mid-Market
CUST-110773,2024-06-25,Organic Search,United States,SMB
CUST-110774,2024-02-03,Paid Ads,United States,SMB
CUST-110775,2025-10-11,Organic Search,United States,SMB
CUST-110776,2024-09-19,Social Media,United States,Mid-Market
CUST-110777,2024-11-03,Paid Ads,India,SMB
CUST-110778,2024-07-30,Social Media,United States,SMB
CUST-110779,2024-11-04,Email Campaign,United States,Mid-Market
CUST-110780,2024-01-25,Email Campaign,United States,SMB
CUST-110781,2024-11-11,Paid Ads,United States,SMB
CUST-110782,2024-09-25,Organic Search,United States,Mid-Market
CUST-110783,2024-01-02,Organic Search,United Kingdom,SMB
CUST-110784,2024-09-22,Paid Ads,India,Mid-Market
CUST-110785,2025-10-02,Email Campaign,United Kingdom,SMB
CUST-110786,2024-07-31,Paid Ads,United States,SMB
CUST-110787,2024-10-09,Referral,United Kingdom,Mid-Market
CUST-110788,2024-11-19,Organic Search,Australia,SMB
CUST-110789,2024-07-20,outbound_sales,Canada,SMB
CUST-110790,2024-02-10,Social Media,United States,SMB
CUST-110791,2024-09-20,Referral,United States,SMB
CUST-110792,2024-05-28,Social Media,United States,SMB
CUST-110793,2025-08-19,Organic Search,United States,Mid-Market
CUST-110794,2024-10-13,outbound_sales,United States,SMB
CUST-110795,2024-01-27,Email Campaign,United Kingdom,SMB
CUST-110796,2024-01-18,Paid Ads,France,SMB
CUST-110797,2024-08-04,Organic Search,Germany,Enterprise
CUST-110798,2025-02-04,Organic Search,Germany,SMB
CUST-110799,2025-03-14,Paid Ads,Canada,SMB
CUST-110800,2025-09-14,Organic Search,United States,SMB
CUST-110801,2025-06-07,Email Campaign,Australia,SMB
CUST-110802,2025-03-13,Organic Search,United States,SMB
CUST-110803,2025-11-02,Referral,United States,SMB
CUST-110804,2024-04-01,Paid Ads,United States,Mid-Market
CUST-110805,2024-01-09,Paid Ads,India,SMB
CUST-110806,2024-06-01,Organic Search,France,Mid-Market
CUST-110807,2024-09-11,Email Campaign,United States,SMB
CUST-110808,2024-12-26,Paid Ads,Canada,SMB
CUST-110809,2024-05-20,Email Campaign,Netherlands,Mid-Market
CUST-110810,2024-10-06,Email Campaign,Netherlands,Mid-Market
CUST-110811,2024-04-16,Paid Ads,United Kingdom,SMB
CUST-110812,2025-03-15,Referral,United Kingdom,SMB
CUST-110813,2025-07-03,Referral,United States,SMB
CUST-110814,2024-04-09,paid ads,United States,SMB
CUST-110815,2025-06-19,Paid Ads,Germany,SMB
CUST-110816,2025-11-06,Referral,United Kingdom,SMB
CUST-110817,2024-06-15,Organic Search,United States,SMB
CUST-110818,2025-03-19,Organic Search,Netherlands,SMB
CUST-110819,2025-06-08,Email Campaign,United States,SMB
CUST-110820,2024-05-19,Social Media,Canada,Enterprise
CUST-110821,2025-05-03,Paid Ads,United States,SMB
CUST-110822,2024-04-02,Paid Ads,United States,SMB
CUST-110823,2024-12-18,Paid Ads,United States,Mid-Market
CUST-110824,2024-11-25,Organic Search,United States,SMB
CUST-110825,2024-05-11,Paid Ads,India,Mid-Market
CUST-110826,2024-10-11,Email Campaign,United States,Enterprise
CUST-110827,2024-01-06,Email Campaign,Germany,SMB
CUST-110828,2024-09-27,Paid Ads,Canada,Mid-Market
CUST-110829,2025-11-15,Paid Ads,Australia,SMB
CUST-110830,2024-01-01,organic search,United Kingdom,SMB
CUST-110831,2024-07-18,Referral,United Kingdom,Enterprise
CUST-110832,2024-10-19,Referral,United Kingdom,SMB
CUST-110833,2024-05-12,Paid Ads,United States,Enterprise
CUST-110834,2025-11-25,Organic Search,United States,SMB
CUST-110835,2024-02-22,Direct,United Kingdom,SMB
CUST-110836,2025-04-30,Referral,India,SMB
CUST-110837,2024-07-05,Organic Search,United States,Mid-Market
CUST-110838,2025-10-03,Organic Search,Germany,Mid-Market
CUST-110839,2024-05-27,Organic Search,United States,SMB
CUST-110840,2024-08-04,Organic Search,United States,Mid-Market
CUST-110841,2025-08-24,Direct,Germany,SMB
CUST-110842,2024-01-16,Email Campaign,Australia,SMB
CUST-110843,2024-05-19,Direct,India,SMB
CUST-110844,2025-06-08,Social Media,United States,Mid-Market
CUST-110845,2025-11-14,paid ads,United States,SMB
CUST-110846,2024-07-01,Direct,United States,SMB
CUST-110847,2025-04-24,Paid Ads,United States,SMB
CUST-110848,2024-04-16,Paid Ads,Canada,SMB
CUST-110849,2024-12-01,Organic Search,United States,SMB
CUST-110850,2025-07-29,Email Campaign,United States,SMB
CUST-110851,2024-02-21,Referral,United States,SMB
CUST-110852,2024-05-23,Referral,United Kingdom,Enterprise
CUST-110853,2024-01-23,outbound_sales,Germany,Mid-Market
CUST-110854,2024-10-23,Referral,Australia,SMB
CUST-110855,2025-01-17,outbound_sales,Australia,SMB
CUST-110856,2025-05-27,Email Campaign,United States,SMB
CUST-110857,2025-11-20,Direct,Canada,Mid-Market
CUST-110858,2025-09-08,Referral,United Kingdom,SMB
CUST-110859,2024-08-22,Email Campaign,Netherlands,Enterprise
CUST-110860,2025-07-07,Social Media,United Kingdom,SMB
CUST-110861,2025-11-03,Direct,India,Mid-Market
CUST-110862,2024-12-13,Referral,France,SMB
CUST-110863,2025-05-11,Organic Search,Germany,SMB
CUST-110864,2025-05-23,Organic Search,United Kingdom,SMB
CUST-110865,2025-10-21,Email Campaign,France,SMB
CUST-110866,2025-02-15,Direct,Australia,SMB
CUST-110867,2025-04-26,Organic Search,United States,Enterprise
CUST-110868,2024-03-29,Paid Ads,United Kingdom,Mid-Market
CUST-110869,2025-03-20,Paid Ads,India,SMB
CUST-110870,2024-10-05,Referral,United Kingdom,SMB
CUST-110871,2024-12-17,Paid Ads,India,Enterprise
CUST-110872,2025-06-18,Email Campaign,Germany,SMB
CUST-110873,2024-04-27,Referral,Canada,SMB
CUST-110874,2024-12-09,Organic Search,United States,SMB
CUST-110875,2024-11-08,Referral,United States,SMB
CUST-110876,2024-09-27,Organic Search,Canada,SMB
CUST-110877,2025-07-13,Organic Search,United States,SMB
CUST-110878,2024-09-10,Referral,United States,Mid-Market
CUST-110879,2025-01-28,Paid Ads,United States,Enterprise
CUST-110880,2024-11-17,Organic Search,United Kingdom,SMB
CUST-110881,2025-10-19,Referral,United Kingdom,Mid-Market
CUST-110882,2024-03-07,outbound_sales,Germany,SMB
CUST-110883,2025-02-14,Referral,Australia,SMB
CUST-110884,2024-08-06,Paid Ads,Germany,SMB
CUST-110885,2024-07-28,Organic Search,Netherlands,SMB
CUST-110886,2024-02-17,Referral,United States,Enterprise
CUST-110887,2024-11-29,Paid Ads,United Kingdom,SMB
CUST-110888,2024-07-11,Social Media,Netherlands,SMB
CUST-110889,2025-08-26,Social Media,United States,Mid-Market
CUST-110890,2024-08-31,Email Campaign,United Kingdom,SMB
CUST-110891,2025-08-11,referral,Germany,SMB
CUST-110892,2024-04-28,Organic Search,United Kingdom,SMB
CUST-110893,2025-09-30,Paid Ads,United States,Mid-Market
CUST-110894,2025-09-11,Organic Search,India,SMB
CUST-110895,2025-05-25,Paid Ads,United States,Mid-Market
CUST-110896,2024-07-19,Referral,United States,SMB
CUST-110897,2025-03-21,Paid Ads,Canada,SMB
CUST-110898,2024-09-08,Paid Ads,United Kingdom,SMB
CUST-110899,2025-02-24,Paid Ads,United Kingdom,SMB
CUST-110900,2025-10-07,Email Campaign,Australia,Enterprise
CUST-110901,2025-11-18,organic search,United States,SMB
CUST-110902,2024-08-11,Organic Search,Germany,SMB
CUST-110903,2025-03-09,Organic Search,Netherlands,SMB
CUST-110904,2025-06-27,Referral,United States,Mid-Market
CUST-110905,2025-10-27,Organic Search,Canada,SMB
CUST-110906,2025-01-06,Direct,United Kingdom,SMB
CUST-110907,2024-09-29,Paid Ads,United States,SMB
CUST-110908,2024-01-20,Organic Search,India,Enterprise
CUST-110909,2024-12-19,Referral,Australia,SMB
CUST-110910,2024-12-12,Paid Ads,Australia,SMB
CUST-110911,2025-03-27,Referral,Netherlands,SMB
CUST-110912,2024-03-06,Paid Ads,India,SMB
CUST-110913,2024-03-09,outbound_sales,Germany,SMB
CUST-110914,2025-08-24,Social Media,United States,Enterprise
CUST-110915,2025-08-08,Paid Ads,Germany,Enterprise
CUST-110916,2024-04-22,Paid Ads,United States,Enterprise
CUST-110917,2024-08-10,Email Campaign,Netherlands,Mid-Market
CUST-110918,2025-04-13,Social Media,United States,SMB
CUST-110919,2024-06-04,Direct,Germany,SMB
CUST-110920,2024-09-03,Organic Search,Netherlands,SMB
CUST-110921,2025-05-20,Organic Search,France,SMB
CUST-110922,2024-04-14,outbound_sales,United States,Mid-Market
CUST-110923,2025-03-24,Referral,United Kingdom,SMB
CUST-110924,2025-09-30,Paid Ads,United Kingdom,Mid-Market
CUST-110925,2024-05-29,Paid Ads,Canada,SMB
CUST-110926,2025-09-13,referral,United States,Enterprise
CUST-110927,2025-04-17,outbound_sales,France,SMB
CUST-110928,2024-12-09,Paid Ads,India,SMB
CUST-110929,2025-03-21,Organic Search,United States,Mid-Market
CUST-110930,2025-04-08,Social Media,Australia,SMB
CUST-110931,2025-07-18,Organic Search,United States,Mid-Market
CUST-110932,2025-10-04,Social Media,United States,SMB
CUST-110933,2024-08-16,Organic Search,India,Mid-Market
CUST-110934,2024-11-12,Organic Search,United Kingdom,SMB
CUST-110935,2025-01-16,Organic Search,United States,SMB
CUST-110936,2025-06-03,Organic Search,India,SMB
CUST-110937,2025-07-22,Direct,United States,Mid-Market
CUST-110938,2024-09-21,Referral,France,SMB
CUST-110939,2025-07-30,Organic Search,United States,Mid-Market
CUST-110940,2025-08-24,Paid Ads,United States,SMB
CUST-110941,2025-01-22,Paid Ads,Germany,SMB
CUST-110942,2024-05-15,Organic Search,United Kingdom,Enterprise
CUST-110943,2025-06-09,Organic Search,United States,SMB
CUST-110944,2024-03-26,Direct,India,Mid-Market
CUST-110945,2025-05-16,Paid Ads,India,Mid-Market
CUST-110946,2025-01-11,Organic Search,United States,SMB
CUST-110947,2024-07-18,Paid Ads,India,SMB
CUST-110948,2024-03-15,Referral,United States,Enterprise
CUST-110949,2025-10-06,Paid Ads,United Kingdom,SMB
CUST-110950,2025-08-18,Email Campaign,United States,SMB
CUST-110951,2024-04-15,Organic Search,United States,SMB
CUST-110952,2025-01-10,Email Campaign,United Kingdom,SMB
CUST-110953,2025-03-31,Paid Ads,United States,Mid-Market
CUST-110954,2024-06-25,Organic Search,United States,Enterprise
CUST-110955,2024-07-01,Organic Search,Netherlands,SMB
CUST-110956,2025-01-29,Paid Ads,Netherlands,Mid-Market
CUST-110957,2024-12-30,Social Media,India,SMB
CUST-110958,2024-06-12,Social Media,United States,SMB
CUST-110959,2025-09-20,Organic Search,Canada,SMB
CUST-110960,2025-09-22,Social Media,United Kingdom,Mid-Market
CUST-110961,2025-04-27,Paid Ads,United States,SMB
CUST-110962,2024-04-29,Email Campaign,United States,Enterprise
CUST-110963,2024-09-08,Organic Search,United States,SMB
CUST-110964,2025-11-28,Email Campaign,United States,SMB
CUST-110965,2025-10-25,Social Media,United States,SMB
CUST-110966,2025-03-03,referral,United States,SMB
CUST-110967,2025-07-15,Direct,United States,SMB
CUST-110968,2024-05-18,Paid Ads,Canada,SMB
CUST-110969,2024-07-06,Email Campaign,United States,SMB
CUST-110970,2024-11-10,paid ads,United Kingdom,Mid-Market
CUST-110971,2025-02-23,Referral,Canada,SMB
CUST-110972,2025-02-12,Paid Ads,United States,SMB
CUST-110973,2024-06-17,Referral,United States,SMB
CUST-110974,2024-06-19,Direct,Canada,SMB
CUST-110975,2025-04-09,Paid Ads,Canada,Enterprise
CUST-110976,2024-03-19,Paid Ads,Canada,SMB
CUST-110977,2025-07-11,Email Campaign,United States,SMB
CUST-110978,2025-10-20,Email Campaign,Germany,SMB
CUST-110979,2024-10-12,Paid Ads,India,Mid-Market
CUST-110980,2025-06-21,Paid Ads,Germany,Mid-Market
CUST-110981,2024-11-13,Paid Ads,United States,Mid-Market
CUST-110982,2025-10-06,Paid Ads,United States,Mid-Market
CUST-110983,2024-05-15,Paid Ads,United States,SMB
CUST-110984,2025-08-16,Organic Search,United States,SMB
CUST-110985,2024-10-15,Referral,United States,Mid-Market
CUST-110986,2025-09-07,Paid Ads,United States,Mid-Market
CUST-110987,2024-05-30,Direct,Canada,Mid-Market
CUST-110988,2025-03-28,Organic Search,Netherlands,Mid-Market
CUST-110989,2025-03-27,Referral,Germany,SMB
CUST-110990,2025-11-23,Paid Ads,United States,Mid-Market
CUST-110991,2024-08-06,Paid Ads,United Kingdom,SMB
CUST-110992,2024-12-17,outbound_sales,France,SMB
CUST-110993,2024-03-30,Email Campaign,Canada,SMB
CUST-110994,2024-06-10,Paid Ads,Germany,Mid-Market
CUST-110995,2024-08-03,Direct,Canada,SMB
CUST-110996,2025-05-27,paid ads,Germany,SMB
CUST-110997,2024-02-07,Paid Ads,United States,SMB
CUST-110998,2025-02-28,Organic Search,Netherlands,SMB
CUST-110999,2025-10-11,Paid Ads,United States,Enterprise
CUST-111000,2025-02-06,Social Media,Germany,Mid-Market
CUST-111001,2024-08-23,Direct,India,Enterprise
CUST-111002,2025-01-06,Paid Ads,India,SMB
CUST-111003,2024-10-01,referral,United Kingdom,SMB
CUST-111004,2024-10-30,Paid Ads,Canada,SMB
CUST-111005,2024-11-28,Paid Ads,India,SMB
CUST-111006,2024-05-23,Organic Search,Germany,Mid-Market
CUST-111007,2025-05-29,Paid Ads,United States,SMB
CUST-111008,2025-01-01,Direct,United States,SMB
CUST-111009,2024-08-27,Organic Search,United Kingdom,SMB
CUST-111010,2024-06-04,Email Campaign,United States,Enterprise
CUST-111011,2024-03-11,Direct,United Kingdom,Enterprise
CUST-111012,2024-02-16,Direct,Australia,Mid-Market
CUST-111013,2024-07-25,Email Campaign,United States,SMB
CUST-111014,2025-04-04,paid ads,Germany,SMB
CUST-111015,2025-11-10,Paid Ads,United States,Mid-Market
CUST-111016,2025-11-05,Paid Ads,United States,Mid-Market
CUST-111017,2024-01-19,Email Campaign,United States,SMB
CUST-111018,2024-07-12,Organic Search,United States,SMB
CUST-111019,2024-07-22,Paid Ads,United States,SMB
CUST-111020,2024-03-04,Paid Ads,Germany,Enterprise
CUST-111021,2024-01-24,Organic Search,United States,SMB
CUST-111022,2024-03-16,Referral,United States,Mid-Market
CUST-111023,2025-05-20,Organic Search,Australia,SMB
CUST-111024,2024-08-20,Organic Search,United States,Enterprise
CUST-111025,2025-10-26,Social Media,Canada,SMB
CUST-111026,2024-12-26,Paid Ads,United States,Mid-Market
CUST-111027,2025-01-11,Organic Search,Netherlands,Mid-Market
CUST-111028,2024-02-25,Paid Ads,United States,SMB
CUST-111029,2025-08-15,Referral,Netherlands,SMB
CUST-111030,2025-06-28,Referral,United Kingdom,Mid-Market
CUST-111031,2025-02-01,Paid Ads,United Kingdom,SMB
CUST-111032,2025-11-25,Paid Ads,Canada,Mid-Market
CUST-111033,2024-12-18,Paid Ads,United States,SMB
CUST-111034,2025-11-07,Organic Search,Netherlands,SMB
CUST-111035,2024-04-07,Paid Ads,Canada,Enterprise
CUST-111036,2024-01-19,Paid Ads,United States,Enterprise
CUST-111037,2024-01-30,Organic Search,Netherlands,Mid-Market
CUST-111038,2024-12-23,Organic Search,Germany,SMB
CUST-111039,2025-03-29,Referral,Netherlands,SMB
CUST-111040,2025-07-28,Paid Ads,United States,Enterprise
CUST-111041,2025-08-22,Organic Search,United States,SMB
CUST-111042,2024-09-28,Organic Search,India,SMB
CUST-111043,2024-10-16,Referral,United States,Mid-Market
CUST-111044,2024-04-16,Paid Ads,Germany,Mid-Market
CUST-111045,2025-06-14,Paid Ads,India,Mid-Market
CUST-111046,2024-03-20,Paid Ads,France,SMB
CUST-111047,2024-05-17,Referral,France,SMB
CUST-111048,2025-08-19,Organic Search,United States,SMB
CUST-111049,2024-01-15,Paid Ads,United Kingdom,SMB
CUST-111050,2024-01-12,Email Campaign,Germany,Enterprise
CUST-111051,2025-10-18,Referral,United States,Enterprise
CUST-111052,2025-08-13,Organic Search,France,SMB
CUST-111053,2025-01-24,Paid Ads,India,SMB
CUST-111054,2024-09-04,Email Campaign,United States,SMB
CUST-111055,2025-03-27,Referral,India,SMB
CUST-111056,2025-01-21,Paid Ads,United States,Mid-Market
CUST-111057,2024-04-06,Social Media,India,SMB
CUST-111058,2024-05-21,Paid Ads,Australia,SMB
CUST-111059,2024-11-04,Paid Ads,United States,SMB
CUST-111060,2024-07-27,Organic Search,United States,SMB
CUST-111061,2024-06-18,Referral,India,SMB
CUST-111062,2024-04-30,Email Campaign,United Kingdom,Mid-Market
CUST-111063,2024-02-24,Organic Search,Canada,SMB
CUST-111064,2025-04-09,Direct,United Kingdom,Mid-Market
CUST-111065,2024-11-16,Email Campaign,United Kingdom,SMB
CUST-111066,2024-10-07,Direct,United States,SMB
CUST-111067,2024-03-10,Organic Search,United States,Mid-Market
CUST-111068,2025-05-04,Email Campaign,United Kingdom,SMB
CUST-111069,2025-08-21,Organic Search,United Kingdom,Mid-Market
CUST-111070,2024-07-16,Paid Ads,United States,SMB
CUST-111071,2024-11-13,Referral,United States,SMB
CUST-111072,2024-04-20,Referral,India,Mid-Market
CUST-111073,2025-03-22,Referral,United States,Mid-Market
CUST-111074,2024-06-27,Referral,United States,Mid-Market
CUST-111075,2024-04-28,email campaign,United Kingdom,SMB
CUST-111076,2025-02-24,Social Media,United States,Mid-Market
CUST-111077,2024-10-10,Paid Ads,Germany,Enterprise
CUST-111078,2024-02-17,Referral,United Kingdom,Mid-Market
CUST-111079,2025-06-09,Email Campaign,United States,Mid-Market
CUST-111080,2024-02-17,Social Media,United Kingdom,SMB
CUST-111081,2024-06-06,Paid Ads,United States,Mid-Market
CUST-111082,2025-07-19,outbound_sales,Canada,SMB
CUST-111083,2024-04-21,Email Campaign,Germany,SMB
CUST-111084,2025-09-05,Organic Search,United States,SMB
CUST-111085,2025-05-17,referral,United States,Mid-Market
CUST-111086,2025-03-17,Organic Search,United Kingdom,Mid-Market
CUST-111087,2025-11-30,paid ads,United States,Mid-Market
CUST-111088,2025-10-13,Organic Search,United Kingdom,SMB
CUST-111089,2025-07-19,Organic Search,United States,SMB
CUST-111090,2024-01-05,Referral,United States,Enterprise
CUST-111091,2025-06-10,Referral,United States,SMB
CUST-111092,2024-11-23,Direct,India,Mid-Market
CUST-111093,2024-06-02,Organic Search,United Kingdom,SMB
CUST-111094,2024-10-01,Organic Search,Canada,SMB
CUST-111095,2024-08-07,Referral,France,Mid-Market
CUST-111096,2025-07-10,Referral,Germany,SMB
CUST-111097,2025-11-17,Organic Search,Germany,SMB
CUST-111098,2024-11-04,Paid Ads,India,SMB
CUST-111099,2025-08-03,Paid Ads,United States,Mid-Market
CUST-111100,2025-02-13,Organic Search,France,Enterprise
CUST-111101,2024-08-20,Paid Ads,Canada,SMB
CUST-111102,2024-07-01,Organic Search,United States,Mid-Market
CUST-111103,2024-09-20,Paid Ads,United States,SMB
CUST-111104,2024-09-27,outbound_sales,Australia,Enterprise
CUST-111105,2025-05-19,Direct,Canada,SMB
CUST-111106,2024-12-17,Referral,India,SMB
CUST-111107,2024-09-16,Paid Ads,India,SMB
CUST-111108,2025-03-24,Direct,India,SMB
CUST-111109,2024-02-23,Paid Ads,United States,SMB
CUST-111110,2024-01-03,Referral,United Kingdom,SMB
CUST-111111,2025-11-11,Paid Ads,Canada,Enterprise
CUST-111112,2025-06-15,Paid Ads,United Kingdom,SMB
CUST-111113,2024-11-20,Paid Ads,United States,SMB
CUST-111114,2025-05-28,organic search,Canada,SMB
CUST-111115,2024-09-09,Referral,France,Mid-Market
CUST-111116,2024-10-25,Email Campaign,United States,SMB
CUST-111117,2025-11-26,Direct,United States,SMB
CUST-111118,2025-04-19,Social Media,Australia,SMB
CUST-111119,2024-02-14,Paid Ads,Germany,SMB
CUST-111120,2025-08-11,Email Campaign,United States,SMB
CUST-111121,2025-04-10,Paid Ads,United States,SMB
CUST-111122,2025-04-02,Organic Search,United States,Mid-Market
CUST-111123,2024-01-24,Organic Search,United Kingdom,SMB
CUST-111124,2025-02-04,Paid Ads,Australia,SMB
CUST-111125,2024-02-14,Direct,United Kingdom,SMB
CUST-111126,2025-09-11,Email Campaign,India,SMB
CUST-111127,2025-05-17,Social Media,Canada,SMB
CUST-111128,2025-06-11,Organic Search,United States,SMB
CUST-111129,2025-08-12,direct,United States,Mid-Market
CUST-111130,2024-01-10,Referral,United States,SMB
CUST-111131,2024-05-03,email campaign,Canada,Mid-Market
CUST-111132,2024-07-19,Referral,United States,Mid-Market
CUST-111133,2024-01-11,Organic Search,United States,SMB
CUST-111134,2024-09-12,Paid Ads,United States,SMB
CUST-111135,2025-01-13,Email Campaign,United States,Mid-Market
CUST-111136,2025-06-11,Referral,Netherlands,Mid-Market
CUST-111137,2025-09-23,Referral,Canada,SMB
CUST-111138,2025-04-18,Organic Search,Germany,SMB
CUST-111139,2025-05-07,Paid Ads,Germany,SMB
CUST-111140,2025-11-09,Referral,United Kingdom,SMB
CUST-111141,2025-10-06,Organic Search,United States,SMB
CUST-111142,2025-04-16,Referral,Australia,Enterprise
CUST-111143,2025-07-09,Organic Search,United States,SMB
CUST-111144,2024-09-20,Referral,United Kingdom,SMB
CUST-111145,2025-09-19,Social Media,Canada,Mid-Market
CUST-111146,2024-10-06,Direct,Germany,SMB
CUST-111147,2024-02-13,Organic Search,United States,SMB
CUST-111148,2024-06-28,Paid Ads,Australia,SMB
CUST-111149,2025-05-31,Email Campaign,United Kingdom,SMB
CUST-111150,2024-06-28,Direct,United States,SMB
CUST-111151,2024-07-03,Paid Ads,Australia,SMB
CUST-111152,2024-12-18,Direct,United States,Mid-Market
CUST-111153,2025-11-13,Organic Search,United States,SMB
CUST-111154,2024-10-21,Organic Search,United States,Enterprise
CUST-111155,2024-06-11,Paid Ads,United Kingdom,SMB
CUST-111156,2024-05-15,Paid Ads,United Kingdom,Mid-Market
CUST-111157,2024-10-08,Paid Ads,United States,Mid-Market
CUST-111158,2025-02-07,Social Media,United States,Enterprise
CUST-111159,2024-03-03,Referral,India,SMB
CUST-111160,2025-06-30,Social Media,Canada,SMB
CUST-111161,2025-03-13,Email Campaign,Canada,SMB
CUST-111162,2024-05-08,Referral,Canada,SMB
CUST-111163,2024-01-20,Paid Ads,Canada,SMB
CUST-111164,2025-07-10,social media,United States,SMB
CUST-111165,2025-04-27,Referral,Netherlands,SMB
CUST-111166,2024-06-09,Email Campaign,United States,SMB
CUST-111167,2025-07-06,Paid Ads,Canada,SMB
CUST-111168,2024-11-21,Organic Search,United Kingdom,SMB
CUST-111169,2025-11-21,Organic Search,United Kingdom,Mid-Market
CUST-111170,2025-01-13,Paid Ads,Germany,Mid-Market
CUST-111171,2024-10-16,Social Media,France,SMB
CUST-111172,2025-09-06,Direct,United States,Mid-Market
CUST-111173,2025-04-15,Social Media,United States,SMB
CUST-111174,2025-02-05,Referral,United Kingdom,Mid-Market
CUST-111175,2024-05-08,Direct,Germany,SMB
CUST-111176,2025-03-15,Referral,United Kingdom,SMB
CUST-111177,2024-03-28,Direct,United States,Enterprise
CUST-111178,2024-07-28,Social Media,United Kingdom,SMB
CUST-111179,2025-07-31,Organic Search,United States,SMB
CUST-111180,2024-03-25,Social Media,Australia,SMB
CUST-111181,2025-07-22,Organic Search,United Kingdom,SMB
CUST-111182,2025-02-02,Organic Search,Canada,Mid-Market
CUST-111183,2025-09-14,Organic Search,United States,SMB
CUST-111184,2025-06-03,Direct,United States,SMB
CUST-111185,2025-07-08,Organic Search,Australia,SMB
CUST-111186,2024-04-11,Direct,United States,Mid-Market
CUST-111187,2024-09-28,Organic Search,United States,Enterprise
CUST-111188,2025-05-27,Email Campaign,United States,SMB
CUST-111189,2025-02-10,Referral,United Kingdom,Mid-Market
CUST-111190,2024-07-30,Organic Search,Netherlands,SMB
CUST-111191,2024-09-29,Organic Search,Germany,Mid-Market
CUST-111192,2024-03-23,Organic Search,United States,Mid-Market
CUST-111193,2024-09-21,Referral,United States,Mid-Market
CUST-111194,2025-01-24,Paid Ads,Germany,Enterprise
CUST-111195,2024-10-24,Direct,United States,SMB
CUST-111196,2024-10-05,outbound_sales,Canada,SMB
CUST-111197,2024-12-10,Organic Search,United Kingdom,SMB
CUST-111198,2025-07-06,Paid Ads,Germany,SMB
CUST-111199,2024-08-07,Email Campaign,United States,Mid-Market
CUST-111200,2025-04-17,Paid Ads,United States,SMB
CUST-111201,2025-09-14,Referral,United States,Mid-Market
CUST-111202,2025-04-28,Email Campaign,Germany,SMB
CUST-111203,2024-06-27,Paid Ads,United States,Mid-Market
CUST-111204,2024-06-09,Direct,United States,SMB
CUST-111205,2024-10-19,Referral,United Kingdom,SMB
CUST-111206,2024-01-13,Organic Search,United States,SMB
CUST-111207,2024-12-04,Paid Ads,United Kingdom,Enterprise
CUST-111208,2025-09-25,Paid Ads,Germany,SMB
CUST-111209,2025-03-30,paid ads,United States,SMB
CUST-111210,2025-03-12,Organic Search,Canada,SMB
CUST-111211,2025-09-15,Email Campaign,India,Enterprise
CUST-111212,2025-04-22,Email Campaign,United States,Enterprise
CUST-111213,2025-02-03,Paid Ads,United States,SMB
CUST-111214,2025-11-14,Email Campaign,United States,SMB
CUST-111215,2025-09-01,Organic Search,France,SMB
CUST-111216,2025-11-12,Direct,Canada,SMB
CUST-111217,2025-10-16,Paid Ads,United States,SMB
CUST-111218,2024-12-01,Email Campaign,United States,SMB
CUST-111219,2024-08-27,outbound_sales,Australia,SMB
CUST-111220,2024-11-03,Direct,Netherlands,SMB
CUST-111221,2025-09-28,Organic Search,United Kingdom,SMB
CUST-111222,2025-02-05,outbound_sales,United Kingdom,Mid-Market
CUST-111223,2024-09-26,Organic Search,Germany,SMB
CUST-111224,2024-07-15,Organic Search,United States,Enterprise
CUST-111225,2024-02-04,Referral,India,SMB
CUST-111226,2025-10-22,Organic Search,Australia,SMB
CUST-111227,2025-02-10,Organic Search,United States,SMB
CUST-111228,2025-09-15,Referral,United States,SMB
CUST-111229,2024-07-18,Direct,Germany,Mid-Market
CUST-111230,2025-06-07,Direct,United Kingdom,SMB
CUST-111231,2025-09-30,Paid Ads,United States,SMB
CUST-111232,2025-06-03,Referral,United States,SMB
CUST-111233,2024-07-04,Organic Search,Germany,Enterprise
CUST-111234,2024-10-27,Paid Ads,United States,SMB
CUST-111235,2024-01-24,Paid Ads,United Kingdom,SMB
CUST-111236,2024-12-13,Referral,United Kingdom,SMB
CUST-111237,2025-01-17,Direct,United States,Enterprise
CUST-111238,2024-06-19,Direct,Canada,SMB
CUST-111239,2024-03-13,Email Campaign,United States,SMB
CUST-111240,2024-02-22,Social Media,France,SMB
CUST-111241,2025-01-27,Organic Search,United States,Mid-Market
CUST-111242,2024-03-24,Referral,India,SMB
CUST-111243,2025-08-24,Organic Search,United States,SMB
CUST-111244,2024-04-14,Paid Ads,Canada,SMB
CUST-111245,2025-02-22,Organic Search,Netherlands,SMB
CUST-111246,2024-07-24,Direct,United States,SMB
CUST-111247,2025-07-05,Organic Search,United Kingdom,Mid-Market
CUST-111248,2025-10-31,Organic Search,Germany,Mid-Market
CUST-111249,2024-10-19,Paid Ads,France,Mid-Market
CUST-111250,2025-10-07,Organic Search,United States,Enterprise
CUST-111251,2025-03-21,Paid Ads,United States,SMB
CUST-111252,2024-03-30,Organic Search,United States,SMB
CUST-111253,2024-03-25,Organic Search,United States,Mid-Market
CUST-111254,2025-02-12,Paid Ads,United States,SMB
CUST-111255,2025-06-07,Direct,India,SMB
CUST-111256,2025-08-17,Direct,United States,Enterprise
CUST-111257,2025-05-12,Email Campaign,United States,SMB
CUST-111258,2024-10-29,Social Media,United States,SMB
CUST-111259,2024-05-16,Direct,United Kingdom,SMB
CUST-111260,2024-07-26,Paid Ads,Netherlands,Enterprise
CUST-111261,2025-05-07,Organic Search,Germany,Mid-Market
CUST-111262,2024-04-29,Paid Ads,United States,SMB
CUST-111263,2024-08-05,Referral,United States,Mid-Market
CUST-111264,2025-04-30,Direct,United States,SMB
CUST-111265,2024-10-27,Paid Ads,United States,SMB
CUST-111266,2025-01-19,paid ads,United States,Mid-Market
CUST-111267,2025-07-14,Email Campaign,Australia,SMB
CUST-111268,2024-07-28,Organic Search,India,Mid-Market
CUST-111269,2025-09-04,Paid Ads,United States,Mid-Market
CUST-111270,2025-10-15,Organic Search,Canada,SMB
CUST-111271,2024-04-17,Paid Ads,United States,SMB
CUST-111272,2025-01-28,Paid Ads,United Kingdom,SMB
CUST-111273,2025-09-16,Email Campaign,Germany,Mid-Market
CUST-111274,2024-05-13,Paid Ads,United States,SMB
CUST-111275,2025-10-01,Social Media,Canada,SMB
CUST-111276,2025-01-10,Social Media,Germany,Enterprise
CUST-111277,2024-03-08,Referral,Germany,SMB
CUST-111278,2025-11-23,Referral,Germany,SMB
CUST-111279,2024-12-10,Referral,United States,SMB
CUST-111280,2025-01-31,Paid Ads,United Kingdom,SMB
CUST-111281,2025-09-30,Direct,Netherlands,SMB
CUST-111282,2025-08-04,Organic Search,United States,Mid-Market
CUST-111283,2024-05-20,Organic Search,Canada,SMB
CUST-111284,2024-01-02,Referral,United States,Mid-Market
CUST-111285,2024-01-23,Direct,France,SMB
CUST-111286,2024-04-11,Direct,United States,SMB
CUST-111287,2025-09-15,Paid Ads,United States,SMB
CUST-111288,2024-10-18,Referral,United States,SMB
CUST-111289,2024-12-05,Email Campaign,France,SMB
CUST-111290,2024-07-06,Organic Search,United States,Mid-Market
CUST-111291,2024-09-29,Paid Ads,United States,SMB
CUST-111292,2025-01-26,Paid Ads,Germany,SMB
CUST-111293,2025-10-22,Paid Ads,United Kingdom,SMB
CUST-111294,2025-01-24,Paid Ads,United Kingdom,SMB
CUST-111295,2024-12-08,Email Campaign,Netherlands,Enterprise
CUST-111296,2024-07-11,Social Media,Germany,SMB
CUST-111297,2024-12-07,Organic Search,Australia,SMB
CUST-111298,2025-04-20,Paid Ads,United States,SMB
CUST-111299,2025-04-02,Paid Ads,United Kingdom,SMB
CUST-111300,2024-12-17,Organic Search,United States,Mid-Market
CUST-111301,2025-07-25,Organic Search,Germany,SMB
CUST-111302,2024-05-10,Paid Ads,United Kingdom,Mid-Market
CUST-111303,2024-08-03,Paid Ads,Australia,Mid-Market
CUST-111304,2024-08-25,Direct,United States,Mid-Market
CUST-111305,2025-03-10,Paid Ads,France,Enterprise
CUST-111306,2024-02-27,Email Campaign,Netherlands,Mid-Market
CUST-111307,2024-03-28,Referral,Germany,SMB
CUST-111308,2024-04-17,Direct,India,SMB
CUST-111309,2024-10-09,Email Campaign,United States,SMB
CUST-111310,2025-08-20,Referral,India,SMB
CUST-111311,2024-09-17,organic search,United Kingdom,SMB
CUST-111312,2025-06-25,Social Media,Australia,SMB
CUST-111313,2025-06-23,Paid Ads,United States,Mid-Market
CUST-111314,2024-12-25,Organic Search,United Kingdom,SMB
CUST-111315,2024-12-09,Paid Ads,United Kingdom,Mid-Market
CUST-111316,2024-05-24,Referral,United Kingdom,SMB
CUST-111317,2024-08-03,Organic Search,United States,Mid-Market
CUST-111318,2024-11-15,Referral,United States,SMB
CUST-111319,2024-04-02,Paid Ads,United States,Enterprise
CUST-111320,2024-07-14,Paid Ads,United States,SMB
CUST-111321,2024-03-18,Email Campaign,United States,SMB
CUST-111322,2024-08-15,Referral,United Kingdom,SMB
CUST-111323,2024-05-03,Organic Search,United States,SMB
CUST-111324,2024-08-06,Paid Ads,Canada,Enterprise
CUST-111325,2024-12-12,Referral,United States,Mid-Market
CUST-111326,2024-10-31,Social Media,Netherlands,Mid-Market
CUST-111327,2025-03-20,Paid Ads,United Kingdom,SMB
CUST-111328,2025-03-17,outbound_sales,United States,Mid-Market
CUST-111329,2025-09-28,Referral,United States,Mid-Market
CUST-111330,2025-08-06,Paid Ads,Germany,SMB
CUST-111331,2025-06-06,Social Media,Netherlands,Enterprise
CUST-111332,2025-11-16,Email Campaign,Germany,SMB
CUST-111333,2024-05-09,Social Media,United Kingdom,Mid-Market
CUST-111334,2025-04-23,paid ads,Germany,SMB
CUST-111335,2025-02-09,Organic Search,France,SMB
CUST-111336,2025-01-07,Direct,United States,Enterprise
CUST-111337,2025-10-02,Referral,United Kingdom,SMB
CUST-111338,2025-01-25,Direct,United States,SMB
CUST-111339,2024-03-06,Paid Ads,Canada,SMB
CUST-111340,2025-04-12,Social Media,India,Mid-Market
CUST-111341,2025-06-03,Organic Search,United States,Mid-Market
CUST-111342,2024-09-24,Organic Search,United States,SMB
CUST-111343,2024-03-11,Email Campaign,United States,Mid-Market
CUST-111344,2025-09-16,Organic Search,United States,SMB
CUST-111345,2025-02-19,Direct,Canada,Mid-Market
CUST-111346,2025-09-11,Direct,United States,SMB
CUST-111347,2024-01-02,Email Campaign,Germany,SMB
CUST-111348,2024-02-02,Social Media,Germany,Mid-Market
CUST-111349,2025-04-07,Paid Ads,India,SMB
CUST-111350,2024-02-06,Direct,United States,SMB
CUST-111351,2025-10-13,Organic Search,United States,SMB
CUST-111352,2024-03-24,Paid Ads,Canada,SMB
CUST-111353,2025-10-31,Paid Ads,Netherlands,SMB
CUST-111354,2024-03-13,Paid Ads,United States,Mid-Market
CUST-111355,2024-01-17,Referral,United Kingdom,SMB
CUST-111356,2024-08-02,Paid Ads,Germany,SMB
CUST-111357,2025-09-26,Organic Search,United Kingdom,SMB
CUST-111358,2025-01-02,Paid Ads,United Kingdom,Enterprise
CUST-111359,2025-05-26,Organic Search,India,SMB
CUST-111360,2024-01-22,Social Media,United States,SMB
CUST-111361,2025-02-25,Paid Ads,Australia,SMB
CUST-111362,2025-11-29,Paid Ads,United States,SMB
CUST-111363,2025-07-15,Email Campaign,United States,SMB
CUST-111364,2024-08-27,Email Campaign,United States,Mid-Market
CUST-111365,2024-05-16,Email Campaign,India,SMB
CUST-111366,2024-09-13,Email Campaign,United States,Enterprise
CUST-111367,2025-07-02,Paid Ads,United States,SMB
CUST-111368,2025-01-22,Email Campaign,United States,SMB
CUST-111369,2025-03-20,Direct,United States,SMB
CUST-111370,2024-10-17,Paid Ads,United States,Mid-Market
CUST-111371,2025-08-25,Organic Search,United Kingdom,SMB
CUST-111372,2024-01-08,Direct,Netherlands,SMB
CUST-111373,2024-10-10,paid ads,India,SMB
CUST-111374,2025-11-17,Paid Ads,United States,SMB
CUST-111375,2024-12-20,outbound_sales,United States,SMB
CUST-111376,2024-12-11,Organic Search,United States,Mid-Market
CUST-111377,2024-11-14,outbound_sales,United States,SMB
CUST-111378,2025-10-28,Referral,France,SMB
CUST-111379,2024-12-06,direct,India,SMB
CUST-111380,2024-07-05,Paid Ads,United Kingdom,Mid-Market
CUST-111381,2024-01-08,Organic Search,United Kingdom,SMB
CUST-111382,2025-05-03,Direct,United States,Mid-Market
CUST-111383,2025-05-17,Email Campaign,United States,SMB
CUST-111384,2025-11-30,Direct,Germany,Enterprise
CUST-111385,2024-02-04,Email Campaign,United States,SMB
CUST-111386,2024-10-14,Organic Search,France,SMB
CUST-111387,2025-07-12,Paid Ads,United States,SMB
CUST-111388,2024-08-03,Paid Ads,United States,SMB
CUST-111389,2025-11-10,Email Campaign,United States,SMB
CUST-111390,2025-08-02,Paid Ads,Canada,SMB
CUST-111391,2025-01-19,Email Campaign,France,SMB
CUST-111392,2025-05-06,Referral,Australia,Mid-Market
CUST-111393,2024-08-13,Email Campaign,Australia,SMB
CUST-111394,2024-11-24,Organic Search,United States,SMB
CUST-111395,2025-05-18,Direct,Germany,Mid-Market
CUST-111396,2024-08-02,Organic Search,Germany,SMB
CUST-111397,2025-02-11,Social Media,United States,SMB
CUST-111398,2025-06-08,Direct,Germany,SMB
CUST-111399,2024-04-25,Paid Ads,United States,SMB
CUST-111400,2024-01-06,Email Campaign,Germany,SMB
CUST-111401,2024-03-13,social media,France,SMB
CUST-111402,2025-03-14,Paid Ads,United States,SMB
CUST-111403,2024-07-04,Social Media,United Kingdom,Mid-Market
CUST-111404,2024-10-07,outbound_sales,Australia,SMB
CUST-111405,2024-12-22,Organic Search,United Kingdom,SMB
CUST-111406,2024-06-17,Direct,United States,SMB
CUST-111407,2025-03-08,Direct,United States,Mid-Market
CUST-111408,2024-08-06,Direct,Germany,Enterprise
CUST-111409,2024-02-07,Paid Ads,United Kingdom,SMB
CUST-111410,2025-01-07,Referral,United Kingdom,SMB
CUST-111411,2025-07-15,Email Campaign,United States,Enterprise
CUST-111412,2024-11-15,Paid Ads,India,Mid-Market
CUST-111413,2024-07-28,Paid Ads,United States,Mid-Market
CUST-111414,2024-04-13,Direct,Germany,SMB
CUST-111415,2024-08-06,Email Campaign,Germany,Mid-Market
CUST-111416,2025-06-15,Social Media,United States,Mid-Market
CUST-111417,2025-11-06,Paid Ads,United Kingdom,SMB
CUST-111418,2025-04-03,Paid Ads,United Kingdom,SMB
CUST-111419,2024-05-14,Organic Search,United States,SMB
CUST-111420,2025-09-23,Paid Ads,India,Mid-Market
CUST-111421,2025-02-07,Email Campaign,United Kingdom,Enterprise
CUST-111422,2025-04-23,Email Campaign,Canada,SMB
CUST-111423,2025-07-23,Referral,United States,Mid-Market
CUST-111424,2024-10-05,Organic Search,United States,Mid-Market
CUST-111425,2025-08-20,Paid Ads,Australia,SMB
CUST-111426,2025-11-03,Email Campaign,India,Enterprise
CUST-111427,2025-02-03,Organic Search,United States,Mid-Market
CUST-111428,2024-10-30,Paid Ads,Netherlands,Mid-Market
CUST-111429,2024-12-02,Direct,India,SMB
CUST-111430,2024-08-11,Referral,United States,SMB
CUST-111431,2024-12-19,Paid Ads,United States,Enterprise
CUST-111432,2024-04-29,Organic Search,United States,Mid-Market
CUST-111433,2024-09-18,Paid Ads,India,SMB
CUST-111434,2024-06-03,Referral,United States,Mid-Market
CUST-111435,2025-10-17,Paid Ads,United States,Mid-Market
CUST-111436,2025-10-29,Paid Ads,United Kingdom,SMB
CUST-111437,2025-03-28,Direct,United States,Mid-Market
CUST-111438,2025-08-15,Paid Ads,Germany,SMB
CUST-111439,2024-11-25,Paid Ads,United States,Mid-Market
CUST-111440,2025-10-30,Paid Ads,United States,SMB
CUST-111441,2024-10-13,Direct,United Kingdom,SMB
CUST-111442,2025-11-09,Organic Search,Canada,SMB
CUST-111443,2025-06-14,Email Campaign,United States,Enterprise
CUST-111444,2024-08-31,Paid Ads,United States,SMB
CUST-111445,2024-07-28,Email Campaign,United States,SMB
CUST-111446,2024-08-19,Paid Ads,United States,Mid-Market
CUST-111447,2025-01-25,Organic Search,United States,Enterprise
CUST-111448,2025-06-30,Paid Ads,Canada,SMB
CUST-111449,2025-03-18,Organic Search,Germany,SMB
CUST-111450,2024-11-05,Paid Ads,Netherlands,Mid-Market
CUST-111451,2025-03-16,Paid Ads,United States,SMB
CUST-111452,2025-06-10,Organic Search,India,SMB
CUST-111453,2024-12-26,Paid Ads,United States,SMB
CUST-111454,2024-12-12,Referral,Canada,SMB
CUST-111455,2025-06-23,Referral,United States,SMB
CUST-111456,2024-12-10,Email Campaign,Germany,SMB
CUST-111457,2024-03-18,Direct,United Kingdom,SMB
CUST-111458,2024-01-23,Organic Search,United Kingdom,Enterprise
CUST-111459,2024-04-24,Referral,Canada,Mid-Market
CUST-111460,2024-10-19,outbound_sales,India,Mid-Market
CUST-111461,2025-02-06,Referral,United Kingdom,SMB
CUST-111462,2025-04-07,Organic Search,United States,SMB
CUST-111463,2025-07-11,Organic Search,United States,SMB
CUST-111464,2024-05-30,Organic Search,India,SMB
CUST-111465,2024-11-21,Paid Ads,United States,SMB
CUST-111466,2025-02-04,Organic Search,Canada,Mid-Market
CUST-111467,2025-09-25,Organic Search,Germany,SMB
CUST-111468,2024-02-29,Social Media,Netherlands,SMB
CUST-111469,2025-05-18,Referral,Netherlands,SMB
CUST-111470,2024-02-01,Paid Ads,United Kingdom,SMB
CUST-111471,2024-08-08,Paid Ads,United States,Mid-Market
CUST-111472,2024-07-24,Paid Ads,United Kingdom,Mid-Market
CUST-111473,2024-08-10,Email Campaign,Germany,Mid-Market
CUST-111474,2024-01-08,Organic Search,Germany,SMB
CUST-111475,2024-05-12,Referral,Australia,SMB
CUST-111476,2024-01-15,Email Campaign,United States,SMB
CUST-111477,2024-01-08,Referral,Australia,SMB
CUST-111478,2025-04-28,Email Campaign,Germany,SMB
CUST-111479,2024-08-19,Referral,United Kingdom,SMB
CUST-111480,2025-08-16,Paid Ads,United States,SMB
CUST-111481,2025-03-19,Referral,United States,SMB
CUST-111482,2024-08-11,Social Media,United Kingdom,Mid-Market
CUST-111483,2025-04-11,Email Campaign,India,SMB
CUST-111484,2024-03-12,Paid Ads,France,SMB
CUST-111485,2024-03-19,Referral,Australia,Mid-Market
CUST-111486,2025-11-16,Email Campaign,United Kingdom,SMB
CUST-111487,2024-01-12,Paid Ads,France,SMB
CUST-111488,2024-06-03,Email Campaign,Australia,SMB
CUST-111489,2024-08-29,Organic Search,Germany,Mid-Market
CUST-111490,2024-12-17,Email Campaign,United Kingdom,SMB
CUST-111491,2024-05-30,Organic Search,Australia,SMB
CUST-111492,2025-09-05,Email Campaign,Germany,Enterprise
CUST-111493,2024-08-23,Organic Search,India,Mid-Market
CUST-111494,2025-11-19,Social Media,United Kingdom,Enterprise
CUST-111495,2024-08-30,Direct,United States,Mid-Market
CUST-111496,2024-05-06,Organic Search,France,SMB
CUST-111497,2024-10-02,Paid Ads,United States,SMB
CUST-111498,2025-09-04,Email Campaign,United States,SMB
CUST-111499,2024-09-26,Paid Ads,United Kingdom,SMB
CUST-111500,2025-06-03,Referral,United States,SMB
CUST-111501,2025-03-25,Social Media,Germany,SMB
CUST-111502,2024-09-02,Email Campaign,United Kingdom,SMB
CUST-111503,2024-09-02,outbound_sales,Australia,SMB
CUST-111504,2024-06-05,outbound_sales,United States,SMB
CUST-111505,2025-02-03,Organic Search,United States,SMB
CUST-111506,2025-07-27,Paid Ads,Australia,Enterprise
CUST-111507,2025-04-24,Email Campaign,India,Enterprise
CUST-111508,2024-03-30,Email Campaign,France,SMB
CUST-111509,2024-07-10,referral,United States,Mid-Market
CUST-111510,2024-06-23,Email Campaign,United Kingdom,Mid-Market
CUST-111511,2024-03-31,Organic Search,United States,Enterprise
CUST-111512,2024-02-18,Email Campaign,United Kingdom,Enterprise
CUST-111513,2025-08-29,Referral,United States,SMB
CUST-111514,2025-05-05,Paid Ads,United States,Mid-Market
CUST-111515,2024-11-23,Direct,Australia,Mid-Market
CUST-111516,2024-02-13,Paid Ads,Australia,Enterprise
CUST-111517,2024-10-07,Paid Ads,United States,Mid-Market
CUST-111518,2025-10-20,Referral,Canada,Mid-Market
CUST-111519,2024-01-15,Social Media,United States,SMB
CUST-111520,2024-08-03,Direct,Australia,Mid-Market
CUST-111521,2025-03-27,Paid Ads,United States,SMB
CUST-111522,2025-06-18,Direct,United States,SMB
CUST-111523,2024-11-25,Referral,United States,SMB
CUST-111524,2024-03-02,Organic Search,Canada,SMB
CUST-111525,2024-08-07,Paid Ads,United States,SMB
CUST-111526,2024-01-25,Paid Ads,United Kingdom,Mid-Market
CUST-111527,2025-01-13,Paid Ads,United States,SMB
CUST-111528,2025-06-27,organic search,United Kingdom,SMB
CUST-111529,2024-04-08,Paid Ads,United States,SMB
CUST-111530,2024-11-07,Referral,United States,Mid-Market
CUST-111531,2025-08-09,Organic Search,United States,SMB
CUST-111532,2024-10-20,Referral,Germany,Mid-Market
CUST-111533,2024-08-24,Organic Search,India,SMB
CUST-111534,2025-11-13,Referral,Australia,SMB
CUST-111535,2025-05-27,Organic Search,Germany,Enterprise
CUST-111536,2024-01-04,Direct,United Kingdom,SMB
CUST-111537,2025-07-02,Referral,Canada,SMB
CUST-111538,2025-09-18,Organic Search,United Kingdom,Mid-Market
CUST-111539,2024-09-02,Paid Ads,United States,SMB
CUST-111540,2025-09-21,Direct,Germany,SMB
CUST-111541,2024-12-27,Paid Ads,Canada,SMB
CUST-111542,2024-06-09,Direct,United States,SMB
CUST-111543,2025-07-11,Email Campaign,Canada,Enterprise
CUST-111544,2025-08-13,Direct,United States,SMB
CUST-111545,2024-07-07,Social Media,Canada,SMB
CUST-111546,2024-07-12,Email Campaign,Australia,SMB
CUST-111547,2024-04-26,Referral,United States,Mid-Market
CUST-111548,2025-04-09,referral,United Kingdom,SMB
CUST-111549,2025-04-05,Direct,Canada,Mid-Market
CUST-111550,2025-10-08,Organic Search,Canada,SMB
CUST-111551,2024-08-13,Email Campaign,India,SMB
CUST-111552,2025-09-13,Email Campaign,United Kingdom,SMB
CUST-111553,2024-08-14,Referral,United States,SMB
CUST-111554,2024-11-24,Organic Search,United Kingdom,SMB
CUST-111555,2025-07-13,Paid Ads,India,Enterprise
CUST-111556,2024-01-24,Direct,Germany,SMB
CUST-111557,2025-08-10,Organic Search,India,SMB
CUST-111558,2025-06-29,Organic Search,United States,SMB
CUST-111559,2025-04-29,Social Media,United States,Enterprise
CUST-111560,2025-05-17,Paid Ads,Germany,Enterprise
CUST-111561,2024-09-24,Direct,Australia,SMB
CUST-111562,2025-11-20,Organic Search,India,Mid-Market
CUST-111563,2024-04-23,Referral,Germany,Mid-Market
CUST-111564,2024-10-31,Organic Search,Canada,Enterprise
CUST-111565,2024-10-19,Paid Ads,Germany,Enterprise
CUST-111566,2025-09-28,Paid Ads,Canada,Mid-Market
CUST-111567,2025-09-24,Referral,India,SMB
CUST-111568,2024-03-23,Direct,India,Mid-Market
CUST-111569,2024-09-14,Direct,India,SMB
CUST-111570,2024-01-12,Paid Ads,United States,SMB
CUST-111571,2025-08-03,Referral,United Kingdom,SMB
CUST-111572,2025-04-26,Paid Ads,United States,Mid-Market
CUST-111573,2024-07-30,Organic Search,United States,Enterprise
CUST-111574,2024-01-22,Organic Search,United States,SMB
CUST-111575,2024-01-08,Organic Search,United States,SMB
CUST-111576,2025-05-18,Paid Ads,Netherlands,SMB
CUST-111577,2024-06-21,Organic Search,United States,SMB
CUST-111578,2024-10-21,Organic Search,United States,SMB
CUST-111579,2025-10-11,social media,Netherlands,Mid-Market
CUST-111580,2025-06-11,Organic Search,United States,SMB
CUST-111581,2025-07-25,Organic Search,United States,SMB
CUST-111582,2024-03-28,Referral,United States,SMB
CUST-111583,2024-01-30,Paid Ads,India,Mid-Market
CUST-111584,2024-05-04,Paid Ads,United States,SMB
CUST-111585,2024-11-08,Paid Ads,United Kingdom,SMB
CUST-111586,2025-10-08,Email Campaign,Canada,SMB
CUST-111587,2024-08-02,Social Media,United States,SMB
CUST-111588,2024-05-09,Paid Ads,United States,SMB
CUST-111589,2024-05-23,Paid Ads,Germany,SMB
CUST-111590,2024-12-17,Referral,Germany,SMB
CUST-111591,2024-02-21,organic search,Canada,SMB
CUST-111592,2024-04-11,Paid Ads,Germany,Mid-Market
CUST-111593,2024-11-29,Email Campaign,Canada,SMB
CUST-111594,2025-06-18,Email Campaign,United Kingdom,SMB
CUST-111595,2024-09-29,Social Media,United States,SMB
CUST-111596,2025-05-24,outbound_sales,United Kingdom,Enterprise
CUST-111597,2024-03-08,Email Campaign,India,SMB
CUST-111598,2025-02-20,Organic Search,United States,SMB
CUST-111599,2024-08-25,Organic Search,United States,SMB
CUST-111600,2025-04-28,Organic Search,India,SMB
CUST-111601,2025-02-04,Organic Search,Germany,SMB
CUST-111602,2025-10-24,Paid Ads,Netherlands,Mid-Market
CUST-111603,2024-02-27,Email Campaign,Australia,SMB
CUST-111604,2025-11-08,Referral,Netherlands,SMB
CUST-111605,2025-02-28,Paid Ads,United Kingdom,SMB
CUST-111606,2024-09-22,Organic Search,United States,Mid-Market
CUST-111607,2025-04-03,Paid Ads,Germany,SMB
CUST-111608,2025-08-18,referral,Germany,Enterprise
CUST-111609,2025-03-15,Direct,Netherlands,SMB
CUST-111610,2024-08-24,Paid Ads,India,SMB
CUST-111611,2024-08-24,Paid Ads,United States,SMB
CUST-111612,2025-05-26,Organic Search,India,SMB
CUST-111613,2024-07-30,Direct,United States,Mid-Market
CUST-111614,2025-02-05,Organic Search,United States,SMB
CUST-111615,2024-11-23,Social Media,United Kingdom,SMB
CUST-111616,2025-09-09,Organic Search,United States,SMB
CUST-111617,2024-04-11,Paid Ads,United Kingdom,SMB
CUST-111618,2025-06-03,Referral,India,Mid-Market
CUST-111619,2025-08-22,Organic Search,Australia,SMB
CUST-111620,2025-02-04,Paid Ads,India,SMB
CUST-111621,2024-08-12,Referral,India,SMB
CUST-111622,2024-04-17,Email Campaign,United States,Mid-Market
CUST-111623,2025-02-27,Paid Ads,United States,SMB
CUST-111624,2025-10-20,Direct,France,Mid-Market
CUST-111625,2024-08-01,Paid Ads,Germany,SMB
CUST-111626,2024-07-09,Email Campaign,United States,Mid-Market
CUST-111627,2025-04-03,outbound_sales,Germany,Mid-Market
CUST-111628,2025-05-13,Paid Ads,United States,Mid-Market
CUST-111629,2024-08-17,outbound_sales,United Kingdom,Mid-Market
CUST-111630,2025-04-12,Referral,Germany,SMB
CUST-111631,2024-10-06,Organic Search,United States,Enterprise
CUST-111632,2024-08-14,Organic Search,Netherlands,SMB
CUST-111633,2024-06-26,Organic Search,United States,Mid-Market
CUST-111634,2025-08-18,Direct,United Kingdom,SMB
CUST-111635,2025-10-04,Paid Ads,United States,SMB
CUST-111636,2025-05-30,Social Media,United Kingdom,Mid-Market
CUST-111637,2024-05-25,Paid Ads,Netherlands,SMB
CUST-111638,2024-08-13,Paid Ads,Germany,Enterprise
CUST-111639,2025-10-14,Referral,United States,SMB
CUST-111640,2025-06-19,Paid Ads,Netherlands,SMB
CUST-111641,2025-09-23,Referral,United Kingdom,Mid-Market
CUST-111642,2024-06-16,Referral,India,SMB
CUST-111643,2025-10-28,Organic Search,India,Mid-Market
CUST-111644,2025-09-16,Social Media,United Kingdom,SMB
CUST-111645,2025-08-06,Paid Ads,Netherlands,SMB
CUST-111646,2025-03-13,Email Campaign,United Kingdom,Mid-Market
CUST-111647,2025-01-19,Paid Ads,India,SMB
CUST-111648,2024-01-12,organic search,India,SMB
CUST-111649,2024-01-10,Referral,United States,Mid-Market
CUST-111650,2024-08-24,Email Campaign,United Kingdom,SMB
CUST-111651,2024-06-01,Email Campaign,Germany,SMB
CUST-111652,2025-10-19,Paid Ads,United States,SMB
CUST-111653,2025-08-17,Referral,Canada,SMB
CUST-111654,2025-06-12,Organic Search,United States,SMB
CUST-111655,2024-02-11,Direct,United Kingdom,SMB
CUST-111656,2025-07-28,Organic Search,United States,Enterprise
CUST-111657,2024-10-28,Direct,United Kingdom,Enterprise
CUST-111658,2024-04-04,Paid Ads,India,SMB
CUST-111659,2024-07-06,Direct,United States,SMB
CUST-111660,2024-08-11,Referral,United Kingdom,SMB
CUST-111661,2024-07-21,outbound_sales,Germany,SMB
CUST-111662,2025-08-14,Email Campaign,United States,SMB
CUST-111663,2025-04-11,Paid Ads,United States,SMB
CUST-111664,2024-10-30,Organic Search,United States,SMB
CUST-111665,2024-09-25,Social Media,Germany,Mid-Market
CUST-111666,2024-01-27,Email Campaign,France,SMB
CUST-111667,2025-09-27,Organic Search,United States,Mid-Market
CUST-111668,2024-05-25,Referral,United States,Mid-Market
CUST-111669,2025-04-27,Organic Search,Germany,Enterprise
CUST-111670,2025-02-23,Referral,United Kingdom,Mid-Market
CUST-111671,2024-02-17,Organic Search,United States,SMB
CUST-111672,2025-02-15,Paid Ads,Germany,SMB
CUST-111673,2024-01-26,Referral,United States,Mid-Market
CUST-111674,2024-05-13,Organic Search,United States,SMB
CUST-111675,2024-05-24,Organic Search,United States,SMB
CUST-111676,2024-12-10,Referral,United States,SMB
CUST-111677,2024-01-24,Organic Search,United States,Mid-Market
CUST-111678,2025-08-13,Paid Ads,United States,SMB
CUST-111679,2024-12-07,Paid Ads,United States,Mid-Market
CUST-111680,2025-02-02,Paid Ads,Canada,SMB
CUST-111681,2025-09-08,Social Media,United States,SMB
CUST-111682,2025-02-21,Organic Search,France,Mid-Market
CUST-111683,2025-05-17,Organic Search,Netherlands,Mid-Market
CUST-111684,2024-04-11,Paid Ads,United States,SMB
CUST-111685,2024-08-30,Direct,United Kingdom,Enterprise
CUST-111686,2025-08-14,Referral,United Kingdom,SMB
CUST-111687,2024-01-22,Paid Ads,United Kingdom,Mid-Market
CUST-111688,2025-08-02,Organic Search,Canada,SMB
CUST-111689,2024-11-06,Referral,United Kingdom,Mid-Market
CUST-111690,2025-03-08,Paid Ads,United Kingdom,SMB
CUST-111691,2025-01-29,Email Campaign,Australia,SMB
CUST-111692,2024-01-27,Organic Search,United States,SMB
CUST-111693,2025-05-10,Referral,United States,SMB
CUST-111694,2025-05-26,Paid Ads,Canada,SMB
CUST-111695,2024-12-15,Organic Search,Canada,Enterprise
CUST-111696,2025-08-14,Paid Ads,France,SMB
CUST-111697,2025-04-18,Email Campaign,Canada,SMB
CUST-111698,2024-01-04,Direct,United States,SMB
CUST-111699,2024-07-17,Organic Search,Australia,Mid-Market
CUST-111700,2025-10-22,Social Media,Australia,SMB
CUST-111701,2024-01-09,Direct,Canada,Enterprise
CUST-111702,2024-01-15,Organic Search,Netherlands,Mid-Market
CUST-111703,2025-01-31,Paid Ads,United States,Mid-Market
CUST-111704,2024-08-16,Paid Ads,United Kingdom,SMB
CUST-111705,2024-06-20,Direct,United States,SMB
CUST-111706,2025-02-10,Paid Ads,India,SMB
CUST-111707,2024-11-20,Organic Search,Germany,SMB
CUST-111708,2024-03-12,Paid Ads,United States,SMB
CUST-111709,2024-06-02,Organic Search,Germany,SMB
CUST-111710,2025-04-30,Direct,Canada,Enterprise
CUST-111711,2024-02-19,organic search,Germany,SMB
CUST-111712,2024-12-06,Social Media,United Kingdom,SMB
CUST-111713,2024-06-08,Paid Ads,United States,SMB
CUST-111714,2025-05-17,Direct,United States,SMB
CUST-111715,2025-01-28,Organic Search,Canada,Enterprise
CUST-111716,2024-04-15,Direct,India,Enterprise
CUST-111717,2025-07-18,Social Media,Canada,SMB
CUST-111718,2024-07-25,Organic Search,United States,SMB
CUST-111719,2025-04-20,Organic Search,Germany,Mid-Market
CUST-111720,2025-10-25,outbound_sales,United States,SMB
CUST-111721,2024-11-01,Organic Search,United States,SMB
CUST-111722,2024-10-07,Paid Ads,United States,SMB
CUST-111723,2025-03-28,Referral,Netherlands,SMB
CUST-111724,2025-07-09,Paid Ads,Germany,SMB
CUST-111725,2024-02-10,Referral,United States,SMB
CUST-111726,2024-10-30,Referral,United Kingdom,SMB
CUST-111727,2025-02-05,outbound_sales,Canada,SMB
CUST-111728,2025-02-22,Referral,Australia,Enterprise
CUST-111729,2024-06-10,Direct,United States,Mid-Market
CUST-111730,2024-12-05,Organic Search,United States,SMB
CUST-111731,2025-02-04,Paid Ads,United Kingdom,SMB
CUST-111732,2024-04-17,Organic Search,United States,Enterprise
CUST-111733,2025-09-14,Organic Search,United Kingdom,Mid-Market
CUST-111734,2024-10-03,Organic Search,United States,SMB
CUST-111735,2024-07-04,Paid Ads,Germany,SMB
CUST-111736,2024-10-23,outbound_sales,United States,SMB
CUST-111737,2025-07-07,Paid Ads,United States,SMB
CUST-111738,2025-10-09,Email Campaign,India,SMB
CUST-111739,2024-09-03,Referral,United Kingdom,SMB
CUST-111740,2025-09-12,Referral,United States,SMB
CUST-111741,2024-11-07,Email Campaign,India,SMB
CUST-111742,2025-02-01,Referral,France,SMB
CUST-111743,2024-11-10,Organic Search,Germany,SMB
CUST-111744,2025-06-23,Referral,United States,Enterprise
CUST-111745,2025-05-23,Paid Ads,United States,SMB
CUST-111746,2024-04-02,Paid Ads,United States,Enterprise
CUST-111747,2024-07-26,Social Media,India,SMB
CUST-111748,2024-05-24,Referral,United Kingdom,SMB
CUST-111749,2024-04-13,Email Campaign,United States,Mid-Market
CUST-111750,2025-10-09,Organic Search,United States,SMB
CUST-111751,2024-05-23,Email Campaign,United Kingdom,SMB
CUST-111752,2025-10-22,Email Campaign,Germany,SMB
CUST-111753,2024-06-25,Paid Ads,United States,SMB
CUST-111754,2024-04-24,Organic Search,India,Mid-Market
CUST-111755,2025-10-29,Paid Ads,Germany,SMB
CUST-111756,2024-05-29,referral,Canada,Mid-Market
CUST-111757,2024-03-13,Paid Ads,United Kingdom,Mid-Market
CUST-111758,2024-09-09,Direct,United Kingdom,SMB
CUST-111759,2024-08-25,Organic Search,Germany,SMB
CUST-111760,2024-11-06,Referral,Canada,SMB
CUST-111761,2025-05-20,Organic Search,United States,SMB
CUST-111762,2025-11-22,email campaign,United States,SMB
CUST-111763,2024-06-11,Organic Search,United Kingdom,Enterprise
CUST-111764,2025-10-17,Direct,United States,Mid-Market
CUST-111765,2025-02-13,Organic Search,United States,Mid-Market
CUST-111766,2025-09-06,Organic Search,United States,Enterprise
CUST-111767,2025-03-21,Referral,United Kingdom,SMB
CUST-111768,2024-10-27,Paid Ads,Germany,Mid-Market
CUST-111769,2025-11-17,Organic Search,United States,Mid-Market
CUST-111770,2025-08-05,Paid Ads,Canada,SMB
CUST-111771,2024-07-14,Organic Search,Germany,SMB
CUST-111772,2025-06-21,Paid Ads,Netherlands,SMB
CUST-111773,2025-01-24,Organic Search,United Kingdom,Mid-Market
CUST-111774,2025-10-05,Email Campaign,United Kingdom,Mid-Market
CUST-111775,2024-05-12,Paid Ads,United States,SMB
CUST-111776,2024-11-08,outbound_sales,Canada,SMB
CUST-111777,2024-01-30,Paid Ads,United Kingdom,SMB
CUST-111778,2024-09-28,Referral,Germany,Mid-Market
CUST-111779,2025-10-03,Email Campaign,Netherlands,Mid-Market
CUST-111780,2025-05-17,Organic Search,United States,SMB
CUST-111781,2025-08-28,Email Campaign,United States,SMB
CUST-111782,2024-08-24,Organic Search,France,Enterprise
CUST-111783,2025-02-16,Email Campaign,Germany,SMB
CUST-111784,2025-08-25,Direct,United States,SMB
CUST-111785,2024-01-28,Social Media,Canada,SMB
CUST-111786,2025-06-20,Organic Search,United States,Mid-Market
CUST-111787,2025-08-19,Organic Search,United States,SMB
CUST-111788,2025-11-22,Email Campaign,United States,SMB
CUST-111789,2024-07-08,Paid Ads,United States,SMB
CUST-111790,2025-05-01,Paid Ads,United States,SMB
CUST-111791,2024-09-29,Organic Search,United States,Mid-Market
CUST-111792,2024-06-07,Paid Ads,Australia,SMB
CUST-111793,2024-09-09,Organic Search,Canada,SMB
CUST-111794,2025-02-06,Direct,Netherlands,SMB
CUST-111795,2024-08-11,Organic Search,United States,Mid-Market
CUST-111796,2024-08-02,Paid Ads,United Kingdom,SMB
CUST-111797,2024-08-17,Paid Ads,Canada,Enterprise
CUST-111798,2024-06-29,Direct,United States,SMB
CUST-111799,2024-03-14,Organic Search,United Kingdom,SMB
CUST-111800,2024-04-18,Organic Search,Canada,SMB
CUST-111801,2024-06-12,Paid Ads,Canada,SMB
CUST-111802,2025-04-17,Paid Ads,United Kingdom,Mid-Market
CUST-111803,2025-06-01,Organic Search,United States,Mid-Market
CUST-111804,2025-07-18,Organic Search,India,SMB
CUST-111805,2024-01-11,Paid Ads,United States,SMB
CUST-111806,2024-07-11,Organic Search,India,Enterprise
CUST-111807,2024-09-29,Paid Ads,United States,Mid-Market
CUST-111808,2024-03-17,Social Media,United States,Enterprise
CUST-111809,2025-10-06,Direct,Germany,Mid-Market
CUST-111810,2024-11-20,Organic Search,United States,SMB
CUST-111811,2024-05-11,Paid Ads,Canada,SMB
CUST-111812,2024-11-02,Paid Ads,United Kingdom,SMB
CUST-111813,2025-01-19,outbound_sales,Australia,Mid-Market
CUST-111814,2024-09-02,Organic Search,United States,Enterprise
CUST-111815,2024-09-06,Referral,United States,Mid-Market
CUST-111816,2024-12-04,Social Media,Germany,Enterprise
CUST-111817,2024-08-19,Paid Ads,France,SMB
CUST-111818,2024-11-14,Paid Ads,India,Mid-Market
CUST-111819,2025-07-18,Paid Ads,Germany,SMB
CUST-111820,2024-02-19,Paid Ads,United States,SMB
CUST-111821,2024-03-30,Email Campaign,France,Mid-Market
CUST-111822,2025-02-21,Organic Search,United Kingdom,SMB
CUST-111823,2024-06-09,Referral,United States,SMB
CUST-111824,2024-03-28,Paid Ads,United Kingdom,SMB
CUST-111825,2025-01-18,Direct,United States,SMB
CUST-111826,2025-02-03,Paid Ads,Germany,SMB
CUST-111827,2025-09-15,Referral,Canada,SMB
CUST-111828,2024-09-20,Referral,Germany,Enterprise
CUST-111829,2025-11-03,Referral,India,Mid-Market
CUST-111830,2024-04-23,Social Media,France,Enterprise
CUST-111831,2025-11-22,Email Campaign,Germany,Enterprise
CUST-111832,2024-03-11,Paid Ads,United Kingdom,SMB
CUST-111833,2025-10-16,Direct,United States,SMB
CUST-111834,2024-10-15,Organic Search,United States,SMB
CUST-111835,2025-04-21,Referral,Canada,Mid-Market
CUST-111836,2025-03-20,Email Campaign,India,SMB
CUST-111837,2024-12-24,Paid Ads,Germany,Mid-Market
CUST-111838,2025-09-02,outbound_sales,United States,SMB
CUST-111839,2025-05-20,Direct,United States,Mid-Market
CUST-111840,2024-03-18,Paid Ads,United Kingdom,Mid-Market
CUST-111841,2024-04-08,Direct,United States,SMB
CUST-111842,2025-04-08,Paid Ads,United Kingdom,SMB
CUST-111843,2025-05-24,Email Campaign,Germany,Enterprise
CUST-111844,2024-07-26,Organic Search,India,Mid-Market
CUST-111845,2025-08-21,Paid Ads,India,Mid-Market
CUST-111846,2024-04-18,Paid Ads,Australia,Mid-Market
CUST-111847,2025-08-18,Social Media,United Kingdom,SMB
CUST-111848,2025-03-09,Referral,India,Mid-Market
CUST-111849,2024-01-24,Referral,Australia,SMB
CUST-111850,2025-01-17,Paid Ads,United Kingdom,Enterprise
CUST-111851,2025-04-10,Organic Search,India,SMB
CUST-111852,2025-04-07,Referral,Germany,SMB
CUST-111853,2024-03-23,paid ads,United Kingdom,SMB
CUST-111854,2025-10-04,Organic Search,United States,SMB
CUST-111855,2024-08-08,Referral,United States,Mid-Market
CUST-111856,2024-10-17,Email Campaign,United Kingdom,Enterprise
CUST-111857,2025-04-06,Paid Ads,United Kingdom,Mid-Market
CUST-111858,2025-02-22,Paid Ads,India,SMB
CUST-111859,2024-03-23,Referral,United Kingdom,Enterprise
CUST-111860,2025-08-17,Paid Ads,Netherlands,SMB
CUST-111861,2025-03-27,Email Campaign,India,SMB
CUST-111862,2024-11-19,Paid Ads,United States,Mid-Market
CUST-111863,2024-02-29,Paid Ads,United States,SMB
CUST-111864,2025-01-27,Direct,India,SMB
CUST-111865,2025-03-05,Social Media,United States,Mid-Market
CUST-111866,2025-05-31,Email Campaign,India,SMB
CUST-111867,2024-07-01,Paid Ads,United States,SMB
CUST-111868,2025-02-26,Email Campaign,United States,SMB
CUST-111869,2024-03-14,Email Campaign,Australia,SMB
CUST-111870,2025-09-21,Paid Ads,United Kingdom,SMB
CUST-111871,2025-03-08,Referral,Germany,Mid-Market
CUST-111872,2024-01-16,Organic Search,Germany,Enterprise
CUST-111873,2025-11-22,Email Campaign,Canada,SMB
CUST-111874,2024-03-21,Direct,United States,SMB
CUST-111875,2024-04-20,Paid Ads,United States,SMB
CUST-111876,2024-12-21,Social Media,United Kingdom,Enterprise
CUST-111877,2024-09-23,Paid Ads,United Kingdom,Mid-Market
CUST-111878,2025-06-30,Direct,United States,SMB
CUST-111879,2024-05-09,Direct,Netherlands,SMB
CUST-111880,2024-12-20,Email Campaign,Germany,SMB
CUST-111881,2025-10-19,Organic Search,United States,SMB
CUST-111882,2025-11-05,Social Media,United States,SMB
CUST-111883,2025-01-22,outbound_sales,France,SMB
CUST-111884,2024-03-10,Social Media,United States,Mid-Market
CUST-111885,2025-06-21,outbound_sales,Germany,SMB
CUST-111886,2025-11-17,Referral,India,SMB
CUST-111887,2024-03-23,Social Media,United Kingdom,SMB
CUST-111888,2025-02-02,Email Campaign,United Kingdom,Enterprise
CUST-111889,2025-01-08,Referral,United Kingdom,Mid-Market
CUST-111890,2024-04-08,Paid Ads,United States,SMB
CUST-111891,2024-08-18,Paid Ads,United States,SMB
CUST-111892,2024-06-05,Social Media,India,SMB
CUST-111893,2024-03-05,email campaign,United States,SMB
CUST-111894,2025-01-07,Organic Search,United Kingdom,SMB
CUST-111895,2025-08-10,Paid Ads,United Kingdom,Mid-Market
CUST-111896,2024-03-14,Email Campaign,United States,Mid-Market
CUST-111897,2025-07-25,Organic Search,Germany,SMB
CUST-111898,2025-04-24,Referral,India,Enterprise
CUST-111899,2024-10-18,Email Campaign,Germany,SMB
CUST-111900,2025-03-15,Direct,United States,Enterprise
CUST-111901,2024-03-30,Organic Search,Netherlands,SMB
CUST-111902,2025-09-27,Paid Ads,United States,Mid-Market
CUST-111903,2025-05-09,Direct,United States,Mid-Market
CUST-111904,2024-04-14,paid ads,India,SMB
CUST-111905,2025-07-23,paid ads,United States,SMB
CUST-111906,2024-12-05,Referral,Canada,SMB
CUST-111907,2025-07-02,Organic Search,Germany,SMB
CUST-111908,2025-10-03,Paid Ads,United States,Mid-Market
CUST-111909,2025-09-07,Direct,Germany,SMB
CUST-111910,2024-02-03,Organic Search,United Kingdom,SMB
CUST-111911,2024-06-12,Paid Ads,United States,Mid-Market
CUST-111912,2025-02-07,Paid Ads,United States,Enterprise
CUST-111913,2024-04-20,organic search,United States,SMB
CUST-111914,2024-09-11,outbound_sales,United Kingdom,SMB
CUST-111915,2025-11-23,Referral,India,SMB
CUST-111916,2024-07-10,Organic Search,United States,SMB
CUST-111917,2024-09-17,Email Campaign,United States,Mid-Market
CUST-111918,2024-03-28,Direct,United Kingdom,SMB
CUST-111919,2024-02-23,Direct,United Kingdom,SMB
CUST-111920,2025-07-07,Paid Ads,United Kingdom,Mid-Market
CUST-111921,2024-12-22,Direct,United States,SMB
CUST-111922,2024-06-29,Direct,India,Mid-Market
CUST-111923,2024-12-24,Paid Ads,United States,SMB
CUST-111924,2024-02-26,Paid Ads,United States,SMB
CUST-111925,2025-04-07,Social Media,United States,SMB
CUST-111926,2024-12-14,Organic Search,United Kingdom,SMB
CUST-111927,2024-06-02,outbound_sales,United States,SMB
CUST-111928,2025-01-01,Paid Ads,Canada,SMB
CUST-111929,2025-01-18,Referral,United States,SMB
CUST-111930,2025-05-05,direct,Canada,SMB
CUST-111931,2024-09-25,Email Campaign,Canada,Enterprise
CUST-111932,2024-03-14,Direct,Australia,SMB
CUST-111933,2024-03-28,Referral,United States,SMB
CUST-111934,2024-03-14,Paid Ads,United States,Enterprise
CUST-111935,2025-05-24,organic search,United States,SMB
CUST-111936,2024-06-18,paid ads,United States,SMB
CUST-111937,2024-07-30,Direct,United States,Mid-Market
CUST-111938,2024-03-29,Paid Ads,United States,SMB
CUST-111939,2025-07-02,Direct,Australia,Mid-Market
CUST-111940,2024-09-10,outbound_sales,Germany,Mid-Market
CUST-111941,2024-06-20,Organic Search,United Kingdom,SMB
CUST-111942,2025-04-18,Organic Search,United Kingdom,SMB
CUST-111943,2025-04-06,Social Media,United States,Enterprise
CUST-111944,2024-02-11,Paid Ads,India,SMB
CUST-111945,2025-05-31,Direct,Canada,SMB
CUST-111946,2025-05-10,Direct,Canada,SMB
CUST-111947,2025-04-16,Direct,Canada,SMB
CUST-111948,2025-01-12,Organic Search,United States,Enterprise
CUST-111949,2024-03-08,Organic Search,United Kingdom,Mid-Market
CUST-111950,2024-08-19,Organic Search,Canada,SMB
CUST-111951,2025-07-04,Referral,United States,Mid-Market
CUST-111952,2025-01-02,Paid Ads,France,Mid-Market
CUST-111953,2024-09-18,Organic Search,United States,SMB
CUST-111954,2025-01-06,Email Campaign,Australia,SMB
CUST-111955,2024-06-04,referral,United States,SMB
CUST-111956,2025-06-19,Referral,United States,SMB
CUST-111957,2025-09-08,Direct,Canada,Mid-Market
CUST-111958,2024-10-21,Referral,United States,SMB
CUST-111959,2025-11-27,Organic Search,India,SMB
CUST-111960,2025-05-25,Paid Ads,France,Mid-Market
CUST-111961,2025-04-05,Email Campaign,United Kingdom,SMB
CUST-111962,2025-04-27,paid ads,India,Mid-Market
CUST-111963,2025-11-10,Social Media,India,SMB
CUST-111964,2025-06-16,Referral,Canada,SMB
CUST-111965,2025-03-07,Referral,Netherlands,SMB
CUST-111966,2024-03-31,Direct,Australia,Mid-Market
CUST-111967,2025-11-22,Organic Search,United States,SMB
CUST-111968,2025-05-20,Organic Search,United States,SMB
CUST-111969,2025-01-20,Paid Ads,United Kingdom,SMB
CUST-111970,2025-01-24,Email Campaign,United Kingdom,Mid-Market
CUST-111971,2024-01-15,Organic Search,Germany,Mid-Market
CUST-111972,2024-10-27,Organic Search,United States,SMB
CUST-111973,2025-04-20,Organic Search,United States,SMB
CUST-111974,2025-10-28,Direct,India,SMB
CUST-111975,2025-08-16,Organic Search,United Kingdom,SMB
CUST-111976,2025-10-31,Referral,United States,Mid-Market
CUST-111977,2024-12-03,Referral,France,Mid-Market
CUST-111978,2024-04-26,Organic Search,United States,Enterprise
CUST-111979,2025-09-03,Paid Ads,United States,SMB
CUST-111980,2025-03-01,Referral,United States,SMB
CUST-111981,2025-07-18,Paid Ads,United States,Enterprise
CUST-111982,2025-04-29,Paid Ads,United States,SMB
CUST-111983,2025-07-30,outbound_sales,India,SMB
CUST-111984,2024-10-06,Organic Search,India,Mid-Market
CUST-111985,2025-03-11,Paid Ads,United States,SMB
CUST-111986,2025-09-05,Direct,United States,SMB
CUST-111987,2024-09-29,Paid Ads,France,SMB
CUST-111988,2024-09-29,Social Media,United States,SMB
CUST-111989,2025-08-31,Referral,United States,SMB
CUST-111990,2024-07-12,Paid Ads,United States,Mid-Market
CUST-111991,2024-01-31,Organic Search,Germany,Mid-Market
CUST-111992,2024-04-26,Referral,United Kingdom,Mid-Market
CUST-111993,2024-06-17,Organic Search,United States,SMB
CUST-111994,2025-10-24,Paid Ads,Australia,SMB
CUST-111995,2025-03-15,Referral,United States,SMB
CUST-111996,2025-03-15,Organic Search,United States,Mid-Market
CUST-111997,2025-03-17,Referral,Netherlands,Mid-Market
CUST-111998,2025-07-07,Organic Search,Netherlands,Mid-Market
CUST-111999,2024-11-13,Organic Search,Germany,Enterprise
CUST-112000,2024-02-06,Organic Search,United States,Mid-Market
CUST-112001,2025-04-16,Direct,United States,SMB
CUST-112002,2025-06-23,Paid Ads,United States,Enterprise
CUST-112003,2024-08-23,paid ads,India,Mid-Market
CUST-112004,2024-07-07,Organic Search,United States,Mid-Market
CUST-112005,2025-05-24,Referral,Germany,Enterprise
CUST-112006,2025-07-25,organic search,United Kingdom,SMB
CUST-112007,2024-11-26,organic search,United States,SMB
CUST-112008,2025-10-18,Paid Ads,United States,Enterprise
CUST-112009,2025-03-05,Referral,Canada,SMB
CUST-112010,2024-08-10,Organic Search,United States,SMB
CUST-112011,2025-04-06,Paid Ads,United Kingdom,SMB
CUST-112012,2024-09-24,Email Campaign,United States,Mid-Market
CUST-112013,2025-06-02,Organic Search,United States,SMB
CUST-112014,2025-05-03,Organic Search,United States,SMB
CUST-112015,2024-01-08,Paid Ads,United States,Mid-Market
CUST-112016,2024-06-04,Organic Search,Netherlands,SMB
CUST-112017,2025-10-22,Direct,Netherlands,Enterprise
CUST-112018,2025-10-06,direct,Germany,SMB
CUST-112019,2024-04-01,Organic Search,United States,SMB
CUST-112020,2025-05-29,Organic Search,United Kingdom,Mid-Market
CUST-112021,2025-01-30,Paid Ads,India,Mid-Market
CUST-112022,2025-05-20,Organic Search,United States,Mid-Market
CUST-112023,2025-05-01,Organic Search,France,Mid-Market
CUST-112024,2024-08-29,Paid Ads,United States,SMB
CUST-112025,2025-03-14,Email Campaign,United States,Mid-Market
CUST-112026,2024-11-03,Paid Ads,France,SMB
CUST-112027,2025-05-13,paid ads,Australia,Mid-Market
CUST-112028,2024-04-03,Referral,United States,SMB
CUST-112029,2024-04-10,Paid Ads,United States,SMB
CUST-112030,2025-09-29,Direct,United States,SMB
CUST-112031,2025-09-11,Direct,United States,SMB
CUST-112032,2025-07-30,Paid Ads,Germany,SMB
CUST-112033,2025-01-21,Email Campaign,Australia,Mid-Market
CUST-112034,2025-01-04,Paid Ads,Australia,Mid-Market
CUST-112035,2024-10-25,Organic Search,Netherlands,Mid-Market
CUST-112036,2024-07-02,Referral,Australia,SMB
CUST-112037,2024-01-27,Paid Ads,United States,Mid-Market
CUST-112038,2024-01-24,Organic Search,Canada,SMB
CUST-112039,2024-02-13,referral,United States,SMB
CUST-112040,2024-05-20,Paid Ads,India,SMB
CUST-112041,2025-10-31,Paid Ads,United Kingdom,SMB
CUST-112042,2024-04-23,Referral,United States,SMB
CUST-112043,2025-04-12,Organic Search,United Kingdom,SMB
CUST-112044,2024-03-11,Paid Ads,United Kingdom,SMB
CUST-112045,2025-08-29,Paid Ads,Canada,Mid-Market
CUST-112046,2024-06-15,Paid Ads,United States,SMB
CUST-112047,2025-10-12,Email Campaign,United Kingdom,SMB
CUST-112048,2024-10-25,Organic Search,France,SMB
CUST-112049,2024-05-10,Direct,United States,Enterprise
CUST-112050,2025-07-25,Email Campaign,Canada,SMB
CUST-112051,2024-05-01,Social Media,United States,Mid-Market
CUST-112052,2024-02-21,Referral,Germany,SMB
CUST-112053,2025-05-23,Paid Ads,United Kingdom,Mid-Market
CUST-112054,2024-12-30,Social Media,United Kingdom,SMB
CUST-112055,2025-08-09,paid ads,United States,SMB
CUST-112056,2024-11-24,Direct,Germany,SMB
CUST-112057,2025-02-02,Paid Ads,United Kingdom,Mid-Market
CUST-112058,2025-04-30,Paid Ads,United Kingdom,SMB
CUST-112059,2025-02-09,Referral,Australia,SMB
CUST-112060,2025-06-22,Organic Search,United States,SMB
CUST-112061,2025-01-06,Paid Ads,United Kingdom,SMB
CUST-112062,2024-06-30,Direct,Germany,SMB
CUST-112063,2025-03-14,referral,United States,SMB
CUST-112064,2024-04-15,Organic Search,United States,SMB
CUST-112065,2024-02-12,Referral,India,Mid-Market
CUST-112066,2024-01-27,Paid Ads,United States,SMB
CUST-112067,2024-01-22,Referral,United States,SMB
CUST-112068,2024-11-13,Referral,United States,Mid-Market
CUST-112069,2024-11-26,Paid Ads,Netherlands,Mid-Market
CUST-112070,2024-09-24,Paid Ads,Germany,SMB
CUST-112071,2024-08-15,Organic Search,Germany,SMB
CUST-112072,2024-03-16,Email Campaign,Germany,Mid-Market
CUST-112073,2024-04-30,Email Campaign,Netherlands,SMB
CUST-112074,2024-07-14,social media,Netherlands,Enterprise
CUST-112075,2024-02-04,Social Media,Canada,Mid-Market
CUST-112076,2025-06-12,Organic Search,United Kingdom,SMB
CUST-112077,2025-04-08,Social Media,Germany,SMB
CUST-112078,2025-03-16,Paid Ads,United Kingdom,Enterprise
CUST-112079,2024-03-31,Paid Ads,United States,SMB
CUST-112080,2025-06-29,Organic Search,United States,SMB
CUST-112081,2024-02-15,Organic Search,Australia,SMB
CUST-112082,2025-09-02,Organic Search,United States,SMB
CUST-112083,2024-09-28,Paid Ads,United States,Mid-Market
CUST-112084,2024-11-20,Direct,India,SMB
CUST-112085,2025-06-13,Organic Search,India,SMB
CUST-112086,2025-01-12,paid ads,United Kingdom,SMB
CUST-112087,2024-07-28,Organic Search,United States,SMB
CUST-112088,2025-09-14,Organic Search,Germany,Enterprise
CUST-112089,2024-03-02,Direct,United Kingdom,SMB
CUST-112090,2025-01-07,Paid Ads,United States,SMB
CUST-112091,2025-04-22,Direct,France,Enterprise
CUST-112092,2024-06-12,Paid Ads,United States,SMB
CUST-112093,2025-05-21,Paid Ads,Canada,Mid-Market
CUST-112094,2024-04-01,Organic Search,United Kingdom,SMB
CUST-112095,2025-10-21,Direct,Australia,SMB
CUST-112096,2024-11-25,Referral,United Kingdom,Mid-Market
CUST-112097,2025-08-29,Paid Ads,United States,SMB
CUST-112098,2024-12-12,Email Campaign,United States,SMB
CUST-112099,2024-03-12,Organic Search,Canada,SMB
CUST-112100,2025-02-23,Paid Ads,United States,SMB
CUST-112101,2024-09-20,Organic Search,United States,SMB
CUST-112102,2024-03-02,Organic Search,India,Mid-Market
CUST-112103,2024-06-21,Paid Ads,United States,Mid-Market
CUST-112104,2025-04-05,Paid Ads,India,SMB
CUST-112105,2024-05-16,Paid Ads,Germany,Enterprise
CUST-112106,2025-04-28,Paid Ads,United States,SMB
CUST-112107,2025-05-28,Paid Ads,United States,Enterprise
CUST-112108,2025-05-12,Paid Ads,Australia,SMB
CUST-112109,2025-09-28,Paid Ads,Germany,Mid-Market
CUST-112110,2025-04-29,Referral,United Kingdom,Enterprise
CUST-112111,2025-03-18,Paid Ads,United Kingdom,SMB
CUST-112112,2024-10-28,Email Campaign,Germany,SMB
CUST-112113,2025-08-03,Referral,United States,SMB
CUST-112114,2025-06-27,Email Campaign,United States,Mid-Market
CUST-112115,2024-11-09,Paid Ads,Australia,SMB
CUST-112116,2024-09-01,Direct,United States,Mid-Market
CUST-112117,2025-06-17,Paid Ads,United States,Enterprise
CUST-112118,2024-10-07,Direct,Australia,SMB
CUST-112119,2025-05-23,Organic Search,Germany,SMB
CUST-112120,2024-11-09,Social Media,France,SMB
CUST-112121,2025-11-05,Paid Ads,United States,SMB
CUST-112122,2024-12-12,Referral,United States,SMB
CUST-112123,2025-01-16,Organic Search,United States,SMB
CUST-112124,2025-06-27,Organic Search,Australia,SMB
CUST-112125,2025-06-29,Organic Search,United States,Mid-Market
CUST-112126,2025-06-23,Paid Ads,United States,Mid-Market
CUST-112127,2024-08-25,Organic Search,France,SMB
CUST-112128,2025-08-22,Paid Ads,United States,SMB
CUST-112129,2025-11-29,Email Campaign,United States,SMB
CUST-112130,2025-02-15,Referral,United States,Mid-Market
CUST-112131,2025-10-31,Organic Search,United States,SMB
CUST-112132,2024-07-11,Organic Search,United States,SMB
CUST-112133,2024-08-16,Paid Ads,United Kingdom,SMB
CUST-112134,2024-10-07,outbound_sales,Canada,Mid-Market
CUST-112135,2025-03-28,email campaign,United States,SMB
CUST-112136,2025-02-20,Paid Ads,Netherlands,Mid-Market
CUST-112137,2025-01-12,Paid Ads,United States,Mid-Market
CUST-112138,2024-03-16,Paid Ads,France,Enterprise
CUST-112139,2024-12-09,Referral,France,Mid-Market
CUST-112140,2025-07-25,Paid Ads,United States,Mid-Market
CUST-112141,2024-04-26,Paid Ads,United States,Enterprise
CUST-112142,2024-06-12,Direct,United States,Mid-Market
CUST-112143,2024-10-17,Paid Ads,France,SMB
CUST-112144,2024-11-20,Organic Search,United States,SMB
CUST-112145,2025-07-14,referral,Canada,SMB
CUST-112146,2025-06-15,Paid Ads,United States,Mid-Market
CUST-112147,2025-11-11,Referral,United States,SMB
CUST-112148,2025-04-22,Email Campaign,United States,SMB
CUST-112149,2024-02-08,Direct,Germany,SMB
CUST-112150,2025-03-12,Paid Ads,United Kingdom,SMB
CUST-112151,2025-07-23,Direct,United States,Mid-Market
CUST-112152,2025-04-15,Paid Ads,United States,SMB
CUST-112153,2025-08-21,Social Media,United States,Mid-Market
CUST-112154,2024-11-24,Paid Ads,United States,SMB
CUST-112155,2025-03-16,Paid Ads,India,SMB
CUST-112156,2025-03-11,Referral,United States,Enterprise
CUST-112157,2025-01-11,Organic Search,United Kingdom,SMB
CUST-112158,2024-03-02,Organic Search,India,Enterprise
CUST-112159,2024-03-26,Referral,France,SMB
CUST-112160,2025-07-24,Paid Ads,United States,SMB
CUST-112161,2025-01-24,Referral,Canada,SMB
CUST-112162,2025-05-16,Organic Search,United Kingdom,SMB
CUST-112163,2024-04-29,Email Campaign,Germany,SMB
CUST-112164,2025-01-18,Paid Ads,United States,Enterprise
CUST-112165,2024-10-24,Organic Search,United States,Enterprise
CUST-112166,2024-10-21,outbound_sales,Germany,SMB
CUST-112167,2025-11-18,Paid Ads,Germany,SMB
CUST-112168,2025-10-12,Referral,India,SMB
CUST-112169,2025-03-08,Referral,United States,SMB
CUST-112170,2024-10-04,Direct,France,SMB
CUST-112171,2025-03-31,Direct,United Kingdom,Mid-Market
CUST-112172,2024-07-26,Referral,Australia,Mid-Market
CUST-112173,2024-02-22,Paid Ads,United Kingdom,Mid-Market
CUST-112174,2025-03-08,Organic Search,United Kingdom,SMB
CUST-112175,2025-08-04,Email Campaign,Canada,SMB
CUST-112176,2024-05-01,Direct,Canada,SMB
CUST-112177,2024-07-04,Email Campaign,United States,Mid-Market
CUST-112178,2024-02-11,Paid Ads,United Kingdom,Enterprise
CUST-112179,2025-10-25,Organic Search,France,SMB
CUST-112180,2024-09-03,Paid Ads,Germany,SMB
CUST-112181,2024-03-03,social media,Canada,SMB
CUST-112182,2025-02-14,Referral,United States,SMB
CUST-112183,2025-03-28,Social Media,United States,Enterprise
CUST-112184,2025-05-14,Organic Search,United States,SMB
CUST-112185,2024-03-27,Social Media,France,SMB
CUST-112186,2024-08-05,paid ads,Germany,Mid-Market
CUST-112187,2024-10-02,Email Campaign,United Kingdom,SMB
CUST-112188,2025-06-27,Social Media,United Kingdom,SMB
CUST-112189,2025-03-29,Referral,India,SMB
CUST-112190,2025-03-26,Paid Ads,India,SMB
CUST-112191,2024-11-03,Email Campaign,Netherlands,SMB
CUST-112192,2024-05-09,referral,United States,SMB
CUST-112193,2024-08-07,outbound_sales,United Kingdom,Mid-Market
CUST-112194,2024-02-06,Referral,Netherlands,SMB
CUST-112195,2024-09-26,Organic Search,United States,SMB
CUST-112196,2025-06-10,Direct,France,SMB
CUST-112197,2024-07-11,Organic Search,United Kingdom,SMB
CUST-112198,2025-07-17,Referral,Australia,Enterprise
CUST-112199,2024-11-10,Paid Ads,Canada,Mid-Market
CUST-112200,2025-05-20,Referral,Germany,SMB
CUST-112201,2025-02-10,Paid Ads,Netherlands,SMB
CUST-112202,2024-10-13,Paid Ads,Germany,Mid-Market
CUST-112203,2025-03-25,Paid Ads,Australia,SMB
CUST-112204,2025-07-04,Paid Ads,Netherlands,SMB
CUST-112205,2024-11-06,Paid Ads,France,SMB
CUST-112206,2025-05-12,Paid Ads,United States,Mid-Market
CUST-112207,2024-11-01,Social Media,Netherlands,SMB
CUST-112208,2024-06-02,Paid Ads,United States,SMB
CUST-112209,2024-04-12,Organic Search,Germany,Mid-Market
CUST-112210,2025-07-21,Organic Search,Germany,SMB
CUST-112211,2024-04-13,Organic Search,France,SMB
CUST-112212,2024-06-15,Paid Ads,United States,SMB
CUST-112213,2024-07-03,Email Campaign,United States,SMB
CUST-112214,2024-11-15,Organic Search,United States,SMB
CUST-112215,2024-08-07,Organic Search,United States,Enterprise
CUST-112216,2025-11-11,Paid Ads,United Kingdom,SMB
CUST-112217,2024-05-31,Social Media,India,Mid-Market
CUST-112218,2025-05-18,Organic Search,United States,Enterprise
CUST-112219,2024-05-20,Direct,Germany,SMB
CUST-112220,2025-08-06,Paid Ads,United Kingdom,SMB
CUST-112221,2024-05-25,Organic Search,United Kingdom,Enterprise
CUST-112222,2025-05-01,Organic Search,Germany,Mid-Market
CUST-112223,2024-07-23,Paid Ads,United States,SMB
CUST-112224,2024-04-03,Organic Search,United States,Mid-Market
CUST-112225,2024-08-24,outbound_sales,Germany,Mid-Market
CUST-112226,2025-08-30,Organic Search,United States,SMB
CUST-112227,2025-07-31,Paid Ads,United Kingdom,Mid-Market
CUST-112228,2024-09-28,Organic Search,United Kingdom,SMB
CUST-112229,2025-11-12,Referral,United States,Mid-Market
CUST-112230,2025-03-31,Email Campaign,Canada,SMB
CUST-112231,2024-02-20,Email Campaign,United States,SMB
CUST-112232,2025-08-08,Paid Ads,United States,SMB
CUST-112233,2024-10-14,Email Campaign,Australia,Mid-Market
CUST-112234,2024-11-11,Paid Ads,United States,SMB
CUST-112235,2025-05-27,Organic Search,United States,Mid-Market
CUST-112236,2024-07-31,Organic Search,France,SMB
CUST-112237,2025-09-19,Email Campaign,Germany,SMB
CUST-112238,2025-02-18,Paid Ads,United States,SMB
CUST-112239,2025-01-21,Paid Ads,United Kingdom,SMB
CUST-112240,2024-04-05,Organic Search,Canada,SMB
CUST-112241,2024-10-12,Social Media,United States,SMB
CUST-112242,2024-04-23,Paid Ads,Canada,Mid-Market
CUST-112243,2024-05-19,Direct,United States,Enterprise
CUST-112244,2024-05-16,Organic Search,United States,SMB
CUST-112245,2025-06-10,Organic Search,France,SMB
CUST-112246,2025-05-29,Organic Search,Germany,SMB
CUST-112247,2024-03-18,Email Campaign,United States,SMB
CUST-112248,2024-03-28,Referral,United States,SMB
CUST-112249,2025-04-13,Referral,United States,SMB
CUST-112250,2024-08-09,Email Campaign,United States,SMB
CUST-112251,2024-02-06,outbound_sales,Germany,SMB
CUST-112252,2024-08-04,outbound_sales,United States,Enterprise
CUST-112253,2025-03-16,outbound_sales,United States,Mid-Market
CUST-112254,2024-11-01,Organic Search,Canada,Mid-Market
CUST-112255,2025-11-24,Referral,Germany,SMB
CUST-112256,2024-04-12,Organic Search,Canada,Mid-Market
CUST-112257,2025-08-10,Paid Ads,Germany,Enterprise
CUST-112258,2024-06-26,Social Media,United States,Mid-Market
CUST-112259,2025-02-04,Paid Ads,Australia,SMB
CUST-112260,2024-04-30,referral,United States,SMB
CUST-112261,2024-05-12,Referral,Germany,SMB
CUST-112262,2025-07-04,Organic Search,United States,SMB
CUST-112263,2025-09-29,Organic Search,United Kingdom,Mid-Market
CUST-112264,2024-12-12,Organic Search,India,Enterprise
CUST-112265,2024-03-05,Organic Search,France,SMB
CUST-112266,2025-07-20,Paid Ads,United States,SMB
CUST-112267,2025-05-04,Organic Search,United States,SMB
CUST-112268,2024-09-20,Paid Ads,India,SMB
CUST-112269,2025-09-05,Paid Ads,United Kingdom,SMB
CUST-112270,2024-06-04,Organic Search,India,Mid-Market
CUST-112271,2024-07-08,Paid Ads,United States,Mid-Market
CUST-112272,2025-02-01,Organic Search,Germany,Enterprise
CUST-112273,2025-01-21,outbound_sales,United States,SMB
CUST-112274,2024-09-21,Organic Search,United States,SMB
CUST-112275,2025-03-05,Email Campaign,Germany,SMB
CUST-112276,2025-07-20,Paid Ads,United Kingdom,SMB
CUST-112277,2024-08-13,Referral,United Kingdom,SMB
CUST-112278,2025-06-12,Organic Search,United States,Mid-Market
CUST-112279,2024-08-04,outbound_sales,United States,SMB
CUST-112280,2024-03-05,Direct,United States,SMB
CUST-112281,2025-04-04,Referral,United States,SMB
CUST-112282,2024-12-01,Paid Ads,Canada,SMB
CUST-112283,2025-01-19,Organic Search,United States,Enterprise
CUST-112284,2025-06-17,Paid Ads,United States,SMB
CUST-112285,2024-07-29,Organic Search,Canada,SMB
CUST-112286,2025-08-02,Paid Ads,Germany,SMB
CUST-112287,2024-09-11,Paid Ads,United States,SMB
CUST-112288,2024-08-06,Email Campaign,Canada,Mid-Market
CUST-112289,2025-02-10,Organic Search,United Kingdom,SMB
CUST-112290,2024-01-24,Organic Search,United States,SMB
CUST-112291,2025-01-02,Referral,India,SMB
CUST-112292,2025-08-06,Paid Ads,Australia,Enterprise
CUST-112293,2024-06-01,Social Media,United Kingdom,SMB
CUST-112294,2025-03-02,paid ads,Germany,Mid-Market
CUST-112295,2024-02-25,Organic Search,Germany,SMB
CUST-112296,2024-01-20,Paid Ads,United Kingdom,SMB
CUST-112297,2025-06-19,outbound_sales,United States,Mid-Market
CUST-112298,2024-10-01,Direct,United States,SMB
CUST-112299,2024-02-15,Paid Ads,United Kingdom,SMB
CUST-112300,2025-08-27,Email Campaign,Germany,Mid-Market
CUST-112301,2025-02-02,Organic Search,Germany,Mid-Market
CUST-112302,2024-05-31,Organic Search,United States,SMB
CUST-112303,2025-05-29,Email Campaign,United Kingdom,SMB
CUST-112304,2025-01-03,Paid Ads,Germany,Mid-Market
CUST-112305,2025-11-10,Organic Search,Germany,Enterprise
CUST-112306,2025-01-29,Paid Ads,United States,SMB
CUST-112307,2024-11-14,Social Media,United States,SMB
CUST-112308,2025-02-26,Paid Ads,Netherlands,SMB
CUST-112309,2024-05-13,Paid Ads,United States,Mid-Market
CUST-112310,2024-03-23,Social Media,United States,Mid-Market
CUST-112311,2024-08-20,Paid Ads,United States,SMB
CUST-112312,2024-04-08,Organic Search,United Kingdom,SMB
CUST-112313,2024-04-29,Email Campaign,United Kingdom,Mid-Market
CUST-112314,2024-07-22,Organic Search,Germany,SMB
CUST-112315,2024-05-26,Paid Ads,India,SMB
CUST-112316,2024-09-21,Email Campaign,Australia,SMB
CUST-112317,2024-04-30,Referral,United Kingdom,SMB
CUST-112318,2025-09-18,Social Media,Netherlands,Enterprise
CUST-112319,2025-09-14,Referral,United States,SMB
CUST-112320,2025-05-03,Social Media,Canada,SMB
CUST-112321,2025-03-30,Social Media,France,Mid-Market
CUST-112322,2025-02-04,Paid Ads,India,SMB
CUST-112323,2024-01-25,Paid Ads,United States,SMB
CUST-112324,2024-05-06,Referral,United States,SMB
CUST-112325,2024-07-08,Organic Search,France,SMB
CUST-112326,2025-01-11,Paid Ads,Canada,Enterprise
CUST-112327,2025-10-06,Referral,Netherlands,SMB
CUST-112328,2025-09-29,Email Campaign,Netherlands,Mid-Market
CUST-112329,2024-07-05,Email Campaign,United States,SMB
CUST-112330,2025-06-02,Referral,United States,Mid-Market
CUST-112331,2024-03-05,Email Campaign,United Kingdom,Mid-Market
CUST-112332,2025-06-13,outbound_sales,Canada,SMB
CUST-112333,2025-09-06,Organic Search,United Kingdom,Mid-Market
CUST-112334,2025-10-07,Referral,United Kingdom,SMB
CUST-112335,2024-11-17,Direct,United States,Mid-Market
CUST-112336,2025-05-29,Email Campaign,United Kingdom,SMB
CUST-112337,2025-08-14,Organic Search,Germany,Mid-Market
CUST-112338,2025-07-30,Paid Ads,United States,Mid-Market
CUST-112339,2024-08-29,Paid Ads,India,SMB
CUST-112340,2024-07-30,Organic Search,Germany,SMB
CUST-112341,2024-12-28,outbound_sales,United States,Mid-Market
CUST-112342,2024-07-12,Organic Search,Australia,SMB
CUST-112343,2025-02-27,Organic Search,Australia,Mid-Market
CUST-112344,2025-04-29,Paid Ads,United Kingdom,SMB
CUST-112345,2025-05-18,Organic Search,Germany,SMB
CUST-112346,2025-06-12,Paid Ads,Canada,SMB
CUST-112347,2025-04-10,Direct,Germany,SMB
CUST-112348,2024-01-21,Paid Ads,Netherlands,SMB
CUST-112349,2025-02-20,Paid Ads,United States,SMB
CUST-112350,2025-04-25,Paid Ads,United States,SMB
CUST-112351,2025-03-03,organic search,United States,SMB
CUST-112352,2025-01-17,Direct,France,SMB
CUST-112353,2025-04-06,Organic Search,United States,SMB
CUST-112354,2025-08-25,Paid Ads,Canada,SMB
CUST-112355,2024-01-16,Direct,Netherlands,SMB
CUST-112356,2024-09-30,Social Media,Netherlands,SMB
CUST-112357,2025-04-29,Referral,United States,SMB
CUST-112358,2024-10-21,outbound_sales,United States,SMB
CUST-112359,2025-10-02,paid ads,India,SMB
CUST-112360,2024-05-20,Social Media,United Kingdom,Mid-Market
CUST-112361,2024-04-26,paid ads,United States,SMB
CUST-112362,2025-06-10,outbound_sales,Australia,SMB
CUST-112363,2024-03-17,Email Campaign,Germany,SMB
CUST-112364,2024-05-06,Paid Ads,United States,Mid-Market
CUST-112365,2024-07-29,Paid Ads,India,SMB
CUST-112366,2025-08-01,Paid Ads,Germany,Enterprise
CUST-112367,2024-08-10,Paid Ads,France,SMB
CUST-112368,2024-01-13,Referral,United Kingdom,SMB
CUST-112369,2025-03-14,Organic Search,United States,Mid-Market
CUST-112370,2024-10-23,Organic Search,United States,SMB
CUST-112371,2024-10-09,Organic Search,Germany,SMB
CUST-112372,2024-10-14,Organic Search,Germany,SMB
CUST-112373,2025-08-01,Direct,India,SMB
CUST-112374,2024-07-13,Email Campaign,India,SMB
CUST-112375,2025-11-16,Paid Ads,United States,Mid-Market
CUST-112376,2024-09-11,Social Media,United States,Mid-Market
CUST-112377,2024-04-16,Organic Search,Canada,SMB
CUST-112378,2025-01-28,Paid Ads,Germany,SMB
CUST-112379,2025-04-28,Organic Search,United States,Enterprise
CUST-112380,2025-09-23,paid ads,United Kingdom,SMB
CUST-112381,2025-02-23,outbound_sales,Netherlands,SMB
CUST-112382,2025-06-06,Referral,United States,SMB
CUST-112383,2024-08-08,Direct,Germany,SMB
CUST-112384,2025-03-15,Paid Ads,United States,Enterprise
CUST-112385,2024-09-15,Direct,India,Enterprise
CUST-112386,2025-09-14,Paid Ads,United States,SMB
CUST-112387,2024-11-12,Paid Ads,India,SMB
CUST-112388,2025-10-28,Email Campaign,Canada,SMB
CUST-112389,2024-02-29,Paid Ads,Australia,SMB
CUST-112390,2024-11-13,referral,India,Enterprise
CUST-112391,2025-11-22,Social Media,United Kingdom,SMB
CUST-112392,2024-03-19,Paid Ads,United Kingdom,Mid-Market
CUST-112393,2024-02-02,Paid Ads,Canada,Mid-Market
CUST-112394,2025-07-06,Organic Search,Germany,SMB
CUST-112395,2024-04-25,Organic Search,United States,SMB
CUST-112396,2024-10-01,Paid Ads,Canada,SMB
CUST-112397,2024-08-23,Email Campaign,India,SMB
CUST-112398,2024-05-17,Organic Search,India,Mid-Market
CUST-112399,2024-12-05,Organic Search,Australia,SMB
CUST-112400,2025-11-26,Email Campaign,United States,Mid-Market
CUST-112401,2024-05-15,Organic Search,United States,SMB
CUST-112402,2024-06-25,email campaign,India,Mid-Market
CUST-112403,2025-06-08,Referral,United Kingdom,Enterprise
CUST-112404,2025-03-07,Paid Ads,Canada,SMB
CUST-112405,2025-03-31,Organic Search,United States,SMB
CUST-112406,2025-03-15,Email Campaign,Netherlands,Mid-Market
CUST-112407,2024-10-12,Referral,United States,SMB
CUST-112408,2024-02-15,Email Campaign,United Kingdom,SMB
CUST-112409,2024-03-14,Referral,Netherlands,Mid-Market
CUST-112410,2025-04-27,Paid Ads,United States,SMB
CUST-112411,2024-11-22,Email Campaign,United States,SMB
CUST-112412,2025-08-17,Organic Search,United States,SMB
CUST-112413,2024-12-21,referral,Germany,SMB
CUST-112414,2024-01-21,Paid Ads,France,SMB
CUST-112415,2024-05-17,Organic Search,United Kingdom,SMB
CUST-112416,2025-06-18,Referral,United States,SMB
CUST-112417,2024-04-08,Email Campaign,Canada,SMB
CUST-112418,2025-11-29,Organic Search,Germany,Mid-Market
CUST-112419,2024-11-21,Referral,Germany,Mid-Market
CUST-112420,2024-02-16,Paid Ads,United States,Mid-Market
CUST-112421,2025-02-20,Referral,Netherlands,SMB
CUST-112422,2025-01-17,Direct,Germany,SMB
CUST-112423,2025-05-12,Email Campaign,United States,SMB
CUST-112424,2025-05-22,Direct,United States,SMB
CUST-112425,2024-06-08,Organic Search,India,Mid-Market
CUST-112426,2025-03-22,Organic Search,United States,Mid-Market
CUST-112427,2024-07-04,Paid Ads,United States,SMB
CUST-112428,2025-10-31,Direct,United States,SMB
CUST-112429,2024-10-25,Paid Ads,India,SMB
CUST-112430,2025-11-07,Paid Ads,United Kingdom,SMB
CUST-112431,2025-09-11,Referral,Australia,Enterprise
CUST-112432,2024-03-19,Referral,India,SMB
CUST-112433,2024-10-11,Paid Ads,United States,SMB
CUST-112434,2024-11-02,Social Media,United Kingdom,SMB
CUST-112435,2024-12-24,Email Campaign,United States,SMB
CUST-112436,2024-11-12,Email Campaign,Canada,SMB
CUST-112437,2024-04-08,Paid Ads,United States,SMB
CUST-112438,2025-01-30,Email Campaign,United States,SMB
CUST-112439,2024-03-04,Organic Search,United Kingdom,SMB
CUST-112440,2025-03-27,Paid Ads,United States,SMB
CUST-112441,2025-03-11,Direct,Germany,SMB
CUST-112442,2025-05-27,Organic Search,India,Mid-Market
CUST-112443,2024-01-07,Email Campaign,Canada,Mid-Market
CUST-112444,2025-05-24,Organic Search,Australia,SMB
CUST-112445,2024-05-24,Paid Ads,France,SMB
CUST-112446,2025-07-28,Social Media,United Kingdom,SMB
CUST-112447,2025-09-04,Paid Ads,Netherlands,SMB
CUST-112448,2024-10-12,Referral,Australia,SMB
CUST-112449,2025-03-22,outbound_sales,United States,SMB
CUST-112450,2025-06-25,Paid Ads,United Kingdom,Mid-Market
CUST-112451,2024-10-25,Email Campaign,United States,SMB
CUST-112452,2025-08-21,Organic Search,United States,SMB
CUST-112453,2024-11-23,Organic Search,United States,SMB
CUST-112454,2024-03-02,Referral,United Kingdom,SMB
CUST-112455,2025-04-30,Organic Search,United States,SMB
CUST-112456,2025-07-08,Referral,United States,SMB
CUST-112457,2024-08-12,Organic Search,United States,SMB
CUST-112458,2025-02-21,organic search,United Kingdom,SMB
CUST-112459,2024-02-06,Paid Ads,Netherlands,SMB
CUST-112460,2024-05-27,outbound_sales,Germany,SMB
CUST-112461,2024-12-07,Organic Search,Canada,Mid-Market
CUST-112462,2024-09-02,Organic Search,United Kingdom,Enterprise
CUST-112463,2025-05-26,Email Campaign,United States,SMB
CUST-112464,2025-03-14,Paid Ads,United States,SMB
CUST-112465,2024-03-07,Referral,Canada,Mid-Market
CUST-112466,2024-04-03,Paid Ads,United States,SMB
CUST-112467,2025-03-17,Paid Ads,Netherlands,Enterprise
CUST-112468,2024-11-02,Paid Ads,Germany,SMB
CUST-112469,2025-07-26,Paid Ads,United States,SMB
CUST-112470,2024-07-26,Paid Ads,United States,SMB
CUST-112471,2025-11-07,Referral,Canada,Mid-Market
CUST-112472,2025-06-22,outbound_sales,Germany,SMB
CUST-112473,2024-06-12,Organic Search,United States,Mid-Market
CUST-112474,2024-09-02,email campaign,United States,SMB
CUST-112475,2025-11-30,Paid Ads,India,SMB
CUST-112476,2025-06-01,Referral,Germany,Enterprise
CUST-112477,2025-04-17,Organic Search,Canada,SMB
CUST-112478,2025-10-07,Social Media,Germany,SMB
CUST-112479,2024-11-11,Paid Ads,United States,SMB
CUST-112480,2025-09-15,outbound_sales,Canada,SMB
CUST-112481,2025-08-21,Paid Ads,United States,Enterprise
CUST-112482,2025-08-30,Paid Ads,Australia,SMB
CUST-112483,2024-06-08,Email Campaign,United States,SMB
CUST-112484,2025-09-28,Email Campaign,India,SMB
CUST-112485,2024-03-13,Paid Ads,Australia,Mid-Market
CUST-112486,2024-05-31,Paid Ads,United States,Mid-Market
CUST-112487,2024-08-28,organic search,United States,Mid-Market
CUST-112488,2025-03-13,Organic Search,Australia,Enterprise
CUST-112489,2024-05-06,Referral,Germany,SMB
CUST-112490,2025-03-06,Paid Ads,Germany,SMB
CUST-112491,2024-05-07,Social Media,Canada,SMB
CUST-112492,2024-06-04,Organic Search,United States,SMB
CUST-112493,2025-08-09,Referral,Germany,SMB
CUST-112494,2025-08-06,Organic Search,United States,SMB
CUST-112495,2024-03-05,Organic Search,India,SMB
CUST-112496,2025-09-13,Referral,Netherlands,SMB
CUST-112497,2024-06-14,Organic Search,Canada,Enterprise
CUST-112498,2025-07-31,Paid Ads,Australia,Mid-Market
CUST-112499,2025-07-12,Organic Search,United States,Mid-Market
