customer_id,monthly_active_days,feature_adoption_rate_pct,avg_daily_session_mins,api_calls_count,export_reports_count
CUST-100000,23,69.0,108.7,129,45
CUST-100001,9,28.4,17.9,66,17
CUST-100002,10,28.5,21.7,37,36
CUST-100003,19,94.3,92.7,99,34
CUST-100004,11,31.2,5.9,137,16
CUST-100005,7,25.9,18.7,18,4
CUST-100006,24,67.0,93.4,68,37
CUST-100007,12,22.3,6.2,150,26
CUST-100008,6,39.9,7.1,136,32
CUST-100009,25,67.8,89.8,133,8
CUST-100010,10,34.4,4.2,121,14
CUST-100011,7,22.4,15.1,145,45
CUST-100012,13,11.0,16.5,58,5
CUST-100013,22,81.5,77.9,128,32
CUST-100014,1,36.7,11.0,133,20
CUST-100015,18,90.6,42.7,3245,45
CUST-100016,8,28.0,13.9,130,11
CUST-100017,5,11.6,18.0,128,44
CUST-100018,29,85.6,100.2,2705,29
CUST-100019,13,30.9,11.8,50,20
CUST-100020,8,20.0,12.3,138,1
CUST-100021,21,69.9,33.8,1858,17
CUST-100022,14,17.7,8.4,138,34
CUST-100023,4,15.3,10.6,128,18
CUST-100024,2,38.2,21.6,106,42
CUST-100025,14,30.4,17.3,126,37
CUST-100026,12,33.8,13.6,60,44
CUST-100027,16,90.7,41.1,38,45
CUST-100028,5,40.6,20.7,133,33
CUST-100029,14,38.9,17.5,57,19
CUST-100030,16,93.6,98.5,118,11
CUST-100031,14,20.4,4.6,45,9
CUST-100032,14,21.1,14.3,21,15
CUST-100033,15,52.7,70.7,71,9
CUST-100034,28,66.3,56.1,44,0
CUST-100035,9,14.7,6.3,124,3
CUST-100036,5,10.1,17.6,57,42
CUST-100037,15,53.5,35.8,1074,7
CUST-100038,11,14.8,16.9,25,45
CUST-100039,16,67.7,32.9,36,5
CUST-100040,11,20.4,15.9,63,40
CUST-100041,10,32.7,16.4,119,38
CUST-100042,22,68.3,26.8,26,6
CUST-100043,18,82.9,94.2,4521,43
CUST-100044,25,65.7,105.9,3600,27
CUST-100045,10,44.1,15.0,32,3
CUST-100046,21,65.8,83.5,1586,9
CUST-100047,24,64.0,48.0,89,36
CUST-100048,4,18.7,17.4,130,30
CUST-100049,14,12.1,16.1,109,24
CUST-100050,6,37.9,17.5,29,39
CUST-100051,5,21.6,15.6,87,42
CUST-100052,11,13.4,12.7,57,12
CUST-100053,11,14.8,14.8,92,25
CUST-100054,18,61.6,29.4,588,37
CUST-100055,27,77.3,54.4,2556,45
CUST-100056,5,40.3,16.7,53,4
CUST-100057,24,88.4,104.0,5408,42
CUST-100058,8,43.3,20.3,87,1
CUST-100059,25,67.1,49.2,885,0
CUST-100060,3,22.2,7.0,72,24
CUST-100061,16,69.5,100.9,94,24
CUST-100062,14,17.8,4.9,117,42
CUST-100063,12,24.1,9.1,113,13
CUST-100064,17,81.1,41.6,117,16
CUST-100065,14,41.0,20.6,114,7
CUST-100066,7,26.1,11.0,44,32
CUST-100067,12,28.4,22.0,14,7
CUST-100068,21,71.5,90.7,85,2
CUST-100069,28,81.1,107.6,92,19
CUST-100070,25,91.0,29.7,126,24
CUST-100071,6,40.0,20.2,137,27
CUST-100072,10,43.9,6.6,11,31
CUST-100073,3,42.4,16.0,120,40
CUST-100074,3,15.5,6.0,86,28
CUST-100075,2,25.9,8.9,122,32
CUST-100076,23,78.7,26.4,1663,30
CUST-100077,25,94.2,81.9,98,3
CUST-100078,5,44.8,13.9,150,28
CUST-100079,12,33.0,4.5,25,12
CUST-100080,23,65.7,73.7,810,18
CUST-100081,23,75.3,25.5,1836,23
CUST-100082,17,63.5,75.1,2102,29
CUST-100083,14,39.0,16.4,31,37
CUST-100084,19,81.5,92.4,75,23
CUST-100085,18,69.6,29.0,580,26
CUST-100086,24,69.6,99.7,143,22
CUST-100087,24,84.4,53.3,15,7
CUST-100088,12,18.5,7.7,114,5
CUST-100089,22,64.0,35.9,2297,0
CUST-100090,10,25.8,6.4,30,43
CUST-100091,26,52.5,27.5,67,14
CUST-100092,18,62.5,106.0,6784,13
CUST-100093,2,10.6,16.5,46,12
CUST-100094,22,57.2,67.8,10,34
CUST-100095,1,16.9,4.5,70,8
CUST-100096,28,93.8,33.5,1273,37
CUST-100097,29,64.1,45.9,135,28
CUST-100098,26,80.7,47.5,123,27
CUST-100099,3,31.6,5.0,129,28
CUST-100100,7,39.7,8.8,86,22
CUST-100101,11,27.9,21.1,116,37
CUST-100102,4,10.2,6.2,146,14
CUST-100103,27,93.0,91.6,4305,33
CUST-100104,4,37.4,13.3,126,32
CUST-100105,29,93.2,80.4,43,23
CUST-100106,19,74.6,72.5,1595,41
CUST-100107,13,34.9,10.2,98,20
CUST-100108,8,41.5,16.2,108,13
CUST-100109,29,83.9,83.1,98,26
CUST-100110,14,37.3,7.9,42,17
CUST-100111,20,89.6,66.0,1452,34
CUST-100112,9,17.1,6.9,42,12
CUST-100113,19,70.1,109.4,3610,8
CUST-100114,13,27.1,9.7,114,4
CUST-100115,8,25.5,19.0,118,32
CUST-100116,23,83.6,30.6,68,2
CUST-100117,12,38.7,16.0,54,23
CUST-100118,27,72.9,51.8,92,40
CUST-100119,8,23.6,12.4,54,37
CUST-100120,28,94.8,42.0,77,3
CUST-100121,19,75.3,106.8,59,22
CUST-100122,6,26.7,16.0,3,20
CUST-100123,1,11.2,14.3,90,25
CUST-100124,7,38.0,19.1,112,3
CUST-100125,24,90.8,107.9,135,8
CUST-100126,19,81.0,64.0,3904,39
CUST-100127,8,39.5,13.8,109,8
CUST-100128,5,12.0,15.7,45,6
CUST-100129,15,61.6,66.4,9,3
CUST-100130,29,74.4,60.4,1208,3
CUST-100131,19,57.8,65.0,2925,30
CUST-100132,21,80.8,88.5,99,8
CUST-100133,18,63.0,98.8,7212,27
CUST-100134,10,27.5,22.0,49,23
CUST-100135,9,16.5,11.7,36,19
CUST-100136,24,73.4,70.4,132,10
CUST-100137,14,26.0,9.5,85,44
CUST-100138,3,20.3,6.0,30,17
CUST-100139,2,26.5,13.9,77,21
CUST-100140,28,66.6,64.6,2261,28
CUST-100141,8,35.3,6.2,15,37
CUST-100142,26,86.3,56.8,3124,15
CUST-100143,5,11.2,7.7,97,38
CUST-100144,6,35.2,14.3,6,20
CUST-100145,20,85.3,53.3,84,26
CUST-100146,22,94.0,100.7,10,3
CUST-100147,8,38.2,21.5,67,0
CUST-100148,11,17.4,18.1,150,33
CUST-100149,14,37.6,12.3,64,6
CUST-100150,21,74.8,36.7,2899,34
CUST-100151,25,58.7,83.4,5838,35
CUST-100152,21,64.2,72.1,1,2
CUST-100153,29,57.2,26.8,1688,41
CUST-100154,23,60.8,91.3,45,38
CUST-100155,11,10.2,11.8,134,5
CUST-100156,11,32.6,10.2,108,3
CUST-100157,11,13.7,7.3,50,43
CUST-100158,14,13.3,5.4,20,4
CUST-100159,9,38.1,15.3,82,1
CUST-100160,3,38.9,17.1,119,2
CUST-100161,4,29.5,11.9,28,19
CUST-100162,9,37.8,6.2,16,10
CUST-100163,7,36.1,9.4,121,21
CUST-100164,10,39.8,20.1,94,33
CUST-100165,23,66.7,63.3,4177,28
CUST-100166,29,69.5,36.2,506,18
CUST-100167,1,26.5,20.6,5,0
CUST-100168,9,23.4,6.1,112,19
CUST-100169,18,84.3,47.3,102,25
CUST-100170,24,90.2,33.1,77,5
CUST-100171,24,83.3,97.3,116,5
CUST-100172,10,43.7,15.6,5,3
CUST-100173,4,38.8,21.8,134,41
CUST-100174,10,12.0,18.0,47,40
CUST-100175,19,68.4,57.7,0,26
CUST-100176,13,41.4,18.7,148,1
CUST-100177,21,93.6,91.0,34,12
CUST-100178,22,84.3,27.7,664,43
CUST-100179,23,94.2,49.0,81,2
CUST-100180,13,25.7,20.5,25,20
CUST-100181,9,17.8,13.2,81,9
CUST-100182,8,33.1,16.2,114,9
CUST-100183,28,76.8,45.8,3068,45
CUST-100184,10,34.4,19.3,50,5
CUST-100185,10,12.1,16.4,119,24
CUST-100186,22,53.5,105.9,7095,22
CUST-100187,24,55.3,82.0,14,35
CUST-100188,5,17.2,5.1,96,43
CUST-100189,28,58.8,87.9,6680,12
CUST-100190,12,17.1,17.2,117,41
CUST-100191,8,24.3,21.2,136,27
CUST-100192,2,42.0,17.6,99,21
CUST-100193,16,81.1,59.2,111,22
CUST-100194,19,51.5,40.6,108,19
CUST-100195,17,87.1,84.7,114,27
CUST-100196,6,22.3,18.9,149,24
CUST-100197,29,52.2,91.9,1102,31
CUST-100198,4,43.1,4.5,36,31
CUST-100199,5,27.2,7.0,93,17
CUST-100200,8,34.0,4.8,139,5
CUST-100201,16,67.3,74.8,3291,31
CUST-100202,24,80.7,105.9,2223,24
CUST-100203,9,16.3,6.5,145,36
CUST-100204,12,44.3,14.9,149,41
CUST-100205,17,62.4,95.2,5807,28
CUST-100206,27,69.0,43.3,2598,15
CUST-100207,22,57.6,72.8,100,4
CUST-100208,6,19.9,9.1,79,3
CUST-100209,15,63.2,81.5,3749,5
CUST-100210,8,10.8,19.1,31,9
CUST-100211,2,33.0,21.2,64,13
CUST-100212,7,11.5,17.1,40,27
CUST-100213,28,61.1,45.8,1694,11
CUST-100214,6,23.1,13.0,129,44
CUST-100215,2,35.1,14.3,111,14
CUST-100216,3,14.8,16.5,45,39
CUST-100217,20,87.4,48.4,2371,18
CUST-100218,13,44.9,20.3,52,16
CUST-100219,20,94.5,63.0,50,4
CUST-100220,20,59.7,37.3,2051,28
CUST-100221,14,26.8,10.5,95,21
CUST-100222,9,20.7,17.7,66,5
CUST-100223,18,87.0,36.8,2907,11
CUST-100224,1,43.7,11.1,139,34
CUST-100225,26,77.5,97.7,25,36
CUST-100226,20,75.8,106.7,78,37
CUST-100227,4,21.2,18.7,48,43
CUST-100228,28,60.9,104.8,82,12
CUST-100229,12,43.3,20.4,18,21
CUST-100230,14,34.6,16.0,120,35
CUST-100231,9,10.5,9.1,3,33
CUST-100232,19,88.6,81.1,62,7
CUST-100233,9,28.5,15.9,60,26
CUST-100234,15,79.9,77.8,52,45
CUST-100235,28,78.8,28.3,125,32
CUST-100236,19,92.2,79.4,103,27
CUST-100237,10,43.4,10.0,71,8
CUST-100238,6,36.0,8.3,96,9
CUST-100239,27,70.6,107.1,79,16
CUST-100240,13,37.8,16.0,121,45
CUST-100241,8,17.0,6.9,54,32
CUST-100242,14,25.5,13.4,36,42
CUST-100243,13,14.6,11.5,49,0
CUST-100244,27,65.2,62.2,103,6
CUST-100245,2,27.0,8.3,144,12
CUST-100246,10,24.4,11.0,74,35
CUST-100247,22,87.2,61.1,96,41
CUST-100248,7,24.9,18.1,121,29
CUST-100249,19,94.7,71.3,80,29
CUST-100250,13,25.8,14.1,133,4
CUST-100251,17,89.5,28.9,58,20
CUST-100252,11,12.2,10.1,12,9
CUST-100253,4,11.7,18.2,15,36
CUST-100254,13,25.0,6.9,136,23
CUST-100255,1,25.1,12.1,107,20
CUST-100256,7,21.2,19.6,115,28
CUST-100257,1,29.9,10.1,52,32
CUST-100258,28,63.4,79.9,54,27
CUST-100259,1,17.2,21.6,8,28
CUST-100260,7,24.7,13.7,98,41
CUST-100261,24,84.1,87.9,1582,41
CUST-100262,17,85.6,62.3,3239,28
CUST-100263,5,35.2,21.9,68,0
CUST-100264,2,41.9,14.2,50,15
CUST-100265,13,37.9,13.6,24,25
CUST-100266,2,37.7,19.8,124,44
CUST-100267,12,41.0,21.6,25,8
CUST-100268,21,51.4,84.2,112,4
CUST-100269,22,65.7,58.4,4,43
CUST-100270,2,33.8,17.4,103,21
CUST-100271,7,14.7,11.4,97,6
CUST-100272,9,42.2,15.9,18,38
CUST-100273,25,62.4,87.4,6992,2
CUST-100274,11,14.7,18.2,10,22
CUST-100275,21,78.5,86.3,53,5
CUST-100276,19,76.3,61.0,32,6
CUST-100277,3,15.8,15.1,20,5
CUST-100278,22,86.8,74.5,5811,42
CUST-100279,29,57.8,57.2,149,21
CUST-100280,27,81.9,101.9,1936,8
CUST-100281,10,17.3,12.2,106,17
CUST-100282,1,30.5,4.9,139,12
CUST-100283,19,52.5,34.8,417,5
CUST-100284,1,42.8,12.4,125,9
CUST-100285,24,94.5,61.6,3511,14
CUST-100286,15,85.9,62.0,113,20
CUST-100287,29,64.9,99.6,132,7
CUST-100288,25,89.1,68.1,70,38
CUST-100289,7,37.9,13.9,23,1
CUST-100290,22,60.4,71.9,3810,21
CUST-100291,5,12.4,8.1,58,41
CUST-100292,6,39.3,18.4,88,39
CUST-100293,27,55.3,55.6,4281,11
CUST-100294,16,59.8,32.1,133,1
CUST-100295,16,52.6,75.1,64,45
CUST-100296,4,27.9,14.9,29,39
CUST-100297,29,86.7,82.7,59,25
CUST-100298,11,44.1,10.2,126,34
CUST-100299,3,24.4,9.2,15,2
CUST-100300,23,77.4,62.7,16,11
CUST-100301,25,68.2,42.2,759,42
CUST-100302,7,28.4,19.4,48,9
CUST-100303,18,51.5,69.3,112,6
CUST-100304,17,87.7,82.1,1231,7
CUST-100305,19,78.1,102.1,28,0
CUST-100306,22,51.4,93.2,76,29
CUST-100307,8,19.6,20.5,141,11
CUST-100308,3,26.9,18.1,77,23
CUST-100309,6,28.0,17.1,120,17
CUST-100310,19,64.1,44.1,28,23
CUST-100311,7,27.5,7.9,74,24
CUST-100312,17,63.0,91.0,2093,31
CUST-100313,2,21.2,16.6,41,31
CUST-100314,11,35.7,7.7,63,10
CUST-100315,9,44.4,15.6,99,5
CUST-100316,8,30.6,21.3,104,42
CUST-100317,8,17.5,6.9,35,5
CUST-100318,8,41.1,21.2,38,35
CUST-100319,7,35.7,18.8,32,24
CUST-100320,16,62.2,77.6,2017,31
CUST-100321,6,30.9,8.2,40,7
CUST-100322,17,81.8,58.2,80,24
CUST-100323,23,81.6,108.0,7452,14
CUST-100324,13,39.6,9.5,87,42
CUST-100325,5,18.4,4.7,66,30
CUST-100326,6,23.4,21.8,100,2
CUST-100327,28,72.3,77.3,4251,26
CUST-100328,2,33.0,18.3,86,37
CUST-100329,1,43.6,15.5,75,13
CUST-100330,15,93.8,65.9,2174,18
CUST-100331,12,28.1,21.1,84,24
CUST-100332,8,43.0,5.9,69,6
CUST-100333,28,78.9,109.1,6873,16
CUST-100334,18,88.9,73.6,30,36
CUST-100335,19,82.2,30.2,1691,18
CUST-100336,2,34.9,19.2,109,43
CUST-100337,26,69.0,99.5,2189,29
CUST-100338,12,11.5,15.0,29,44
CUST-100339,25,67.2,64.5,130,30
CUST-100340,19,62.0,103.8,1453,34
CUST-100341,12,35.6,17.7,21,11
CUST-100342,10,38.6,8.1,11,27
CUST-100343,13,11.5,19.6,23,22
CUST-100344,2,40.2,10.0,69,4
CUST-100345,14,28.3,12.5,82,9
CUST-100346,16,93.6,88.0,143,6
CUST-100347,5,19.2,13.6,114,21
CUST-100348,13,36.7,4.7,134,44
CUST-100349,18,89.6,93.0,1953,27
CUST-100350,7,16.2,16.3,2,0
CUST-100351,14,30.0,6.7,92,21
CUST-100352,10,33.9,12.9,95,39
CUST-100353,12,29.3,19.2,34,44
CUST-100354,2,22.7,8.5,107,35
CUST-100355,5,13.1,13.1,126,10
CUST-100356,20,65.8,54.0,146,5
CUST-100357,15,52.4,80.5,3944,37
CUST-100358,8,23.1,11.7,129,25
CUST-100359,11,42.0,8.2,102,22
CUST-100360,18,81.8,95.7,103,36
CUST-100361,9,14.9,19.4,63,2
CUST-100362,11,15.4,19.5,49,27
CUST-100363,12,26.9,9.2,148,40
CUST-100364,10,41.0,11.6,145,34
CUST-100365,27,69.3,53.3,586,42
CUST-100366,21,84.1,50.6,125,2
CUST-100367,3,14.8,11.4,67,8
CUST-100368,6,39.4,5.0,26,21
CUST-100369,3,22.7,14.2,132,24
CUST-100370,22,72.9,41.1,73,20
CUST-100371,17,84.4,87.8,1141,37
CUST-100372,22,51.9,65.0,1365,34
CUST-100373,29,90.5,64.6,2648,41
CUST-100374,17,57.4,95.2,56,9
CUST-100375,5,37.2,15.4,149,20
CUST-100376,28,64.4,86.9,1564,24
CUST-100377,6,14.3,10.5,90,22
CUST-100378,26,90.6,79.1,3322,17
CUST-100379,20,59.5,76.7,1227,34
CUST-100380,16,90.5,33.9,91,5
CUST-100381,11,11.1,18.3,113,18
CUST-100382,5,28.3,4.7,53,39
CUST-100383,17,89.4,45.5,1638,24
CUST-100384,6,19.4,16.2,134,23
CUST-100385,20,70.8,32.4,550,30
CUST-100386,24,55.8,40.8,2733,8
CUST-100387,16,56.1,28.2,733,9
CUST-100388,6,30.7,8.0,129,42
CUST-100389,1,44.9,8.2,48,28
CUST-100390,23,87.4,42.2,147,16
CUST-100391,14,11.2,7.4,118,2
CUST-100392,7,14.9,10.6,112,40
CUST-100393,19,55.5,70.6,1,34
CUST-100394,9,42.0,17.5,121,22
CUST-100395,28,81.9,76.1,89,20
CUST-100396,1,36.6,7.5,121,3
CUST-100397,29,85.6,96.2,53,40
CUST-100398,12,40.3,6.3,60,15
CUST-100399,11,14.0,21.9,118,4
CUST-100400,10,32.5,10.2,114,16
CUST-100401,21,83.3,70.8,1345,3
CUST-100402,23,81.1,33.4,1703,20
CUST-100403,21,82.3,66.0,30,33
CUST-100404,21,88.1,45.2,148,3
CUST-100405,14,33.8,15.6,93,9
CUST-100406,10,40.4,15.5,52,3
CUST-100407,11,27.4,19.1,125,39
CUST-100408,18,85.2,35.0,1155,43
CUST-100409,4,41.3,5.4,43,6
CUST-100410,23,86.3,93.7,5809,4
CUST-100411,2,15.9,16.4,52,42
CUST-100412,9,13.8,11.0,65,7
CUST-100413,11,14.9,9.1,67,4
CUST-100414,21,93.1,52.3,941,44
CUST-100415,16,66.9,108.9,4464,29
CUST-100416,12,27.9,12.5,112,28
CUST-100417,6,17.1,9.4,31,12
CUST-100418,9,39.9,16.2,34,16
CUST-100419,14,10.1,17.5,26,44
CUST-100420,17,67.3,29.2,1722,30
CUST-100421,24,71.1,68.5,2329,6
CUST-100422,10,44.2,16.5,21,31
CUST-100423,5,28.3,16.4,25,20
CUST-100424,12,44.1,15.4,64,1
CUST-100425,16,70.3,42.6,113,15
CUST-100426,3,20.0,12.6,102,30
CUST-100427,13,23.6,12.0,9,29
CUST-100428,16,75.7,102.4,6656,45
CUST-100429,10,26.6,5.7,10,39
CUST-100430,25,86.4,38.3,612,35
CUST-100431,12,36.3,8.4,41,36
CUST-100432,26,53.5,30.9,126,3
CUST-100433,21,68.0,29.4,323,36
CUST-100434,8,12.3,6.6,113,21
CUST-100435,16,55.0,96.2,88,15
CUST-100436,8,37.9,9.0,92,38
CUST-100437,28,57.9,39.2,38,34
CUST-100438,1,23.9,12.8,66,12
CUST-100439,22,81.3,31.6,15,23
CUST-100440,24,83.1,99.5,145,21
CUST-100441,18,87.9,50.9,145,42
CUST-100442,26,77.7,44.9,1751,20
CUST-100443,17,77.6,95.7,17,18
CUST-100444,2,22.2,11.4,100,18
CUST-100445,22,52.7,96.0,27,38
CUST-100446,19,69.9,43.2,130,1
CUST-100447,2,18.5,4.2,5,21
CUST-100448,22,59.7,26.7,17,14
CUST-100449,28,58.2,52.0,29,14
CUST-100450,16,75.0,61.8,78,5
CUST-100451,8,15.6,8.5,18,40
CUST-100452,26,89.3,25.8,1186,36
CUST-100453,28,86.3,43.0,59,17
CUST-100454,18,76.5,27.2,82,15
CUST-100455,12,30.1,14.2,60,30
CUST-100456,18,90.6,105.1,1891,12
CUST-100457,8,27.7,4.5,93,19
CUST-100458,12,40.6,19.9,145,31
CUST-100459,17,57.3,85.4,4526,2
CUST-100460,15,58.1,105.4,103,22
CUST-100461,1,20.6,19.0,128,20
CUST-100462,22,56.2,53.6,4288,43
CUST-100463,10,17.9,10.9,144,31
CUST-100464,18,78.4,66.9,2140,29
CUST-100465,18,57.8,46.4,2830,32
CUST-100466,6,12.1,12.4,131,7
CUST-100467,5,35.4,16.0,31,44
CUST-100468,22,68.3,106.8,4912,2
CUST-100469,6,40.9,7.5,133,41
CUST-100470,7,10.6,16.8,93,25
CUST-100471,18,94.2,99.9,87,18
CUST-100472,17,85.5,76.6,114,22
CUST-100473,23,60.3,27.7,1939,40
CUST-100474,24,71.8,36.2,31,9
CUST-100475,11,10.3,8.1,111,1
CUST-100476,7,39.6,6.1,126,30
CUST-100477,18,74.7,41.3,120,10
CUST-100478,1,38.5,8.8,137,27
CUST-100479,1,30.1,13.7,6,16
CUST-100480,18,59.9,57.9,1158,4
CUST-100481,8,26.5,4.9,110,45
CUST-100482,9,30.9,6.7,2,23
CUST-100483,8,40.5,19.9,121,39
CUST-100484,18,60.6,66.1,3437,28
CUST-100485,27,80.9,84.8,136,45
CUST-100486,17,92.8,80.3,99,13
CUST-100487,5,16.5,8.6,104,14
CUST-100488,15,61.3,102.1,1123,4
CUST-100489,3,29.3,21.8,117,7
CUST-100490,1,24.3,10.3,75,9
CUST-100491,21,66.1,66.4,116,22
CUST-100492,5,18.0,9.3,104,43
CUST-100493,21,55.4,107.0,90,39
CUST-100494,8,39.7,15.6,42,22
CUST-100495,11,42.6,5.6,66,43
CUST-100496,8,26.4,15.0,40,43
CUST-100497,16,61.9,32.6,49,44
CUST-100498,28,64.1,50.5,656,24
CUST-100499,14,24.6,9.7,149,42
CUST-100500,19,50.4,69.1,1934,5
CUST-100501,8,24.8,11.4,51,29
CUST-100502,22,87.0,95.3,120,28
CUST-100503,4,18.3,11.4,23,10
CUST-100504,22,86.7,73.3,50,21
CUST-100505,1,43.4,13.5,140,29
CUST-100506,3,37.6,13.3,9,5
CUST-100507,6,16.8,17.5,9,32
CUST-100508,25,86.0,32.3,66,16
CUST-100509,12,22.6,14.4,88,12
CUST-100510,12,19.4,14.9,142,25
CUST-100511,10,42.3,12.3,116,44
CUST-100512,14,31.5,10.9,89,9
CUST-100513,18,94.4,79.4,96,17
CUST-100514,23,51.1,29.4,96,19
CUST-100515,13,41.0,10.6,88,8
CUST-100516,22,61.0,103.2,7017,2
CUST-100517,29,77.8,99.4,24,39
CUST-100518,7,34.6,18.2,102,44
CUST-100519,15,53.7,72.8,36,29
CUST-100520,2,27.1,16.0,62,20
CUST-100521,13,14.9,18.1,57,37
CUST-100522,17,79.8,61.0,1220,11
CUST-100523,15,50.4,95.1,50,4
CUST-100524,12,40.2,11.0,51,35
CUST-100525,6,44.9,9.0,87,35
CUST-100526,13,37.1,10.9,4,37
CUST-100527,19,91.8,51.5,1957,12
CUST-100528,1,38.8,4.2,99,19
CUST-100529,18,89.3,82.4,51,18
CUST-100530,11,38.0,10.9,46,13
CUST-100531,23,74.6,85.9,5068,35
CUST-100532,18,87.1,50.5,130,39
CUST-100533,24,72.7,100.1,62,45
CUST-100534,15,64.8,59.5,91,10
CUST-100535,7,22.3,7.2,4,17
CUST-100536,28,83.0,34.3,11,39
CUST-100537,7,15.0,5.8,85,16
CUST-100538,3,18.2,12.9,80,39
CUST-100539,6,13.1,13.6,143,42
CUST-100540,22,75.1,106.4,126,8
CUST-100541,12,22.5,13.3,2,43
CUST-100542,4,13.4,7.5,132,39
CUST-100543,10,34.3,4.8,129,21
CUST-100544,2,18.7,15.7,22,27
CUST-100545,24,72.9,47.8,135,18
CUST-100546,2,26.1,17.1,65,41
CUST-100547,4,23.5,6.2,55,4
CUST-100548,23,54.9,57.0,100,6
CUST-100549,17,69.4,64.6,90,4
CUST-100550,26,89.9,29.8,73,18
CUST-100551,23,89.5,109.4,139,4
CUST-100552,21,86.3,49.1,39,20
CUST-100553,6,31.8,17.6,53,35
CUST-100554,10,18.8,17.4,132,2
CUST-100555,10,25.5,19.2,48,27
CUST-100556,3,13.6,16.3,82,42
CUST-100557,9,37.0,13.0,135,37
CUST-100558,12,17.8,17.5,147,36
CUST-100559,24,61.6,78.5,4710,5
CUST-100560,29,88.6,63.6,72,6
CUST-100561,21,61.3,27.5,103,37
CUST-100562,20,85.3,40.3,19,29
CUST-100563,12,31.3,10.2,25,33
CUST-100564,27,61.9,66.8,5143,31
CUST-100565,15,78.1,93.9,88,26
CUST-100566,7,40.0,4.9,105,15
CUST-100567,13,29.1,20.3,135,4
CUST-100568,15,62.5,38.9,1828,43
CUST-100569,11,36.8,7.4,14,21
CUST-100570,25,66.6,34.1,142,29
CUST-100571,8,32.6,15.3,35,33
CUST-100572,14,44.7,4.6,117,22
CUST-100573,9,18.1,13.3,59,44
CUST-100574,24,68.3,85.7,3513,15
CUST-100575,9,33.5,19.8,148,30
CUST-100576,9,38.5,21.6,66,27
CUST-100577,12,10.7,20.0,44,40
CUST-100578,7,33.7,7.4,106,43
CUST-100579,6,34.5,21.2,23,20
CUST-100580,2,33.4,17.4,76,14
CUST-100581,27,60.1,90.6,6885,3
CUST-100582,5,39.8,11.5,83,27
CUST-100583,15,87.4,69.2,4498,8
CUST-100584,11,19.9,18.2,113,25
CUST-100585,11,10.2,4.2,48,22
CUST-100586,17,62.3,104.5,1358,43
CUST-100587,5,36.7,6.2,132,33
CUST-100588,28,63.1,96.5,3184,24
CUST-100589,1,35.5,9.7,105,26
CUST-100590,9,12.5,14.4,110,32
CUST-100591,21,89.6,109.3,111,23
CUST-100592,8,39.0,6.0,60,32
CUST-100593,22,52.6,97.3,123,5
CUST-100594,27,62.5,69.1,2902,42
CUST-100595,3,30.5,20.4,130,0
CUST-100596,3,36.2,4.8,53,28
CUST-100597,18,89.3,98.7,60,39
CUST-100598,20,90.0,26.2,75,27
CUST-100599,2,43.5,13.7,96,2
CUST-100600,6,22.9,15.6,133,10
CUST-100601,29,87.3,76.3,2212,16
CUST-100602,22,87.6,78.6,18,38
CUST-100603,8,11.1,13.9,101,4
CUST-100604,9,43.9,11.7,118,8
CUST-100605,20,84.2,92.3,22,18
CUST-100606,4,43.8,15.0,136,26
CUST-100607,2,39.9,5.5,26,34
CUST-100608,13,11.8,11.2,122,42
CUST-100609,4,43.7,4.3,62,38
CUST-100610,14,18.5,14.5,147,6
CUST-100611,11,36.6,19.9,120,42
CUST-100612,23,70.2,31.8,1780,0
CUST-100613,9,30.3,20.3,67,9
CUST-100614,11,19.3,18.4,77,12
CUST-100615,11,42.0,8.4,35,31
CUST-100616,1,41.2,18.8,30,1
CUST-100617,1,38.3,19.0,89,43
CUST-100618,1,37.3,16.2,83,1
CUST-100619,4,43.5,20.7,28,25
CUST-100620,25,84.8,72.3,60,26
CUST-100621,15,61.0,81.3,0,10
CUST-100622,29,55.8,100.6,3319,38
CUST-100623,12,27.1,5.5,67,0
CUST-100624,14,29.5,20.5,113,4
CUST-100625,17,90.2,37.3,1380,8
CUST-100626,18,84.4,100.1,0,12
CUST-100627,25,50.1,53.7,2953,9
CUST-100628,6,22.5,14.7,1,27
CUST-100629,11,37.6,8.8,107,8
CUST-100630,12,30.5,21.3,98,31
CUST-100631,24,54.3,37.4,92,25
CUST-100632,13,20.8,5.3,41,39
CUST-100633,12,42.2,5.9,136,32
CUST-100634,1,16.4,13.8,92,45
CUST-100635,24,88.5,47.2,519,15
CUST-100636,23,85.2,71.8,789,8
CUST-100637,1,41.7,13.9,73,27
CUST-100638,21,55.5,81.6,4406,5
CUST-100639,12,29.2,12.2,96,6
CUST-100640,1,24.7,13.0,7,9
CUST-100641,12,44.1,12.1,13,9
CUST-100642,6,33.6,13.2,79,24
CUST-100643,3,19.7,16.9,40,39
CUST-100644,9,24.4,12.0,105,45
CUST-100645,23,67.9,63.2,4171,7
CUST-100646,8,34.3,9.1,116,16
CUST-100647,13,25.5,7.8,56,25
CUST-100648,3,11.6,21.6,71,5
CUST-100649,20,77.0,87.3,1746,17
CUST-100650,17,65.4,97.7,4787,13
CUST-100651,12,23.4,16.1,35,45
CUST-100652,9,18.6,19.0,122,25
CUST-100653,10,13.7,19.9,117,37
CUST-100654,11,13.7,5.1,30,30
CUST-100655,9,20.1,4.3,125,7
CUST-100656,26,58.2,101.0,102,17
CUST-100657,1,20.0,9.8,124,19
CUST-100658,23,94.9,106.9,30,14
CUST-100659,3,34.0,12.8,73,20
CUST-100660,23,85.5,42.4,22,1
CUST-100661,14,26.6,15.0,72,0
CUST-100662,6,26.8,11.7,72,9
CUST-100663,19,51.7,72.4,19,15
CUST-100664,12,18.6,15.9,98,6
CUST-100665,10,11.6,19.3,90,1
CUST-100666,1,33.5,13.3,61,14
CUST-100667,3,11.9,15.2,134,38
CUST-100668,9,22.2,4.4,100,38
CUST-100669,2,10.5,11.7,42,11
CUST-100670,6,33.8,21.7,137,28
CUST-100671,6,40.3,18.9,131,40
CUST-100672,24,72.3,25.1,928,8
CUST-100673,10,28.9,10.8,126,22
CUST-100674,13,35.2,9.4,22,22
CUST-100675,29,50.3,88.9,4533,41
CUST-100676,21,53.1,102.8,6887,24
CUST-100677,4,16.5,10.5,38,16
CUST-100678,27,80.9,29.4,294,4
CUST-100679,26,86.3,73.8,3468,15
CUST-100680,5,41.1,10.5,142,25
CUST-100681,18,89.4,86.7,137,24
CUST-100682,1,34.6,8.0,77,18
CUST-100683,3,19.8,7.8,83,28
CUST-100684,8,19.4,15.5,95,37
CUST-100685,27,87.4,96.6,92,38
CUST-100686,28,55.5,108.0,7992,38
CUST-100687,14,11.7,10.2,23,7
CUST-100688,10,39.8,10.4,116,32
CUST-100689,2,44.5,4.4,59,28
CUST-100690,25,65.6,28.6,629,26
CUST-100691,25,70.7,87.4,17,39
CUST-100692,16,51.0,85.4,137,6
CUST-100693,28,91.2,92.2,90,10
CUST-100694,16,77.0,31.7,76,29
CUST-100695,17,56.3,94.2,19,29
CUST-100696,1,44.2,20.7,4,29
CUST-100697,20,72.2,57.3,2349,4
CUST-100698,14,21.4,13.1,21,32
CUST-100699,27,50.4,61.7,2591,17
CUST-100700,7,12.9,12.8,11,8
CUST-100701,4,42.8,16.9,90,17
CUST-100702,9,10.8,6.4,101,3
CUST-100703,14,41.3,7.4,47,9
CUST-100704,9,19.9,18.2,38,14
CUST-100705,1,17.3,6.8,11,43
CUST-100706,6,12.3,4.8,4,30
CUST-100707,3,12.5,10.5,39,7
CUST-100708,24,89.7,89.5,77,7
CUST-100709,5,21.3,19.2,134,9
CUST-100710,11,31.5,13.4,3,0
CUST-100711,28,51.5,41.1,2835,29
CUST-100712,16,94.3,59.9,40,40
CUST-100713,13,22.4,21.1,61,39
CUST-100714,11,41.3,6.1,0,12
CUST-100715,1,10.4,9.4,67,6
CUST-100716,6,17.7,9.3,105,27
CUST-100717,12,21.6,15.7,91,44
CUST-100718,11,25.8,5.6,33,25
CUST-100719,12,23.2,5.4,134,28
CUST-100720,5,15.5,7.8,102,39
CUST-100721,10,38.8,5.3,144,5
CUST-100722,10,39.5,13.5,101,27
CUST-100723,22,82.1,88.0,73,13
CUST-100724,14,31.0,7.3,46,39
CUST-100725,5,21.1,20.7,146,5
CUST-100726,12,23.0,13.0,91,27
CUST-100727,4,12.4,7.2,25,9
CUST-100728,17,75.8,36.2,905,4
CUST-100729,28,91.3,32.1,2568,16
CUST-100730,9,36.3,12.5,55,10
CUST-100731,5,42.2,4.5,102,9
CUST-100732,14,43.5,5.9,41,32
CUST-100733,9,21.1,14.6,38,28
CUST-100734,28,79.0,44.1,125,2
CUST-100735,8,29.0,15.8,0,8
CUST-100736,14,26.9,21.1,115,30
CUST-100737,22,69.5,98.8,140,21
CUST-100738,19,80.0,49.4,129,32
CUST-100739,18,72.6,72.5,45,31
CUST-100740,18,92.7,54.2,23,44
CUST-100741,4,41.8,5.6,27,35
CUST-100742,14,44.7,7.9,96,32
CUST-100743,5,16.2,9.5,89,5
CUST-100744,14,16.2,13.6,128,29
CUST-100745,11,37.4,12.4,47,2
CUST-100746,11,33.7,18.2,138,0
CUST-100747,25,87.8,38.6,64,43
CUST-100748,13,29.5,21.5,133,7
CUST-100749,4,37.7,11.7,82,35
CUST-100750,24,76.2,42.0,2352,12
CUST-100751,15,73.5,98.3,39,32
CUST-100752,8,36.1,5.3,96,16
CUST-100753,9,13.5,12.5,42,41
CUST-100754,16,83.1,29.3,83,16
CUST-100755,20,56.0,87.2,79,27
CUST-100756,27,91.4,65.2,978,6
CUST-100757,24,79.0,83.7,2929,29
CUST-100758,11,18.3,8.1,97,45
CUST-100759,17,53.4,28.4,1278,0
CUST-100760,15,72.8,80.9,889,31
CUST-100761,28,91.3,92.1,5341,17
CUST-100762,26,56.8,92.5,4625,19
CUST-100763,3,43.3,16.0,86,36
CUST-100764,22,61.9,95.1,2377,9
CUST-100765,14,42.2,15.5,131,23
CUST-100766,16,67.2,76.7,141,38
CUST-100767,7,23.9,18.7,86,7
CUST-100768,9,14.1,10.3,1,33
CUST-100769,13,23.7,15.0,66,36
CUST-100770,21,54.4,66.4,130,8
CUST-100771,2,18.4,14.1,56,43
CUST-100772,12,40.6,20.5,73,0
CUST-100773,14,20.0,6.1,59,16
CUST-100774,29,53.6,42.2,59,36
CUST-100775,10,14.0,7.1,140,4
CUST-100776,16,62.9,94.5,4725,25
CUST-100777,3,20.5,18.6,21,35
CUST-100778,8,11.9,16.6,25,29
CUST-100779,25,85.2,77.3,150,42
CUST-100780,3,11.8,20.1,30,16
CUST-100781,16,60.9,70.4,73,36
CUST-100782,11,34.2,6.4,85,44
CUST-100783,1,42.8,19.8,6,14
CUST-100784,27,93.8,59.0,708,27
CUST-100785,14,42.0,14.6,37,4
CUST-100786,2,15.9,10.8,74,42
CUST-100787,24,77.6,105.2,64,14
CUST-100788,24,60.0,33.0,40,13
CUST-100789,18,62.5,85.4,5636,6
CUST-100790,3,25.5,20.1,134,2
CUST-100791,20,87.0,81.2,4709,42
CUST-100792,16,72.1,66.2,1721,13
CUST-100793,5,19.0,8.7,3,15
CUST-100794,25,72.8,91.5,108,12
CUST-100795,14,32.8,10.8,77,19
CUST-100796,22,54.2,81.4,134,32
CUST-100797,10,44.5,6.3,131,9
CUST-100798,10,34.0,8.8,121,38
CUST-100799,21,87.4,101.8,29,25
CUST-100800,13,15.9,13.0,110,12
CUST-100801,11,17.0,5.5,103,2
CUST-100802,24,62.9,30.8,117,23
CUST-100803,22,60.6,82.7,827,43
CUST-100804,22,88.3,89.7,147,24
CUST-100805,12,40.6,8.2,34,23
CUST-100806,16,85.4,86.2,2758,9
CUST-100807,7,40.9,5.6,52,10
CUST-100808,14,32.1,6.4,9,26
CUST-100809,27,64.9,84.1,3027,42
CUST-100810,8,12.8,11.1,28,33
CUST-100811,1,41.8,18.4,28,23
CUST-100812,27,90.4,97.1,66,21
CUST-100813,6,13.0,11.3,15,12
CUST-100814,6,21.6,14.9,106,45
CUST-100815,3,39.8,19.3,25,5
CUST-100816,3,15.7,21.8,126,16
CUST-100817,26,88.1,58.9,20,25
CUST-100818,6,30.4,10.9,55,36
CUST-100819,1,30.9,14.6,15,33
CUST-100820,20,59.0,98.1,51,40
CUST-100821,23,60.3,56.6,2943,0
CUST-100822,17,82.2,83.0,5146,7
CUST-100823,10,30.4,20.3,133,37
CUST-100824,25,75.3,60.0,49,3
CUST-100825,7,19.8,20.3,49,9
CUST-100826,21,67.8,108.2,40,38
CUST-100827,7,31.6,4.4,29,45
CUST-100828,25,50.4,82.6,5864,26
CUST-100829,8,14.0,20.5,11,42
CUST-100830,22,83.4,60.6,2666,15
CUST-100831,13,15.2,11.0,88,2
CUST-100832,21,88.9,86.5,133,18
CUST-100833,24,59.0,45.7,1233,32
CUST-100834,15,56.3,34.5,122,27
CUST-100835,24,93.1,92.6,54,40
CUST-100836,17,77.6,68.1,1634,33
CUST-100837,4,38.0,4.2,27,35
CUST-100838,22,70.7,45.4,65,40
CUST-100839,27,64.2,102.8,68,43
CUST-100840,12,21.5,4.3,41,20
CUST-100841,29,57.9,107.9,96,16
CUST-100842,11,43.9,18.6,28,9
CUST-100843,16,54.6,85.8,3260,31
CUST-100844,12,21.2,9.5,107,4
CUST-100845,2,17.9,15.7,31,36
CUST-100846,12,20.8,7.1,101,44
CUST-100847,24,72.1,37.2,2046,20
CUST-100848,17,63.1,60.5,80,34
CUST-100849,22,56.0,29.1,1716,1
CUST-100850,9,20.6,14.5,88,23
CUST-100851,4,13.6,16.3,85,11
CUST-100852,27,75.1,39.2,119,21
CUST-100853,3,26.7,21.4,146,16
CUST-100854,23,65.1,79.1,88,15
CUST-100855,2,16.5,7.9,1,25
CUST-100856,6,23.0,4.3,71,30
CUST-100857,17,60.4,87.0,60,23
CUST-100858,23,66.1,46.5,15,39
CUST-100859,12,25.3,8.6,26,42
CUST-100860,19,62.8,42.3,8,28
CUST-100861,25,61.9,106.1,48,17
CUST-100862,19,84.1,38.1,647,38
CUST-100863,9,11.9,17.6,106,1
CUST-100864,21,78.5,87.3,131,24
CUST-100865,25,79.7,46.9,116,32
CUST-100866,28,57.2,72.7,109,22
CUST-100867,1,21.0,18.6,100,4
CUST-100868,3,16.6,4.3,128,12
CUST-100869,6,20.2,12.3,117,26
CUST-100870,28,60.4,80.0,99,31
CUST-100871,11,16.5,16.7,123,10
CUST-100872,6,29.4,20.6,14,10
CUST-100873,25,51.8,81.7,143,35
CUST-100874,24,51.6,82.5,118,11
CUST-100875,1,33.7,13.8,120,18
CUST-100876,24,94.6,68.4,33,6
CUST-100877,3,42.5,7.5,131,10
CUST-100878,18,65.5,33.5,1708,24
CUST-100879,3,18.7,10.1,85,25
CUST-100880,28,91.6,72.0,4680,38
CUST-100881,6,42.4,4.9,36,5
CUST-100882,12,37.7,5.5,148,36
CUST-100883,1,35.2,13.8,129,20
CUST-100884,24,53.9,77.4,150,27
CUST-100885,23,89.1,47.2,1180,21
CUST-100886,6,10.5,9.9,3,41
CUST-100887,16,92.8,33.2,59,19
CUST-100888,21,94.5,66.1,3040,24
CUST-100889,6,11.5,12.1,55,43
CUST-100890,7,27.7,8.6,6,12
CUST-100891,20,88.1,59.4,27,3
CUST-100892,1,42.3,7.3,93,25
CUST-100893,4,20.4,6.2,146,12
CUST-100894,12,14.5,5.7,144,5
CUST-100895,11,44.3,15.8,34,16
CUST-100896,28,92.8,77.1,131,10
CUST-100897,13,17.5,16.0,40,6
CUST-100898,26,58.2,69.6,63,13
CUST-100899,12,22.5,18.6,119,32
CUST-100900,1,39.3,14.5,103,40
CUST-100901,18,68.1,45.8,118,13
CUST-100902,13,44.6,9.2,77,26
CUST-100903,7,16.8,12.8,1,25
CUST-100904,13,44.9,7.1,99,7
CUST-100905,8,24.2,9.2,9,28
CUST-100906,11,32.2,9.5,80,40
CUST-100907,10,10.2,4.9,60,17
CUST-100908,25,72.8,102.5,94,4
CUST-100909,14,10.0,14.9,69,3
CUST-100910,11,22.3,20.0,67,31
CUST-100911,11,35.4,7.1,96,1
CUST-100912,16,81.2,52.7,106,15
CUST-100913,28,82.0,61.8,99,29
CUST-100914,29,94.7,104.1,3747,12
CUST-100915,11,44.3,5.6,66,32
CUST-100916,7,15.0,17.4,49,9
CUST-100917,21,66.9,58.5,113,40
CUST-100918,22,94.0,60.1,901,34
CUST-100919,9,30.6,8.2,116,35
CUST-100920,3,16.4,13.2,59,30
CUST-100921,11,23.6,14.6,68,35
CUST-100922,6,15.8,18.8,96,21
CUST-100923,12,31.7,14.8,118,32
CUST-100924,3,28.4,12.8,91,18
CUST-100925,8,25.3,11.3,67,27
CUST-100926,2,19.4,21.8,63,2
CUST-100927,7,36.8,10.6,109,39
CUST-100928,7,33.4,19.9,115,41
CUST-100929,19,88.5,82.2,63,41
CUST-100930,11,33.3,10.6,9,12
CUST-100931,25,82.0,69.1,70,33
CUST-100932,7,21.2,13.2,63,34
CUST-100933,22,50.7,69.3,48,3
CUST-100934,2,13.9,6.7,121,39
CUST-100935,29,79.0,67.5,675,22
CUST-100936,1,43.5,5.1,137,35
CUST-100937,24,51.8,29.6,1835,40
CUST-100938,5,22.2,9.6,8,45
CUST-100939,13,15.2,10.3,83,8
CUST-100940,5,43.3,19.7,120,2
CUST-100941,13,26.8,9.6,68,30
CUST-100942,10,34.2,11.6,66,42
CUST-100943,1,42.1,15.4,117,21
CUST-100944,11,24.7,5.4,132,13
CUST-100945,1,13.2,4.5,92,15
CUST-100946,1,39.1,11.0,39,41
CUST-100947,27,63.8,93.9,6666,30
CUST-100948,9,41.9,8.1,45,24
CUST-100949,5,30.7,10.6,43,9
CUST-100950,10,14.2,4.6,134,9
CUST-100951,3,25.4,14.4,59,6
CUST-100952,24,87.4,43.6,43,14
CUST-100953,3,28.4,17.5,136,26
CUST-100954,19,64.1,35.5,19,33
CUST-100955,13,42.3,15.8,87,42
CUST-100956,6,44.0,12.3,61,27
CUST-100957,3,31.3,9.5,119,10
CUST-100958,16,59.4,72.4,62,25
CUST-100959,14,28.9,13.1,71,45
CUST-100960,22,62.8,53.5,125,16
CUST-100961,3,40.5,4.9,72,22
CUST-100962,27,60.5,26.1,98,36
CUST-100963,25,82.5,79.9,21,23
CUST-100964,9,32.8,19.9,109,41
CUST-100965,13,16.0,6.8,74,21
CUST-100966,17,71.0,80.3,103,18
CUST-100967,1,42.0,4.7,22,11
CUST-100968,21,83.1,107.6,25,41
CUST-100969,20,85.0,48.0,126,19
CUST-100970,20,70.3,80.8,4040,42
CUST-100971,13,45.0,5.4,75,27
CUST-100972,20,63.5,38.0,5,41
CUST-100973,1,16.0,12.6,141,28
CUST-100974,3,11.3,13.4,51,2
CUST-100975,21,69.1,108.7,140,22
CUST-100976,8,15.5,8.8,149,15
CUST-100977,1,27.7,13.7,44,31
CUST-100978,8,34.4,11.8,22,23
CUST-100979,21,60.6,78.7,94,21
CUST-100980,18,88.8,83.3,3498,1
CUST-100981,21,76.2,58.9,1825,36
CUST-100982,25,59.1,25.7,17,12
CUST-100983,6,10.2,14.2,123,14
CUST-100984,10,31.6,6.2,45,20
CUST-100985,5,25.9,17.5,7,32
CUST-100986,4,27.3,9.8,4,6
CUST-100987,11,11.6,21.8,121,25
CUST-100988,6,44.2,18.7,142,43
CUST-100989,14,33.0,12.8,28,45
CUST-100990,24,78.9,49.1,50,7
CUST-100991,11,41.2,14.2,32,43
CUST-100992,20,85.3,57.3,138,9
CUST-100993,22,81.6,27.0,945,38
CUST-100994,2,28.3,9.8,99,1
CUST-100995,9,34.8,21.8,147,11
CUST-100996,17,75.1,76.1,989,9
CUST-100997,8,15.5,13.7,103,14
CUST-100998,10,11.5,11.1,48,13
CUST-100999,8,13.8,13.9,141,38
CUST-101000,22,88.1,69.3,49,6
CUST-101001,26,55.8,97.2,2818,0
CUST-101002,7,42.1,19.4,3,37
CUST-101003,14,13.9,5.7,122,41
CUST-101004,10,44.7,11.3,61,45
CUST-101005,7,41.5,11.6,104,27
CUST-101006,16,59.2,104.7,1989,42
CUST-101007,7,27.0,17.5,56,1
CUST-101008,11,11.0,12.0,121,43
CUST-101009,2,19.5,12.7,2,39
CUST-101010,29,53.4,96.5,6851,15
CUST-101011,23,76.8,30.4,516,8
CUST-101012,1,12.5,11.1,40,15
CUST-101013,7,31.9,9.1,12,44
CUST-101014,13,43.7,10.3,104,38
CUST-101015,10,32.4,20.2,86,44
CUST-101016,19,59.8,46.1,645,27
CUST-101017,22,82.2,81.7,12,41
CUST-101018,16,68.5,57.7,97,31
CUST-101019,27,62.3,28.0,45,40
CUST-101020,11,12.2,11.9,136,36
CUST-101021,8,21.0,20.6,43,35
CUST-101022,3,36.3,20.4,43,11
CUST-101023,2,24.4,15.4,117,0
CUST-101024,18,60.8,73.0,2628,10
CUST-101025,1,11.4,19.1,135,25
CUST-101026,13,39.9,16.3,3,11
CUST-101027,10,10.8,18.2,43,27
CUST-101028,25,77.8,38.7,2786,18
CUST-101029,2,36.1,10.9,2,26
CUST-101030,18,55.3,109.0,1744,24
CUST-101031,19,65.2,45.2,97,4
CUST-101032,4,11.1,15.9,37,0
CUST-101033,3,33.0,5.1,96,7
CUST-101034,13,26.6,10.9,2,45
CUST-101035,27,70.5,108.9,125,1
CUST-101036,13,33.8,8.2,143,3
CUST-101037,9,41.0,6.0,26,21
CUST-101038,9,30.3,6.9,93,23
CUST-101039,8,43.3,5.6,92,35
CUST-101040,18,71.1,84.2,2778,16
CUST-101041,21,68.2,51.5,68,9
CUST-101042,10,10.8,5.9,110,29
CUST-101043,17,62.3,105.6,3379,13
CUST-101044,2,22.5,21.2,92,5
CUST-101045,24,83.1,73.9,148,36
CUST-101046,29,65.1,67.0,1541,27
CUST-101047,2,38.3,7.6,50,44
CUST-101048,6,40.7,8.8,141,11
CUST-101049,28,83.8,90.9,142,19
CUST-101050,15,78.8,107.4,7840,18
CUST-101051,24,78.9,72.0,142,32
CUST-101052,26,57.3,39.2,1999,14
CUST-101053,12,16.8,7.8,19,28
CUST-101054,16,77.3,40.8,1672,6
CUST-101055,11,22.9,7.4,26,7
CUST-101056,1,27.0,16.0,84,2
CUST-101057,14,32.2,18.1,118,34
CUST-101058,11,26.2,7.7,149,19
CUST-101059,26,70.5,28.8,110,0
CUST-101060,12,36.2,15.1,82,41
CUST-101061,5,16.3,16.5,65,17
CUST-101062,18,50.7,27.2,843,2
CUST-101063,6,10.1,19.0,50,44
CUST-101064,14,19.3,5.2,97,9
CUST-101065,10,20.8,20.3,146,1
CUST-101066,5,14.8,15.0,47,43
CUST-101067,26,90.1,58.7,31,28
CUST-101068,1,40.8,14.8,138,26
CUST-101069,1,23.7,11.4,84,26
CUST-101070,5,16.4,6.4,44,31
CUST-101071,16,83.1,41.4,2649,7
CUST-101072,3,21.1,19.2,136,26
CUST-101073,22,71.5,65.3,3003,42
CUST-101074,5,20.8,14.7,103,32
CUST-101075,23,73.2,77.5,144,22
CUST-101076,28,87.1,39.4,1379,2
CUST-101077,29,88.2,92.3,1107,4
CUST-101078,28,91.1,94.5,33,7
CUST-101079,12,34.2,17.3,45,10
CUST-101080,26,89.1,89.7,150,44
CUST-101081,1,19.2,18.3,92,39
CUST-101082,15,78.1,104.3,61,36
CUST-101083,2,37.2,18.0,51,42
CUST-101084,7,34.2,19.2,99,14
CUST-101085,1,30.4,13.0,132,37
CUST-101086,2,19.5,20.4,124,20
CUST-101087,8,32.3,20.8,146,3
CUST-101088,18,75.2,84.1,138,29
CUST-101089,14,41.3,8.5,99,24
CUST-101090,25,71.3,94.9,68,33
CUST-101091,6,43.4,14.6,79,8
CUST-101092,18,86.9,83.5,29,35
CUST-101093,27,91.4,78.0,3354,2
CUST-101094,16,69.5,66.4,796,14
CUST-101095,17,75.5,96.2,3078,6
CUST-101096,21,81.4,43.2,110,5
CUST-101097,19,61.6,53.3,39,30
CUST-101098,28,85.7,29.7,44,24
CUST-101099,29,85.9,74.0,106,23
CUST-101100,13,15.8,17.3,54,17
CUST-101101,10,41.1,13.4,11,37
CUST-101102,29,62.8,62.8,76,27
CUST-101103,4,20.6,9.4,66,9
CUST-101104,1,12.4,10.5,107,40
CUST-101105,25,52.4,109.2,134,0
CUST-101106,4,37.1,7.6,20,43
CUST-101107,4,42.9,21.5,43,32
CUST-101108,1,16.3,19.2,94,4
CUST-101109,14,27.7,8.4,19,34
CUST-101110,7,38.6,19.8,68,15
CUST-101111,16,65.3,78.7,2754,12
CUST-101112,21,87.8,29.7,2138,28
CUST-101113,7,28.8,7.6,64,39
CUST-101114,22,80.5,56.5,4520,10
CUST-101115,12,24.1,6.6,10,15
CUST-101116,4,25.5,11.1,80,20
CUST-101117,5,33.7,18.0,132,41
CUST-101118,22,58.7,31.3,626,3
CUST-101119,6,39.2,14.4,96,12
CUST-101120,13,21.9,6.4,110,5
CUST-101121,4,41.6,6.0,91,34
CUST-101122,5,28.4,6.8,104,45
CUST-101123,20,86.0,37.1,81,11
CUST-101124,8,42.9,18.4,100,44
CUST-101125,28,92.6,91.7,23,15
CUST-101126,17,94.7,40.1,2446,18
CUST-101127,24,65.0,93.6,19,27
CUST-101128,14,40.0,20.5,60,33
CUST-101129,5,27.7,20.2,119,45
CUST-101130,3,38.2,5.9,87,39
CUST-101131,11,20.4,9.2,20,14
CUST-101132,24,63.8,82.6,4625,10
CUST-101133,10,26.3,14.5,22,20
CUST-101134,24,57.6,77.5,40,23
CUST-101135,13,23.0,14.9,85,42
CUST-101136,13,11.1,17.1,138,25
CUST-101137,9,21.5,4.4,56,18
CUST-101138,28,60.5,104.3,17,15
CUST-101139,10,28.8,11.4,70,32
CUST-101140,10,44.9,18.6,8,20
CUST-101141,4,24.5,20.1,16,45
CUST-101142,10,31.4,4.8,142,29
CUST-101143,14,20.7,20.7,78,16
CUST-101144,11,21.9,12.9,40,28
CUST-101145,25,80.3,96.5,1061,20
CUST-101146,22,82.1,109.5,8541,45
CUST-101147,1,40.8,19.9,25,8
CUST-101148,12,20.0,14.6,30,24
CUST-101149,6,17.4,21.9,150,24
CUST-101150,20,81.8,77.9,6076,41
CUST-101151,22,74.0,98.7,32,32
CUST-101152,14,33.2,13.9,117,24
CUST-101153,15,64.5,88.0,1848,5
CUST-101154,11,44.3,9.7,149,27
CUST-101155,13,30.0,4.2,108,17
CUST-101156,14,26.8,7.8,123,3
CUST-101157,11,33.0,13.1,74,14
CUST-101158,15,56.8,95.0,69,3
CUST-101159,14,16.9,14.1,80,40
CUST-101160,16,64.5,104.8,6812,26
CUST-101161,4,20.1,17.3,133,2
CUST-101162,3,24.8,14.5,133,40
CUST-101163,1,31.5,15.2,81,7
CUST-101164,26,52.5,95.2,2094,13
CUST-101165,17,57.4,38.1,70,39
CUST-101166,15,82.5,50.7,963,12
CUST-101167,24,62.8,28.2,1945,4
CUST-101168,24,77.5,79.0,3318,22
CUST-101169,21,54.7,69.2,2560,26
CUST-101170,1,12.2,7.6,140,22
CUST-101171,2,35.2,6.3,64,11
CUST-101172,4,24.0,20.1,7,18
CUST-101173,1,16.0,15.0,88,36
CUST-101174,19,94.0,95.1,36,28
CUST-101175,22,57.7,50.8,1981,13
CUST-101176,11,31.7,18.5,39,8
CUST-101177,8,26.0,16.0,136,2
CUST-101178,28,88.4,83.7,6696,15
CUST-101179,24,73.0,61.8,3151,41
CUST-101180,12,40.9,4.4,86,0
CUST-101181,8,42.7,4.1,100,20
CUST-101182,9,19.3,16.5,69,18
CUST-101183,13,15.5,17.9,62,42
CUST-101184,25,72.9,68.4,3625,41
CUST-101185,18,91.5,109.5,7008,40
CUST-101186,7,12.6,12.2,124,26
CUST-101187,26,77.3,66.5,3790,42
CUST-101188,15,65.7,100.3,94,32
CUST-101189,17,64.8,30.5,1738,41
CUST-101190,5,25.2,16.2,50,0
CUST-101191,3,37.4,9.4,43,31
CUST-101192,8,16.2,17.9,67,18
CUST-101193,21,90.9,37.4,142,18
CUST-101194,20,76.0,56.0,1288,15
CUST-101195,25,85.7,62.3,28,25
CUST-101196,23,58.3,97.3,148,20
CUST-101197,25,93.4,59.2,769,31
CUST-101198,13,35.7,5.4,123,38
CUST-101199,27,75.1,83.5,3757,37
CUST-101200,1,22.9,19.8,36,10
CUST-101201,20,79.8,72.8,21,4
CUST-101202,1,39.0,16.5,141,1
CUST-101203,7,42.8,21.4,96,31
CUST-101204,5,30.1,17.2,75,29
CUST-101205,2,23.0,5.4,34,2
CUST-101206,1,20.1,19.0,129,19
CUST-101207,23,86.3,54.0,120,23
CUST-101208,22,66.2,41.7,959,39
CUST-101209,14,18.8,17.1,50,3
CUST-101210,11,38.7,20.3,58,32
CUST-101211,8,19.2,16.8,44,14
CUST-101212,19,63.8,84.2,2020,3
CUST-101213,21,55.8,68.3,2868,5
CUST-101214,9,41.8,16.4,26,39
CUST-101215,8,14.9,18.0,33,23
CUST-101216,10,27.2,11.3,54,0
CUST-101217,9,33.4,8.9,93,42
CUST-101218,9,32.5,19.8,116,39
CUST-101219,12,30.3,5.3,110,14
CUST-101220,8,27.6,15.5,22,25
CUST-101221,21,60.0,62.4,2932,21
CUST-101222,6,44.6,18.1,60,33
CUST-101223,1,42.4,10.0,44,16
CUST-101224,14,35.9,13.5,111,6
CUST-101225,4,20.7,20.1,1,13
CUST-101226,4,36.0,7.0,22,30
CUST-101227,15,50.5,67.5,2767,3
CUST-101228,21,72.5,93.4,14,29
CUST-101229,1,13.5,12.3,149,13
CUST-101230,14,27.9,7.5,69,5
CUST-101231,22,56.4,48.1,17,12
CUST-101232,16,66.3,102.9,117,35
CUST-101233,6,27.3,8.2,47,23
CUST-101234,19,51.3,39.7,68,23
CUST-101235,29,62.6,82.2,1068,21
CUST-101236,2,26.7,4.4,25,40
CUST-101237,8,33.3,14.1,87,0
CUST-101238,26,57.7,42.8,40,20
CUST-101239,9,44.2,21.3,59,6
CUST-101240,25,53.6,28.0,145,30
CUST-101241,15,83.0,74.2,3858,3
CUST-101242,23,87.6,77.0,2002,2
CUST-101243,7,11.0,8.1,63,44
CUST-101244,7,31.2,14.9,129,3
CUST-101245,1,27.3,14.4,55,21
CUST-101246,3,12.1,12.7,125,33
CUST-101247,2,20.4,20.3,35,43
CUST-101248,6,16.9,17.7,136,16
CUST-101249,21,85.7,51.4,3906,21
CUST-101250,9,31.5,19.0,145,15
CUST-101251,3,43.4,20.8,20,4
CUST-101252,15,70.2,60.7,28,5
CUST-101253,6,17.3,4.6,37,28
CUST-101254,29,75.7,82.0,70,0
CUST-101255,26,74.0,35.9,20,2
CUST-101256,19,55.7,108.7,63,14
CUST-101257,6,24.5,7.3,111,42
CUST-101258,29,85.6,77.1,4857,37
CUST-101259,24,87.3,32.4,120,42
CUST-101260,15,72.4,65.2,3846,17
CUST-101261,11,39.8,5.4,71,32
CUST-101262,22,61.4,33.8,89,36
CUST-101263,25,72.4,98.8,108,41
CUST-101264,12,23.2,19.1,95,29
CUST-101265,3,29.6,7.3,39,15
CUST-101266,26,58.1,35.1,149,42
CUST-101267,9,32.2,21.8,62,38
CUST-101268,6,31.7,21.3,72,23
CUST-101269,26,54.9,31.3,32,15
CUST-101270,7,29.4,19.6,145,27
CUST-101271,13,44.9,9.9,72,13
CUST-101272,12,25.4,4.1,92,43
CUST-101273,7,35.7,19.0,144,4
CUST-101274,26,94.6,26.2,1231,32
CUST-101275,15,88.9,91.9,7,37
CUST-101276,9,13.6,12.8,132,12
CUST-101277,17,71.4,29.0,149,14
CUST-101278,14,32.5,12.9,46,25
CUST-101279,25,72.4,85.3,25,29
CUST-101280,29,55.4,69.7,96,13
CUST-101281,6,38.6,21.1,69,36
CUST-101282,11,21.8,6.1,1,35
CUST-101283,22,86.6,39.3,1375,31
CUST-101284,28,81.1,61.2,1,12
CUST-101285,2,37.1,7.3,107,31
CUST-101286,23,68.2,46.3,116,15
CUST-101287,14,28.3,4.8,42,19
CUST-101288,13,33.4,17.2,74,36
CUST-101289,8,34.6,21.1,9,38
CUST-101290,10,25.0,4.0,2,26
CUST-101291,3,30.5,11.7,101,5
CUST-101292,23,66.1,47.8,3,43
CUST-101293,5,26.9,9.4,70,12
CUST-101294,18,78.8,62.0,126,43
CUST-101295,8,13.4,21.1,11,27
CUST-101296,2,17.8,17.4,135,20
CUST-101297,12,19.3,21.2,141,32
CUST-101298,16,70.0,44.7,9,1
CUST-101299,24,89.6,50.4,121,16
CUST-101300,4,18.9,12.0,89,27
CUST-101301,23,87.6,84.9,1443,9
CUST-101302,18,75.3,70.8,1840,6
CUST-101303,11,12.5,21.5,122,10
CUST-101304,7,37.6,18.6,32,38
CUST-101305,1,43.8,19.3,107,40
CUST-101306,21,92.8,97.4,5454,7
CUST-101307,20,59.0,36.5,839,43
CUST-101308,21,61.3,69.4,1110,31
CUST-101309,15,76.0,104.5,1,8
CUST-101310,3,16.9,16.3,115,38
CUST-101311,5,13.8,21.9,148,45
CUST-101312,14,42.9,16.9,30,18
CUST-101313,26,77.4,39.6,2890,42
CUST-101314,20,51.4,90.1,5225,42
CUST-101315,12,21.4,13.3,52,16
CUST-101316,20,50.5,55.6,101,12
CUST-101317,11,22.5,14.7,52,30
CUST-101318,5,20.9,16.0,1,18
CUST-101319,27,51.8,34.2,2496,29
CUST-101320,17,76.8,68.0,91,14
CUST-101321,11,15.1,20.2,15,8
CUST-101322,12,29.4,13.2,43,34
CUST-101323,29,74.0,73.0,70,22
CUST-101324,26,66.5,34.3,14,23
CUST-101325,12,29.9,16.8,130,39
CUST-101326,6,24.4,16.9,66,4
CUST-101327,11,31.9,16.0,48,8
CUST-101328,7,16.8,4.6,132,30
CUST-101329,3,44.6,16.7,40,40
CUST-101330,4,40.6,20.4,48,26
CUST-101331,3,26.9,9.4,12,2
CUST-101332,3,33.9,18.8,116,39
CUST-101333,23,57.1,71.3,1426,28
CUST-101334,9,34.7,16.3,79,43
CUST-101335,8,20.7,8.4,71,39
CUST-101336,3,22.4,8.4,45,12
CUST-101337,17,64.4,60.7,57,6
CUST-101338,20,51.6,46.7,9,31
CUST-101339,22,53.9,32.4,140,24
CUST-101340,29,88.2,28.3,566,6
CUST-101341,12,16.3,15.6,133,24
CUST-101342,23,83.6,96.5,4246,20
CUST-101343,18,78.2,61.7,2221,22
CUST-101344,6,25.9,15.3,51,31
CUST-101345,19,73.5,100.8,33,1
CUST-101346,2,44.2,15.3,89,44
CUST-101347,19,77.9,81.4,2849,12
CUST-101348,28,63.9,100.8,22,44
CUST-101349,9,28.9,11.5,110,45
CUST-101350,12,29.7,7.3,106,38
CUST-101351,11,20.2,5.6,85,35
CUST-101352,27,61.5,43.7,2578,7
CUST-101353,28,67.3,41.7,3127,29
CUST-101354,7,14.2,18.8,35,19
CUST-101355,27,87.8,55.0,3740,12
CUST-101356,5,22.2,15.1,43,4
CUST-101357,12,25.5,10.8,91,39
CUST-101358,11,29.0,17.0,25,31
CUST-101359,29,76.9,69.4,35,9
CUST-101360,4,44.7,8.6,61,1
CUST-101361,1,42.7,18.4,71,3
CUST-101362,8,40.5,15.4,46,21
CUST-101363,19,63.8,44.5,1201,5
CUST-101364,23,89.2,40.6,27,24
CUST-101365,7,11.9,13.3,124,40
CUST-101366,13,15.9,8.7,131,42
CUST-101367,12,40.8,19.9,60,29
CUST-101368,9,21.9,11.9,7,24
CUST-101369,4,36.2,19.8,45,8
CUST-101370,16,85.7,106.0,21,33
CUST-101371,13,34.7,17.7,24,33
CUST-101372,14,23.3,19.1,50,41
CUST-101373,25,67.9,40.3,38,35
CUST-101374,7,44.8,5.2,119,20
CUST-101375,8,18.0,12.8,48,25
CUST-101376,20,73.1,69.3,3257,19
CUST-101377,26,89.1,106.6,64,9
CUST-101378,24,77.6,103.7,107,32
CUST-101379,29,55.1,98.2,6284,18
CUST-101380,3,11.2,12.9,150,41
CUST-101381,1,12.1,21.7,134,0
CUST-101382,13,29.7,20.1,87,37
CUST-101383,1,41.9,8.1,10,26
CUST-101384,27,64.3,52.8,31,15
CUST-101385,10,20.7,14.3,43,34
CUST-101386,25,83.6,95.0,5605,21
CUST-101387,26,74.7,59.8,598,13
CUST-101388,20,61.0,79.2,3722,40
CUST-101389,3,38.5,15.1,30,29
CUST-101390,10,24.7,10.3,115,19
CUST-101391,23,57.3,60.0,13,41
CUST-101392,8,21.0,5.3,123,35
CUST-101393,29,89.7,65.5,4519,39
CUST-101394,28,75.6,75.7,63,9
CUST-101395,7,15.2,12.2,41,35
CUST-101396,27,66.5,48.2,55,36
CUST-101397,1,30.7,10.5,129,20
CUST-101398,18,83.0,90.8,57,30
CUST-101399,28,71.8,26.0,52,32
CUST-101400,10,27.0,17.4,22,33
CUST-101401,5,26.4,12.8,44,3
CUST-101402,14,13.9,8.2,80,2
CUST-101403,3,19.9,9.3,117,10
CUST-101404,1,22.3,20.1,7,25
CUST-101405,23,62.8,42.0,3276,7
CUST-101406,22,81.6,107.0,5136,37
CUST-101407,23,62.7,102.1,14,41
CUST-101408,27,83.8,102.0,103,22
CUST-101409,18,57.8,53.9,3719,16
CUST-101410,7,26.6,6.1,114,33
CUST-101411,28,75.6,27.1,34,37
CUST-101412,11,11.2,10.9,31,6
CUST-101413,11,35.1,19.0,144,20
CUST-101414,9,22.9,9.9,111,15
CUST-101415,27,50.4,81.8,60,34
CUST-101416,8,35.0,19.2,73,2
CUST-101417,10,33.9,12.1,74,26
CUST-101418,19,73.4,50.4,1008,19
CUST-101419,19,64.2,43.1,38,17
CUST-101420,14,34.2,14.8,91,42
CUST-101421,3,20.5,12.7,84,41
CUST-101422,19,81.8,96.0,69,3
CUST-101423,7,26.6,9.1,17,6
CUST-101424,3,39.0,7.4,59,37
CUST-101425,24,71.5,97.0,84,26
CUST-101426,11,32.2,14.4,74,17
CUST-101427,29,55.9,106.3,5421,0
CUST-101428,5,17.4,10.6,24,44
CUST-101429,1,17.1,20.7,120,41
CUST-101430,15,76.9,33.7,370,8
CUST-101431,14,34.2,17.8,17,27
CUST-101432,4,15.0,8.1,114,25
CUST-101433,11,29.6,10.8,78,36
CUST-101434,10,25.1,13.1,46,21
CUST-101435,9,37.6,6.4,85,1
CUST-101436,3,18.1,4.1,107,8
CUST-101437,1,14.8,12.9,149,29
CUST-101438,25,65.8,54.5,3651,19
CUST-101439,14,23.6,9.6,95,5
CUST-101440,17,62.0,25.4,1701,9
CUST-101441,18,60.2,85.8,81,27
CUST-101442,7,27.3,15.6,57,44
CUST-101443,5,41.3,5.2,98,10
CUST-101444,1,31.1,19.3,43,25
CUST-101445,27,87.7,67.3,2759,26
CUST-101446,24,60.2,70.9,95,37
CUST-101447,24,53.6,49.8,1145,30
CUST-101448,16,91.1,92.6,144,3
CUST-101449,21,79.0,41.6,148,35
CUST-101450,5,24.6,10.8,29,4
CUST-101451,13,16.7,14.5,56,19
CUST-101452,20,64.3,80.1,111,43
CUST-101453,10,32.2,8.8,3,35
CUST-101454,7,38.6,7.6,83,35
CUST-101455,6,10.3,15.6,141,32
CUST-101456,25,53.2,109.4,5251,37
CUST-101457,2,23.3,19.2,130,21
CUST-101458,9,31.8,8.7,77,12
CUST-101459,15,71.2,100.2,1,7
CUST-101460,25,63.0,78.5,95,31
CUST-101461,10,26.0,6.9,27,24
CUST-101462,9,26.9,7.3,57,38
CUST-101463,9,11.7,11.2,8,15
CUST-101464,28,81.0,42.6,1,3
CUST-101465,6,38.8,11.9,131,34
CUST-101466,6,18.1,8.2,5,45
CUST-101467,6,44.0,20.7,44,32
CUST-101468,5,37.3,11.7,130,2
CUST-101469,26,68.0,93.3,5971,40
CUST-101470,20,68.4,78.6,117,29
CUST-101471,13,11.2,18.4,84,4
CUST-101472,6,26.4,14.4,73,13
CUST-101473,22,83.3,49.2,11,22
CUST-101474,3,26.9,8.2,118,5
CUST-101475,10,36.6,9.0,139,6
CUST-101476,11,16.1,17.6,26,26
CUST-101477,8,42.8,4.7,131,16
CUST-101478,12,34.6,4.0,118,34
CUST-101479,21,71.4,62.7,104,8
CUST-101480,7,25.8,17.5,122,5
CUST-101481,15,59.3,70.4,5561,39
CUST-101482,8,12.7,14.1,69,24
CUST-101483,6,36.8,5.2,137,5
CUST-101484,14,16.7,11.3,26,45
CUST-101485,7,17.4,21.7,128,38
CUST-101486,14,38.1,18.1,104,30
CUST-101487,16,55.7,75.4,127,39
CUST-101488,24,77.3,91.5,3385,27
CUST-101489,12,35.4,18.3,113,12
CUST-101490,16,85.2,79.0,4503,14
CUST-101491,12,43.7,17.8,124,32
CUST-101492,13,34.6,12.5,33,12
CUST-101493,11,31.0,20.6,15,5
CUST-101494,11,39.0,8.0,114,38
CUST-101495,19,65.3,66.3,3182,9
CUST-101496,4,25.7,13.8,124,34
CUST-101497,14,17.8,14.1,92,16
CUST-101498,10,28.2,12.6,110,32
CUST-101499,6,30.9,14.6,86,9
CUST-101500,9,28.0,15.7,12,38
CUST-101501,16,79.8,38.1,1600,32
CUST-101502,5,23.0,16.6,54,36
CUST-101503,26,86.4,43.0,72,42
CUST-101504,16,50.8,80.9,62,24
CUST-101505,15,65.1,26.2,143,22
CUST-101506,29,84.4,91.4,63,15
CUST-101507,11,34.6,22.0,90,36
CUST-101508,1,19.8,11.1,40,44
CUST-101509,1,35.2,14.4,25,22
CUST-101510,16,79.5,84.2,37,38
CUST-101511,27,71.0,104.6,76,31
CUST-101512,3,38.4,6.5,139,33
CUST-101513,11,14.5,17.2,101,6
CUST-101514,13,14.8,19.1,12,9
CUST-101515,4,35.2,10.0,63,34
CUST-101516,26,87.9,68.8,19,5
CUST-101517,3,26.6,4.2,54,10
CUST-101518,19,71.7,30.7,97,14
CUST-101519,1,41.7,16.0,118,7
CUST-101520,15,53.4,67.3,57,2
CUST-101521,3,44.5,19.0,73,32
CUST-101522,21,63.4,107.2,6753,15
CUST-101523,23,79.0,91.0,3549,27
CUST-101524,28,94.0,42.9,2273,41
CUST-101525,9,27.4,13.8,141,22
CUST-101526,7,17.3,11.1,146,22
CUST-101527,6,24.5,11.5,95,30
CUST-101528,7,16.8,16.0,119,23
CUST-101529,24,91.3,109.7,103,8
CUST-101530,12,40.4,11.7,129,12
CUST-101531,28,53.0,34.1,26,35
CUST-101532,5,33.1,19.6,33,41
CUST-101533,23,86.0,90.7,44,43
CUST-101534,28,59.1,89.4,6705,22
CUST-101535,22,80.6,65.3,1044,13
CUST-101536,9,12.6,16.2,51,17
CUST-101537,5,21.5,5.0,44,4
CUST-101538,11,44.7,4.2,120,11
CUST-101539,17,75.8,55.5,3885,11
CUST-101540,5,20.8,7.8,17,43
CUST-101541,10,19.9,21.8,37,12
CUST-101542,5,25.1,18.8,39,40
CUST-101543,22,90.9,88.3,6534,0
CUST-101544,25,76.5,48.4,1452,30
CUST-101545,19,74.8,59.5,37,11
CUST-101546,28,90.4,108.9,48,25
CUST-101547,3,38.8,21.2,22,38
CUST-101548,3,40.1,14.5,150,11
CUST-101549,10,43.1,7.0,130,25
CUST-101550,12,13.4,6.5,47,29
CUST-101551,12,31.6,4.3,103,4
CUST-101552,22,54.9,31.9,109,45
CUST-101553,8,39.3,5.4,97,36
CUST-101554,2,11.0,14.0,55,26
CUST-101555,12,19.5,10.4,149,0
CUST-101556,25,59.4,84.0,1932,33
CUST-101557,10,44.2,19.7,61,22
CUST-101558,3,21.5,8.6,78,29
CUST-101559,11,28.2,21.6,131,18
CUST-101560,24,91.6,60.5,4537,34
CUST-101561,26,82.0,71.5,28,33
CUST-101562,9,34.7,9.6,111,13
CUST-101563,25,78.6,71.5,53,34
CUST-101564,2,35.0,4.9,97,25
CUST-101565,6,13.4,20.8,103,26
CUST-101566,3,22.8,6.0,90,3
CUST-101567,28,90.4,55.0,3245,29
CUST-101568,25,72.7,109.6,4384,43
CUST-101569,28,75.4,92.4,76,3
CUST-101570,7,39.5,4.6,63,20
CUST-101571,7,32.8,11.7,85,30
CUST-101572,18,87.0,98.3,105,10
CUST-101573,12,12.4,21.0,50,12
CUST-101574,13,35.8,21.5,147,17
CUST-101575,29,72.1,40.2,25,27
CUST-101576,3,38.9,17.4,85,23
CUST-101577,14,16.3,11.8,23,43
CUST-101578,23,83.3,57.0,684,9
CUST-101579,12,17.7,9.8,33,5
CUST-101580,26,65.0,66.5,78,7
CUST-101581,19,63.6,101.1,139,12
CUST-101582,10,30.8,21.2,147,42
CUST-101583,15,65.0,52.6,841,16
CUST-101584,11,20.0,20.9,45,1
CUST-101585,2,14.8,12.2,107,24
CUST-101586,8,10.6,17.4,123,5
CUST-101587,6,21.7,18.1,50,30
CUST-101588,25,90.6,96.3,7318,26
CUST-101589,9,44.2,19.2,8,21
CUST-101590,16,89.7,85.6,0,44
CUST-101591,26,87.0,109.7,5485,8
CUST-101592,4,40.9,13.0,51,17
CUST-101593,20,68.7,98.7,3257,20
CUST-101594,19,93.0,63.5,32,25
CUST-101595,19,53.5,66.1,38,24
CUST-101596,14,37.4,8.1,19,16
CUST-101597,9,12.4,8.1,77,25
CUST-101598,27,55.6,68.8,125,15
CUST-101599,21,86.1,62.0,9,1
CUST-101600,6,17.1,16.9,62,4
CUST-101601,18,65.8,84.0,6300,4
CUST-101602,2,32.0,10.3,73,26
CUST-101603,14,38.9,9.9,135,43
CUST-101604,29,76.1,50.1,76,34
CUST-101605,3,30.8,22.0,27,3
CUST-101606,5,38.6,19.6,137,0
CUST-101607,29,71.7,43.2,67,8
CUST-101608,20,82.5,92.4,3603,38
CUST-101609,9,22.8,7.0,50,1
CUST-101610,11,35.0,5.2,120,28
CUST-101611,13,27.1,6.8,58,45
CUST-101612,1,43.1,15.0,117,4
CUST-101613,12,34.1,7.0,49,16
CUST-101614,14,33.2,8.1,23,6
CUST-101615,13,13.0,19.3,63,18
CUST-101616,23,75.3,40.2,113,11
CUST-101617,5,26.9,19.4,143,14
CUST-101618,9,34.5,16.6,127,35
CUST-101619,27,66.9,76.7,88,16
CUST-101620,13,27.5,7.0,103,7
CUST-101621,1,16.3,20.6,2,18
CUST-101622,24,54.5,46.8,123,18
CUST-101623,21,67.1,104.3,96,25
CUST-101624,28,52.7,28.1,505,19
CUST-101625,16,51.2,82.1,73,19
CUST-101626,4,21.4,13.4,148,41
CUST-101627,26,54.0,42.2,47,4
CUST-101628,3,21.6,19.8,4,38
CUST-101629,17,88.3,25.8,93,4
CUST-101630,5,22.9,21.7,25,6
CUST-101631,16,60.7,89.2,65,22
CUST-101632,3,40.7,18.3,49,7
CUST-101633,13,31.1,7.9,93,41
CUST-101634,2,23.1,15.2,111,3
CUST-101635,3,28.7,6.4,8,18
CUST-101636,17,63.7,41.5,51,3
CUST-101637,29,67.5,88.6,53,33
CUST-101638,21,53.0,66.6,5061,38
CUST-101639,4,18.1,16.7,120,25
CUST-101640,11,12.5,13.7,4,31
CUST-101641,18,69.8,85.6,5564,30
CUST-101642,27,55.9,63.6,3752,31
CUST-101643,10,28.4,13.9,123,45
CUST-101644,24,62.0,56.3,32,19
CUST-101645,6,31.0,10.9,10,7
CUST-101646,23,71.8,99.9,6593,45
CUST-101647,26,71.6,96.9,63,9
CUST-101648,6,39.8,21.9,42,4
CUST-101649,1,25.5,10.0,68,8
CUST-101650,12,42.7,6.6,68,29
CUST-101651,2,19.1,20.0,51,1
CUST-101652,27,59.9,99.3,6951,21
CUST-101653,25,56.2,52.9,1322,35
CUST-101654,23,80.2,110.0,4950,22
CUST-101655,23,81.2,44.0,29,4
CUST-101656,1,21.1,12.9,135,7
CUST-101657,29,60.2,77.7,6216,13
CUST-101658,9,31.8,12.3,139,31
CUST-101659,1,36.5,18.1,25,15
CUST-101660,2,32.5,5.4,65,11
CUST-101661,6,18.8,13.6,16,41
CUST-101662,25,59.1,106.2,101,15
CUST-101663,4,41.2,8.8,138,28
CUST-101664,23,87.8,61.3,4168,42
CUST-101665,3,19.8,5.6,123,29
CUST-101666,17,88.6,88.9,58,21
CUST-101667,22,86.3,75.3,4292,26
CUST-101668,27,50.2,84.4,66,23
CUST-101669,25,62.3,72.0,144,14
CUST-101670,25,81.3,52.6,109,31
CUST-101671,21,71.8,104.2,2709,33
CUST-101672,3,21.3,18.9,1,17
CUST-101673,17,89.0,46.5,64,2
CUST-101674,23,75.0,89.1,3118,6
CUST-101675,8,22.9,16.4,52,43
CUST-101676,6,43.4,6.7,104,7
CUST-101677,6,19.5,9.2,18,31
CUST-101678,25,56.7,71.5,1358,0
CUST-101679,23,92.3,105.4,1370,36
CUST-101680,27,83.8,73.7,4348,22
CUST-101681,29,64.3,32.8,2296,12
CUST-101682,5,33.1,19.7,118,5
CUST-101683,2,21.2,10.1,104,40
CUST-101684,23,69.0,58.7,78,39
CUST-101685,8,43.7,5.8,135,7
CUST-101686,18,78.7,42.2,844,14
CUST-101687,29,62.7,97.7,5862,31
CUST-101688,10,13.6,9.2,64,25
CUST-101689,24,63.1,90.6,48,26
CUST-101690,19,60.1,50.2,3263,14
CUST-101691,7,16.4,12.6,53,21
CUST-101692,3,26.0,12.2,144,26
CUST-101693,12,36.0,15.3,17,28
CUST-101694,27,76.5,40.5,139,30
CUST-101695,1,33.0,9.7,9,35
CUST-101696,16,83.4,64.2,12,44
CUST-101697,29,84.1,36.0,9,5
CUST-101698,5,18.5,7.9,76,19
CUST-101699,18,81.9,67.0,4623,42
CUST-101700,17,74.5,38.4,136,32
CUST-101701,8,34.9,11.0,55,31
CUST-101702,21,51.8,105.5,132,39
CUST-101703,1,27.2,13.2,25,34
CUST-101704,13,41.7,20.1,146,2
CUST-101705,15,83.4,102.7,2464,3
CUST-101706,4,11.4,11.9,19,13
CUST-101707,21,66.3,47.0,37,38
CUST-101708,17,78.7,38.0,59,34
CUST-101709,5,25.7,21.3,132,23
CUST-101710,13,37.6,18.3,124,2
CUST-101711,22,94.9,30.0,1740,43
CUST-101712,15,74.2,45.0,3375,26
CUST-101713,7,17.6,10.0,116,18
CUST-101714,8,28.5,15.5,117,36
CUST-101715,13,12.9,11.9,83,12
CUST-101716,19,90.8,106.6,55,37
CUST-101717,16,75.5,35.9,1400,2
CUST-101718,8,21.7,17.0,24,43
CUST-101719,6,36.6,19.4,18,38
CUST-101720,16,68.1,46.4,1624,39
CUST-101721,14,12.9,17.8,128,19
CUST-101722,26,91.6,89.1,980,17
CUST-101723,7,34.5,8.1,61,18
CUST-101724,11,33.6,5.8,4,33
CUST-101725,9,26.8,18.4,90,44
CUST-101726,14,20.3,12.2,112,29
CUST-101727,9,32.5,7.2,20,39
CUST-101728,23,57.6,60.9,128,31
CUST-101729,3,12.3,20.0,86,36
CUST-101730,15,71.4,32.6,33,9
CUST-101731,8,24.0,6.8,60,39
CUST-101732,14,28.1,6.3,103,30
CUST-101733,25,69.3,85.7,31,29
CUST-101734,3,24.9,21.8,123,24
CUST-101735,18,86.6,73.9,2660,32
CUST-101736,12,31.3,14.7,42,37
CUST-101737,7,13.8,9.0,74,3
CUST-101738,7,22.3,9.2,96,25
CUST-101739,25,71.9,94.9,6168,24
CUST-101740,29,51.7,41.3,144,16
CUST-101741,8,29.0,10.7,93,28
CUST-101742,25,75.0,73.4,36,34
CUST-101743,2,27.1,11.1,71,30
CUST-101744,2,35.3,15.9,92,30
CUST-101745,22,50.7,99.2,5555,35
CUST-101746,20,87.3,65.2,45,24
CUST-101747,5,34.4,9.9,143,17
CUST-101748,29,80.1,42.8,84,25
CUST-101749,24,63.4,47.2,40,5
CUST-101750,23,61.6,32.6,105,6
CUST-101751,20,75.6,101.9,3362,6
CUST-101752,10,43.8,19.3,37,6
CUST-101753,2,24.9,13.5,18,28
CUST-101754,13,29.0,13.5,101,10
CUST-101755,15,73.8,95.2,9,10
CUST-101756,3,41.4,11.6,89,28
CUST-101757,23,66.9,57.2,115,32
CUST-101758,23,54.2,30.5,47,24
CUST-101759,20,70.1,80.9,6229,43
CUST-101760,9,26.8,8.9,116,21
CUST-101761,21,59.0,41.6,2329,32
CUST-101762,29,76.6,36.9,42,34
CUST-101763,12,32.8,7.3,12,4
CUST-101764,5,42.7,20.9,5,32
CUST-101765,1,43.2,13.6,101,22
CUST-101766,5,42.2,10.9,146,3
CUST-101767,12,28.4,14.1,53,43
CUST-101768,10,17.3,20.6,104,45
CUST-101769,12,25.9,19.3,31,29
CUST-101770,12,12.6,20.8,61,9
CUST-101771,1,19.9,9.1,8,36
CUST-101772,29,66.5,46.2,72,28
CUST-101773,17,61.7,74.4,91,26
CUST-101774,26,87.0,105.4,4953,15
CUST-101775,13,22.6,6.8,137,23
CUST-101776,9,39.3,19.0,137,40
CUST-101777,24,65.7,84.2,2694,18
CUST-101778,16,90.6,49.5,134,32
CUST-101779,8,15.7,21.1,35,35
CUST-101780,22,61.3,53.2,3617,23
CUST-101781,12,29.0,19.3,136,5
CUST-101782,25,65.7,36.5,98,11
CUST-101783,12,13.0,5.9,126,27
CUST-101784,15,57.9,53.2,2340,43
CUST-101785,4,26.3,4.1,42,28
CUST-101786,20,82.8,80.0,55,3
CUST-101787,27,54.9,46.4,1670,30
CUST-101788,24,90.7,59.1,4609,34
CUST-101789,16,85.1,74.3,4978,43
CUST-101790,7,23.7,8.2,126,6
CUST-101791,9,12.0,11.5,56,45
CUST-101792,13,32.1,12.7,134,4
CUST-101793,3,11.1,5.8,131,32
CUST-101794,15,61.3,107.8,5,34
CUST-101795,28,57.1,25.6,15,37
CUST-101796,7,25.2,20.1,22,43
CUST-101797,24,93.8,55.8,2287,30
CUST-101798,22,86.4,66.6,73,22
CUST-101799,7,33.3,17.2,84,28
CUST-101800,9,41.4,6.1,94,41
CUST-101801,27,65.0,95.0,29,40
CUST-101802,11,16.2,20.0,94,32
CUST-101803,14,33.6,10.0,85,30
CUST-101804,10,14.0,21.6,65,6
CUST-101805,24,70.9,81.8,81,35
CUST-101806,26,63.1,88.7,142,0
CUST-101807,27,59.1,72.3,84,25
CUST-101808,9,24.8,6.5,97,13
CUST-101809,27,77.3,69.1,2902,35
CUST-101810,21,75.1,55.3,29,5
CUST-101811,25,58.8,88.6,62,14
CUST-101812,11,27.7,13.2,31,36
CUST-101813,1,24.6,14.9,79,20
CUST-101814,6,13.8,10.7,62,18
CUST-101815,4,16.9,19.9,31,6
CUST-101816,2,26.1,9.5,49,13
CUST-101817,8,28.7,11.2,125,18
CUST-101818,24,74.4,87.7,60,14
CUST-101819,28,75.8,71.8,5600,4
CUST-101820,27,89.1,67.9,105,0
CUST-101821,7,27.9,5.5,43,7
CUST-101822,21,51.7,70.6,3812,5
CUST-101823,9,43.5,7.9,55,20
CUST-101824,1,32.5,7.9,79,34
CUST-101825,22,86.7,76.1,71,21
CUST-101826,8,37.1,16.7,7,9
CUST-101827,16,88.6,66.1,134,44
CUST-101828,27,80.8,46.6,142,35
CUST-101829,25,54.6,109.4,92,40
CUST-101830,6,39.5,12.7,100,9
CUST-101831,25,84.2,33.7,9,3
CUST-101832,3,34.7,6.7,36,7
CUST-101833,15,78.7,69.9,3704,1
CUST-101834,26,76.1,39.7,794,30
CUST-101835,4,11.1,16.2,123,2
CUST-101836,26,73.0,43.9,658,7
CUST-101837,9,26.7,9.1,150,33
CUST-101838,11,29.6,4.2,128,25
CUST-101839,3,36.5,4.5,145,37
CUST-101840,15,85.1,47.9,106,41
CUST-101841,9,44.1,11.9,83,17
CUST-101842,21,89.0,26.7,120,18
CUST-101843,17,53.3,60.5,112,35
CUST-101844,14,32.1,4.9,37,43
CUST-101845,9,25.7,21.6,2,22
CUST-101846,21,66.4,71.4,4141,9
CUST-101847,16,56.1,48.9,1613,25
CUST-101848,29,60.2,73.0,2993,28
CUST-101849,18,65.7,93.2,4753,2
CUST-101850,13,41.1,9.5,82,27
CUST-101851,3,42.4,12.7,86,23
CUST-101852,12,43.9,19.8,139,35
CUST-101853,25,80.3,27.1,89,42
CUST-101854,23,84.0,76.2,3962,1
CUST-101855,23,91.9,44.5,3293,30
CUST-101856,15,75.2,67.5,120,40
CUST-101857,3,35.8,13.9,55,14
CUST-101858,16,69.3,38.1,39,44
CUST-101859,29,94.2,40.5,20,45
CUST-101860,16,56.9,42.4,49,13
CUST-101861,14,18.8,8.6,72,44
CUST-101862,18,84.5,100.3,1504,28
CUST-101863,12,28.1,16.3,127,28
CUST-101864,6,35.8,14.0,78,34
CUST-101865,21,89.2,53.2,3564,10
CUST-101866,6,39.4,15.4,45,43
CUST-101867,13,16.9,18.2,35,10
CUST-101868,7,41.6,15.7,34,24
CUST-101869,21,89.1,58.4,143,16
CUST-101870,10,19.0,15.9,92,40
CUST-101871,18,85.6,86.9,4431,20
CUST-101872,15,86.7,43.3,72,43
CUST-101873,24,65.3,109.3,93,29
CUST-101874,17,75.3,57.2,107,2
CUST-101875,2,40.9,14.6,67,31
CUST-101876,6,33.5,4.3,80,28
CUST-101877,17,61.3,82.4,99,15
CUST-101878,6,32.6,10.8,12,30
CUST-101879,22,68.9,45.4,67,29
CUST-101880,2,16.1,12.0,131,30
CUST-101881,9,40.7,4.5,9,17
CUST-101882,22,89.8,99.0,123,34
CUST-101883,19,54.4,51.9,2231,13
CUST-101884,12,39.2,11.6,61,28
CUST-101885,23,64.6,89.9,4405,41
CUST-101886,15,82.0,75.3,112,22
CUST-101887,8,40.9,16.8,69,34
CUST-101888,28,87.7,78.8,71,32
CUST-101889,9,37.9,19.2,46,2
CUST-101890,12,39.8,10.4,35,36
CUST-101891,16,72.0,57.6,140,22
CUST-101892,29,86.7,88.1,1409,44
CUST-101893,21,60.6,47.7,1431,0
CUST-101894,6,28.8,6.3,43,3
CUST-101895,22,71.5,86.8,95,12
CUST-101896,20,68.9,63.4,131,34
CUST-101897,24,67.5,74.5,46,27
CUST-101898,26,58.2,102.6,21,45
CUST-101899,1,25.7,8.1,52,20
CUST-101900,6,41.9,6.5,101,43
CUST-101901,26,69.1,105.9,8260,39
CUST-101902,18,93.9,108.6,10,34
CUST-101903,19,50.1,58.7,2993,20
CUST-101904,22,75.5,35.6,135,7
CUST-101905,9,21.1,19.6,94,28
CUST-101906,1,38.7,14.8,1,3
CUST-101907,16,51.1,100.7,110,41
CUST-101908,24,54.0,44.0,2112,41
CUST-101909,19,67.2,91.2,6657,24
CUST-101910,25,53.9,59.0,93,20
CUST-101911,1,24.6,4.6,124,36
CUST-101912,7,15.0,20.2,63,6
CUST-101913,17,80.6,52.5,127,19
CUST-101914,1,43.2,17.3,35,14
CUST-101915,12,27.5,15.4,11,34
CUST-101916,29,73.0,93.8,1876,37
CUST-101917,23,51.9,48.8,29,23
CUST-101918,22,50.4,63.3,4684,9
CUST-101919,25,82.8,72.3,79,41
CUST-101920,7,20.7,17.8,34,44
CUST-101921,15,63.0,81.4,3825,14
CUST-101922,2,16.6,20.3,56,12
CUST-101923,28,81.7,87.8,3336,1
CUST-101924,25,76.5,66.4,2921,38
CUST-101925,23,71.1,47.5,2850,36
CUST-101926,1,14.0,18.2,86,23
CUST-101927,13,43.2,21.8,128,28
CUST-101928,1,41.1,5.5,9,28
CUST-101929,13,33.4,17.0,63,42
CUST-101930,10,42.6,13.6,123,6
CUST-101931,2,11.3,15.0,123,14
CUST-101932,18,86.7,31.6,1864,34
CUST-101933,14,25.0,14.5,37,25
CUST-101934,4,41.4,6.6,85,6
CUST-101935,23,63.4,28.5,1710,26
CUST-101936,4,14.3,5.8,21,38
CUST-101937,6,14.6,4.7,112,34
CUST-101938,19,83.4,64.4,1803,27
CUST-101939,24,76.9,68.9,4616,28
CUST-101940,1,25.0,10.6,53,39
CUST-101941,23,85.1,28.8,1209,0
CUST-101942,2,40.3,21.2,75,20
CUST-101943,2,36.1,8.2,53,42
CUST-101944,9,37.1,13.3,124,33
CUST-101945,7,41.9,7.1,45,21
CUST-101946,1,19.6,8.7,31,11
CUST-101947,21,91.4,93.1,89,15
CUST-101948,7,42.1,7.9,26,10
CUST-101949,20,55.1,90.6,1268,1
CUST-101950,27,78.4,60.1,20,5
CUST-101951,27,83.6,79.9,1038,25
CUST-101952,9,21.7,12.5,32,10
CUST-101953,20,51.9,100.9,13,40
CUST-101954,12,20.3,17.0,70,31
CUST-101955,20,53.3,26.1,31,20
CUST-101956,5,17.7,11.1,58,1
CUST-101957,16,53.5,86.7,27,40
CUST-101958,1,23.1,4.7,17,14
CUST-101959,15,92.6,65.4,57,39
CUST-101960,9,40.2,8.7,54,5
CUST-101961,21,71.6,35.7,126,41
CUST-101962,29,56.6,42.2,801,28
CUST-101963,4,15.5,14.0,62,43
CUST-101964,21,58.1,78.3,38,8
CUST-101965,3,30.9,6.6,27,28
CUST-101966,1,41.0,16.8,3,12
CUST-101967,1,28.9,12.5,113,45
CUST-101968,10,29.7,10.4,27,39
CUST-101969,6,23.0,8.1,83,40
CUST-101970,27,90.0,72.2,14,0
CUST-101971,16,77.7,80.6,48,7
CUST-101972,7,12.5,8.8,39,17
CUST-101973,28,74.5,46.2,29,42
CUST-101974,2,16.4,15.7,91,36
CUST-101975,13,15.4,21.6,44,19
CUST-101976,24,69.0,34.0,113,2
CUST-101977,6,29.0,6.3,76,44
CUST-101978,7,16.0,7.3,34,20
CUST-101979,11,15.3,12.1,30,21
CUST-101980,18,75.0,68.6,118,13
CUST-101981,17,72.2,61.6,3634,7
CUST-101982,23,83.7,56.1,3758,10
CUST-101983,7,26.4,16.7,16,33
CUST-101984,28,65.0,58.8,60,32
CUST-101985,7,21.6,21.1,57,2
CUST-101986,17,60.5,98.9,105,15
CUST-101987,10,36.7,21.7,112,16
CUST-101988,16,78.9,72.6,2976,22
CUST-101989,1,43.2,22.0,61,41
CUST-101990,12,12.4,14.3,91,1
CUST-101991,10,44.7,6.3,46,42
CUST-101992,1,29.6,17.0,15,25
CUST-101993,1,24.8,7.5,41,6
CUST-101994,14,19.0,9.7,74,11
CUST-101995,16,63.0,33.3,2364,6
CUST-101996,3,32.5,7.9,106,11
CUST-101997,12,31.3,17.6,10,3
CUST-101998,3,24.5,16.0,13,43
CUST-101999,12,13.4,8.0,27,4
CUST-102000,29,94.3,29.6,17,34
CUST-102001,5,17.4,16.7,92,42
CUST-102002,19,64.2,59.1,52,5
CUST-102003,5,13.8,5.8,76,35
CUST-102004,17,85.5,36.0,62,1
CUST-102005,1,23.6,9.3,25,30
CUST-102006,8,11.5,12.4,130,33
CUST-102007,19,58.6,78.9,42,38
CUST-102008,11,14.2,12.4,67,16
CUST-102009,11,39.0,14.1,37,36
CUST-102010,15,58.8,38.6,147,21
CUST-102011,12,41.4,6.1,93,16
CUST-102012,11,28.0,6.4,22,36
CUST-102013,11,12.5,5.7,75,42
CUST-102014,24,50.3,53.1,3292,16
CUST-102015,9,20.8,17.1,63,13
CUST-102016,13,26.6,11.2,95,34
CUST-102017,6,17.0,19.5,143,40
CUST-102018,12,37.1,17.1,145,40
CUST-102019,17,94.2,36.8,89,20
CUST-102020,13,31.0,15.3,110,28
CUST-102021,11,27.2,19.6,115,36
CUST-102022,29,57.3,57.0,5,24
CUST-102023,7,18.4,15.4,127,29
CUST-102024,21,52.0,66.5,5320,1
CUST-102025,14,29.5,5.5,41,41
CUST-102026,18,59.6,43.7,73,28
CUST-102027,11,24.2,16.0,111,32
CUST-102028,19,65.2,69.1,56,13
CUST-102029,10,42.8,7.0,128,28
CUST-102030,29,89.2,93.6,128,17
CUST-102031,3,27.6,13.5,124,29
CUST-102032,2,18.5,13.5,48,34
CUST-102033,15,62.7,49.7,39,14
CUST-102034,18,84.3,41.5,2365,34
CUST-102035,5,16.0,12.9,53,1
CUST-102036,10,19.7,20.7,90,33
CUST-102037,12,42.2,14.9,114,34
CUST-102038,9,22.4,13.9,16,2
CUST-102039,21,79.4,52.8,20,20
CUST-102040,2,35.9,10.4,138,24
CUST-102041,22,61.0,99.4,3578,13
CUST-102042,24,88.3,35.3,1870,5
CUST-102043,17,86.8,104.0,7072,18
CUST-102044,9,20.6,19.0,3,15
CUST-102045,21,58.2,99.3,6,43
CUST-102046,20,80.4,52.2,3236,29
CUST-102047,19,54.8,50.8,914,22
CUST-102048,7,38.9,12.4,39,11
CUST-102049,6,25.6,7.1,145,26
CUST-102050,10,35.1,21.1,100,38
CUST-102051,11,36.7,10.2,139,17
CUST-102052,27,70.9,94.0,30,23
CUST-102053,20,51.5,68.2,134,17
CUST-102054,2,14.3,8.3,38,5
CUST-102055,5,21.1,11.9,150,43
CUST-102056,22,62.1,49.3,15,10
CUST-102057,29,62.0,106.6,131,27
CUST-102058,20,84.9,101.2,6375,30
CUST-102059,8,40.0,8.6,71,23
CUST-102060,17,91.6,97.1,141,32
CUST-102061,12,18.1,4.7,132,7
CUST-102062,11,31.9,16.2,146,37
CUST-102063,12,33.9,21.3,26,42
CUST-102064,4,33.5,19.5,65,9
CUST-102065,27,72.7,66.0,22,8
CUST-102066,15,68.2,100.8,5644,9
CUST-102067,19,73.2,71.9,1150,45
CUST-102068,6,10.5,6.5,32,11
CUST-102069,6,32.4,9.0,10,10
CUST-102070,3,24.4,21.5,134,7
CUST-102071,10,41.8,4.2,18,7
CUST-102072,27,68.6,78.1,1171,38
CUST-102073,6,19.1,15.1,6,31
CUST-102074,2,21.6,19.8,149,31
CUST-102075,15,76.2,64.3,2636,8
CUST-102076,2,41.2,18.4,108,44
CUST-102077,24,85.9,53.9,20,0
CUST-102078,9,20.5,18.7,80,19
CUST-102079,24,66.0,43.6,73,2
CUST-102080,8,23.5,20.9,36,37
CUST-102081,23,50.9,35.8,143,0
CUST-102082,5,39.3,10.5,124,8
CUST-102083,19,53.5,70.0,2590,11
CUST-102084,17,68.9,79.8,3351,16
CUST-102085,14,19.9,7.3,119,42
CUST-102086,6,39.0,16.6,89,11
CUST-102087,26,63.0,101.8,7227,36
CUST-102088,20,71.8,49.3,50,33
CUST-102089,26,93.2,100.5,147,1
CUST-102090,12,35.2,12.6,106,10
CUST-102091,20,72.4,56.1,34,4
CUST-102092,7,19.8,12.4,15,44
CUST-102093,17,79.3,54.3,70,7
CUST-102094,8,30.1,15.7,4,44
CUST-102095,15,60.5,58.0,64,38
CUST-102096,16,55.5,93.3,66,28
CUST-102097,16,60.0,43.2,1771,21
CUST-102098,13,34.1,17.6,68,32
CUST-102099,1,39.0,16.1,90,11
CUST-102100,20,67.0,101.8,126,41
CUST-102101,14,10.1,12.7,149,4
CUST-102102,9,10.0,17.9,92,3
CUST-102103,5,14.7,16.0,137,36
CUST-102104,19,88.2,50.7,3042,27
CUST-102105,14,15.3,20.8,46,22
CUST-102106,24,61.8,88.6,136,39
CUST-102107,14,38.0,11.6,99,17
CUST-102108,21,85.2,81.4,51,23
CUST-102109,6,26.9,5.8,124,0
CUST-102110,3,32.6,8.1,9,4
CUST-102111,16,91.6,61.5,83,12
CUST-102112,10,28.5,4.4,85,14
CUST-102113,8,35.7,8.6,86,0
CUST-102114,2,26.7,13.0,131,12
CUST-102115,13,14.7,16.9,42,6
CUST-102116,18,82.5,53.5,4226,35
CUST-102117,17,77.8,48.2,1879,20
CUST-102118,24,72.3,56.6,4358,30
CUST-102119,1,31.4,15.2,120,2
CUST-102120,4,33.1,16.0,31,21
CUST-102121,14,16.6,10.4,52,32
CUST-102122,1,10.7,6.0,3,0
CUST-102123,3,19.6,17.8,42,42
CUST-102124,2,24.0,8.3,4,40
CUST-102125,14,12.4,6.9,86,41
CUST-102126,25,54.9,52.4,2096,24
CUST-102127,4,24.1,10.1,60,36
CUST-102128,28,56.1,56.4,733,3
CUST-102129,11,21.9,12.7,37,36
CUST-102130,23,83.3,77.3,100,12
CUST-102131,2,15.0,8.7,24,40
CUST-102132,15,55.9,31.2,72,37
CUST-102133,5,13.2,11.9,72,3
CUST-102134,5,37.6,17.1,43,1
CUST-102135,4,30.5,19.7,49,34
CUST-102136,4,41.2,20.4,89,2
CUST-102137,21,64.0,95.0,2090,12
CUST-102138,2,11.9,21.3,134,16
CUST-102139,13,44.6,16.5,129,18
CUST-102140,3,43.3,19.8,62,7
CUST-102141,12,19.8,11.3,53,43
CUST-102142,19,64.0,96.8,56,7
CUST-102143,5,18.1,8.1,79,28
CUST-102144,15,50.4,98.5,3053,18
CUST-102145,18,80.0,90.1,35,7
CUST-102146,22,89.0,99.6,142,41
CUST-102147,29,56.3,52.9,2962,20
CUST-102148,4,10.1,13.3,133,14
CUST-102149,24,64.6,40.1,3047,30
CUST-102150,27,70.9,106.1,2864,41
CUST-102151,28,56.2,71.7,109,12
CUST-102152,20,81.6,76.5,142,21
CUST-102153,28,71.6,71.4,2213,27
CUST-102154,23,82.2,77.4,25,37
CUST-102155,25,84.1,31.5,49,7
CUST-102156,6,18.6,9.5,148,41
CUST-102157,28,65.3,39.2,135,6
CUST-102158,25,93.5,54.1,128,3
CUST-102159,2,13.4,12.0,12,12
CUST-102160,7,39.7,14.8,95,45
CUST-102161,29,66.3,26.1,1748,9
CUST-102162,3,35.7,17.6,135,17
CUST-102163,7,14.9,20.2,61,30
CUST-102164,4,13.3,18.5,51,28
CUST-102165,21,93.8,75.8,4244,5
CUST-102166,2,40.7,8.4,61,30
CUST-102167,17,89.6,67.3,32,33
CUST-102168,2,20.8,16.3,130,0
CUST-102169,6,17.8,8.6,57,8
CUST-102170,26,88.4,107.3,7296,44
CUST-102171,3,42.7,9.4,57,20
CUST-102172,25,66.5,33.7,112,13
CUST-102173,28,90.8,106.8,113,40
CUST-102174,14,26.4,20.0,65,33
CUST-102175,14,35.8,12.6,85,26
CUST-102176,25,78.1,52.2,2766,11
CUST-102177,21,86.4,88.8,4617,29
CUST-102178,7,15.4,14.5,74,32
CUST-102179,16,91.1,61.8,618,2
CUST-102180,14,25.0,7.8,72,17
CUST-102181,26,58.0,61.1,42,21
CUST-102182,10,16.5,18.4,28,45
CUST-102183,27,57.9,56.8,143,13
CUST-102184,18,77.9,67.7,134,26
CUST-102185,25,64.8,26.5,344,10
CUST-102186,2,19.1,17.2,82,18
CUST-102187,26,55.0,78.5,1805,23
CUST-102188,13,37.7,17.4,42,28
CUST-102189,5,30.6,13.4,141,39
CUST-102190,4,35.8,20.5,8,0
CUST-102191,3,30.3,14.5,52,18
CUST-102192,16,71.1,56.5,2768,2
CUST-102193,10,23.5,7.6,9,0
CUST-102194,1,11.0,5.2,143,41
CUST-102195,29,77.4,103.2,5572,19
CUST-102196,27,67.9,59.8,4724,36
CUST-102197,21,77.0,105.4,12,15
CUST-102198,15,68.3,81.3,3252,36
CUST-102199,24,83.9,47.1,132,30
CUST-102200,20,53.1,84.3,2529,2
CUST-102201,11,36.5,7.4,118,4
CUST-102202,12,40.0,4.6,98,5
CUST-102203,11,28.1,6.3,90,38
CUST-102204,21,53.9,33.6,2217,44
CUST-102205,20,65.0,34.5,4,7
CUST-102206,18,72.2,102.4,49,9
CUST-102207,20,90.8,86.1,4218,2
CUST-102208,21,69.0,46.6,145,0
CUST-102209,7,24.7,17.5,31,38
CUST-102210,17,60.8,53.3,24,39
CUST-102211,10,12.2,10.0,133,7
CUST-102212,4,15.3,20.6,72,22
CUST-102213,9,36.7,7.0,87,8
CUST-102214,3,44.3,15.0,132,12
CUST-102215,23,63.3,66.9,12,36
CUST-102216,21,53.4,65.6,4657,39
CUST-102217,21,74.7,62.5,90,34
CUST-102218,15,77.5,92.9,7060,13
CUST-102219,13,22.6,17.5,28,3
CUST-102220,12,42.9,12.0,69,12
CUST-102221,1,10.7,7.2,83,5
CUST-102222,3,10.2,14.4,100,38
CUST-102223,26,55.9,58.6,3105,33
CUST-102224,3,19.7,16.5,22,18
CUST-102225,14,11.6,8.4,116,34
CUST-102226,13,30.5,18.8,11,15
CUST-102227,13,25.8,10.7,119,5
CUST-102228,12,16.2,6.2,62,6
CUST-102229,12,41.8,12.0,143,28
CUST-102230,14,23.8,8.5,141,31
CUST-102231,7,28.0,6.8,62,15
CUST-102232,29,74.7,68.6,5076,29
CUST-102233,5,19.7,13.4,80,37
CUST-102234,7,33.3,16.2,94,26
CUST-102235,29,75.5,27.4,111,41
CUST-102236,5,41.3,13.9,69,10
CUST-102237,6,13.0,15.3,21,24
CUST-102238,28,89.0,45.0,86,5
CUST-102239,10,22.7,17.8,46,40
CUST-102240,12,37.6,10.0,100,26
CUST-102241,13,40.2,12.6,76,11
CUST-102242,26,80.6,68.4,2530,30
CUST-102243,14,27.8,6.8,130,11
CUST-102244,16,84.8,42.7,112,35
CUST-102245,2,32.5,20.3,89,10
CUST-102246,6,11.0,12.4,43,37
CUST-102247,14,31.8,5.7,24,33
CUST-102248,7,22.3,14.0,28,16
CUST-102249,2,43.7,12.8,93,19
CUST-102250,10,25.8,11.4,59,19
CUST-102251,12,37.0,14.2,49,33
CUST-102252,3,33.1,18.2,38,32
CUST-102253,14,38.7,7.6,6,41
CUST-102254,14,27.9,11.3,26,38
CUST-102255,7,24.2,5.8,63,18
CUST-102256,1,44.5,18.4,48,0
CUST-102257,27,61.1,87.9,19,24
CUST-102258,10,10.3,14.1,143,39
CUST-102259,3,25.3,5.1,63,32
CUST-102260,7,15.6,15.5,113,22
CUST-102261,18,71.3,42.7,1708,19
CUST-102262,14,37.4,20.4,144,20
CUST-102263,9,17.2,16.2,30,7
CUST-102264,9,22.1,6.2,128,37
CUST-102265,9,36.3,5.4,65,2
CUST-102266,17,75.5,72.0,125,42
CUST-102267,25,89.5,93.7,51,36
CUST-102268,28,70.1,48.8,18,37
CUST-102269,26,85.1,40.3,63,31
CUST-102270,7,35.9,5.8,104,25
CUST-102271,26,60.6,61.8,58,45
CUST-102272,2,28.3,9.1,150,21
CUST-102273,11,40.4,20.6,77,6
CUST-102274,23,90.0,47.8,2915,41
CUST-102275,25,58.6,72.6,1452,30
CUST-102276,1,21.1,16.3,37,39
CUST-102277,21,79.2,60.2,7,39
CUST-102278,22,70.2,34.7,110,36
CUST-102279,16,64.5,82.1,5008,8
CUST-102280,25,92.8,66.3,2585,19
CUST-102281,10,12.1,10.4,27,42
CUST-102282,14,32.4,5.7,110,1
CUST-102283,6,11.1,9.6,40,22
CUST-102284,3,13.8,12.1,107,16
CUST-102285,6,17.3,9.0,127,33
CUST-102286,1,31.2,11.1,58,45
CUST-102287,19,81.2,40.6,1664,8
CUST-102288,9,36.3,21.3,93,2
CUST-102289,21,52.2,28.5,57,40
CUST-102290,5,32.3,6.5,143,44
CUST-102291,12,20.3,21.1,92,25
CUST-102292,1,29.3,6.9,98,12
CUST-102293,3,24.7,9.7,34,21
CUST-102294,4,32.1,20.4,33,13
CUST-102295,1,10.1,16.4,10,36
CUST-102296,4,40.4,10.9,82,6
CUST-102297,21,53.7,47.7,572,40
CUST-102298,16,81.3,71.6,108,13
CUST-102299,23,70.0,73.8,5608,38
CUST-102300,13,21.9,7.3,38,44
CUST-102301,10,14.2,9.6,92,24
CUST-102302,25,73.9,96.9,96,41
CUST-102303,14,26.5,15.8,25,14
CUST-102304,19,60.4,77.0,4312,11
CUST-102305,25,83.3,93.2,122,28
CUST-102306,16,52.9,45.9,17,10
CUST-102307,1,26.5,7.7,2,0
CUST-102308,7,15.1,20.5,139,21
CUST-102309,6,23.8,19.3,66,4
CUST-102310,4,25.1,19.0,24,36
CUST-102311,20,79.4,83.9,111,22
CUST-102312,17,67.7,56.5,118,22
CUST-102313,21,53.3,25.1,1,6
CUST-102314,8,16.8,18.3,37,39
CUST-102315,20,63.2,42.2,91,44
CUST-102316,4,40.1,4.7,24,45
CUST-102317,28,51.5,53.3,2665,32
CUST-102318,17,67.5,50.4,4032,16
CUST-102319,8,32.9,13.5,115,38
CUST-102320,5,27.6,16.0,64,41
CUST-102321,9,33.6,20.5,150,29
CUST-102322,2,20.5,18.5,37,16
CUST-102323,10,15.9,9.9,93,41
CUST-102324,18,90.4,102.3,8184,38
CUST-102325,9,33.6,9.9,55,21
CUST-102326,14,22.6,19.2,143,32
CUST-102327,8,12.2,8.7,20,37
CUST-102328,25,77.3,35.4,26,18
CUST-102329,8,11.4,10.2,20,42
CUST-102330,1,43.0,6.3,11,30
CUST-102331,8,31.2,16.6,125,36
CUST-102332,10,41.1,6.9,120,44
CUST-102333,14,43.5,8.4,116,8
CUST-102334,8,37.1,13.5,65,38
CUST-102335,14,12.1,7.1,110,6
CUST-102336,26,82.3,75.6,110,4
CUST-102337,2,33.6,20.9,146,18
CUST-102338,3,40.5,4.1,66,3
CUST-102339,11,12.5,19.3,102,18
CUST-102340,15,79.1,29.0,870,37
CUST-102341,28,51.8,69.1,110,23
CUST-102342,24,58.8,82.6,134,20
CUST-102343,11,23.5,6.6,0,28
CUST-102344,6,22.1,8.4,141,2
CUST-102345,1,11.0,7.9,84,5
CUST-102346,12,38.7,5.4,32,8
CUST-102347,12,25.7,4.2,92,41
CUST-102348,9,12.7,17.5,8,3
CUST-102349,28,85.7,76.3,49,6
CUST-102350,19,64.6,62.1,111,10
CUST-102351,12,15.7,21.7,123,25
CUST-102352,28,65.1,69.1,2833,11
CUST-102353,2,33.5,6.1,141,42
CUST-102354,14,24.1,21.8,21,12
CUST-102355,22,92.7,82.3,2469,5
CUST-102356,6,26.3,5.6,53,14
CUST-102357,10,25.8,9.2,49,15
CUST-102358,6,31.2,11.8,25,26
CUST-102359,22,72.0,82.1,22,0
CUST-102360,18,89.0,39.7,118,18
CUST-102361,26,85.8,75.8,73,27
CUST-102362,19,72.0,100.7,4,26
CUST-102363,13,18.5,14.3,130,4
CUST-102364,29,71.3,97.3,25,8
CUST-102365,7,34.2,9.2,16,12
CUST-102366,28,89.8,44.5,52,29
CUST-102367,22,62.2,48.6,2673,22
CUST-102368,3,14.0,9.6,85,40
CUST-102369,2,12.1,11.4,34,14
CUST-102370,2,38.1,4.2,2,25
CUST-102371,15,93.5,105.9,102,23
CUST-102372,28,89.8,94.2,31,40
CUST-102373,2,44.1,7.0,45,29
CUST-102374,11,31.8,7.6,0,17
CUST-102375,28,86.2,102.1,66,18
CUST-102376,14,18.4,5.5,137,13
CUST-102377,7,43.3,4.6,148,40
CUST-102378,2,17.7,5.2,34,30
CUST-102379,10,12.1,20.9,93,25
CUST-102380,8,34.4,21.4,69,22
CUST-102381,19,82.3,99.0,31,42
CUST-102382,9,31.9,5.3,140,34
CUST-102383,19,89.9,108.3,6931,42
CUST-102384,2,40.0,12.6,128,32
CUST-102385,11,31.9,13.1,42,29
CUST-102386,1,33.7,13.5,109,19
CUST-102387,15,67.7,62.2,119,38
CUST-102388,19,60.5,71.9,102,17
CUST-102389,13,15.7,18.9,48,0
CUST-102390,15,50.3,53.4,66,33
CUST-102391,6,37.8,9.4,43,0
CUST-102392,26,53.4,57.4,138,15
CUST-102393,12,16.5,13.8,22,14
CUST-102394,3,38.6,13.2,25,38
CUST-102395,19,55.3,91.8,20,7
CUST-102396,23,92.9,104.2,7606,26
CUST-102397,6,40.3,4.6,76,11
CUST-102398,7,19.8,9.2,131,40
CUST-102399,12,14.8,6.7,149,4
CUST-102400,17,56.2,74.2,3413,2
CUST-102401,4,20.4,7.0,7,19
CUST-102402,19,62.8,30.8,39,32
CUST-102403,13,29.6,4.4,10,29
CUST-102404,9,34.5,16.5,88,37
CUST-102405,14,30.7,5.3,145,26
CUST-102406,4,18.4,12.2,129,11
CUST-102407,13,19.8,13.6,15,44
CUST-102408,26,63.6,62.2,48,44
CUST-102409,3,14.1,15.3,12,36
CUST-102410,6,43.2,5.3,129,27
CUST-102411,21,64.7,64.1,897,41
CUST-102412,14,20.3,17.3,138,21
CUST-102413,3,20.0,8.9,4,29
CUST-102414,3,19.0,21.4,34,35
CUST-102415,3,36.0,19.5,19,25
CUST-102416,18,50.1,106.4,71,10
CUST-102417,7,12.3,19.8,145,12
CUST-102418,7,23.9,6.4,11,13
CUST-102419,6,17.3,13.0,35,36
CUST-102420,28,86.7,54.5,138,1
CUST-102421,21,73.3,86.5,5622,20
CUST-102422,4,36.1,21.5,114,27
CUST-102423,1,15.3,4.1,86,34
CUST-102424,7,12.6,9.7,0,5
CUST-102425,23,80.6,49.0,490,25
CUST-102426,3,15.5,7.6,44,20
CUST-102427,8,38.4,16.7,144,45
CUST-102428,12,34.2,6.5,143,19
CUST-102429,6,27.7,6.8,114,25
CUST-102430,22,74.1,76.8,5145,19
CUST-102431,6,10.6,19.1,105,13
CUST-102432,27,53.3,106.8,4592,45
CUST-102433,23,62.5,64.5,115,13
CUST-102434,6,39.3,11.2,12,5
CUST-102435,1,33.3,20.1,18,10
CUST-102436,29,58.4,41.4,2815,40
CUST-102437,21,74.7,93.3,3545,26
CUST-102438,29,76.4,100.2,7114,40
CUST-102439,8,30.0,20.3,130,33
CUST-102440,7,21.8,16.1,74,27
CUST-102441,5,28.9,8.4,38,45
CUST-102442,20,71.6,73.6,1545,40
CUST-102443,6,17.8,4.0,118,20
CUST-102444,27,94.4,75.9,32,4
CUST-102445,7,25.2,18.2,126,30
CUST-102446,4,17.7,9.1,94,9
CUST-102447,9,10.1,5.1,142,32
CUST-102448,23,66.5,54.9,80,35
CUST-102449,27,91.2,91.6,2931,17
CUST-102450,24,55.8,32.4,13,19
CUST-102451,12,20.4,4.8,124,36
CUST-102452,14,24.9,9.3,28,17
CUST-102453,4,37.0,15.2,82,12
CUST-102454,7,27.1,9.8,65,7
CUST-102455,12,24.0,7.6,126,28
CUST-102456,28,78.2,94.6,17,27
CUST-102457,26,71.7,54.7,58,24
CUST-102458,24,62.9,56.0,3528,29
CUST-102459,1,10.2,9.5,103,18
CUST-102460,2,10.6,16.9,140,42
CUST-102461,19,78.9,87.2,1744,36
CUST-102462,24,74.8,102.1,19,7
CUST-102463,17,78.9,89.4,116,26
CUST-102464,3,30.2,11.1,25,16
CUST-102465,3,15.1,6.7,128,21
CUST-102466,4,28.5,17.5,19,24
CUST-102467,25,70.3,77.0,2233,38
CUST-102468,5,28.6,6.4,27,4
CUST-102469,26,65.6,66.7,5336,7
CUST-102470,13,11.3,16.5,71,0
CUST-102471,11,24.5,14.6,104,20
CUST-102472,22,77.2,59.7,3880,45
CUST-102473,26,68.0,65.2,113,25
CUST-102474,19,83.2,66.2,1986,33
CUST-102475,6,40.2,11.5,141,44
CUST-102476,6,39.8,8.5,85,9
CUST-102477,8,30.9,8.0,75,32
CUST-102478,8,34.4,19.9,30,32
CUST-102479,15,88.2,93.5,3740,10
CUST-102480,2,41.7,8.5,73,1
CUST-102481,12,12.0,6.3,126,20
CUST-102482,14,40.4,20.7,24,5
CUST-102483,26,92.4,74.5,101,25
CUST-102484,12,42.4,20.0,71,12
CUST-102485,3,24.3,13.4,110,1
CUST-102486,14,11.6,4.0,88,26
CUST-102487,7,23.9,8.3,2,10
CUST-102488,8,17.3,19.5,79,25
CUST-102489,14,23.8,20.4,73,22
CUST-102490,3,24.9,20.3,145,23
CUST-102491,8,30.8,19.2,123,27
CUST-102492,7,33.0,16.7,43,22
CUST-102493,2,42.5,8.1,67,4
CUST-102494,19,52.8,58.8,48,27
CUST-102495,14,40.5,17.6,98,0
CUST-102496,16,54.9,67.9,24,16
CUST-102497,29,86.8,79.9,2317,27
CUST-102498,8,30.4,7.0,123,39
CUST-102499,15,80.6,32.0,132,29
CUST-102500,28,85.8,63.3,3291,12
CUST-102501,16,92.4,51.2,90,41
CUST-102502,5,31.9,10.7,95,31
CUST-102503,12,21.4,19.9,71,17
CUST-102504,14,16.5,15.3,114,39
CUST-102505,25,65.6,98.7,66,7
CUST-102506,10,31.3,14.7,150,21
CUST-102507,29,84.9,50.3,47,43
CUST-102508,27,67.7,31.4,23,11
CUST-102509,17,59.7,108.3,111,27
CUST-102510,6,42.2,13.2,149,0
CUST-102511,5,10.2,18.9,31,33
CUST-102512,14,12.4,5.9,47,4
CUST-102513,16,86.2,35.9,2082,1
CUST-102514,11,24.1,17.5,35,19
CUST-102515,10,36.7,7.8,53,4
CUST-102516,4,29.8,7.6,92,45
CUST-102517,26,92.8,97.0,3492,31
CUST-102518,1,41.3,12.5,97,6
CUST-102519,15,61.1,100.3,6,2
CUST-102520,14,25.1,14.4,71,6
CUST-102521,21,84.9,32.8,109,0
CUST-102522,22,87.0,41.5,954,2
CUST-102523,20,89.6,63.1,3344,32
CUST-102524,3,35.4,6.9,54,17
CUST-102525,12,19.4,13.1,15,23
CUST-102526,5,15.8,13.8,128,34
CUST-102527,29,75.4,93.0,2790,2
CUST-102528,14,37.6,6.8,58,15
CUST-102529,14,15.3,9.1,14,37
CUST-102530,22,63.0,60.1,66,31
CUST-102531,14,38.2,16.5,121,30
CUST-102532,23,63.5,28.4,47,45
CUST-102533,29,59.3,98.3,7667,22
CUST-102534,19,75.8,74.9,1647,27
CUST-102535,3,42.3,18.1,73,41
CUST-102536,20,84.5,60.3,114,4
CUST-102537,20,67.9,26.2,87,44
CUST-102538,5,43.5,9.5,111,10
CUST-102539,29,85.1,90.0,43,17
CUST-102540,27,65.4,35.1,2386,7
CUST-102541,16,82.5,61.9,2352,22
CUST-102542,3,17.8,5.4,130,20
CUST-102543,4,33.5,18.4,149,32
CUST-102544,28,70.8,46.6,145,21
CUST-102545,3,18.0,9.4,48,37
CUST-102546,10,24.2,21.0,23,29
CUST-102547,12,11.2,7.7,103,25
CUST-102548,10,42.7,20.4,81,15
CUST-102549,23,79.6,82.1,140,28
CUST-102550,29,63.0,54.1,1785,1
CUST-102551,1,25.8,13.7,95,40
CUST-102552,28,86.0,32.3,138,0
CUST-102553,2,25.1,9.2,63,34
CUST-102554,7,19.0,10.3,72,0
CUST-102555,24,90.2,57.8,1156,36
CUST-102556,24,76.9,101.3,1316,32
CUST-102557,24,70.0,85.9,37,22
CUST-102558,7,31.6,14.5,44,1
CUST-102559,29,53.8,48.8,3123,1
CUST-102560,28,80.2,83.9,2517,19
CUST-102561,6,20.0,13.3,37,17
CUST-102562,1,27.8,19.2,149,0
CUST-102563,14,38.0,5.3,15,13
CUST-102564,1,35.4,15.3,138,2
CUST-102565,27,81.5,58.0,754,18
CUST-102566,22,90.4,74.8,4862,12
CUST-102567,12,13.0,9.1,54,39
CUST-102568,10,21.0,20.7,60,26
CUST-102569,4,15.2,21.0,39,27
CUST-102570,14,37.3,18.5,67,36
CUST-102571,11,20.4,9.1,37,22
CUST-102572,17,93.9,49.0,3185,4
CUST-102573,3,12.6,8.7,24,3
CUST-102574,21,90.8,72.1,2956,18
CUST-102575,3,20.4,8.1,120,0
CUST-102576,9,44.1,7.5,118,22
CUST-102577,25,68.2,56.4,136,9
CUST-102578,19,84.8,62.9,38,11
CUST-102579,7,19.8,9.3,60,11
CUST-102580,17,71.9,30.7,9,7
CUST-102581,29,63.2,94.8,1896,8
CUST-102582,8,17.2,14.9,138,5
CUST-102583,13,20.8,12.1,43,25
CUST-102584,3,43.9,4.7,64,11
CUST-102585,7,37.9,9.1,20,10
CUST-102586,13,17.9,9.7,132,12
CUST-102587,18,69.8,90.9,23,11
CUST-102588,14,14.4,16.1,60,7
CUST-102589,7,11.0,9.7,56,33
CUST-102590,7,30.5,8.8,9,12
CUST-102591,16,52.2,42.5,92,24
CUST-102592,24,71.9,74.3,46,39
CUST-102593,7,30.4,17.5,100,36
CUST-102594,27,87.8,105.5,57,13
CUST-102595,5,28.7,4.0,98,35
CUST-102596,28,50.2,46.6,838,11
CUST-102597,12,30.5,14.6,7,25
CUST-102598,15,89.2,65.9,104,11
CUST-102599,3,23.5,5.4,138,13
CUST-102600,18,94.6,75.6,76,24
CUST-102601,26,58.7,101.9,15,42
CUST-102602,1,25.3,10.4,78,19
CUST-102603,10,43.9,16.8,19,18
CUST-102604,6,21.7,11.5,95,1
CUST-102605,6,19.7,13.0,140,16
CUST-102606,7,12.2,17.8,88,0
CUST-102607,20,61.7,78.0,4290,25
CUST-102608,10,44.9,9.8,68,0
CUST-102609,11,37.2,12.8,67,13
CUST-102610,9,29.4,12.5,12,10
CUST-102611,20,91.4,36.8,2907,27
CUST-102612,1,35.2,10.1,120,5
CUST-102613,15,52.0,37.8,1436,21
CUST-102614,19,60.8,38.1,1028,8
CUST-102615,6,35.8,4.6,118,2
CUST-102616,7,35.0,12.9,14,29
CUST-102617,27,82.5,29.8,953,39
CUST-102618,17,93.2,99.3,149,2
CUST-102619,13,30.5,7.0,79,13
CUST-102620,25,55.3,51.8,37,31
CUST-102621,7,29.2,11.6,55,28
CUST-102622,13,13.2,21.0,76,31
CUST-102623,6,13.4,8.1,99,41
CUST-102624,2,12.0,10.7,77,4
CUST-102625,3,18.1,11.7,121,17
CUST-102626,5,39.7,10.9,21,20
CUST-102627,9,25.1,21.2,108,33
CUST-102628,27,71.9,75.1,135,12
CUST-102629,6,34.1,7.1,92,13
CUST-102630,8,24.3,13.6,116,12
CUST-102631,21,82.3,71.3,49,11
CUST-102632,13,37.0,7.3,146,40
CUST-102633,21,73.8,72.2,67,28
CUST-102634,12,31.8,5.9,11,0
CUST-102635,14,41.0,17.2,13,2
CUST-102636,10,22.3,17.7,94,22
CUST-102637,3,28.9,14.2,107,41
CUST-102638,14,24.5,4.3,22,18
CUST-102639,28,62.1,81.7,146,1
CUST-102640,24,87.3,49.1,74,16
CUST-102641,13,42.5,11.6,131,27
CUST-102642,14,40.5,8.1,149,26
CUST-102643,1,23.1,8.3,60,34
CUST-102644,7,27.6,12.1,72,8
CUST-102645,17,64.6,92.0,2668,44
CUST-102646,13,22.0,16.1,95,35
CUST-102647,19,54.4,68.5,2329,24
CUST-102648,6,33.2,7.5,25,27
CUST-102649,20,63.0,47.9,3640,41
CUST-102650,28,64.8,40.2,25,11
CUST-102651,20,52.1,91.1,91,44
CUST-102652,26,67.8,41.3,702,13
CUST-102653,14,39.8,7.5,61,43
CUST-102654,18,86.3,103.2,7224,42
CUST-102655,7,29.4,20.2,116,27
CUST-102656,28,73.2,76.9,3,24
CUST-102657,14,16.8,17.2,78,20
CUST-102658,3,39.1,7.1,48,34
CUST-102659,5,25.6,21.6,39,22
CUST-102660,16,68.3,41.6,2912,34
CUST-102661,4,34.5,13.5,13,11
CUST-102662,24,52.5,59.5,59,3
CUST-102663,9,18.5,13.2,28,40
CUST-102664,12,16.7,6.7,148,15
CUST-102665,2,12.1,7.6,25,16
CUST-102666,1,20.7,14.1,135,37
CUST-102667,8,42.0,8.1,25,3
CUST-102668,2,25.1,21.3,143,27
CUST-102669,19,70.2,107.7,5600,18
CUST-102670,8,10.2,6.7,126,7
CUST-102671,6,42.1,17.5,43,12
CUST-102672,4,18.7,19.1,111,30
CUST-102673,12,10.7,4.9,121,43
CUST-102674,27,56.9,99.3,2482,24
CUST-102675,1,36.3,18.5,84,31
CUST-102676,18,63.3,69.9,134,16
CUST-102677,21,56.5,47.7,1717,35
CUST-102678,11,32.8,15.3,57,36
CUST-102679,1,18.2,19.0,124,42
CUST-102680,17,56.0,93.4,6164,15
CUST-102681,21,64.8,56.4,620,43
CUST-102682,10,21.7,16.9,26,45
CUST-102683,28,52.3,31.1,311,5
CUST-102684,21,56.3,77.5,3100,45
CUST-102685,16,85.9,82.6,12,33
CUST-102686,6,10.7,5.0,40,29
CUST-102687,28,79.0,93.5,1309,33
CUST-102688,3,39.8,19.3,85,22
CUST-102689,20,89.0,72.8,62,19
CUST-102690,22,76.5,108.5,145,20
CUST-102691,7,23.5,14.6,104,21
CUST-102692,20,69.4,100.5,2713,37
CUST-102693,2,33.8,8.2,121,40
CUST-102694,28,83.1,60.2,140,2
CUST-102695,11,44.6,4.8,143,17
CUST-102696,28,89.3,55.8,2678,30
CUST-102697,3,32.1,19.0,139,12
CUST-102698,9,12.7,11.1,6,36
CUST-102699,27,64.4,106.7,36,39
CUST-102700,15,87.6,96.0,5376,41
CUST-102701,20,82.5,65.4,111,5
CUST-102702,22,73.7,101.7,6813,12
CUST-102703,4,16.1,6.0,78,19
CUST-102704,12,13.8,17.3,11,38
CUST-102705,14,22.8,15.3,45,34
CUST-102706,23,61.2,66.5,6,29
CUST-102707,10,27.1,12.6,56,44
CUST-102708,8,17.0,7.5,92,39
CUST-102709,6,24.6,17.5,82,43
CUST-102710,7,24.5,14.7,99,25
CUST-102711,7,38.1,7.3,133,44
CUST-102712,1,28.4,6.2,24,9
CUST-102713,16,73.7,32.4,324,37
CUST-102714,13,31.0,6.8,5,6
CUST-102715,1,19.2,8.6,2,39
CUST-102716,3,18.6,10.5,148,10
CUST-102717,4,42.0,21.2,39,5
CUST-102718,25,62.2,70.9,150,6
CUST-102719,7,18.4,17.7,41,39
CUST-102720,26,74.2,71.0,90,39
CUST-102721,4,24.2,17.9,140,12
CUST-102722,10,17.9,16.1,122,4
CUST-102723,21,56.9,99.3,6752,18
CUST-102724,3,27.6,6.3,48,29
CUST-102725,7,30.0,5.9,53,27
CUST-102726,17,83.1,42.7,138,41
CUST-102727,21,84.4,92.5,58,21
CUST-102728,24,88.1,82.8,142,2
CUST-102729,3,27.1,5.5,125,19
CUST-102730,2,11.9,11.8,45,21
CUST-102731,29,83.8,85.7,2828,9
CUST-102732,16,55.5,73.8,2509,36
CUST-102733,10,12.0,8.1,140,45
CUST-102734,1,16.1,14.6,61,14
CUST-102735,1,26.0,13.4,9,25
CUST-102736,19,87.8,102.4,66,21
CUST-102737,20,60.6,32.7,106,18
CUST-102738,13,24.0,9.2,144,6
CUST-102739,1,31.2,7.1,106,15
CUST-102740,24,73.9,43.3,114,16
CUST-102741,3,28.4,14.0,23,4
CUST-102742,4,18.3,4.5,70,38
CUST-102743,28,64.2,77.1,92,13
CUST-102744,10,14.0,12.9,79,24
CUST-102745,13,35.3,14.9,113,3
CUST-102746,26,61.3,73.9,53,25
CUST-102747,27,73.2,91.1,4646,18
CUST-102748,6,22.7,14.2,129,15
CUST-102749,18,52.7,102.6,67,7
CUST-102750,22,89.7,31.5,47,44
CUST-102751,13,16.5,13.3,33,17
CUST-102752,12,17.2,11.1,26,44
CUST-102753,6,37.5,17.9,84,7
CUST-102754,24,94.3,100.0,12,1
CUST-102755,15,79.7,88.8,41,27
CUST-102756,9,11.2,9.1,94,14
CUST-102757,29,53.2,58.1,58,33
CUST-102758,2,36.5,9.3,8,41
CUST-102759,22,54.8,71.0,1633,2
CUST-102760,28,57.5,47.2,14,42
CUST-102761,11,35.5,12.2,122,38
CUST-102762,9,21.1,15.4,21,32
CUST-102763,11,16.2,8.4,135,10
CUST-102764,14,37.7,18.6,35,5
CUST-102765,24,78.7,84.6,65,2
CUST-102766,3,35.4,4.7,149,16
CUST-102767,18,78.5,105.4,7483,40
CUST-102768,8,18.4,4.3,65,30
CUST-102769,6,26.1,6.9,107,37
CUST-102770,8,37.0,16.2,5,45
CUST-102771,22,70.6,29.2,642,41
CUST-102772,22,56.0,109.7,2413,3
CUST-102773,19,52.0,75.6,3326,34
CUST-102774,3,33.3,8.6,77,24
CUST-102775,8,32.9,20.4,110,36
CUST-102776,7,13.3,9.1,15,20
CUST-102777,12,10.3,8.0,150,25
CUST-102778,5,17.8,8.7,46,37
CUST-102779,8,14.4,15.9,124,35
CUST-102780,13,43.3,4.6,1,11
CUST-102781,14,21.5,21.2,144,33
CUST-102782,28,75.0,103.2,125,21
CUST-102783,1,39.6,14.5,19,37
CUST-102784,10,18.4,17.4,54,41
CUST-102785,10,19.2,11.9,49,13
CUST-102786,15,56.5,51.2,2099,3
CUST-102787,2,34.4,18.9,20,0
CUST-102788,10,15.2,9.7,69,43
CUST-102789,3,32.2,16.2,18,6
CUST-102790,12,19.0,20.1,26,32
CUST-102791,20,80.1,27.2,1033,16
CUST-102792,20,66.3,27.0,378,15
CUST-102793,23,69.3,92.0,5888,17
CUST-102794,5,41.2,21.9,113,37
CUST-102795,11,34.9,17.2,20,11
CUST-102796,2,23.6,12.8,19,36
CUST-102797,25,54.7,30.0,2010,27
CUST-102798,22,66.6,44.1,2513,42
CUST-102799,1,16.5,18.1,107,9
CUST-102800,25,83.7,58.7,84,15
CUST-102801,28,94.5,48.7,1996,23
CUST-102802,6,41.1,11.3,31,24
CUST-102803,10,15.8,4.7,46,16
CUST-102804,15,89.7,93.3,5877,31
CUST-102805,17,85.4,44.0,61,5
CUST-102806,1,13.0,5.3,87,35
CUST-102807,19,89.1,32.2,1030,28
CUST-102808,6,30.4,21.7,131,22
CUST-102809,8,29.6,21.2,126,34
CUST-102810,21,84.5,72.6,4864,19
CUST-102811,21,57.2,40.0,100,8
CUST-102812,25,73.6,90.7,25,31
CUST-102813,24,82.2,81.6,897,9
CUST-102814,5,44.3,9.2,96,17
CUST-102815,10,23.1,21.3,143,12
CUST-102816,2,35.0,18.5,6,36
CUST-102817,27,86.9,31.5,976,45
CUST-102818,17,74.0,107.5,73,22
CUST-102819,15,50.4,48.3,2221,44
CUST-102820,26,82.4,47.1,2402,35
CUST-102821,19,69.4,87.9,6240,4
CUST-102822,24,82.6,71.4,120,40
CUST-102823,6,40.3,8.3,77,44
CUST-102824,8,12.1,12.2,33,26
CUST-102825,8,31.4,11.4,130,13
CUST-102826,24,72.9,103.1,95,33
CUST-102827,7,14.5,6.7,48,7
CUST-102828,7,15.4,18.6,79,17
CUST-102829,5,24.1,14.7,99,1
CUST-102830,1,25.6,18.4,120,40
CUST-102831,23,58.4,104.8,10,44
CUST-102832,10,11.2,15.4,115,17
CUST-102833,3,15.5,8.1,42,37
CUST-102834,9,34.2,19.0,84,1
CUST-102835,24,54.1,62.2,106,4
CUST-102836,13,28.5,13.6,111,8
CUST-102837,4,25.2,10.0,102,33
CUST-102838,1,32.2,20.1,95,6
CUST-102839,1,35.7,8.7,28,38
CUST-102840,26,55.7,69.5,134,25
CUST-102841,9,34.8,11.9,80,27
CUST-102842,2,21.6,9.0,115,5
CUST-102843,11,31.5,10.8,20,11
CUST-102844,17,84.4,97.6,51,22
CUST-102845,21,79.7,66.7,81,7
CUST-102846,27,52.8,109.9,4286,27
CUST-102847,4,33.7,18.0,38,34
CUST-102848,5,25.7,10.1,49,24
CUST-102849,29,87.9,68.1,41,43
CUST-102850,18,71.9,57.9,143,20
CUST-102851,23,71.6,86.1,5252,9
CUST-102852,15,85.2,70.3,2741,23
CUST-102853,8,13.1,18.0,72,44
CUST-102854,18,86.3,71.4,135,16
CUST-102855,12,36.7,6.0,78,22
CUST-102856,11,18.0,19.6,43,25
CUST-102857,21,86.4,81.1,130,5
CUST-102858,14,37.8,18.7,130,37
CUST-102859,10,23.8,5.2,73,34
CUST-102860,5,29.9,14.1,65,18
CUST-102861,11,30.4,20.5,31,2
CUST-102862,4,38.3,8.0,12,43
CUST-102863,27,85.8,69.4,1873,19
CUST-102864,7,33.9,10.7,56,0
CUST-102865,17,72.2,67.6,42,14
CUST-102866,2,42.8,13.3,55,23
CUST-102867,4,12.8,14.8,0,11
CUST-102868,10,25.3,4.6,131,26
CUST-102869,22,63.5,96.7,10,2
CUST-102870,11,16.0,16.9,51,43
CUST-102871,6,28.8,5.2,57,0
CUST-102872,9,20.3,5.4,23,31
CUST-102873,23,67.6,100.1,7607,9
CUST-102874,7,35.8,16.2,52,10
CUST-102875,10,41.7,21.6,92,2
CUST-102876,6,10.2,13.4,50,36
CUST-102877,22,80.2,74.4,5282,32
CUST-102878,9,33.0,21.6,40,18
CUST-102879,25,66.7,89.5,5459,9
CUST-102880,5,35.3,17.5,65,7
CUST-102881,8,10.2,4.3,27,26
CUST-102882,8,21.8,13.6,37,39
CUST-102883,29,72.4,59.7,14,4
CUST-102884,17,58.1,68.6,3635,9
CUST-102885,12,27.9,5.9,78,39
CUST-102886,15,91.0,32.8,107,41
CUST-102887,29,74.5,72.3,48,42
CUST-102888,2,30.1,14.7,84,42
CUST-102889,18,91.8,31.4,63,7
CUST-102890,4,41.4,15.4,80,35
CUST-102891,5,38.6,11.9,39,37
CUST-102892,23,56.0,80.3,145,16
CUST-102893,25,54.9,44.4,9,13
CUST-102894,22,80.4,109.7,80,43
CUST-102895,13,42.1,10.1,1,7
CUST-102896,25,81.5,35.5,145,14
CUST-102897,29,70.2,66.9,92,40
CUST-102898,27,81.9,94.4,52,30
CUST-102899,25,51.9,32.8,1148,31
CUST-102900,26,81.4,33.8,32,45
CUST-102901,9,10.1,11.0,12,36
CUST-102902,5,31.2,7.8,147,34
CUST-102903,14,41.4,8.3,86,11
CUST-102904,11,35.0,17.1,99,15
CUST-102905,6,37.6,12.7,118,41
CUST-102906,2,24.7,7.7,40,31
CUST-102907,13,17.1,4.5,59,24
CUST-102908,14,20.8,8.2,25,4
CUST-102909,8,43.8,16.1,108,0
CUST-102910,26,74.1,44.8,3,26
CUST-102911,22,86.0,78.0,4836,30
CUST-102912,21,82.1,34.2,15,29
CUST-102913,6,33.7,9.6,100,7
CUST-102914,3,21.7,7.7,35,41
CUST-102915,19,74.6,79.7,10,13
CUST-102916,23,67.4,44.1,148,10
CUST-102917,3,32.6,16.3,68,16
CUST-102918,25,82.8,57.6,51,0
CUST-102919,11,21.6,8.6,101,35
CUST-102920,26,88.4,41.5,132,2
CUST-102921,12,44.4,20.9,65,25
CUST-102922,18,60.1,82.2,2959,44
CUST-102923,25,55.6,83.8,20,11
CUST-102924,15,82.0,68.8,90,39
CUST-102925,9,13.1,15.8,129,42
CUST-102926,3,13.1,20.9,14,15
CUST-102927,22,55.6,41.9,1298,21
CUST-102928,19,77.3,106.1,2546,18
CUST-102929,23,91.7,38.3,140,24
CUST-102930,14,10.7,9.4,6,10
CUST-102931,11,37.8,21.4,101,28
CUST-102932,13,24.3,9.9,28,30
CUST-102933,21,95.0,108.2,8223,4
CUST-102934,16,58.8,38.3,727,3
CUST-102935,6,33.1,9.4,108,17
CUST-102936,8,37.1,6.5,14,42
CUST-102937,14,17.9,12.8,118,24
CUST-102938,11,36.1,14.5,101,8
CUST-102939,22,61.7,77.4,5727,24
CUST-102940,22,66.8,61.2,40,23
CUST-102941,13,39.6,11.7,0,19
CUST-102942,23,68.4,45.4,131,35
CUST-102943,27,78.3,27.7,1357,45
CUST-102944,8,13.9,13.4,109,41
CUST-102945,17,85.9,84.5,1605,42
CUST-102946,19,58.2,35.3,136,42
CUST-102947,22,74.3,82.0,2460,31
CUST-102948,16,89.4,29.8,33,0
CUST-102949,1,25.5,16.4,50,16
CUST-102950,10,33.8,9.1,69,24
CUST-102951,11,38.8,15.9,63,4
CUST-102952,18,74.3,71.8,2010,31
CUST-102953,17,77.2,44.3,24,38
CUST-102954,17,69.1,80.3,77,24
CUST-102955,27,69.3,57.5,60,35
CUST-102956,29,62.8,28.3,47,0
CUST-102957,21,82.4,46.1,2,12
CUST-102958,17,87.1,43.6,2746,25
CUST-102959,21,60.4,50.5,89,10
CUST-102960,27,68.5,40.6,50,36
CUST-102961,4,14.5,16.9,12,23
CUST-102962,12,19.1,10.8,137,22
CUST-102963,10,10.8,10.3,142,38
CUST-102964,7,25.2,19.0,93,25
CUST-102965,8,16.1,8.2,130,14
CUST-102966,4,28.3,7.8,73,44
CUST-102967,26,60.8,31.2,15,8
CUST-102968,29,82.6,68.6,137,15
CUST-102969,27,92.0,41.2,865,36
CUST-102970,1,32.2,17.7,129,43
CUST-102971,29,73.7,99.9,40,26
CUST-102972,25,64.4,32.0,73,26
CUST-102973,21,81.9,104.6,8368,35
CUST-102974,26,75.3,102.7,19,40
CUST-102975,8,21.4,5.9,40,39
CUST-102976,19,51.2,62.1,23,38
CUST-102977,22,90.1,90.7,4988,26
CUST-102978,4,29.2,17.3,117,44
CUST-102979,6,11.3,19.8,138,15
CUST-102980,27,89.0,93.4,144,36
CUST-102981,8,43.0,20.7,18,14
CUST-102982,23,80.5,25.9,725,27
CUST-102983,11,33.7,10.1,117,17
CUST-102984,14,17.5,11.5,18,17
CUST-102985,10,28.1,20.6,117,15
CUST-102986,5,19.1,4.3,96,30
CUST-102987,5,29.9,4.4,94,36
CUST-102988,5,38.7,18.1,17,39
CUST-102989,28,72.1,70.7,10,31
CUST-102990,17,71.9,81.0,6237,41
CUST-102991,22,71.2,36.1,97,42
CUST-102992,24,85.0,75.3,4819,20
CUST-102993,4,40.1,9.6,121,7
CUST-102994,21,85.8,65.2,31,44
CUST-102995,24,52.1,41.1,0,16
CUST-102996,3,25.0,8.5,103,19
CUST-102997,19,85.7,29.3,148,13
CUST-102998,13,20.5,4.8,130,10
CUST-102999,14,24.1,17.9,144,19
CUST-103000,12,42.5,14.0,32,6
CUST-103001,3,41.6,17.3,129,6
CUST-103002,5,17.6,20.7,129,28
CUST-103003,5,24.9,18.7,78,10
CUST-103004,6,44.2,9.3,101,22
CUST-103005,17,54.9,78.2,4066,10
CUST-103006,5,15.2,10.3,74,12
CUST-103007,14,28.8,16.6,75,21
CUST-103008,3,29.9,13.6,134,18
CUST-103009,7,23.3,6.7,54,9
CUST-103010,3,40.7,18.6,36,18
CUST-103011,6,23.4,6.9,90,36
CUST-103012,10,28.3,17.2,74,17
CUST-103013,29,64.3,87.3,2007,25
CUST-103014,8,44.0,8.1,88,27
CUST-103015,23,72.5,83.5,41,43
CUST-103016,5,25.7,6.7,63,23
CUST-103017,6,17.1,7.2,125,10
CUST-103018,13,26.3,8.8,97,11
CUST-103019,10,15.4,4.0,72,36
CUST-103020,25,85.6,106.6,30,11
CUST-103021,13,34.9,15.5,34,32
CUST-103022,1,44.6,19.8,79,25
CUST-103023,11,15.1,6.7,2,25
CUST-103024,9,30.6,13.4,39,10
CUST-103025,5,12.2,4.2,92,8
CUST-103026,2,10.6,15.7,49,18
CUST-103027,28,58.4,108.0,4644,15
CUST-103028,4,15.7,19.1,109,18
CUST-103029,24,61.4,54.7,1203,29
CUST-103030,29,93.4,100.3,5717,40
CUST-103031,3,44.6,13.7,58,12
CUST-103032,12,38.1,9.4,25,44
CUST-103033,8,31.5,17.5,124,29
CUST-103034,21,71.2,90.7,94,8
CUST-103035,7,17.5,10.1,62,36
CUST-103036,18,93.4,102.5,52,27
CUST-103037,23,57.2,31.0,146,16
CUST-103038,13,15.2,11.3,60,32
CUST-103039,8,41.5,18.3,22,27
CUST-103040,7,27.2,21.6,61,42
CUST-103041,21,50.1,76.3,1907,33
CUST-103042,15,92.1,76.3,78,43
CUST-103043,13,38.3,8.9,65,30
CUST-103044,1,23.3,10.3,92,22
CUST-103045,26,91.3,68.2,11,38
CUST-103046,16,72.2,57.6,4320,2
CUST-103047,8,22.1,13.0,25,13
CUST-103048,26,86.9,67.3,1346,29
CUST-103049,10,31.7,8.7,35,17
CUST-103050,5,30.2,13.5,23,22
CUST-103051,7,42.6,7.7,111,32
CUST-103052,6,40.1,4.4,138,15
CUST-103053,10,38.4,4.5,55,19
CUST-103054,7,14.9,8.1,4,39
CUST-103055,16,91.5,55.0,106,6
CUST-103056,2,34.1,8.4,107,9
CUST-103057,11,42.5,11.2,40,38
CUST-103058,5,25.1,21.6,94,20
CUST-103059,14,37.6,8.0,86,30
CUST-103060,12,33.1,14.2,16,20
CUST-103061,25,87.6,68.3,2322,23
CUST-103062,8,39.0,19.8,104,42
CUST-103063,14,24.2,5.3,130,38
CUST-103064,10,37.4,20.5,87,16
CUST-103065,17,81.9,32.0,52,34
CUST-103066,6,33.3,5.6,137,39
CUST-103067,3,31.2,9.0,73,7
CUST-103068,5,13.7,5.2,40,27
CUST-103069,23,83.9,51.2,1536,8
CUST-103070,5,28.3,13.2,72,39
CUST-103071,27,82.9,57.7,119,2
CUST-103072,25,66.4,83.7,150,0
CUST-103073,20,86.8,104.6,2196,16
CUST-103074,7,23.5,8.0,118,36
CUST-103075,6,40.5,15.1,138,4
CUST-103076,14,26.1,12.7,28,3
CUST-103077,4,12.8,8.1,117,29
CUST-103078,26,92.1,44.1,2557,15
CUST-103079,1,23.0,10.6,147,25
CUST-103080,4,40.1,15.1,146,6
CUST-103081,2,34.0,19.6,35,16
CUST-103082,20,82.0,107.3,6652,13
CUST-103083,6,18.1,8.4,125,43
CUST-103084,8,42.4,7.7,122,9
CUST-103085,29,64.4,101.4,3650,1
CUST-103086,18,68.1,99.7,7,2
CUST-103087,20,92.3,89.9,1798,29
CUST-103088,24,84.3,76.8,2611,10
CUST-103089,29,54.2,76.6,3676,42
CUST-103090,22,73.7,71.7,788,42
CUST-103091,1,41.6,20.5,56,25
CUST-103092,11,27.5,16.5,113,27
CUST-103093,6,44.5,18.2,132,29
CUST-103094,1,14.2,13.6,144,3
CUST-103095,18,63.4,61.1,48,24
CUST-103096,16,59.6,77.5,50,20
CUST-103097,7,30.0,21.9,98,6
CUST-103098,16,52.8,44.0,1628,5
CUST-103099,3,40.0,12.4,131,36
CUST-103100,8,16.9,5.2,36,9
CUST-103101,14,36.2,5.5,146,40
CUST-103102,10,29.6,18.3,140,14
CUST-103103,27,68.1,35.3,2,41
CUST-103104,11,23.9,11.6,0,15
CUST-103105,13,18.8,7.9,72,23
CUST-103106,28,65.2,83.9,1845,25
CUST-103107,29,86.7,54.0,1296,22
CUST-103108,27,51.6,94.7,3409,4
CUST-103109,12,18.8,21.2,94,43
CUST-103110,13,22.2,19.8,29,42
CUST-103111,13,11.8,4.1,49,18
CUST-103112,23,79.2,67.8,113,45
CUST-103113,18,74.2,26.8,104,22
CUST-103114,9,31.8,21.8,108,36
CUST-103115,1,23.8,6.4,99,18
CUST-103116,9,22.5,12.5,107,39
CUST-103117,25,50.5,39.3,133,20
CUST-103118,12,41.4,12.6,143,16
CUST-103119,19,58.1,103.6,3004,21
CUST-103120,18,57.5,81.7,1307,7
CUST-103121,22,62.7,60.1,94,10
CUST-103122,12,18.6,4.7,129,0
CUST-103123,3,40.5,13.8,16,8
CUST-103124,21,87.0,74.5,4,14
CUST-103125,1,13.0,10.2,64,42
CUST-103126,11,29.0,13.1,8,32
CUST-103127,5,33.3,10.0,46,12
CUST-103128,20,90.6,103.3,94,19
CUST-103129,2,29.2,8.4,16,7
CUST-103130,7,43.2,20.7,124,41
CUST-103131,1,27.7,16.7,78,0
CUST-103132,17,61.2,105.4,7061,38
CUST-103133,12,19.2,4.5,106,45
CUST-103134,2,32.0,6.2,51,42
CUST-103135,11,33.8,5.0,5,6
CUST-103136,28,59.4,105.9,56,8
CUST-103137,23,94.5,67.1,4764,19
CUST-103138,4,21.3,20.5,64,44
CUST-103139,11,36.7,6.1,17,22
CUST-103140,8,18.1,5.5,103,21
CUST-103141,1,13.1,15.5,2,8
CUST-103142,25,92.9,75.9,120,43
CUST-103143,8,30.8,15.7,86,10
CUST-103144,21,61.9,105.7,49,11
CUST-103145,5,34.8,18.2,110,36
CUST-103146,5,13.8,9.5,6,34
CUST-103147,28,84.2,89.4,138,38
CUST-103148,28,73.6,99.9,3496,5
CUST-103149,10,34.0,15.1,91,15
CUST-103150,14,35.3,14.1,18,26
CUST-103151,19,54.5,33.7,84,11
CUST-103152,20,76.5,88.1,53,42
CUST-103153,13,34.5,14.8,117,45
CUST-103154,2,42.2,17.3,108,13
CUST-103155,24,66.8,103.8,9,9
CUST-103156,14,29.4,18.3,140,7
CUST-103157,28,90.6,65.6,107,2
CUST-103158,2,24.2,21.9,23,25
CUST-103159,3,16.9,15.6,112,16
CUST-103160,15,67.4,39.9,1236,9
CUST-103161,3,42.3,5.0,31,30
CUST-103162,6,33.3,12.9,21,27
CUST-103163,27,70.2,86.9,31,17
CUST-103164,26,80.9,78.6,22,45
CUST-103165,29,60.7,74.4,41,24
CUST-103166,12,21.5,4.7,147,29
CUST-103167,11,16.0,12.0,30,39
CUST-103168,22,59.4,59.8,1794,27
CUST-103169,28,67.9,100.1,48,7
CUST-103170,15,88.4,49.3,3598,44
CUST-103171,19,84.8,29.6,89,45
CUST-103172,4,17.8,19.8,11,34
CUST-103173,4,41.3,15.2,30,36
CUST-103174,9,40.6,14.3,63,3
CUST-103175,27,60.4,27.3,132,20
CUST-103176,19,74.1,43.2,2116,42
CUST-103177,4,14.2,13.9,46,23
CUST-103178,20,74.2,28.1,83,32
CUST-103179,3,35.3,11.3,87,45
CUST-103180,4,43.0,8.2,126,22
CUST-103181,11,10.8,8.4,149,34
CUST-103182,15,68.7,72.1,135,43
CUST-103183,20,74.1,65.9,1581,11
CUST-103184,2,10.1,20.6,82,40
CUST-103185,17,56.7,28.6,109,17
CUST-103186,25,67.1,60.8,82,23
CUST-103187,12,28.6,20.3,84,1
CUST-103188,3,13.8,10.0,58,11
CUST-103189,2,34.8,10.0,111,36
CUST-103190,22,94.4,65.8,55,37
CUST-103191,1,27.1,6.4,94,2
CUST-103192,16,90.1,90.7,56,34
CUST-103193,10,37.9,21.7,43,12
CUST-103194,9,13.9,17.1,2,15
CUST-103195,10,37.3,16.7,138,24
CUST-103196,28,61.7,76.0,54,2
CUST-103197,12,14.9,15.4,46,13
CUST-103198,18,80.7,71.3,4206,38
CUST-103199,5,30.5,8.1,22,2
CUST-103200,12,18.2,19.3,83,40
CUST-103201,19,73.8,62.4,2932,37
CUST-103202,1,25.3,7.4,23,17
CUST-103203,2,30.1,13.2,25,0
CUST-103204,14,15.6,17.4,89,18
CUST-103205,10,25.7,16.0,38,32
CUST-103206,28,62.3,72.6,3920,6
CUST-103207,23,80.1,98.9,130,17
CUST-103208,10,11.8,19.5,130,18
CUST-103209,12,10.8,21.6,60,26
CUST-103210,7,40.9,8.1,74,13
CUST-103211,2,29.2,8.7,24,19
CUST-103212,2,39.7,16.2,150,7
CUST-103213,9,21.2,18.7,120,7
CUST-103214,22,78.9,64.7,128,21
CUST-103215,13,24.0,5.3,120,29
CUST-103216,3,35.8,14.7,102,29
CUST-103217,5,11.1,15.4,35,5
CUST-103218,28,82.4,89.5,115,32
CUST-103219,13,33.6,20.7,138,31
CUST-103220,14,23.6,15.4,103,31
CUST-103221,26,88.7,89.3,5893,16
CUST-103222,26,61.3,67.5,94,41
CUST-103223,3,24.3,12.3,70,31
CUST-103224,26,74.2,38.3,93,19
CUST-103225,20,65.6,37.9,2994,15
CUST-103226,2,16.9,5.8,129,18
CUST-103227,2,11.6,13.3,137,27
CUST-103228,10,44.4,8.5,148,39
CUST-103229,7,39.0,11.5,78,12
CUST-103230,1,27.7,7.2,99,41
CUST-103231,28,89.4,56.1,897,39
CUST-103232,6,40.0,17.2,90,20
CUST-103233,17,85.5,76.1,13,28
CUST-103234,12,32.2,20.9,138,0
CUST-103235,25,50.5,95.2,2094,37
CUST-103236,24,71.3,85.8,69,0
CUST-103237,10,22.5,14.8,56,28
CUST-103238,6,12.0,15.7,69,38
CUST-103239,16,60.0,62.0,138,32
CUST-103240,24,58.8,75.3,2,16
CUST-103241,6,23.0,15.3,89,10
CUST-103242,19,71.4,89.1,44,28
CUST-103243,13,32.1,18.8,124,27
CUST-103244,17,73.8,29.1,36,8
CUST-103245,16,57.9,37.5,28,13
CUST-103246,3,34.3,11.1,149,26
CUST-103247,19,67.9,39.0,42,38
CUST-103248,21,66.7,33.6,90,34
CUST-103249,15,53.7,42.3,1903,43
CUST-103250,20,77.7,42.1,121,31
CUST-103251,17,70.9,97.5,81,30
CUST-103252,25,67.5,41.9,1466,24
CUST-103253,15,64.2,41.5,2158,22
CUST-103254,4,20.9,15.3,107,17
CUST-103255,7,21.7,19.3,133,41
CUST-103256,22,64.7,67.7,1963,41
CUST-103257,16,50.5,35.3,56,39
CUST-103258,6,44.2,9.9,80,20
CUST-103259,8,22.0,4.9,68,13
CUST-103260,3,35.1,8.5,104,13
CUST-103261,5,21.8,15.7,19,26
CUST-103262,3,15.6,9.7,120,45
CUST-103263,5,16.4,7.0,34,22
CUST-103264,11,41.6,6.6,19,27
CUST-103265,4,38.8,12.3,31,36
CUST-103266,27,93.5,58.3,5,9
CUST-103267,6,13.4,12.3,47,39
CUST-103268,28,61.0,90.8,17,4
CUST-103269,15,72.1,52.1,60,23
CUST-103270,25,54.9,65.7,4861,44
CUST-103271,10,19.4,20.5,51,25
CUST-103272,13,35.1,21.2,65,45
CUST-103273,10,36.7,9.7,146,18
CUST-103274,15,93.1,37.1,18,17
CUST-103275,26,71.2,27.0,94,9
CUST-103276,2,27.3,6.1,21,45
CUST-103277,15,87.3,51.5,2214,24
CUST-103278,26,77.6,108.1,2270,42
CUST-103279,10,32.9,6.8,53,9
CUST-103280,22,86.0,87.2,2616,24
CUST-103281,16,70.4,81.2,5359,33
CUST-103282,9,31.9,11.1,37,15
CUST-103283,6,24.2,19.2,19,28
CUST-103284,16,55.3,105.5,133,45
CUST-103285,9,37.6,7.7,149,33
CUST-103286,5,19.2,21.4,108,35
CUST-103287,29,90.5,73.7,5306,7
CUST-103288,26,61.8,68.0,5168,45
CUST-103289,13,17.5,16.4,43,24
CUST-103290,17,64.8,92.1,3868,26
CUST-103291,11,11.9,9.8,25,17
CUST-103292,2,22.1,17.7,117,5
CUST-103293,3,18.3,15.9,48,3
CUST-103294,21,60.5,29.8,81,42
CUST-103295,14,30.2,4.1,149,27
CUST-103296,8,28.7,4.9,129,28
CUST-103297,3,38.7,18.4,121,42
CUST-103298,22,65.8,56.2,35,45
CUST-103299,10,12.3,17.1,15,40
CUST-103300,12,20.9,8.5,49,28
CUST-103301,21,75.0,34.1,1943,27
CUST-103302,19,61.8,28.8,42,45
CUST-103303,1,27.6,14.4,75,19
CUST-103304,28,71.0,86.2,4913,39
CUST-103305,11,18.8,11.0,1,17
CUST-103306,4,17.1,12.5,120,16
CUST-103307,14,30.2,11.8,66,7
CUST-103308,9,38.0,9.5,141,30
CUST-103309,21,90.1,100.9,3834,34
CUST-103310,7,24.2,17.5,93,41
CUST-103311,25,66.5,40.4,67,7
CUST-103312,15,83.6,73.7,2432,0
CUST-103313,18,52.3,62.1,3974,9
CUST-103314,4,35.9,9.3,40,36
CUST-103315,1,38.7,6.3,94,14
CUST-103316,11,21.1,18.3,26,0
CUST-103317,23,93.6,71.0,4828,1
CUST-103318,27,91.4,61.5,2521,27
CUST-103319,24,59.3,102.9,1543,32
CUST-103320,19,64.2,61.0,1830,29
CUST-103321,22,86.2,46.5,36,9
CUST-103322,19,56.2,48.0,26,4
CUST-103323,1,35.4,18.6,132,25
CUST-103324,4,23.8,10.3,79,9
CUST-103325,13,43.9,5.6,126,40
CUST-103326,14,41.6,18.0,116,9
CUST-103327,9,24.4,14.5,20,31
CUST-103328,12,38.9,11.8,108,31
CUST-103329,23,74.3,51.7,4084,38
CUST-103330,3,13.4,13.2,56,27
CUST-103331,10,31.4,16.0,145,5
CUST-103332,16,62.1,101.1,110,16
CUST-103333,25,77.5,43.8,126,2
CUST-103334,29,94.1,48.4,148,30
CUST-103335,4,23.0,13.0,83,21
CUST-103336,7,17.0,20.5,138,41
CUST-103337,16,59.8,29.9,58,43
CUST-103338,25,67.4,99.6,73,24
CUST-103339,10,37.5,18.0,31,4
CUST-103340,13,33.2,13.9,26,32
CUST-103341,6,32.7,4.7,94,20
CUST-103342,1,26.9,5.1,136,17
CUST-103343,21,51.4,50.2,148,19
CUST-103344,18,59.0,97.4,21,4
CUST-103345,12,14.6,8.9,13,41
CUST-103346,12,14.9,5.7,107,29
CUST-103347,29,71.5,97.5,2535,18
CUST-103348,16,92.5,86.6,23,36
CUST-103349,9,44.4,13.9,8,12
CUST-103350,29,75.3,69.1,78,28
CUST-103351,29,55.8,107.0,8132,9
CUST-103352,15,77.9,64.6,646,21
CUST-103353,11,26.4,15.4,46,16
CUST-103354,22,65.1,37.7,72,13
CUST-103355,1,16.1,21.2,34,24
CUST-103356,24,83.0,82.4,43,30
CUST-103357,14,22.1,7.1,123,27
CUST-103358,2,30.7,15.1,75,40
CUST-103359,27,77.6,78.9,127,32
CUST-103360,7,23.0,20.7,127,21
CUST-103361,5,24.5,20.1,120,11
CUST-103362,23,83.6,30.3,27,41
CUST-103363,22,86.9,72.3,132,42
CUST-103364,1,25.4,21.1,27,27
CUST-103365,4,20.3,6.3,82,10
CUST-103366,3,29.9,6.9,72,32
CUST-103367,7,13.4,4.1,116,33
CUST-103368,27,56.9,52.7,11,27
CUST-103369,1,23.1,4.0,19,21
CUST-103370,21,85.9,51.2,563,12
CUST-103371,5,18.0,19.4,8,16
CUST-103372,29,92.9,52.8,83,29
CUST-103373,3,29.9,13.5,24,1
CUST-103374,28,90.3,70.5,75,10
CUST-103375,19,78.8,99.4,75,30
CUST-103376,25,78.9,80.8,3232,19
CUST-103377,2,44.7,8.6,89,10
CUST-103378,1,35.6,6.6,123,1
CUST-103379,4,38.4,15.2,102,34
CUST-103380,11,27.7,13.4,44,35
CUST-103381,21,66.0,89.6,54,37
CUST-103382,15,63.3,106.6,17,37
CUST-103383,29,65.0,70.6,2188,41
CUST-103384,9,11.2,21.4,10,29
CUST-103385,3,12.5,11.2,97,37
CUST-103386,11,14.8,14.2,17,19
CUST-103387,22,89.2,50.2,85,27
CUST-103388,18,73.2,101.5,2233,3
CUST-103389,11,24.3,10.7,75,13
CUST-103390,27,84.5,36.9,2804,31
CUST-103391,11,44.2,12.0,106,8
CUST-103392,28,72.9,40.4,39,38
CUST-103393,17,60.8,87.2,4970,3
CUST-103394,22,75.4,92.3,103,38
CUST-103395,16,58.0,59.0,96,8
CUST-103396,6,39.5,11.8,67,37
CUST-103397,16,81.5,94.7,132,8
CUST-103398,5,22.4,11.3,113,39
CUST-103399,18,66.2,76.2,4876,21
CUST-103400,21,54.3,61.8,73,38
CUST-103401,13,24.9,7.4,41,25
CUST-103402,27,64.7,74.3,4978,8
CUST-103403,5,23.9,7.5,67,21
CUST-103404,20,50.6,86.0,3440,9
CUST-103405,14,18.3,6.7,63,30
CUST-103406,12,14.9,19.0,45,5
CUST-103407,15,74.8,107.4,90,1
CUST-103408,10,34.2,13.3,142,7
CUST-103409,25,70.9,54.6,86,16
CUST-103410,14,40.3,19.8,122,24
CUST-103411,17,72.2,69.6,2853,9
CUST-103412,15,80.8,80.3,4898,0
CUST-103413,2,27.5,8.4,48,1
CUST-103414,2,37.2,18.7,58,28
CUST-103415,1,34.7,10.8,79,14
CUST-103416,12,45.0,12.9,73,19
CUST-103417,13,38.5,8.7,42,2
CUST-103418,3,39.1,9.8,34,3
CUST-103419,1,35.5,11.1,78,4
CUST-103420,22,76.2,78.7,2990,39
CUST-103421,6,17.0,20.7,70,7
CUST-103422,9,31.8,17.2,49,12
CUST-103423,6,14.2,6.2,29,25
CUST-103424,23,83.9,95.9,4603,27
CUST-103425,4,14.7,4.6,77,5
CUST-103426,12,40.0,4.3,26,16
CUST-103427,9,15.2,7.7,82,19
CUST-103428,24,63.8,101.4,7706,7
CUST-103429,9,36.1,8.9,40,12
CUST-103430,27,53.7,40.0,102,39
CUST-103431,20,78.0,87.5,36,4
CUST-103432,22,54.7,108.2,4328,8
CUST-103433,2,11.2,13.4,92,2
CUST-103434,20,92.0,89.9,78,45
CUST-103435,21,80.8,96.1,47,6
CUST-103436,9,25.5,14.9,66,7
CUST-103437,11,16.1,12.1,51,9
CUST-103438,24,62.8,59.5,3689,37
CUST-103439,2,33.8,15.1,21,36
CUST-103440,1,20.7,19.8,28,21
CUST-103441,3,24.9,16.9,122,25
CUST-103442,4,15.4,5.6,84,38
CUST-103443,10,15.4,18.3,78,21
CUST-103444,16,56.0,54.5,91,14
CUST-103445,29,59.2,76.3,4272,2
CUST-103446,11,29.8,9.8,91,22
CUST-103447,16,62.8,63.3,3924,13
CUST-103448,21,87.0,92.4,130,10
CUST-103449,22,87.6,75.1,14,43
CUST-103450,5,45.0,11.8,57,14
CUST-103451,13,26.9,5.4,56,36
CUST-103452,7,28.9,17.4,80,3
CUST-103453,19,60.0,65.4,3466,14
CUST-103454,7,23.3,12.7,116,5
CUST-103455,21,73.3,103.6,34,43
CUST-103456,2,30.7,16.2,135,34
CUST-103457,4,35.8,19.2,23,30
CUST-103458,27,53.9,63.5,59,21
CUST-103459,12,31.1,15.6,103,3
CUST-103460,24,54.9,46.8,52,39
CUST-103461,7,30.1,15.1,99,21
CUST-103462,4,11.3,8.3,138,11
CUST-103463,6,36.5,16.7,104,21
CUST-103464,27,70.0,105.5,4325,26
CUST-103465,15,91.5,92.4,91,26
CUST-103466,11,29.4,16.4,11,27
CUST-103467,20,79.4,47.1,147,27
CUST-103468,28,61.4,65.6,1639,23
CUST-103469,13,37.8,5.0,14,44
CUST-103470,25,61.8,35.5,2840,24
CUST-103471,8,31.3,21.2,144,45
CUST-103472,3,40.1,9.0,82,1
CUST-103473,23,63.9,84.5,8,18
CUST-103474,2,15.9,14.1,103,37
CUST-103475,1,39.9,9.2,27,15
CUST-103476,29,91.0,29.3,84,21
CUST-103477,19,63.7,50.6,2378,37
CUST-103478,4,33.9,6.4,9,12
CUST-103479,14,19.1,18.4,8,6
CUST-103480,4,28.6,17.8,31,37
CUST-103481,24,61.8,52.7,87,31
CUST-103482,8,36.3,5.3,128,26
CUST-103483,7,16.1,14.2,40,38
CUST-103484,7,19.5,6.0,137,41
CUST-103485,16,64.4,67.6,36,29
CUST-103486,29,55.0,101.6,3454,14
CUST-103487,3,11.2,21.6,89,4
CUST-103488,22,81.3,93.8,24,1
CUST-103489,21,53.7,93.8,106,6
CUST-103490,12,28.0,6.6,93,16
CUST-103491,1,30.2,8.3,64,30
CUST-103492,14,30.9,5.5,58,4
CUST-103493,14,36.4,7.5,59,44
CUST-103494,2,35.5,16.2,92,2
CUST-103495,14,31.6,14.9,128,42
CUST-103496,11,26.3,6.6,27,21
CUST-103497,11,38.1,11.4,40,28
CUST-103498,15,50.7,83.2,3827,34
CUST-103499,9,40.5,11.2,79,11
CUST-103500,6,26.2,14.5,28,18
CUST-103501,20,69.4,33.0,139,38
CUST-103502,11,35.4,6.6,116,43
CUST-103503,20,54.2,109.6,8768,16
CUST-103504,14,30.7,7.2,92,0
CUST-103505,27,78.6,35.4,85,40
CUST-103506,13,30.8,17.2,145,8
CUST-103507,6,18.2,21.9,94,35
CUST-103508,22,66.9,44.9,14,41
CUST-103509,28,85.4,107.3,3111,19
CUST-103510,8,34.3,16.0,84,18
CUST-103511,1,44.2,5.3,96,13
CUST-103512,1,17.0,4.3,112,14
CUST-103513,14,26.1,18.7,122,23
CUST-103514,20,59.5,37.8,23,13
CUST-103515,8,20.7,11.6,67,14
CUST-103516,26,68.8,30.3,28,0
CUST-103517,26,76.3,51.7,83,21
CUST-103518,7,33.6,15.7,11,18
CUST-103519,11,36.4,18.1,27,18
CUST-103520,11,42.9,6.2,54,29
CUST-103521,22,53.0,48.2,1735,37
CUST-103522,12,30.2,14.7,135,8
CUST-103523,5,18.4,8.8,36,44
CUST-103524,10,38.0,13.0,74,36
CUST-103525,1,26.0,16.4,50,29
CUST-103526,27,60.0,67.3,42,34
CUST-103527,27,66.3,96.6,85,29
CUST-103528,1,23.3,20.9,69,3
CUST-103529,11,20.7,12.6,9,24
CUST-103530,12,13.5,11.3,31,10
CUST-103531,2,29.5,10.1,32,16
CUST-103532,1,27.4,21.6,37,33
CUST-103533,4,33.8,20.6,98,12
CUST-103534,6,22.0,20.1,82,0
CUST-103535,2,38.9,7.7,13,16
CUST-103536,22,67.0,101.4,2636,13
CUST-103537,26,83.4,76.5,1300,33
CUST-103538,6,12.1,10.7,74,27
CUST-103539,26,60.5,51.5,24,42
CUST-103540,10,35.8,6.7,95,38
CUST-103541,10,24.6,7.6,58,1
CUST-103542,29,53.9,104.1,8,2
CUST-103543,3,19.7,4.5,69,38
CUST-103544,6,44.5,5.6,84,18
CUST-103545,3,26.2,10.1,15,44
CUST-103546,19,85.1,80.5,4588,7
CUST-103547,11,20.5,10.1,77,0
CUST-103548,13,41.3,14.9,25,42
CUST-103549,29,62.7,67.6,45,32
CUST-103550,17,72.6,95.8,80,0
CUST-103551,10,30.3,19.1,61,30
CUST-103552,25,50.7,76.3,4730,32
CUST-103553,23,57.3,42.1,67,43
CUST-103554,19,89.1,86.1,6801,4
CUST-103555,6,39.2,10.2,95,23
CUST-103556,11,39.8,12.7,114,3
CUST-103557,3,17.9,16.3,47,29
CUST-103558,8,36.7,18.0,56,17
CUST-103559,15,91.5,28.5,136,42
CUST-103560,6,43.5,10.9,13,24
CUST-103561,23,82.1,100.1,7007,40
CUST-103562,14,14.4,7.9,150,5
CUST-103563,20,63.0,68.7,2061,22
CUST-103564,12,11.2,17.1,90,13
CUST-103565,1,27.5,13.1,136,29
CUST-103566,2,18.1,21.5,5,30
CUST-103567,8,25.5,10.1,136,0
CUST-103568,27,54.1,32.7,1242,6
CUST-103569,11,10.5,7.0,111,44
CUST-103570,22,92.8,31.1,96,1
CUST-103571,19,57.3,28.4,82,5
CUST-103572,3,22.1,15.9,5,6
CUST-103573,10,37.0,5.2,27,21
CUST-103574,2,18.8,4.9,56,31
CUST-103575,8,41.2,9.7,73,38
CUST-103576,18,55.1,46.6,60,7
CUST-103577,25,59.8,78.2,3988,5
CUST-103578,27,69.1,41.5,1452,9
CUST-103579,11,41.8,9.5,78,10
CUST-103580,8,32.0,21.8,134,43
CUST-103581,29,72.0,94.8,1422,5
CUST-103582,24,76.6,55.1,1928,9
CUST-103583,11,11.5,9.5,65,23
CUST-103584,8,26.4,13.5,141,2
CUST-103585,23,61.8,78.5,4710,5
CUST-103586,13,44.9,9.1,150,31
CUST-103587,24,67.9,47.6,1666,38
CUST-103588,7,23.3,4.7,115,7
CUST-103589,12,43.6,19.4,53,25
CUST-103590,28,87.4,81.2,2192,15
CUST-103591,22,87.0,68.7,72,27
CUST-103592,4,44.3,12.2,85,24
CUST-103593,4,38.2,13.0,148,35
CUST-103594,4,33.2,15.0,23,24
CUST-103595,5,35.1,15.3,33,44
CUST-103596,6,27.8,20.8,69,30
CUST-103597,28,94.6,80.8,4363,1
CUST-103598,9,19.6,9.8,122,45
CUST-103599,3,24.4,16.6,120,41
CUST-103600,23,89.7,92.1,31,25
CUST-103601,15,61.1,45.2,2892,24
CUST-103602,18,63.5,99.1,133,7
CUST-103603,26,84.0,47.1,138,2
CUST-103604,22,60.4,57.9,26,11
CUST-103605,10,28.5,7.6,56,24
CUST-103606,4,44.7,19.9,56,19
CUST-103607,24,84.5,59.7,3104,3
CUST-103608,13,40.6,5.7,130,17
CUST-103609,15,82.3,38.2,59,38
CUST-103610,12,35.0,15.8,9,36
CUST-103611,13,38.0,21.8,62,1
CUST-103612,24,69.2,62.3,118,17
CUST-103613,14,27.9,4.6,70,32
CUST-103614,2,18.7,13.3,124,22
CUST-103615,19,58.0,32.0,84,1
CUST-103616,13,37.3,20.8,0,20
CUST-103617,27,54.9,51.8,142,35
CUST-103618,4,22.7,11.5,24,15
CUST-103619,28,63.3,75.9,80,9
CUST-103620,11,21.2,5.2,115,13
CUST-103621,28,68.0,46.9,2532,34
CUST-103622,23,64.8,68.1,73,5
CUST-103623,4,44.3,10.7,58,30
CUST-103624,7,10.4,16.6,148,19
CUST-103625,21,88.7,80.8,2585,38
CUST-103626,6,38.9,10.5,5,44
CUST-103627,7,33.3,6.3,88,4
CUST-103628,12,42.1,9.8,62,35
CUST-103629,14,10.3,18.8,21,13
CUST-103630,23,66.9,103.5,6417,6
CUST-103631,14,13.2,10.4,75,31
CUST-103632,8,18.7,20.4,17,3
CUST-103633,4,14.5,7.1,79,32
CUST-103634,2,13.4,20.5,5,7
CUST-103635,5,33.6,21.0,83,14
CUST-103636,25,82.0,48.6,1506,34
CUST-103637,23,58.8,90.4,3796,21
CUST-103638,22,75.2,93.4,7005,21
CUST-103639,18,79.0,80.1,132,45
CUST-103640,8,20.4,21.5,150,40
CUST-103641,1,18.6,11.9,64,23
CUST-103642,14,38.3,9.7,109,34
CUST-103643,5,20.4,21.3,41,21
CUST-103644,27,82.4,58.0,4176,30
CUST-103645,4,10.5,4.2,39,17
CUST-103646,1,12.1,18.1,112,40
CUST-103647,7,37.7,13.5,14,43
CUST-103648,4,28.8,13.3,137,25
CUST-103649,18,84.8,64.1,705,0
CUST-103650,10,30.1,5.8,31,11
CUST-103651,5,37.9,17.0,149,21
CUST-103652,13,18.4,17.0,50,24
CUST-103653,2,16.4,16.1,88,13
CUST-103654,3,34.8,14.8,69,25
CUST-103655,9,23.6,10.2,134,11
CUST-103656,4,33.6,19.0,95,18
CUST-103657,22,58.1,43.5,913,44
CUST-103658,10,21.6,11.2,148,25
CUST-103659,2,33.7,18.5,26,37
CUST-103660,20,91.1,64.3,91,3
CUST-103661,17,81.8,64.3,1414,24
CUST-103662,5,27.0,11.6,35,27
CUST-103663,24,75.4,76.1,145,43
CUST-103664,13,40.5,7.3,24,12
CUST-103665,4,35.9,8.3,102,3
CUST-103666,7,44.0,7.0,76,16
CUST-103667,4,26.7,16.0,65,9
CUST-103668,18,75.0,86.8,6076,30
CUST-103669,4,24.2,19.0,29,3
CUST-103670,22,67.2,109.4,144,5
CUST-103671,14,43.8,5.1,58,2
CUST-103672,7,41.9,19.3,128,11
CUST-103673,8,20.9,6.7,68,17
CUST-103674,7,44.7,12.8,33,30
CUST-103675,7,43.7,14.7,13,29
CUST-103676,21,67.1,95.3,26,23
CUST-103677,29,70.1,33.4,37,1
CUST-103678,1,43.6,14.8,101,16
CUST-103679,6,38.6,11.0,62,2
CUST-103680,19,80.5,45.7,71,22
CUST-103681,14,32.8,5.3,30,8
CUST-103682,15,91.9,25.8,283,5
CUST-103683,7,36.7,18.9,25,16
CUST-103684,28,88.7,98.2,14,1
CUST-103685,24,91.1,30.3,13,23
CUST-103686,19,78.2,28.4,1306,11
CUST-103687,6,23.6,20.5,56,2
CUST-103688,28,89.9,103.8,5812,41
CUST-103689,12,33.3,4.6,113,22
CUST-103690,21,88.7,82.6,148,8
CUST-103691,13,36.0,15.0,147,24
CUST-103692,16,65.4,77.9,30,20
CUST-103693,24,62.4,51.0,765,26
CUST-103694,26,77.6,97.7,105,3
CUST-103695,27,61.0,32.6,96,3
CUST-103696,11,14.4,5.2,121,27
CUST-103697,20,87.2,87.9,5274,27
CUST-103698,2,43.4,5.4,127,11
CUST-103699,12,10.9,7.7,67,15
CUST-103700,14,40.8,11.3,113,27
CUST-103701,24,89.6,50.2,1656,10
CUST-103702,23,66.7,45.5,1911,13
CUST-103703,17,89.2,100.3,107,18
CUST-103704,14,19.6,16.1,76,12
CUST-103705,2,38.8,18.1,75,9
CUST-103706,8,39.3,14.5,2,20
CUST-103707,28,68.4,26.4,1531,32
CUST-103708,26,58.8,34.3,2195,39
CUST-103709,23,91.7,27.2,24,23
CUST-103710,20,68.8,76.0,3344,16
CUST-103711,22,52.3,100.9,124,28
CUST-103712,1,23.0,5.0,28,3
CUST-103713,1,35.4,20.6,25,30
CUST-103714,2,12.1,12.3,73,35
CUST-103715,28,90.7,64.2,16,30
CUST-103716,27,88.6,33.2,1593,34
CUST-103717,22,61.6,91.8,63,6
CUST-103718,26,53.3,96.2,7503,33
CUST-103719,1,35.9,6.1,86,36
CUST-103720,13,36.8,13.2,112,19
CUST-103721,19,56.5,39.9,12,26
CUST-103722,7,38.2,21.9,35,0
CUST-103723,9,38.5,18.8,22,35
CUST-103724,10,42.8,7.0,132,34
CUST-103725,4,17.9,15.6,108,23
CUST-103726,3,35.3,20.6,101,14
CUST-103727,16,89.5,47.8,125,27
CUST-103728,27,87.2,70.3,125,28
CUST-103729,8,14.3,17.2,31,5
CUST-103730,15,72.7,98.5,76,26
CUST-103731,6,26.9,14.9,87,7
CUST-103732,27,89.5,99.5,2189,15
CUST-103733,14,33.9,11.0,5,8
CUST-103734,5,21.4,13.0,33,33
CUST-103735,18,59.7,105.0,2100,25
CUST-103736,19,69.6,86.4,99,20
CUST-103737,17,89.9,38.8,136,1
CUST-103738,11,30.9,8.8,149,30
CUST-103739,21,93.5,78.8,1,17
CUST-103740,27,62.5,26.8,857,37
CUST-103741,14,22.7,17.8,107,27
CUST-103742,5,42.3,20.2,139,27
CUST-103743,8,20.2,14.5,114,18
CUST-103744,16,72.3,27.5,78,20
CUST-103745,19,54.5,108.6,1954,45
CUST-103746,14,29.1,10.9,29,24
CUST-103747,3,24.5,20.5,39,12
CUST-103748,11,36.6,8.8,117,39
CUST-103749,4,17.9,20.8,78,33
CUST-103750,23,89.9,55.9,3074,13
CUST-103751,17,79.3,98.7,4836,24
CUST-103752,3,41.4,9.3,54,25
CUST-103753,17,85.1,64.9,63,19
CUST-103754,24,92.8,106.6,8528,5
CUST-103755,20,77.5,33.9,136,14
CUST-103756,21,51.1,54.1,47,40
CUST-103757,12,43.3,20.8,110,15
CUST-103758,14,39.6,15.7,138,26
CUST-103759,19,71.1,63.7,36,35
CUST-103760,18,92.7,96.2,55,28
CUST-103761,3,15.3,19.3,19,5
CUST-103762,20,87.7,26.7,77,33
CUST-103763,20,89.3,77.1,115,26
CUST-103764,25,68.5,73.4,131,9
CUST-103765,1,17.2,17.2,55,41
CUST-103766,23,73.4,47.6,73,31
CUST-103767,6,10.0,10.9,12,26
CUST-103768,7,27.1,15.7,69,38
CUST-103769,21,72.9,37.0,49,1
CUST-103770,14,32.4,16.7,71,16
CUST-103771,7,11.6,19.7,144,23
CUST-103772,9,31.9,20.3,127,37
CUST-103773,9,16.6,4.9,52,39
CUST-103774,24,55.4,33.4,1202,0
CUST-103775,12,25.8,8.2,12,44
CUST-103776,13,31.7,4.5,77,37
CUST-103777,29,73.7,28.9,146,16
CUST-103778,10,10.7,19.7,146,33
CUST-103779,27,90.7,42.0,1218,19
CUST-103780,18,63.6,46.8,105,3
CUST-103781,13,24.8,6.7,121,39
CUST-103782,20,73.6,64.9,1233,45
CUST-103783,13,43.6,15.8,94,33
CUST-103784,8,23.5,6.0,111,8
CUST-103785,26,72.5,60.3,2170,43
CUST-103786,26,67.8,31.7,2314,32
CUST-103787,18,87.2,86.9,65,26
CUST-103788,15,52.4,46.3,91,29
CUST-103789,9,38.4,19.9,89,40
CUST-103790,12,34.3,9.2,33,14
CUST-103791,9,27.0,13.1,62,27
CUST-103792,10,20.2,14.3,48,22
CUST-103793,11,31.2,19.0,9,10
CUST-103794,5,25.1,20.4,47,29
CUST-103795,8,40.0,12.9,144,38
CUST-103796,21,54.1,82.6,124,37
CUST-103797,1,18.8,5.9,139,14
CUST-103798,24,90.8,27.5,117,29
CUST-103799,4,41.6,11.7,65,0
CUST-103800,28,91.3,46.5,976,26
CUST-103801,6,18.0,16.5,122,41
CUST-103802,9,41.3,7.2,7,39
CUST-103803,8,29.1,21.6,123,28
CUST-103804,11,21.2,18.9,51,29
CUST-103805,5,10.7,21.8,33,8
CUST-103806,9,36.1,12.7,141,8
CUST-103807,7,14.4,7.2,124,4
CUST-103808,6,25.9,21.2,101,45
CUST-103809,15,74.1,83.1,75,13
CUST-103810,12,22.2,4.9,116,2
CUST-103811,10,17.3,16.0,66,22
CUST-103812,29,70.5,75.9,2504,44
CUST-103813,10,19.0,20.7,90,27
CUST-103814,9,15.4,7.9,57,12
CUST-103815,16,65.2,60.2,2408,12
CUST-103816,17,57.2,52.5,945,15
CUST-103817,6,24.4,17.2,12,42
CUST-103818,7,37.6,6.1,80,10
CUST-103819,14,22.3,7.4,46,26
CUST-103820,5,42.7,4.3,55,38
CUST-103821,13,41.0,10.0,61,5
CUST-103822,24,53.1,92.9,2229,45
CUST-103823,29,68.3,61.8,988,43
CUST-103824,14,19.1,20.7,52,39
CUST-103825,10,11.1,15.6,34,38
CUST-103826,24,92.2,99.8,4,24
CUST-103827,1,12.5,14.7,144,10
CUST-103828,15,58.3,80.3,112,0
CUST-103829,25,66.8,56.9,69,27
CUST-103830,1,37.2,7.9,56,35
CUST-103831,10,36.2,9.0,83,37
CUST-103832,11,42.9,7.4,35,38
CUST-103833,12,34.9,15.8,120,22
CUST-103834,8,38.1,5.4,79,32
CUST-103835,9,41.8,5.2,140,45
CUST-103836,14,31.1,9.2,134,13
CUST-103837,14,43.1,14.4,48,14
CUST-103838,7,13.6,5.1,53,31
CUST-103839,25,82.9,74.5,44,31
CUST-103840,12,12.2,20.8,131,21
CUST-103841,10,10.3,7.5,31,33
CUST-103842,8,13.6,20.4,83,20
CUST-103843,6,27.3,16.4,125,10
CUST-103844,23,87.2,47.9,574,31
CUST-103845,5,10.2,11.8,23,20
CUST-103846,29,59.7,77.0,4389,25
CUST-103847,3,39.5,21.0,131,30
CUST-103848,14,23.2,7.6,24,11
CUST-103849,4,13.3,16.8,122,34
CUST-103850,9,12.9,14.9,136,4
CUST-103851,13,14.5,7.2,90,37
CUST-103852,5,43.2,10.5,33,26
CUST-103853,20,71.7,52.6,148,15
CUST-103854,24,51.0,28.8,19,35
CUST-103855,14,36.1,20.8,1,7
CUST-103856,2,42.7,12.6,130,0
CUST-103857,2,10.4,10.7,145,42
CUST-103858,27,92.7,101.2,15,15
CUST-103859,1,16.5,17.6,110,6
CUST-103860,5,35.5,8.2,65,41
CUST-103861,11,12.0,12.4,133,31
CUST-103862,25,93.8,96.1,7688,13
CUST-103863,27,90.8,50.8,114,24
CUST-103864,10,17.2,14.6,141,44
CUST-103865,1,19.3,12.2,30,32
CUST-103866,17,89.0,89.5,22,16
CUST-103867,22,57.6,107.2,6324,39
CUST-103868,17,64.7,106.8,89,4
CUST-103869,14,36.6,18.3,49,34
CUST-103870,5,23.5,10.1,111,43
CUST-103871,6,29.9,8.9,52,30
CUST-103872,20,73.1,63.9,124,41
CUST-103873,4,23.2,17.5,125,39
CUST-103874,4,34.0,20.3,141,6
CUST-103875,1,25.9,16.0,116,31
CUST-103876,16,71.1,92.7,3708,37
CUST-103877,1,19.5,18.2,100,19
CUST-103878,14,34.1,5.3,27,34
CUST-103879,9,37.3,15.8,130,14
CUST-103880,6,23.4,16.7,20,19
CUST-103881,9,23.7,20.9,24,11
CUST-103882,2,29.8,14.5,145,28
CUST-103883,20,91.6,70.2,143,5
CUST-103884,18,82.9,72.1,3965,16
CUST-103885,5,24.5,5.8,132,21
CUST-103886,3,36.7,4.1,129,30
CUST-103887,8,33.8,5.3,35,39
CUST-103888,7,33.4,22.0,112,32
CUST-103889,19,90.4,64.4,1352,13
CUST-103890,17,60.5,97.1,38,18
CUST-103891,10,36.5,12.2,86,5
CUST-103892,9,27.8,15.2,43,6
CUST-103893,12,11.8,4.0,65,11
CUST-103894,28,77.8,104.9,127,3
CUST-103895,14,42.2,13.5,69,37
CUST-103896,12,31.7,16.4,95,25
CUST-103897,4,30.0,4.2,132,5
CUST-103898,5,13.0,16.1,74,17
CUST-103899,4,24.8,15.5,88,21
CUST-103900,4,20.7,6.9,2,23
CUST-103901,4,43.0,15.9,78,22
CUST-103902,5,16.0,15.3,39,36
CUST-103903,3,13.6,11.9,102,31
CUST-103904,27,65.7,79.2,3484,33
CUST-103905,23,85.1,62.2,3296,35
CUST-103906,28,58.4,40.8,408,21
CUST-103907,5,37.1,8.2,50,7
CUST-103908,10,21.4,21.7,106,44
CUST-103909,25,85.1,66.6,3596,39
CUST-103910,22,68.2,74.0,130,33
CUST-103911,12,21.9,10.2,25,44
CUST-103912,24,78.6,39.1,90,30
CUST-103913,4,34.5,15.6,76,32
CUST-103914,17,76.4,60.6,90,24
CUST-103915,18,63.8,80.5,2093,39
CUST-103916,7,29.0,8.9,127,36
CUST-103917,19,72.7,37.2,136,31
CUST-103918,15,69.4,26.3,139,11
CUST-103919,8,39.3,11.8,48,37
CUST-103920,6,23.5,17.2,28,22
CUST-103921,11,44.2,4.5,129,38
CUST-103922,8,26.3,16.9,30,3
CUST-103923,17,62.0,64.7,137,30
CUST-103924,6,28.5,16.2,23,25
CUST-103925,1,31.8,12.9,50,14
CUST-103926,26,54.2,96.8,3872,8
CUST-103927,25,85.6,82.4,47,42
CUST-103928,3,10.8,15.2,7,26
CUST-103929,2,44.0,20.5,128,19
CUST-103930,26,78.6,36.9,2103,36
CUST-103931,8,29.5,13.3,37,22
CUST-103932,28,94.4,98.9,44,29
CUST-103933,4,40.4,4.6,0,38
CUST-103934,18,69.1,81.0,85,7
CUST-103935,1,23.6,5.6,55,22
CUST-103936,11,33.0,20.2,70,19
CUST-103937,18,78.9,44.2,62,29
CUST-103938,15,62.9,67.0,737,1
CUST-103939,28,68.6,103.2,96,6
CUST-103940,27,78.5,27.5,31,20
CUST-103941,22,75.7,92.3,138,37
CUST-103942,3,21.7,17.9,44,18
CUST-103943,15,61.8,35.2,50,16
CUST-103944,18,94.9,43.3,144,28
CUST-103945,11,44.5,16.4,82,23
CUST-103946,19,79.2,100.6,116,36
CUST-103947,10,32.6,7.3,97,24
CUST-103948,6,29.6,21.2,68,23
CUST-103949,14,21.9,17.2,45,2
CUST-103950,10,34.9,9.5,2,36
CUST-103951,4,24.0,18.5,0,19
CUST-103952,11,28.3,8.9,34,10
CUST-103953,3,37.8,10.1,111,9
CUST-103954,13,36.2,4.7,46,2
CUST-103955,19,87.3,82.2,45,25
CUST-103956,6,12.0,7.4,107,41
CUST-103957,9,36.8,19.0,40,36
CUST-103958,23,53.7,67.3,3768,32
CUST-103959,12,35.2,17.3,19,19
CUST-103960,18,84.9,59.0,61,36
CUST-103961,11,31.9,10.2,9,38
CUST-103962,6,43.3,5.5,137,39
CUST-103963,10,39.1,13.4,72,29
CUST-103964,16,70.6,35.8,77,8
CUST-103965,2,14.6,7.4,145,18
CUST-103966,9,44.2,6.3,114,5
CUST-103967,2,36.4,15.7,64,29
CUST-103968,15,59.4,106.9,6093,30
CUST-103969,7,22.0,13.8,41,31
CUST-103970,10,25.3,8.2,15,34
CUST-103971,4,11.2,14.3,21,41
CUST-103972,20,57.8,108.2,3354,32
CUST-103973,19,87.3,44.3,147,28
CUST-103974,22,70.0,75.0,4050,22
CUST-103975,29,64.7,109.1,145,18
CUST-103976,26,68.9,52.7,41,16
CUST-103977,16,83.0,56.2,145,26
CUST-103978,4,14.7,13.2,79,19
CUST-103979,10,13.4,19.6,6,4
CUST-103980,22,56.8,37.1,1780,36
CUST-103981,6,30.8,13.9,94,3
CUST-103982,10,26.7,13.6,72,33
CUST-103983,6,26.1,16.1,9,26
CUST-103984,16,67.8,81.2,122,30
CUST-103985,20,54.3,30.2,113,41
CUST-103986,19,55.7,51.2,31,36
CUST-103987,14,22.4,16.5,118,21
CUST-103988,3,24.4,13.1,111,39
CUST-103989,11,29.3,19.8,139,21
CUST-103990,22,61.6,98.9,113,15
CUST-103991,17,84.0,107.6,3335,24
CUST-103992,19,89.7,36.0,1548,25
CUST-103993,13,29.1,20.9,116,27
CUST-103994,27,76.7,78.1,3358,6
CUST-103995,10,37.3,16.1,63,4
CUST-103996,29,54.7,102.6,5027,11
CUST-103997,9,12.6,19.5,122,28
CUST-103998,12,17.5,8.7,82,9
CUST-103999,22,90.1,29.2,115,8
CUST-104000,22,88.5,91.5,10,10
CUST-104001,2,18.1,11.3,98,28
CUST-104002,29,93.9,28.6,122,24
CUST-104003,21,91.0,32.2,128,41
CUST-104004,14,10.8,5.9,85,28
CUST-104005,19,56.7,27.5,1210,45
CUST-104006,6,16.0,18.3,35,20
CUST-104007,18,85.9,89.0,100,2
CUST-104008,3,44.5,14.1,134,39
CUST-104009,16,75.4,62.5,99,18
CUST-104010,4,35.9,15.2,76,14
CUST-104011,12,11.7,9.6,66,24
CUST-104012,24,58.5,102.0,122,16
CUST-104013,29,85.2,79.9,2397,43
CUST-104014,21,61.3,29.6,769,39
CUST-104015,15,94.5,74.3,2,18
CUST-104016,6,22.2,17.0,96,9
CUST-104017,12,30.5,14.6,20,18
CUST-104018,13,35.9,21.0,16,10
CUST-104019,10,31.7,15.3,150,3
CUST-104020,27,77.3,39.4,141,17
CUST-104021,26,63.4,73.1,731,30
CUST-104022,1,28.3,21.3,10,25
CUST-104023,13,24.1,17.8,57,32
CUST-104024,6,22.7,15.1,51,24
CUST-104025,2,26.4,6.3,33,32
CUST-104026,27,72.4,106.4,106,18
CUST-104027,26,83.3,35.8,78,9
CUST-104028,5,33.6,19.5,116,44
CUST-104029,29,91.5,103.9,47,44
CUST-104030,2,16.6,7.3,75,42
CUST-104031,9,31.3,9.6,58,3
CUST-104032,25,82.1,75.9,1669,31
CUST-104033,11,18.2,15.5,39,18
CUST-104034,23,60.1,90.5,62,39
CUST-104035,17,86.5,93.3,933,29
CUST-104036,23,79.4,104.3,115,17
CUST-104037,9,23.6,15.0,105,6
CUST-104038,14,38.7,15.1,44,24
CUST-104039,3,32.6,11.6,131,0
CUST-104040,12,32.8,21.0,57,29
CUST-104041,28,73.4,50.4,2419,19
CUST-104042,20,76.3,37.6,99,41
CUST-104043,18,79.3,97.3,70,31
CUST-104044,11,11.3,22.0,94,13
CUST-104045,5,20.7,9.1,43,43
CUST-104046,5,37.7,19.6,31,22
CUST-104047,13,19.0,6.8,136,9
CUST-104048,27,70.1,78.3,4384,36
CUST-104049,24,80.2,84.8,5088,27
CUST-104050,14,30.2,4.3,16,25
CUST-104051,21,70.4,35.2,108,28
CUST-104052,11,20.8,7.4,144,11
CUST-104053,5,41.3,15.6,80,19
CUST-104054,9,44.7,7.9,92,10
CUST-104055,5,40.2,17.4,60,3
CUST-104056,18,54.6,25.9,40,1
CUST-104057,3,28.6,6.8,86,38
CUST-104058,10,25.8,7.7,91,5
CUST-104059,26,53.9,67.9,1629,40
CUST-104060,6,22.3,13.3,92,23
CUST-104061,4,30.3,18.6,68,41
CUST-104062,15,55.6,52.6,146,26
CUST-104063,14,28.9,15.1,77,1
CUST-104064,1,14.4,8.6,122,18
CUST-104065,12,24.8,14.1,70,22
CUST-104066,15,79.9,74.7,135,25
CUST-104067,8,38.8,19.4,85,43
CUST-104068,12,39.5,5.4,101,14
CUST-104069,3,39.6,21.5,93,39
CUST-104070,4,32.6,19.0,104,15
CUST-104071,12,29.4,5.2,8,12
CUST-104072,28,78.3,48.8,13,44
CUST-104073,7,17.0,11.2,20,18
CUST-104074,9,44.1,19.3,149,15
CUST-104075,29,90.5,29.4,25,11
CUST-104076,24,79.8,62.3,3426,36
CUST-104077,7,22.0,19.0,111,34
CUST-104078,5,25.1,12.1,136,15
CUST-104079,29,74.8,57.3,4412,35
CUST-104080,4,25.9,13.7,108,27
CUST-104081,17,56.3,64.2,102,44
CUST-104082,2,29.7,16.7,92,19
CUST-104083,19,88.9,55.3,56,19
CUST-104084,12,34.5,6.9,138,31
CUST-104085,18,79.2,100.2,4909,43
CUST-104086,19,82.2,37.2,43,15
CUST-104087,19,93.4,76.8,67,34
CUST-104088,6,14.4,9.6,21,15
CUST-104089,22,74.1,101.5,48,1
CUST-104090,17,59.7,79.8,2473,3
CUST-104091,11,21.2,17.8,149,44
CUST-104092,12,19.3,16.0,28,21
CUST-104093,4,42.7,5.1,102,24
CUST-104094,2,28.0,6.4,39,30
CUST-104095,29,80.1,42.4,1823,33
CUST-104096,16,68.4,66.6,51,44
CUST-104097,26,83.2,42.9,44,35
CUST-104098,17,54.8,92.5,3792,32
CUST-104099,7,42.1,15.0,83,11
CUST-104100,23,67.9,105.0,4935,37
CUST-104101,7,17.2,4.2,115,31
CUST-104102,24,82.5,61.8,4078,12
CUST-104103,24,57.5,33.2,1593,4
CUST-104104,9,28.4,4.5,97,4
CUST-104105,20,51.8,46.1,44,44
CUST-104106,17,87.2,56.6,3792,19
CUST-104107,6,42.7,9.2,112,34
CUST-104108,13,39.8,12.2,58,39
CUST-104109,7,15.5,16.7,29,45
CUST-104110,3,37.1,14.0,134,15
CUST-104111,8,33.2,18.4,94,31
CUST-104112,7,43.9,13.9,123,3
CUST-104113,13,30.2,18.1,5,40
CUST-104114,17,62.4,103.5,4450,3
CUST-104115,26,55.2,94.0,30,32
CUST-104116,11,20.7,13.5,131,1
CUST-104117,3,44.6,4.9,96,13
CUST-104118,2,23.0,11.6,45,29
CUST-104119,1,19.8,7.9,68,9
CUST-104120,26,61.8,34.4,1548,26
CUST-104121,25,67.2,92.1,20,35
CUST-104122,7,17.4,9.9,53,13
CUST-104123,12,37.4,10.4,44,3
CUST-104124,21,77.6,67.7,1,5
CUST-104125,26,92.7,105.7,4862,36
CUST-104126,4,30.1,17.1,19,41
CUST-104127,14,26.8,5.6,109,31
CUST-104128,19,79.3,52.7,579,23
CUST-104129,28,84.6,99.2,5753,9
CUST-104130,29,66.4,29.5,103,28
CUST-104131,3,19.4,7.2,142,30
CUST-104132,7,26.5,18.4,83,12
CUST-104133,17,77.7,34.8,939,22
CUST-104134,7,33.6,4.7,85,5
CUST-104135,3,10.1,4.9,134,21
CUST-104136,15,76.1,85.0,77,8
CUST-104137,1,30.7,19.7,75,10
CUST-104138,13,36.9,8.5,128,29
CUST-104139,3,18.9,9.3,16,35
CUST-104140,9,33.9,5.7,7,30
CUST-104141,12,30.5,8.5,115,25
CUST-104142,20,74.6,84.7,99,7
CUST-104143,25,54.5,41.0,145,11
CUST-104144,10,12.5,20.6,93,45
CUST-104145,8,10.5,19.8,72,27
CUST-104146,2,38.2,4.9,75,12
CUST-104147,14,33.5,19.0,138,20
CUST-104148,7,24.0,7.7,70,15
CUST-104149,9,33.7,19.6,114,45
CUST-104150,14,31.9,19.5,119,11
CUST-104151,10,32.0,18.4,3,43
CUST-104152,9,32.7,20.9,32,2
CUST-104153,19,94.3,65.1,43,9
CUST-104154,12,31.8,9.2,133,22
CUST-104155,18,94.3,47.7,148,15
CUST-104156,18,86.1,63.5,95,41
CUST-104157,19,77.6,74.8,1271,10
CUST-104158,29,81.2,69.4,67,39
CUST-104159,13,27.1,20.4,88,35
CUST-104160,17,75.6,63.5,5016,18
CUST-104161,19,89.3,96.8,62,38
CUST-104162,25,74.7,86.6,119,17
CUST-104163,14,38.9,8.8,31,13
CUST-104164,23,81.7,49.4,3507,31
CUST-104165,14,16.9,10.1,92,18
CUST-104166,13,22.7,19.3,92,0
CUST-104167,1,41.1,6.3,81,44
CUST-104168,6,14.8,16.6,62,18
CUST-104169,14,28.6,12.3,102,2
CUST-104170,26,77.8,48.2,107,35
CUST-104171,4,12.2,18.0,32,11
CUST-104172,8,21.3,11.3,134,5
CUST-104173,29,86.2,33.7,98,17
CUST-104174,21,60.6,44.2,2,14
CUST-104175,5,36.0,14.3,134,23
CUST-104176,3,25.9,13.6,28,44
CUST-104177,10,37.7,9.7,117,22
CUST-104178,25,89.9,59.4,32,1
CUST-104179,16,78.8,63.2,148,27
CUST-104180,5,42.8,6.1,121,24
CUST-104181,22,50.5,40.8,2692,14
CUST-104182,18,58.1,108.8,43,9
CUST-104183,27,62.7,106.2,6053,14
CUST-104184,15,61.3,102.7,4210,38
CUST-104185,27,84.2,82.1,1477,4
CUST-104186,18,77.5,62.8,95,23
CUST-104187,3,44.2,12.2,11,40
CUST-104188,10,15.2,19.9,49,1
CUST-104189,4,32.1,18.6,147,7
CUST-104190,13,28.6,15.6,52,11
CUST-104191,11,25.5,20.6,61,14
CUST-104192,23,72.0,84.7,127,43
CUST-104193,17,84.3,41.7,2960,34
CUST-104194,27,71.0,77.0,3850,18
CUST-104195,20,88.3,94.1,6,37
CUST-104196,2,24.2,13.1,39,35
CUST-104197,9,36.9,12.4,32,20
CUST-104198,16,64.8,91.9,66,19
CUST-104199,20,77.0,104.3,9,30
CUST-104200,24,51.5,42.1,1305,4
CUST-104201,11,30.2,12.4,26,18
CUST-104202,10,27.4,10.3,36,1
CUST-104203,12,29.3,18.8,119,41
CUST-104204,25,93.5,29.6,46,14
CUST-104205,13,13.3,6.2,90,20
CUST-104206,8,18.6,17.4,34,37
CUST-104207,26,72.2,93.1,28,23
CUST-104208,23,87.4,72.4,102,28
CUST-104209,13,20.1,5.5,5,11
CUST-104210,19,85.3,104.1,21,19
CUST-104211,9,30.4,6.1,129,13
CUST-104212,14,39.4,11.4,70,3
CUST-104213,12,38.0,10.3,67,24
CUST-104214,9,23.2,13.0,3,8
CUST-104215,6,34.8,8.3,21,22
CUST-104216,26,58.7,97.8,4890,17
CUST-104217,4,22.2,12.1,53,45
CUST-104218,9,15.3,18.1,127,25
CUST-104219,17,83.7,103.7,122,4
CUST-104220,24,81.1,44.7,1698,6
CUST-104221,21,67.0,84.8,2628,44
CUST-104222,12,33.8,16.4,128,20
CUST-104223,4,25.4,19.2,20,25
CUST-104224,28,62.6,82.7,5292,45
CUST-104225,7,39.8,15.3,75,14
CUST-104226,3,27.7,6.6,43,12
CUST-104227,8,15.3,18.6,59,4
CUST-104228,1,19.4,7.0,70,24
CUST-104229,28,55.9,86.5,145,25
CUST-104230,23,53.4,25.2,1990,36
CUST-104231,7,11.6,13.5,19,36
CUST-104232,25,87.9,83.5,94,36
CUST-104233,20,83.7,106.6,2238,9
CUST-104234,6,23.1,20.4,93,45
CUST-104235,10,34.0,18.8,13,27
CUST-104236,1,13.9,13.4,103,13
CUST-104237,20,51.5,64.5,63,33
CUST-104238,21,61.2,85.0,54,35
CUST-104239,14,34.4,14.1,92,26
CUST-104240,18,62.3,27.8,9,20
CUST-104241,11,27.7,5.4,47,17
CUST-104242,27,50.1,83.2,40,5
CUST-104243,7,16.5,9.1,71,15
CUST-104244,24,55.3,109.1,16,42
CUST-104245,7,28.2,4.5,49,41
CUST-104246,15,59.9,49.5,105,44
CUST-104247,12,24.1,6.5,142,22
CUST-104248,5,36.8,13.1,36,19
CUST-104249,20,92.5,40.5,143,0
CUST-104250,12,13.7,8.8,26,12
CUST-104251,8,33.3,14.6,38,11
CUST-104252,20,73.8,44.5,82,19
CUST-104253,21,82.4,93.7,33,0
CUST-104254,13,35.7,16.2,130,44
CUST-104255,10,14.1,15.8,94,1
CUST-104256,16,82.9,78.6,3772,32
CUST-104257,6,34.3,4.5,9,25
CUST-104258,15,91.4,29.3,966,42
CUST-104259,19,53.6,51.4,92,5
CUST-104260,7,22.8,19.2,9,23
CUST-104261,11,18.0,13.7,126,30
CUST-104262,12,44.0,19.5,74,40
CUST-104263,10,26.0,12.0,30,42
CUST-104264,9,26.2,12.8,94,42
CUST-104265,26,60.8,78.3,33,9
CUST-104266,26,93.4,34.8,38,5
CUST-104267,12,12.9,13.8,91,23
CUST-104268,18,85.6,76.1,73,43
CUST-104269,17,61.3,36.4,1274,3
CUST-104270,10,38.7,16.9,14,20
CUST-104271,3,44.6,20.8,9,45
CUST-104272,5,39.7,13.4,36,30
CUST-104273,9,28.8,15.5,95,3
CUST-104274,26,85.0,64.9,4283,29
CUST-104275,9,13.1,20.4,16,10
CUST-104276,26,56.7,53.4,3,10
CUST-104277,11,23.7,6.4,103,12
CUST-104278,18,54.3,89.2,5173,38
CUST-104279,20,82.7,48.4,1403,40
CUST-104280,3,10.8,19.5,144,41
CUST-104281,23,70.9,38.2,1107,31
CUST-104282,9,22.9,21.7,138,36
CUST-104283,4,24.2,20.1,56,31
CUST-104284,14,39.0,18.9,55,25
CUST-104285,9,35.1,14.8,49,25
CUST-104286,26,93.4,58.0,109,16
CUST-104287,17,70.3,38.5,119,34
CUST-104288,15,80.5,57.5,977,6
CUST-104289,4,42.3,18.3,65,30
CUST-104290,9,17.4,4.3,26,18
CUST-104291,18,57.0,70.6,2118,40
CUST-104292,1,17.6,12.3,59,9
CUST-104293,3,32.7,5.2,20,14
CUST-104294,1,28.8,12.4,35,40
CUST-104295,10,30.5,17.1,61,27
CUST-104296,10,29.0,19.8,43,3
CUST-104297,23,62.3,68.5,44,18
CUST-104298,3,43.6,10.9,18,42
CUST-104299,14,22.9,13.1,18,9
CUST-104300,8,25.8,4.7,146,0
CUST-104301,6,11.4,17.0,46,34
CUST-104302,27,91.2,33.8,439,45
CUST-104303,8,39.9,11.4,92,5
CUST-104304,27,72.8,30.5,68,28
CUST-104305,13,13.2,10.4,5,12
CUST-104306,26,93.4,71.8,66,25
CUST-104307,5,34.1,11.2,34,3
CUST-104308,26,74.2,104.2,86,32
CUST-104309,3,28.3,9.3,2,2
CUST-104310,23,78.0,75.7,140,5
CUST-104311,1,18.2,9.0,8,42
CUST-104312,26,90.6,109.3,2076,24
CUST-104313,4,20.1,21.5,60,27
CUST-104314,13,26.0,11.8,1,2
CUST-104315,23,67.8,83.3,4998,36
CUST-104316,16,54.1,91.2,59,20
CUST-104317,12,19.0,21.2,60,19
CUST-104318,15,82.5,33.8,13,31
CUST-104319,23,64.1,98.7,136,28
CUST-104320,21,54.3,98.7,5,3
CUST-104321,28,72.0,91.3,1369,7
CUST-104322,21,61.7,60.4,4348,35
CUST-104323,27,51.2,50.0,14,19
CUST-104324,9,12.4,10.7,1,43
CUST-104325,24,67.3,80.3,4496,25
CUST-104326,2,27.4,8.1,43,35
CUST-104327,2,19.4,9.0,139,20
CUST-104328,17,69.9,43.9,57,8
CUST-104329,5,20.7,10.5,53,0
CUST-104330,2,32.2,18.5,17,27
CUST-104331,5,22.5,19.7,112,25
CUST-104332,16,58.0,86.8,77,41
CUST-104333,4,17.2,15.3,16,45
CUST-104334,12,28.9,10.5,35,14
CUST-104335,3,15.0,12.9,134,33
CUST-104336,20,84.5,55.9,91,27
CUST-104337,1,10.9,20.9,56,23
CUST-104338,4,14.9,12.7,107,13
CUST-104339,14,40.0,20.9,119,3
CUST-104340,15,73.6,77.6,128,22
CUST-104341,29,71.3,107.3,1824,24
CUST-104342,5,31.9,12.2,31,27
CUST-104343,5,20.8,21.7,2,38
CUST-104344,2,24.8,19.1,3,27
CUST-104345,29,52.7,58.9,2709,28
CUST-104346,25,65.9,78.5,128,11
CUST-104347,24,51.4,31.0,137,24
CUST-104348,17,52.8,100.3,4012,36
CUST-104349,10,10.3,4.6,145,45
CUST-104350,23,81.8,92.4,29,45
CUST-104351,12,15.5,12.2,98,14
CUST-104352,26,83.0,82.7,19,45
CUST-104353,7,30.1,11.2,146,26
CUST-104354,23,83.7,40.7,59,39
CUST-104355,22,69.0,78.2,121,43
CUST-104356,6,14.8,6.7,93,29
CUST-104357,11,10.5,6.6,35,33
CUST-104358,26,55.7,101.2,69,33
CUST-104359,2,24.9,21.5,93,16
CUST-104360,9,12.4,13.8,138,16
CUST-104361,8,40.0,12.9,120,24
CUST-104362,1,29.9,21.2,53,36
CUST-104363,26,66.2,41.6,2828,44
CUST-104364,4,33.1,14.9,37,20
CUST-104365,22,84.5,64.0,35,19
CUST-104366,2,32.9,12.5,145,31
CUST-104367,28,58.5,99.3,4567,34
CUST-104368,29,75.5,45.8,1007,39
CUST-104369,12,21.8,20.4,16,35
CUST-104370,20,76.2,42.9,88,21
CUST-104371,2,11.3,16.3,49,41
CUST-104372,22,85.8,88.8,5416,14
CUST-104373,16,74.8,87.0,4437,20
CUST-104374,11,23.3,20.9,52,36
CUST-104375,5,10.7,16.4,145,25
CUST-104376,5,35.7,12.8,85,38
CUST-104377,1,42.8,18.5,112,3
CUST-104378,21,56.8,32.4,93,18
CUST-104379,29,77.5,69.2,105,34
CUST-104380,1,20.3,20.5,66,42
CUST-104381,2,37.8,9.5,74,18
CUST-104382,16,58.9,33.4,1235,5
CUST-104383,26,91.2,32.6,29,37
CUST-104384,9,16.2,21.7,100,32
CUST-104385,17,63.7,39.0,93,38
CUST-104386,8,17.1,19.4,35,29
CUST-104387,9,35.1,21.0,100,30
CUST-104388,5,26.8,9.2,76,17
CUST-104389,24,78.9,82.1,22,4
CUST-104390,17,61.1,104.8,67,37
CUST-104391,20,62.6,26.8,723,34
CUST-104392,23,64.1,52.1,122,40
CUST-104393,16,70.1,57.3,43,24
CUST-104394,3,29.6,20.5,60,23
CUST-104395,21,89.0,77.5,140,20
CUST-104396,16,63.0,39.4,101,32
CUST-104397,4,38.0,14.7,49,12
CUST-104398,8,17.7,14.9,66,14
CUST-104399,26,89.3,27.3,1010,38
CUST-104400,10,38.3,13.2,10,26
CUST-104401,19,80.1,95.9,111,9
CUST-104402,19,84.3,90.1,5946,22
CUST-104403,10,43.3,13.7,115,13
CUST-104404,4,34.6,21.3,109,16
CUST-104405,16,60.2,37.4,77,27
CUST-104406,19,93.2,78.8,4964,0
CUST-104407,20,66.3,47.4,1753,43
CUST-104408,22,81.3,72.7,3998,41
CUST-104409,20,90.2,39.6,712,15
CUST-104410,4,39.8,10.2,10,30
CUST-104411,18,82.2,79.8,109,37
CUST-104412,27,53.0,60.3,3015,1
CUST-104413,9,41.8,15.7,56,19
CUST-104414,4,28.6,6.5,20,13
CUST-104415,25,68.8,97.1,5437,40
CUST-104416,12,36.7,9.1,32,21
CUST-104417,3,24.0,20.4,96,29
CUST-104418,3,40.2,11.2,38,15
CUST-104419,29,86.6,46.0,84,35
CUST-104420,18,50.5,65.0,117,12
CUST-104421,28,87.8,107.9,118,6
CUST-104422,28,77.7,85.1,146,1
CUST-104423,17,60.6,42.2,675,5
CUST-104424,13,31.3,5.9,112,33
CUST-104425,23,52.4,82.0,141,7
CUST-104426,13,12.9,6.0,21,17
CUST-104427,13,12.8,14.3,96,11
CUST-104428,17,68.1,88.0,132,7
CUST-104429,26,61.6,74.0,1258,2
CUST-104430,20,81.9,42.7,1537,37
CUST-104431,4,44.2,9.9,107,21
CUST-104432,6,12.6,10.4,98,5
CUST-104433,27,92.5,105.5,38,39
CUST-104434,19,73.8,84.0,5712,40
CUST-104435,8,15.3,13.6,68,18
CUST-104436,6,17.3,21.1,130,18
CUST-104437,6,34.3,19.4,40,19
CUST-104438,20,67.4,31.6,2212,38
CUST-104439,13,32.5,11.4,130,14
CUST-104440,5,30.2,5.8,79,44
CUST-104441,11,35.2,11.0,1,37
CUST-104442,16,94.2,94.3,1508,15
CUST-104443,10,35.3,19.5,7,29
CUST-104444,7,38.2,17.9,89,12
CUST-104445,2,15.2,6.9,54,38
CUST-104446,10,31.6,14.3,6,32
CUST-104447,1,26.4,15.0,125,39
CUST-104448,2,11.7,18.9,99,15
CUST-104449,2,11.1,18.6,58,40
CUST-104450,18,84.5,91.9,6708,2
CUST-104451,5,38.1,11.0,105,18
CUST-104452,11,23.0,7.6,131,3
CUST-104453,11,26.9,14.8,71,6
CUST-104454,8,40.5,14.0,144,27
CUST-104455,18,80.2,89.9,3596,22
CUST-104456,14,25.9,20.0,122,1
CUST-104457,26,77.4,58.1,1220,45
CUST-104458,17,53.9,80.4,4502,39
CUST-104459,11,10.9,5.7,76,42
CUST-104460,15,60.8,75.1,76,18
CUST-104461,1,10.5,9.3,84,35
CUST-104462,1,32.2,18.4,33,29
CUST-104463,12,35.8,16.5,150,25
CUST-104464,4,11.1,13.0,15,6
CUST-104465,16,67.0,28.2,120,23
CUST-104466,5,29.6,15.4,89,12
CUST-104467,3,22.7,18.1,89,22
CUST-104468,29,54.6,59.8,93,6
CUST-104469,23,71.6,34.5,345,17
CUST-104470,20,74.5,99.6,4681,37
CUST-104471,3,41.3,11.5,83,17
CUST-104472,12,14.8,18.6,57,16
CUST-104473,6,39.2,17.6,62,28
CUST-104474,6,32.5,16.1,0,16
CUST-104475,6,40.0,14.6,136,35
CUST-104476,17,52.0,87.0,1218,15
CUST-104477,21,59.3,62.3,5,27
CUST-104478,2,39.1,13.9,114,25
CUST-104479,2,17.1,11.4,133,40
CUST-104480,6,13.2,20.6,79,33
CUST-104481,9,24.8,11.2,51,43
CUST-104482,17,88.3,62.5,132,33
CUST-104483,4,11.9,4.1,110,42
CUST-104484,8,35.5,19.3,73,20
CUST-104485,29,80.5,107.5,85,17
CUST-104486,11,24.9,8.6,101,32
CUST-104487,20,62.6,45.6,1596,10
CUST-104488,3,22.5,7.2,61,22
CUST-104489,19,58.3,103.4,109,7
CUST-104490,18,75.5,28.5,3,20
CUST-104491,17,68.9,52.7,59,37
CUST-104492,4,25.3,15.2,38,9
CUST-104493,9,11.5,19.3,73,28
CUST-104494,14,28.7,19.7,46,2
CUST-104495,3,32.4,14.8,42,8
CUST-104496,12,17.0,6.1,131,25
CUST-104497,2,10.8,16.9,99,8
CUST-104498,6,34.1,15.8,138,19
CUST-104499,25,85.9,60.0,101,9
CUST-104500,13,25.3,16.4,112,22
CUST-104501,20,89.6,59.7,597,22
CUST-104502,9,33.3,14.4,107,25
CUST-104503,18,55.9,84.7,3642,37
CUST-104504,12,24.0,9.3,90,16
CUST-104505,8,34.7,4.8,149,31
CUST-104506,12,30.0,14.5,108,29
CUST-104507,9,27.4,14.0,91,4
CUST-104508,24,88.7,75.0,104,29
CUST-104509,8,42.0,10.6,14,8
CUST-104510,9,36.5,10.2,137,44
CUST-104511,13,43.3,10.2,103,43
CUST-104512,2,11.2,19.6,95,0
CUST-104513,19,54.5,103.9,2181,1
CUST-104514,9,39.8,4.7,114,21
CUST-104515,1,14.2,14.2,49,28
CUST-104516,6,30.3,6.2,107,21
CUST-104517,21,61.7,50.4,83,21
CUST-104518,29,63.6,64.2,105,19
CUST-104519,24,72.1,35.8,148,45
CUST-104520,12,21.2,19.3,108,22
CUST-104521,22,89.5,86.3,139,30
CUST-104522,6,25.8,14.7,100,27
CUST-104523,29,69.0,78.9,5128,44
CUST-104524,8,43.6,15.6,67,17
CUST-104525,7,15.4,14.9,81,35
CUST-104526,17,63.4,32.5,12,16
CUST-104527,5,22.3,5.5,72,41
CUST-104528,17,75.0,35.5,44,16
CUST-104529,5,26.2,7.9,89,16
CUST-104530,21,56.8,82.9,6466,42
CUST-104531,2,43.2,21.8,41,35
CUST-104532,18,54.7,85.8,118,4
CUST-104533,24,82.2,85.8,141,0
CUST-104534,16,79.9,89.7,42,40
CUST-104535,26,80.6,36.2,977,27
CUST-104536,23,72.1,32.6,63,40
CUST-104537,11,15.2,5.5,54,39
CUST-104538,23,91.0,46.1,2673,7
CUST-104539,12,36.8,21.7,23,14
CUST-104540,5,33.7,17.6,40,18
CUST-104541,5,30.0,18.3,26,27
CUST-104542,29,69.4,99.5,7462,27
CUST-104543,14,29.9,12.0,110,19
CUST-104544,17,54.0,84.1,100,7
CUST-104545,19,85.5,67.6,3041,45
CUST-104546,4,16.5,15.5,71,4
CUST-104547,18,51.0,65.7,95,30
CUST-104548,4,28.1,5.3,5,22
CUST-104549,12,44.6,6.5,95,42
CUST-104550,5,14.0,20.7,87,19
CUST-104551,28,50.5,74.2,23,28
CUST-104552,13,26.7,7.2,90,16
CUST-104553,8,30.7,18.3,69,25
CUST-104554,10,25.2,6.9,41,36
CUST-104555,29,50.7,34.4,12,3
CUST-104556,13,25.8,10.9,75,28
CUST-104557,16,80.0,107.6,1506,12
CUST-104558,22,74.1,77.7,30,12
CUST-104559,16,53.8,108.9,6316,41
CUST-104560,17,83.7,103.1,3093,30
CUST-104561,17,66.1,75.6,4762,16
CUST-104562,4,37.5,4.3,52,2
CUST-104563,20,59.8,54.3,102,39
CUST-104564,29,62.2,71.6,59,14
CUST-104565,10,14.1,17.4,14,7
CUST-104566,25,56.4,28.1,674,37
CUST-104567,21,52.3,68.3,3756,42
CUST-104568,16,79.8,67.6,4326,31
CUST-104569,8,44.1,14.5,16,11
CUST-104570,25,59.0,46.3,48,5
CUST-104571,16,60.6,90.4,3616,19
CUST-104572,23,83.2,69.0,32,28
CUST-104573,13,11.2,7.9,29,32
CUST-104574,8,38.5,6.3,150,34
CUST-104575,15,58.0,74.2,77,23
CUST-104576,14,44.3,22.0,58,43
CUST-104577,23,83.8,50.5,1161,4
CUST-104578,25,88.2,102.1,83,36
CUST-104579,3,28.1,14.1,47,41
CUST-104580,10,25.4,19.6,147,31
CUST-104581,4,11.0,8.6,40,30
CUST-104582,26,54.7,104.6,76,24
CUST-104583,9,28.8,15.0,69,19
CUST-104584,23,86.1,80.5,69,15
CUST-104585,15,69.2,26.8,2036,1
CUST-104586,2,38.2,13.3,2,13
CUST-104587,12,17.8,7.2,89,13
CUST-104588,29,86.9,106.1,96,21
CUST-104589,11,29.3,16.4,105,16
CUST-104590,7,12.4,16.0,36,19
CUST-104591,2,14.9,6.6,26,38
CUST-104592,2,40.7,13.0,12,18
CUST-104593,2,26.3,11.8,27,43
CUST-104594,9,41.9,19.1,49,44
CUST-104595,27,78.9,78.1,92,16
CUST-104596,25,75.9,33.7,27,8
CUST-104597,23,83.4,67.3,79,4
CUST-104598,5,42.4,7.0,125,38
CUST-104599,18,74.1,72.6,1669,42
CUST-104600,15,89.3,43.3,1688,7
CUST-104601,5,37.6,5.8,100,40
CUST-104602,3,14.7,20.2,40,3
CUST-104603,20,90.4,64.6,3617,3
CUST-104604,29,74.3,60.7,33,40
CUST-104605,24,75.1,25.1,71,23
CUST-104606,13,14.5,6.9,2,12
CUST-104607,4,26.6,21.8,99,39
CUST-104608,4,35.6,21.6,150,18
CUST-104609,11,30.9,4.6,102,3
CUST-104610,12,35.9,6.2,108,32
CUST-104611,20,77.2,75.6,22,27
CUST-104612,1,41.3,12.3,6,18
CUST-104613,19,61.8,89.8,116,30
CUST-104614,12,24.2,21.8,112,15
CUST-104615,12,38.3,14.3,141,26
CUST-104616,14,19.7,7.1,140,2
CUST-104617,3,37.9,20.8,76,37
CUST-104618,19,55.8,52.2,66,1
CUST-104619,3,21.9,9.6,46,5
CUST-104620,3,25.8,16.8,2,22
CUST-104621,8,10.1,13.1,10,28
CUST-104622,15,85.9,40.3,122,9
CUST-104623,17,74.9,103.5,149,39
CUST-104624,8,30.0,9.5,59,11
CUST-104625,3,18.6,17.8,41,38
CUST-104626,26,93.4,87.1,5051,1
CUST-104627,18,94.6,45.5,2002,11
CUST-104628,9,13.0,9.7,127,40
CUST-104629,5,14.2,18.2,114,30
CUST-104630,16,66.8,56.1,80,41
CUST-104631,2,13.2,16.8,49,21
CUST-104632,23,88.2,66.3,12,10
CUST-104633,1,30.1,14.2,14,42
CUST-104634,4,41.7,19.5,138,9
CUST-104635,11,16.0,20.6,67,33
CUST-104636,22,51.0,49.4,8,42
CUST-104637,5,22.6,17.3,116,27
CUST-104638,21,70.6,39.8,30,3
CUST-104639,28,54.1,71.7,80,10
CUST-104640,15,78.6,92.0,79,27
CUST-104641,16,57.9,31.5,1638,41
CUST-104642,3,38.4,14.0,42,24
CUST-104643,17,53.6,109.2,6006,14
CUST-104644,4,32.9,13.6,40,24
CUST-104645,19,78.0,96.8,81,6
CUST-104646,23,73.3,103.4,6721,0
CUST-104647,2,42.6,21.6,108,40
CUST-104648,20,67.2,51.8,141,1
CUST-104649,28,50.3,84.4,6498,4
CUST-104650,9,39.1,12.1,131,16
CUST-104651,12,24.7,4.9,45,34
CUST-104652,5,27.1,21.3,9,26
CUST-104653,12,12.5,5.5,123,41
CUST-104654,3,14.7,4.3,74,19
CUST-104655,1,24.8,15.2,54,32
CUST-104656,2,29.9,15.7,103,12
CUST-104657,21,92.5,34.2,2565,24
CUST-104658,25,93.1,64.6,3746,2
CUST-104659,12,43.7,5.4,6,26
CUST-104660,9,38.8,16.0,85,36
CUST-104661,26,72.7,85.7,104,35
CUST-104662,7,24.8,16.3,142,7
CUST-104663,11,10.7,4.9,113,30
CUST-104664,29,53.4,84.6,136,31
CUST-104665,14,31.2,20.3,60,13
CUST-104666,26,69.8,67.4,112,35
CUST-104667,25,85.1,89.9,2337,32
CUST-104668,2,22.4,5.4,148,9
CUST-104669,15,67.7,73.6,3679,22
CUST-104670,14,32.5,6.3,77,5
CUST-104671,28,89.3,26.8,402,10
CUST-104672,9,11.6,13.5,136,20
CUST-104673,21,70.6,40.8,127,40
CUST-104674,8,40.5,11.2,135,15
CUST-104675,10,34.5,13.2,56,24
CUST-104676,7,11.0,10.4,36,22
CUST-104677,25,68.2,38.2,1337,37
CUST-104678,12,10.8,6.2,69,30
CUST-104679,8,13.2,8.4,141,0
CUST-104680,17,78.9,95.9,1342,12
CUST-104681,6,14.0,7.4,131,5
CUST-104682,13,17.5,13.4,49,43
CUST-104683,4,23.8,7.4,19,27
CUST-104684,2,23.5,13.1,147,35
CUST-104685,20,83.0,81.2,131,0
CUST-104686,13,14.9,4.8,72,21
CUST-104687,26,57.6,70.7,91,24
CUST-104688,3,44.2,9.6,36,1
CUST-104689,3,13.0,15.1,97,14
CUST-104690,2,37.7,16.6,99,20
CUST-104691,4,38.4,21.3,56,33
CUST-104692,29,93.0,59.5,23,7
CUST-104693,7,20.5,12.3,136,6
CUST-104694,4,18.8,19.8,8,37
CUST-104695,22,63.9,69.9,45,24
CUST-104696,20,81.9,100.8,63,16
CUST-104697,9,24.6,21.2,103,9
CUST-104698,11,15.4,7.0,82,45
CUST-104699,13,33.2,6.4,136,8
CUST-104700,27,74.8,46.4,1670,32
CUST-104701,19,83.3,58.0,81,36
CUST-104702,19,87.7,36.0,109,45
CUST-104703,17,67.2,76.1,4109,44
CUST-104704,27,58.7,78.8,74,10
CUST-104705,9,21.8,19.2,146,44
CUST-104706,6,13.9,18.8,149,14
CUST-104707,2,37.0,6.4,92,9
CUST-104708,25,90.6,93.6,4,2
CUST-104709,7,32.9,18.3,22,10
CUST-104710,7,22.3,6.1,123,23
CUST-104711,4,40.1,21.9,111,27
CUST-104712,20,55.7,58.2,1455,33
CUST-104713,13,42.3,15.1,53,8
CUST-104714,19,50.5,62.9,120,12
CUST-104715,4,16.4,7.1,16,2
CUST-104716,9,21.6,8.7,103,25
CUST-104717,12,39.1,6.1,21,17
CUST-104718,12,33.2,11.6,8,28
CUST-104719,12,39.6,6.1,133,20
CUST-104720,12,29.7,13.5,3,18
CUST-104721,14,44.6,7.6,116,38
CUST-104722,21,78.8,65.1,102,42
CUST-104723,9,37.2,5.1,2,27
CUST-104724,22,92.3,85.6,6420,3
CUST-104725,23,82.8,84.1,61,14
CUST-104726,11,27.4,7.6,40,19
CUST-104727,2,24.1,8.7,145,10
CUST-104728,1,40.8,17.5,120,43
CUST-104729,21,74.0,94.0,53,3
CUST-104730,19,77.4,48.0,37,17
CUST-104731,4,30.7,8.7,43,6
CUST-104732,18,91.8,46.5,28,4
CUST-104733,29,67.3,68.8,38,12
CUST-104734,3,16.7,21.4,13,26
CUST-104735,10,23.2,9.9,27,15
CUST-104736,12,29.6,7.3,50,45
CUST-104737,4,13.7,16.7,118,26
CUST-104738,6,34.5,4.4,82,12
CUST-104739,1,31.8,15.1,102,36
CUST-104740,26,51.7,98.0,980,30
CUST-104741,24,61.2,86.9,148,40
CUST-104742,20,62.2,39.2,4,25
CUST-104743,2,28.0,4.3,33,21
CUST-104744,23,89.3,104.8,99,38
CUST-104745,9,23.2,5.1,43,38
CUST-104746,4,39.3,15.3,78,2
CUST-104747,17,66.7,25.8,2064,41
CUST-104748,10,17.6,4.8,16,7
CUST-104749,20,90.5,98.8,59,35
CUST-104750,27,50.0,25.3,581,6
CUST-104751,29,67.3,84.5,134,29
CUST-104752,28,76.3,69.4,1943,3
CUST-104753,22,52.3,49.1,136,12
CUST-104754,16,75.2,92.9,51,4
CUST-104755,7,28.1,18.1,111,15
CUST-104756,1,42.3,16.7,130,39
CUST-104757,9,32.2,7.2,93,24
CUST-104758,18,62.3,77.1,105,5
CUST-104759,26,73.4,60.1,23,40
CUST-104760,3,42.8,20.8,50,39
CUST-104761,2,34.6,15.2,125,9
CUST-104762,13,29.6,13.7,140,24
CUST-104763,3,24.3,9.9,23,33
CUST-104764,13,26.5,7.5,137,5
CUST-104765,28,65.1,29.9,1495,37
CUST-104766,24,60.7,32.7,34,17
CUST-104767,10,25.7,10.7,140,36
CUST-104768,13,33.9,16.3,82,3
CUST-104769,14,40.8,21.1,27,22
CUST-104770,25,94.5,89.6,25,11
CUST-104771,6,42.6,20.2,70,11
CUST-104772,24,72.4,35.9,1436,16
CUST-104773,29,64.3,92.3,108,0
CUST-104774,26,52.6,80.4,109,36
CUST-104775,13,25.5,7.1,106,5
CUST-104776,24,84.8,42.6,79,38
CUST-104777,28,88.0,49.8,123,27
CUST-104778,10,34.3,17.1,118,43
CUST-104779,23,64.9,81.8,40,37
CUST-104780,18,79.1,36.8,103,11
CUST-104781,22,75.5,32.4,2300,21
CUST-104782,20,94.8,57.8,982,34
CUST-104783,8,17.5,15.2,11,14
CUST-104784,19,73.3,84.5,86,37
CUST-104785,2,14.6,11.5,67,36
CUST-104786,1,25.0,13.4,42,6
CUST-104787,13,30.9,20.0,146,39
CUST-104788,22,83.0,57.2,3660,4
CUST-104789,6,10.7,8.2,85,30
CUST-104790,29,75.2,56.4,131,41
CUST-104791,17,54.6,73.5,2719,35
CUST-104792,24,68.8,32.2,1674,23
CUST-104793,14,36.0,17.9,147,41
CUST-104794,19,52.2,50.9,72,29
CUST-104795,6,13.6,7.9,6,32
CUST-104796,5,32.2,17.4,95,7
CUST-104797,10,20.1,21.7,122,15
CUST-104798,17,65.1,86.6,1472,1
CUST-104799,26,67.6,47.7,3768,34
CUST-104800,7,31.6,6.9,19,22
CUST-104801,29,53.7,66.1,41,27
CUST-104802,12,22.3,7.0,123,8
CUST-104803,4,34.9,16.4,44,19
CUST-104804,25,71.8,65.4,3662,8
CUST-104805,13,28.5,16.6,78,26
CUST-104806,16,77.2,67.3,5384,13
CUST-104807,23,82.3,48.6,141,11
CUST-104808,7,19.4,19.0,91,19
CUST-104809,11,27.4,6.0,71,6
CUST-104810,11,14.9,6.5,31,13
CUST-104811,8,31.5,7.0,92,26
CUST-104812,28,67.3,43.9,1843,17
CUST-104813,2,41.7,9.2,82,8
CUST-104814,22,53.6,58.9,113,20
CUST-104815,5,18.7,6.1,24,11
CUST-104816,14,25.6,17.6,13,7
CUST-104817,16,54.3,106.0,8162,20
CUST-104818,1,25.8,15.9,1,39
CUST-104819,20,50.3,58.5,3159,24
CUST-104820,7,25.8,10.1,55,26
CUST-104821,4,22.7,5.2,103,40
CUST-104822,12,36.9,15.7,150,27
CUST-104823,13,14.7,15.7,29,6
CUST-104824,6,11.9,8.0,23,22
CUST-104825,6,30.2,10.9,3,11
CUST-104826,11,33.7,4.4,135,33
CUST-104827,15,62.6,67.9,42,16
CUST-104828,8,26.8,16.4,119,8
CUST-104829,16,52.7,39.7,1746,26
CUST-104830,18,65.3,60.9,29,3
CUST-104831,23,64.7,109.9,1099,41
CUST-104832,19,71.1,26.9,105,16
CUST-104833,12,30.8,4.5,81,41
CUST-104834,25,75.9,40.4,147,12
CUST-104835,27,86.0,28.3,37,1
CUST-104836,28,89.7,65.9,659,27
CUST-104837,28,90.8,77.6,3414,44
CUST-104838,6,24.5,15.9,123,40
CUST-104839,27,90.1,90.3,3250,43
CUST-104840,21,78.8,40.9,1022,5
CUST-104841,8,42.3,14.2,133,38
CUST-104842,13,25.5,21.4,16,28
CUST-104843,5,10.4,14.2,75,14
CUST-104844,26,82.7,100.9,1311,40
CUST-104845,10,26.5,18.6,71,17
CUST-104846,16,60.8,60.7,2731,12
CUST-104847,8,10.6,21.8,45,38
CUST-104848,4,11.9,8.5,106,4
CUST-104849,15,79.2,48.2,97,23
CUST-104850,14,25.8,4.4,114,4
CUST-104851,14,27.7,6.7,106,24
CUST-104852,15,59.2,70.0,109,22
CUST-104853,28,90.1,29.2,730,28
CUST-104854,7,17.3,12.2,148,41
CUST-104855,20,61.4,29.9,22,5
CUST-104856,23,61.6,95.4,125,12
CUST-104857,3,44.1,10.8,4,37
CUST-104858,29,80.4,76.2,0,24
CUST-104859,23,74.7,96.8,116,3
CUST-104860,17,84.0,93.1,117,29
CUST-104861,12,21.2,13.3,145,9
CUST-104862,18,84.3,52.4,2567,8
CUST-104863,10,13.8,17.3,140,3
CUST-104864,14,18.5,13.1,30,28
CUST-104865,13,36.9,20.4,66,28
CUST-104866,3,28.7,6.5,21,2
CUST-104867,10,29.0,14.0,12,30
CUST-104868,28,62.7,54.4,2556,18
CUST-104869,2,19.6,11.8,128,39
CUST-104870,1,29.3,21.8,149,14
CUST-104871,9,12.9,8.1,55,39
CUST-104872,5,18.9,16.0,36,45
CUST-104873,10,25.6,4.9,27,23
CUST-104874,25,58.0,69.7,138,3
CUST-104875,23,67.5,30.9,41,33
CUST-104876,24,84.8,85.7,74,26
CUST-104877,28,88.5,83.3,105,2
CUST-104878,6,36.8,14.4,61,40
CUST-104879,9,27.4,8.5,101,33
CUST-104880,6,37.9,11.3,46,27
CUST-104881,29,84.3,77.0,5544,21
CUST-104882,8,22.5,10.5,23,29
CUST-104883,10,13.3,14.9,52,34
CUST-104884,21,91.5,71.2,4556,26
CUST-104885,27,62.1,68.6,3635,19
CUST-104886,3,11.9,8.8,15,38
CUST-104887,8,28.8,12.9,14,21
CUST-104888,7,12.9,16.1,21,34
CUST-104889,14,42.1,15.9,4,25
CUST-104890,20,63.8,36.2,137,5
CUST-104891,13,26.5,15.1,64,35
CUST-104892,6,28.3,5.6,23,20
CUST-104893,25,51.3,77.0,40,38
CUST-104894,11,16.4,18.3,30,9
CUST-104895,22,75.3,106.9,45,28
CUST-104896,21,92.2,40.5,2106,31
CUST-104897,23,80.0,25.4,1905,39
CUST-104898,5,13.4,13.7,78,18
CUST-104899,29,57.9,70.6,33,22
CUST-104900,25,55.4,84.7,3218,25
CUST-104901,19,50.2,37.3,38,21
CUST-104902,13,39.8,13.1,38,32
CUST-104903,26,60.9,51.3,1128,28
CUST-104904,17,58.7,55.3,135,38
CUST-104905,25,53.5,65.1,37,36
CUST-104906,25,58.6,87.3,1309,16
CUST-104907,7,36.8,18.2,72,14
CUST-104908,24,50.1,72.1,127,32
CUST-104909,18,58.3,72.5,83,10
CUST-104910,3,35.6,21.9,149,0
CUST-104911,7,11.7,4.2,49,27
CUST-104912,10,25.7,15.5,65,22
CUST-104913,21,83.8,50.4,93,38
CUST-104914,29,51.0,104.1,4059,12
CUST-104915,13,29.5,6.3,113,0
CUST-104916,12,44.7,21.1,129,5
CUST-104917,11,17.6,21.7,138,4
CUST-104918,22,69.6,53.9,4096,7
CUST-104919,26,65.6,57.8,4161,45
CUST-104920,17,72.1,47.3,112,30
CUST-104921,7,40.1,4.2,150,31
CUST-104922,10,36.3,12.8,124,9
CUST-104923,9,40.6,14.6,71,36
CUST-104924,28,89.3,88.1,12,43
CUST-104925,8,30.2,12.1,16,17
CUST-104926,22,55.5,103.3,95,22
CUST-104927,3,21.6,11.9,7,21
CUST-104928,3,29.8,21.4,131,42
CUST-104929,1,38.2,14.8,97,1
CUST-104930,9,19.1,10.5,67,21
CUST-104931,14,11.6,20.5,71,40
CUST-104932,11,18.6,13.6,139,41
CUST-104933,5,17.7,11.4,27,13
CUST-104934,20,63.5,78.9,4734,23
CUST-104935,5,30.0,10.0,65,37
CUST-104936,21,72.1,108.7,8,14
CUST-104937,22,93.2,93.3,4665,28
CUST-104938,23,67.2,61.5,4551,4
CUST-104939,3,21.5,17.7,36,21
CUST-104940,9,41.6,6.8,35,35
CUST-104941,13,19.6,16.6,87,44
CUST-104942,16,91.5,44.6,107,25
CUST-104943,2,31.5,9.0,131,19
CUST-104944,27,94.1,31.0,14,1
CUST-104945,3,10.8,6.3,16,10
CUST-104946,12,28.0,9.2,56,36
CUST-104947,21,76.5,71.8,77,44
CUST-104948,22,59.2,78.4,4625,26
CUST-104949,9,44.1,7.8,142,32
CUST-104950,17,72.2,65.8,60,8
CUST-104951,14,38.3,10.1,103,34
CUST-104952,6,29.6,15.2,139,38
CUST-104953,26,65.1,27.1,1355,34
CUST-104954,24,73.0,107.3,141,24
CUST-104955,29,86.8,92.4,98,22
CUST-104956,18,71.8,100.1,51,41
CUST-104957,27,61.0,89.9,2607,29
CUST-104958,7,37.1,18.6,72,10
CUST-104959,4,17.5,14.2,83,5
CUST-104960,27,61.5,56.5,1582,45
CUST-104961,8,14.4,5.7,14,0
CUST-104962,12,31.4,17.4,2,36
CUST-104963,4,25.2,6.9,39,33
CUST-104964,9,23.2,5.0,22,11
CUST-104965,25,76.2,65.4,109,36
CUST-104966,4,38.5,12.0,72,33
CUST-104967,9,21.1,17.8,48,42
CUST-104968,11,36.8,15.0,121,39
CUST-104969,5,27.5,6.9,88,19
CUST-104970,3,44.8,8.8,13,9
CUST-104971,24,88.0,57.3,112,32
CUST-104972,16,84.8,103.6,115,4
CUST-104973,7,16.8,16.5,60,3
CUST-104974,1,20.1,16.0,134,25
CUST-104975,19,92.3,52.7,20,26
CUST-104976,3,21.7,21.4,128,16
CUST-104977,29,63.2,107.3,1502,43
CUST-104978,20,52.5,96.7,138,30
CUST-104979,2,19.3,16.1,49,24
CUST-104980,1,28.2,16.6,21,10
CUST-104981,1,21.8,9.3,39,19
CUST-104982,16,76.0,83.7,920,24
CUST-104983,14,44.2,7.7,49,45
CUST-104984,23,86.7,56.1,3870,41
CUST-104985,26,77.2,78.2,13,29
CUST-104986,3,35.9,11.9,4,10
CUST-104987,8,22.9,8.8,47,9
CUST-104988,11,12.9,11.1,140,2
CUST-104989,10,40.8,5.3,139,24
CUST-104990,10,30.5,18.6,56,20
CUST-104991,25,77.5,81.5,1956,2
CUST-104992,12,22.0,5.1,122,11
CUST-104993,26,80.2,87.4,102,15
CUST-104994,25,87.3,50.2,3463,7
CUST-104995,12,37.3,6.7,24,29
CUST-104996,16,79.3,57.1,1998,17
CUST-104997,12,15.8,20.1,65,43
CUST-104998,1,24.4,7.7,114,42
CUST-104999,13,37.1,14.4,17,40
CUST-105000,23,61.2,39.1,625,13
CUST-105001,24,89.5,109.3,100,40
CUST-105002,1,43.0,4.2,82,34
CUST-105003,24,85.7,100.5,126,19
CUST-105004,14,12.1,18.2,37,23
CUST-105005,5,32.6,12.9,42,19
CUST-105006,7,32.3,8.8,13,24
CUST-105007,25,59.1,101.5,29,29
CUST-105008,3,35.2,17.2,62,7
CUST-105009,1,12.3,6.1,9,25
CUST-105010,8,35.9,15.9,50,6
CUST-105011,8,24.7,18.7,80,6
CUST-105012,13,26.3,4.7,121,9
CUST-105013,14,38.3,14.3,109,4
CUST-105014,13,13.2,5.4,142,37
CUST-105015,20,78.5,102.7,4416,26
CUST-105016,24,52.8,108.8,70,39
CUST-105017,23,58.4,109.9,2307,16
CUST-105018,9,36.1,12.5,107,38
CUST-105019,26,79.8,84.8,60,27
CUST-105020,3,29.7,12.7,38,37
CUST-105021,19,66.3,55.4,36,41
CUST-105022,14,38.4,4.1,149,45
CUST-105023,12,26.8,16.5,149,30
CUST-105024,18,94.6,69.0,1,37
CUST-105025,8,38.5,6.1,85,18
CUST-105026,12,28.3,8.1,134,17
CUST-105027,6,43.1,15.6,121,39
CUST-105028,3,38.1,6.9,106,25
CUST-105029,2,39.1,8.9,128,45
CUST-105030,7,13.4,20.4,142,11
CUST-105031,23,71.1,78.6,5659,23
CUST-105032,22,88.7,102.8,62,31
CUST-105033,10,11.1,13.5,121,26
CUST-105034,3,39.1,13.7,116,36
CUST-105035,24,95.0,27.8,1417,39
CUST-105036,28,56.4,87.6,1226,43
CUST-105037,5,42.7,16.3,104,31
CUST-105038,15,92.6,40.6,104,28
CUST-105039,7,34.5,6.3,110,39
CUST-105040,14,26.9,8.8,87,19
CUST-105041,17,90.5,81.1,42,24
CUST-105042,9,16.8,6.9,79,35
CUST-105043,8,35.0,18.6,100,39
CUST-105044,18,51.7,50.1,134,38
CUST-105045,8,32.2,4.2,25,30
CUST-105046,8,41.2,16.3,56,31
CUST-105047,19,88.9,86.5,84,17
CUST-105048,3,39.8,13.3,40,17
CUST-105049,28,57.8,101.3,123,3
CUST-105050,6,30.0,21.0,92,20
CUST-105051,18,55.8,72.0,1584,26
CUST-105052,3,12.1,5.7,54,13
CUST-105053,1,39.6,9.4,28,39
CUST-105054,5,16.4,19.0,68,20
CUST-105055,25,85.9,47.1,2496,24
CUST-105056,28,57.9,82.6,96,5
CUST-105057,9,10.1,19.1,84,24
CUST-105058,7,30.9,21.3,63,24
CUST-105059,5,12.1,20.5,9,34
CUST-105060,14,43.4,18.2,56,34
CUST-105061,19,51.6,67.8,1356,11
CUST-105062,18,52.3,85.6,48,22
CUST-105063,9,19.6,15.3,123,25
CUST-105064,28,53.6,64.9,1038,44
CUST-105065,19,80.2,74.6,2984,40
CUST-105066,19,81.4,78.8,4885,30
CUST-105067,3,23.3,4.5,2,18
CUST-105068,21,78.7,52.2,70,0
CUST-105069,13,21.7,19.5,51,11
CUST-105070,10,31.9,21.8,6,23
CUST-105071,8,41.0,6.4,111,27
CUST-105072,8,37.4,17.1,137,33
CUST-105073,10,37.4,14.4,110,33
CUST-105074,22,92.9,101.9,118,4
CUST-105075,21,56.3,53.6,53,0
CUST-105076,29,70.9,31.1,1866,22
CUST-105077,6,18.8,4.7,11,45
CUST-105078,24,64.3,97.9,1468,7
CUST-105079,4,13.0,20.1,50,7
CUST-105080,13,24.5,20.5,92,11
CUST-105081,7,12.9,15.3,93,18
CUST-105082,12,20.4,4.1,145,19
CUST-105083,23,68.1,49.4,2223,34
CUST-105084,10,40.5,14.9,131,20
CUST-105085,1,19.6,8.0,26,30
CUST-105086,28,58.0,87.5,962,27
CUST-105087,29,76.6,86.6,118,28
CUST-105088,29,81.8,82.1,79,11
CUST-105089,8,24.1,17.6,47,15
CUST-105090,12,33.0,6.5,16,26
CUST-105091,2,20.9,13.3,127,8
CUST-105092,3,15.2,12.6,120,20
CUST-105093,11,15.5,5.2,85,6
CUST-105094,9,41.5,12.1,124,26
CUST-105095,3,32.7,10.5,145,31
CUST-105096,2,19.6,18.0,101,32
CUST-105097,28,86.1,65.0,1365,26
CUST-105098,13,17.5,4.5,101,6
CUST-105099,29,76.8,29.8,2056,42
CUST-105100,2,35.4,18.2,7,29
CUST-105101,10,28.9,7.1,68,38
CUST-105102,9,17.5,11.0,142,11
CUST-105103,4,18.9,16.4,2,6
CUST-105104,15,59.6,30.2,23,24
CUST-105105,9,15.4,16.7,68,16
CUST-105106,10,20.7,4.3,6,38
CUST-105107,4,14.9,18.6,94,10
CUST-105108,14,16.1,6.3,113,37
CUST-105109,5,44.9,11.4,25,17
CUST-105110,19,69.2,106.9,23,21
CUST-105111,2,28.7,11.2,150,37
CUST-105112,25,89.0,40.3,1853,17
CUST-105113,24,83.7,42.3,2707,38
CUST-105114,11,15.4,10.2,83,31
CUST-105115,11,19.7,7.6,33,20
CUST-105116,6,33.1,15.6,93,44
CUST-105117,1,27.0,16.5,40,35
CUST-105118,3,29.2,8.4,23,31
CUST-105119,11,16.6,6.8,24,22
CUST-105120,27,86.7,109.1,2400,41
CUST-105121,17,51.6,79.4,1270,29
CUST-105122,2,39.5,6.7,14,8
CUST-105123,17,63.4,42.6,2556,15
CUST-105124,17,59.4,97.2,31,23
CUST-105125,2,22.7,13.9,89,37
CUST-105126,5,18.6,17.8,11,29
CUST-105127,1,30.2,22.0,13,28
CUST-105128,27,78.3,76.3,5112,9
CUST-105129,4,11.1,6.3,39,34
CUST-105130,6,37.9,8.5,132,16
CUST-105131,4,32.0,14.6,86,3
CUST-105132,26,70.8,84.1,4205,8
CUST-105133,5,17.8,6.5,59,9
CUST-105134,12,40.9,5.6,54,40
CUST-105135,29,50.4,58.9,1119,20
CUST-105136,8,22.6,5.8,138,28
CUST-105137,20,78.9,30.3,38,20
CUST-105138,28,57.1,65.4,126,8
CUST-105139,9,44.6,9.6,13,5
CUST-105140,17,84.9,58.6,29,27
CUST-105141,6,16.2,6.4,120,8
CUST-105142,21,58.1,68.8,145,39
CUST-105143,10,26.2,20.7,69,31
CUST-105144,10,38.4,14.7,24,35
CUST-105145,3,24.3,11.3,46,15
CUST-105146,24,79.6,104.2,92,8
CUST-105147,2,18.3,10.8,87,21
CUST-105148,13,18.2,14.5,3,25
CUST-105149,29,78.4,46.0,98,26
CUST-105150,10,15.7,13.2,28,16
CUST-105151,4,13.2,20.4,80,14
CUST-105152,5,23.3,10.6,125,38
CUST-105153,26,76.8,51.2,2099,6
CUST-105154,18,78.9,75.3,19,35
CUST-105155,3,17.1,14.1,113,19
CUST-105156,19,50.6,107.3,15,24
CUST-105157,13,23.8,15.8,40,40
CUST-105158,15,64.0,77.7,123,30
CUST-105159,2,25.5,4.1,111,22
CUST-105160,22,51.5,104.8,111,5
CUST-105161,28,85.5,64.0,143,4
CUST-105162,16,51.7,83.6,92,23
CUST-105163,7,16.7,15.7,85,43
CUST-105164,20,76.1,29.9,35,4
CUST-105165,7,14.0,18.7,30,28
CUST-105166,11,33.4,7.0,91,24
CUST-105167,25,72.5,98.6,26,14
CUST-105168,6,44.1,4.4,63,10
CUST-105169,23,66.4,61.2,31,22
CUST-105170,16,56.2,46.0,144,42
CUST-105171,9,14.1,17.9,54,27
CUST-105172,11,11.2,15.0,18,10
CUST-105173,27,65.7,81.7,4411,4
CUST-105174,16,51.4,74.0,105,14
CUST-105175,13,13.5,11.6,142,11
CUST-105176,20,79.7,75.7,3482,5
CUST-105177,18,84.6,40.7,1750,21
CUST-105178,9,31.2,19.3,7,4
CUST-105179,14,38.2,10.4,143,21
CUST-105180,10,20.0,10.8,86,29
CUST-105181,26,52.4,41.6,35,7
CUST-105182,13,14.6,13.1,25,24
CUST-105183,10,27.4,4.7,9,33
CUST-105184,19,68.0,108.7,8696,2
CUST-105185,1,36.8,5.1,66,5
CUST-105186,17,92.1,37.7,92,43
CUST-105187,22,84.0,27.1,2032,11
CUST-105188,5,33.9,12.7,143,38
CUST-105189,13,26.3,19.1,33,21
CUST-105190,29,68.0,85.9,96,41
CUST-105191,24,58.7,37.3,2685,10
CUST-105192,4,32.2,7.8,136,8
CUST-105193,6,10.1,8.4,91,10
CUST-105194,21,64.4,84.0,2604,14
CUST-105195,27,74.2,55.8,129,30
CUST-105196,21,85.8,30.2,87,13
CUST-105197,24,86.1,91.1,2095,23
CUST-105198,19,62.5,94.2,66,45
CUST-105199,4,42.4,17.7,137,38
CUST-105200,6,35.8,6.3,26,28
CUST-105201,26,83.9,53.4,65,36
CUST-105202,6,25.0,10.2,35,45
CUST-105203,26,92.5,40.5,63,27
CUST-105204,19,73.4,77.3,4560,32
CUST-105205,5,36.4,15.8,3,26
CUST-105206,10,32.3,17.1,61,12
CUST-105207,27,82.1,70.8,5593,8
CUST-105208,9,13.2,6.2,106,40
CUST-105209,5,26.9,9.9,124,26
CUST-105210,22,62.2,65.1,5208,29
CUST-105211,6,32.9,6.7,8,3
CUST-105212,14,43.8,9.6,132,21
CUST-105213,10,23.8,13.8,126,28
CUST-105214,9,14.1,12.2,124,4
CUST-105215,5,18.9,15.0,46,24
CUST-105216,27,86.5,103.0,0,39
CUST-105217,16,69.2,68.8,3233,6
CUST-105218,4,11.3,11.2,1,1
CUST-105219,28,53.8,66.3,135,33
CUST-105220,16,78.8,55.8,7,12
CUST-105221,26,64.0,100.9,1210,36
CUST-105222,2,14.7,4.6,85,0
CUST-105223,26,65.0,109.1,73,37
CUST-105224,3,21.5,13.5,91,16
CUST-105225,10,10.5,12.2,31,37
CUST-105226,26,72.7,58.7,92,14
CUST-105227,29,83.4,30.5,126,4
CUST-105228,9,41.3,4.0,32,1
CUST-105229,17,87.1,74.1,118,39
CUST-105230,29,63.4,81.3,6422,21
CUST-105231,16,59.3,74.3,136,27
CUST-105232,3,18.0,17.1,66,21
CUST-105233,9,44.8,8.1,108,31
CUST-105234,10,30.6,6.9,107,15
CUST-105235,6,34.3,7.6,9,3
CUST-105236,27,55.6,37.3,125,39
CUST-105237,19,75.6,50.7,107,18
CUST-105238,1,12.4,20.8,97,44
CUST-105239,23,57.2,74.1,1482,26
CUST-105240,4,29.0,6.6,92,34
CUST-105241,4,36.3,17.8,81,13
CUST-105242,12,38.0,15.4,60,38
CUST-105243,5,41.9,16.3,65,20
CUST-105244,7,43.1,17.7,111,38
CUST-105245,9,27.9,18.8,16,26
CUST-105246,17,85.0,65.5,104,24
CUST-105247,3,23.0,11.3,42,6
CUST-105248,8,10.9,13.0,108,32
CUST-105249,16,61.5,67.0,2479,8
CUST-105250,22,61.5,41.9,2555,28
CUST-105251,10,26.1,21.9,69,13
CUST-105252,20,73.2,25.4,660,39
CUST-105253,12,36.6,15.8,88,22
CUST-105254,17,93.2,55.6,41,22
CUST-105255,5,33.9,14.0,126,17
CUST-105256,27,62.9,39.5,1264,35
CUST-105257,16,66.6,36.9,2324,38
CUST-105258,24,64.7,35.5,115,2
CUST-105259,23,61.5,101.6,54,2
CUST-105260,23,79.5,94.8,5688,27
CUST-105261,22,87.3,99.4,4572,8
CUST-105262,8,29.7,12.1,130,9
CUST-105263,20,51.0,108.6,68,42
CUST-105264,6,12.4,6.1,92,32
CUST-105265,16,87.8,89.7,29,35
CUST-105266,29,69.1,104.3,1564,28
CUST-105267,21,57.7,95.4,1526,17
CUST-105268,27,55.8,30.1,1505,8
CUST-105269,4,32.8,10.9,31,43
CUST-105270,7,25.1,17.8,39,22
CUST-105271,7,18.1,10.4,137,18
CUST-105272,7,14.4,17.9,19,8
CUST-105273,14,17.5,7.9,11,41
CUST-105274,14,27.3,8.8,140,42
CUST-105275,7,29.8,10.4,110,44
CUST-105276,3,40.4,20.2,96,22
CUST-105277,23,70.1,66.4,3652,21
CUST-105278,24,83.0,35.5,61,45
CUST-105279,15,51.6,52.2,1983,18
CUST-105280,7,11.6,16.4,137,25
CUST-105281,15,80.2,98.5,3644,9
CUST-105282,12,37.1,13.5,32,27
CUST-105283,28,69.5,77.8,3267,14
CUST-105284,10,13.1,20.1,130,17
CUST-105285,10,41.7,7.4,136,43
CUST-105286,19,91.9,44.5,44,21
CUST-105287,14,39.1,8.7,52,28
CUST-105288,8,33.9,10.9,14,20
CUST-105289,5,13.9,14.1,142,18
CUST-105290,2,33.9,7.9,131,17
CUST-105291,1,44.5,17.5,15,1
CUST-105292,22,93.6,80.6,143,29
CUST-105293,5,23.6,19.4,106,35
CUST-105294,29,93.4,97.5,4095,29
CUST-105295,1,32.4,7.6,70,27
CUST-105296,18,57.2,76.2,89,3
CUST-105297,1,17.5,18.8,110,0
CUST-105298,28,93.4,103.7,92,3
CUST-105299,16,60.7,103.2,31,4
CUST-105300,21,50.2,30.8,5,5
CUST-105301,22,61.2,81.0,53,1
CUST-105302,13,29.4,4.9,118,41
CUST-105303,11,39.6,9.4,45,13
CUST-105304,6,37.1,13.0,144,34
CUST-105305,17,94.0,89.2,28,25
CUST-105306,20,94.0,44.1,82,15
CUST-105307,21,63.5,39.6,3128,16
CUST-105308,13,42.7,8.6,131,16
CUST-105309,15,51.9,71.7,92,31
CUST-105310,5,15.1,20.3,68,39
CUST-105311,9,39.5,15.7,75,11
CUST-105312,9,13.2,20.7,26,40
CUST-105313,25,69.8,68.2,1432,44
CUST-105314,10,40.6,4.4,119,33
CUST-105315,3,33.7,6.1,84,3
CUST-105316,17,73.4,41.7,1751,29
CUST-105317,16,69.3,62.3,1246,28
CUST-105318,11,35.3,11.4,31,39
CUST-105319,27,72.0,69.1,103,10
CUST-105320,9,20.9,17.8,145,30
CUST-105321,7,10.1,18.0,18,37
CUST-105322,17,64.7,88.2,147,7
CUST-105323,2,20.6,21.9,11,18
CUST-105324,17,82.7,107.6,7424,13
CUST-105325,14,19.2,18.3,12,35
CUST-105326,20,60.6,58.9,54,37
CUST-105327,18,54.1,82.8,72,28
CUST-105328,4,25.4,12.1,132,40
CUST-105329,16,76.6,41.2,2925,39
CUST-105330,18,80.3,80.7,0,14
CUST-105331,7,23.3,4.7,17,29
CUST-105332,4,29.2,14.0,114,11
CUST-105333,6,36.1,16.3,1,39
CUST-105334,11,33.9,19.0,98,19
CUST-105335,27,53.2,96.8,66,22
CUST-105336,4,16.1,5.0,93,30
CUST-105337,25,66.7,74.5,5140,0
CUST-105338,16,82.6,59.8,45,5
CUST-105339,6,34.9,17.1,19,29
CUST-105340,15,93.1,34.6,4,31
CUST-105341,7,12.0,10.4,43,33
CUST-105342,2,37.2,21.0,50,2
CUST-105343,26,83.4,90.8,104,44
CUST-105344,6,12.2,19.6,20,4
CUST-105345,22,62.0,32.2,106,41
CUST-105346,21,78.3,79.0,142,10
CUST-105347,5,22.2,18.2,25,18
CUST-105348,26,93.2,52.0,94,21
CUST-105349,14,35.8,9.6,100,9
CUST-105350,3,16.3,18.3,8,8
CUST-105351,15,78.3,73.8,101,33
CUST-105352,10,31.0,5.5,25,30
CUST-105353,2,42.1,19.7,116,28
CUST-105354,5,15.7,17.1,108,26
CUST-105355,7,17.2,10.5,31,22
CUST-105356,26,94.5,97.9,6950,4
CUST-105357,14,32.8,19.3,102,23
CUST-105358,8,28.1,5.8,108,8
CUST-105359,13,18.8,21.4,115,8
CUST-105360,12,37.5,15.8,129,39
CUST-105361,14,41.2,21.5,119,38
CUST-105362,12,45.0,12.9,148,4
CUST-105363,7,36.6,17.5,114,13
CUST-105364,6,14.6,19.5,16,8
CUST-105365,26,72.9,26.7,2029,24
CUST-105366,17,92.0,83.3,127,13
CUST-105367,23,76.6,61.1,4582,26
CUST-105368,2,26.9,15.1,115,3
CUST-105369,2,15.8,18.5,30,28
CUST-105370,1,14.5,16.7,74,7
CUST-105371,24,89.1,69.0,1,15
CUST-105372,4,28.8,8.1,129,7
CUST-105373,16,93.2,62.8,68,20
CUST-105374,9,29.7,6.4,71,14
CUST-105375,12,31.8,18.6,141,27
CUST-105376,28,66.0,34.9,2687,11
CUST-105377,23,56.2,73.5,3087,25
CUST-105378,5,18.7,10.3,79,35
CUST-105379,14,27.6,8.2,50,45
CUST-105380,2,36.2,19.0,32,32
CUST-105381,5,44.0,12.3,75,23
CUST-105382,26,50.1,29.4,1558,15
CUST-105383,5,15.3,13.5,64,38
CUST-105384,8,29.2,20.9,20,18
CUST-105385,1,16.2,21.2,71,39
CUST-105386,10,26.4,4.3,23,35
CUST-105387,3,12.2,18.5,5,33
CUST-105388,27,71.9,87.5,4637,13
CUST-105389,9,17.2,15.0,117,22
CUST-105390,10,44.2,7.3,75,5
CUST-105391,19,87.6,107.1,1606,31
CUST-105392,16,58.4,66.7,2934,8
CUST-105393,5,33.9,6.0,87,12
CUST-105394,9,32.0,10.1,87,19
CUST-105395,2,27.8,21.0,78,16
CUST-105396,7,35.3,10.4,53,16
CUST-105397,9,33.0,10.5,86,30
CUST-105398,8,14.0,15.6,145,21
CUST-105399,22,94.1,86.6,31,1
CUST-105400,2,11.1,11.4,129,14
CUST-105401,21,79.1,73.9,1182,45
CUST-105402,16,63.9,52.8,53,44
CUST-105403,26,81.8,95.2,78,28
CUST-105404,25,60.8,64.4,1030,9
CUST-105405,4,45.0,7.3,61,31
CUST-105406,11,30.4,16.1,113,7
CUST-105407,24,86.3,100.1,38,40
CUST-105408,2,38.5,21.8,112,15
CUST-105409,2,40.7,20.5,76,14
CUST-105410,12,21.4,20.7,44,23
CUST-105411,23,60.6,56.4,63,19
CUST-105412,15,55.9,48.5,113,34
CUST-105413,4,20.0,21.7,49,42
CUST-105414,21,86.3,70.4,2745,24
CUST-105415,23,78.4,56.4,3722,14
CUST-105416,7,44.2,7.9,131,28
CUST-105417,18,55.5,27.4,142,27
CUST-105418,3,35.9,16.5,4,36
CUST-105419,13,30.4,19.7,105,18
CUST-105420,4,28.4,19.7,115,8
CUST-105421,19,52.5,35.4,47,43
CUST-105422,4,35.1,10.0,12,1
CUST-105423,14,43.8,21.5,122,10
CUST-105424,22,81.0,66.1,9,26
CUST-105425,19,75.6,29.8,43,4
CUST-105426,10,29.9,6.5,32,6
CUST-105427,6,34.9,14.8,31,0
CUST-105428,23,79.0,40.0,54,12
CUST-105429,17,69.9,74.3,3046,3
CUST-105430,19,59.6,74.5,76,3
CUST-105431,10,41.6,19.3,147,44
CUST-105432,23,85.3,73.8,37,26
CUST-105433,12,24.0,20.9,82,35
CUST-105434,6,38.4,17.7,131,30
CUST-105435,29,78.6,28.1,148,20
CUST-105436,2,11.6,21.2,126,42
CUST-105437,12,35.7,20.9,146,39
CUST-105438,8,28.5,20.8,18,5
CUST-105439,21,92.5,38.5,89,2
CUST-105440,13,16.4,13.2,134,6
CUST-105441,1,28.6,17.1,40,39
CUST-105442,26,70.5,51.8,124,8
CUST-105443,24,72.3,65.2,3064,21
CUST-105444,6,10.3,8.0,51,31
CUST-105445,26,85.8,101.6,57,32
CUST-105446,6,39.1,15.9,85,8
CUST-105447,3,18.0,12.9,31,0
CUST-105448,2,14.8,9.9,101,30
CUST-105449,3,34.0,14.7,29,45
CUST-105450,14,11.8,10.0,63,24
CUST-105451,6,21.4,19.9,118,26
CUST-105452,25,85.1,40.1,120,22
CUST-105453,27,57.4,74.6,131,4
CUST-105454,21,71.2,37.2,2938,11
CUST-105455,16,85.3,109.2,42,2
CUST-105456,14,20.1,8.0,66,43
CUST-105457,24,93.8,84.6,1945,43
CUST-105458,16,72.2,83.9,58,34
CUST-105459,18,54.1,87.9,8,34
CUST-105460,26,68.0,56.8,20,34
CUST-105461,17,54.4,105.6,0,44
CUST-105462,17,64.8,68.5,46,29
CUST-105463,1,27.4,21.5,82,35
CUST-105464,9,15.6,13.2,42,35
CUST-105465,1,27.1,4.3,62,37
CUST-105466,24,66.1,72.2,55,10
CUST-105467,17,67.8,41.1,945,37
CUST-105468,6,15.4,9.4,97,19
CUST-105469,12,42.6,5.9,36,34
CUST-105470,22,53.3,81.5,1059,38
CUST-105471,1,10.5,7.2,128,4
CUST-105472,2,35.2,9.1,103,27
CUST-105473,8,28.2,11.7,13,11
CUST-105474,18,79.4,71.3,102,34
CUST-105475,26,80.7,94.4,100,27
CUST-105476,20,66.6,65.0,131,36
CUST-105477,10,37.6,12.1,58,38
CUST-105478,14,18.9,5.5,142,43
CUST-105479,11,40.0,19.9,129,34
CUST-105480,14,36.6,12.5,10,7
CUST-105481,17,94.7,46.4,134,23
CUST-105482,24,54.1,30.7,1442,21
CUST-105483,4,13.0,11.4,27,15
CUST-105484,3,17.4,21.3,111,28
CUST-105485,19,86.3,57.0,1482,41
CUST-105486,13,23.8,20.7,126,30
CUST-105487,7,41.9,6.1,82,37
CUST-105488,11,40.6,18.3,39,21
CUST-105489,19,90.3,72.8,121,43
CUST-105490,24,72.6,42.9,135,42
CUST-105491,3,33.0,20.1,82,25
CUST-105492,9,44.6,8.7,69,9
CUST-105493,9,28.9,20.6,20,41
CUST-105494,1,23.1,7.4,136,11
CUST-105495,9,27.0,18.6,146,5
CUST-105496,24,87.8,45.3,3533,37
CUST-105497,8,29.9,7.2,142,12
CUST-105498,1,18.8,7.9,45,31
CUST-105499,15,86.0,48.7,3506,2
CUST-105500,24,59.1,107.9,70,39
CUST-105501,13,34.0,7.8,21,7
CUST-105502,1,28.7,11.0,51,21
CUST-105503,4,20.1,5.9,92,23
CUST-105504,14,12.1,11.7,120,8
CUST-105505,6,36.9,16.6,1,2
CUST-105506,14,21.5,21.0,94,16
CUST-105507,24,92.6,88.8,64,26
CUST-105508,10,15.0,8.8,11,13
CUST-105509,17,84.4,29.3,51,43
CUST-105510,24,50.1,33.8,18,13
CUST-105511,3,11.3,21.3,125,34
CUST-105512,24,68.7,54.5,107,38
CUST-105513,8,14.9,11.3,17,7
CUST-105514,20,60.4,82.5,4950,16
CUST-105515,13,41.5,13.1,43,28
CUST-105516,24,58.8,62.8,26,0
CUST-105517,10,22.0,4.4,129,21
CUST-105518,25,91.7,86.7,40,7
CUST-105519,23,83.7,65.8,6,38
CUST-105520,2,26.9,5.2,150,12
CUST-105521,24,84.2,94.6,1135,21
CUST-105522,1,23.8,10.2,88,30
CUST-105523,17,53.6,79.2,78,42
CUST-105524,3,27.7,7.2,37,4
CUST-105525,21,78.0,30.1,9,32
CUST-105526,22,94.5,65.9,101,8
CUST-105527,2,22.6,4.5,5,34
CUST-105528,10,39.2,17.0,97,29
CUST-105529,9,39.6,19.5,48,2
CUST-105530,23,59.6,89.3,6786,16
CUST-105531,26,79.0,70.0,2450,8
CUST-105532,9,18.7,18.2,126,42
CUST-105533,9,40.5,15.1,97,34
CUST-105534,10,11.2,6.2,127,35
CUST-105535,8,30.0,9.3,43,45
CUST-105536,13,23.9,12.1,136,35
CUST-105537,3,30.2,5.0,141,3
CUST-105538,10,17.4,20.7,142,8
CUST-105539,8,33.8,18.0,100,0
CUST-105540,26,90.1,103.8,26,36
CUST-105541,9,18.3,6.9,10,13
CUST-105542,3,23.6,7.8,126,19
CUST-105543,10,40.8,16.4,30,22
CUST-105544,18,60.7,87.1,5487,10
CUST-105545,8,13.0,21.0,62,34
CUST-105546,9,36.9,17.3,69,25
CUST-105547,18,68.6,99.0,119,38
CUST-105548,15,89.5,105.2,109,19
CUST-105549,28,88.7,68.2,95,13
CUST-105550,14,37.5,21.8,79,38
CUST-105551,9,43.0,5.3,147,8
CUST-105552,24,55.1,87.7,72,20
CUST-105553,9,23.3,7.4,79,30
CUST-105554,12,38.6,4.1,97,43
CUST-105555,22,84.7,26.6,84,9
CUST-105556,29,67.4,43.8,2452,12
CUST-105557,16,68.1,70.1,16,38
CUST-105558,12,43.3,20.6,93,4
CUST-105559,16,80.9,31.9,1499,21
CUST-105560,23,57.5,101.4,6084,32
CUST-105561,26,72.2,41.4,703,11
CUST-105562,3,10.1,4.8,17,37
CUST-105563,19,78.6,102.3,8,24
CUST-105564,22,72.8,58.0,79,43
CUST-105565,27,57.4,28.8,129,41
CUST-105566,7,39.7,21.4,102,23
CUST-105567,18,52.0,87.1,3309,1
CUST-105568,19,68.1,56.7,130,19
CUST-105569,27,51.7,68.6,1714,30
CUST-105570,2,20.2,18.2,77,37
CUST-105571,14,44.7,15.8,124,18
CUST-105572,10,40.0,15.8,145,40
CUST-105573,1,36.7,4.9,17,37
CUST-105574,21,87.7,63.1,2397,4
CUST-105575,20,82.5,102.4,93,10
CUST-105576,12,16.4,17.3,90,36
CUST-105577,4,43.4,14.0,132,27
CUST-105578,9,33.0,14.9,145,4
CUST-105579,11,36.6,18.3,4,9
CUST-105580,6,27.0,16.7,140,26
CUST-105581,12,30.5,21.6,107,22
CUST-105582,28,62.7,73.1,2485,1
CUST-105583,2,38.9,4.4,57,34
CUST-105584,21,81.0,33.1,1820,34
CUST-105585,12,16.8,20.9,15,7
CUST-105586,17,80.1,52.2,67,24
CUST-105587,23,78.6,59.3,96,36
CUST-105588,11,37.8,8.5,113,18
CUST-105589,13,24.0,9.1,60,22
CUST-105590,6,17.0,11.8,74,12
CUST-105591,2,37.9,10.2,20,10
CUST-105592,22,63.0,98.4,2460,23
CUST-105593,27,74.4,55.7,101,37
CUST-105594,13,39.8,20.1,82,26
CUST-105595,9,25.5,12.4,88,42
CUST-105596,17,89.4,88.5,2920,5
CUST-105597,16,91.6,28.8,52,7
CUST-105598,5,20.1,20.8,88,6
CUST-105599,29,67.0,97.9,2447,8
CUST-105600,8,16.9,18.7,127,11
CUST-105601,14,27.9,4.1,130,29
CUST-105602,10,13.1,21.5,21,43
CUST-105603,9,20.3,20.2,96,34
CUST-105604,5,21.9,16.4,8,25
CUST-105605,24,87.5,40.0,30,33
CUST-105606,16,91.4,26.5,43,9
CUST-105607,16,94.7,83.6,59,43
CUST-105608,4,44.2,19.4,19,1
CUST-105609,3,28.2,12.0,65,44
CUST-105610,18,80.4,27.3,1310,17
CUST-105611,13,41.3,6.9,57,18
CUST-105612,13,42.6,16.8,45,22
CUST-105613,13,44.9,21.5,45,16
CUST-105614,29,51.0,98.3,4423,21
CUST-105615,29,71.1,39.9,89,22
CUST-105616,8,15.7,17.2,102,15
CUST-105617,23,59.3,100.4,72,18
CUST-105618,5,30.4,12.1,49,21
CUST-105619,8,41.5,16.1,31,39
CUST-105620,11,23.3,10.0,101,25
CUST-105621,23,66.6,30.1,68,16
CUST-105622,8,30.4,13.7,7,13
CUST-105623,23,90.7,55.1,30,23
CUST-105624,12,39.9,10.5,25,1
CUST-105625,29,73.5,44.9,74,24
CUST-105626,25,63.8,101.4,131,2
CUST-105627,16,82.2,58.0,53,38
CUST-105628,6,42.8,6.4,85,27
CUST-105629,3,24.6,16.5,20,36
CUST-105630,15,65.9,96.7,6382,17
CUST-105631,24,79.7,52.9,62,27
CUST-105632,25,68.2,81.1,3162,26
CUST-105633,13,35.3,7.1,9,34
CUST-105634,1,38.3,12.2,27,7
CUST-105635,26,51.0,55.4,3933,11
CUST-105636,3,41.1,22.0,139,42
CUST-105637,12,43.5,20.6,93,11
CUST-105638,27,86.2,42.7,23,19
CUST-105639,15,71.6,34.7,76,44
CUST-105640,6,34.8,5.0,19,9
CUST-105641,26,69.2,55.8,113,24
CUST-105642,14,16.8,18.0,6,30
CUST-105643,28,67.4,45.3,724,38
CUST-105644,12,18.6,9.1,79,30
CUST-105645,23,70.1,55.8,145,34
CUST-105646,8,26.9,8.5,87,8
CUST-105647,1,31.8,14.1,137,11
CUST-105648,19,92.8,40.6,31,31
CUST-105649,3,39.1,7.3,82,20
CUST-105650,14,25.7,4.2,79,17
CUST-105651,21,78.1,56.8,139,21
CUST-105652,17,92.9,65.8,68,30
CUST-105653,19,55.0,51.8,29,7
CUST-105654,13,26.3,4.4,108,39
CUST-105655,8,22.8,16.9,4,32
CUST-105656,15,81.1,27.5,41,31
CUST-105657,2,12.1,7.5,114,38
CUST-105658,15,71.5,25.5,1275,7
CUST-105659,26,81.4,57.6,4435,41
CUST-105660,11,15.7,18.8,142,16
CUST-105661,6,34.2,17.5,67,18
CUST-105662,11,18.0,13.9,11,10
CUST-105663,2,36.4,18.9,0,14
CUST-105664,2,31.6,17.3,29,44
CUST-105665,3,27.0,11.7,118,23
CUST-105666,29,55.9,75.3,2033,20
CUST-105667,13,37.8,7.9,148,7
CUST-105668,11,20.8,6.4,1,1
CUST-105669,3,42.1,19.0,150,0
CUST-105670,5,23.2,15.0,85,1
CUST-105671,12,18.4,5.7,137,25
CUST-105672,2,32.4,14.8,114,41
CUST-105673,22,80.3,64.6,4134,6
CUST-105674,18,86.8,26.8,115,20
CUST-105675,3,24.8,7.4,144,22
CUST-105676,12,41.9,4.9,84,7
CUST-105677,3,34.6,12.8,136,18
CUST-105678,9,34.4,19.9,35,28
CUST-105679,21,94.0,65.2,2673,5
CUST-105680,12,19.6,6.0,129,5
CUST-105681,25,81.3,79.2,95,3
CUST-105682,8,15.1,11.0,4,28
CUST-105683,24,55.9,29.2,115,35
CUST-105684,12,17.3,9.7,31,25
CUST-105685,13,13.8,14.7,52,27
CUST-105686,2,41.4,4.3,113,10
CUST-105687,11,31.7,4.7,21,24
CUST-105688,21,50.5,98.9,52,36
CUST-105689,1,38.4,18.6,133,36
CUST-105690,8,40.3,20.7,43,26
CUST-105691,16,94.8,64.2,98,20
CUST-105692,10,24.9,4.5,108,20
CUST-105693,25,94.9,54.8,147,26
CUST-105694,15,88.7,62.3,2305,31
CUST-105695,13,15.5,11.3,39,41
CUST-105696,2,39.5,9.9,147,23
CUST-105697,29,91.8,31.8,2448,40
CUST-105698,11,35.1,17.6,119,32
CUST-105699,4,38.2,18.5,64,40
CUST-105700,9,10.3,7.4,88,0
CUST-105701,1,18.0,6.1,77,41
CUST-105702,12,15.8,11.4,130,16
CUST-105703,13,41.0,13.7,93,31
CUST-105704,21,80.1,50.4,3679,1
CUST-105705,3,34.5,14.0,41,24
CUST-105706,18,64.1,108.8,123,3
CUST-105707,1,13.1,14.7,117,6
CUST-105708,4,24.7,20.0,110,24
CUST-105709,14,21.8,16.7,28,10
CUST-105710,9,28.6,19.2,71,21
CUST-105711,18,64.2,59.7,144,10
CUST-105712,5,40.9,13.6,120,1
CUST-105713,11,16.0,21.2,11,4
CUST-105714,12,41.6,5.8,9,31
CUST-105715,15,60.6,37.0,55,5
CUST-105716,26,88.2,84.9,148,23
CUST-105717,19,67.6,26.8,2090,22
CUST-105718,2,27.6,15.4,92,39
CUST-105719,13,28.1,19.1,120,30
CUST-105720,1,24.8,18.1,39,43
CUST-105721,26,58.0,102.7,8010,3
CUST-105722,14,24.3,12.4,67,4
CUST-105723,9,40.1,10.4,42,5
CUST-105724,2,21.6,7.7,106,21
CUST-105725,19,81.7,61.3,3555,24
CUST-105726,4,39.9,7.3,140,18
CUST-105727,24,88.4,86.1,861,43
CUST-105728,1,11.6,9.4,53,26
CUST-105729,19,88.8,57.1,3540,5
CUST-105730,22,66.0,72.3,5567,22
CUST-105731,14,12.4,8.5,123,26
CUST-105732,13,41.5,9.7,24,19
CUST-105733,13,22.0,15.9,95,4
CUST-105734,1,24.8,8.0,103,41
CUST-105735,9,39.0,7.3,125,45
CUST-105736,25,71.1,88.7,56,33
CUST-105737,3,14.3,12.3,103,7
CUST-105738,5,41.9,7.2,131,40
CUST-105739,3,28.2,18.2,19,5
CUST-105740,3,36.0,19.8,48,28
CUST-105741,23,90.7,60.0,17,1
CUST-105742,9,43.9,11.4,26,11
CUST-105743,14,26.6,9.0,122,17
CUST-105744,22,77.0,45.9,2662,31
CUST-105745,13,38.7,8.5,51,24
CUST-105746,23,94.0,53.6,2036,5
CUST-105747,28,66.1,96.2,2501,13
CUST-105748,11,29.2,13.7,90,3
CUST-105749,5,15.1,9.1,23,28
CUST-105750,25,91.6,94.2,3485,41
CUST-105751,16,50.2,106.7,5761,43
CUST-105752,7,25.2,9.8,142,29
CUST-105753,3,24.3,12.2,0,25
CUST-105754,8,17.9,5.7,27,34
CUST-105755,21,70.0,107.6,80,44
CUST-105756,9,23.9,17.1,94,45
CUST-105757,3,32.2,5.6,82,45
CUST-105758,29,92.7,97.4,7597,1
CUST-105759,16,82.1,77.6,27,6
CUST-105760,6,36.9,19.0,79,3
CUST-105761,29,66.1,91.0,4641,19
CUST-105762,27,87.9,28.1,1798,11
CUST-105763,18,77.5,99.9,100,31
CUST-105764,7,13.8,4.6,76,32
CUST-105765,3,16.0,13.4,44,6
CUST-105766,9,33.6,15.3,74,15
CUST-105767,5,23.1,4.0,136,36
CUST-105768,13,28.1,4.4,32,2
CUST-105769,23,90.7,88.1,87,20
CUST-105770,14,19.9,19.3,55,44
CUST-105771,13,30.1,6.1,104,33
CUST-105772,26,83.9,37.9,110,33
CUST-105773,4,36.7,11.8,28,37
CUST-105774,23,80.4,91.4,24,28
CUST-105775,12,39.8,8.4,79,9
CUST-105776,24,67.6,48.4,3775,18
CUST-105777,20,86.8,61.9,1857,10
CUST-105778,16,82.8,82.4,108,18
CUST-105779,26,83.9,67.5,2700,11
CUST-105780,27,61.4,41.6,1788,11
CUST-105781,21,64.2,90.8,50,32
CUST-105782,13,14.6,5.1,26,6
CUST-105783,27,90.2,77.4,3018,43
CUST-105784,25,61.1,25.5,141,24
CUST-105785,7,41.0,16.5,134,27
CUST-105786,16,94.7,72.0,33,17
CUST-105787,15,78.5,66.4,31,13
CUST-105788,9,11.6,16.8,109,44
CUST-105789,10,38.8,5.5,31,19
CUST-105790,19,51.3,57.8,121,19
CUST-105791,3,25.8,15.9,110,39
CUST-105792,21,59.3,27.1,1436,6
CUST-105793,20,61.8,34.8,1670,27
CUST-105794,8,28.1,4.9,149,15
CUST-105795,8,14.8,9.0,30,17
CUST-105796,8,26.0,12.0,86,28
CUST-105797,28,84.0,58.3,1399,1
CUST-105798,6,40.0,15.0,103,33
CUST-105799,1,39.0,19.6,70,10
CUST-105800,8,24.2,6.1,73,2
CUST-105801,13,36.7,4.5,4,29
CUST-105802,10,18.5,10.1,70,42
CUST-105803,18,88.5,27.7,1523,21
CUST-105804,10,34.5,17.5,44,0
CUST-105805,5,43.0,10.7,17,4
CUST-105806,11,33.5,16.3,47,1
CUST-105807,4,10.9,14.0,32,35
CUST-105808,21,53.3,46.6,99,38
CUST-105809,11,27.8,16.8,37,20
CUST-105810,1,23.6,12.8,96,2
CUST-105811,4,32.1,4.0,79,37
CUST-105812,15,66.8,69.2,2698,38
CUST-105813,9,34.1,9.6,121,1
CUST-105814,5,44.4,6.3,87,25
CUST-105815,4,29.2,17.3,85,10
CUST-105816,12,29.0,14.2,18,15
CUST-105817,10,32.8,4.0,43,43
CUST-105818,19,88.5,27.6,112,33
CUST-105819,7,13.2,10.9,93,21
CUST-105820,13,34.3,21.9,117,6
CUST-105821,20,85.7,47.8,95,7
CUST-105822,9,42.7,19.7,128,7
CUST-105823,5,33.3,11.6,27,22
CUST-105824,21,88.1,83.7,107,39
CUST-105825,2,33.4,8.4,35,43
CUST-105826,24,64.1,85.0,67,34
CUST-105827,12,36.6,11.4,95,26
CUST-105828,6,37.6,14.9,78,25
CUST-105829,4,12.9,9.0,146,39
CUST-105830,14,24.6,21.3,51,28
CUST-105831,17,77.5,82.9,39,4
CUST-105832,22,58.4,105.1,150,12
CUST-105833,3,26.0,18.3,8,38
CUST-105834,29,88.3,50.4,50,4
CUST-105835,18,50.8,106.3,121,12
CUST-105836,11,30.3,19.8,14,42
CUST-105837,2,26.8,16.5,11,33
CUST-105838,11,38.0,7.4,69,33
CUST-105839,14,26.9,13.4,8,2
CUST-105840,25,80.8,91.7,53,23
CUST-105841,11,43.8,16.6,111,11
CUST-105842,7,20.4,20.9,1,25
CUST-105843,13,15.2,13.2,78,36
CUST-105844,28,79.5,35.6,7,3
CUST-105845,6,22.9,21.2,39,35
CUST-105846,8,14.5,18.1,115,38
CUST-105847,21,65.0,47.1,1695,12
CUST-105848,21,93.2,28.9,491,12
CUST-105849,23,61.6,41.5,2,4
CUST-105850,18,66.1,50.8,3,30
CUST-105851,19,68.0,97.3,150,4
CUST-105852,7,22.4,18.7,122,45
CUST-105853,10,31.7,8.0,60,36
CUST-105854,2,31.4,21.6,129,17
CUST-105855,23,85.8,33.9,26,28
CUST-105856,28,72.8,41.8,87,44
CUST-105857,24,69.5,38.6,2354,21
CUST-105858,20,62.9,85.2,11,19
CUST-105859,15,57.2,87.7,1315,14
CUST-105860,3,39.7,17.1,5,13
CUST-105861,5,27.6,16.5,65,42
CUST-105862,19,69.8,46.5,101,40
CUST-105863,10,13.1,15.1,143,44
CUST-105864,8,24.3,7.2,126,40
CUST-105865,14,31.3,16.3,119,12
CUST-105866,23,63.4,26.2,29,4
CUST-105867,20,72.3,81.4,814,5
CUST-105868,9,28.7,21.3,25,30
CUST-105869,19,74.7,61.9,27,24
CUST-105870,29,58.3,73.5,1837,2
CUST-105871,1,12.2,5.6,77,19
CUST-105872,20,67.4,99.3,17,41
CUST-105873,23,80.2,46.2,2956,0
CUST-105874,17,57.9,89.2,117,5
CUST-105875,16,78.6,107.7,26,13
CUST-105876,12,35.8,9.3,42,28
CUST-105877,13,21.9,11.3,97,29
CUST-105878,9,28.4,8.4,80,4
CUST-105879,7,18.7,16.5,83,19
CUST-105880,5,16.0,6.3,118,17
CUST-105881,26,64.7,40.3,87,10
CUST-105882,14,26.9,9.2,86,13
CUST-105883,20,75.0,63.2,2022,12
CUST-105884,22,69.3,83.7,88,12
CUST-105885,4,32.6,12.7,49,35
CUST-105886,29,77.6,93.8,69,22
CUST-105887,20,70.6,55.2,142,42
CUST-105888,27,88.5,77.5,2480,39
CUST-105889,3,27.2,15.1,112,41
CUST-105890,1,33.7,19.5,1,11
CUST-105891,25,50.1,88.4,4331,42
CUST-105892,10,19.9,17.2,71,9
CUST-105893,6,35.8,13.4,85,40
CUST-105894,8,40.9,11.7,1,31
CUST-105895,16,65.4,37.8,944,14
CUST-105896,16,53.4,34.2,50,16
CUST-105897,11,39.9,21.0,86,19
CUST-105898,10,42.9,19.2,38,11
CUST-105899,4,24.5,5.0,53,17
CUST-105900,24,66.4,59.0,112,39
CUST-105901,8,18.2,19.7,42,44
CUST-105902,1,24.4,4.7,72,28
CUST-105903,15,59.5,64.9,2076,39
CUST-105904,21,76.3,33.0,78,20
CUST-105905,29,64.8,26.4,116,7
CUST-105906,10,20.4,20.6,52,19
CUST-105907,22,58.7,55.1,142,27
CUST-105908,10,32.6,10.6,49,23
CUST-105909,22,53.9,44.5,1246,11
CUST-105910,14,18.2,21.5,78,33
CUST-105911,12,12.4,5.3,19,26
CUST-105912,24,63.8,66.6,19,23
CUST-105913,24,82.3,84.6,117,45
CUST-105914,16,88.2,64.6,1550,0
CUST-105915,23,85.0,81.2,2354,35
CUST-105916,5,14.4,10.8,63,31
CUST-105917,9,33.2,20.8,148,6
CUST-105918,17,66.8,101.2,2327,33
CUST-105919,14,38.6,10.9,6,17
CUST-105920,23,57.8,29.8,2,40
CUST-105921,15,74.6,38.7,503,35
CUST-105922,2,10.9,12.7,63,12
CUST-105923,11,14.9,4.0,72,44
CUST-105924,27,56.6,47.0,85,39
CUST-105925,6,25.9,7.1,86,35
CUST-105926,18,79.7,40.9,2740,45
CUST-105927,17,84.0,95.4,98,7
CUST-105928,2,42.9,12.5,39,44
CUST-105929,14,20.7,20.9,2,23
CUST-105930,11,32.4,17.1,133,21
CUST-105931,7,28.3,7.2,79,7
CUST-105932,10,11.4,13.7,54,37
CUST-105933,12,35.4,21.1,1,19
CUST-105934,12,39.4,18.9,74,27
CUST-105935,8,40.3,14.5,68,12
CUST-105936,16,90.7,99.7,89,1
CUST-105937,18,52.1,69.0,4485,36
CUST-105938,10,32.2,19.7,61,10
CUST-105939,2,13.6,10.2,97,8
CUST-105940,5,21.1,17.7,7,10
CUST-105941,13,11.4,16.7,30,36
CUST-105942,9,20.9,15.6,124,3
CUST-105943,4,42.3,8.4,141,26
CUST-105944,6,21.3,13.5,126,28
CUST-105945,8,10.5,14.8,100,39
CUST-105946,9,22.9,16.6,150,13
CUST-105947,10,21.4,12.4,144,39
CUST-105948,20,65.1,103.6,7977,43
CUST-105949,3,30.0,5.4,111,42
CUST-105950,21,76.8,96.4,1638,38
CUST-105951,17,88.3,47.6,140,33
CUST-105952,27,60.8,99.0,50,38
CUST-105953,11,21.7,14.4,125,33
CUST-105954,25,85.0,88.7,2572,13
CUST-105955,3,32.0,14.4,5,0
CUST-105956,25,59.7,48.0,864,2
CUST-105957,9,34.9,19.3,37,1
CUST-105958,8,22.8,4.2,85,39
CUST-105959,4,20.4,14.7,85,2
CUST-105960,16,63.7,76.2,23,10
CUST-105961,8,44.3,5.4,77,11
CUST-105962,3,44.1,11.7,127,20
CUST-105963,2,35.2,9.2,57,16
CUST-105964,16,90.6,26.9,64,43
CUST-105965,25,51.7,36.3,136,45
CUST-105966,20,53.5,76.4,5577,17
CUST-105967,7,44.6,18.3,96,19
CUST-105968,28,86.2,62.9,131,36
CUST-105969,26,55.0,59.0,3363,28
CUST-105970,19,69.6,65.5,851,41
CUST-105971,9,15.6,18.1,93,37
CUST-105972,22,52.3,97.6,34,33
CUST-105973,8,32.6,13.8,47,3
CUST-105974,26,55.5,78.0,5928,17
CUST-105975,1,12.6,12.6,123,42
CUST-105976,2,40.3,8.0,89,13
CUST-105977,1,43.1,6.1,133,17
CUST-105978,29,75.4,28.9,132,44
CUST-105979,12,17.5,12.2,11,37
CUST-105980,3,40.9,6.9,58,1
CUST-105981,17,54.2,97.0,60,28
CUST-105982,3,35.8,13.8,59,37
CUST-105983,4,22.5,7.4,90,0
CUST-105984,25,71.0,38.6,38,23
CUST-105985,5,37.5,7.8,88,32
CUST-105986,14,21.1,4.5,41,43
CUST-105987,25,51.5,49.0,122,13
CUST-105988,2,13.6,6.3,67,37
CUST-105989,3,23.3,18.1,112,31
CUST-105990,10,39.6,19.5,59,43
CUST-105991,25,66.7,33.5,2512,25
CUST-105992,1,20.4,6.1,64,27
CUST-105993,11,38.1,17.9,37,1
CUST-105994,4,19.5,20.7,64,3
CUST-105995,10,13.6,16.5,0,12
CUST-105996,4,38.9,13.1,134,20
CUST-105997,19,52.9,75.3,1,41
CUST-105998,19,94.5,42.2,117,4
CUST-105999,3,33.6,18.5,6,11
CUST-106000,8,26.2,20.1,100,45
CUST-106001,21,65.9,72.4,109,36
CUST-106002,6,36.4,20.1,133,5
CUST-106003,8,23.2,10.7,131,18
CUST-106004,22,52.6,92.4,1848,10
CUST-106005,16,90.5,78.2,120,9
CUST-106006,14,15.8,10.8,82,42
CUST-106007,27,94.5,41.8,76,2
CUST-106008,5,35.2,11.8,48,28
CUST-106009,8,29.9,13.6,72,30
CUST-106010,21,85.7,44.0,27,12
CUST-106011,11,40.9,9.2,75,25
CUST-106012,15,87.1,49.9,84,22
CUST-106013,6,17.8,15.4,118,12
CUST-106014,9,10.7,8.1,7,17
CUST-106015,10,21.6,19.8,4,2
CUST-106016,10,18.1,20.0,61,3
CUST-106017,6,23.1,17.7,16,8
CUST-106018,3,39.9,20.0,138,31
CUST-106019,27,50.3,42.3,80,23
CUST-106020,2,14.8,11.6,138,25
CUST-106021,4,14.3,20.7,4,5
CUST-106022,13,27.8,16.2,19,25
CUST-106023,1,31.2,5.5,75,18
CUST-106024,10,18.6,17.8,127,34
CUST-106025,19,85.8,72.7,11,9
CUST-106026,15,78.6,90.8,2996,29
CUST-106027,21,86.3,82.2,74,44
CUST-106028,15,58.6,105.8,30,7
CUST-106029,12,17.6,4.2,67,35
CUST-106030,26,78.9,28.4,107,5
CUST-106031,27,54.6,85.1,103,36
CUST-106032,10,14.5,16.2,133,4
CUST-106033,6,12.8,15.0,9,13
CUST-106034,17,62.4,72.6,2904,34
CUST-106035,8,27.3,12.9,37,32
CUST-106036,8,20.8,14.3,147,6
CUST-106037,3,13.4,13.0,109,13
CUST-106038,11,23.7,17.1,52,2
CUST-106039,28,53.8,43.3,1991,2
CUST-106040,4,21.1,17.3,33,1
CUST-106041,4,42.1,6.4,114,23
CUST-106042,29,67.5,32.5,41,2
CUST-106043,15,88.4,83.0,10,17
CUST-106044,8,16.2,12.3,31,42
CUST-106045,17,87.8,79.4,5478,31
CUST-106046,6,18.7,18.3,79,8
CUST-106047,24,90.5,101.9,3974,12
CUST-106048,1,28.5,9.5,2,14
CUST-106049,25,89.4,72.9,116,14
CUST-106050,18,92.5,88.1,60,12
CUST-106051,7,43.3,6.1,79,40
CUST-106052,20,84.4,86.9,94,41
CUST-106053,27,93.8,32.2,57,42
CUST-106054,27,69.3,78.5,3689,45
CUST-106055,22,53.8,91.9,2757,36
CUST-106056,26,59.9,38.0,2850,25
CUST-106057,13,30.1,10.4,25,1
CUST-106058,1,23.9,14.6,95,39
CUST-106059,5,38.3,20.3,40,27
CUST-106060,13,43.6,4.3,108,39
CUST-106061,2,11.0,11.0,58,6
CUST-106062,6,31.9,20.0,144,36
CUST-106063,2,30.7,10.7,28,1
CUST-106064,24,79.1,109.9,2198,24
CUST-106065,16,54.5,38.7,580,7
CUST-106066,17,52.0,95.8,60,5
CUST-106067,10,10.8,21.7,86,23
CUST-106068,7,31.8,5.4,86,27
CUST-106069,9,10.4,5.0,80,41
CUST-106070,17,84.3,81.1,95,22
CUST-106071,29,86.2,103.8,127,18
CUST-106072,16,89.9,95.3,19,32
CUST-106073,15,91.2,41.6,105,40
CUST-106074,7,44.8,15.8,150,4
CUST-106075,24,52.1,49.9,3293,3
CUST-106076,13,41.1,20.3,4,41
CUST-106077,14,16.9,10.3,98,14
CUST-106078,1,22.1,8.6,122,9
CUST-106079,10,25.1,21.4,93,32
CUST-106080,20,51.6,91.2,5198,12
CUST-106081,26,62.1,53.5,1658,11
CUST-106082,11,27.3,13.5,149,16
CUST-106083,11,25.3,21.7,93,42
CUST-106084,6,15.2,15.2,18,23
CUST-106085,28,85.1,50.2,2610,21
CUST-106086,1,44.7,15.0,18,19
CUST-106087,16,58.4,79.1,94,42
CUST-106088,6,44.3,15.3,58,26
CUST-106089,17,77.1,32.1,1572,5
CUST-106090,28,60.2,97.8,105,10
CUST-106091,10,38.5,16.5,122,37
CUST-106092,19,55.7,79.5,109,6
CUST-106093,29,66.1,86.9,0,3
CUST-106094,4,16.1,14.4,96,0
CUST-106095,6,30.8,18.9,109,13
CUST-106096,3,10.8,18.4,17,45
CUST-106097,29,83.1,63.5,127,12
CUST-106098,23,74.1,76.8,148,19
CUST-106099,13,35.2,20.2,110,35
CUST-106100,2,42.0,9.2,130,22
CUST-106101,7,32.9,13.0,36,24
CUST-106102,18,60.7,46.0,45,34
CUST-106103,14,39.0,18.8,105,33
CUST-106104,19,76.9,43.4,150,39
CUST-106105,5,22.6,19.0,58,0
CUST-106106,9,34.3,21.0,114,2
CUST-106107,2,31.6,9.7,64,12
CUST-106108,10,19.0,6.7,15,17
CUST-106109,20,93.7,86.0,3784,43
CUST-106110,12,14.6,10.7,143,21
CUST-106111,13,39.6,7.1,6,4
CUST-106112,21,73.9,36.8,88,2
CUST-106113,2,13.2,9.5,119,18
CUST-106114,24,86.2,55.3,2322,30
CUST-106115,26,69.4,67.3,12,11
CUST-106116,10,20.6,18.9,13,4
CUST-106117,11,13.5,20.1,123,44
CUST-106118,16,69.3,87.4,111,25
CUST-106119,20,56.4,26.8,991,38
CUST-106120,6,43.8,7.7,104,16
CUST-106121,25,50.8,34.7,5,17
CUST-106122,11,25.8,17.7,133,26
CUST-106123,17,62.7,72.3,5567,19
CUST-106124,11,27.6,21.6,48,40
CUST-106125,18,70.4,94.8,122,15
CUST-106126,8,43.6,11.8,130,28
CUST-106127,11,28.3,15.1,103,15
CUST-106128,10,10.6,20.1,88,34
CUST-106129,14,24.3,11.2,8,19
CUST-106130,28,91.6,70.3,125,38
CUST-106131,21,84.6,65.3,3526,43
CUST-106132,11,24.2,7.5,78,15
CUST-106133,15,64.5,87.2,4,11
CUST-106134,17,53.5,51.9,94,23
CUST-106135,2,20.5,17.7,30,2
CUST-106136,17,74.4,26.0,60,34
CUST-106137,27,80.9,88.2,82,6
CUST-106138,3,30.5,16.2,67,11
CUST-106139,6,12.3,12.8,104,36
CUST-106140,28,62.5,47.4,129,30
CUST-106141,22,85.4,49.5,57,35
CUST-106142,1,41.7,18.7,15,36
CUST-106143,15,58.3,103.6,28,18
CUST-106144,21,83.7,109.0,5995,39
CUST-106145,22,50.9,44.7,23,45
CUST-106146,10,11.3,20.6,95,2
CUST-106147,7,37.8,5.4,60,17
CUST-106148,11,36.9,14.5,55,25
CUST-106149,11,36.8,13.8,53,22
CUST-106150,23,79.0,43.2,135,24
CUST-106151,3,13.1,7.8,58,27
CUST-106152,27,55.8,53.1,2442,29
CUST-106153,6,37.3,16.0,88,28
CUST-106154,25,52.3,78.0,41,3
CUST-106155,28,83.2,37.3,2200,0
CUST-106156,19,60.2,63.7,26,28
CUST-106157,13,30.4,16.0,140,21
CUST-106158,17,53.7,69.3,142,4
CUST-106159,21,65.4,101.2,2934,12
CUST-106160,2,28.8,14.5,86,33
CUST-106161,11,20.7,20.0,104,30
CUST-106162,17,80.2,81.0,53,17
CUST-106163,18,77.1,103.7,6636,44
CUST-106164,7,23.1,6.8,34,29
CUST-106165,2,34.5,18.0,118,34
CUST-106166,14,15.6,15.2,53,32
CUST-106167,29,67.0,81.5,115,10
CUST-106168,15,70.4,63.5,14,5
CUST-106169,4,31.0,4.6,77,13
CUST-106170,14,15.4,18.7,14,25
CUST-106171,4,16.9,20.0,121,17
CUST-106172,3,18.0,13.8,105,35
CUST-106173,29,50.4,52.7,3056,24
CUST-106174,26,73.2,84.2,79,43
CUST-106175,24,70.6,75.6,1,39
CUST-106176,29,63.7,64.0,61,39
CUST-106177,21,67.6,54.8,61,38
CUST-106178,19,61.8,109.5,126,35
CUST-106179,15,77.7,39.6,2811,35
CUST-106180,19,84.2,74.8,2094,23
CUST-106181,9,24.5,18.3,110,15
CUST-106182,26,52.6,101.2,1821,14
CUST-106183,4,13.0,8.9,19,41
CUST-106184,1,23.0,6.6,73,16
CUST-106185,2,11.7,14.6,94,41
CUST-106186,25,91.6,28.4,1846,17
CUST-106187,8,34.0,18.3,122,34
CUST-106188,28,54.4,51.7,1292,36
CUST-106189,24,53.2,53.5,1016,42
CUST-106190,16,73.8,44.8,1523,39
CUST-106191,3,35.4,16.2,71,35
CUST-106192,4,38.4,11.8,135,22
CUST-106193,2,29.4,16.1,140,33
CUST-106194,24,57.7,40.7,104,3
CUST-106195,21,86.6,76.1,107,21
CUST-106196,12,43.8,16.4,73,22
CUST-106197,3,16.4,5.4,133,32
CUST-106198,26,79.5,94.2,1318,8
CUST-106199,13,26.8,15.8,43,32
CUST-106200,4,40.8,17.8,25,35
CUST-106201,11,22.5,19.8,36,1
CUST-106202,12,14.9,11.8,90,30
CUST-106203,11,32.0,10.6,117,19
CUST-106204,21,50.9,104.7,3455,15
CUST-106205,20,83.7,101.7,5796,30
CUST-106206,27,84.4,56.1,22,36
CUST-106207,4,40.6,11.4,29,37
CUST-106208,16,88.8,64.6,3552,34
CUST-106209,9,26.0,14.1,66,15
CUST-106210,13,19.5,5.0,115,40
CUST-106211,2,11.2,19.4,112,6
CUST-106212,5,12.7,20.7,89,23
CUST-106213,19,73.8,98.9,76,9
CUST-106214,12,43.4,5.2,5,17
CUST-106215,19,67.5,42.0,2058,41
CUST-106216,28,83.4,92.7,129,43
CUST-106217,29,81.5,104.8,101,27
CUST-106218,8,44.1,13.6,68,11
CUST-106219,23,50.0,63.6,3243,27
CUST-106220,7,37.9,12.5,58,24
CUST-106221,2,31.6,12.9,31,44
CUST-106222,5,14.2,11.1,75,45
CUST-106223,15,79.9,53.0,2491,45
CUST-106224,14,15.3,14.0,20,23
CUST-106225,21,94.3,29.1,136,15
CUST-106226,12,24.1,12.0,35,18
CUST-106227,24,67.9,47.8,669,26
CUST-106228,6,13.5,11.6,141,24
CUST-106229,17,89.4,101.7,84,7
CUST-106230,7,32.7,12.2,58,4
CUST-106231,15,72.5,69.1,148,29
CUST-106232,13,25.9,12.3,123,31
CUST-106233,7,41.0,17.1,74,25
CUST-106234,11,29.3,19.4,122,35
CUST-106235,20,69.4,73.9,16,45
CUST-106236,11,44.1,5.7,31,0
CUST-106237,4,14.1,7.4,1,14
CUST-106238,27,69.2,89.2,4460,0
CUST-106239,15,87.3,97.3,37,6
CUST-106240,4,11.4,18.9,22,12
CUST-106241,25,56.5,105.6,6441,36
CUST-106242,14,26.9,6.5,33,38
CUST-106243,18,88.8,37.4,120,43
CUST-106244,5,44.0,20.2,100,30
CUST-106245,1,11.7,18.7,93,19
CUST-106246,17,74.0,55.7,146,22
CUST-106247,4,18.9,15.4,29,23
CUST-106248,9,30.3,13.6,48,39
CUST-106249,17,87.0,43.8,51,38
CUST-106250,8,35.2,7.7,87,1
CUST-106251,18,92.2,47.3,31,3
CUST-106252,14,40.8,20.6,57,10
CUST-106253,21,56.9,73.8,5904,4
CUST-106254,17,88.3,73.2,65,17
CUST-106255,6,13.1,8.7,17,28
CUST-106256,11,26.6,18.5,101,21
CUST-106257,6,36.0,6.3,12,41
CUST-106258,10,23.2,9.8,126,9
CUST-106259,14,12.5,20.1,69,32
CUST-106260,7,43.4,9.8,8,38
CUST-106261,21,58.7,52.3,116,37
CUST-106262,10,37.7,21.5,134,45
CUST-106263,29,56.3,89.1,2405,43
CUST-106264,14,32.3,12.3,46,17
CUST-106265,3,44.3,11.6,3,3
CUST-106266,27,64.6,67.7,139,29
CUST-106267,4,29.7,6.7,72,37
CUST-106268,18,79.6,91.3,40,31
CUST-106269,3,17.4,4.7,9,39
CUST-106270,22,56.5,33.1,66,34
CUST-106271,4,43.7,8.9,9,20
CUST-106272,17,69.7,31.7,1616,15
CUST-106273,5,32.1,4.5,79,25
CUST-106274,27,80.5,85.2,133,10
CUST-106275,9,15.6,11.7,93,32
CUST-106276,7,22.7,9.3,70,45
CUST-106277,10,15.8,7.3,86,40
CUST-106278,14,29.5,8.9,50,27
CUST-106279,5,11.9,11.8,75,1
CUST-106280,7,41.8,12.5,119,24
CUST-106281,11,10.6,20.2,114,8
CUST-106282,14,34.6,4.5,54,41
CUST-106283,26,61.7,34.6,99,16
CUST-106284,15,64.1,102.9,134,4
CUST-106285,12,16.1,12.9,21,42
CUST-106286,13,24.2,5.6,98,10
CUST-106287,26,63.7,95.4,85,30
CUST-106288,22,82.1,61.7,987,27
CUST-106289,5,10.3,12.5,143,17
CUST-106290,28,66.8,61.3,34,35
CUST-106291,9,38.8,11.4,84,25
CUST-106292,24,58.7,72.7,129,30
CUST-106293,4,13.5,21.2,142,17
CUST-106294,14,30.5,13.0,15,40
CUST-106295,8,19.7,17.1,39,2
CUST-106296,21,53.7,91.7,3301,37
CUST-106297,13,44.9,13.5,120,13
CUST-106298,8,27.0,6.9,87,32
CUST-106299,28,78.3,106.6,2558,19
CUST-106300,11,22.2,10.7,104,8
CUST-106301,29,66.8,43.7,125,6
CUST-106302,5,41.5,21.4,24,14
CUST-106303,27,61.4,90.8,133,28
CUST-106304,15,71.3,62.1,47,39
CUST-106305,17,59.2,38.0,2508,29
CUST-106306,7,16.6,9.2,3,38
CUST-106307,25,65.1,44.9,673,8
CUST-106308,17,92.1,31.7,919,31
CUST-106309,1,40.9,14.2,72,26
CUST-106310,14,24.7,17.1,13,21
CUST-106311,15,58.3,51.9,2595,36
CUST-106312,3,44.7,14.4,132,38
CUST-106313,27,57.0,94.3,23,12
CUST-106314,9,25.9,14.3,39,21
CUST-106315,14,44.9,8.9,65,44
CUST-106316,7,35.0,12.1,99,29
CUST-106317,9,21.7,6.0,125,41
CUST-106318,13,36.0,6.7,8,7
CUST-106319,4,26.9,20.5,116,7
CUST-106320,5,26.0,12.1,3,23
CUST-106321,24,53.8,82.8,4968,12
CUST-106322,3,21.5,14.9,133,11
CUST-106323,6,23.5,7.3,36,42
CUST-106324,16,82.7,35.0,123,23
CUST-106325,21,90.5,56.9,53,2
CUST-106326,11,10.7,13.1,72,44
CUST-106327,16,62.5,83.8,91,13
CUST-106328,4,21.3,13.2,140,37
CUST-106329,8,39.6,20.9,30,30
CUST-106330,21,94.3,100.2,22,36
CUST-106331,12,24.4,13.9,29,1
CUST-106332,25,74.2,93.6,66,39
CUST-106333,1,12.4,16.9,48,24
CUST-106334,13,34.5,19.4,73,0
CUST-106335,3,17.2,4.3,100,32
CUST-106336,7,31.3,16.8,33,32
CUST-106337,17,50.1,27.5,90,19
CUST-106338,27,58.1,77.0,7,30
CUST-106339,5,14.3,19.1,23,36
CUST-106340,9,19.0,17.8,20,31
CUST-106341,21,75.5,44.0,35,38
CUST-106342,15,53.0,97.3,2821,39
CUST-106343,13,36.4,16.4,109,17
CUST-106344,15,91.9,89.1,6237,11
CUST-106345,12,10.6,18.1,57,32
CUST-106346,2,18.2,16.1,3,34
CUST-106347,2,24.4,21.4,132,11
CUST-106348,23,90.7,91.9,63,30
CUST-106349,12,34.0,16.1,53,31
CUST-106350,14,16.2,12.4,64,7
CUST-106351,2,18.0,4.5,150,27
CUST-106352,14,16.2,18.9,56,29
CUST-106353,7,44.1,6.1,88,15
CUST-106354,6,16.4,14.3,49,20
CUST-106355,8,20.2,5.2,132,42
CUST-106356,9,21.5,12.4,13,39
CUST-106357,8,28.2,18.4,25,35
CUST-106358,22,78.9,67.3,20,35
CUST-106359,16,79.8,51.7,1395,40
CUST-106360,25,60.6,69.1,2833,27
CUST-106361,7,17.8,17.0,2,9
CUST-106362,2,34.1,17.6,20,25
CUST-106363,9,41.4,9.2,123,9
CUST-106364,28,77.1,58.0,4408,34
CUST-106365,27,56.5,85.0,62,24
CUST-106366,18,74.4,92.3,6922,21
CUST-106367,10,12.5,4.3,130,14
CUST-106368,10,37.3,15.6,62,4
CUST-106369,9,14.5,7.5,110,42
CUST-106370,18,69.5,96.5,19,5
CUST-106371,26,84.5,68.9,142,5
CUST-106372,12,16.2,5.9,137,45
CUST-106373,2,16.6,11.3,5,12
CUST-106374,10,18.8,20.0,45,9
CUST-106375,23,94.1,56.2,1236,14
CUST-106376,4,22.1,17.2,20,3
CUST-106377,2,26.3,19.7,70,33
CUST-106378,14,17.0,5.9,16,39
CUST-106379,29,94.3,96.7,38,0
CUST-106380,29,51.0,75.2,137,42
CUST-106381,17,82.0,87.4,72,4
CUST-106382,2,12.0,8.1,135,18
CUST-106383,10,39.1,16.8,3,24
CUST-106384,28,57.6,52.0,87,18
CUST-106385,10,23.2,15.4,69,33
CUST-106386,11,41.4,7.5,34,38
CUST-106387,10,22.8,4.5,49,39
CUST-106388,4,11.6,18.7,141,25
CUST-106389,15,73.5,69.1,4837,8
CUST-106390,5,18.8,7.3,117,7
CUST-106391,3,38.2,22.0,107,17
CUST-106392,26,61.7,72.1,1802,7
CUST-106393,27,65.7,30.2,1932,43
CUST-106394,19,52.2,31.4,20,29
CUST-106395,1,13.9,14.8,74,36
CUST-106396,22,93.6,68.9,86,20
CUST-106397,17,61.3,77.1,146,41
CUST-106398,28,68.9,39.8,43,24
CUST-106399,2,30.9,17.3,134,13
CUST-106400,10,12.0,15.4,122,20
CUST-106401,25,67.6,57.8,4508,36
CUST-106402,24,79.9,55.9,137,18
CUST-106403,20,61.9,71.8,103,11
CUST-106404,21,65.1,33.8,743,30
CUST-106405,15,78.5,104.2,17,15
CUST-106406,8,22.5,18.7,11,24
CUST-106407,2,31.6,9.3,7,26
CUST-106408,23,59.4,67.6,811,34
CUST-106409,8,42.2,14.1,12,18
CUST-106410,10,37.5,7.2,52,5
CUST-106411,5,31.0,20.3,108,17
CUST-106412,6,21.7,13.8,81,22
CUST-106413,9,18.4,21.5,84,4
CUST-106414,9,25.5,15.7,17,36
CUST-106415,23,84.7,34.2,2599,12
CUST-106416,15,68.7,54.5,4033,39
CUST-106417,25,75.1,100.8,145,20
CUST-106418,21,65.6,77.6,113,18
CUST-106419,29,53.7,54.8,3288,22
CUST-106420,9,26.6,6.3,76,4
CUST-106421,11,24.9,11.1,107,23
CUST-106422,5,20.0,5.2,148,27
CUST-106423,29,91.7,108.7,3804,34
CUST-106424,2,13.2,10.7,121,40
CUST-106425,3,42.8,18.2,48,28
CUST-106426,6,20.5,5.5,74,5
CUST-106427,3,36.9,10.2,64,9
CUST-106428,6,14.7,4.7,3,6
CUST-106429,12,41.9,9.1,74,8
CUST-106430,16,51.3,49.0,102,1
CUST-106431,4,36.5,20.2,36,10
CUST-106432,19,70.5,51.6,4076,31
CUST-106433,26,94.8,39.7,2659,37
CUST-106434,13,32.0,10.5,49,3
CUST-106435,3,17.3,21.3,96,1
CUST-106436,6,39.6,12.2,75,45
CUST-106437,3,28.2,16.6,21,38
CUST-106438,7,10.3,10.8,84,42
CUST-106439,29,74.7,81.8,899,33
CUST-106440,14,33.8,14.2,70,23
CUST-106441,19,52.9,107.9,1942,12
CUST-106442,16,60.9,90.1,2,41
CUST-106443,1,28.2,8.1,144,32
CUST-106444,3,36.1,18.6,133,7
CUST-106445,27,77.8,54.6,57,17
CUST-106446,1,12.3,18.4,110,21
CUST-106447,13,10.6,8.9,71,33
CUST-106448,3,32.6,11.8,59,43
CUST-106449,18,62.9,52.6,128,45
CUST-106450,29,94.5,39.6,125,5
CUST-106451,17,79.8,64.0,768,24
CUST-106452,1,37.1,12.4,91,3
CUST-106453,25,62.0,90.9,117,32
CUST-106454,19,67.2,75.0,5,17
CUST-106455,13,20.1,18.5,12,7
CUST-106456,21,71.4,72.1,78,30
CUST-106457,9,20.8,11.1,86,21
CUST-106458,22,54.8,65.9,4151,3
CUST-106459,9,38.7,6.1,96,19
CUST-106460,3,25.9,18.3,32,8
CUST-106461,19,79.6,78.2,94,6
CUST-106462,15,71.8,34.2,2736,42
CUST-106463,19,52.1,90.9,45,35
CUST-106464,20,86.6,81.6,145,18
CUST-106465,28,63.8,87.3,47,25
CUST-106466,14,19.6,18.9,38,44
CUST-106467,4,32.7,12.6,43,13
CUST-106468,24,74.9,62.4,3744,16
CUST-106469,9,17.9,12.8,59,43
CUST-106470,9,23.8,17.2,27,5
CUST-106471,10,30.3,10.5,24,45
CUST-106472,18,74.2,63.9,69,20
CUST-106473,8,10.6,10.3,133,13
CUST-106474,25,80.5,96.9,111,13
CUST-106475,22,55.0,46.1,25,39
CUST-106476,22,81.6,31.5,1228,30
CUST-106477,13,16.0,20.1,28,28
CUST-106478,4,26.2,10.6,141,22
CUST-106479,27,78.1,42.8,1583,33
CUST-106480,14,40.5,4.1,65,36
CUST-106481,12,17.7,20.4,40,36
CUST-106482,7,25.8,20.8,5,43
CUST-106483,29,68.7,85.9,103,39
CUST-106484,23,52.9,65.1,14,17
CUST-106485,29,83.1,76.0,97,2
CUST-106486,11,18.5,5.9,85,27
CUST-106487,26,60.2,63.9,71,26
CUST-106488,19,69.1,51.0,2346,1
CUST-106489,29,94.6,40.8,2815,3
CUST-106490,3,15.4,5.8,83,42
CUST-106491,5,23.6,7.6,48,13
CUST-106492,7,39.0,11.5,149,10
CUST-106493,13,33.6,13.2,12,32
CUST-106494,2,18.1,14.6,146,37
CUST-106495,10,39.4,16.1,27,6
CUST-106496,6,24.1,17.7,88,29
CUST-106497,11,38.4,15.3,78,23
CUST-106498,15,58.7,83.6,142,20
CUST-106499,22,90.0,83.8,2430,45
CUST-106500,11,32.7,15.4,67,37
CUST-106501,12,17.2,13.7,136,12
CUST-106502,8,19.6,14.6,101,18
CUST-106503,3,14.3,21.7,31,3
CUST-106504,16,86.9,48.3,6,26
CUST-106505,13,12.4,17.2,128,14
CUST-106506,26,56.3,52.7,1422,6
CUST-106507,15,82.6,72.6,34,19
CUST-106508,9,30.9,19.7,103,19
CUST-106509,8,13.5,4.6,137,7
CUST-106510,2,13.0,9.5,141,5
CUST-106511,18,67.0,85.9,16,32
CUST-106512,19,84.9,63.4,3994,5
CUST-106513,13,32.9,17.1,8,35
CUST-106514,11,27.8,10.8,111,44
CUST-106515,1,42.6,20.5,26,27
CUST-106516,7,35.0,14.4,6,2
CUST-106517,3,27.7,7.6,15,20
CUST-106518,25,80.9,72.8,70,36
CUST-106519,2,10.1,11.1,89,8
CUST-106520,6,19.4,16.1,81,11
CUST-106521,18,50.4,53.0,17,6
CUST-106522,9,16.7,13.8,9,26
CUST-106523,12,31.0,14.1,102,21
CUST-106524,20,85.2,49.8,3436,13
CUST-106525,17,70.3,86.5,4325,9
CUST-106526,17,66.9,82.7,50,39
CUST-106527,3,20.5,13.6,12,7
CUST-106528,15,84.4,95.7,3062,31
CUST-106529,16,75.0,69.2,111,35
CUST-106530,14,20.2,9.2,31,26
CUST-106531,12,39.1,10.7,131,33
CUST-106532,13,23.0,11.0,135,37
CUST-106533,19,87.2,60.0,121,36
CUST-106534,21,67.7,72.4,135,0
CUST-106535,13,14.4,4.1,38,32
CUST-106536,13,17.5,13.4,119,36
CUST-106537,7,22.3,14.5,150,22
CUST-106538,9,28.1,13.3,1,23
CUST-106539,9,22.6,4.5,135,21
CUST-106540,9,36.0,16.6,25,33
CUST-106541,9,26.8,4.4,10,37
CUST-106542,15,90.1,99.6,5,19
CUST-106543,5,37.2,16.9,10,41
CUST-106544,16,81.6,55.3,1880,24
CUST-106545,1,16.9,18.9,66,38
CUST-106546,12,35.7,11.0,95,15
CUST-106547,11,10.6,17.9,148,3
CUST-106548,22,74.2,47.3,2932,43
CUST-106549,3,34.8,21.0,115,42
CUST-106550,16,59.4,76.8,23,21
CUST-106551,2,13.0,8.9,27,13
CUST-106552,11,25.6,5.3,109,14
CUST-106553,19,71.4,87.2,4447,26
CUST-106554,11,40.7,19.8,18,7
CUST-106555,23,66.9,78.6,81,14
CUST-106556,14,41.5,10.3,18,26
CUST-106557,27,52.4,108.9,80,35
CUST-106558,16,60.9,36.5,2007,28
CUST-106559,5,25.3,20.6,125,6
CUST-106560,2,24.8,6.5,113,32
CUST-106561,27,50.8,45.4,3,31
CUST-106562,8,13.3,5.0,18,31
CUST-106563,19,91.7,62.7,36,21
CUST-106564,22,56.8,96.1,4805,45
CUST-106565,26,72.2,99.1,991,22
CUST-106566,5,44.4,15.6,136,7
CUST-106567,25,54.7,31.8,1749,17
CUST-106568,5,14.4,18.0,70,8
CUST-106569,2,38.3,11.3,34,33
CUST-106570,1,42.3,17.7,1,44
CUST-106571,5,19.3,10.7,138,1
CUST-106572,14,18.6,10.1,4,26
CUST-106573,6,15.2,17.2,99,7
CUST-106574,21,80.4,80.0,6000,19
CUST-106575,21,71.9,61.0,915,17
CUST-106576,8,35.4,18.9,111,45
CUST-106577,9,19.7,15.0,110,45
CUST-106578,23,87.3,100.8,7963,5
CUST-106579,16,77.1,35.7,2713,2
CUST-106580,27,73.0,81.1,62,28
CUST-106581,6,21.8,6.9,37,7
CUST-106582,29,65.2,108.9,27,36
CUST-106583,3,23.3,13.6,26,15
CUST-106584,19,52.8,101.4,8112,45
CUST-106585,12,28.2,14.7,70,27
CUST-106586,19,50.6,41.2,1524,41
CUST-106587,17,94.4,106.8,49,14
CUST-106588,28,74.4,98.0,133,20
CUST-106589,28,70.7,106.8,16,4
CUST-106590,2,35.6,9.2,145,15
CUST-106591,29,72.9,72.9,0,38
CUST-106592,12,11.5,12.1,43,35
CUST-106593,24,62.5,93.2,2143,34
CUST-106594,24,66.9,94.1,5834,18
CUST-106595,3,38.6,15.6,30,37
CUST-106596,1,20.7,6.6,121,15
CUST-106597,2,40.5,11.3,113,19
CUST-106598,11,29.2,8.4,122,7
CUST-106599,1,35.7,12.3,10,23
CUST-106600,2,35.4,15.5,4,2
CUST-106601,6,29.0,4.4,122,41
CUST-106602,15,87.6,101.0,0,0
CUST-106603,7,14.3,10.9,112,43
CUST-106604,18,54.8,76.3,1526,27
CUST-106605,18,66.8,92.5,5642,26
CUST-106606,16,60.3,55.7,0,3
CUST-106607,12,31.7,15.2,105,31
CUST-106608,22,76.0,92.7,2224,6
CUST-106609,28,79.9,97.5,106,37
CUST-106610,2,21.6,19.7,103,18
CUST-106611,14,39.3,17.0,123,3
CUST-106612,4,38.4,12.1,49,22
CUST-106613,17,68.7,66.2,9,10
CUST-106614,6,40.3,20.4,133,40
CUST-106615,14,36.8,15.6,61,21
CUST-106616,4,19.9,7.5,88,25
CUST-106617,27,87.7,70.5,31,4
CUST-106618,7,14.8,17.5,1,13
CUST-106619,8,10.3,16.1,89,2
CUST-106620,12,13.7,12.5,121,18
CUST-106621,27,55.7,31.9,97,42
CUST-106622,25,65.5,33.3,1831,15
CUST-106623,15,77.2,84.8,124,20
CUST-106624,6,39.7,4.5,132,1
CUST-106625,27,81.4,67.2,34,14
CUST-106626,5,31.9,6.7,102,33
CUST-106627,22,90.8,39.4,64,44
CUST-106628,17,73.2,105.8,21,44
CUST-106629,8,23.6,20.1,9,44
CUST-106630,13,30.4,18.3,45,27
CUST-106631,11,32.0,20.7,47,35
CUST-106632,3,38.9,13.0,146,31
CUST-106633,29,62.3,103.3,8160,20
CUST-106634,3,17.2,14.7,119,7
CUST-106635,13,13.9,20.4,85,16
CUST-106636,14,43.2,4.4,15,15
CUST-106637,28,82.3,73.8,2361,42
CUST-106638,8,31.9,18.9,146,23
CUST-106639,4,34.4,11.5,53,34
CUST-106640,16,72.2,29.7,1217,14
CUST-106641,14,22.7,21.8,38,22
CUST-106642,15,67.8,93.8,141,1
CUST-106643,6,34.3,19.6,78,22
CUST-106644,5,23.7,4.4,32,41
CUST-106645,4,25.8,19.5,104,18
CUST-106646,1,43.2,18.6,81,5
CUST-106647,27,92.0,89.3,12,18
CUST-106648,24,55.3,36.8,1729,41
CUST-106649,19,92.5,45.6,20,10
CUST-106650,29,82.8,48.2,1205,34
CUST-106651,13,29.1,10.3,118,21
CUST-106652,7,20.2,9.7,102,30
CUST-106653,11,29.9,16.4,83,26
CUST-106654,9,23.8,10.7,88,37
CUST-106655,3,13.5,5.5,46,19
CUST-106656,17,86.5,58.8,59,3
CUST-106657,29,52.9,72.1,3893,36
CUST-106658,24,56.5,52.5,38,33
CUST-106659,20,84.3,50.5,1868,14
CUST-106660,21,82.6,108.6,18,34
CUST-106661,1,38.5,9.2,110,2
CUST-106662,5,27.9,11.9,66,1
CUST-106663,18,72.5,94.0,109,10
CUST-106664,26,66.4,33.0,825,27
CUST-106665,1,36.3,13.1,20,33
CUST-106666,3,26.9,10.1,6,5
CUST-106667,10,27.5,6.3,48,3
CUST-106668,20,94.8,70.4,13,34
CUST-106669,7,14.6,21.4,144,12
CUST-106670,1,36.4,17.7,57,16
CUST-106671,17,67.0,81.3,6260,20
CUST-106672,16,63.9,47.9,144,5
CUST-106673,18,66.3,104.2,139,9
CUST-106674,9,44.9,7.3,65,27
CUST-106675,2,10.9,13.3,8,14
CUST-106676,4,18.9,9.0,15,14
CUST-106677,24,70.1,70.0,122,27
CUST-106678,8,13.7,19.1,113,10
CUST-106679,29,82.0,33.4,72,4
CUST-106680,14,11.9,18.7,44,8
CUST-106681,14,19.3,15.2,55,38
CUST-106682,14,14.6,8.6,123,22
CUST-106683,29,86.3,96.8,6292,29
CUST-106684,9,42.1,9.0,24,38
CUST-106685,28,85.0,99.2,129,23
CUST-106686,14,39.3,14.3,103,1
CUST-106687,8,27.2,10.0,110,27
CUST-106688,23,66.1,91.2,41,42
CUST-106689,11,26.1,6.6,8,1
CUST-106690,9,42.0,17.8,126,39
CUST-106691,9,27.5,21.1,135,19
CUST-106692,19,79.7,105.3,51,15
CUST-106693,12,10.1,4.1,8,38
CUST-106694,21,50.8,37.0,2738,45
CUST-106695,9,16.1,10.7,61,21
CUST-106696,10,42.4,9.0,11,22
CUST-106697,13,34.6,12.9,93,39
CUST-106698,12,23.5,4.9,0,41
CUST-106699,14,44.4,18.7,134,10
CUST-106700,22,68.2,58.4,89,42
CUST-106701,13,32.5,21.5,4,12
CUST-106702,22,83.8,47.9,3017,31
CUST-106703,6,19.8,15.0,78,36
CUST-106704,6,11.6,5.1,17,19
CUST-106705,13,27.9,5.9,48,10
CUST-106706,3,27.2,13.7,53,45
CUST-106707,16,52.8,25.9,518,34
CUST-106708,27,94.7,45.4,43,41
CUST-106709,2,37.4,12.4,106,13
CUST-106710,8,13.0,5.5,73,35
CUST-106711,8,23.9,16.1,141,24
CUST-106712,4,41.1,9.2,62,24
CUST-106713,24,60.8,76.8,2227,5
CUST-106714,28,50.7,104.4,7412,9
CUST-106715,8,19.5,15.7,80,32
CUST-106716,11,29.3,8.4,39,14
CUST-106717,10,12.8,17.4,58,7
CUST-106718,10,21.5,15.0,119,34
CUST-106719,17,60.1,30.4,881,29
CUST-106720,21,83.6,97.7,6839,13
CUST-106721,4,15.9,15.0,64,23
CUST-106722,1,43.9,7.5,38,22
CUST-106723,5,38.4,15.6,139,1
CUST-106724,10,25.9,11.4,51,7
CUST-106725,6,15.3,16.0,4,39
CUST-106726,6,10.8,15.5,129,5
CUST-106727,3,23.9,18.1,107,2
CUST-106728,18,89.3,38.4,53,5
CUST-106729,2,31.6,7.1,33,36
CUST-106730,18,75.9,56.0,7,26
CUST-106731,9,22.2,8.7,106,6
CUST-106732,6,15.0,15.0,132,27
CUST-106733,14,32.0,15.4,81,11
CUST-106734,8,19.1,19.9,119,43
CUST-106735,22,60.8,91.3,85,25
CUST-106736,15,60.7,35.9,1041,5
CUST-106737,3,30.5,14.5,114,28
CUST-106738,3,24.1,11.6,11,0
CUST-106739,21,92.2,57.4,32,26
CUST-106740,10,19.5,20.0,123,12
CUST-106741,8,41.7,6.3,3,40
CUST-106742,1,41.8,17.3,3,17
CUST-106743,6,37.4,16.5,31,21
CUST-106744,8,11.3,5.2,107,29
CUST-106745,10,19.6,14.3,83,40
CUST-106746,29,60.3,97.7,10,25
CUST-106747,18,71.3,64.9,649,35
CUST-106748,18,71.2,33.4,43,21
CUST-106749,29,82.4,35.8,358,30
CUST-106750,6,40.6,10.2,95,41
CUST-106751,5,41.1,20.8,17,1
CUST-106752,19,54.8,31.9,12,7
CUST-106753,9,33.2,5.5,98,41
CUST-106754,18,55.9,73.7,112,35
CUST-106755,29,82.5,95.7,99,6
CUST-106756,17,77.3,90.6,64,41
CUST-106757,10,18.2,15.2,3,26
CUST-106758,26,82.7,84.1,98,21
CUST-106759,24,50.3,67.3,3028,10
CUST-106760,6,13.2,11.5,87,0
CUST-106761,6,43.4,5.6,1,3
CUST-106762,28,75.5,103.2,79,37
CUST-106763,2,29.6,7.4,118,3
CUST-106764,1,13.4,7.7,104,40
CUST-106765,11,14.4,21.4,1,10
CUST-106766,12,40.0,17.7,97,42
CUST-106767,5,21.7,17.8,133,37
CUST-106768,3,14.1,7.1,77,25
CUST-106769,12,23.7,7.2,133,25
CUST-106770,9,35.1,15.5,67,45
CUST-106771,22,51.2,40.2,110,40
CUST-106772,1,30.6,15.5,37,5
CUST-106773,13,36.6,20.2,52,43
CUST-106774,10,22.4,4.9,37,26
CUST-106775,13,42.3,13.8,80,36
CUST-106776,11,30.0,4.8,55,36
CUST-106777,16,58.2,37.5,126,1
CUST-106778,6,39.6,17.5,1,5
CUST-106779,1,25.5,21.7,49,21
CUST-106780,29,61.4,58.5,70,30
CUST-106781,3,26.3,12.8,67,7
CUST-106782,12,30.1,14.8,126,30
CUST-106783,15,55.3,94.7,135,38
CUST-106784,16,89.0,74.0,137,44
CUST-106785,4,26.2,19.4,104,12
CUST-106786,21,50.5,28.0,560,37
CUST-106787,8,15.3,14.7,87,20
CUST-106788,13,10.8,21.6,120,6
CUST-106789,17,93.4,30.0,125,24
CUST-106790,19,86.5,62.7,83,34
CUST-106791,27,80.2,100.0,5300,12
CUST-106792,13,43.8,7.3,31,3
CUST-106793,27,81.8,40.1,77,1
CUST-106794,5,21.8,6.6,144,5
CUST-106795,16,92.6,80.7,3873,34
CUST-106796,6,21.2,15.1,149,28
CUST-106797,29,88.1,79.7,85,1
CUST-106798,21,77.5,33.7,70,40
CUST-106799,11,27.0,13.4,105,19
CUST-106800,3,37.2,4.0,108,42
CUST-106801,8,26.8,12.1,26,26
CUST-106802,2,14.6,19.8,25,23
CUST-106803,4,18.3,9.4,132,35
CUST-106804,18,66.0,38.2,96,32
CUST-106805,2,33.9,19.7,76,37
CUST-106806,9,25.3,16.0,62,27
CUST-106807,1,39.6,21.6,11,16
CUST-106808,16,87.4,76.8,45,0
CUST-106809,1,12.7,7.0,130,43
CUST-106810,28,88.1,66.8,33,18
CUST-106811,15,57.0,80.6,3949,24
CUST-106812,7,44.2,16.5,48,27
CUST-106813,10,32.3,15.2,14,35
CUST-106814,12,32.9,11.6,142,36
CUST-106815,20,51.0,88.6,45,21
CUST-106816,8,40.0,12.5,83,8
CUST-106817,1,39.9,16.3,82,42
CUST-106818,12,43.9,5.9,64,45
CUST-106819,27,75.1,28.5,94,44
CUST-106820,25,65.9,105.0,108,33
CUST-106821,22,61.7,61.1,1038,5
CUST-106822,26,91.0,98.5,2659,32
CUST-106823,14,39.6,21.8,13,23
CUST-106824,14,32.5,8.5,24,32
CUST-106825,16,85.8,33.5,64,4
CUST-106826,4,10.7,5.2,88,39
CUST-106827,15,56.2,68.7,47,20
CUST-106828,15,58.7,55.3,3041,1
CUST-106829,10,33.8,6.1,125,36
CUST-106830,10,26.4,12.4,45,4
CUST-106831,10,11.1,7.8,103,35
CUST-106832,14,33.3,10.5,111,36
CUST-106833,19,65.8,51.9,93,37
CUST-106834,8,35.9,20.7,54,28
CUST-106835,19,66.8,27.6,11,41
CUST-106836,16,74.5,47.9,95,23
CUST-106837,29,65.7,69.9,5032,13
CUST-106838,7,17.6,8.6,134,16
CUST-106839,27,73.7,45.3,1313,4
CUST-106840,4,11.5,14.3,92,17
CUST-106841,8,31.8,14.0,90,19
CUST-106842,8,18.7,16.6,53,0
CUST-106843,7,31.6,6.0,53,34
CUST-106844,3,16.6,5.1,79,5
CUST-106845,23,93.6,64.2,36,34
CUST-106846,1,29.0,18.2,100,8
CUST-106847,2,37.5,6.7,88,5
CUST-106848,23,83.0,93.8,4971,28
CUST-106849,1,31.1,16.2,33,43
CUST-106850,10,44.4,5.7,139,27
CUST-106851,1,30.1,10.6,59,40
CUST-106852,8,32.7,9.1,1,33
CUST-106853,5,31.6,21.3,17,35
CUST-106854,6,42.1,13.5,60,35
CUST-106855,28,84.6,49.5,105,37
CUST-106856,12,31.0,19.0,51,0
CUST-106857,11,30.0,18.8,81,19
CUST-106858,6,24.2,21.6,84,10
CUST-106859,12,17.3,20.4,51,0
CUST-106860,21,81.1,25.7,436,3
CUST-106861,11,35.0,17.8,32,10
CUST-106862,5,12.7,12.0,138,31
CUST-106863,3,26.2,19.7,122,9
CUST-106864,28,54.7,87.7,30,40
CUST-106865,29,67.0,63.5,89,18
CUST-106866,28,54.1,78.0,2340,0
CUST-106867,12,36.0,21.5,52,12
CUST-106868,2,30.6,10.9,120,34
CUST-106869,11,17.9,17.5,138,5
CUST-106870,19,65.5,86.5,41,39
CUST-106871,29,69.5,82.5,5527,38
CUST-106872,17,89.6,96.2,76,8
CUST-106873,12,25.3,17.0,81,37
CUST-106874,26,91.3,75.3,2,16
CUST-106875,27,62.4,31.8,1049,41
CUST-106876,5,29.5,21.0,13,39
CUST-106877,12,23.8,7.7,35,27
CUST-106878,15,79.2,34.2,90,17
CUST-106879,18,66.5,87.4,69,35
CUST-106880,26,82.3,36.2,9,34
CUST-106881,18,94.8,36.4,77,42
CUST-106882,8,32.1,18.6,12,17
CUST-106883,8,19.9,4.3,12,41
CUST-106884,29,72.0,87.7,8,13
CUST-106885,10,40.0,5.9,119,28
CUST-106886,9,40.2,9.6,118,5
CUST-106887,1,41.9,21.1,98,19
CUST-106888,21,74.7,100.1,42,14
CUST-106889,13,44.0,6.1,58,34
CUST-106890,6,29.6,7.3,77,10
CUST-106891,14,13.7,19.3,36,29
CUST-106892,6,25.8,13.9,33,44
CUST-106893,27,89.7,47.6,1142,12
CUST-106894,26,52.8,69.5,102,40
CUST-106895,24,53.7,95.2,6092,7
CUST-106896,11,29.7,4.6,34,12
CUST-106897,10,39.7,19.3,53,14
CUST-106898,22,75.4,84.3,5395,17
CUST-106899,20,90.0,70.1,57,29
CUST-106900,3,41.9,14.9,96,13
CUST-106901,19,51.5,94.3,55,40
CUST-106902,29,63.0,97.0,60,37
CUST-106903,9,14.0,13.8,61,29
CUST-106904,5,19.8,6.0,42,1
CUST-106905,17,82.8,87.4,2272,8
CUST-106906,5,26.3,15.9,72,13
CUST-106907,24,79.4,67.6,5137,31
CUST-106908,14,19.0,15.6,55,12
CUST-106909,5,29.6,18.3,138,25
CUST-106910,7,18.8,13.7,1,13
CUST-106911,4,44.2,19.4,98,36
CUST-106912,13,40.2,19.6,112,43
CUST-106913,29,57.1,37.0,69,31
CUST-106914,4,20.9,6.0,83,22
CUST-106915,26,71.9,69.2,2422,14
CUST-106916,16,54.8,84.8,6699,12
CUST-106917,5,26.8,16.9,51,5
CUST-106918,1,25.8,8.9,44,5
CUST-106919,4,31.5,13.3,108,32
CUST-106920,2,31.7,6.9,132,18
CUST-106921,14,11.4,14.6,148,2
CUST-106922,22,92.5,61.8,4202,1
CUST-106923,19,67.8,90.0,4950,43
CUST-106924,13,20.5,18.3,8,13
CUST-106925,23,62.4,100.5,19,43
CUST-106926,13,18.5,17.2,139,11
CUST-106927,25,79.0,94.1,5,0
CUST-106928,18,93.1,101.5,7409,14
CUST-106929,4,44.6,18.8,99,28
CUST-106930,4,30.0,21.8,144,40
CUST-106931,16,77.0,85.4,144,10
CUST-106932,12,13.1,20.3,119,8
CUST-106933,14,23.5,19.0,44,22
CUST-106934,29,69.8,72.2,4259,19
CUST-106935,3,10.1,17.1,126,31
CUST-106936,13,27.5,19.7,33,29
CUST-106937,25,76.9,66.4,4183,32
CUST-106938,5,15.5,4.6,39,2
CUST-106939,4,42.9,11.4,129,45
CUST-106940,12,29.9,13.5,83,28
CUST-106941,18,51.7,91.0,6,0
CUST-106942,18,90.7,53.3,114,5
CUST-106943,7,18.2,5.3,74,15
CUST-106944,27,60.8,32.1,142,16
CUST-106945,6,11.5,19.0,66,29
CUST-106946,11,42.5,12.2,93,43
CUST-106947,17,88.5,45.2,111,0
CUST-106948,3,20.1,17.4,72,11
CUST-106949,22,70.7,107.7,7862,36
CUST-106950,7,35.3,18.2,145,2
CUST-106951,11,15.6,4.6,96,7
CUST-106952,24,63.9,92.2,8,18
CUST-106953,7,10.0,12.8,27,16
CUST-106954,5,17.6,12.1,149,13
CUST-106955,12,28.5,4.8,68,38
CUST-106956,27,89.9,39.9,758,5
CUST-106957,22,88.9,96.2,5387,45
CUST-106958,23,77.0,109.8,6039,33
CUST-106959,26,55.1,87.2,80,38
CUST-106960,12,27.8,18.1,137,40
CUST-106961,12,27.8,6.5,42,36
CUST-106962,1,24.3,9.8,149,14
CUST-106963,3,30.9,17.6,108,21
CUST-106964,9,35.8,7.2,109,39
CUST-106965,5,30.2,13.8,32,27
CUST-106966,21,90.5,107.7,1400,22
CUST-106967,9,24.6,12.7,59,28
CUST-106968,25,77.1,97.9,147,3
CUST-106969,13,13.1,13.4,55,5
CUST-106970,13,14.1,5.8,35,19
CUST-106971,2,31.5,6.0,149,8
CUST-106972,18,76.7,71.6,1074,5
CUST-106973,7,41.2,16.2,15,32
CUST-106974,5,35.7,13.8,49,31
CUST-106975,12,32.0,9.0,42,23
CUST-106976,15,78.9,95.9,1342,42
CUST-106977,1,13.6,12.7,132,6
CUST-106978,21,89.2,101.4,5577,16
CUST-106979,8,28.1,19.8,123,42
CUST-106980,5,20.9,19.7,64,18
CUST-106981,3,29.8,4.7,51,5
CUST-106982,28,79.4,72.4,148,0
CUST-106983,22,52.7,109.0,4796,34
CUST-106984,11,37.4,14.5,79,1
CUST-106985,25,70.3,100.8,1915,5
CUST-106986,25,73.0,61.8,119,38
CUST-106987,19,54.1,33.6,1344,14
CUST-106988,13,23.8,13.3,87,16
CUST-106989,23,68.2,101.5,129,19
CUST-106990,2,39.8,10.1,30,12
CUST-106991,14,12.3,11.1,136,17
CUST-106992,4,40.8,13.1,111,28
CUST-106993,12,13.9,6.2,55,10
CUST-106994,1,12.8,16.2,32,14
CUST-106995,4,24.2,19.2,61,25
CUST-106996,10,27.4,19.2,79,7
CUST-106997,5,26.5,5.2,89,21
CUST-106998,8,17.3,18.0,124,37
CUST-106999,12,44.1,7.2,46,2
CUST-107000,22,57.1,49.6,138,31
CUST-107001,17,53.4,66.2,39,27
CUST-107002,21,83.6,74.8,18,14
CUST-107003,14,36.4,20.6,103,13
CUST-107004,7,37.6,6.1,8,0
CUST-107005,9,28.3,10.8,53,12
CUST-107006,28,71.2,88.4,99,25
CUST-107007,11,27.9,10.9,93,11
CUST-107008,13,34.4,19.7,94,34
CUST-107009,7,20.9,20.6,131,35
CUST-107010,18,56.6,41.3,98,24
CUST-107011,19,74.6,71.2,4556,28
CUST-107012,29,78.7,32.3,646,2
CUST-107013,26,92.6,71.2,60,35
CUST-107014,20,54.9,41.5,2282,3
CUST-107015,8,20.9,16.1,3,20
CUST-107016,18,89.3,51.3,31,30
CUST-107017,20,78.2,56.7,623,15
CUST-107018,7,34.5,8.4,148,30
CUST-107019,3,18.7,18.6,87,10
CUST-107020,20,63.7,42.1,113,41
CUST-107021,26,64.2,64.7,905,18
CUST-107022,18,59.8,67.4,81,19
CUST-107023,8,28.8,10.6,115,9
CUST-107024,17,50.9,99.4,149,16
CUST-107025,4,15.4,19.1,146,2
CUST-107026,7,42.0,17.5,36,31
CUST-107027,16,82.3,30.5,396,11
CUST-107028,7,10.4,12.0,117,12
CUST-107029,27,87.3,76.0,1520,15
CUST-107030,6,15.1,19.7,90,2
CUST-107031,18,50.9,37.6,29,26
CUST-107032,4,15.7,16.6,46,25
CUST-107033,7,22.5,15.4,99,36
CUST-107034,24,84.3,29.8,774,26
CUST-107035,9,39.9,7.9,3,35
CUST-107036,1,13.1,18.8,68,6
CUST-107037,21,66.5,60.4,59,7
CUST-107038,6,30.5,7.7,115,24
CUST-107039,16,62.3,104.8,123,22
CUST-107040,4,17.5,8.1,34,24
CUST-107041,9,12.8,17.6,93,5
CUST-107042,26,61.8,103.8,62,38
CUST-107043,11,23.1,19.1,78,18
CUST-107044,28,87.0,96.8,140,30
CUST-107045,1,33.7,16.4,69,23
CUST-107046,14,39.0,8.9,42,4
CUST-107047,20,71.6,60.8,11,39
CUST-107048,2,28.6,19.2,49,9
CUST-107049,10,32.3,7.8,104,21
CUST-107050,2,34.9,15.6,47,45
CUST-107051,27,76.1,86.9,105,9
CUST-107052,6,10.1,20.4,6,16
CUST-107053,21,67.2,77.0,3311,37
CUST-107054,8,34.8,10.6,7,25
CUST-107055,29,61.6,55.6,1334,20
CUST-107056,4,19.1,12.2,83,18
CUST-107057,7,41.4,19.6,85,22
CUST-107058,4,27.8,6.7,141,29
CUST-107059,13,30.4,14.2,91,11
CUST-107060,29,89.3,59.0,76,36
CUST-107061,11,43.3,18.2,21,14
CUST-107062,18,92.5,76.6,24,31
CUST-107063,13,33.4,17.8,103,39
CUST-107064,12,24.3,10.6,78,11
CUST-107065,13,29.9,20.9,26,42
CUST-107066,12,23.9,21.7,34,23
CUST-107067,25,64.5,103.3,125,8
CUST-107068,25,62.0,91.8,4498,27
CUST-107069,11,33.5,10.8,29,11
CUST-107070,26,57.4,84.2,2273,25
CUST-107071,21,56.3,26.4,422,11
CUST-107072,12,33.4,13.8,40,38
CUST-107073,25,60.0,70.1,4696,24
CUST-107074,22,92.3,51.5,78,8
CUST-107075,23,70.9,64.4,12,0
CUST-107076,27,77.1,47.7,134,18
CUST-107077,6,17.7,8.1,102,37
CUST-107078,6,43.0,6.9,121,12
CUST-107079,26,79.5,28.9,100,5
CUST-107080,9,30.5,5.5,21,8
CUST-107081,9,23.0,6.6,19,24
CUST-107082,3,23.9,19.6,22,3
CUST-107083,2,16.5,12.3,148,42
CUST-107084,7,39.2,4.4,116,11
CUST-107085,5,31.2,4.2,10,11
CUST-107086,1,37.5,13.6,80,34
CUST-107087,16,94.2,73.8,100,13
CUST-107088,18,90.8,52.4,139,22
CUST-107089,21,57.5,69.7,44,36
CUST-107090,23,71.9,32.6,2347,1
CUST-107091,6,42.1,7.0,3,25
CUST-107092,10,37.4,12.7,11,13
CUST-107093,4,29.6,15.8,13,15
CUST-107094,9,10.4,18.4,76,28
CUST-107095,10,32.5,8.5,138,44
CUST-107096,8,15.6,8.9,62,39
CUST-107097,14,34.7,14.1,44,7
CUST-107098,19,77.7,96.6,139,28
CUST-107099,5,12.8,10.5,99,33
CUST-107100,28,91.6,96.5,3956,19
CUST-107101,1,43.3,14.9,82,16
CUST-107102,1,24.5,7.5,80,25
CUST-107103,25,50.5,43.9,110,2
CUST-107104,10,17.4,13.7,105,35
CUST-107105,18,55.8,63.8,3126,41
CUST-107106,18,94.5,109.7,41,6
CUST-107107,4,18.7,21.8,4,2
CUST-107108,20,56.0,102.1,59,17
CUST-107109,1,18.3,14.6,13,35
CUST-107110,20,91.4,99.1,5648,32
CUST-107111,1,24.1,12.3,135,32
CUST-107112,11,12.5,8.6,61,4
CUST-107113,11,22.4,6.5,38,7
CUST-107114,15,50.5,94.7,139,32
CUST-107115,16,64.3,107.4,4725,44
CUST-107116,21,51.9,30.4,1368,9
CUST-107117,10,20.8,9.5,43,7
CUST-107118,20,83.6,27.4,53,23
CUST-107119,15,66.2,85.1,105,17
CUST-107120,20,54.5,78.8,2679,10
CUST-107121,9,35.2,11.9,78,24
CUST-107122,11,28.0,6.7,8,4
CUST-107123,7,24.1,13.2,89,21
CUST-107124,14,35.6,10.8,68,32
CUST-107125,2,18.1,14.1,89,24
CUST-107126,25,67.2,87.3,116,2
CUST-107127,29,91.2,64.4,59,31
CUST-107128,7,24.2,11.6,109,41
CUST-107129,27,51.1,74.5,968,42
CUST-107130,4,15.4,14.5,150,7
CUST-107131,2,40.1,4.3,98,25
CUST-107132,1,44.9,9.5,6,27
CUST-107133,2,29.4,5.8,107,39
CUST-107134,15,70.8,30.9,1761,15
CUST-107135,8,36.2,13.1,28,10
CUST-107136,9,33.8,10.0,112,8
CUST-107137,13,25.2,8.9,18,16
CUST-107138,9,36.4,18.1,11,32
CUST-107139,4,36.9,10.0,101,22
CUST-107140,12,38.9,6.0,32,28
CUST-107141,9,36.7,9.8,57,19
CUST-107142,11,32.3,9.5,97,31
CUST-107143,7,16.1,6.5,39,13
CUST-107144,3,28.8,4.4,6,25
CUST-107145,23,63.0,84.2,148,13
CUST-107146,9,36.7,16.5,130,32
CUST-107147,14,26.5,17.4,121,2
CUST-107148,4,15.0,20.5,42,22
CUST-107149,11,42.2,20.2,70,19
CUST-107150,5,21.0,10.2,93,22
CUST-107151,7,19.3,10.3,13,12
CUST-107152,5,27.4,19.9,74,5
CUST-107153,1,36.7,12.3,148,27
CUST-107154,6,37.3,14.1,116,35
CUST-107155,27,73.5,31.5,48,21
CUST-107156,3,34.0,7.0,1,17
CUST-107157,13,27.3,8.9,68,25
CUST-107158,14,11.0,4.7,59,8
CUST-107159,18,76.3,35.7,133,2
CUST-107160,5,10.8,20.3,10,43
CUST-107161,21,82.2,74.1,1037,5
CUST-107162,12,45.0,8.7,68,27
CUST-107163,29,63.5,78.5,20,4
CUST-107164,8,20.9,7.7,137,20
CUST-107165,16,53.7,51.4,2878,2
CUST-107166,11,17.6,16.3,144,11
CUST-107167,6,14.4,17.1,129,10
CUST-107168,26,91.1,59.1,118,38
CUST-107169,11,14.4,16.0,84,0
CUST-107170,24,75.1,31.2,0,12
CUST-107171,12,34.0,17.8,4,7
CUST-107172,14,42.0,9.7,49,44
CUST-107173,17,55.5,70.1,5608,18
CUST-107174,3,28.9,20.1,72,44
CUST-107175,11,41.4,9.6,37,6
CUST-107176,11,24.8,17.3,65,3
CUST-107177,12,38.5,19.3,4,38
CUST-107178,8,36.9,18.5,56,38
CUST-107179,17,78.0,69.2,121,15
CUST-107180,28,62.6,95.4,33,13
CUST-107181,4,30.2,8.6,136,16
CUST-107182,17,81.7,56.2,15,0
CUST-107183,6,20.3,7.9,134,14
CUST-107184,17,53.5,97.5,120,20
CUST-107185,13,26.0,20.4,20,22
CUST-107186,15,86.0,99.8,7,31
CUST-107187,15,73.9,107.1,4926,28
CUST-107188,27,59.7,72.0,2664,34
CUST-107189,1,10.3,10.0,12,39
CUST-107190,3,27.4,17.3,5,36
CUST-107191,11,38.2,17.1,97,31
CUST-107192,16,84.9,96.0,3456,45
CUST-107193,6,13.0,17.4,143,23
CUST-107194,14,24.0,6.4,65,32
CUST-107195,26,77.1,58.2,3026,28
CUST-107196,8,28.9,11.4,129,21
CUST-107197,9,11.7,11.5,121,28
CUST-107198,27,52.8,91.8,123,45
CUST-107199,28,74.5,109.0,2725,1
CUST-107200,1,18.0,10.9,69,0
CUST-107201,22,63.6,70.6,130,15
CUST-107202,5,10.7,22.0,74,42
CUST-107203,23,78.5,75.8,35,14
CUST-107204,22,66.9,73.3,1905,28
CUST-107205,1,35.7,15.7,0,40
CUST-107206,13,24.7,20.6,26,23
CUST-107207,1,31.3,20.7,13,7
CUST-107208,2,34.0,4.6,49,29
CUST-107209,5,15.2,9.2,77,11
CUST-107210,2,37.8,16.7,68,12
CUST-107211,23,54.3,103.1,5979,43
CUST-107212,2,33.6,13.6,31,20
CUST-107213,12,27.3,15.5,11,44
CUST-107214,19,90.1,109.9,3626,42
CUST-107215,17,71.3,82.2,146,33
CUST-107216,10,16.9,21.5,83,25
CUST-107217,13,40.9,6.0,12,42
CUST-107218,18,65.5,38.8,3026,44
CUST-107219,4,11.8,12.9,97,21
CUST-107220,26,81.3,42.1,29,15
CUST-107221,12,38.9,15.2,47,3
CUST-107222,19,92.6,102.7,91,3
CUST-107223,27,74.9,46.8,113,14
CUST-107224,16,72.7,35.4,60,15
CUST-107225,12,36.5,11.9,52,0
CUST-107226,2,16.9,17.1,26,27
CUST-107227,11,42.8,22.0,29,33
CUST-107228,10,39.8,18.0,101,29
CUST-107229,8,17.9,14.4,114,42
CUST-107230,8,15.8,20.2,100,11
CUST-107231,11,26.2,20.7,13,22
CUST-107232,14,42.7,4.7,49,22
CUST-107233,11,14.1,14.3,142,18
CUST-107234,9,27.1,7.8,3,12
CUST-107235,26,77.4,39.0,63,30
CUST-107236,12,42.3,8.0,45,14
CUST-107237,9,44.6,10.5,100,3
CUST-107238,26,68.3,74.1,135,8
CUST-107239,19,67.5,81.4,122,36
CUST-107240,25,75.7,93.0,3348,37
CUST-107241,9,22.3,4.7,70,2
CUST-107242,7,25.2,21.6,140,43
CUST-107243,8,32.8,8.1,62,42
CUST-107244,11,43.9,7.4,139,1
CUST-107245,11,32.7,9.1,76,41
CUST-107246,22,73.2,36.4,764,6
CUST-107247,20,64.4,39.0,3081,45
CUST-107248,17,80.8,42.4,551,10
CUST-107249,8,27.6,19.7,15,7
CUST-107250,28,83.9,64.7,2652,27
CUST-107251,28,92.6,81.1,5190,4
CUST-107252,13,36.8,20.9,97,45
CUST-107253,20,77.8,98.5,25,22
CUST-107254,11,43.2,10.2,53,22
CUST-107255,13,29.0,7.8,68,19
CUST-107256,2,14.9,18.1,66,14
CUST-107257,23,67.1,106.9,137,4
CUST-107258,12,44.0,7.3,4,34
CUST-107259,8,26.8,7.9,72,3
CUST-107260,22,88.3,65.6,40,41
CUST-107261,28,73.2,93.8,19,27
CUST-107262,5,22.9,9.8,15,15
CUST-107263,7,26.9,18.1,68,14
CUST-107264,5,44.4,11.6,67,16
CUST-107265,5,19.1,4.3,146,39
CUST-107266,6,35.2,20.7,109,14
CUST-107267,25,92.2,93.0,148,20
CUST-107268,29,83.2,91.8,1009,25
CUST-107269,9,29.5,11.8,144,27
CUST-107270,14,13.6,15.1,94,1
CUST-107271,1,29.6,10.6,7,6
CUST-107272,19,61.3,49.8,74,20
CUST-107273,16,75.6,70.6,3318,14
CUST-107274,4,14.7,14.8,47,43
CUST-107275,15,50.6,26.9,100,22
CUST-107276,1,36.9,19.1,117,36
CUST-107277,22,78.9,101.2,6679,30
CUST-107278,12,37.1,21.8,89,6
CUST-107279,4,43.3,5.0,125,8
CUST-107280,29,75.1,72.9,87,41
CUST-107281,12,30.4,14.0,139,42
CUST-107282,14,15.7,17.8,69,24
CUST-107283,10,19.9,6.6,54,8
CUST-107284,17,56.6,63.2,4044,6
CUST-107285,9,16.1,8.0,8,36
CUST-107286,18,53.4,87.5,3850,29
CUST-107287,5,42.2,15.5,16,34
CUST-107288,17,65.0,25.9,73,40
CUST-107289,11,28.4,15.5,147,14
CUST-107290,13,30.9,10.3,144,19
CUST-107291,7,30.0,13.3,131,37
CUST-107292,26,90.1,92.2,75,14
CUST-107293,23,78.8,55.0,147,14
CUST-107294,2,26.7,21.0,76,3
CUST-107295,19,85.4,26.0,1378,23
CUST-107296,25,71.6,96.2,5772,21
CUST-107297,3,39.5,13.7,109,6
CUST-107298,7,38.0,11.7,31,6
CUST-107299,5,28.0,12.3,49,44
CUST-107300,2,37.6,7.7,116,12
CUST-107301,12,25.1,15.1,12,21
CUST-107302,23,88.4,69.8,4257,10
CUST-107303,20,51.9,31.2,2371,2
CUST-107304,15,88.0,42.1,5,10
CUST-107305,14,42.2,19.0,104,17
CUST-107306,26,66.2,109.0,27,12
CUST-107307,16,91.6,90.9,7181,39
CUST-107308,4,17.9,20.1,117,31
CUST-107309,10,25.4,18.9,60,8
CUST-107310,3,20.3,20.9,12,4
CUST-107311,21,76.1,47.8,1099,43
CUST-107312,1,43.3,16.4,45,9
CUST-107313,22,85.3,31.2,102,18
CUST-107314,7,14.1,21.0,50,43
CUST-107315,4,18.3,16.9,21,28
CUST-107316,12,41.7,5.9,133,7
CUST-107317,10,15.5,16.3,36,27
CUST-107318,10,11.5,17.8,21,8
CUST-107319,1,39.7,18.1,105,23
CUST-107320,7,16.6,9.2,7,9
CUST-107321,11,24.3,20.1,56,28
CUST-107322,20,74.2,80.9,3883,24
CUST-107323,20,53.4,41.7,1042,27
CUST-107324,3,30.4,16.7,18,38
CUST-107325,14,44.4,15.6,101,4
CUST-107326,24,66.8,82.4,3296,43
CUST-107327,13,17.0,15.9,1,0
CUST-107328,7,24.8,9.7,75,6
CUST-107329,15,59.5,35.4,2761,38
CUST-107330,5,29.4,19.7,90,18
CUST-107331,1,43.2,10.6,137,32
CUST-107332,3,35.9,12.7,29,29
CUST-107333,21,67.6,70.7,111,20
CUST-107334,27,86.9,29.9,66,6
CUST-107335,16,81.8,80.0,19,35
CUST-107336,14,23.4,11.7,25,41
CUST-107337,25,52.4,76.4,66,35
CUST-107338,3,19.5,14.4,72,11
CUST-107339,11,37.5,14.4,73,13
CUST-107340,26,56.0,44.4,532,34
CUST-107341,4,38.6,20.2,134,1
CUST-107342,6,11.1,14.9,127,6
CUST-107343,4,16.5,16.9,150,32
CUST-107344,17,89.9,50.7,137,12
CUST-107345,2,28.4,6.8,136,37
CUST-107346,19,69.5,37.5,2100,19
CUST-107347,10,43.7,6.7,119,28
CUST-107348,8,29.7,9.5,146,11
CUST-107349,7,14.4,14.9,113,22
CUST-107350,2,18.6,5.7,39,10
CUST-107351,25,60.9,35.4,920,34
CUST-107352,5,21.0,4.4,23,24
CUST-107353,11,32.8,14.4,50,6
CUST-107354,3,10.1,18.7,41,15
CUST-107355,24,75.9,97.4,129,28
CUST-107356,21,88.3,45.7,106,25
CUST-107357,11,13.9,13.5,77,41
CUST-107358,3,27.9,16.3,26,0
CUST-107359,7,42.4,6.0,123,25
CUST-107360,1,37.6,4.5,34,26
CUST-107361,5,38.2,21.0,58,5
CUST-107362,8,31.3,6.4,56,40
CUST-107363,25,74.8,98.2,1374,22
CUST-107364,25,51.7,39.5,74,35
CUST-107365,16,52.1,81.9,42,24
CUST-107366,26,88.2,66.3,3049,22
CUST-107367,13,23.2,17.7,143,31
CUST-107368,12,24.8,19.4,65,21
CUST-107369,6,22.9,15.1,80,11
CUST-107370,24,81.1,68.0,79,28
CUST-107371,5,18.9,9.5,142,12
CUST-107372,14,23.3,11.1,35,26
CUST-107373,21,71.2,40.8,92,4
CUST-107374,2,25.4,19.8,119,40
CUST-107375,9,13.3,19.5,43,23
CUST-107376,20,55.4,104.9,7762,19
CUST-107377,20,60.4,67.6,72,2
CUST-107378,26,69.3,97.7,30,30
CUST-107379,8,40.3,7.6,10,6
CUST-107380,12,29.1,13.4,142,12
CUST-107381,28,55.3,36.7,43,5
CUST-107382,5,43.8,6.7,79,0
CUST-107383,4,28.2,14.1,57,35
CUST-107384,13,19.1,11.2,96,34
CUST-107385,26,82.1,37.0,2516,10
CUST-107386,8,15.4,5.0,73,7
CUST-107387,21,61.8,94.1,4422,5
CUST-107388,12,24.7,5.7,16,8
CUST-107389,9,44.8,16.9,21,28
CUST-107390,3,27.2,9.5,97,6
CUST-107391,13,42.2,17.5,92,40
CUST-107392,8,14.1,10.4,35,43
CUST-107393,27,69.2,74.0,3996,42
CUST-107394,6,33.9,17.2,39,19
CUST-107395,25,67.3,42.2,113,42
CUST-107396,22,84.9,34.1,113,25
CUST-107397,7,32.4,15.8,45,10
CUST-107398,3,21.4,9.0,138,20
CUST-107399,23,65.5,27.3,150,14
CUST-107400,18,80.2,99.8,3293,20
CUST-107401,25,66.9,29.9,1136,34
CUST-107402,5,23.4,11.2,43,30
CUST-107403,18,81.9,81.1,7,9
CUST-107404,24,77.4,28.8,123,42
CUST-107405,5,40.5,21.1,88,27
CUST-107406,27,67.2,102.3,7058,45
CUST-107407,14,27.8,4.4,57,34
CUST-107408,6,15.4,6.2,5,18
CUST-107409,2,37.7,6.2,40,10
CUST-107410,11,23.2,7.6,75,3
CUST-107411,19,72.1,63.3,128,27
CUST-107412,14,35.3,18.2,130,4
CUST-107413,6,29.4,4.8,107,12
CUST-107414,28,85.3,90.5,6335,33
CUST-107415,7,24.2,13.4,129,23
CUST-107416,24,73.5,63.5,1841,34
CUST-107417,20,64.7,105.8,7194,23
CUST-107418,23,79.0,70.1,2313,6
CUST-107419,7,40.7,12.4,78,9
CUST-107420,12,40.6,21.9,137,9
CUST-107421,17,50.2,58.8,97,22
CUST-107422,18,73.2,84.4,37,7
CUST-107423,4,28.9,9.3,39,0
CUST-107424,13,32.0,21.9,135,19
CUST-107425,26,89.0,25.6,101,15
CUST-107426,28,52.3,80.0,35,5
CUST-107427,29,61.7,104.9,136,24
CUST-107428,1,42.3,16.6,13,31
CUST-107429,21,84.2,76.1,109,25
CUST-107430,12,31.9,13.7,58,41
CUST-107431,6,35.3,18.9,95,26
CUST-107432,16,71.4,99.3,5660,9
CUST-107433,14,21.5,22.0,142,0
CUST-107434,22,61.6,106.8,18,7
CUST-107435,20,77.4,37.0,555,6
CUST-107436,4,28.3,7.1,68,36
CUST-107437,12,30.1,20.3,108,28
CUST-107438,7,28.2,4.9,44,32
CUST-107439,25,61.6,37.2,1227,21
CUST-107440,7,30.6,16.3,23,0
CUST-107441,10,43.9,21.4,78,27
CUST-107442,19,90.0,100.7,5941,41
CUST-107443,25,55.7,26.2,92,19
CUST-107444,26,86.3,100.1,5305,16
CUST-107445,8,25.7,21.1,39,4
CUST-107446,25,68.0,28.4,142,42
CUST-107447,19,93.3,81.2,35,31
CUST-107448,3,16.8,6.1,61,8
CUST-107449,22,53.2,65.1,2604,12
CUST-107450,11,37.3,18.1,15,21
CUST-107451,23,75.0,109.9,30,42
CUST-107452,15,93.1,53.3,1758,3
CUST-107453,6,15.4,9.4,120,17
CUST-107454,10,11.6,6.5,80,30
CUST-107455,26,61.5,90.1,991,27
CUST-107456,3,28.1,8.1,37,29
CUST-107457,12,24.2,14.3,92,23
CUST-107458,15,61.3,107.1,1392,35
CUST-107459,7,21.7,15.3,53,37
CUST-107460,21,57.9,47.4,1706,28
CUST-107461,7,34.4,18.5,21,36
CUST-107462,1,28.6,4.2,102,7
CUST-107463,27,75.8,104.3,23,30
CUST-107464,6,18.4,9.0,147,35
CUST-107465,22,85.2,52.2,2088,6
CUST-107466,14,30.2,21.8,134,9
CUST-107467,13,24.7,5.0,5,42
CUST-107468,24,81.0,99.0,6831,1
CUST-107469,18,64.7,92.7,10,26
CUST-107470,6,11.7,14.2,119,43
CUST-107471,23,86.0,68.3,65,29
CUST-107472,13,29.4,13.1,11,13
CUST-107473,21,66.0,34.9,40,8
CUST-107474,4,44.9,5.8,61,16
CUST-107475,3,15.4,16.7,147,16
CUST-107476,5,34.8,17.1,2,8
CUST-107477,7,34.1,9.5,130,5
CUST-107478,4,32.6,16.6,122,12
CUST-107479,1,39.6,16.5,13,30
CUST-107480,19,66.2,66.9,2,13
CUST-107481,22,73.6,56.2,2304,35
CUST-107482,24,64.8,49.4,1729,36
CUST-107483,17,68.9,57.7,3,30
CUST-107484,11,28.8,5.2,141,16
CUST-107485,27,79.8,31.7,27,35
CUST-107486,5,44.0,6.7,12,13
CUST-107487,16,57.1,79.9,1598,25
CUST-107488,18,59.7,78.9,91,40
CUST-107489,24,85.8,108.9,1524,39
CUST-107490,10,21.1,10.7,120,44
CUST-107491,9,31.0,5.5,109,41
CUST-107492,1,25.1,5.7,14,8
CUST-107493,28,91.1,26.5,118,13
CUST-107494,18,84.4,64.6,3229,45
CUST-107495,6,30.3,17.6,88,36
CUST-107496,4,39.4,9.7,65,6
CUST-107497,11,19.5,8.5,131,3
CUST-107498,23,71.0,45.2,2892,34
CUST-107499,29,51.3,103.1,5670,35
CUST-107500,3,20.0,12.7,26,8
CUST-107501,26,68.3,75.9,76,9
CUST-107502,5,19.1,8.1,120,12
CUST-107503,18,53.0,37.7,2073,2
CUST-107504,11,11.0,15.1,145,16
CUST-107505,23,53.1,63.3,4557,41
CUST-107506,1,21.3,15.6,97,33
CUST-107507,5,27.4,12.3,124,38
CUST-107508,13,11.1,6.0,71,4
CUST-107509,17,91.9,104.4,5742,44
CUST-107510,10,23.0,21.4,73,28
CUST-107511,8,30.4,8.3,116,19
CUST-107512,29,75.9,33.8,106,0
CUST-107513,11,42.3,6.8,35,9
CUST-107514,13,32.1,6.5,43,45
CUST-107515,24,54.7,68.2,1091,17
CUST-107516,11,44.0,8.0,4,16
CUST-107517,13,19.1,19.6,1,5
CUST-107518,15,86.5,94.5,18,8
CUST-107519,8,31.1,13.4,134,40
CUST-107520,1,18.9,7.3,19,41
CUST-107521,14,21.4,19.1,13,30
CUST-107522,3,22.8,16.4,17,36
CUST-107523,13,16.0,8.0,25,4
CUST-107524,4,27.7,12.8,36,3
CUST-107525,1,42.1,7.1,117,31
CUST-107526,24,69.0,51.1,64,17
CUST-107527,13,36.6,12.8,48,10
CUST-107528,24,88.7,41.5,1452,34
CUST-107529,14,18.8,12.3,44,44
CUST-107530,24,86.2,29.6,119,11
CUST-107531,17,89.5,61.6,96,18
CUST-107532,3,24.7,13.8,16,33
CUST-107533,10,38.9,7.9,93,9
CUST-107534,29,87.5,86.7,1560,11
CUST-107535,4,17.9,8.9,109,7
CUST-107536,6,19.9,5.4,89,26
CUST-107537,22,53.2,92.1,2394,41
CUST-107538,13,15.0,18.9,105,37
CUST-107539,13,14.3,8.1,16,5
CUST-107540,22,81.3,32.4,1458,38
CUST-107541,5,42.5,13.1,104,13
CUST-107542,21,60.6,70.9,148,31
CUST-107543,5,16.4,6.2,61,31
CUST-107544,13,21.5,9.0,39,12
CUST-107545,28,78.6,55.8,79,25
CUST-107546,28,61.3,73.1,116,41
CUST-107547,6,41.1,20.5,4,25
CUST-107548,1,43.9,21.3,37,4
CUST-107549,14,22.2,14.5,115,39
CUST-107550,5,28.0,6.3,134,1
CUST-107551,3,35.2,15.4,101,37
CUST-107552,5,25.5,16.8,139,10
CUST-107553,26,88.3,90.5,56,6
CUST-107554,17,72.6,53.9,1293,19
CUST-107555,13,30.0,11.9,131,13
CUST-107556,9,37.0,20.8,18,17
CUST-107557,19,79.4,90.7,104,13
CUST-107558,11,28.7,10.7,100,29
CUST-107559,11,37.3,11.0,102,3
CUST-107560,6,17.0,15.5,107,29
CUST-107561,18,81.6,25.7,1824,28
CUST-107562,4,14.1,14.8,53,36
CUST-107563,19,95.0,43.4,58,31
CUST-107564,27,75.3,71.9,120,7
CUST-107565,29,72.0,36.2,135,9
CUST-107566,1,29.8,12.6,113,3
CUST-107567,5,41.3,5.8,23,11
CUST-107568,16,57.9,107.9,3344,17
CUST-107569,27,75.0,91.2,106,38
CUST-107570,25,80.8,79.0,4108,8
CUST-107571,2,30.0,8.4,57,15
CUST-107572,9,39.2,4.2,44,36
CUST-107573,2,39.4,12.8,62,19
CUST-107574,3,19.8,6.9,140,31
CUST-107575,14,43.7,11.8,24,33
CUST-107576,24,71.7,47.5,3800,26
CUST-107577,1,14.1,20.0,133,39
CUST-107578,19,87.1,96.0,117,3
CUST-107579,28,55.4,52.0,14,18
CUST-107580,4,15.7,18.5,13,41
CUST-107581,19,60.3,51.2,3635,10
CUST-107582,15,72.8,28.3,31,43
CUST-107583,24,70.9,108.7,5000,34
CUST-107584,7,28.7,18.3,36,45
CUST-107585,8,43.2,11.3,109,7
CUST-107586,17,87.5,38.8,2289,1
CUST-107587,3,44.9,15.0,96,32
CUST-107588,2,29.2,18.1,47,17
CUST-107589,24,88.7,93.6,6739,32
CUST-107590,6,32.3,11.1,24,1
CUST-107591,22,94.3,44.2,2784,20
CUST-107592,4,32.0,4.2,1,29
CUST-107593,19,70.2,73.6,5814,10
CUST-107594,17,77.6,72.7,872,23
CUST-107595,3,28.0,10.9,46,0
CUST-107596,22,68.7,69.0,1104,2
CUST-107597,24,55.0,81.7,980,13
CUST-107598,10,16.5,7.6,53,3
CUST-107599,1,40.8,12.5,130,34
CUST-107600,8,43.4,12.8,18,29
CUST-107601,12,22.6,20.1,19,19
CUST-107602,3,30.7,4.9,149,15
CUST-107603,27,66.1,85.2,4174,4
CUST-107604,9,40.3,20.9,99,2
CUST-107605,19,69.5,87.8,126,19
CUST-107606,7,23.1,9.1,18,42
CUST-107607,26,73.8,55.5,777,17
CUST-107608,15,51.9,59.1,65,33
CUST-107609,23,76.4,51.2,819,12
CUST-107610,13,10.6,17.4,48,36
CUST-107611,13,11.2,9.9,36,32
CUST-107612,14,25.0,7.7,25,34
CUST-107613,24,92.0,109.2,5678,41
CUST-107614,10,28.2,18.7,138,12
CUST-107615,26,77.3,88.3,100,33
CUST-107616,15,86.8,43.2,65,16
CUST-107617,27,77.2,77.2,36,25
CUST-107618,16,51.6,65.1,120,23
CUST-107619,25,56.2,65.7,2365,34
CUST-107620,4,19.2,17.2,141,22
CUST-107621,3,26.8,21.0,130,26
CUST-107622,24,56.0,98.9,115,10
CUST-107623,6,24.5,19.9,118,8
CUST-107624,9,39.7,18.5,5,42
CUST-107625,15,63.3,94.7,4261,11
CUST-107626,7,33.8,17.0,85,13
CUST-107627,13,34.8,14.4,105,2
CUST-107628,2,25.5,7.3,120,2
CUST-107629,3,14.3,11.3,83,4
CUST-107630,18,73.3,39.0,2028,2
CUST-107631,14,18.0,20.0,142,34
CUST-107632,20,91.4,59.3,47,18
CUST-107633,1,19.2,8.0,2,8
CUST-107634,12,29.5,19.0,114,0
CUST-107635,12,13.2,19.4,52,34
CUST-107636,1,29.0,20.6,102,26
CUST-107637,8,43.4,8.4,32,6
CUST-107638,10,28.8,8.2,42,34
CUST-107639,16,79.2,39.3,74,40
CUST-107640,29,53.0,74.0,52,25
CUST-107641,11,32.2,8.8,31,23
CUST-107642,12,37.1,21.3,11,25
CUST-107643,21,60.1,104.3,6779,31
CUST-107644,12,29.6,6.8,142,22
CUST-107645,10,36.9,15.0,111,24
CUST-107646,13,43.0,14.2,33,0
CUST-107647,1,23.7,16.8,144,17
CUST-107648,1,40.3,7.7,150,39
CUST-107649,2,39.1,12.6,21,16
CUST-107650,7,25.2,20.8,23,10
CUST-107651,16,55.5,63.8,149,37
CUST-107652,7,16.3,15.6,119,8
CUST-107653,24,82.5,84.1,146,16
CUST-107654,17,83.6,101.1,3336,42
CUST-107655,12,20.7,18.4,35,29
CUST-107656,26,85.2,33.9,915,45
CUST-107657,6,37.3,7.3,77,4
CUST-107658,14,44.6,17.1,37,40
CUST-107659,17,85.5,90.3,4153,28
CUST-107660,11,14.8,10.3,85,25
CUST-107661,3,30.8,12.6,73,12
CUST-107662,2,10.2,18.5,39,8
CUST-107663,16,89.6,87.9,5537,2
CUST-107664,18,65.9,28.3,1839,4
CUST-107665,29,86.6,72.0,3816,18
CUST-107666,4,43.2,15.5,112,45
CUST-107667,13,40.0,4.3,8,33
CUST-107668,27,74.7,45.6,15,22
CUST-107669,20,81.7,36.7,1394,31
CUST-107670,11,40.8,12.7,103,34
CUST-107671,25,92.8,61.7,133,14
CUST-107672,18,62.9,51.8,4,9
CUST-107673,28,62.2,38.9,22,26
CUST-107674,3,42.9,13.9,89,36
CUST-107675,13,26.1,20.3,124,25
CUST-107676,8,15.2,6.1,9,29
CUST-107677,12,37.8,14.4,131,14
CUST-107678,27,61.2,81.5,104,5
CUST-107679,15,55.0,105.7,7187,22
CUST-107680,29,75.7,71.2,5197,6
CUST-107681,29,79.4,102.9,11,23
CUST-107682,16,75.8,40.6,1745,24
CUST-107683,19,80.7,91.9,90,31
CUST-107684,13,29.4,14.1,31,28
CUST-107685,24,76.0,90.8,53,38
CUST-107686,13,23.3,21.8,30,13
CUST-107687,29,79.5,34.9,117,0
CUST-107688,4,35.7,19.4,16,0
CUST-107689,4,44.4,18.5,143,31
CUST-107690,13,10.1,7.2,0,16
CUST-107691,22,62.8,62.5,3250,7
CUST-107692,16,56.4,84.1,5046,10
CUST-107693,17,52.4,83.9,69,42
CUST-107694,29,57.2,70.4,95,14
CUST-107695,6,41.1,13.5,67,45
CUST-107696,8,38.7,10.2,62,8
CUST-107697,13,16.3,7.1,22,42
CUST-107698,12,26.0,19.7,117,35
CUST-107699,15,65.4,94.3,4809,18
CUST-107700,21,94.0,86.9,139,42
CUST-107701,26,76.6,40.2,643,3
CUST-107702,28,94.8,68.2,4364,45
CUST-107703,2,35.5,9.0,150,7
CUST-107704,16,89.8,59.7,3343,22
CUST-107705,1,37.4,7.6,90,16
CUST-107706,18,86.8,37.9,23,45
CUST-107707,20,50.8,58.7,2406,18
CUST-107708,15,90.8,93.7,99,29
CUST-107709,6,19.4,16.8,69,13
CUST-107710,13,32.5,15.1,123,45
CUST-107711,9,36.8,15.2,36,22
CUST-107712,13,42.1,14.6,113,38
CUST-107713,2,40.5,10.3,25,3
CUST-107714,26,64.9,71.1,5190,33
CUST-107715,18,56.0,78.6,112,40
CUST-107716,9,32.4,6.5,140,36
CUST-107717,20,83.7,41.9,133,9
CUST-107718,11,25.0,17.4,23,38
CUST-107719,8,43.8,5.1,7,30
CUST-107720,7,14.4,15.2,59,38
CUST-107721,1,41.7,21.4,70,39
CUST-107722,22,64.6,42.0,36,33
CUST-107723,25,69.9,109.6,43,13
CUST-107724,22,58.1,63.0,2898,35
CUST-107725,18,63.6,63.0,70,19
CUST-107726,4,41.2,7.0,48,6
CUST-107727,10,26.6,6.6,103,40
CUST-107728,15,95.0,105.8,128,34
CUST-107729,20,79.1,36.6,2342,16
CUST-107730,4,10.9,12.1,95,37
CUST-107731,22,85.1,84.7,6606,24
CUST-107732,2,17.8,6.5,123,14
CUST-107733,9,14.9,9.7,53,16
CUST-107734,10,40.8,18.8,88,25
CUST-107735,12,16.9,6.9,70,12
CUST-107736,5,12.0,10.4,122,35
CUST-107737,17,66.5,91.8,6976,0
CUST-107738,8,15.2,11.7,68,27
CUST-107739,5,14.8,10.4,39,13
CUST-107740,27,82.3,25.3,41,42
CUST-107741,8,35.0,15.9,140,26
CUST-107742,17,79.2,93.7,53,27
CUST-107743,12,24.2,17.1,91,23
CUST-107744,12,33.7,9.3,104,13
CUST-107745,5,31.4,19.0,77,45
CUST-107746,14,32.7,14.5,139,32
CUST-107747,6,31.9,18.4,74,17
CUST-107748,2,42.6,18.4,25,23
CUST-107749,1,25.7,19.0,55,18
CUST-107750,2,27.4,4.1,10,2
CUST-107751,5,10.5,10.0,33,40
CUST-107752,23,58.5,77.1,87,6
CUST-107753,1,20.2,14.0,43,19
CUST-107754,27,85.4,94.1,147,0
CUST-107755,29,69.5,93.0,6417,33
CUST-107756,3,43.8,13.9,96,45
CUST-107757,8,41.6,7.0,12,27
CUST-107758,20,88.1,100.9,22,37
CUST-107759,15,90.2,38.3,142,23
CUST-107760,2,24.5,7.1,112,45
CUST-107761,3,11.0,21.1,111,12
CUST-107762,3,24.5,18.6,12,10
CUST-107763,15,58.2,80.8,2828,25
CUST-107764,13,17.5,15.5,115,8
CUST-107765,8,13.7,11.1,60,16
CUST-107766,11,17.4,9.6,59,8
CUST-107767,1,18.0,13.5,25,18
CUST-107768,6,26.9,10.1,100,15
CUST-107769,4,28.5,18.3,113,1
CUST-107770,25,51.3,31.3,11,1
CUST-107771,5,42.3,4.2,86,16
CUST-107772,24,78.5,63.7,4013,19
CUST-107773,17,93.0,108.5,9,20
CUST-107774,8,32.1,9.0,46,39
CUST-107775,4,34.2,12.8,147,34
CUST-107776,17,56.1,33.4,113,4
CUST-107777,6,36.8,5.0,124,28
CUST-107778,10,37.0,14.0,146,29
CUST-107779,10,39.6,12.6,110,26
CUST-107780,9,36.1,8.4,5,38
CUST-107781,27,72.4,98.2,96,20
CUST-107782,28,78.0,38.1,2971,6
CUST-107783,14,14.8,8.1,60,29
CUST-107784,24,94.2,26.5,1749,14
CUST-107785,18,61.0,56.8,82,44
CUST-107786,2,40.3,21.3,105,42
CUST-107787,2,10.5,13.7,101,21
CUST-107788,26,65.9,107.2,37,41
CUST-107789,15,67.0,53.1,849,6
CUST-107790,5,33.2,7.0,5,43
CUST-107791,28,74.6,97.0,81,9
CUST-107792,21,90.0,65.8,1052,14
CUST-107793,2,14.1,11.8,140,21
CUST-107794,1,44.6,11.4,125,30
CUST-107795,10,34.3,6.3,125,22
CUST-107796,22,58.6,65.4,112,6
CUST-107797,2,23.3,21.1,38,39
CUST-107798,29,81.6,64.8,5,27
CUST-107799,10,41.2,12.5,53,6
CUST-107800,5,35.2,5.6,21,5
CUST-107801,19,58.7,96.2,3848,37
CUST-107802,2,39.4,6.8,150,6
CUST-107803,4,39.2,13.9,19,6
CUST-107804,3,44.2,9.5,66,35
CUST-107805,9,32.2,21.6,102,35
CUST-107806,14,30.5,5.5,95,33
CUST-107807,5,35.2,8.2,72,17
CUST-107808,10,37.3,6.4,32,25
CUST-107809,9,15.3,17.3,122,5
CUST-107810,13,38.4,6.7,96,23
CUST-107811,11,35.6,10.0,35,17
CUST-107812,12,23.9,4.5,58,4
CUST-107813,10,32.2,19.9,98,24
CUST-107814,24,60.8,67.0,56,23
CUST-107815,10,17.9,16.8,70,41
CUST-107816,18,82.2,61.6,12,15
CUST-107817,21,86.3,30.1,1023,2
CUST-107818,2,29.7,17.8,102,26
CUST-107819,7,12.9,18.2,139,0
CUST-107820,2,13.9,13.1,137,22
CUST-107821,1,31.4,21.0,105,0
CUST-107822,29,74.2,43.5,3,7
CUST-107823,12,20.6,15.6,145,43
CUST-107824,9,23.6,11.7,78,25
CUST-107825,5,10.1,9.1,92,45
CUST-107826,3,13.1,19.7,38,8
CUST-107827,20,53.6,73.8,3099,0
CUST-107828,9,24.0,15.5,97,45
CUST-107829,4,32.8,7.3,64,25
CUST-107830,20,91.3,56.4,59,31
CUST-107831,14,26.7,8.5,109,19
CUST-107832,12,32.7,18.0,139,4
CUST-107833,14,10.8,17.4,7,19
CUST-107834,4,44.8,11.6,34,33
CUST-107835,8,31.1,18.7,147,25
CUST-107836,6,10.3,7.8,42,3
CUST-107837,3,21.1,14.3,139,41
CUST-107838,10,22.5,21.0,144,29
CUST-107839,12,14.1,15.7,11,42
CUST-107840,18,89.1,78.4,5174,9
CUST-107841,21,78.4,104.6,49,32
CUST-107842,27,82.8,94.4,5003,40
CUST-107843,15,65.3,44.4,80,10
CUST-107844,7,13.5,9.7,97,8
CUST-107845,1,43.4,17.8,150,15
CUST-107846,2,34.6,14.7,128,16
CUST-107847,13,35.7,21.2,83,4
CUST-107848,13,27.5,10.8,21,14
CUST-107849,2,36.3,16.7,2,22
CUST-107850,17,72.3,104.3,37,27
CUST-107851,5,25.6,19.5,95,27
CUST-107852,14,32.5,9.6,102,29
CUST-107853,15,58.2,28.0,728,17
CUST-107854,18,73.6,47.6,2332,7
CUST-107855,12,20.1,8.1,132,42
CUST-107856,24,71.2,105.7,140,36
CUST-107857,24,90.0,47.8,2485,42
CUST-107858,5,17.0,12.1,53,42
CUST-107859,26,86.8,50.7,10,27
CUST-107860,7,20.4,10.0,49,41
CUST-107861,9,41.7,9.1,51,2
CUST-107862,1,21.2,16.1,86,39
CUST-107863,29,79.0,33.8,74,32
CUST-107864,8,34.3,13.9,7,15
CUST-107865,19,82.7,74.7,5229,8
CUST-107866,13,36.1,18.3,147,5
CUST-107867,17,86.0,49.3,591,29
CUST-107868,25,53.3,93.7,3092,34
CUST-107869,2,45.0,10.1,51,29
CUST-107870,18,84.0,44.8,1702,34
CUST-107871,14,42.1,5.3,107,41
CUST-107872,24,85.6,28.7,137,9
CUST-107873,12,41.4,4.5,32,16
CUST-107874,20,83.9,52.3,103,3
CUST-107875,8,18.5,12.0,133,33
CUST-107876,2,16.1,9.0,112,45
CUST-107877,4,22.1,5.4,67,13
CUST-107878,2,18.0,4.2,3,11
CUST-107879,3,20.9,9.1,150,8
CUST-107880,1,44.1,8.3,56,2
CUST-107881,18,81.4,65.6,3148,28
CUST-107882,3,40.1,8.5,63,14
CUST-107883,1,29.1,5.1,104,44
CUST-107884,7,43.2,11.8,34,11
CUST-107885,27,79.8,49.7,497,6
CUST-107886,18,55.8,76.5,82,40
CUST-107887,14,41.9,21.7,58,28
CUST-107888,23,74.2,59.7,92,6
CUST-107889,7,44.4,8.0,48,1
CUST-107890,13,41.7,4.8,60,14
CUST-107891,5,17.1,13.8,91,18
CUST-107892,25,68.8,89.7,33,33
CUST-107893,17,64.0,60.8,4073,24
CUST-107894,20,74.1,58.9,34,27
CUST-107895,21,57.3,50.9,82,41
CUST-107896,8,34.4,7.8,52,28
CUST-107897,16,62.2,86.9,5648,36
CUST-107898,13,31.4,21.0,142,16
CUST-107899,19,81.8,60.4,32,1
CUST-107900,3,23.2,7.7,49,6
CUST-107901,12,24.0,12.3,89,30
CUST-107902,23,90.4,89.0,6942,36
CUST-107903,8,35.0,15.1,103,9
CUST-107904,10,44.4,16.0,0,34
CUST-107905,11,37.7,18.5,108,31
CUST-107906,8,20.7,21.6,115,41
CUST-107907,8,43.6,17.1,133,30
CUST-107908,15,82.1,45.1,23,39
CUST-107909,23,78.7,46.1,34,4
CUST-107910,12,27.7,13.0,68,13
CUST-107911,17,81.8,27.9,669,32
CUST-107912,7,35.4,14.0,131,39
CUST-107913,2,23.5,11.8,39,19
CUST-107914,6,13.5,10.2,53,38
CUST-107915,4,35.7,21.3,25,8
CUST-107916,26,60.2,31.2,32,36
CUST-107917,9,39.3,20.7,91,7
CUST-107918,25,58.1,30.1,25,10
CUST-107919,14,27.8,14.7,47,10
CUST-107920,17,90.3,59.4,150,20
CUST-107921,4,32.6,21.0,59,28
CUST-107922,24,60.9,108.2,126,12
CUST-107923,15,57.6,103.7,103,22
CUST-107924,6,30.4,16.7,64,36
CUST-107925,22,73.9,94.8,91,19
CUST-107926,6,36.1,21.0,50,5
CUST-107927,18,61.5,81.9,22,7
CUST-107928,10,39.1,12.1,100,9
CUST-107929,29,88.6,44.7,2860,26
CUST-107930,11,41.4,12.7,23,14
CUST-107931,11,40.3,6.0,118,24
CUST-107932,17,90.0,37.1,9,5
CUST-107933,1,24.0,10.6,77,17
CUST-107934,10,41.1,5.1,135,14
CUST-107935,7,22.4,18.4,123,26
CUST-107936,4,39.7,8.0,32,39
CUST-107937,18,89.9,109.1,149,31
CUST-107938,18,64.8,67.6,128,39
CUST-107939,9,29.9,7.4,102,43
CUST-107940,12,32.8,20.1,64,16
CUST-107941,14,12.3,16.7,124,10
CUST-107942,19,67.1,27.2,1278,2
CUST-107943,18,52.8,57.7,2481,22
CUST-107944,17,82.2,95.3,6194,22
CUST-107945,26,65.1,88.1,39,12
CUST-107946,13,16.4,7.1,87,0
CUST-107947,12,25.1,18.1,5,12
CUST-107948,3,12.2,14.0,108,2
CUST-107949,11,33.3,10.3,119,1
CUST-107950,15,54.1,57.6,49,44
CUST-107951,26,54.2,72.7,80,9
CUST-107952,19,56.3,32.5,126,17
CUST-107953,13,13.5,11.6,101,4
CUST-107954,7,38.9,14.5,111,38
CUST-107955,26,54.3,25.6,1996,1
CUST-107956,3,32.8,6.6,3,3
CUST-107957,9,11.4,17.5,90,3
CUST-107958,6,36.9,16.9,121,34
CUST-107959,13,29.8,15.7,16,1
CUST-107960,13,11.1,13.6,62,44
CUST-107961,17,92.0,67.7,2504,17
CUST-107962,4,21.2,9.5,42,26
CUST-107963,1,30.0,13.8,144,17
CUST-107964,3,20.6,4.4,91,39
CUST-107965,10,11.9,9.2,72,30
CUST-107966,10,16.4,10.2,57,12
CUST-107967,14,42.3,10.9,10,6
CUST-107968,10,21.0,11.4,126,12
CUST-107969,14,44.0,19.8,142,15
CUST-107970,9,15.9,15.8,147,2
CUST-107971,22,78.8,36.9,18,40
CUST-107972,13,38.0,12.5,13,35
CUST-107973,19,77.3,99.3,74,18
CUST-107974,18,87.1,45.7,868,3
CUST-107975,22,60.1,63.1,119,3
CUST-107976,18,93.9,42.0,1176,34
CUST-107977,13,17.1,15.2,142,8
CUST-107978,20,94.0,90.2,21,32
CUST-107979,24,74.6,98.1,1667,25
CUST-107980,17,71.1,97.5,38,39
CUST-107981,5,34.7,12.7,53,44
CUST-107982,5,35.7,19.3,32,24
CUST-107983,28,68.9,82.6,104,3
CUST-107984,28,63.9,58.3,88,25
CUST-107985,29,52.6,32.0,10,36
CUST-107986,6,31.9,9.0,46,14
CUST-107987,22,55.9,81.8,45,43
CUST-107988,26,88.3,48.6,1895,30
CUST-107989,21,63.3,46.4,111,41
CUST-107990,11,34.4,7.0,30,30
CUST-107991,6,32.9,7.8,109,20
CUST-107992,18,94.0,45.3,43,24
CUST-107993,24,67.5,91.7,2567,23
CUST-107994,21,62.8,48.0,101,32
CUST-107995,4,40.5,16.9,32,17
CUST-107996,7,33.3,4.3,6,25
CUST-107997,14,14.9,8.4,15,23
CUST-107998,7,10.9,4.5,22,36
CUST-107999,17,79.8,92.7,14,45
CUST-108000,5,16.4,14.0,97,0
CUST-108001,22,77.8,58.5,4563,21
CUST-108002,2,43.8,15.1,41,22
CUST-108003,4,22.4,21.9,22,3
CUST-108004,11,22.8,12.5,119,25
CUST-108005,16,59.1,35.3,74,1
CUST-108006,26,66.5,97.8,3618,21
CUST-108007,6,20.4,20.8,45,13
CUST-108008,20,77.8,72.8,5678,15
CUST-108009,14,39.9,11.5,66,17
CUST-108010,14,38.5,18.8,26,9
CUST-108011,15,86.0,41.4,107,10
CUST-108012,12,27.7,15.7,104,1
CUST-108013,9,44.3,12.8,114,44
CUST-108014,2,25.0,8.5,8,10
CUST-108015,4,35.4,18.4,111,19
CUST-108016,4,40.1,5.9,137,39
CUST-108017,22,93.5,46.7,1074,12
CUST-108018,4,13.3,16.1,31,40
CUST-108019,3,16.7,17.0,1,42
CUST-108020,5,17.7,20.4,42,27
CUST-108021,7,24.8,10.8,102,21
CUST-108022,25,88.7,101.3,142,20
CUST-108023,27,82.0,87.6,138,37
CUST-108024,22,61.1,87.8,6,4
CUST-108025,18,63.2,59.6,63,1
CUST-108026,2,43.4,12.1,20,44
CUST-108027,6,33.6,21.9,88,11
CUST-108028,27,94.0,62.7,2006,40
CUST-108029,4,24.0,5.5,0,39
CUST-108030,5,31.6,8.0,145,18
CUST-108031,9,42.1,8.5,40,26
CUST-108032,28,80.2,61.1,3177,2
CUST-108033,4,34.1,14.5,110,43
CUST-108034,1,38.0,4.5,102,32
CUST-108035,12,33.8,16.5,49,40
CUST-108036,14,14.1,7.7,96,16
CUST-108037,25,88.3,35.2,30,35
CUST-108038,13,34.3,21.6,127,10
CUST-108039,16,79.9,56.0,1176,14
CUST-108040,3,16.1,10.0,119,21
CUST-108041,17,89.1,86.3,53,14
CUST-108042,1,44.2,9.0,121,11
CUST-108043,29,60.8,28.4,1760,33
CUST-108044,11,22.7,11.0,89,22
CUST-108045,12,30.1,12.4,15,31
CUST-108046,9,37.2,15.2,53,37
CUST-108047,4,35.5,9.0,40,29
CUST-108048,21,87.1,72.0,19,12
CUST-108049,22,70.8,39.4,145,3
CUST-108050,20,60.7,80.2,4250,11
CUST-108051,24,57.8,57.3,1031,18
CUST-108052,3,36.6,12.7,121,26
CUST-108053,21,83.6,95.6,108,19
CUST-108054,7,45.0,6.4,117,30
CUST-108055,2,41.7,13.4,39,8
CUST-108056,8,18.2,16.5,92,26
CUST-108057,7,25.3,18.5,27,28
CUST-108058,4,11.6,6.1,111,21
CUST-108059,11,11.1,4.5,14,5
CUST-108060,27,65.8,106.6,2238,40
CUST-108061,13,22.9,7.7,118,15
CUST-108062,1,33.2,16.6,79,10
CUST-108063,11,42.3,16.6,76,5
CUST-108064,9,17.9,9.2,1,22
CUST-108065,2,27.1,7.6,27,3
CUST-108066,19,64.8,74.7,2539,23
CUST-108067,19,81.9,78.8,17,1
CUST-108068,5,23.5,13.7,72,10
CUST-108069,5,23.4,9.1,24,9
CUST-108070,1,23.6,15.8,17,3
CUST-108071,27,54.7,109.3,5792,10
CUST-108072,27,92.4,34.1,137,35
CUST-108073,25,91.1,34.4,16,12
CUST-108074,26,55.3,86.3,2761,1
CUST-108075,24,60.0,92.1,6999,38
CUST-108076,25,61.7,89.7,1166,32
CUST-108077,1,18.2,4.8,26,32
CUST-108078,2,19.2,5.6,9,30
CUST-108079,11,30.1,20.6,120,32
CUST-108080,17,72.3,65.7,4927,11
CUST-108081,23,51.8,101.0,2828,5
CUST-108082,13,40.5,11.5,2,12
CUST-108083,21,83.7,81.0,141,27
CUST-108084,9,20.1,8.4,45,43
CUST-108085,22,58.0,57.8,5,2
CUST-108086,26,67.0,93.0,121,13
CUST-108087,11,25.5,6.8,143,5
CUST-108088,7,34.8,16.6,102,15
CUST-108089,18,81.3,63.3,137,14
CUST-108090,29,74.4,54.7,105,16
CUST-108091,12,38.3,21.3,128,27
CUST-108092,17,85.4,57.3,1375,32
CUST-108093,29,72.7,53.8,78,33
CUST-108094,23,72.2,51.5,4017,5
CUST-108095,15,71.3,85.6,84,10
CUST-108096,27,66.9,86.7,128,25
CUST-108097,14,44.7,9.0,62,42
CUST-108098,19,82.9,40.2,8,13
CUST-108099,18,65.7,52.8,76,12
CUST-108100,24,59.7,78.9,103,14
CUST-108101,24,63.2,79.2,65,0
CUST-108102,5,44.3,18.6,73,36
CUST-108103,3,26.0,18.0,99,24
CUST-108104,10,41.2,5.9,106,3
CUST-108105,25,85.5,109.1,88,30
CUST-108106,27,82.7,77.8,4434,20
CUST-108107,6,31.9,13.0,9,24
CUST-108108,2,12.1,12.9,133,0
CUST-108109,24,60.9,31.9,542,41
CUST-108110,24,94.0,43.4,29,8
CUST-108111,19,72.0,35.8,136,30
CUST-108112,6,32.2,19.6,66,30
CUST-108113,15,80.3,70.3,3585,25
CUST-108114,21,89.1,96.2,122,36
CUST-108115,17,82.1,92.7,96,42
CUST-108116,29,52.1,28.4,137,30
CUST-108117,1,21.7,21.1,51,43
CUST-108118,15,75.6,89.3,70,16
CUST-108119,6,36.5,20.6,65,44
CUST-108120,12,25.6,15.8,99,8
CUST-108121,1,15.3,14.5,39,44
CUST-108122,7,27.7,12.5,109,31
CUST-108123,18,72.1,33.1,105,45
CUST-108124,20,85.7,89.6,146,42
CUST-108125,3,37.7,20.2,24,17
CUST-108126,23,59.6,79.9,117,10
CUST-108127,22,50.0,46.5,1813,16
CUST-108128,9,33.1,12.7,101,30
CUST-108129,2,11.3,18.3,29,8
CUST-108130,8,42.3,11.7,21,27
CUST-108131,17,67.5,68.0,24,44
CUST-108132,1,22.5,4.9,100,42
CUST-108133,11,12.7,5.9,132,16
CUST-108134,20,84.0,52.7,2740,14
CUST-108135,10,13.9,8.3,40,39
CUST-108136,13,32.7,7.9,24,22
CUST-108137,19,55.0,68.2,100,3
CUST-108138,22,75.2,46.6,652,19
CUST-108139,19,83.9,50.6,2428,14
CUST-108140,17,94.5,83.0,1245,17
CUST-108141,12,18.8,12.1,26,10
CUST-108142,28,81.5,72.2,116,12
CUST-108143,16,73.8,39.2,107,13
CUST-108144,9,24.9,14.9,4,38
CUST-108145,21,78.0,51.5,2266,33
CUST-108146,11,39.4,13.6,103,30
CUST-108147,5,42.5,5.9,6,9
CUST-108148,14,25.7,10.7,8,20
CUST-108149,28,57.4,41.6,93,44
CUST-108150,9,27.8,8.6,132,27
CUST-108151,12,31.5,5.0,76,6
CUST-108152,1,28.6,17.1,69,44
CUST-108153,23,71.5,57.4,77,3
CUST-108154,20,52.6,56.2,562,18
CUST-108155,26,70.6,77.5,129,5
CUST-108156,29,66.1,59.6,135,41
CUST-108157,7,28.5,20.8,137,36
CUST-108158,27,65.0,41.6,76,5
CUST-108159,7,16.0,10.0,114,11
CUST-108160,24,93.7,36.4,509,39
CUST-108161,10,28.4,13.6,63,1
CUST-108162,17,53.9,81.7,4003,43
CUST-108163,28,68.2,66.7,4002,7
CUST-108164,25,61.0,65.5,917,10
CUST-108165,12,12.5,7.0,48,33
CUST-108166,7,35.9,8.3,130,42
CUST-108167,13,41.7,10.4,70,2
CUST-108168,13,36.0,4.3,25,15
CUST-108169,20,88.2,64.6,118,38
CUST-108170,29,71.4,76.3,4043,36
CUST-108171,14,17.6,6.1,96,6
CUST-108172,18,84.8,72.7,727,32
CUST-108173,9,22.6,11.6,136,2
CUST-108174,21,81.5,92.1,67,22
CUST-108175,11,15.2,6.5,133,16
CUST-108176,10,23.6,4.9,110,41
CUST-108177,1,31.4,18.9,145,25
CUST-108178,12,10.8,15.7,75,18
CUST-108179,13,11.1,7.0,71,2
CUST-108180,6,18.6,15.2,37,35
CUST-108181,13,30.5,8.7,33,36
CUST-108182,6,18.6,9.9,87,4
CUST-108183,14,25.5,19.3,67,19
CUST-108184,22,91.1,74.7,4556,7
CUST-108185,12,37.3,10.6,146,10
CUST-108186,28,77.4,72.9,6,8
CUST-108187,4,23.7,11.9,148,23
CUST-108188,14,35.5,5.0,25,44
CUST-108189,11,29.4,20.6,55,8
CUST-108190,21,90.1,104.9,3566,33
CUST-108191,23,55.7,102.1,5411,38
CUST-108192,2,28.6,19.2,111,24
CUST-108193,23,71.6,32.6,130,10
CUST-108194,14,13.8,9.2,149,9
CUST-108195,16,51.0,79.7,1833,24
CUST-108196,10,15.9,18.8,6,33
CUST-108197,22,91.2,69.4,832,41
CUST-108198,13,27.8,14.4,69,2
CUST-108199,6,11.3,17.9,86,11
CUST-108200,20,93.6,50.8,88,39
CUST-108201,7,43.9,8.7,63,2
CUST-108202,6,14.6,7.0,149,35
CUST-108203,18,92.6,48.2,138,20
CUST-108204,9,10.9,18.1,139,9
CUST-108205,21,70.6,59.3,78,4
CUST-108206,8,39.6,17.1,40,5
CUST-108207,1,21.2,14.3,85,32
CUST-108208,25,74.0,82.3,5267,0
CUST-108209,24,51.2,46.0,28,27
CUST-108210,10,12.1,21.1,142,33
CUST-108211,21,50.2,25.7,107,3
CUST-108212,9,43.2,8.9,0,0
CUST-108213,26,74.8,81.3,144,25
CUST-108214,5,43.8,5.8,70,42
CUST-108215,27,60.0,75.0,1050,29
CUST-108216,8,40.5,10.7,96,11
CUST-108217,7,32.2,8.3,90,34
CUST-108218,29,89.3,106.2,76,3
CUST-108219,14,37.3,20.0,104,29
CUST-108220,2,29.8,5.9,67,25
CUST-108221,25,88.9,62.3,13,33
CUST-108222,29,83.0,47.4,663,13
CUST-108223,22,57.1,78.6,16,22
CUST-108224,21,60.0,54.5,39,42
CUST-108225,25,81.5,67.1,59,39
CUST-108226,29,52.5,67.8,125,14
CUST-108227,4,41.6,20.3,141,22
CUST-108228,4,37.3,12.8,69,41
CUST-108229,27,62.9,32.4,130,20
CUST-108230,1,23.1,7.0,98,42
CUST-108231,28,55.3,61.3,142,6
CUST-108232,27,89.9,71.5,34,13
CUST-108233,19,79.5,51.1,3628,44
CUST-108234,9,32.6,5.1,56,1
CUST-108235,4,14.2,18.0,148,15
CUST-108236,25,59.5,87.1,2090,21
CUST-108237,2,10.5,9.8,122,33
CUST-108238,8,19.8,13.9,1,43
CUST-108239,15,70.3,65.8,1447,1
CUST-108240,21,53.3,65.4,31,28
CUST-108241,1,33.0,17.0,8,14
CUST-108242,18,85.0,82.0,48,35
CUST-108243,27,95.0,44.9,1930,1
CUST-108244,14,32.4,10.1,138,14
CUST-108245,22,86.2,25.6,281,36
CUST-108246,20,72.3,88.4,110,32
CUST-108247,26,78.8,64.5,3483,42
CUST-108248,23,79.6,54.4,62,7
CUST-108249,25,60.2,77.9,4362,39
CUST-108250,2,10.8,14.2,39,28
CUST-108251,22,88.8,90.8,125,10
CUST-108252,3,10.7,21.6,119,10
CUST-108253,20,50.7,66.1,661,36
CUST-108254,20,59.7,59.8,38,27
CUST-108255,15,81.7,54.8,1644,1
CUST-108256,29,56.9,27.9,119,45
CUST-108257,26,65.3,77.2,45,32
CUST-108258,10,36.8,17.4,32,16
CUST-108259,8,41.1,18.0,112,45
CUST-108260,1,18.6,10.2,29,35
CUST-108261,16,69.8,53.6,85,31
CUST-108262,10,35.2,15.2,48,45
CUST-108263,10,21.0,17.5,140,25
CUST-108264,24,56.3,40.2,1648,1
CUST-108265,26,79.9,49.2,34,14
CUST-108266,2,35.5,20.0,49,13
CUST-108267,15,59.9,48.6,826,15
CUST-108268,23,51.0,75.4,147,33
CUST-108269,7,30.0,12.8,47,32
CUST-108270,8,42.0,15.8,147,23
CUST-108271,24,50.8,53.4,21,32
CUST-108272,19,71.0,94.1,78,17
CUST-108273,29,58.9,54.4,42,14
CUST-108274,5,32.6,21.6,115,6
CUST-108275,10,42.0,11.1,43,24
CUST-108276,6,10.6,11.6,33,23
CUST-108277,2,13.6,19.5,60,24
CUST-108278,7,30.1,19.4,100,13
CUST-108279,9,12.0,19.1,100,5
CUST-108280,15,62.9,29.2,2,36
CUST-108281,6,38.3,13.1,41,9
CUST-108282,7,19.0,19.0,139,13
CUST-108283,28,50.7,69.8,3629,21
CUST-108284,9,10.9,17.7,70,5
CUST-108285,10,11.5,9.6,22,37
CUST-108286,21,76.3,27.8,134,32
CUST-108287,1,21.2,15.0,85,19
CUST-108288,17,83.5,25.5,28,36
CUST-108289,21,66.1,55.6,2946,20
CUST-108290,3,21.1,8.8,40,45
CUST-108291,1,19.2,21.1,133,23
CUST-108292,8,26.9,10.0,102,38
CUST-108293,14,24.3,8.8,55,42
CUST-108294,14,22.4,18.5,60,31
CUST-108295,1,41.2,16.9,45,37
CUST-108296,9,32.0,13.7,117,5
CUST-108297,10,18.8,17.8,120,32
CUST-108298,19,86.6,51.3,98,23
CUST-108299,10,16.3,14.5,33,40
CUST-108300,8,27.7,18.3,123,24
CUST-108301,3,31.9,16.8,83,30
CUST-108302,9,13.5,21.8,54,10
CUST-108303,14,10.1,16.2,77,19
CUST-108304,26,87.2,83.3,2,11
CUST-108305,14,26.4,12.1,95,22
CUST-108306,9,11.6,4.4,5,44
CUST-108307,6,33.4,9.5,61,22
CUST-108308,26,55.4,82.9,113,6
CUST-108309,16,83.8,108.1,6161,18
CUST-108310,2,40.6,13.7,78,14
CUST-108311,9,40.7,20.8,115,2
CUST-108312,28,65.6,105.5,3376,38
CUST-108313,10,22.0,21.5,104,29
CUST-108314,22,70.1,85.5,2308,45
CUST-108315,6,28.6,20.1,53,24
CUST-108316,7,28.9,9.6,58,21
CUST-108317,25,80.5,80.6,129,31
CUST-108318,12,24.8,12.4,53,0
CUST-108319,17,52.7,52.1,97,33
CUST-108320,8,34.8,10.4,42,45
CUST-108321,25,56.5,88.1,106,2
CUST-108322,14,20.9,9.1,83,11
CUST-108323,1,43.5,13.9,62,17
CUST-108324,2,31.5,6.1,28,21
CUST-108325,8,42.8,17.1,100,15
CUST-108326,14,12.0,6.4,79,17
CUST-108327,24,70.6,85.3,50,32
CUST-108328,14,14.8,10.3,107,43
CUST-108329,18,67.3,68.7,4190,10
CUST-108330,14,39.8,12.3,99,42
CUST-108331,4,14.9,8.6,88,42
CUST-108332,21,69.0,95.2,25,44
CUST-108333,17,87.1,42.7,24,20
CUST-108334,20,73.8,96.7,30,43
CUST-108335,1,33.6,6.9,11,36
CUST-108336,6,24.8,5.4,141,17
CUST-108337,16,66.4,54.4,81,3
CUST-108338,23,85.6,45.5,19,32
CUST-108339,8,39.0,6.8,137,19
CUST-108340,1,35.6,16.5,3,44
CUST-108341,19,88.7,30.7,44,19
CUST-108342,23,87.3,41.7,89,35
CUST-108343,1,12.7,13.9,24,41
CUST-108344,24,75.1,25.2,352,36
CUST-108345,11,27.6,19.1,54,37
CUST-108346,7,16.0,18.8,96,39
CUST-108347,1,30.5,10.0,82,8
CUST-108348,12,32.3,15.5,86,22
CUST-108349,6,16.5,18.4,91,25
CUST-108350,13,17.2,5.9,26,35
CUST-108351,28,82.0,29.5,109,21
CUST-108352,12,42.9,17.4,142,9
CUST-108353,7,29.7,6.3,127,31
CUST-108354,8,20.5,16.8,25,27
CUST-108355,16,78.7,29.4,120,45
CUST-108356,3,44.5,20.0,12,40
CUST-108357,24,75.1,50.1,3356,10
CUST-108358,5,10.3,20.5,77,31
CUST-108359,23,51.1,51.3,1128,29
CUST-108360,28,83.8,103.4,107,17
CUST-108361,3,28.2,20.0,11,18
CUST-108362,1,34.1,8.8,99,44
CUST-108363,9,37.0,19.1,3,6
CUST-108364,10,10.6,18.2,84,24
CUST-108365,27,66.4,32.4,1134,7
CUST-108366,14,19.0,5.7,147,20
CUST-108367,6,21.8,12.4,85,4
CUST-108368,19,76.8,26.9,122,16
CUST-108369,18,88.8,62.7,3197,38
CUST-108370,5,28.1,10.5,3,38
CUST-108371,6,18.6,17.0,73,38
CUST-108372,22,59.7,53.5,1551,39
CUST-108373,16,94.8,77.7,3729,14
CUST-108374,1,28.7,16.0,66,22
CUST-108375,17,71.1,53.4,148,15
CUST-108376,9,24.7,5.2,101,2
CUST-108377,25,66.2,64.4,101,33
CUST-108378,17,51.7,47.2,9,29
CUST-108379,23,51.9,61.5,139,44
CUST-108380,5,24.3,7.5,30,25
CUST-108381,2,17.7,13.7,39,40
CUST-108382,24,75.1,25.5,29,8
CUST-108383,13,43.4,7.6,7,37
CUST-108384,25,61.1,66.0,110,28
CUST-108385,1,16.3,18.9,106,39
CUST-108386,6,34.7,19.4,65,5
CUST-108387,18,87.1,67.3,4912,13
CUST-108388,10,13.6,18.0,90,8
CUST-108389,10,11.2,21.4,37,16
CUST-108390,1,26.6,18.5,2,4
CUST-108391,3,28.4,8.2,40,12
CUST-108392,9,43.2,13.5,23,25
CUST-108393,23,52.3,40.0,2440,10
CUST-108394,28,72.3,64.6,127,42
CUST-108395,17,65.5,72.9,4446,5
CUST-108396,29,70.1,78.1,5388,22
CUST-108397,4,14.7,13.6,138,13
CUST-108398,1,12.2,9.3,25,43
CUST-108399,5,22.9,21.0,11,43
CUST-108400,27,75.9,73.7,4348,31
CUST-108401,21,86.3,98.3,41,23
CUST-108402,21,51.9,89.5,4385,17
CUST-108403,20,94.4,25.2,932,1
CUST-108404,12,11.1,12.4,60,1
CUST-108405,19,86.4,32.6,32,22
CUST-108406,20,94.2,31.4,2041,16
CUST-108407,6,13.7,11.5,35,11
CUST-108408,10,21.5,7.6,20,9
CUST-108409,12,40.0,14.3,9,3
CUST-108410,18,80.0,83.0,146,9
CUST-108411,18,63.2,54.9,2690,38
CUST-108412,27,66.9,74.5,3650,34
CUST-108413,16,91.1,82.6,57,43
CUST-108414,9,35.2,17.9,20,7
CUST-108415,7,39.7,9.6,13,32
CUST-108416,29,69.8,32.5,19,32
CUST-108417,26,86.1,76.4,71,28
CUST-108418,7,40.1,8.1,53,19
CUST-108419,9,17.0,7.9,97,45
CUST-108420,4,11.1,16.7,65,34
CUST-108421,14,43.2,17.4,57,0
CUST-108422,19,83.8,47.4,128,34
CUST-108423,15,62.6,37.6,16,25
CUST-108424,6,24.9,13.7,3,36
CUST-108425,16,56.2,65.7,31,43
CUST-108426,10,30.7,17.8,132,28
CUST-108427,3,32.6,5.2,48,36
CUST-108428,18,83.5,39.6,71,44
CUST-108429,6,30.8,7.6,12,5
CUST-108430,24,94.6,76.4,111,9
CUST-108431,28,87.3,34.7,95,10
CUST-108432,23,78.0,58.9,765,30
CUST-108433,26,66.7,64.3,1157,20
CUST-108434,17,77.4,40.4,37,16
CUST-108435,20,58.1,47.3,134,33
CUST-108436,17,86.4,30.9,148,7
CUST-108437,2,30.6,19.0,15,41
CUST-108438,10,39.0,17.5,79,27
CUST-108439,15,62.6,58.1,4241,12
CUST-108440,12,27.1,10.3,129,33
CUST-108441,11,15.6,11.8,0,25
CUST-108442,20,92.0,81.4,9,15
CUST-108443,9,39.8,20.6,35,32
CUST-108444,1,33.1,9.6,118,12
CUST-108445,24,66.4,54.3,21,10
CUST-108446,6,36.8,16.0,66,20
CUST-108447,9,14.7,10.3,64,4
CUST-108448,11,12.9,10.0,144,24
CUST-108449,6,37.9,6.6,130,5
CUST-108450,23,64.0,66.8,53,30
CUST-108451,2,11.3,9.1,33,36
CUST-108452,27,70.5,84.0,20,26
CUST-108453,12,13.2,15.5,27,27
CUST-108454,26,54.3,76.0,5472,33
CUST-108455,14,18.7,14.0,84,28
CUST-108456,1,26.6,6.8,44,25
CUST-108457,7,22.7,21.9,90,45
CUST-108458,12,34.9,11.3,107,25
CUST-108459,22,94.4,49.6,3323,15
CUST-108460,22,56.3,103.6,5283,4
CUST-108461,10,14.8,12.0,123,20
CUST-108462,16,86.3,76.5,29,4
CUST-108463,18,76.3,79.9,3,30
CUST-108464,6,28.6,9.3,7,38
CUST-108465,8,44.2,15.2,141,5
CUST-108466,11,24.0,17.5,40,39
CUST-108467,1,44.8,19.3,132,14
CUST-108468,14,26.8,15.8,147,45
CUST-108469,28,94.2,102.8,40,16
CUST-108470,9,42.5,21.7,77,18
CUST-108471,27,57.4,102.7,78,32
CUST-108472,5,33.6,6.5,65,11
CUST-108473,4,42.2,10.9,24,17
CUST-108474,6,29.0,13.5,3,13
CUST-108475,21,51.9,91.8,86,39
CUST-108476,23,67.0,33.1,46,40
CUST-108477,14,17.2,16.1,71,10
CUST-108478,14,28.5,14.9,41,29
CUST-108479,4,17.4,15.3,135,19
CUST-108480,18,87.3,65.4,4774,24
CUST-108481,25,60.9,68.3,117,5
CUST-108482,8,28.2,13.5,38,24
CUST-108483,3,32.9,18.0,71,42
CUST-108484,19,77.4,99.9,3596,23
CUST-108485,21,84.3,27.0,136,35
CUST-108486,1,37.6,16.1,71,37
CUST-108487,10,24.2,9.4,95,37
CUST-108488,4,27.9,18.8,148,8
CUST-108489,20,50.1,71.3,1,26
CUST-108490,21,93.3,98.9,70,17
CUST-108491,4,14.5,8.4,130,34
CUST-108492,3,25.4,11.9,148,8
CUST-108493,12,36.1,5.1,12,26
CUST-108494,23,65.3,72.3,121,7
CUST-108495,9,25.6,9.7,98,35
CUST-108496,13,35.2,16.5,147,12
CUST-108497,2,25.9,20.6,33,43
CUST-108498,26,83.8,68.4,86,17
CUST-108499,9,44.0,16.4,62,24
CUST-108500,24,92.0,98.7,18,3
CUST-108501,25,65.2,96.3,84,22
CUST-108502,4,16.5,16.1,97,6
CUST-108503,8,38.6,11.9,54,27
CUST-108504,17,83.6,108.2,7141,12
CUST-108505,5,19.7,19.1,42,5
CUST-108506,15,91.3,104.2,108,7
CUST-108507,18,88.9,62.4,12,42
CUST-108508,8,26.2,4.3,126,12
CUST-108509,7,11.0,12.9,35,29
CUST-108510,14,43.5,21.3,36,4
CUST-108511,7,26.3,6.6,20,22
CUST-108512,5,37.3,16.0,40,1
CUST-108513,6,28.2,11.8,17,33
CUST-108514,8,14.0,17.1,31,11
CUST-108515,17,76.2,29.8,1043,29
CUST-108516,6,44.6,8.8,36,39
CUST-108517,1,13.8,8.4,101,25
CUST-108518,12,39.1,21.2,4,15
CUST-108519,17,65.4,51.5,118,45
CUST-108520,10,41.7,15.9,62,2
CUST-108521,22,86.3,69.5,99,34
CUST-108522,2,20.4,4.7,94,16
CUST-108523,21,63.6,86.1,140,6
CUST-108524,7,27.0,9.1,57,29
CUST-108525,25,78.8,105.6,6547,35
CUST-108526,12,14.4,19.9,78,29
CUST-108527,13,24.0,5.6,14,33
CUST-108528,25,51.2,105.5,2848,38
CUST-108529,27,74.6,53.6,72,31
CUST-108530,8,28.9,5.5,107,42
CUST-108531,27,60.8,65.6,52,43
CUST-108532,29,79.5,31.2,1154,19
CUST-108533,9,13.0,6.3,44,28
CUST-108534,8,26.6,5.6,26,33
CUST-108535,26,92.6,36.0,99,3
CUST-108536,29,64.7,57.8,16,23
CUST-108537,17,53.1,76.5,42,14
CUST-108538,13,12.8,19.1,27,28
CUST-108539,9,43.2,4.6,27,8
CUST-108540,11,41.8,20.9,132,4
CUST-108541,10,44.6,10.4,102,44
CUST-108542,21,62.8,87.1,6097,26
CUST-108543,14,30.9,17.2,119,10
CUST-108544,27,60.1,44.3,97,8
CUST-108545,24,54.1,29.6,145,41
CUST-108546,11,20.0,21.3,43,7
CUST-108547,20,94.8,86.7,4941,39
CUST-108548,18,52.2,67.4,20,14
CUST-108549,9,20.4,12.7,63,44
CUST-108550,13,20.7,21.8,66,4
CUST-108551,1,28.8,19.2,142,29
CUST-108552,9,31.7,14.3,109,28
CUST-108553,4,14.8,11.6,49,12
CUST-108554,14,30.8,4.2,18,26
CUST-108555,12,10.8,6.5,29,10
CUST-108556,11,25.0,4.8,41,45
CUST-108557,3,30.8,13.0,53,1
CUST-108558,13,37.2,5.2,40,6
CUST-108559,20,70.4,96.5,4632,22
CUST-108560,24,55.5,96.9,113,23
CUST-108561,26,66.7,56.9,146,27
CUST-108562,23,61.5,99.3,117,35
CUST-108563,11,25.1,15.9,108,0
CUST-108564,28,82.5,84.0,3780,6
CUST-108565,22,94.6,99.1,121,31
CUST-108566,1,34.9,9.2,48,27
CUST-108567,4,38.3,21.6,81,12
CUST-108568,8,39.1,5.8,141,8
CUST-108569,2,19.6,19.4,48,11
CUST-108570,1,19.2,7.5,148,12
CUST-108571,12,14.9,17.4,67,10
CUST-108572,1,30.3,5.8,48,36
CUST-108573,5,27.2,7.3,109,39
CUST-108574,29,64.6,104.4,133,30
CUST-108575,4,10.9,9.3,68,22
CUST-108576,14,11.7,22.0,120,20
CUST-108577,21,54.5,30.8,893,0
CUST-108578,5,30.8,8.4,52,6
CUST-108579,2,22.8,9.3,137,7
CUST-108580,14,13.5,16.7,98,1
CUST-108581,8,19.2,9.7,103,3
CUST-108582,5,13.0,11.7,55,15
CUST-108583,25,81.4,51.9,3892,6
CUST-108584,22,83.9,94.6,4,10
CUST-108585,7,18.6,16.1,1,30
CUST-108586,6,33.4,4.7,23,8
CUST-108587,4,24.5,12.8,124,38
CUST-108588,29,60.6,48.0,11,15
CUST-108589,16,61.1,59.6,103,12
CUST-108590,9,21.2,10.0,39,39
CUST-108591,15,71.3,64.0,5056,40
CUST-108592,26,94.7,35.7,2748,4
CUST-108593,16,57.4,46.2,2910,18
CUST-108594,6,22.2,5.8,119,30
CUST-108595,15,64.3,93.0,76,17
CUST-108596,20,86.9,108.8,6419,21
CUST-108597,25,69.3,96.4,134,14
CUST-108598,20,87.6,67.7,1286,37
CUST-108599,23,67.3,42.2,114,10
CUST-108600,8,34.1,19.7,46,11
CUST-108601,8,12.8,18.8,40,44
CUST-108602,10,39.3,18.1,125,23
CUST-108603,18,60.4,53.2,58,28
CUST-108604,14,43.0,15.6,134,28
CUST-108605,2,41.4,18.7,114,15
CUST-108606,20,65.7,95.8,65,27
CUST-108607,25,92.9,83.4,128,27
CUST-108608,6,26.5,18.3,113,13
CUST-108609,3,35.0,6.0,38,5
CUST-108610,8,34.7,9.4,36,26
CUST-108611,17,77.0,98.7,54,8
CUST-108612,26,66.7,38.5,41,29
CUST-108613,3,35.5,15.4,41,15
CUST-108614,1,20.6,12.5,112,10
CUST-108615,6,20.6,11.7,78,7
CUST-108616,20,72.5,51.2,137,33
CUST-108617,10,39.2,21.2,74,39
CUST-108618,25,80.5,67.2,69,39
CUST-108619,6,37.6,14.7,10,12
CUST-108620,15,79.0,89.8,5208,34
CUST-108621,7,12.2,11.7,31,2
CUST-108622,4,44.6,14.5,1,23
CUST-108623,20,91.7,99.6,132,37
CUST-108624,22,65.7,40.0,103,42
CUST-108625,26,50.6,26.3,1288,43
CUST-108626,4,20.4,12.8,38,15
CUST-108627,7,27.9,19.8,64,10
CUST-108628,23,78.0,85.6,6676,33
CUST-108629,26,79.6,93.6,3088,21
CUST-108630,16,86.3,45.9,3396,41
CUST-108631,19,92.5,82.4,91,16
CUST-108632,10,20.3,20.6,33,5
CUST-108633,4,43.5,15.1,51,16
CUST-108634,15,89.6,29.5,109,12
CUST-108635,9,43.1,16.8,59,19
CUST-108636,10,38.8,6.2,70,12
CUST-108637,24,68.7,108.9,1524,39
CUST-108638,26,66.8,95.0,5510,4
CUST-108639,5,12.5,5.7,48,30
CUST-108640,13,34.9,21.8,113,12
CUST-108641,24,88.0,61.6,126,12
CUST-108642,16,57.9,88.7,122,16
CUST-108643,28,77.3,69.5,25,20
CUST-108644,12,40.8,9.7,79,32
CUST-108645,29,94.3,72.0,142,32
CUST-108646,19,53.0,64.7,69,25
CUST-108647,24,57.8,59.8,118,1
CUST-108648,12,27.9,7.9,14,23
CUST-108649,19,57.3,50.6,86,39
CUST-108650,27,90.0,60.3,29,5
CUST-108651,17,73.1,59.5,145,35
CUST-108652,12,43.6,20.4,127,14
CUST-108653,20,93.9,75.8,1895,21
CUST-108654,16,52.2,73.1,133,29
CUST-108655,16,87.0,53.3,43,40
CUST-108656,14,16.5,9.3,1,0
CUST-108657,16,69.0,104.6,79,16
CUST-108658,29,56.3,54.4,82,7
CUST-108659,25,86.3,51.3,125,14
CUST-108660,29,63.5,107.0,4,15
CUST-108661,9,22.4,4.1,116,32
CUST-108662,16,88.2,86.5,3460,44
CUST-108663,3,11.7,18.6,146,31
CUST-108664,21,55.9,63.4,12,10
CUST-108665,17,92.0,85.5,95,41
CUST-108666,11,38.6,17.0,82,21
CUST-108667,13,21.5,19.4,144,41
CUST-108668,19,51.1,109.5,39,1
CUST-108669,6,10.8,10.1,144,34
CUST-108670,1,40.0,15.8,32,21
CUST-108671,26,70.9,53.8,95,41
CUST-108672,7,30.5,17.8,113,6
CUST-108673,3,30.9,21.6,105,0
CUST-108674,16,52.7,35.1,81,13
CUST-108675,2,12.1,7.2,9,19
CUST-108676,5,30.3,6.7,58,42
CUST-108677,10,27.0,13.8,29,1
CUST-108678,23,82.6,76.7,73,6
CUST-108679,10,28.4,21.3,42,13
CUST-108680,13,27.5,20.6,100,45
CUST-108681,8,28.0,16.4,118,13
CUST-108682,18,79.5,43.1,2155,39
CUST-108683,12,32.5,10.9,53,41
CUST-108684,7,28.8,12.4,45,40
CUST-108685,27,77.3,75.1,110,9
CUST-108686,5,13.0,20.9,83,22
CUST-108687,27,83.1,109.1,1527,10
CUST-108688,9,30.2,4.3,110,42
CUST-108689,16,70.4,31.0,129,17
CUST-108690,3,39.0,11.0,88,31
CUST-108691,1,17.0,9.4,54,5
CUST-108692,9,24.5,13.2,139,41
CUST-108693,21,91.8,102.6,5335,18
CUST-108694,15,83.0,32.5,65,23
CUST-108695,5,29.8,14.2,132,3
CUST-108696,4,32.2,19.3,96,14
CUST-108697,1,38.1,11.3,132,23
CUST-108698,7,17.7,14.7,105,9
CUST-108699,9,19.3,5.7,116,36
CUST-108700,16,83.2,37.2,34,27
CUST-108701,2,17.8,7.5,4,13
CUST-108702,29,91.2,87.9,1845,27
CUST-108703,10,42.0,5.7,105,35
CUST-108704,5,17.3,4.2,10,6
CUST-108705,18,81.5,63.7,55,15
CUST-108706,27,56.7,63.2,41,12
CUST-108707,25,54.9,106.8,76,13
CUST-108708,4,36.7,19.3,91,2
CUST-108709,12,21.8,18.8,127,0
CUST-108710,20,63.3,81.5,39,25
CUST-108711,19,64.7,60.7,86,39
CUST-108712,8,42.9,16.7,43,27
CUST-108713,3,13.1,11.4,127,27
CUST-108714,14,40.0,12.5,93,21
CUST-108715,13,15.6,4.3,136,17
CUST-108716,28,62.6,49.0,2107,43
CUST-108717,3,42.0,14.2,120,12
CUST-108718,8,35.0,4.6,58,21
CUST-108719,23,57.8,37.1,1706,0
CUST-108720,25,72.7,70.8,118,24
CUST-108721,2,22.7,15.7,112,8
CUST-108722,6,43.8,21.5,114,38
CUST-108723,18,50.7,86.5,16,31
CUST-108724,2,32.9,16.6,33,28
CUST-108725,3,34.5,14.1,49,41
CUST-108726,10,27.1,21.2,101,16
CUST-108727,22,66.4,52.3,2092,16
CUST-108728,9,11.0,9.3,117,8
CUST-108729,19,62.7,99.3,136,18
CUST-108730,14,30.3,5.4,97,23
CUST-108731,6,27.0,18.6,6,11
CUST-108732,22,60.2,83.3,916,23
CUST-108733,6,29.9,13.1,7,19
CUST-108734,5,23.9,11.8,5,21
CUST-108735,8,38.4,8.5,88,16
CUST-108736,22,67.8,44.0,1496,11
CUST-108737,2,20.7,5.3,20,30
CUST-108738,2,24.1,5.0,139,33
CUST-108739,15,86.2,81.7,97,19
CUST-108740,8,11.4,5.5,125,5
CUST-108741,4,25.1,15.3,31,13
CUST-108742,29,90.7,59.4,5,17
CUST-108743,23,54.5,62.4,66,0
CUST-108744,1,33.8,21.4,98,24
CUST-108745,5,37.6,13.5,9,19
CUST-108746,7,16.2,11.3,131,16
CUST-108747,3,42.9,16.4,43,2
CUST-108748,7,10.7,19.9,33,6
CUST-108749,14,29.2,4.6,120,10
CUST-108750,16,89.3,90.3,107,5
CUST-108751,3,22.2,16.3,92,29
CUST-108752,5,15.8,13.6,100,16
CUST-108753,2,16.3,13.1,62,23
CUST-108754,5,26.1,15.8,31,13
CUST-108755,6,24.6,4.9,103,12
CUST-108756,24,88.6,59.5,2380,19
CUST-108757,24,91.4,26.1,1174,9
CUST-108758,27,76.0,44.0,26,43
CUST-108759,27,58.0,95.1,88,19
CUST-108760,19,92.2,25.2,856,22
CUST-108761,4,12.0,6.7,143,10
CUST-108762,16,94.2,63.3,107,23
CUST-108763,25,89.8,41.9,3016,39
CUST-108764,1,10.6,10.9,62,25
CUST-108765,5,26.9,20.0,124,22
CUST-108766,6,43.4,4.2,124,8
CUST-108767,26,91.1,98.8,5928,24
CUST-108768,21,53.6,109.6,93,5
CUST-108769,23,73.9,105.9,96,1
CUST-108770,8,38.0,6.2,34,23
CUST-108771,4,31.8,16.2,125,6
CUST-108772,12,22.3,17.2,148,9
CUST-108773,15,68.3,51.6,139,37
CUST-108774,19,69.9,55.3,2930,13
CUST-108775,20,94.0,104.4,91,5
CUST-108776,19,58.3,54.6,1747,39
CUST-108777,22,53.7,101.9,7031,21
CUST-108778,19,80.1,87.9,111,4
CUST-108779,15,73.9,50.4,3628,10
CUST-108780,22,94.0,63.5,87,26
CUST-108781,7,16.3,12.3,150,9
CUST-108782,8,34.0,16.9,4,45
CUST-108783,4,39.5,11.2,26,23
CUST-108784,6,36.4,20.9,86,16
CUST-108785,3,19.9,5.1,15,41
CUST-108786,27,81.3,89.2,121,31
CUST-108787,2,40.4,18.0,88,39
CUST-108788,6,26.6,11.2,90,25
CUST-108789,10,13.8,17.1,101,40
CUST-108790,29,76.9,60.6,4060,9
CUST-108791,1,27.0,11.8,86,16
CUST-108792,16,50.8,81.1,5271,37
CUST-108793,8,14.9,8.1,71,20
CUST-108794,4,21.9,6.8,98,5
CUST-108795,12,11.3,8.2,106,5
CUST-108796,18,55.6,57.2,33,7
CUST-108797,7,26.8,12.7,100,35
CUST-108798,29,50.5,78.3,85,35
CUST-108799,5,35.2,18.7,68,31
CUST-108800,4,36.4,16.9,11,30
CUST-108801,10,18.0,18.7,106,30
CUST-108802,4,25.9,19.9,9,17
CUST-108803,11,32.3,18.9,96,8
CUST-108804,2,23.3,21.3,84,16
CUST-108805,21,89.4,97.5,105,37
CUST-108806,1,34.9,17.8,101,7
CUST-108807,15,59.3,82.4,107,11
CUST-108808,1,21.5,17.5,31,26
CUST-108809,28,65.3,42.2,100,29
CUST-108810,11,36.5,18.8,150,0
CUST-108811,20,84.6,58.6,146,28
CUST-108812,6,44.4,10.4,127,37
CUST-108813,25,54.7,95.1,5610,34
CUST-108814,17,77.9,44.2,10,33
CUST-108815,27,88.2,89.4,2413,4
CUST-108816,20,59.9,77.3,17,2
CUST-108817,25,82.2,56.8,4089,11
CUST-108818,12,38.2,13.9,9,3
CUST-108819,2,36.3,5.9,86,45
CUST-108820,23,69.8,100.7,6545,30
CUST-108821,10,41.5,20.2,42,17
CUST-108822,19,79.4,57.3,2120,0
CUST-108823,21,94.3,66.6,1332,5
CUST-108824,15,63.4,101.9,115,32
CUST-108825,11,16.1,15.0,94,20
CUST-108826,13,27.6,11.5,37,21
CUST-108827,8,40.8,16.2,131,35
CUST-108828,17,59.8,67.9,95,16
CUST-108829,1,18.4,20.8,47,10
CUST-108830,6,40.1,7.5,144,1
CUST-108831,16,86.1,81.7,3431,8
CUST-108832,17,85.2,72.7,1962,35
CUST-108833,3,18.7,14.6,104,38
CUST-108834,4,33.7,16.4,29,42
CUST-108835,28,54.4,57.6,29,44
CUST-108836,3,38.5,11.7,60,27
CUST-108837,19,87.7,78.7,78,41
CUST-108838,28,90.2,43.1,78,1
CUST-108839,25,68.3,64.8,2721,2
CUST-108840,1,34.6,8.7,51,3
CUST-108841,19,85.4,91.8,1009,26
CUST-108842,2,27.7,8.1,37,23
CUST-108843,1,35.7,7.7,38,28
CUST-108844,24,93.4,37.0,78,35
CUST-108845,4,18.1,16.7,102,10
CUST-108846,16,52.9,51.4,78,44
CUST-108847,5,23.3,15.4,13,5
CUST-108848,14,14.3,6.4,119,10
CUST-108849,2,26.7,19.7,18,33
CUST-108850,8,42.1,8.8,91,6
CUST-108851,11,38.9,13.9,62,7
CUST-108852,2,36.5,11.6,64,45
CUST-108853,24,80.4,33.3,2464,28
CUST-108854,11,32.7,19.2,84,34
CUST-108855,5,13.4,5.1,61,11
CUST-108856,15,76.0,41.2,865,16
CUST-108857,4,36.6,9.4,88,42
CUST-108858,26,50.2,86.1,87,42
CUST-108859,4,20.4,7.6,114,38
CUST-108860,14,16.1,12.7,141,39
CUST-108861,5,27.8,12.2,125,29
CUST-108862,20,53.7,89.8,62,21
CUST-108863,7,30.5,10.3,141,32
CUST-108864,12,22.5,18.1,130,6
CUST-108865,12,40.6,14.6,76,28
CUST-108866,4,11.3,14.4,37,20
CUST-108867,4,14.0,14.8,48,18
CUST-108868,12,33.3,16.3,149,37
CUST-108869,20,65.8,84.4,1266,17
CUST-108870,5,24.0,17.1,59,12
CUST-108871,21,60.7,40.8,95,27
CUST-108872,10,29.3,6.8,141,15
CUST-108873,22,56.6,82.7,3,40
CUST-108874,12,13.3,11.9,93,31
CUST-108875,21,61.4,28.0,50,17
CUST-108876,21,62.3,105.0,101,3
CUST-108877,12,35.1,7.6,97,16
CUST-108878,26,60.8,66.3,2519,31
CUST-108879,3,42.3,9.9,33,32
CUST-108880,1,30.6,19.2,80,37
CUST-108881,13,42.9,9.1,77,5
CUST-108882,1,17.4,9.5,67,14
CUST-108883,10,42.8,19.8,85,9
CUST-108884,5,36.3,17.6,138,31
CUST-108885,7,10.1,16.2,81,30
CUST-108886,11,27.4,19.3,147,21
CUST-108887,25,86.1,53.4,103,18
CUST-108888,24,72.7,90.3,6682,44
CUST-108889,23,88.3,102.1,14,1
CUST-108890,10,23.4,14.0,43,32
CUST-108891,16,63.9,40.9,2535,13
CUST-108892,23,72.2,58.4,148,5
CUST-108893,5,20.0,6.3,9,15
CUST-108894,4,22.9,8.8,40,4
CUST-108895,28,52.7,65.1,100,4
CUST-108896,11,20.3,9.5,92,45
CUST-108897,17,63.7,95.6,6787,20
CUST-108898,27,84.0,109.3,5246,6
CUST-108899,26,85.1,76.5,4284,18
CUST-108900,1,41.7,16.1,33,10
CUST-108901,4,39.2,21.5,17,13
CUST-108902,3,13.1,19.7,72,32
CUST-108903,6,15.5,18.0,10,21
CUST-108904,19,93.4,32.4,120,45
CUST-108905,9,42.2,11.2,111,42
CUST-108906,1,23.0,10.0,148,13
CUST-108907,20,62.2,80.8,5171,43
CUST-108908,12,17.6,9.1,34,13
CUST-108909,11,35.3,16.6,77,44
CUST-108910,14,20.3,21.5,76,36
CUST-108911,16,91.9,65.1,976,21
CUST-108912,14,21.9,10.8,103,28
CUST-108913,13,38.4,19.2,25,29
CUST-108914,20,91.5,40.0,1960,17
CUST-108915,15,57.8,51.5,70,5
CUST-108916,24,76.2,74.9,4494,12
CUST-108917,5,31.4,5.2,96,5
CUST-108918,10,41.8,7.3,49,45
CUST-108919,21,83.7,56.5,112,28
CUST-108920,8,28.1,11.2,1,36
CUST-108921,3,39.4,14.2,50,15
CUST-108922,7,43.1,20.8,44,18
CUST-108923,6,11.5,16.6,73,33
CUST-108924,27,78.8,87.8,1668,8
CUST-108925,25,62.8,69.5,3336,27
CUST-108926,16,64.5,78.6,82,11
CUST-108927,2,13.6,7.8,65,26
CUST-108928,6,18.5,14.4,16,6
CUST-108929,9,23.3,21.3,26,16
CUST-108930,18,73.6,78.8,100,0
CUST-108931,3,37.9,8.3,37,41
CUST-108932,17,62.8,109.6,30,42
CUST-108933,17,73.9,59.2,4321,11
CUST-108934,7,17.9,12.3,141,11
CUST-108935,3,36.1,10.0,7,21
CUST-108936,26,69.1,62.6,68,29
CUST-108937,19,62.8,92.9,137,35
CUST-108938,8,25.4,20.8,72,26
CUST-108939,25,75.3,49.7,150,3
CUST-108940,12,10.5,14.3,99,6
CUST-108941,2,10.1,18.0,148,37
CUST-108942,3,41.2,21.8,83,6
CUST-108943,13,41.7,14.5,55,0
CUST-108944,20,82.0,107.5,76,20
CUST-108945,9,30.7,13.2,81,4
CUST-108946,9,10.1,14.9,106,36
CUST-108947,22,75.3,103.2,51,28
CUST-108948,17,55.1,42.9,41,0
CUST-108949,25,90.2,48.4,3630,30
CUST-108950,14,37.2,9.9,68,41
CUST-108951,27,77.7,36.3,1270,16
CUST-108952,7,35.7,18.5,141,25
CUST-108953,9,41.1,21.1,49,5
CUST-108954,14,12.2,10.3,138,44
CUST-108955,10,41.0,9.5,91,16
CUST-108956,27,55.5,63.2,112,20
CUST-108957,24,67.8,33.3,139,36
CUST-108958,10,32.7,18.8,109,32
CUST-108959,24,91.4,50.0,43,2
CUST-108960,15,51.2,27.6,95,28
CUST-108961,22,76.0,61.2,4773,17
CUST-108962,14,22.9,17.9,138,28
CUST-108963,13,28.2,12.2,131,31
CUST-108964,9,12.7,18.6,22,45
CUST-108965,24,93.4,80.1,66,44
CUST-108966,5,23.0,15.8,3,0
CUST-108967,25,89.0,108.3,1083,1
CUST-108968,23,87.6,105.5,5169,6
CUST-108969,28,86.6,59.4,20,25
CUST-108970,12,42.1,11.5,124,21
CUST-108971,11,19.5,18.4,64,1
CUST-108972,27,63.2,74.7,896,0
CUST-108973,10,12.3,18.8,59,38
CUST-108974,7,29.2,19.6,124,25
CUST-108975,28,63.8,89.1,106,24
CUST-108976,2,34.4,21.5,124,29
CUST-108977,2,34.9,6.8,61,34
CUST-108978,24,55.7,91.0,35,13
CUST-108979,5,43.1,7.7,58,8
CUST-108980,11,12.5,19.2,20,43
CUST-108981,17,70.1,71.2,51,15
CUST-108982,19,80.4,79.4,5955,35
CUST-108983,8,39.0,18.0,93,5
CUST-108984,18,53.8,59.8,1554,40
CUST-108985,2,14.6,4.3,96,16
CUST-108986,19,71.4,28.7,18,36
CUST-108987,6,14.8,21.2,62,39
CUST-108988,17,56.7,32.0,384,23
CUST-108989,22,81.4,47.1,95,33
CUST-108990,8,32.4,5.8,25,1
CUST-108991,10,27.1,12.6,143,33
CUST-108992,11,35.5,5.9,91,13
CUST-108993,6,27.5,13.6,124,13
CUST-108994,17,76.6,81.8,123,12
CUST-108995,20,77.6,90.3,122,36
CUST-108996,16,69.5,58.1,2033,14
CUST-108997,15,69.7,58.4,147,11
CUST-108998,1,17.4,10.9,107,44
CUST-108999,4,37.0,22.0,90,35
CUST-109000,17,89.0,66.2,17,18
CUST-109001,13,31.1,14.5,76,33
CUST-109002,27,88.2,75.5,5813,28
CUST-109003,27,57.4,100.0,2600,31
CUST-109004,23,66.5,27.8,361,12
CUST-109005,27,93.9,45.0,51,3
CUST-109006,20,74.6,56.8,1420,8
CUST-109007,29,82.7,54.3,93,15
CUST-109008,11,21.8,18.1,143,33
CUST-109009,28,93.4,26.0,47,28
CUST-109010,10,19.5,12.3,2,31
CUST-109011,18,84.0,83.9,123,2
CUST-109012,7,18.7,16.1,92,20
CUST-109013,7,28.8,19.7,17,41
CUST-109014,1,29.1,20.7,46,23
CUST-109015,12,18.0,4.9,41,1
CUST-109016,1,35.9,21.2,98,14
CUST-109017,10,29.8,16.7,80,44
CUST-109018,1,33.6,14.2,105,13
CUST-109019,15,79.1,95.5,34,0
CUST-109020,11,28.1,16.8,121,11
CUST-109021,25,57.3,71.0,38,5
CUST-109022,12,23.5,8.1,5,11
CUST-109023,6,25.2,21.1,140,35
CUST-109024,7,23.6,16.6,78,32
CUST-109025,22,58.9,82.3,106,3
CUST-109026,1,18.7,13.1,104,16
CUST-109027,1,18.6,21.9,99,11
CUST-109028,14,21.5,12.8,50,6
CUST-109029,20,66.9,45.4,90,17
CUST-109030,28,82.1,62.1,69,27
CUST-109031,14,39.9,16.1,68,34
CUST-109032,13,12.4,17.9,46,31
CUST-109033,9,15.5,13.8,40,44
CUST-109034,25,77.5,30.1,109,37
CUST-109035,29,68.3,102.1,109,35
CUST-109036,12,15.8,7.3,79,26
CUST-109037,11,13.5,17.6,146,8
CUST-109038,4,18.4,21.3,36,13
CUST-109039,16,68.4,108.5,114,37
CUST-109040,24,77.8,64.2,50,0
CUST-109041,11,32.7,21.5,47,20
CUST-109042,16,82.2,106.4,4681,34
CUST-109043,8,25.7,21.1,112,16
CUST-109044,3,26.5,6.9,65,35
CUST-109045,6,30.8,8.9,31,27
CUST-109046,10,39.3,10.0,107,35
CUST-109047,3,33.9,18.9,74,39
CUST-109048,3,35.6,13.5,94,1
CUST-109049,2,44.9,17.3,17,28
CUST-109050,21,59.8,62.5,22,1
CUST-109051,2,23.3,8.9,19,35
CUST-109052,17,78.7,39.7,119,6
CUST-109053,4,40.9,8.7,130,18
CUST-109054,7,34.8,5.5,135,16
CUST-109055,5,38.1,12.4,64,44
CUST-109056,20,52.7,51.3,98,30
CUST-109057,18,51.8,29.9,115,11
CUST-109058,1,13.6,14.2,6,42
CUST-109059,3,23.1,16.3,118,30
CUST-109060,23,54.3,56.0,4368,18
CUST-109061,21,56.1,58.9,55,24
CUST-109062,17,94.4,26.3,1052,28
CUST-109063,2,20.7,19.2,101,22
CUST-109064,26,87.5,74.4,127,26
CUST-109065,27,87.9,66.5,3790,5
CUST-109066,15,64.9,77.8,38,30
CUST-109067,11,24.7,18.5,71,29
CUST-109068,10,11.6,6.6,29,13
CUST-109069,12,23.1,18.8,120,31
CUST-109070,27,71.4,102.4,1536,21
CUST-109071,12,13.9,9.0,19,1
CUST-109072,7,43.9,15.9,37,38
CUST-109073,24,71.2,67.6,3447,6
CUST-109074,19,53.9,55.8,127,37
CUST-109075,28,54.5,64.6,2519,16
CUST-109076,1,10.5,19.7,25,18
CUST-109077,11,12.7,19.7,150,33
CUST-109078,12,26.3,21.8,124,3
CUST-109079,24,59.6,95.3,1810,13
CUST-109080,11,43.0,4.1,105,7
CUST-109081,5,44.5,5.3,5,25
CUST-109082,28,74.5,75.5,82,40
CUST-109083,11,26.5,6.1,89,18
CUST-109084,8,10.5,5.5,112,0
CUST-109085,12,17.7,5.4,24,22
CUST-109086,16,70.0,95.8,29,42
CUST-109087,20,89.2,40.8,1142,36
CUST-109088,14,27.0,14.5,96,3
CUST-109089,5,39.7,4.2,55,1
CUST-109090,24,83.4,68.0,71,42
CUST-109091,14,41.4,16.3,31,9
CUST-109092,26,88.7,104.9,6503,27
CUST-109093,13,19.2,5.8,139,23
CUST-109094,6,34.3,14.5,93,38
CUST-109095,5,12.5,19.7,140,10
CUST-109096,6,32.6,15.0,107,16
CUST-109097,21,73.0,63.9,62,29
CUST-109098,29,53.6,105.8,135,13
CUST-109099,22,59.1,55.8,88,35
CUST-109100,13,22.2,12.1,9,43
CUST-109101,27,73.0,46.8,128,36
CUST-109102,15,56.9,36.6,2562,13
CUST-109103,11,28.7,17.0,150,6
CUST-109104,23,60.7,28.4,26,34
CUST-109105,6,37.7,17.8,143,13
CUST-109106,15,65.9,26.5,1,3
CUST-109107,21,70.0,27.5,72,15
CUST-109108,10,33.3,17.6,140,37
CUST-109109,13,28.6,10.3,94,33
CUST-109110,19,69.6,94.0,5828,42
CUST-109111,26,78.1,71.7,29,22
CUST-109112,8,26.0,21.1,7,30
CUST-109113,24,72.9,93.1,4748,3
CUST-109114,25,52.9,78.3,23,12
CUST-109115,22,62.7,82.0,1804,43
CUST-109116,4,30.4,17.8,26,42
CUST-109117,21,92.4,77.3,14,0
CUST-109118,19,72.2,71.8,97,15
CUST-109119,24,88.6,59.5,3689,43
CUST-109120,16,89.5,56.0,93,34
CUST-109121,1,39.1,21.8,117,24
CUST-109122,9,34.7,12.9,55,21
CUST-109123,15,74.6,36.8,73,26
CUST-109124,24,78.5,85.4,2,16
CUST-109125,9,19.8,10.2,23,5
CUST-109126,1,19.3,9.8,21,23
CUST-109127,8,21.4,12.1,42,30
CUST-109128,11,36.3,13.9,145,34
CUST-109129,17,79.2,71.3,101,28
CUST-109130,2,35.2,6.3,101,36
CUST-109131,2,37.5,5.8,47,34
CUST-109132,25,61.4,67.5,107,31
CUST-109133,6,24.3,20.6,98,9
CUST-109134,15,57.4,42.1,2020,20
CUST-109135,15,68.4,101.9,45,34
CUST-109136,10,31.0,9.4,50,5
CUST-109137,9,12.1,20.4,29,37
CUST-109138,1,32.9,7.0,0,5
CUST-109139,17,57.4,95.6,1912,9
CUST-109140,12,14.5,13.6,108,42
CUST-109141,10,22.5,12.0,97,25
CUST-109142,26,89.5,43.3,71,38
CUST-109143,9,16.4,5.6,86,40
CUST-109144,24,92.2,58.1,56,41
CUST-109145,9,28.1,12.4,46,39
CUST-109146,17,88.0,84.1,62,28
CUST-109147,12,32.3,4.5,63,20
CUST-109148,12,14.8,10.9,30,8
CUST-109149,4,44.6,21.2,0,42
CUST-109150,12,40.1,12.2,26,34
CUST-109151,11,42.2,11.3,115,11
CUST-109152,19,55.4,69.8,139,31
CUST-109153,15,62.7,60.1,47,11
CUST-109154,3,21.8,19.6,116,18
CUST-109155,14,35.1,8.0,101,27
CUST-109156,11,43.6,4.9,68,9
CUST-109157,13,36.2,9.2,135,24
CUST-109158,15,67.5,34.4,50,12
CUST-109159,5,26.4,5.8,35,11
CUST-109160,23,72.8,79.3,92,9
CUST-109161,2,41.7,6.9,31,33
CUST-109162,14,23.5,4.5,88,10
CUST-109163,22,91.5,48.7,1996,1
CUST-109164,28,79.6,47.4,148,18
CUST-109165,9,32.4,18.2,36,3
CUST-109166,11,40.9,5.7,9,23
CUST-109167,8,19.8,17.4,34,13
CUST-109168,21,92.8,43.8,75,5
CUST-109169,4,19.9,17.0,31,0
CUST-109170,25,80.0,28.1,618,42
CUST-109171,1,25.1,5.5,134,35
CUST-109172,21,92.2,76.6,138,17
CUST-109173,1,16.6,11.4,37,40
CUST-109174,14,37.2,13.8,116,34
CUST-109175,7,18.2,17.3,84,14
CUST-109176,13,22.3,19.4,75,36
CUST-109177,23,84.8,102.1,8065,39
CUST-109178,27,67.3,91.2,26,2
CUST-109179,2,36.2,11.3,17,35
CUST-109180,1,36.6,14.9,94,26
CUST-109181,9,30.1,7.9,25,45
CUST-109182,16,94.8,73.6,59,4
CUST-109183,1,25.7,11.4,85,2
CUST-109184,7,24.5,16.9,150,16
CUST-109185,23,79.2,45.0,31,26
CUST-109186,2,40.9,19.4,113,15
CUST-109187,23,69.7,89.5,121,34
CUST-109188,27,83.1,29.0,26,7
CUST-109189,13,36.9,21.9,17,29
CUST-109190,10,43.0,5.6,59,1
CUST-109191,3,37.7,20.9,114,3
CUST-109192,17,50.8,42.6,52,25
CUST-109193,21,90.5,34.9,120,19
CUST-109194,27,90.7,100.4,26,11
CUST-109195,26,52.2,68.5,25,22
CUST-109196,1,29.0,15.8,53,35
CUST-109197,25,52.7,83.9,2349,39
CUST-109198,26,52.7,81.7,136,22
CUST-109199,14,19.9,18.3,67,1
CUST-109200,22,63.5,42.8,2140,17
CUST-109201,14,21.9,22.0,59,37
CUST-109202,5,33.9,16.5,89,10
CUST-109203,19,59.5,105.7,80,20
CUST-109204,21,52.3,32.5,84,3
CUST-109205,11,36.9,9.1,73,44
CUST-109206,10,11.2,16.9,92,5
CUST-109207,10,20.2,14.3,105,15
CUST-109208,28,68.1,67.7,38,6
CUST-109209,25,68.8,109.0,4360,4
CUST-109210,3,31.7,5.3,4,18
CUST-109211,14,34.7,21.3,42,4
CUST-109212,9,31.7,13.2,4,39
CUST-109213,21,85.8,103.9,48,21
CUST-109214,25,75.4,53.5,37,17
CUST-109215,16,87.2,100.7,1611,27
CUST-109216,13,15.4,17.2,105,28
CUST-109217,10,33.9,5.9,83,35
CUST-109218,21,68.1,38.1,141,36
CUST-109219,29,61.3,45.2,43,40
CUST-109220,26,71.3,41.3,2023,17
CUST-109221,28,54.5,53.5,57,33
CUST-109222,5,18.5,21.6,117,9
CUST-109223,7,21.8,9.5,37,23
CUST-109224,7,34.8,16.0,110,40
CUST-109225,1,40.6,21.3,77,10
CUST-109226,1,15.9,8.3,106,17
CUST-109227,13,41.8,9.2,131,6
CUST-109228,9,19.9,19.8,50,44
CUST-109229,1,10.5,8.1,7,9
CUST-109230,5,32.2,14.3,74,17
CUST-109231,19,64.9,45.1,25,19
CUST-109232,24,86.2,35.4,62,32
CUST-109233,1,17.5,12.8,7,19
CUST-109234,17,64.5,28.8,44,41
CUST-109235,17,69.9,28.8,62,9
CUST-109236,19,62.0,46.0,52,17
CUST-109237,27,79.4,61.4,26,1
CUST-109238,26,57.3,96.5,10,5
CUST-109239,17,63.5,97.6,44,40
CUST-109240,22,80.6,105.5,7174,17
CUST-109241,21,53.2,63.9,73,44
CUST-109242,20,82.2,60.8,131,28
CUST-109243,28,86.3,104.9,4091,42
CUST-109244,20,85.6,53.1,138,30
CUST-109245,28,73.2,103.3,41,37
CUST-109246,26,76.5,73.5,4777,8
CUST-109247,5,15.9,8.6,51,37
CUST-109248,24,56.2,35.6,113,1
CUST-109249,4,14.9,16.5,84,12
CUST-109250,25,83.2,103.7,50,2
CUST-109251,1,19.5,12.9,113,5
CUST-109252,24,68.5,54.0,112,44
CUST-109253,14,21.3,13.8,25,37
CUST-109254,4,37.2,16.8,91,23
CUST-109255,21,80.2,104.6,126,43
CUST-109256,2,31.9,21.3,110,25
CUST-109257,21,73.4,38.4,3,41
CUST-109258,4,19.5,20.7,79,24
CUST-109259,27,89.7,63.4,24,34
CUST-109260,17,85.1,81.8,1799,35
CUST-109261,26,73.2,104.4,6786,19
CUST-109262,2,19.7,15.6,32,33
CUST-109263,16,85.1,33.4,2371,20
CUST-109264,5,22.8,4.1,103,14
CUST-109265,21,90.7,109.6,135,44
CUST-109266,5,39.2,15.5,122,29
CUST-109267,2,20.3,12.6,127,2
CUST-109268,11,11.0,9.1,63,17
CUST-109269,1,41.3,20.8,129,44
CUST-109270,24,80.4,46.4,88,43
CUST-109271,13,38.6,5.6,11,29
CUST-109272,9,37.9,15.6,45,0
CUST-109273,1,31.3,4.5,28,36
CUST-109274,1,35.5,9.6,35,12
CUST-109275,23,60.7,90.8,3450,29
CUST-109276,14,24.0,21.0,95,22
CUST-109277,8,12.0,8.3,86,17
CUST-109278,12,42.5,4.1,59,11
CUST-109279,18,58.1,56.8,13,11
CUST-109280,2,40.8,18.1,39,27
CUST-109281,26,59.7,34.0,2448,40
CUST-109282,26,67.3,79.0,1027,28
CUST-109283,18,58.8,48.0,2544,23
CUST-109284,8,44.8,9.1,47,8
CUST-109285,19,72.1,43.5,77,16
CUST-109286,15,72.2,100.2,39,25
CUST-109287,13,33.0,5.0,103,2
CUST-109288,16,78.0,68.3,23,45
CUST-109289,5,18.3,18.7,10,12
CUST-109290,7,27.8,6.8,58,42
CUST-109291,11,40.3,18.3,62,34
CUST-109292,6,26.2,11.1,89,22
CUST-109293,12,17.4,11.7,48,43
CUST-109294,19,53.4,58.1,38,17
CUST-109295,1,22.7,13.7,37,22
CUST-109296,10,24.5,10.9,117,22
CUST-109297,21,73.8,50.9,3410,14
CUST-109298,10,40.8,18.7,19,1
CUST-109299,10,41.5,19.3,100,13
CUST-109300,20,65.2,96.9,51,14
CUST-109301,5,28.9,12.8,14,7
CUST-109302,22,72.5,98.3,9,36
CUST-109303,11,44.1,9.3,18,30
CUST-109304,29,93.7,50.6,6,9
CUST-109305,19,56.0,25.4,990,16
CUST-109306,11,18.4,19.5,105,5
CUST-109307,29,76.7,58.4,33,9
CUST-109308,24,87.2,78.9,28,26
CUST-109309,15,63.2,77.2,3782,35
CUST-109310,3,31.9,19.3,28,40
CUST-109311,12,24.6,6.4,75,40
CUST-109312,19,56.4,100.5,125,6
CUST-109313,1,35.5,19.2,72,36
CUST-109314,23,77.8,53.1,98,18
CUST-109315,11,25.9,5.3,56,28
CUST-109316,7,31.5,13.0,16,43
CUST-109317,28,61.4,63.7,2038,37
CUST-109318,27,51.4,102.1,147,32
CUST-109319,3,40.1,19.2,66,25
CUST-109320,14,24.3,4.2,133,5
CUST-109321,13,17.4,15.1,122,5
CUST-109322,3,35.2,21.1,2,17
CUST-109323,23,80.3,90.1,8,6
CUST-109324,25,76.2,72.3,5567,27
CUST-109325,13,32.6,12.7,61,44
CUST-109326,29,79.6,59.0,2714,16
CUST-109327,2,28.1,19.0,60,16
CUST-109328,13,15.9,10.4,44,24
CUST-109329,11,42.5,16.0,116,18
CUST-109330,16,89.9,51.1,1890,35
CUST-109331,20,85.6,37.6,2293,21
CUST-109332,9,43.3,21.7,131,21
CUST-109333,20,62.9,45.9,1331,36
CUST-109334,13,20.1,19.3,60,30
CUST-109335,6,33.4,12.7,28,3
CUST-109336,15,63.8,69.6,2227,10
CUST-109337,1,20.5,22.0,139,18
CUST-109338,24,65.6,100.9,132,33
CUST-109339,13,37.0,15.6,69,26
CUST-109340,11,21.5,15.5,103,20
CUST-109341,3,33.5,4.8,7,38
CUST-109342,4,11.6,20.0,101,31
CUST-109343,19,78.0,89.6,148,40
CUST-109344,18,64.6,71.9,19,21
CUST-109345,10,13.4,8.8,57,7
CUST-109346,26,84.5,93.0,118,4
CUST-109347,23,80.9,102.8,91,1
CUST-109348,6,41.7,11.3,76,25
CUST-109349,4,41.0,10.7,20,23
CUST-109350,8,36.6,16.0,54,11
CUST-109351,3,32.4,14.7,21,31
CUST-109352,12,44.3,20.5,33,33
CUST-109353,12,25.9,19.4,40,32
CUST-109354,7,36.8,12.0,38,25
CUST-109355,6,23.4,15.4,39,31
CUST-109356,15,57.5,108.9,111,23
CUST-109357,9,24.6,19.8,38,5
CUST-109358,18,57.8,67.2,3763,28
CUST-109359,4,38.8,11.6,67,17
CUST-109360,29,76.1,99.7,6380,23
CUST-109361,28,58.6,64.0,4672,15
CUST-109362,11,22.9,21.8,103,38
CUST-109363,23,77.7,69.9,108,30
CUST-109364,6,24.9,21.1,63,19
CUST-109365,25,90.1,45.3,1313,19
CUST-109366,28,71.2,85.1,111,35
CUST-109367,10,17.9,18.4,118,31
CUST-109368,18,75.4,81.4,89,17
CUST-109369,3,41.5,17.2,61,7
CUST-109370,1,29.6,21.0,65,43
CUST-109371,5,37.0,9.6,113,35
CUST-109372,19,77.9,104.0,1872,23
CUST-109373,22,89.9,26.0,110,41
CUST-109374,27,85.1,89.1,980,23
CUST-109375,18,92.1,32.0,2368,18
CUST-109376,7,32.3,14.0,124,5
CUST-109377,4,39.0,18.4,21,11
CUST-109378,11,11.3,12.9,82,2
CUST-109379,7,44.8,7.3,86,0
CUST-109380,8,39.3,18.5,120,4
CUST-109381,25,55.7,30.6,148,25
CUST-109382,23,80.2,30.3,2242,32
CUST-109383,15,62.0,81.6,56,8
CUST-109384,6,30.1,5.9,101,41
CUST-109385,28,82.4,80.7,57,24
CUST-109386,6,31.4,9.5,56,38
CUST-109387,4,23.5,16.1,55,37
CUST-109388,7,42.0,7.0,2,5
CUST-109389,1,44.5,10.9,132,42
CUST-109390,10,35.3,11.3,57,21
CUST-109391,7,10.2,8.7,125,42
CUST-109392,6,34.0,22.0,12,35
CUST-109393,5,42.8,5.8,6,31
CUST-109394,14,15.8,20.4,22,45
CUST-109395,5,39.5,17.8,64,22
CUST-109396,13,22.8,12.2,120,40
CUST-109397,1,31.6,18.5,72,32
CUST-109398,28,58.3,58.3,2098,33
CUST-109399,19,59.5,74.5,3352,5
CUST-109400,13,24.3,14.5,104,25
CUST-109401,8,23.2,17.1,69,12
CUST-109402,4,44.1,21.4,117,1
CUST-109403,5,39.1,15.7,97,16
CUST-109404,26,74.8,104.8,65,35
CUST-109405,25,69.2,45.4,108,32
CUST-109406,14,43.2,16.8,7,15
CUST-109407,14,24.1,9.1,136,17
CUST-109408,18,85.6,89.3,127,16
CUST-109409,16,67.7,65.8,4869,13
CUST-109410,10,27.4,19.5,17,36
CUST-109411,28,80.5,102.6,1128,45
CUST-109412,6,30.3,19.3,5,41
CUST-109413,29,66.3,33.6,23,31
CUST-109414,15,51.4,60.3,3618,29
CUST-109415,2,23.5,9.0,39,14
CUST-109416,12,25.3,8.9,54,15
CUST-109417,20,50.6,30.1,2377,20
CUST-109418,24,57.1,76.2,3429,2
CUST-109419,12,22.9,7.4,45,18
CUST-109420,28,83.1,54.9,106,26
CUST-109421,12,43.8,21.2,35,4
CUST-109422,4,42.9,9.1,59,28
CUST-109423,3,23.0,10.2,27,32
CUST-109424,7,28.2,19.4,41,38
CUST-109425,19,54.0,49.5,3366,8
CUST-109426,2,22.1,16.2,150,11
CUST-109427,21,64.1,73.3,3151,42
CUST-109428,26,83.6,74.1,80,13
CUST-109429,13,37.1,20.6,150,5
CUST-109430,12,43.8,7.7,87,16
CUST-109431,24,70.0,84.0,53,1
CUST-109432,14,24.1,18.0,79,28
CUST-109433,14,29.8,5.6,15,36
CUST-109434,1,40.3,21.7,31,9
CUST-109435,14,22.6,9.9,0,1
CUST-109436,9,32.8,8.4,52,22
CUST-109437,10,21.4,9.5,24,3
CUST-109438,11,34.1,18.7,77,25
CUST-109439,10,23.8,7.8,92,23
CUST-109440,5,38.1,14.3,86,41
CUST-109441,5,12.6,17.9,134,35
CUST-109442,21,55.8,79.8,4468,6
CUST-109443,23,50.2,51.2,3174,5
CUST-109444,8,17.5,9.0,104,0
CUST-109445,10,33.3,13.2,96,42
CUST-109446,23,71.2,62.2,3732,21
CUST-109447,20,55.3,34.3,99,8
CUST-109448,18,56.6,92.1,2026,14
CUST-109449,2,22.8,8.1,133,42
CUST-109450,25,72.6,55.0,18,31
CUST-109451,21,58.7,101.2,7691,2
CUST-109452,10,33.9,11.5,14,13
CUST-109453,20,94.9,78.7,24,21
CUST-109454,13,36.0,20.9,96,20
CUST-109455,16,85.3,87.5,5600,25
CUST-109456,23,92.4,49.5,51,35
CUST-109457,14,35.9,13.3,29,15
CUST-109458,3,35.7,6.9,46,28
CUST-109459,29,57.0,81.2,5602,19
CUST-109460,2,34.4,15.9,127,20
CUST-109461,8,16.2,7.8,21,28
CUST-109462,10,36.7,13.3,137,25
CUST-109463,11,13.6,5.7,130,38
CUST-109464,18,70.5,56.2,109,21
CUST-109465,21,64.8,88.0,103,17
CUST-109466,14,34.5,14.8,75,36
CUST-109467,16,81.0,95.3,2954,9
CUST-109468,8,27.9,13.2,69,7
CUST-109469,23,79.7,66.0,66,15
CUST-109470,1,22.9,21.7,83,35
CUST-109471,5,32.3,15.0,119,32
CUST-109472,29,56.5,76.6,4749,44
CUST-109473,28,66.2,99.6,82,7
CUST-109474,14,12.8,19.4,90,37
CUST-109475,11,42.9,4.7,56,31
CUST-109476,5,24.2,8.3,42,25
CUST-109477,16,61.3,100.8,124,21
CUST-109478,27,66.1,105.0,71,28
CUST-109479,8,10.3,18.5,13,8
CUST-109480,8,39.8,13.1,92,8
CUST-109481,6,25.6,15.6,122,4
CUST-109482,23,53.9,34.2,121,11
CUST-109483,15,68.6,93.7,49,22
CUST-109484,11,10.7,20.1,36,25
CUST-109485,13,10.5,14.1,107,1
CUST-109486,20,66.7,82.0,6232,42
CUST-109487,7,29.0,9.7,41,36
CUST-109488,5,36.8,19.8,8,15
CUST-109489,11,36.2,12.2,9,18
CUST-109490,9,24.0,15.0,23,16
CUST-109491,26,69.8,39.2,63,4
CUST-109492,26,51.6,69.2,70,0
CUST-109493,22,61.7,80.8,141,1
CUST-109494,19,83.6,51.6,1341,37
CUST-109495,9,21.7,6.6,54,12
CUST-109496,5,20.5,15.7,77,35
CUST-109497,27,93.8,103.9,44,41
CUST-109498,26,65.0,36.9,1070,15
CUST-109499,23,74.3,93.8,114,5
CUST-109500,2,24.8,9.8,29,38
CUST-109501,28,55.1,55.4,139,7
CUST-109502,1,16.2,21.2,15,30
CUST-109503,21,54.6,59.4,3623,3
CUST-109504,3,17.6,20.1,49,39
CUST-109505,11,34.2,21.7,27,29
CUST-109506,24,83.7,50.1,60,36
CUST-109507,15,70.4,25.8,5,36
CUST-109508,12,26.6,4.6,118,6
CUST-109509,5,43.7,13.7,87,5
CUST-109510,8,19.2,20.4,88,8
CUST-109511,8,26.3,8.3,65,40
CUST-109512,14,29.9,17.4,92,21
CUST-109513,2,39.8,16.1,4,19
CUST-109514,7,31.4,6.5,18,29
CUST-109515,29,57.3,26.2,138,38
CUST-109516,12,20.8,6.3,55,35
CUST-109517,21,83.2,38.2,1719,25
CUST-109518,19,53.0,60.7,28,33
CUST-109519,16,80.0,60.7,130,4
CUST-109520,19,58.5,40.9,12,18
CUST-109521,17,71.5,32.8,43,45
CUST-109522,12,18.1,6.2,1,40
CUST-109523,17,64.3,77.6,82,2
CUST-109524,3,32.6,9.0,60,31
CUST-109525,22,78.0,107.1,6104,19
CUST-109526,4,14.5,4.4,150,36
CUST-109527,13,23.4,17.7,116,10
CUST-109528,13,30.7,13.3,113,44
CUST-109529,16,69.3,44.0,1188,45
CUST-109530,9,22.3,11.9,16,43
CUST-109531,19,81.1,51.5,131,25
CUST-109532,9,34.5,15.3,69,39
CUST-109533,2,16.7,9.2,141,45
CUST-109534,27,75.0,41.7,130,28
CUST-109535,5,12.7,11.2,143,40
CUST-109536,7,43.0,5.9,36,38
CUST-109537,9,31.5,7.7,55,35
CUST-109538,11,25.3,13.5,40,7
CUST-109539,9,21.1,21.6,16,44
CUST-109540,7,34.1,10.2,65,24
CUST-109541,9,31.2,12.1,147,1
CUST-109542,3,41.4,14.0,9,11
CUST-109543,26,65.8,96.7,56,36
CUST-109544,18,75.2,28.2,1551,28
CUST-109545,20,78.6,65.6,62,9
CUST-109546,22,84.7,49.3,120,24
CUST-109547,8,34.2,4.5,50,25
CUST-109548,8,14.2,19.7,49,35
CUST-109549,27,88.6,88.8,5594,28
CUST-109550,25,57.6,105.2,10,17
CUST-109551,1,30.2,14.2,135,12
CUST-109552,28,83.8,72.5,3262,29
CUST-109553,14,42.6,11.9,72,34
CUST-109554,12,34.5,18.4,103,13
CUST-109555,3,43.1,7.7,50,7
CUST-109556,23,58.8,68.9,2204,21
CUST-109557,1,36.4,6.3,9,38
CUST-109558,20,77.7,81.8,4417,2
CUST-109559,17,50.6,50.6,1416,39
CUST-109560,5,43.5,17.4,104,5
CUST-109561,10,33.5,18.0,36,40
CUST-109562,8,21.2,9.1,15,33
CUST-109563,22,79.1,65.2,107,40
CUST-109564,15,60.9,49.4,65,17
CUST-109565,11,35.3,9.7,110,2
CUST-109566,27,94.6,28.8,1468,6
CUST-109567,5,10.6,8.9,65,26
CUST-109568,13,42.0,15.7,65,4
CUST-109569,4,17.4,14.9,59,9
CUST-109570,6,26.2,17.2,11,37
CUST-109571,14,11.9,12.4,58,16
CUST-109572,5,34.5,18.9,62,34
CUST-109573,19,64.9,55.3,89,1
CUST-109574,6,34.4,13.1,142,38
CUST-109575,26,78.8,102.2,77,36
CUST-109576,29,81.9,71.3,149,28
CUST-109577,16,72.6,54.7,3008,5
CUST-109578,28,72.3,89.1,117,16
CUST-109579,8,10.4,6.5,104,43
CUST-109580,1,42.1,20.2,137,24
CUST-109581,8,19.8,8.2,131,23
CUST-109582,19,91.6,71.0,5396,10
CUST-109583,22,81.8,57.0,4161,16
CUST-109584,10,28.5,14.1,98,34
CUST-109585,27,74.2,86.8,3819,23
CUST-109586,9,32.4,4.6,61,16
CUST-109587,2,38.7,5.8,38,40
CUST-109588,15,71.8,48.7,70,9
CUST-109589,18,62.5,54.3,47,27
CUST-109590,18,76.7,100.6,59,7
CUST-109591,12,33.4,8.7,140,33
CUST-109592,2,42.4,9.2,110,11
CUST-109593,1,43.1,4.5,33,11
CUST-109594,12,24.1,12.2,131,33
CUST-109595,2,33.6,20.0,44,12
CUST-109596,7,10.3,6.9,143,7
CUST-109597,21,86.7,43.0,31,24
CUST-109598,29,78.1,48.8,3904,28
CUST-109599,6,39.2,15.8,85,22
CUST-109600,10,42.2,18.5,125,13
CUST-109601,2,41.7,7.9,62,39
CUST-109602,19,68.2,45.1,1623,4
CUST-109603,28,55.1,34.2,29,22
CUST-109604,8,22.0,5.8,58,5
CUST-109605,10,35.6,13.5,49,21
CUST-109606,12,42.0,15.9,46,44
CUST-109607,4,33.6,9.1,42,12
CUST-109608,10,16.3,17.0,69,37
CUST-109609,24,58.4,97.2,0,24
CUST-109610,13,28.6,13.0,42,22
CUST-109611,10,19.7,16.5,60,19
CUST-109612,4,16.2,11.4,135,7
CUST-109613,3,42.4,19.4,107,37
CUST-109614,4,29.1,21.4,83,37
CUST-109615,6,13.3,17.9,55,21
CUST-109616,20,83.3,65.4,59,9
CUST-109617,6,32.3,6.6,120,37
CUST-109618,9,27.9,13.2,101,39
CUST-109619,3,40.7,4.7,111,34
CUST-109620,27,94.7,25.5,59,20
CUST-109621,12,44.2,15.1,59,32
CUST-109622,12,24.7,12.9,33,28
CUST-109623,9,42.8,17.6,120,13
CUST-109624,5,16.9,6.2,125,38
CUST-109625,8,44.8,10.3,48,8
CUST-109626,19,87.7,90.1,5,17
CUST-109627,7,20.3,12.9,43,17
CUST-109628,3,12.6,6.9,110,41
CUST-109629,7,29.6,10.2,100,35
CUST-109630,4,23.2,4.5,131,45
CUST-109631,26,79.4,29.4,1617,14
CUST-109632,6,41.1,4.9,113,26
CUST-109633,11,37.6,18.6,149,42
CUST-109634,14,26.2,22.0,137,20
CUST-109635,15,66.8,105.5,40,41
CUST-109636,8,31.3,5.2,47,23
CUST-109637,27,89.1,25.6,58,43
CUST-109638,11,24.7,10.1,5,4
CUST-109639,5,27.9,8.4,50,43
CUST-109640,25,53.6,59.1,4373,0
CUST-109641,9,27.7,13.2,148,24
CUST-109642,2,15.8,9.4,77,16
CUST-109643,17,57.3,38.0,80,1
CUST-109644,15,75.7,61.8,1792,44
CUST-109645,18,88.9,108.6,55,12
CUST-109646,11,30.8,15.6,96,0
CUST-109647,5,37.0,7.7,98,14
CUST-109648,26,85.7,107.0,11,24
CUST-109649,15,85.6,27.1,42,39
CUST-109650,17,50.3,48.8,780,19
CUST-109651,28,92.5,76.5,29,12
CUST-109652,17,94.0,80.4,105,4
CUST-109653,13,25.2,15.4,37,45
CUST-109654,23,55.9,94.4,1888,21
CUST-109655,6,33.9,8.6,129,14
CUST-109656,4,39.7,11.3,90,33
CUST-109657,10,38.5,9.6,10,10
CUST-109658,26,87.3,60.8,3100,9
CUST-109659,6,33.9,12.1,89,2
CUST-109660,19,91.8,95.1,4184,17
CUST-109661,22,51.4,55.2,125,7
CUST-109662,25,70.1,32.1,60,41
CUST-109663,4,13.0,4.9,22,40
CUST-109664,8,10.7,19.1,30,32
CUST-109665,29,62.9,34.3,651,18
CUST-109666,7,26.2,8.8,77,8
CUST-109667,11,20.8,20.2,76,21
CUST-109668,24,77.1,99.1,6738,27
CUST-109669,6,40.4,17.2,46,31
CUST-109670,13,40.6,18.9,87,18
CUST-109671,24,58.9,30.2,23,5
CUST-109672,8,31.3,6.0,131,41
CUST-109673,29,79.7,68.1,63,28
CUST-109674,24,81.0,68.6,11,2
CUST-109675,5,25.3,13.2,135,44
CUST-109676,27,55.8,26.9,1371,18
CUST-109677,14,23.8,4.5,87,3
CUST-109678,15,79.5,51.4,113,32
CUST-109679,6,44.4,14.1,24,6
CUST-109680,21,52.0,65.5,18,6
CUST-109681,20,80.3,53.0,65,43
CUST-109682,26,94.0,106.2,5522,33
CUST-109683,1,15.2,19.0,91,12
CUST-109684,25,79.4,36.4,20,44
CUST-109685,1,24.0,19.5,147,8
CUST-109686,28,77.2,91.8,87,5
CUST-109687,17,73.5,107.3,79,6
CUST-109688,12,33.0,10.6,24,44
CUST-109689,11,35.8,17.4,139,37
CUST-109690,18,62.5,36.6,71,42
CUST-109691,19,84.0,52.4,2620,17
CUST-109692,18,57.0,57.5,74,5
CUST-109693,10,38.4,6.4,64,32
CUST-109694,25,65.0,57.9,3589,12
CUST-109695,8,36.6,5.6,69,36
CUST-109696,1,42.9,13.8,69,10
CUST-109697,24,88.0,50.5,106,7
CUST-109698,13,11.4,19.6,7,10
CUST-109699,24,91.8,56.8,3578,41
CUST-109700,9,28.8,6.7,6,32
CUST-109701,4,20.0,21.3,38,30
CUST-109702,13,22.8,8.9,115,28
CUST-109703,18,81.9,60.5,75,28
CUST-109704,11,26.8,19.0,99,24
CUST-109705,6,30.8,6.7,90,10
CUST-109706,15,59.9,58.1,121,39
CUST-109707,8,17.3,9.1,52,10
CUST-109708,9,20.1,11.5,21,24
CUST-109709,11,37.2,9.4,118,7
CUST-109710,2,21.9,15.6,32,15
CUST-109711,17,59.7,101.1,57,37
CUST-109712,26,73.6,25.9,1320,40
CUST-109713,9,28.0,19.8,74,40
CUST-109714,27,62.4,108.1,14,16
CUST-109715,25,67.5,56.3,74,35
CUST-109716,7,16.5,15.2,35,15
CUST-109717,13,10.4,9.1,57,14
CUST-109718,17,87.2,60.6,41,40
CUST-109719,25,55.0,61.0,4697,7
CUST-109720,12,28.3,8.0,88,41
CUST-109721,21,73.5,95.5,35,19
CUST-109722,5,41.3,17.0,81,27
CUST-109723,7,24.1,20.3,53,36
CUST-109724,8,16.2,17.1,95,34
CUST-109725,19,72.6,38.2,1719,39
CUST-109726,18,67.4,29.1,552,24
CUST-109727,5,23.2,15.8,17,15
CUST-109728,25,84.0,39.2,91,8
CUST-109729,6,24.5,6.8,44,26
CUST-109730,7,24.9,4.9,102,9
CUST-109731,17,69.1,73.9,63,13
CUST-109732,8,40.1,16.7,12,33
CUST-109733,5,17.3,4.9,142,20
CUST-109734,9,41.3,9.7,104,42
CUST-109735,24,72.7,27.0,1998,27
CUST-109736,5,19.0,5.2,136,16
CUST-109737,18,60.4,100.4,0,23
CUST-109738,4,19.2,11.4,7,36
CUST-109739,5,15.9,10.2,143,39
CUST-109740,29,86.3,87.3,873,38
CUST-109741,1,27.0,22.0,74,24
CUST-109742,15,64.1,54.9,125,23
CUST-109743,28,76.7,62.1,5,36
CUST-109744,2,12.9,11.0,89,45
CUST-109745,15,67.4,87.1,28,31
CUST-109746,18,81.8,75.3,828,33
CUST-109747,6,37.7,18.1,1,29
CUST-109748,24,52.4,86.1,55,32
CUST-109749,23,76.8,46.8,2620,44
CUST-109750,9,30.9,21.3,4,40
CUST-109751,9,23.9,11.9,105,32
CUST-109752,7,10.1,4.5,97,2
CUST-109753,28,73.7,46.3,101,32
CUST-109754,12,13.1,16.1,93,9
CUST-109755,21,54.5,94.0,18,24
CUST-109756,14,43.9,7.6,69,20
CUST-109757,10,33.7,4.3,140,33
CUST-109758,1,16.6,13.6,129,15
CUST-109759,6,26.5,19.7,58,9
CUST-109760,23,65.6,54.5,31,2
CUST-109761,29,73.2,86.8,45,9
CUST-109762,29,86.6,51.6,122,4
CUST-109763,9,25.5,5.7,104,25
CUST-109764,14,15.3,7.9,125,26
CUST-109765,14,21.7,8.9,41,31
CUST-109766,17,87.7,90.8,5357,4
CUST-109767,10,36.5,9.1,115,4
CUST-109768,29,56.8,107.8,2479,29
CUST-109769,11,25.6,8.3,131,43
CUST-109770,15,78.2,90.3,117,6
CUST-109771,4,11.1,9.7,132,13
CUST-109772,18,56.6,48.9,3520,20
CUST-109773,8,43.6,11.9,45,12
CUST-109774,3,15.6,12.7,8,27
CUST-109775,18,58.5,85.9,64,11
CUST-109776,11,11.2,9.5,55,23
CUST-109777,18,79.2,28.8,14,8
CUST-109778,13,43.7,13.9,98,40
CUST-109779,10,17.9,10.4,24,38
CUST-109780,16,91.8,94.4,44,28
CUST-109781,16,92.5,35.7,499,44
CUST-109782,22,51.9,69.7,6,2
CUST-109783,2,26.6,5.7,131,20
CUST-109784,22,71.8,82.6,99,39
CUST-109785,5,42.5,5.5,124,22
CUST-109786,9,39.1,6.4,69,43
CUST-109787,28,70.8,30.0,1380,14
CUST-109788,22,68.1,25.4,27,9
CUST-109789,6,27.9,15.3,112,15
CUST-109790,6,42.6,20.2,141,1
CUST-109791,17,56.9,60.4,3020,35
CUST-109792,24,88.1,27.9,1116,8
CUST-109793,1,15.9,4.4,110,30
CUST-109794,25,85.2,70.4,70,10
CUST-109795,16,64.2,71.3,104,26
CUST-109796,25,91.0,79.1,2689,8
CUST-109797,21,75.0,64.2,95,9
CUST-109798,6,19.0,5.7,69,27
CUST-109799,12,11.4,18.2,89,17
CUST-109800,29,79.6,47.4,39,39
CUST-109801,15,60.0,54.2,3468,45
CUST-109802,28,75.1,38.3,919,17
CUST-109803,11,29.8,18.8,3,16
CUST-109804,2,40.9,14.0,2,40
CUST-109805,1,12.8,11.7,110,13
CUST-109806,3,25.1,18.2,43,25
CUST-109807,14,18.3,9.4,144,9
CUST-109808,2,23.1,7.7,14,27
CUST-109809,4,31.2,9.5,51,28
CUST-109810,12,12.6,15.5,137,22
CUST-109811,13,32.7,17.1,125,29
CUST-109812,10,37.0,5.6,66,18
CUST-109813,28,66.1,92.8,3619,4
CUST-109814,4,25.2,18.6,68,18
CUST-109815,4,44.5,7.1,3,2
CUST-109816,10,12.0,8.6,56,11
CUST-109817,21,60.8,107.3,116,25
CUST-109818,1,32.4,14.9,50,37
CUST-109819,25,70.7,68.9,50,44
CUST-109820,8,19.6,17.4,122,29
CUST-109821,29,58.7,42.8,120,45
CUST-109822,12,44.1,18.2,83,16
CUST-109823,6,25.3,19.8,119,17
CUST-109824,13,37.2,16.2,37,37
CUST-109825,9,10.6,9.3,106,43
CUST-109826,29,55.5,44.2,128,44
CUST-109827,19,86.9,81.4,5860,7
CUST-109828,21,63.3,26.3,122,25
CUST-109829,10,29.1,20.3,54,16
CUST-109830,10,12.6,15.4,30,44
CUST-109831,7,39.5,16.2,11,13
CUST-109832,18,88.1,37.6,27,16
CUST-109833,9,19.4,6.6,18,41
CUST-109834,9,19.3,10.9,6,2
CUST-109835,15,55.4,97.5,6630,40
CUST-109836,1,24.8,19.7,61,34
CUST-109837,1,44.5,16.8,61,44
CUST-109838,23,60.0,25.5,1453,18
CUST-109839,5,28.2,13.8,18,13
CUST-109840,6,33.9,20.7,133,27
CUST-109841,9,14.6,21.9,133,11
CUST-109842,28,71.4,26.3,973,21
CUST-109843,23,88.8,87.8,144,34
CUST-109844,12,26.1,6.2,64,11
CUST-109845,8,28.0,4.1,25,1
CUST-109846,7,44.7,10.2,74,14
CUST-109847,7,13.1,14.5,10,13
CUST-109848,3,20.2,10.2,15,34
CUST-109849,7,11.2,7.0,33,3
CUST-109850,1,24.2,21.2,85,8
CUST-109851,9,40.4,10.3,27,21
CUST-109852,7,37.2,13.3,24,40
CUST-109853,29,55.3,74.1,86,33
CUST-109854,25,75.9,52.7,1264,45
CUST-109855,22,50.0,94.7,1231,42
CUST-109856,2,23.0,15.7,15,0
CUST-109857,12,40.6,13.6,83,29
CUST-109858,10,31.3,18.7,147,32
CUST-109859,11,22.8,11.1,49,37
CUST-109860,25,68.9,82.3,88,43
CUST-109861,8,41.2,19.2,18,16
CUST-109862,11,27.8,5.3,41,11
CUST-109863,15,92.3,77.2,50,43
CUST-109864,2,22.5,9.5,21,39
CUST-109865,7,44.9,5.9,102,17
CUST-109866,24,79.1,49.0,135,23
CUST-109867,5,30.1,19.8,101,28
CUST-109868,5,20.9,8.1,71,19
CUST-109869,6,16.6,20.2,1,38
CUST-109870,2,18.6,16.1,75,36
CUST-109871,23,87.5,32.8,2197,33
CUST-109872,6,15.9,13.8,126,43
CUST-109873,15,94.9,58.5,0,14
CUST-109874,2,21.2,19.6,78,8
CUST-109875,28,52.7,81.4,147,9
CUST-109876,23,69.2,106.4,4043,6
CUST-109877,29,75.2,42.0,2814,40
CUST-109878,4,16.5,16.5,9,43
CUST-109879,5,34.4,5.4,18,34
CUST-109880,19,86.3,103.0,46,8
CUST-109881,6,32.7,13.3,60,5
CUST-109882,7,26.8,15.2,112,13
CUST-109883,4,44.1,9.9,11,8
CUST-109884,17,89.3,93.1,137,13
CUST-109885,25,88.2,48.3,3332,23
CUST-109886,3,17.6,8.5,111,29
CUST-109887,5,33.8,13.3,119,9
CUST-109888,17,62.7,108.7,3369,18
CUST-109889,8,20.4,10.9,100,0
CUST-109890,15,83.6,84.1,123,0
CUST-109891,11,12.4,19.4,38,30
CUST-109892,11,37.0,14.0,10,34
CUST-109893,8,11.6,18.0,20,3
CUST-109894,9,12.4,14.5,49,31
CUST-109895,5,22.9,19.0,86,26
CUST-109896,22,78.4,38.7,43,23
CUST-109897,25,56.8,39.8,45,25
CUST-109898,18,66.7,96.2,139,10
CUST-109899,14,38.3,5.7,126,1
CUST-109900,25,90.4,64.9,1103,23
CUST-109901,13,20.2,21.5,32,12
CUST-109902,26,79.3,107.6,4842,29
CUST-109903,16,84.8,92.6,36,3
CUST-109904,25,63.2,32.8,141,7
CUST-109905,2,12.2,20.2,48,14
CUST-109906,18,80.2,97.5,87,5
CUST-109907,4,24.2,12.6,69,32
CUST-109908,6,38.7,20.2,60,12
CUST-109909,14,27.1,19.9,51,3
CUST-109910,8,14.3,15.5,27,7
CUST-109911,4,25.7,4.5,30,8
CUST-109912,8,39.7,5.5,145,3
CUST-109913,10,17.1,10.3,104,6
CUST-109914,8,13.1,9.8,32,4
CUST-109915,28,93.1,104.5,24,6
CUST-109916,8,19.5,20.2,24,43
CUST-109917,7,21.4,6.7,122,5
CUST-109918,25,85.4,26.8,141,38
CUST-109919,7,28.2,11.6,54,4
CUST-109920,15,50.4,38.5,137,6
CUST-109921,1,22.9,4.2,29,32
CUST-109922,27,66.3,50.0,550,44
CUST-109923,1,30.1,10.6,137,22
CUST-109924,11,26.1,4.2,98,27
CUST-109925,18,85.1,34.8,56,2
CUST-109926,27,69.7,99.6,30,4
CUST-109927,6,42.4,4.9,25,19
CUST-109928,23,72.8,86.4,51,12
CUST-109929,2,26.6,13.8,91,31
CUST-109930,3,34.8,17.9,67,31
CUST-109931,14,14.8,16.4,3,16
CUST-109932,5,36.3,7.8,19,23
CUST-109933,11,42.2,16.3,71,16
CUST-109934,20,65.7,84.3,68,29
CUST-109935,3,12.4,10.3,143,19
CUST-109936,8,11.3,5.8,6,39
CUST-109937,27,70.6,101.1,7380,9
CUST-109938,14,28.6,11.2,63,23
CUST-109939,4,40.5,4.2,141,14
CUST-109940,8,44.6,8.7,123,4
CUST-109941,12,20.0,21.2,116,26
CUST-109942,9,43.0,7.2,64,20
CUST-109943,8,29.0,17.4,59,17
CUST-109944,28,93.7,48.6,729,12
CUST-109945,16,51.1,99.0,146,25
CUST-109946,9,27.9,13.0,142,45
CUST-109947,18,88.9,55.8,40,22
CUST-109948,8,18.1,12.5,89,18
CUST-109949,9,22.1,4.3,72,3
CUST-109950,12,35.1,16.1,31,19
CUST-109951,26,91.7,29.5,78,9
CUST-109952,18,57.8,39.3,103,11
CUST-109953,18,72.4,76.8,5990,18
CUST-109954,18,76.2,37.9,70,29
CUST-109955,21,61.8,90.8,71,17
CUST-109956,8,17.9,4.5,113,10
CUST-109957,29,64.0,59.7,109,10
CUST-109958,13,21.7,20.0,62,5
CUST-109959,7,18.3,12.8,7,36
CUST-109960,12,31.1,20.0,4,23
CUST-109961,21,79.2,32.3,50,3
CUST-109962,8,39.8,20.4,97,41
CUST-109963,6,13.2,19.4,40,26
CUST-109964,16,78.8,30.9,2132,2
CUST-109965,5,24.9,18.9,48,10
CUST-109966,3,15.0,7.2,113,33
CUST-109967,9,22.8,7.0,1,23
CUST-109968,23,79.6,73.7,2063,43
CUST-109969,15,57.9,75.4,144,4
CUST-109970,14,32.0,16.3,131,11
CUST-109971,6,12.3,13.3,129,18
CUST-109972,13,18.3,4.0,130,13
CUST-109973,22,50.7,80.7,100,12
CUST-109974,27,80.9,103.6,130,18
CUST-109975,3,18.9,10.9,58,15
CUST-109976,20,52.1,33.8,123,38
CUST-109977,3,34.1,12.3,45,39
CUST-109978,7,38.9,8.6,76,43
CUST-109979,15,67.2,70.1,911,4
CUST-109980,25,80.5,79.6,3422,3
CUST-109981,26,81.1,74.9,30,41
CUST-109982,9,33.6,7.3,33,15
CUST-109983,5,16.7,11.6,1,43
CUST-109984,26,61.8,64.6,122,31
CUST-109985,14,35.0,12.8,150,36
CUST-109986,12,23.8,14.9,67,11
CUST-109987,5,32.1,14.9,7,6
CUST-109988,22,63.3,55.7,2562,0
CUST-109989,18,86.7,39.5,59,30
CUST-109990,22,91.9,106.9,95,11
CUST-109991,28,66.7,51.1,562,10
CUST-109992,9,10.2,20.7,75,41
CUST-109993,11,44.1,15.8,22,27
CUST-109994,4,36.2,14.2,6,29
CUST-109995,16,52.7,90.7,3355,32
CUST-109996,11,17.7,7.8,15,18
CUST-109997,6,17.6,13.5,99,10
CUST-109998,14,23.8,10.4,61,16
CUST-109999,12,32.8,10.5,107,35
CUST-110000,16,87.4,41.1,739,38
CUST-110001,4,40.6,21.8,91,42
CUST-110002,5,30.7,11.8,61,18
CUST-110003,12,25.9,16.6,113,43
CUST-110004,9,28.6,10.3,15,22
CUST-110005,28,92.8,80.1,131,19
CUST-110006,21,76.5,38.6,142,5
CUST-110007,26,93.5,53.0,128,11
CUST-110008,14,24.7,7.2,63,6
CUST-110009,10,27.8,17.3,45,5
CUST-110010,11,40.0,16.5,67,23
CUST-110011,21,52.6,29.0,1740,19
CUST-110012,12,20.1,19.7,36,0
CUST-110013,29,59.8,81.3,2764,38
CUST-110014,11,12.3,17.4,91,36
CUST-110015,1,10.1,5.1,88,33
CUST-110016,2,32.3,6.7,105,34
CUST-110017,2,37.2,6.9,105,31
CUST-110018,9,32.3,21.3,76,20
CUST-110019,23,86.2,59.3,126,15
CUST-110020,18,68.0,72.3,45,33
CUST-110021,5,30.7,16.0,129,24
CUST-110022,3,42.0,21.0,120,9
CUST-110023,10,10.1,6.3,120,21
CUST-110024,5,27.2,7.0,32,33
CUST-110025,27,50.2,63.2,26,43
CUST-110026,4,42.6,10.8,3,35
CUST-110027,4,29.2,9.0,46,23
CUST-110028,5,13.9,4.8,96,32
CUST-110029,9,20.6,15.7,149,32
CUST-110030,10,24.9,12.6,63,25
CUST-110031,5,17.8,13.4,137,40
CUST-110032,24,53.5,98.3,11,20
CUST-110033,20,65.3,38.5,1193,10
CUST-110034,4,34.3,18.5,135,41
CUST-110035,6,19.5,12.8,26,31
CUST-110036,24,82.8,25.3,24,0
CUST-110037,5,36.2,17.2,116,33
CUST-110038,26,52.3,92.3,77,10
CUST-110039,9,34.1,10.0,95,28
CUST-110040,19,92.9,107.2,5,19
CUST-110041,6,22.3,8.7,123,28
CUST-110042,13,43.9,8.2,17,38
CUST-110043,2,16.3,20.9,80,35
CUST-110044,10,33.6,10.8,75,43
CUST-110045,24,82.5,101.2,7792,32
CUST-110046,14,17.6,5.7,144,4
CUST-110047,28,58.4,26.5,1696,19
CUST-110048,12,38.8,18.9,86,18
CUST-110049,9,15.5,20.2,148,22
CUST-110050,9,17.0,19.5,1,6
CUST-110051,16,53.4,25.7,109,2
CUST-110052,8,33.5,6.0,128,11
CUST-110053,11,12.1,9.5,131,25
CUST-110054,8,18.6,17.8,18,18
CUST-110055,27,75.0,38.2,121,6
CUST-110056,19,94.2,80.2,3208,11
CUST-110057,7,12.4,8.4,34,6
CUST-110058,12,21.9,7.1,34,0
CUST-110059,20,76.0,61.0,1037,15
CUST-110060,11,24.1,14.4,93,20
CUST-110061,3,21.1,14.8,107,41
CUST-110062,12,29.5,11.1,50,15
CUST-110063,17,87.3,34.2,51,32
CUST-110064,12,13.0,14.8,148,29
CUST-110065,2,25.3,15.2,16,1
CUST-110066,15,63.7,107.1,1927,32
CUST-110067,17,54.6,90.9,78,6
CUST-110068,14,29.2,5.7,98,28
CUST-110069,17,75.2,46.6,19,42
CUST-110070,22,72.4,65.9,56,22
CUST-110071,18,93.8,51.1,40,4
CUST-110072,6,31.5,12.6,148,31
CUST-110073,3,10.6,14.9,27,7
CUST-110074,18,75.9,48.3,821,7
CUST-110075,28,65.0,77.1,4009,21
CUST-110076,19,75.4,81.7,43,15
CUST-110077,15,72.2,76.7,5,33
CUST-110078,2,33.5,4.2,78,24
CUST-110079,1,28.5,14.0,14,6
CUST-110080,10,39.3,5.4,14,10
CUST-110081,19,84.6,65.1,1952,16
CUST-110082,4,39.0,14.3,46,14
CUST-110083,27,79.4,51.8,115,16
CUST-110084,20,56.8,37.1,1521,0
CUST-110085,1,22.2,4.5,143,37
CUST-110086,15,88.6,30.4,851,43
CUST-110087,28,71.5,59.4,25,13
CUST-110088,16,82.8,31.4,596,6
CUST-110089,11,42.3,9.2,7,40
CUST-110090,28,69.6,98.7,2664,3
CUST-110091,4,44.3,21.3,93,1
CUST-110092,7,22.3,16.1,8,42
CUST-110093,2,11.3,16.6,114,17
CUST-110094,20,94.4,71.4,116,21
CUST-110095,5,12.1,14.7,10,42
CUST-110096,7,26.4,21.9,103,34
CUST-110097,26,85.9,106.4,74,18
CUST-110098,2,24.2,5.5,23,45
CUST-110099,3,19.3,16.6,96,23
CUST-110100,10,24.2,11.3,142,14
CUST-110101,22,91.0,45.2,2440,20
CUST-110102,11,18.5,15.1,110,35
CUST-110103,12,32.9,7.8,31,6
CUST-110104,12,20.6,11.5,55,29
CUST-110105,9,31.7,4.1,120,6
CUST-110106,5,13.3,18.2,2,41
CUST-110107,12,25.4,15.7,57,25
CUST-110108,11,42.7,17.7,46,7
CUST-110109,26,58.5,77.4,57,19
CUST-110110,18,50.9,93.5,128,20
CUST-110111,12,30.3,17.6,76,14
CUST-110112,15,93.5,35.0,77,17
CUST-110113,1,37.3,8.4,51,8
CUST-110114,7,34.7,14.6,115,31
CUST-110115,3,36.7,19.0,37,38
CUST-110116,1,10.5,18.7,49,24
CUST-110117,24,88.1,94.3,3866,14
CUST-110118,29,78.2,62.2,102,3
CUST-110119,15,86.3,65.9,71,1
CUST-110120,2,15.0,8.5,42,29
CUST-110121,3,40.1,16.8,70,21
CUST-110122,6,31.6,9.9,61,26
CUST-110123,21,75.4,54.2,60,24
CUST-110124,16,93.5,68.7,1374,39
CUST-110125,14,10.5,13.3,31,38
CUST-110126,5,27.8,6.0,4,10
CUST-110127,7,21.9,14.5,129,43
CUST-110128,12,41.3,14.5,103,37
CUST-110129,1,41.0,15.1,40,5
CUST-110130,14,34.5,13.3,41,10
CUST-110131,19,55.0,77.7,6138,10
CUST-110132,19,60.2,38.8,2910,19
CUST-110133,20,86.9,83.6,26,33
CUST-110134,14,15.9,15.1,131,2
CUST-110135,10,36.3,7.3,65,43
CUST-110136,28,59.8,41.7,78,17
CUST-110137,12,23.6,8.9,59,3
CUST-110138,17,62.3,100.9,56,34
CUST-110139,6,33.9,10.0,53,7
CUST-110140,26,67.2,49.9,848,20
CUST-110141,25,76.6,92.9,6131,37
CUST-110142,15,61.1,89.1,891,39
CUST-110143,11,29.4,6.6,11,25
CUST-110144,2,43.5,5.8,113,18
CUST-110145,17,72.0,52.3,2771,40
CUST-110146,12,24.5,10.3,0,22
CUST-110147,7,35.0,21.5,89,32
CUST-110148,19,76.7,59.2,2308,27
CUST-110149,2,44.4,12.4,13,1
CUST-110150,25,81.0,34.6,82,45
CUST-110151,19,63.7,75.2,2932,36
CUST-110152,15,51.1,44.2,140,35
CUST-110153,4,10.9,7.1,136,19
CUST-110154,16,61.9,34.2,60,10
CUST-110155,12,20.1,8.3,26,4
CUST-110156,29,53.8,88.8,4,15
CUST-110157,2,41.9,17.4,93,13
CUST-110158,3,43.9,7.1,70,8
CUST-110159,29,61.6,62.6,42,25
CUST-110160,6,24.9,13.8,111,20
CUST-110161,18,66.3,75.5,3926,33
CUST-110162,27,83.2,84.9,37,34
CUST-110163,9,12.6,9.6,73,21
CUST-110164,12,16.5,13.6,62,17
CUST-110165,4,41.2,21.9,119,31
CUST-110166,12,20.5,21.3,14,12
CUST-110167,7,18.9,21.5,42,31
CUST-110168,15,54.0,42.3,0,39
CUST-110169,7,33.9,19.2,119,5
CUST-110170,20,83.1,64.6,5038,25
CUST-110171,14,39.7,15.6,102,41
CUST-110172,28,93.0,66.0,726,11
CUST-110173,27,61.0,51.0,1581,1
CUST-110174,10,26.9,13.4,78,33
CUST-110175,3,41.7,16.4,41,45
CUST-110176,21,55.3,99.3,138,6
CUST-110177,6,14.1,16.3,100,8
CUST-110178,6,30.7,6.1,36,31
CUST-110179,12,14.3,10.4,35,30
CUST-110180,3,13.8,16.6,83,20
CUST-110181,7,37.8,16.7,114,25
CUST-110182,22,52.2,104.7,1047,3
CUST-110183,13,12.6,5.8,40,8
CUST-110184,18,75.6,36.8,99,13
CUST-110185,1,27.5,21.1,128,35
CUST-110186,29,63.1,82.2,60,43
CUST-110187,2,30.7,5.3,44,33
CUST-110188,18,93.2,62.4,2308,43
CUST-110189,18,58.8,99.8,115,0
CUST-110190,19,66.1,34.3,94,8
CUST-110191,18,74.6,59.7,4059,4
CUST-110192,25,67.5,93.8,1594,16
CUST-110193,4,22.4,7.1,53,42
CUST-110194,24,89.0,106.0,6254,18
CUST-110195,11,35.7,21.9,63,6
CUST-110196,8,16.5,14.5,57,21
CUST-110197,13,14.5,13.9,42,40
CUST-110198,10,29.2,18.5,24,20
CUST-110199,24,92.2,51.9,96,23
CUST-110200,3,40.9,20.2,67,9
CUST-110201,18,66.6,33.6,1075,4
CUST-110202,2,39.5,9.5,55,12
CUST-110203,7,33.0,8.4,141,38
CUST-110204,1,43.0,6.0,81,3
CUST-110205,7,10.1,15.6,115,29
CUST-110206,16,92.1,82.2,110,43
CUST-110207,1,22.0,11.7,72,30
CUST-110208,27,79.3,88.5,1858,34
CUST-110209,18,55.9,83.6,73,44
CUST-110210,9,21.6,19.2,63,13
CUST-110211,10,19.9,21.5,58,28
CUST-110212,23,51.5,77.1,126,26
CUST-110213,27,63.4,63.2,4929,19
CUST-110214,29,71.7,77.9,934,31
CUST-110215,21,74.5,80.7,807,4
CUST-110216,2,13.4,21.3,103,20
CUST-110217,14,31.5,12.3,8,27
CUST-110218,19,89.9,100.3,2607,40
CUST-110219,22,68.1,102.8,1028,34
CUST-110220,2,25.8,19.2,19,32
CUST-110221,16,86.2,87.3,80,20
CUST-110222,29,56.5,52.7,20,26
CUST-110223,10,42.3,10.5,84,44
CUST-110224,4,30.3,8.6,100,26
CUST-110225,7,27.8,8.2,45,17
CUST-110226,26,91.4,51.6,23,39
CUST-110227,28,84.8,74.9,55,21
CUST-110228,9,18.9,8.5,119,13
CUST-110229,28,81.6,42.4,1441,11
CUST-110230,18,62.1,46.5,39,17
CUST-110231,27,73.3,25.4,76,20
CUST-110232,16,80.6,64.8,842,8
CUST-110233,6,42.9,21.3,13,42
CUST-110234,4,18.1,7.3,125,13
CUST-110235,14,40.6,20.8,55,41
CUST-110236,9,26.5,17.5,91,14
CUST-110237,27,63.3,48.1,101,4
CUST-110238,18,65.1,41.2,1483,32
CUST-110239,7,35.6,9.5,76,28
CUST-110240,7,40.7,7.6,84,31
CUST-110241,6,38.2,7.3,58,9
CUST-110242,12,15.9,14.0,67,20
CUST-110243,29,76.3,29.8,41,22
CUST-110244,6,14.7,7.0,55,15
CUST-110245,1,19.9,16.6,8,21
CUST-110246,21,77.9,90.2,7216,44
CUST-110247,16,91.8,74.1,3630,45
CUST-110248,14,37.5,5.4,77,12
CUST-110249,29,79.9,36.2,51,44
CUST-110250,7,36.2,19.0,27,37
CUST-110251,1,11.8,4.9,65,24
CUST-110252,18,71.0,86.3,2589,22
CUST-110253,22,53.3,40.4,2,30
CUST-110254,6,19.4,10.7,139,21
CUST-110255,13,32.9,17.9,49,6
CUST-110256,14,15.6,10.7,92,24
CUST-110257,9,29.8,15.8,11,32
CUST-110258,12,31.1,13.0,133,35
CUST-110259,11,21.0,8.1,26,34
CUST-110260,28,65.9,64.6,4328,37
CUST-110261,14,18.2,13.0,119,17
CUST-110262,20,69.6,109.6,31,45
CUST-110263,27,50.5,109.8,60,6
CUST-110264,15,67.2,51.5,135,2
CUST-110265,11,33.8,6.1,99,36
CUST-110266,8,29.3,14.1,53,37
CUST-110267,20,51.6,92.9,6874,22
CUST-110268,13,15.8,16.9,135,23
CUST-110269,6,33.6,9.6,25,11
CUST-110270,12,21.3,21.8,34,33
CUST-110271,26,66.5,101.2,7387,11
CUST-110272,20,66.2,97.9,14,37
CUST-110273,11,20.7,12.3,81,36
CUST-110274,2,32.6,8.4,126,30
CUST-110275,5,10.3,5.2,118,23
CUST-110276,26,63.1,68.1,1225,21
CUST-110277,27,60.7,95.4,119,43
CUST-110278,10,24.8,15.3,3,19
CUST-110279,3,40.2,16.1,52,21
CUST-110280,23,57.6,45.6,48,44
CUST-110281,26,77.4,87.6,79,11
CUST-110282,6,40.0,6.0,10,17
CUST-110283,22,80.8,71.1,5,21
CUST-110284,26,65.3,50.9,126,4
CUST-110285,5,23.3,20.1,41,42
CUST-110286,23,79.2,88.3,4150,24
CUST-110287,21,54.7,100.2,5911,26
CUST-110288,5,10.5,13.1,113,4
CUST-110289,17,67.3,28.7,3,10
CUST-110290,4,31.3,4.5,103,18
CUST-110291,18,62.0,32.1,124,4
CUST-110292,9,13.8,10.8,97,16
CUST-110293,1,24.2,12.3,86,45
CUST-110294,1,13.8,10.8,97,33
CUST-110295,25,80.9,43.5,2218,34
CUST-110296,12,26.5,4.5,80,40
CUST-110297,11,36.3,6.4,119,30
CUST-110298,29,61.1,39.6,22,6
CUST-110299,9,42.9,11.4,112,18
CUST-110300,19,66.0,91.8,2,16
CUST-110301,4,30.6,15.8,7,6
CUST-110302,11,32.1,5.3,27,3
CUST-110303,1,37.5,6.4,145,11
CUST-110304,11,11.3,9.5,147,19
CUST-110305,13,37.5,16.3,89,27
CUST-110306,4,12.5,18.3,2,25
CUST-110307,16,86.5,57.3,148,1
CUST-110308,22,57.7,90.8,136,42
CUST-110309,3,12.1,16.9,9,25
CUST-110310,28,89.6,37.5,15,2
CUST-110311,22,60.0,84.8,24,20
CUST-110312,7,22.3,9.7,142,3
CUST-110313,24,76.7,68.7,755,30
CUST-110314,6,20.2,21.9,129,11
CUST-110315,10,27.4,18.7,58,27
CUST-110316,17,94.4,25.2,38,32
CUST-110317,26,70.4,105.8,118,31
CUST-110318,22,84.8,61.1,1160,5
CUST-110319,5,17.9,10.4,97,24
CUST-110320,13,28.7,18.9,97,4
CUST-110321,5,10.8,6.2,87,17
CUST-110322,16,53.8,90.8,2360,10
CUST-110323,18,54.5,63.2,3033,9
CUST-110324,13,13.7,11.2,106,29
CUST-110325,24,75.3,106.5,25,8
CUST-110326,7,32.2,9.4,143,9
CUST-110327,29,65.0,78.9,2367,27
CUST-110328,16,80.4,37.0,141,44
CUST-110329,3,44.8,13.2,75,3
CUST-110330,17,62.8,60.9,140,25
CUST-110331,8,32.4,21.0,144,6
CUST-110332,1,13.1,19.0,28,15
CUST-110333,20,84.6,44.5,2225,36
CUST-110334,2,15.7,20.4,114,12
CUST-110335,13,42.7,9.8,7,17
CUST-110336,5,13.1,10.7,13,30
CUST-110337,27,67.5,44.1,1764,30
CUST-110338,23,61.3,99.1,3964,29
CUST-110339,15,53.6,85.8,3861,43
CUST-110340,8,23.6,15.2,4,38
CUST-110341,12,42.1,6.9,11,2
CUST-110342,17,69.2,90.3,119,26
CUST-110343,19,78.2,63.8,2934,27
CUST-110344,21,90.5,65.5,917,5
CUST-110345,4,18.4,11.1,13,12
CUST-110346,3,12.9,10.9,22,35
CUST-110347,26,85.9,98.1,17,38
CUST-110348,19,78.5,58.1,120,34
CUST-110349,16,76.9,103.0,25,1
CUST-110350,23,85.5,80.1,46,4
CUST-110351,11,35.2,15.1,44,34
CUST-110352,26,55.7,42.3,129,18
CUST-110353,23,71.9,67.0,52,42
CUST-110354,16,53.8,98.1,6670,45
CUST-110355,20,86.5,56.8,83,3
CUST-110356,29,60.2,107.2,9,40
CUST-110357,28,86.6,30.7,60,34
CUST-110358,9,27.2,4.9,148,15
CUST-110359,26,93.0,46.0,14,45
CUST-110360,23,56.5,48.7,3360,29
CUST-110361,15,65.3,51.6,2115,38
CUST-110362,14,24.3,7.3,77,12
CUST-110363,7,19.2,8.3,149,22
CUST-110364,15,73.3,88.2,882,21
CUST-110365,11,37.8,20.4,2,14
CUST-110366,4,14.9,11.6,3,8
CUST-110367,23,73.6,31.7,1299,0
CUST-110368,20,67.2,106.6,2984,12
CUST-110369,29,81.6,78.3,136,31
CUST-110370,6,39.2,11.1,132,38
CUST-110371,28,83.8,39.0,12,20
CUST-110372,9,34.6,5.8,2,21
CUST-110373,3,13.4,10.0,146,31
CUST-110374,25,82.2,73.1,142,15
CUST-110375,12,30.9,21.6,6,16
CUST-110376,12,39.1,13.3,141,15
CUST-110377,29,59.8,93.6,89,41
CUST-110378,16,75.0,30.4,75,10
CUST-110379,1,26.5,17.0,87,36
CUST-110380,10,16.7,15.4,14,3
CUST-110381,10,32.9,8.7,97,31
CUST-110382,5,34.0,15.3,65,38
CUST-110383,12,26.4,17.9,27,10
CUST-110384,6,36.1,4.9,98,0
CUST-110385,25,81.7,38.6,79,22
CUST-110386,10,22.3,15.7,30,21
CUST-110387,26,75.8,55.0,18,8
CUST-110388,4,16.1,10.0,98,18
CUST-110389,9,43.2,6.4,49,14
CUST-110390,13,20.8,6.7,134,37
CUST-110391,11,31.8,18.1,78,8
CUST-110392,9,25.7,5.3,91,31
CUST-110393,8,27.9,12.5,88,0
CUST-110394,6,34.2,8.5,134,23
CUST-110395,2,41.3,20.3,32,18
CUST-110396,28,54.8,33.6,24,31
CUST-110397,15,76.7,26.3,8,16
CUST-110398,14,32.9,9.0,123,32
CUST-110399,28,54.8,74.4,1488,24
CUST-110400,28,61.2,48.7,124,13
CUST-110401,20,55.7,30.7,1320,9
CUST-110402,18,73.5,62.4,119,44
CUST-110403,9,27.0,14.1,7,20
CUST-110404,4,41.7,10.2,110,32
CUST-110405,11,36.3,16.2,64,12
CUST-110406,18,50.9,32.5,1657,7
CUST-110407,6,32.3,15.8,82,20
CUST-110408,17,74.6,57.0,8,4
CUST-110409,28,94.5,55.4,1,19
CUST-110410,3,31.9,5.6,141,6
CUST-110411,4,43.7,6.5,74,39
CUST-110412,8,37.8,20.1,118,41
CUST-110413,8,23.8,18.0,9,24
CUST-110414,17,68.5,51.5,3399,43
CUST-110415,5,38.5,18.6,101,6
CUST-110416,18,69.1,91.0,4095,23
CUST-110417,12,15.5,4.6,113,22
CUST-110418,8,39.4,5.1,43,27
CUST-110419,12,31.8,21.4,3,6
CUST-110420,3,20.4,8.3,7,18
CUST-110421,3,12.5,21.6,66,37
CUST-110422,6,21.7,11.5,51,6
CUST-110423,4,22.1,16.4,137,11
CUST-110424,1,25.0,19.7,98,27
CUST-110425,15,80.5,32.5,148,8
CUST-110426,20,67.3,59.2,4203,25
CUST-110427,10,19.5,18.5,2,6
CUST-110428,20,54.7,67.5,120,4
CUST-110429,14,32.9,7.7,136,23
CUST-110430,24,84.6,72.5,5800,9
CUST-110431,15,74.5,106.0,44,10
CUST-110432,1,21.6,4.1,51,13
CUST-110433,5,27.6,17.8,148,38
CUST-110434,9,31.5,7.4,19,24
CUST-110435,4,19.7,18.7,138,41
CUST-110436,6,30.9,16.4,84,43
CUST-110437,3,27.1,20.2,38,34
CUST-110438,10,35.0,8.1,25,16
CUST-110439,3,42.5,12.6,137,39
CUST-110440,14,18.6,14.6,128,21
CUST-110441,12,34.4,4.4,65,30
CUST-110442,5,43.6,20.7,6,27
CUST-110443,13,23.8,14.4,93,1
CUST-110444,23,74.0,93.4,30,14
CUST-110445,22,87.2,49.2,27,33
CUST-110446,15,74.7,92.9,4737,0
CUST-110447,16,93.5,61.5,38,40
CUST-110448,3,12.0,20.8,99,31
CUST-110449,9,10.7,21.6,107,27
CUST-110450,23,62.9,66.4,47,0
CUST-110451,13,23.8,6.2,32,11
CUST-110452,25,82.7,68.8,1582,4
CUST-110453,7,27.1,16.6,67,42
CUST-110454,2,34.8,4.4,53,37
CUST-110455,6,14.5,13.2,51,28
CUST-110456,8,12.4,9.0,137,42
CUST-110457,27,60.2,57.1,2969,39
CUST-110458,9,22.8,13.1,141,8
CUST-110459,12,19.4,11.1,115,22
CUST-110460,1,42.0,13.6,7,4
CUST-110461,2,13.3,19.9,44,22
CUST-110462,21,94.5,72.0,4032,33
CUST-110463,7,34.9,4.8,46,31
CUST-110464,21,58.4,61.7,25,8
CUST-110465,4,14.8,4.1,83,24
CUST-110466,13,28.4,12.2,149,10
CUST-110467,20,71.1,91.4,5,31
CUST-110468,20,87.4,83.8,3938,6
CUST-110469,24,64.1,46.1,135,23
CUST-110470,12,11.9,15.1,69,11
CUST-110471,16,54.2,72.6,5445,2
CUST-110472,13,28.5,6.7,132,33
CUST-110473,9,24.0,20.3,39,16
CUST-110474,6,22.7,15.1,38,39
CUST-110475,2,23.2,5.1,135,13
CUST-110476,3,22.2,11.9,77,11
CUST-110477,5,29.3,5.3,14,41
CUST-110478,14,25.2,9.0,9,44
CUST-110479,2,22.4,13.0,124,23
CUST-110480,12,31.8,16.1,15,36
CUST-110481,29,89.0,26.0,149,9
CUST-110482,26,76.4,46.5,2790,36
CUST-110483,21,54.2,29.2,1635,1
CUST-110484,17,51.0,36.5,2920,36
CUST-110485,15,91.3,58.8,34,42
CUST-110486,3,30.8,15.0,67,11
CUST-110487,5,16.7,11.8,63,24
CUST-110488,15,83.0,70.3,3585,40
CUST-110489,28,70.2,44.7,16,27
CUST-110490,18,69.4,48.2,12,30
CUST-110491,28,69.6,29.8,67,17
CUST-110492,27,54.6,61.0,2562,26
CUST-110493,1,10.7,7.4,47,2
CUST-110494,27,86.9,79.5,6280,42
CUST-110495,4,12.2,18.2,101,28
CUST-110496,24,52.3,39.2,125,34
CUST-110497,24,81.1,75.4,15,17
CUST-110498,11,32.1,12.0,134,22
CUST-110499,26,91.4,77.8,3812,7
CUST-110500,18,52.1,57.4,127,13
CUST-110501,14,20.6,7.6,59,40
CUST-110502,17,75.3,36.2,76,37
CUST-110503,22,65.7,59.2,9,22
CUST-110504,15,57.4,26.7,70,21
CUST-110505,14,10.8,7.7,48,15
CUST-110506,4,27.7,5.9,138,0
CUST-110507,21,87.0,82.9,121,44
CUST-110508,10,26.8,4.3,110,39
CUST-110509,18,62.6,41.5,41,45
CUST-110510,26,82.6,52.5,1102,30
CUST-110511,2,37.6,14.2,86,37
CUST-110512,14,35.6,15.6,42,20
CUST-110513,23,57.9,94.4,1699,19
CUST-110514,20,58.5,73.4,4917,13
CUST-110515,2,31.0,18.1,95,20
CUST-110516,18,70.4,41.1,452,40
CUST-110517,21,91.7,76.2,4191,27
CUST-110518,5,27.6,13.5,135,37
CUST-110519,16,78.6,103.2,3715,27
CUST-110520,14,33.7,7.0,43,29
CUST-110521,24,65.6,33.4,1068,36
CUST-110522,20,77.5,100.4,122,30
CUST-110523,16,93.4,59.6,21,2
CUST-110524,21,90.3,34.7,126,7
CUST-110525,21,71.7,97.9,146,6
CUST-110526,9,24.8,8.6,142,14
CUST-110527,10,16.5,17.8,8,14
CUST-110528,11,44.5,14.1,7,37
CUST-110529,6,40.3,15.2,139,11
CUST-110530,22,86.0,65.7,139,11
CUST-110531,15,70.2,73.0,5,28
CUST-110532,12,20.2,16.3,37,40
CUST-110533,3,14.9,17.4,119,30
CUST-110534,12,37.7,16.2,33,38
CUST-110535,25,51.3,74.0,27,5
CUST-110536,9,24.1,17.1,0,29
CUST-110537,11,44.9,9.5,101,42
CUST-110538,2,37.2,15.6,29,6
CUST-110539,13,22.1,16.4,44,9
CUST-110540,1,31.4,19.7,117,7
CUST-110541,24,52.0,32.5,31,32
CUST-110542,12,33.6,14.9,38,37
CUST-110543,10,25.8,8.8,131,28
CUST-110544,20,88.6,50.8,2895,14
CUST-110545,21,69.3,44.0,1804,36
CUST-110546,12,44.1,17.1,41,4
CUST-110547,11,12.0,21.3,139,9
CUST-110548,14,30.1,14.3,35,33
CUST-110549,27,54.2,50.6,117,5
CUST-110550,13,32.9,14.4,131,41
CUST-110551,3,11.0,17.8,94,35
CUST-110552,18,62.8,93.7,2155,26
CUST-110553,14,21.5,9.5,55,24
CUST-110554,16,79.2,84.8,3392,4
CUST-110555,5,23.7,4.7,104,28
CUST-110556,10,38.7,7.8,53,5
CUST-110557,10,24.9,21.5,34,44
CUST-110558,11,14.6,18.0,122,20
CUST-110559,22,87.1,105.6,61,7
CUST-110560,10,11.3,13.0,53,28
CUST-110561,14,31.5,19.5,96,6
CUST-110562,27,77.2,81.4,6186,24
CUST-110563,21,65.2,68.4,47,36
CUST-110564,14,19.6,12.4,71,12
CUST-110565,9,19.7,19.4,57,44
CUST-110566,7,26.2,21.5,92,42
CUST-110567,11,38.7,6.6,66,22
CUST-110568,19,85.4,103.5,34,41
CUST-110569,10,11.1,19.0,72,29
CUST-110570,17,74.3,77.1,96,8
CUST-110571,25,83.3,89.0,20,23
CUST-110572,15,78.4,28.7,10,4
CUST-110573,4,11.6,12.2,22,25
CUST-110574,17,69.3,70.9,3828,14
CUST-110575,27,78.3,42.4,932,32
CUST-110576,17,79.2,36.4,1456,27
CUST-110577,15,80.4,40.6,1299,0
CUST-110578,25,79.9,97.7,2833,22
CUST-110579,10,26.3,15.7,40,31
CUST-110580,20,82.6,63.6,4324,35
CUST-110581,12,35.6,5.2,129,26
CUST-110582,13,12.6,10.1,74,32
CUST-110583,14,33.6,19.8,121,44
CUST-110584,3,43.7,16.8,85,18
CUST-110585,27,72.7,97.3,5,42
CUST-110586,14,11.6,19.4,113,14
CUST-110587,25,51.0,48.6,16,20
CUST-110588,9,16.3,5.2,50,36
CUST-110589,14,38.8,11.7,61,41
CUST-110590,26,54.8,39.0,585,14
CUST-110591,27,94.4,52.3,46,43
CUST-110592,29,70.9,92.3,7384,29
CUST-110593,16,50.8,83.8,93,4
CUST-110594,3,17.9,12.1,58,31
CUST-110595,26,78.6,107.5,108,42
CUST-110596,20,52.6,95.3,139,8
CUST-110597,16,82.3,51.8,1916,45
CUST-110598,29,86.7,67.0,2814,22
CUST-110599,13,15.3,7.3,41,13
CUST-110600,4,25.6,7.2,13,45
CUST-110601,16,66.2,85.5,4,10
CUST-110602,8,42.1,9.8,150,43
CUST-110603,20,75.7,37.7,93,18
CUST-110604,21,79.3,74.0,117,33
CUST-110605,15,86.8,102.0,6528,21
CUST-110606,12,19.2,9.7,35,41
CUST-110607,27,88.9,77.0,2849,1
CUST-110608,21,89.6,53.0,101,30
CUST-110609,23,50.0,106.1,3395,37
CUST-110610,22,67.6,65.3,90,44
CUST-110611,25,60.4,49.5,940,13
CUST-110612,13,12.7,6.4,22,32
CUST-110613,19,62.9,35.4,107,24
CUST-110614,15,65.8,72.7,14,0
CUST-110615,2,31.9,19.4,104,12
CUST-110616,21,84.0,55.0,24,34
CUST-110617,17,51.3,97.0,41,23
CUST-110618,15,68.0,104.6,49,37
CUST-110619,25,74.6,38.7,890,5
CUST-110620,7,43.5,18.3,54,11
CUST-110621,14,29.2,19.4,126,23
CUST-110622,29,63.7,84.0,2520,32
CUST-110623,5,37.9,6.9,63,36
CUST-110624,22,64.3,107.7,102,13
CUST-110625,9,43.8,18.3,100,31
CUST-110626,11,19.5,5.0,111,8
CUST-110627,7,22.6,11.8,139,10
CUST-110628,7,38.9,14.4,56,16
CUST-110629,18,53.8,90.6,8,14
CUST-110630,7,35.2,21.9,10,25
CUST-110631,7,33.8,16.1,10,27
CUST-110632,7,26.5,18.4,35,4
CUST-110633,2,11.1,15.7,100,20
CUST-110634,25,54.2,47.4,3697,20
CUST-110635,2,23.4,4.2,91,38
CUST-110636,2,37.9,12.8,29,40
CUST-110637,14,37.6,10.9,127,11
CUST-110638,13,42.0,7.1,136,44
CUST-110639,1,40.9,4.4,1,37
CUST-110640,19,89.1,33.2,14,22
CUST-110641,3,17.2,14.1,111,4
CUST-110642,17,81.2,84.7,136,23
CUST-110643,8,20.0,11.1,72,23
CUST-110644,1,16.1,12.9,22,40
CUST-110645,5,41.6,14.2,112,22
CUST-110646,13,12.1,10.8,97,3
CUST-110647,20,81.0,98.6,103,5
CUST-110648,22,80.7,93.4,4483,41
CUST-110649,15,65.4,38.3,43,36
CUST-110650,13,16.8,13.3,102,8
CUST-110651,2,19.5,15.1,121,0
CUST-110652,29,93.6,50.6,1214,14
CUST-110653,7,21.3,19.4,61,12
CUST-110654,10,30.2,5.6,66,5
CUST-110655,23,67.4,106.5,82,17
CUST-110656,28,93.8,61.5,3751,15
CUST-110657,14,29.2,20.9,79,21
CUST-110658,27,51.9,101.6,2641,19
CUST-110659,4,11.9,19.1,107,26
CUST-110660,4,32.6,19.4,73,20
CUST-110661,6,38.5,17.1,21,4
CUST-110662,10,17.6,19.6,92,31
CUST-110663,17,66.8,54.8,2137,29
CUST-110664,23,72.0,63.7,3885,3
CUST-110665,21,73.0,40.0,1000,1
CUST-110666,18,85.1,96.9,65,31
CUST-110667,7,17.9,19.5,55,38
CUST-110668,11,39.2,4.6,79,22
CUST-110669,27,68.9,79.9,43,2
CUST-110670,19,79.1,100.1,7207,2
CUST-110671,11,44.2,20.6,101,30
CUST-110672,12,18.1,17.6,67,40
CUST-110673,8,10.1,18.7,21,31
CUST-110674,20,72.3,34.9,1361,28
CUST-110675,3,20.6,6.4,130,34
CUST-110676,24,84.4,69.7,63,12
CUST-110677,12,10.1,19.5,65,6
CUST-110678,11,40.4,10.2,47,30
CUST-110679,2,36.9,21.8,2,16
CUST-110680,5,14.7,18.1,77,7
CUST-110681,4,34.7,9.7,68,22
CUST-110682,23,85.2,76.4,2444,25
CUST-110683,21,68.7,78.9,24,25
CUST-110684,8,18.4,9.5,144,35
CUST-110685,7,32.5,21.2,120,44
CUST-110686,26,78.1,60.4,4046,9
CUST-110687,14,23.0,19.8,20,7
CUST-110688,5,20.9,15.7,140,30
CUST-110689,15,73.0,38.8,1823,37
CUST-110690,2,26.9,7.7,140,30
CUST-110691,10,40.5,6.9,113,36
CUST-110692,3,42.5,4.1,135,34
CUST-110693,11,20.8,11.4,32,28
CUST-110694,8,26.3,15.6,79,19
CUST-110695,4,12.8,4.4,18,34
CUST-110696,15,91.9,73.2,5563,16
CUST-110697,4,28.4,16.1,112,33
CUST-110698,8,13.6,4.4,52,6
CUST-110699,25,51.3,56.4,4512,15
CUST-110700,1,39.9,15.2,77,35
CUST-110701,14,20.9,6.5,82,16
CUST-110702,10,12.8,7.5,37,27
CUST-110703,9,15.6,10.9,64,8
CUST-110704,17,92.5,27.6,414,31
CUST-110705,10,12.4,14.4,115,8
CUST-110706,2,38.4,16.7,120,3
CUST-110707,12,28.1,4.6,57,2
CUST-110708,3,35.1,7.6,100,33
CUST-110709,13,36.9,19.6,37,42
CUST-110710,23,54.6,95.7,63,28
CUST-110711,5,37.2,8.7,57,15
CUST-110712,13,17.9,7.4,30,36
CUST-110713,6,28.2,14.0,149,41
CUST-110714,2,25.3,6.1,141,5
CUST-110715,14,26.7,13.6,77,5
CUST-110716,18,76.8,38.8,25,29
CUST-110717,16,94.2,90.4,1536,26
CUST-110718,6,32.3,15.1,72,1
CUST-110719,11,12.8,10.4,33,11
CUST-110720,6,37.7,20.7,11,43
CUST-110721,4,35.1,6.0,94,18
CUST-110722,10,41.8,17.3,59,30
CUST-110723,24,88.1,30.8,123,44
CUST-110724,13,34.7,17.3,80,1
CUST-110725,19,85.5,82.8,26,7
CUST-110726,15,59.6,33.5,2546,1
CUST-110727,15,71.6,71.9,14,12
CUST-110728,5,17.9,9.7,83,6
CUST-110729,25,90.2,63.4,1331,28
CUST-110730,21,55.8,96.9,125,1
CUST-110731,20,63.2,102.5,3690,35
CUST-110732,15,89.0,43.4,2083,23
CUST-110733,5,14.3,6.4,26,21
CUST-110734,13,12.8,15.1,106,30
CUST-110735,6,25.9,7.6,145,16
CUST-110736,2,12.2,8.6,60,42
CUST-110737,6,25.2,18.7,74,43
CUST-110738,26,71.3,58.7,2641,38
CUST-110739,22,55.7,57.8,3757,45
CUST-110740,1,16.9,19.3,105,36
CUST-110741,21,75.6,62.9,2138,25
CUST-110742,5,32.0,6.0,63,3
CUST-110743,6,22.9,5.6,110,10
CUST-110744,12,45.0,17.5,23,20
CUST-110745,7,43.0,4.8,70,12
CUST-110746,29,92.1,109.5,3832,42
CUST-110747,6,20.2,20.1,90,23
CUST-110748,7,17.9,21.7,61,14
CUST-110749,21,89.4,28.9,77,24
CUST-110750,18,77.2,96.9,19,26
CUST-110751,17,82.0,103.6,2072,37
CUST-110752,7,18.4,9.4,31,12
CUST-110753,3,22.5,19.0,79,26
CUST-110754,27,68.5,26.2,786,39
CUST-110755,23,94.7,94.2,33,27
CUST-110756,11,32.3,4.6,50,15
CUST-110757,28,66.1,59.7,3582,19
CUST-110758,1,25.2,17.4,48,3
CUST-110759,10,41.4,21.5,24,37
CUST-110760,3,31.6,17.4,78,26
CUST-110761,21,66.9,52.9,33,42
CUST-110762,1,17.3,8.7,97,8
CUST-110763,18,53.8,79.0,0,33
CUST-110764,11,44.8,20.1,8,39
CUST-110765,4,38.8,20.9,19,39
CUST-110766,5,29.3,15.5,91,25
CUST-110767,13,24.4,17.9,131,30
CUST-110768,25,51.9,48.5,3783,23
CUST-110769,9,20.3,7.7,21,12
CUST-110770,3,27.0,4.9,103,25
CUST-110771,7,20.4,15.9,68,26
CUST-110772,9,19.9,8.6,123,30
CUST-110773,15,74.8,79.8,35,40
CUST-110774,3,37.6,7.2,84,1
CUST-110775,3,31.2,15.9,52,40
CUST-110776,19,92.1,84.7,130,28
CUST-110777,9,37.5,4.3,134,43
CUST-110778,12,39.9,13.7,88,9
CUST-110779,1,22.3,15.5,85,16
CUST-110780,8,14.9,10.1,138,37
CUST-110781,7,11.6,6.5,100,3
CUST-110782,5,26.5,13.3,94,31
CUST-110783,6,10.3,12.0,100,32
CUST-110784,22,62.9,39.7,73,32
CUST-110785,13,11.4,9.1,17,41
CUST-110786,1,38.9,20.2,65,36
CUST-110787,26,64.2,99.8,19,36
CUST-110788,14,30.2,13.4,16,41
CUST-110789,1,11.2,6.9,55,32
CUST-110790,19,92.1,66.0,11,36
CUST-110791,26,78.1,76.7,67,0
CUST-110792,6,44.5,8.0,74,13
CUST-110793,24,93.9,30.4,820,30
CUST-110794,8,32.1,19.4,104,2
CUST-110795,2,44.1,10.0,15,4
CUST-110796,12,42.8,17.6,129,37
CUST-110797,16,62.7,104.8,5449,29
CUST-110798,11,16.5,21.6,59,16
CUST-110799,13,38.4,7.2,56,33
CUST-110800,5,39.1,21.1,135,44
CUST-110801,27,89.4,63.5,129,39
CUST-110802,7,38.6,11.0,66,16
CUST-110803,5,37.1,21.1,53,41
CUST-110804,14,38.7,14.2,20,33
CUST-110805,9,24.3,14.9,97,32
CUST-110806,10,16.5,16.2,82,7
CUST-110807,3,36.5,11.4,36,22
CUST-110808,6,40.9,11.8,62,30
CUST-110809,8,10.5,21.5,45,34
CUST-110810,4,12.8,12.2,2,19
CUST-110811,4,15.2,4.5,102,6
CUST-110812,8,22.2,13.4,102,8
CUST-110813,16,64.6,44.3,45,40
CUST-110814,1,40.6,16.9,38,2
CUST-110815,8,34.5,19.2,84,22
CUST-110816,16,72.4,103.2,107,22
CUST-110817,11,12.5,4.6,14,40
CUST-110818,3,11.8,7.4,111,25
CUST-110819,11,25.1,4.2,127,35
CUST-110820,18,74.5,60.2,1565,42
CUST-110821,13,13.6,9.1,15,39
CUST-110822,7,16.7,6.8,119,17
CUST-110823,21,65.0,109.3,5902,42
CUST-110824,25,94.0,68.2,30,28
CUST-110825,25,54.6,104.9,5454,6
CUST-110826,24,56.1,100.7,6444,24
CUST-110827,23,66.2,72.1,134,0
CUST-110828,22,78.5,57.3,16,3
CUST-110829,8,22.2,6.8,6,40
CUST-110830,11,10.8,19.9,94,11
CUST-110831,15,62.5,86.1,3616,31
CUST-110832,9,31.8,15.6,6,37
CUST-110833,19,93.0,69.0,1932,37
CUST-110834,9,39.8,10.2,75,23
CUST-110835,13,19.7,7.9,132,45
CUST-110836,25,71.3,109.0,51,18
CUST-110837,21,92.3,52.1,20,35
CUST-110838,19,78.0,95.4,7155,24
CUST-110839,14,44.0,17.1,104,5
CUST-110840,20,58.4,88.3,2030,40
CUST-110841,3,28.7,21.9,97,16
CUST-110842,20,57.0,75.0,24,10
CUST-110843,12,36.9,14.5,121,4
CUST-110844,29,54.9,38.6,2624,6
CUST-110845,7,35.3,5.1,2,45
CUST-110846,13,32.9,10.3,64,45
CUST-110847,4,16.3,19.4,121,15
CUST-110848,8,38.8,21.7,16,20
CUST-110849,2,33.8,10.4,101,3
CUST-110850,5,24.2,6.1,53,39
CUST-110851,17,81.2,62.4,73,42
CUST-110852,16,67.7,72.9,3790,30
CUST-110853,22,71.7,27.6,469,17
CUST-110854,10,13.1,9.2,41,11
CUST-110855,4,18.7,14.8,119,5
CUST-110856,26,63.0,84.2,75,15
CUST-110857,16,77.5,70.6,1129,6
CUST-110858,2,24.6,10.2,111,22
CUST-110859,26,68.2,42.5,892,42
CUST-110860,13,30.7,8.5,43,19
CUST-110861,28,71.1,69.7,2578,26
CUST-110862,7,29.4,5.6,9,23
CUST-110863,22,65.8,103.1,141,3
CUST-110864,11,35.9,4.6,41,44
CUST-110865,22,92.9,78.0,38,15
CUST-110866,6,44.6,4.1,93,8
CUST-110867,18,88.3,57.5,2875,40
CUST-110868,18,84.0,33.6,1276,43
CUST-110869,20,55.6,56.1,98,33
CUST-110870,7,15.6,19.1,52,27
CUST-110871,18,60.7,102.6,2359,10
CUST-110872,17,82.2,55.3,70,9
CUST-110873,6,32.4,6.9,146,16
CUST-110874,28,54.8,52.9,102,7
CUST-110875,9,16.2,4.8,146,27
CUST-110876,12,19.1,4.5,66,39
CUST-110877,11,34.0,6.0,1,25
CUST-110878,19,68.5,46.1,104,9
CUST-110879,16,56.5,94.3,6978,0
CUST-110880,8,29.1,9.4,122,11
CUST-110881,24,57.5,81.1,86,28
CUST-110882,25,76.9,72.1,40,38
CUST-110883,1,12.1,13.4,90,15
CUST-110884,20,94.2,25.2,140,37
CUST-110885,2,12.6,20.1,143,37
CUST-110886,25,72.1,72.0,5184,9
CUST-110887,28,66.3,50.8,97,18
CUST-110888,4,13.1,19.3,16,45
CUST-110889,20,61.6,50.7,23,26
CUST-110890,6,13.2,15.6,145,34
CUST-110891,10,33.0,9.7,85,43
CUST-110892,10,19.5,17.8,22,43
CUST-110893,13,10.9,10.3,65,8
CUST-110894,21,77.9,70.8,142,6
CUST-110895,29,51.0,71.6,4152,16
CUST-110896,15,87.3,99.6,141,18
CUST-110897,8,24.6,9.6,96,22
CUST-110898,3,29.4,6.2,98,3
CUST-110899,3,42.3,4.5,111,0
CUST-110900,25,87.1,62.3,2678,22
CUST-110901,14,34.0,11.9,148,41
CUST-110902,11,37.5,15.7,62,20
CUST-110903,13,15.6,5.8,98,10
CUST-110904,28,67.5,43.5,1957,44
CUST-110905,8,29.2,21.2,107,42
CUST-110906,3,14.2,10.4,95,10
CUST-110907,7,29.1,7.2,34,14
CUST-110908,19,81.2,55.0,935,22
CUST-110909,6,38.5,9.3,13,1
CUST-110910,6,18.3,20.2,110,43
CUST-110911,28,77.0,88.0,53,36
CUST-110912,2,28.1,9.3,16,29
CUST-110913,16,89.3,83.6,147,26
CUST-110914,17,56.5,90.3,3070,1
CUST-110915,21,87.9,66.2,4369,37
CUST-110916,26,93.4,67.9,1290,36
CUST-110917,22,94.6,75.9,136,38
CUST-110918,13,22.6,20.1,90,29
CUST-110919,8,16.6,19.2,71,11
CUST-110920,6,35.5,10.7,49,35
CUST-110921,8,13.0,7.0,92,36
CUST-110922,18,79.7,57.0,3477,41
CUST-110923,29,58.8,34.8,140,27
CUST-110924,5,43.3,12.0,99,29
CUST-110925,1,16.2,14.8,38,43
CUST-110926,17,79.7,28.6,629,5
CUST-110927,11,16.3,10.4,20,17
CUST-110928,20,79.8,77.5,75,31
CUST-110929,3,17.6,8.9,66,18
CUST-110930,2,26.6,13.3,126,9
CUST-110931,2,36.7,4.6,14,45
CUST-110932,1,25.0,8.7,83,1
CUST-110933,25,55.2,43.7,2884,31
CUST-110934,5,33.1,13.3,19,3
CUST-110935,9,31.4,11.0,56,40
CUST-110936,12,25.2,21.3,121,45
CUST-110937,24,58.5,79.7,1992,28
CUST-110938,22,57.8,71.9,2,39
CUST-110939,25,64.3,32.6,2347,43
CUST-110940,28,86.2,99.3,21,34
CUST-110941,15,62.3,36.6,139,28
CUST-110942,25,91.1,44.7,3218,21
CUST-110943,15,70.7,39.6,109,5
CUST-110944,25,74.2,78.3,1096,31
CUST-110945,27,67.4,67.4,93,29
CUST-110946,2,25.5,17.6,88,35
CUST-110947,16,72.9,92.9,90,3
CUST-110948,16,90.0,91.3,4930,36
CUST-110949,5,15.5,7.1,6,33
CUST-110950,13,32.0,13.3,31,31
CUST-110951,6,44.4,14.7,56,34
CUST-110952,12,38.0,12.3,30,10
CUST-110953,27,50.4,42.6,3024,13
CUST-110954,28,91.3,69.6,2088,22
CUST-110955,10,21.9,8.0,43,4
CUST-110956,7,30.8,21.1,56,31
CUST-110957,9,25.3,15.1,20,2
CUST-110958,19,59.4,52.5,54,39
CUST-110959,14,25.8,6.2,55,33
CUST-110960,1,28.4,20.1,107,39
CUST-110961,11,41.6,5.4,1,15
CUST-110962,24,51.7,108.7,3261,0
CUST-110963,1,31.6,17.6,34,33
CUST-110964,8,13.7,15.7,16,16
CUST-110965,14,32.4,13.4,113,4
CUST-110966,2,44.6,15.2,87,41
CUST-110967,13,43.7,10.9,121,30
CUST-110968,13,22.9,11.8,68,33
CUST-110969,9,43.4,5.2,143,20
CUST-110970,17,76.5,65.7,81,35
CUST-110971,7,25.4,16.2,127,25
CUST-110972,3,42.6,20.7,22,19
CUST-110973,2,12.1,15.6,150,35
CUST-110974,25,92.1,50.9,104,2
CUST-110975,29,63.4,100.5,7839,28
CUST-110976,13,17.4,10.6,131,3
CUST-110977,2,39.7,16.4,52,9
CUST-110978,7,44.1,6.8,24,23
CUST-110979,11,32.3,14.3,86,43
CUST-110980,17,74.0,75.9,1973,24
CUST-110981,29,90.1,79.5,43,9
CUST-110982,24,94.8,70.1,1191,24
CUST-110983,7,19.6,7.5,49,25
CUST-110984,19,86.7,71.2,135,36
CUST-110985,17,71.8,58.9,148,11
CUST-110986,20,59.8,45.6,92,42
CUST-110987,25,84.6,85.9,120,3
CUST-110988,20,73.9,47.3,94,19
CUST-110989,18,91.2,87.8,91,45
CUST-110990,27,90.4,69.8,129,16
CUST-110991,10,18.4,4.4,25,12
CUST-110992,27,87.6,76.0,145,23
CUST-110993,11,37.9,11.3,113,1
CUST-110994,10,21.6,20.3,101,14
CUST-110995,29,55.4,103.2,5,31
CUST-110996,3,42.9,20.9,125,10
CUST-110997,5,35.5,6.7,9,18
CUST-110998,12,31.9,12.8,125,5
CUST-110999,29,84.3,97.1,4078,44
CUST-111000,12,15.1,20.6,8,35
CUST-111001,16,60.0,108.9,4247,39
CUST-111002,13,36.2,7.4,68,45
CUST-111003,2,39.4,10.3,46,39
CUST-111004,3,36.4,14.7,91,15
CUST-111005,8,15.7,15.6,129,27
CUST-111006,3,42.7,17.0,83,32
CUST-111007,11,37.4,12.4,40,35
CUST-111008,2,20.4,12.4,100,14
CUST-111009,10,44.6,20.3,81,33
CUST-111010,29,85.8,26.7,1895,6
CUST-111011,25,54.0,108.3,6606,37
CUST-111012,23,53.3,61.0,129,11
CUST-111013,5,30.6,20.0,45,22
CUST-111014,25,57.5,104.2,2,15
CUST-111015,2,23.5,11.5,93,31
CUST-111016,12,34.5,20.5,28,40
CUST-111017,26,54.5,34.7,46,27
CUST-111018,5,23.6,5.3,63,41
CUST-111019,3,14.0,19.8,56,10
CUST-111020,15,63.5,25.4,787,24
CUST-111021,13,24.0,13.7,29,0
CUST-111022,17,57.4,108.4,5636,33
CUST-111023,14,38.0,5.7,109,10
CUST-111024,18,55.4,109.2,8736,36
CUST-111025,1,27.0,4.9,8,32
CUST-111026,21,93.5,95.5,4393,35
CUST-111027,28,78.3,44.9,2155,5
CUST-111028,24,93.2,30.9,84,24
CUST-111029,22,65.1,54.0,9,18
CUST-111030,24,51.6,28.1,31,27
CUST-111031,12,13.0,15.8,142,27
CUST-111032,27,83.7,41.3,495,32
CUST-111033,5,23.8,19.4,36,13
CUST-111034,4,38.2,20.1,72,4
CUST-111035,20,75.6,74.0,3922,27
CUST-111036,22,51.0,35.1,2702,7
CUST-111037,20,64.3,35.6,1993,3
CUST-111038,3,38.5,5.3,28,38
CUST-111039,20,58.6,82.6,95,12
CUST-111040,19,54.5,90.4,5695,20
CUST-111041,10,40.6,18.7,138,26
CUST-111042,8,30.3,10.8,68,43
CUST-111043,22,61.6,57.5,89,5
CUST-111044,17,81.3,51.4,771,14
CUST-111045,9,34.8,21.0,81,32
CUST-111046,8,30.9,13.4,123,5
CUST-111047,5,10.9,19.2,8,22
CUST-111048,3,35.3,8.4,148,27
CUST-111049,6,43.5,16.5,24,38
CUST-111050,28,89.1,105.0,5985,29
CUST-111051,15,70.3,49.0,1225,45
CUST-111052,12,12.1,4.0,110,13
CUST-111053,11,36.7,4.7,19,37
CUST-111054,12,32.5,7.2,98,6
CUST-111055,14,16.3,10.6,111,27
CUST-111056,23,93.8,50.7,912,13
CUST-111057,17,89.1,69.3,118,34
CUST-111058,1,13.0,18.7,28,10
CUST-111059,16,50.1,92.4,101,10
CUST-111060,4,31.4,8.2,12,0
CUST-111061,9,40.7,15.0,36,38
CUST-111062,24,80.5,27.5,8,1
CUST-111063,5,40.2,19.6,116,23
CUST-111064,15,72.7,87.4,5506,25
CUST-111065,1,20.0,8.6,58,37
CUST-111066,9,37.6,11.1,109,3
CUST-111067,11,35.9,9.1,120,15
CUST-111068,1,26.7,20.7,30,19
CUST-111069,25,58.4,56.5,108,28
CUST-111070,13,36.4,6.1,58,7
CUST-111071,12,42.5,20.9,44,40
CUST-111072,17,88.1,52.8,15,1
CUST-111073,26,54.1,89.5,76,32
CUST-111074,22,57.9,42.1,2526,17
CUST-111075,12,42.7,4.1,67,5
CUST-111076,16,56.8,69.0,52,26
CUST-111077,21,75.4,84.2,4546,36
CUST-111078,19,75.6,44.6,2943,24
CUST-111079,16,66.9,77.4,2012,41
CUST-111080,12,14.0,21.9,71,8
CUST-111081,17,94.7,109.4,15,15
CUST-111082,14,17.3,17.5,17,37
CUST-111083,24,58.7,44.6,81,37
CUST-111084,12,10.8,6.3,104,27
CUST-111085,21,66.9,57.5,2070,45
CUST-111086,18,58.5,29.4,1558,15
CUST-111087,25,79.7,59.2,1302,2
CUST-111088,10,17.6,13.3,109,28
CUST-111089,5,18.9,9.6,52,42
CUST-111090,17,93.5,52.9,2433,17
CUST-111091,28,53.6,34.5,19,1
CUST-111092,11,17.7,8.6,71,7
CUST-111093,8,12.9,5.1,89,33
CUST-111094,11,22.7,6.4,104,22
CUST-111095,23,91.9,29.3,84,19
CUST-111096,21,60.8,26.8,40,29
CUST-111097,9,11.7,12.6,137,3
CUST-111098,23,64.5,35.3,92,21
CUST-111099,26,86.2,62.9,629,39
CUST-111100,29,78.1,36.7,2055,2
CUST-111101,12,38.6,17.9,115,40
CUST-111102,19,88.1,57.6,1900,5
CUST-111103,6,20.8,19.8,109,39
CUST-111104,16,90.4,96.3,3274,2
CUST-111105,14,12.5,11.9,83,26
CUST-111106,13,14.8,9.4,104,6
CUST-111107,3,19.3,17.3,51,13
CUST-111108,2,15.7,8.1,90,25
CUST-111109,9,29.4,15.0,12,37
CUST-111110,11,35.0,10.6,121,13
CUST-111111,23,90.1,98.6,5521,29
CUST-111112,13,32.3,11.1,6,30
CUST-111113,23,86.3,104.3,149,10
CUST-111114,1,16.8,7.5,26,29
CUST-111115,17,66.6,102.3,28,39
CUST-111116,20,61.6,106.7,0,42
CUST-111117,2,31.2,15.7,114,0
CUST-111118,7,25.2,13.3,26,21
CUST-111119,3,19.4,18.5,73,13
CUST-111120,2,30.4,4.5,72,3
CUST-111121,1,24.1,17.3,3,4
CUST-111122,20,95.0,80.2,1844,11
CUST-111123,1,17.6,18.5,51,34
CUST-111124,14,43.0,21.3,103,45
CUST-111125,3,16.8,10.8,16,5
CUST-111126,4,44.1,14.9,25,23
CUST-111127,2,13.2,18.2,53,7
CUST-111128,24,72.9,101.9,13,11
CUST-111129,24,83.4,76.2,86,7
CUST-111130,2,42.5,14.4,111,41
CUST-111131,1,38.5,10.5,60,32
CUST-111132,22,53.0,56.8,137,30
CUST-111133,1,44.0,5.9,67,35
CUST-111134,3,30.1,5.3,104,5
CUST-111135,23,85.3,75.7,36,13
CUST-111136,27,80.8,97.8,16,12
CUST-111137,14,20.6,15.5,83,33
CUST-111138,22,75.8,34.0,35,1
CUST-111139,8,44.3,6.7,14,39
CUST-111140,5,39.8,6.7,0,4
CUST-111141,2,21.4,11.5,114,28
CUST-111142,16,65.1,47.0,1128,5
CUST-111143,8,10.8,6.4,87,45
CUST-111144,25,80.9,70.5,81,38
CUST-111145,12,41.4,20.5,113,20
CUST-111146,6,26.3,17.1,97,31
CUST-111147,7,36.9,19.9,2,19
CUST-111148,15,62.7,66.0,105,10
CUST-111149,12,30.2,14.8,61,39
CUST-111150,4,18.5,4.9,147,13
CUST-111151,14,39.1,14.0,88,43
CUST-111152,9,40.0,16.1,18,24
CUST-111153,1,15.7,11.8,95,30
CUST-111154,27,51.7,73.5,5512,19
CUST-111155,15,64.9,30.7,51,38
CUST-111156,14,27.5,12.8,129,30
CUST-111157,6,24.6,14.4,125,44
CUST-111158,20,93.8,47.0,2115,26
CUST-111159,2,36.7,9.2,84,30
CUST-111160,3,35.5,16.4,15,27
CUST-111161,4,12.7,18.5,127,7
CUST-111162,3,37.6,11.4,10,42
CUST-111163,1,39.8,20.1,50,12
CUST-111164,23,79.5,31.2,147,28
CUST-111165,19,57.1,69.0,141,45
CUST-111166,11,23.9,17.1,23,16
CUST-111167,10,29.2,5.0,80,4
CUST-111168,1,10.1,16.3,32,11
CUST-111169,1,15.8,15.7,59,32
CUST-111170,17,50.3,98.2,7168,13
CUST-111171,18,65.9,96.3,150,11
CUST-111172,14,36.3,5.0,2,44
CUST-111173,26,79.7,43.2,44,8
CUST-111174,27,57.7,38.8,2056,21
CUST-111175,10,41.7,17.5,22,21
CUST-111176,3,37.4,5.3,72,27
CUST-111177,18,88.1,59.6,4112,23
CUST-111178,7,43.2,8.2,59,7
CUST-111179,9,18.4,12.3,127,9
CUST-111180,3,32.9,20.0,8,4
CUST-111181,7,43.4,15.2,7,13
CUST-111182,25,57.0,85.8,4375,38
CUST-111183,10,27.1,9.4,8,30
CUST-111184,13,26.6,8.7,113,18
CUST-111185,13,37.2,12.8,111,0
CUST-111186,4,39.0,4.2,118,4
CUST-111187,16,94.0,37.0,1665,44
CUST-111188,3,11.4,13.4,129,18
CUST-111189,22,61.2,86.3,3365,35
CUST-111190,5,23.9,10.6,148,0
CUST-111191,17,80.2,25.7,129,41
CUST-111192,26,79.8,59.1,143,5
CUST-111193,21,56.3,30.5,59,2
CUST-111194,17,93.1,29.5,796,8
CUST-111195,4,37.8,21.3,131,24
CUST-111196,9,32.4,21.9,147,9
CUST-111197,11,19.5,8.4,123,41
CUST-111198,4,15.0,20.5,46,23
CUST-111199,15,73.4,66.7,44,28
CUST-111200,26,81.7,59.7,17,15
CUST-111201,29,69.4,25.2,982,0
CUST-111202,28,78.7,40.8,100,20
CUST-111203,14,38.1,14.1,85,30
CUST-111204,8,22.3,9.4,51,24
CUST-111205,3,25.2,20.6,53,20
CUST-111206,6,42.4,5.8,91,9
CUST-111207,17,77.1,67.0,1809,26
CUST-111208,15,93.7,70.0,92,37
CUST-111209,12,27.4,11.7,39,26
CUST-111210,10,28.5,16.2,89,19
CUST-111211,29,71.4,63.6,1272,26
CUST-111212,16,67.6,87.1,3222,25
CUST-111213,13,27.0,15.2,96,27
CUST-111214,9,16.8,16.9,121,19
CUST-111215,13,37.8,17.0,145,31
CUST-111216,11,37.9,6.1,83,43
CUST-111217,10,20.6,19.3,41,36
CUST-111218,14,12.7,5.9,44,31
CUST-111219,5,37.3,20.0,22,40
CUST-111220,19,57.4,77.4,118,39
CUST-111221,14,23.8,20.2,36,28
CUST-111222,28,57.4,38.6,2856,19
CUST-111223,6,21.8,18.0,111,29
CUST-111224,29,79.6,75.9,3187,24
CUST-111225,19,95.0,106.2,9,8
CUST-111226,2,39.3,10.5,52,44
CUST-111227,12,39.7,5.2,3,41
CUST-111228,10,13.4,6.9,68,30
CUST-111229,8,11.2,9.1,55,2
CUST-111230,14,35.9,11.2,63,3
CUST-111231,11,26.4,21.1,27,17
CUST-111232,27,74.4,76.9,125,25
CUST-111233,21,93.9,37.0,1924,12
CUST-111234,12,19.1,11.8,17,23
CUST-111235,13,18.0,9.7,88,25
CUST-111236,11,34.5,9.0,61,19
CUST-111237,23,58.3,48.5,1649,11
CUST-111238,9,25.0,15.9,130,22
CUST-111239,6,24.4,8.2,137,8
CUST-111240,8,23.5,14.0,52,30
CUST-111241,16,90.6,89.6,3494,27
CUST-111242,6,12.4,17.8,79,39
CUST-111243,24,80.1,84.9,54,11
CUST-111244,15,88.7,38.2,113,40
CUST-111245,28,94.6,44.6,91,7
CUST-111246,17,85.9,59.3,104,24
CUST-111247,27,62.7,94.2,57,2
CUST-111248,17,58.0,74.8,1496,2
CUST-111249,3,38.9,21.6,58,44
CUST-111250,24,67.1,100.4,4016,38
CUST-111251,6,17.5,7.9,113,21
CUST-111252,18,87.7,79.6,2,1
CUST-111253,25,57.7,102.4,2252,35
CUST-111254,28,70.3,59.3,99,45
CUST-111255,5,35.0,14.9,31,1
CUST-111256,25,69.2,108.1,6053,9
CUST-111257,8,30.1,18.5,24,9
CUST-111258,8,30.1,12.5,129,33
CUST-111259,27,54.7,73.1,99,3
CUST-111260,19,53.8,30.7,460,22
CUST-111261,4,11.1,5.8,94,31
CUST-111262,10,15.1,4.1,60,30
CUST-111263,27,71.5,77.7,5283,12
CUST-111264,1,30.0,16.4,62,7
CUST-111265,11,21.2,15.2,38,43
CUST-111266,18,69.6,98.8,7607,45
CUST-111267,20,75.0,73.6,20,27
CUST-111268,20,72.3,43.1,19,29
CUST-111269,24,86.6,28.7,11,8
CUST-111270,14,30.5,18.6,79,40
CUST-111271,6,38.9,8.6,149,45
CUST-111272,1,24.3,20.1,47,10
CUST-111273,15,81.5,102.7,47,5
CUST-111274,11,40.2,15.4,32,44
CUST-111275,11,38.0,7.9,23,27
CUST-111276,16,55.1,60.8,1033,43
CUST-111277,7,22.5,21.3,145,41
CUST-111278,3,43.5,4.4,79,36
CUST-111279,11,37.9,20.6,67,43
CUST-111280,13,18.0,14.3,129,7
CUST-111281,29,86.9,80.3,125,11
CUST-111282,22,73.1,80.8,60,43
CUST-111283,13,17.0,11.0,17,7
CUST-111284,23,92.3,32.9,72,0
CUST-111285,15,76.5,76.0,23,42
CUST-111286,7,20.1,17.4,17,29
CUST-111287,23,87.8,71.7,9,22
CUST-111288,10,44.4,14.2,97,8
CUST-111289,1,33.5,4.1,97,29
CUST-111290,21,70.8,79.8,30,18
CUST-111291,10,21.3,18.5,75,25
CUST-111292,2,13.4,6.0,19,3
CUST-111293,8,19.5,13.3,114,19
CUST-111294,12,31.2,7.7,6,23
CUST-111295,29,92.3,44.1,2822,42
CUST-111296,10,33.5,8.5,42,45
CUST-111297,5,22.6,19.7,126,29
CUST-111298,5,17.9,7.1,33,36
CUST-111299,7,13.3,20.4,140,15
CUST-111300,20,71.4,109.5,7774,18
CUST-111301,24,90.7,49.8,61,15
CUST-111302,17,63.3,35.8,103,21
CUST-111303,19,71.7,40.7,1098,32
CUST-111304,26,93.8,95.7,6603,10
CUST-111305,28,65.6,30.1,2377,14
CUST-111306,9,25.7,17.5,144,8
CUST-111307,5,41.3,21.6,140,11
CUST-111308,7,26.9,5.0,49,11
CUST-111309,24,85.0,95.8,140,4
CUST-111310,11,20.4,12.4,18,35
CUST-111311,12,40.4,21.1,144,4
CUST-111312,29,77.9,107.6,150,8
CUST-111313,1,41.7,15.5,95,19
CUST-111314,4,16.3,8.4,139,7
CUST-111315,11,39.1,20.5,119,15
CUST-111316,1,20.0,19.4,145,15
CUST-111317,15,60.3,89.7,106,38
CUST-111318,19,56.3,57.4,91,22
CUST-111319,29,71.3,52.0,1248,6
CUST-111320,12,23.3,16.9,111,45
CUST-111321,22,54.8,72.2,10,16
CUST-111322,10,35.5,21.9,140,4
CUST-111323,1,34.8,11.1,48,20
CUST-111324,29,90.0,61.0,2806,43
CUST-111325,28,77.0,28.3,1216,36
CUST-111326,8,15.0,5.4,110,23
CUST-111327,4,38.8,17.3,41,13
CUST-111328,10,29.5,4.8,64,18
CUST-111329,23,64.1,69.2,1522,23
CUST-111330,18,61.9,27.7,122,36
CUST-111331,26,84.3,25.7,1387,22
CUST-111332,13,31.1,16.6,5,45
CUST-111333,9,32.8,14.7,32,25
CUST-111334,14,12.3,15.7,138,32
CUST-111335,10,21.1,18.8,33,12
CUST-111336,17,70.3,25.8,1315,6
CUST-111337,17,78.5,60.9,72,31
CUST-111338,3,30.9,17.8,40,28
CUST-111339,11,28.9,6.8,104,30
CUST-111340,12,29.0,4.6,127,33
CUST-111341,8,20.7,4.7,0,23
CUST-111342,26,52.5,100.0,72,26
CUST-111343,4,20.5,14.5,116,32
CUST-111344,2,22.5,14.7,112,31
CUST-111345,19,51.6,41.7,708,9
CUST-111346,9,38.1,11.7,127,4
CUST-111347,6,22.6,4.3,74,2
CUST-111348,13,44.4,7.8,33,16
CUST-111349,20,55.9,83.4,79,25
CUST-111350,5,19.4,8.6,131,28
CUST-111351,6,20.9,13.2,78,13
CUST-111352,5,29.7,12.7,139,3
CUST-111353,4,18.2,8.9,40,37
CUST-111354,21,75.1,34.4,412,10
CUST-111355,26,86.7,88.2,150,31
CUST-111356,17,78.2,43.5,31,31
CUST-111357,10,27.8,7.7,94,31
CUST-111358,24,58.5,51.0,3162,19
CUST-111359,22,58.7,58.7,146,25
CUST-111360,12,37.7,18.9,12,10
CUST-111361,9,20.4,17.0,142,28
CUST-111362,7,14.0,4.6,148,30
CUST-111363,7,14.5,18.4,39,0
CUST-111364,17,90.3,104.3,7822,17
CUST-111365,6,44.9,9.2,11,39
CUST-111366,25,66.8,63.2,2528,35
CUST-111367,3,11.6,18.9,139,9
CUST-111368,13,32.8,15.4,78,28
CUST-111369,4,14.9,19.1,3,44
CUST-111370,8,26.9,13.0,26,0
CUST-111371,13,13.9,14.0,37,27
CUST-111372,16,65.8,80.3,7,37
CUST-111373,6,28.4,9.5,52,25
CUST-111374,19,84.9,33.8,77,31
CUST-111375,10,41.2,8.3,24,12
CUST-111376,8,21.1,10.0,13,18
CUST-111377,13,35.7,15.1,142,37
CUST-111378,14,40.7,6.9,2,0
CUST-111379,13,15.1,9.6,98,16
CUST-111380,18,61.7,30.2,136,30
CUST-111381,6,37.2,7.0,89,12
CUST-111382,25,80.8,71.2,22,8
CUST-111383,13,17.1,8.6,79,25
CUST-111384,16,89.1,89.9,6922,39
CUST-111385,8,16.9,21.0,99,24
CUST-111386,13,43.4,15.9,138,43
CUST-111387,3,19.3,16.6,28,9
CUST-111388,4,24.6,14.8,150,8
CUST-111389,2,21.8,8.0,0,21
CUST-111390,5,35.4,18.9,64,45
CUST-111391,13,14.3,4.4,107,24
CUST-111392,25,80.3,105.7,3276,30
CUST-111393,1,42.4,9.9,75,38
CUST-111394,3,24.1,16.0,123,37
CUST-111395,2,23.1,5.6,44,44
CUST-111396,9,44.3,6.5,140,39
CUST-111397,19,71.6,90.7,115,6
CUST-111398,8,37.0,8.3,135,28
CUST-111399,22,93.7,94.9,23,35
CUST-111400,21,78.8,26.8,104,14
CUST-111401,3,41.1,11.3,10,12
CUST-111402,11,18.7,5.4,77,31
CUST-111403,6,41.4,6.5,113,3
CUST-111404,13,44.5,10.8,142,9
CUST-111405,4,16.9,9.9,98,7
CUST-111406,6,22.4,6.1,10,35
CUST-111407,20,71.0,46.3,38,17
CUST-111408,16,78.7,81.9,5733,15
CUST-111409,11,22.4,19.2,43,2
CUST-111410,15,89.2,73.5,86,45
CUST-111411,25,66.8,56.6,2886,37
CUST-111412,23,78.8,76.5,65,7
CUST-111413,24,50.3,86.0,128,15
CUST-111414,4,20.0,13.5,113,40
CUST-111415,21,69.0,87.9,33,41
CUST-111416,2,27.7,12.9,36,40
CUST-111417,3,19.4,20.2,53,8
CUST-111418,6,26.7,9.4,80,42
CUST-111419,14,27.8,6.7,12,42
CUST-111420,13,44.3,6.9,138,16
CUST-111421,29,75.1,65.0,1755,17
CUST-111422,9,27.9,8.0,148,39
CUST-111423,24,58.0,44.4,27,36
CUST-111424,3,35.3,15.1,57,44
CUST-111425,5,31.6,5.1,146,20
CUST-111426,15,76.5,38.9,1205,23
CUST-111427,6,38.1,8.8,89,15
CUST-111428,18,78.5,31.4,1507,11
CUST-111429,2,28.8,21.0,142,21
CUST-111430,14,33.9,19.1,27,8
CUST-111431,19,58.7,32.1,834,16
CUST-111432,20,73.6,46.3,1759,37
CUST-111433,8,41.7,5.9,36,34
CUST-111434,24,72.4,86.9,130,12
CUST-111435,7,27.0,9.1,94,23
CUST-111436,1,18.7,14.8,96,22
CUST-111437,23,81.6,90.8,1816,23
CUST-111438,21,83.6,87.3,66,43
CUST-111439,13,39.4,12.9,47,26
CUST-111440,13,17.1,14.4,146,21
CUST-111441,6,16.0,8.2,22,6
CUST-111442,13,21.6,21.3,85,41
CUST-111443,17,56.1,62.3,1183,19
CUST-111444,12,14.2,14.4,74,10
CUST-111445,11,17.4,14.3,23,8
CUST-111446,25,69.6,31.7,665,0
CUST-111447,28,70.9,105.7,4016,15
CUST-111448,16,51.5,55.0,3,10
CUST-111449,6,13.6,4.4,40,32
CUST-111450,12,36.7,19.2,40,37
CUST-111451,5,15.2,11.5,115,43
CUST-111452,3,20.0,18.6,69,2
CUST-111453,21,92.8,67.8,92,21
CUST-111454,1,26.6,5.6,86,31
CUST-111455,11,42.9,20.6,4,33
CUST-111456,7,23.7,6.1,79,41
CUST-111457,1,20.9,7.5,37,34
CUST-111458,15,93.2,85.1,6127,10
CUST-111459,19,50.2,77.2,104,45
CUST-111460,6,19.1,17.8,24,38
CUST-111461,18,93.9,69.8,23,33
CUST-111462,12,42.6,6.0,44,19
CUST-111463,2,20.2,9.9,52,44
CUST-111464,7,10.6,19.1,128,16
CUST-111465,1,29.5,11.7,15,1
CUST-111466,18,56.4,40.2,22,26
CUST-111467,24,68.4,88.8,139,23
CUST-111468,3,19.6,7.5,138,29
CUST-111469,28,58.1,48.0,142,30
CUST-111470,14,32.1,16.9,139,2
CUST-111471,21,95.0,53.0,2597,43
CUST-111472,16,84.9,67.6,4191,25
CUST-111473,24,72.2,71.5,1144,36
CUST-111474,1,41.8,20.3,56,45
CUST-111475,3,38.2,9.5,74,2
CUST-111476,1,36.7,19.3,16,1
CUST-111477,29,76.9,86.4,69,0
CUST-111478,18,80.6,51.9,144,32
CUST-111479,24,84.6,78.9,34,5
CUST-111480,9,36.8,7.3,59,40
CUST-111481,21,61.7,89.0,137,14
CUST-111482,7,44.2,14.8,60,17
CUST-111483,18,93.9,34.8,93,11
CUST-111484,2,14.5,14.4,125,31
CUST-111485,20,65.2,63.0,133,11
CUST-111486,6,27.6,5.5,118,26
CUST-111487,14,40.3,8.3,11,2
CUST-111488,11,19.7,15.0,74,45
CUST-111489,29,88.3,71.7,60,34
CUST-111490,1,24.5,15.9,137,24
CUST-111491,27,68.1,104.1,98,6
CUST-111492,23,87.4,46.7,3128,34
CUST-111493,24,71.1,26.7,60,2
CUST-111494,24,80.6,45.7,1508,44
CUST-111495,3,20.4,14.2,116,38
CUST-111496,14,18.6,10.1,8,15
CUST-111497,6,26.6,9.1,39,44
CUST-111498,13,19.6,19.0,53,31
CUST-111499,5,44.9,15.9,65,36
CUST-111500,15,65.7,57.4,1,5
CUST-111501,8,12.6,9.5,106,25
CUST-111502,29,72.1,109.5,147,17
CUST-111503,20,82.9,42.4,77,33
CUST-111504,11,37.7,13.6,43,5
CUST-111505,5,17.3,9.4,76,6
CUST-111506,22,61.0,65.5,2096,2
CUST-111507,27,51.2,76.5,1606,25
CUST-111508,9,24.4,10.1,81,40
CUST-111509,22,76.2,61.3,5,19
CUST-111510,10,17.1,10.0,4,1
CUST-111511,23,89.5,75.3,5496,9
CUST-111512,24,50.6,82.7,2315,18
CUST-111513,4,42.8,13.7,53,5
CUST-111514,9,44.0,9.6,145,39
CUST-111515,5,38.6,11.6,122,8
CUST-111516,16,73.1,99.9,7492,3
CUST-111517,10,43.3,11.7,56,35
CUST-111518,15,53.6,68.3,23,6
CUST-111519,9,30.4,10.0,30,0
CUST-111520,18,61.4,92.1,34,12
CUST-111521,26,68.3,100.8,135,30
CUST-111522,20,76.8,52.9,41,15
CUST-111523,25,56.6,36.2,54,0
CUST-111524,1,18.9,17.7,36,33
CUST-111525,5,30.6,14.7,131,38
CUST-111526,22,82.4,57.2,6,35
CUST-111527,8,43.0,7.3,149,24
CUST-111528,21,62.6,39.8,113,18
CUST-111529,17,57.1,78.0,129,31
CUST-111530,21,83.7,101.2,86,31
CUST-111531,1,11.9,18.5,39,5
CUST-111532,26,89.5,46.3,29,22
CUST-111533,3,37.0,18.5,102,6
CUST-111534,6,16.2,17.4,10,19
CUST-111535,16,71.5,49.8,2440,17
CUST-111536,8,10.6,10.9,82,32
CUST-111537,5,28.5,19.7,56,42
CUST-111538,20,53.4,66.5,57,36
CUST-111539,19,88.6,70.9,61,5
CUST-111540,6,22.2,16.8,93,30
CUST-111541,14,43.1,13.2,150,32
CUST-111542,5,36.2,15.2,130,41
CUST-111543,25,66.2,106.0,3392,18
CUST-111544,12,42.5,7.0,90,5
CUST-111545,14,18.9,14.0,32,12
CUST-111546,9,16.9,20.6,108,26
CUST-111547,26,70.3,55.0,2530,18
CUST-111548,23,89.6,97.2,126,19
CUST-111549,9,16.6,9.9,144,34
CUST-111550,2,11.9,8.2,64,26
CUST-111551,4,42.1,7.4,10,14
CUST-111552,3,15.1,13.7,7,25
CUST-111553,7,33.0,18.9,59,24
CUST-111554,9,22.5,19.0,100,36
CUST-111555,19,89.7,64.1,4615,38
CUST-111556,1,40.4,20.8,4,20
CUST-111557,14,40.4,10.0,47,26
CUST-111558,1,11.1,10.7,48,35
CUST-111559,25,87.1,75.0,4725,16
CUST-111560,29,86.3,74.0,5550,25
CUST-111561,15,63.1,48.4,59,29
CUST-111562,6,19.9,6.5,93,3
CUST-111563,18,63.7,69.1,34,10
CUST-111564,24,85.3,38.9,2800,13
CUST-111565,19,82.9,92.0,5704,37
CUST-111566,9,30.3,14.4,78,12
CUST-111567,1,30.6,6.8,68,23
CUST-111568,11,10.2,10.6,10,27
CUST-111569,2,18.0,19.3,62,9
CUST-111570,8,44.3,16.8,138,5
CUST-111571,19,59.9,84.9,122,31
CUST-111572,17,83.7,104.2,28,17
CUST-111573,25,52.9,107.8,3988,39
CUST-111574,9,18.7,8.1,129,44
CUST-111575,20,90.6,104.3,82,32
CUST-111576,1,12.9,13.6,23,29
CUST-111577,6,34.4,8.1,56,13
CUST-111578,12,14.4,21.1,134,40
CUST-111579,8,28.1,15.6,90,31
CUST-111580,1,26.3,12.9,82,26
CUST-111581,11,20.3,13.7,25,4
CUST-111582,13,13.9,12.7,134,15
CUST-111583,22,55.4,66.7,127,31
CUST-111584,6,22.8,16.7,115,29
CUST-111585,3,20.0,21.4,109,24
CUST-111586,21,64.2,67.1,62,13
CUST-111587,9,16.9,13.3,40,7
CUST-111588,26,62.8,35.6,128,45
CUST-111589,9,22.0,17.5,93,43
CUST-111590,13,28.6,6.6,26,40
CUST-111591,14,40.2,17.2,92,36
CUST-111592,3,24.1,7.0,56,1
CUST-111593,10,23.2,8.8,118,33
CUST-111594,21,74.2,77.4,96,7
CUST-111595,11,32.6,13.0,31,36
CUST-111596,23,57.8,57.4,4247,37
CUST-111597,16,84.5,34.1,51,8
CUST-111598,13,34.9,14.2,142,30
CUST-111599,11,38.2,9.4,97,14
CUST-111600,4,29.2,6.5,127,20
CUST-111601,7,20.9,17.4,87,29
CUST-111602,16,52.2,63.3,2025,21
CUST-111603,14,36.1,14.9,95,10
CUST-111604,9,38.2,16.4,32,23
CUST-111605,14,30.3,7.1,44,38
CUST-111606,2,37.3,17.0,54,31
CUST-111607,10,42.1,11.5,29,9
CUST-111608,21,75.1,84.0,1344,16
CUST-111609,5,17.5,14.0,143,24
CUST-111610,11,33.9,19.2,82,2
CUST-111611,1,29.8,12.6,23,42
CUST-111612,2,39.1,14.4,130,31
CUST-111613,21,83.2,67.2,3763,21
CUST-111614,11,39.3,21.5,77,3
CUST-111615,18,71.9,105.1,143,10
CUST-111616,3,24.0,21.8,58,35
CUST-111617,11,31.7,10.2,102,26
CUST-111618,19,55.6,39.7,1627,23
CUST-111619,5,39.4,6.1,150,7
CUST-111620,2,11.0,13.6,82,8
CUST-111621,1,40.2,11.8,33,6
CUST-111622,28,76.7,33.4,1336,17
CUST-111623,23,57.8,91.4,39,28
CUST-111624,20,73.2,60.0,3660,31
CUST-111625,4,35.9,10.5,111,5
CUST-111626,6,21.6,9.4,2,39
CUST-111627,27,53.2,47.2,1557,43
CUST-111628,15,64.8,53.3,128,30
CUST-111629,1,41.6,19.8,115,22
CUST-111630,2,29.4,17.6,58,27
CUST-111631,26,94.3,40.5,2349,20
CUST-111632,9,12.4,18.8,60,40
CUST-111633,21,54.4,75.2,4662,26
CUST-111634,2,41.2,18.4,16,1
CUST-111635,13,31.3,9.1,87,31
CUST-111636,24,57.7,37.0,102,33
CUST-111637,10,14.2,10.1,89,37
CUST-111638,19,73.3,102.8,5140,43
CUST-111639,24,54.1,78.8,131,25
CUST-111640,9,14.3,11.1,26,22
CUST-111641,17,91.3,39.8,24,26
CUST-111642,12,38.4,9.9,150,7
CUST-111643,28,51.6,28.7,86,37
CUST-111644,7,31.0,15.6,94,19
CUST-111645,10,42.5,17.8,58,44
CUST-111646,24,94.0,50.2,147,35
CUST-111647,11,34.7,20.1,119,12
CUST-111648,13,20.5,4.2,62,26
CUST-111649,23,53.6,67.0,79,30
CUST-111650,1,34.9,19.5,41,4
CUST-111651,12,36.1,22.0,59,7
CUST-111652,6,41.2,12.4,110,24
CUST-111653,14,11.5,7.1,78,41
CUST-111654,14,41.1,7.2,7,7
CUST-111655,14,35.8,6.6,24,27
CUST-111656,23,70.7,98.9,4648,26
CUST-111657,21,93.9,71.3,855,42
CUST-111658,5,18.6,18.7,119,24
CUST-111659,3,24.8,8.3,102,29
CUST-111660,3,19.8,20.4,128,2
CUST-111661,12,13.4,4.6,4,34
CUST-111662,8,13.4,21.0,89,32
CUST-111663,5,33.9,9.7,14,0
CUST-111664,7,38.3,4.9,73,45
CUST-111665,19,92.4,70.1,1612,23
CUST-111666,5,44.3,18.0,32,21
CUST-111667,17,87.9,65.4,1373,38
CUST-111668,28,79.0,35.7,52,32
CUST-111669,27,63.3,70.1,2874,17
CUST-111670,27,61.9,85.8,1029,28
CUST-111671,27,71.9,67.1,101,13
CUST-111672,3,18.0,21.5,70,39
CUST-111673,19,94.1,105.8,4655,18
CUST-111674,13,42.7,17.8,78,13
CUST-111675,13,17.4,19.6,94,25
CUST-111676,15,57.9,94.4,127,16
CUST-111677,28,80.3,79.0,5688,8
CUST-111678,24,80.5,66.0,68,30
CUST-111679,17,76.7,91.1,1184,36
CUST-111680,4,44.6,12.0,34,9
CUST-111681,2,38.7,4.2,56,18
CUST-111682,26,60.1,57.3,1833,3
CUST-111683,13,34.5,12.9,128,23
CUST-111684,5,31.5,15.6,150,44
CUST-111685,26,76.1,62.0,4898,22
CUST-111686,6,19.4,12.4,54,43
CUST-111687,8,30.1,12.3,68,8
CUST-111688,5,18.4,5.3,58,36
CUST-111689,21,87.7,92.2,1,31
CUST-111690,1,33.9,16.7,123,18
CUST-111691,6,29.7,13.9,17,27
CUST-111692,7,44.0,6.3,14,5
CUST-111693,16,62.0,58.0,133,42
CUST-111694,9,22.4,21.8,136,9
CUST-111695,24,89.2,109.1,1200,31
CUST-111696,23,87.7,85.2,38,17
CUST-111697,10,33.6,16.9,15,20
CUST-111698,19,69.0,25.8,72,34
CUST-111699,6,10.6,6.8,140,22
CUST-111700,6,18.6,11.9,150,34
CUST-111701,25,54.8,103.3,2582,30
CUST-111702,20,67.7,109.8,12,13
CUST-111703,23,90.6,68.3,22,27
CUST-111704,8,20.7,12.4,14,15
CUST-111705,11,31.4,14.8,12,3
CUST-111706,11,29.7,17.5,82,27
CUST-111707,5,29.0,17.4,2,37
CUST-111708,12,41.7,6.5,131,34
CUST-111709,15,79.9,67.1,38,29
CUST-111710,16,66.6,72.6,2105,0
CUST-111711,10,33.3,15.3,72,34
CUST-111712,6,19.0,20.6,60,23
CUST-111713,20,85.1,57.5,88,10
CUST-111714,9,13.5,15.2,102,27
CUST-111715,28,74.0,77.8,4668,18
CUST-111716,16,77.7,93.0,2046,43
CUST-111717,1,43.7,20.0,47,26
CUST-111718,14,40.3,8.6,65,27
CUST-111719,1,18.6,13.5,53,32
CUST-111720,4,37.6,10.4,133,10
CUST-111721,11,12.1,10.5,85,24
CUST-111722,11,36.0,18.8,12,28
CUST-111723,12,29.0,4.1,138,44
CUST-111724,3,34.4,14.0,132,2
CUST-111725,9,19.1,13.7,34,2
CUST-111726,10,25.3,13.0,57,26
CUST-111727,15,61.7,100.9,71,4
CUST-111728,28,65.5,43.5,2914,28
CUST-111729,3,14.3,9.5,37,24
CUST-111730,6,39.9,6.9,26,37
CUST-111731,22,75.0,99.7,112,23
CUST-111732,19,55.2,107.9,4423,3
CUST-111733,22,60.4,75.2,150,5
CUST-111734,1,21.7,12.2,139,2
CUST-111735,16,64.1,41.2,73,20
CUST-111736,13,37.3,21.6,135,34
CUST-111737,3,34.1,12.7,50,19
CUST-111738,16,85.8,105.2,5,27
CUST-111739,5,20.2,21.5,90,9
CUST-111740,18,77.3,27.4,139,14
CUST-111741,7,11.3,14.5,42,27
CUST-111742,12,34.9,9.7,61,31
CUST-111743,5,17.4,19.6,25,20
CUST-111744,22,79.8,26.7,961,45
CUST-111745,6,25.5,10.1,1,20
CUST-111746,21,59.6,33.1,728,39
CUST-111747,4,44.6,9.5,82,3
CUST-111748,20,56.1,87.9,25,33
CUST-111749,18,85.5,42.4,129,39
CUST-111750,14,17.1,14.7,66,20
CUST-111751,24,55.6,99.9,101,37
CUST-111752,4,30.9,6.1,2,30
CUST-111753,9,42.0,18.7,119,2
CUST-111754,22,74.4,109.1,40,33
CUST-111755,11,39.0,8.2,79,9
CUST-111756,26,53.0,105.9,94,7
CUST-111757,21,58.5,38.5,13,21
CUST-111758,6,40.7,7.1,34,24
CUST-111759,8,44.5,13.1,148,43
CUST-111760,7,37.1,8.3,90,8
CUST-111761,18,79.7,106.2,97,5
CUST-111762,7,21.1,12.8,132,43
CUST-111763,19,65.8,105.1,4624,1
CUST-111764,21,57.3,46.5,30,44
CUST-111765,22,60.8,31.4,111,23
CUST-111766,27,66.2,85.8,943,12
CUST-111767,11,13.8,21.6,48,14
CUST-111768,16,69.6,43.8,788,13
CUST-111769,25,60.2,74.9,117,13
CUST-111770,8,12.8,16.4,49,28
CUST-111771,4,16.7,19.5,28,16
CUST-111772,1,39.9,4.1,35,38
CUST-111773,26,83.1,86.0,121,1
CUST-111774,29,80.9,75.5,32,34
CUST-111775,12,39.4,14.0,14,1
CUST-111776,6,24.2,8.7,27,8
CUST-111777,3,20.8,21.2,121,32
CUST-111778,19,54.5,108.7,68,15
CUST-111779,4,32.8,14.0,132,43
CUST-111780,3,28.8,8.0,95,41
CUST-111781,7,15.3,18.5,18,5
CUST-111782,25,73.5,39.6,1623,39
CUST-111783,4,18.8,13.3,17,28
CUST-111784,14,23.2,10.9,60,37
CUST-111785,14,25.4,13.3,37,35
CUST-111786,24,63.6,71.7,3,1
CUST-111787,7,20.1,20.5,105,26
CUST-111788,5,20.3,17.1,118,27
CUST-111789,10,27.6,9.7,77,6
CUST-111790,2,10.1,5.3,123,24
CUST-111791,26,62.6,87.4,6817,19
CUST-111792,5,40.4,20.7,6,11
CUST-111793,2,20.9,12.9,23,3
CUST-111794,6,21.9,20.9,61,20
CUST-111795,26,68.0,83.2,99,20
CUST-111796,1,36.2,20.3,133,45
CUST-111797,24,94.8,70.6,5365,32
CUST-111798,12,40.9,6.8,126,45
CUST-111799,22,76.6,74.1,54,0
CUST-111800,2,37.3,18.7,79,22
CUST-111801,1,18.8,7.1,40,25
CUST-111802,14,29.4,8.2,80,33
CUST-111803,25,75.3,82.9,5471,30
CUST-111804,3,41.3,17.3,147,37
CUST-111805,3,10.8,8.5,67,32
CUST-111806,21,60.7,32.1,449,13
CUST-111807,23,77.5,50.4,28,19
CUST-111808,24,83.6,86.4,3196,3
CUST-111809,29,70.8,104.3,6258,33
CUST-111810,24,74.7,60.4,84,37
CUST-111811,2,44.1,5.3,16,3
CUST-111812,12,18.2,19.4,129,18
CUST-111813,20,70.1,83.3,3831,4
CUST-111814,17,56.0,105.3,2421,28
CUST-111815,18,73.8,79.8,77,13
CUST-111816,29,58.3,91.0,7280,43
CUST-111817,3,21.4,13.3,58,7
CUST-111818,17,74.6,42.7,134,18
CUST-111819,12,18.4,6.9,12,21
CUST-111820,7,17.8,4.9,146,34
CUST-111821,18,93.4,52.2,991,13
CUST-111822,10,19.3,17.4,71,35
CUST-111823,26,50.9,71.0,150,36
CUST-111824,20,65.4,62.9,10,37
CUST-111825,17,66.9,39.0,147,6
CUST-111826,6,42.6,15.5,124,45
CUST-111827,20,71.6,30.3,92,6
CUST-111828,22,85.8,78.0,2808,18
CUST-111829,17,79.4,93.6,113,41
CUST-111830,20,58.6,49.4,1037,24
CUST-111831,28,70.3,53.1,1646,42
CUST-111832,3,38.8,5.1,79,7
CUST-111833,19,69.6,72.9,29,18
CUST-111834,26,86.2,66.8,146,13
CUST-111835,15,72.9,94.6,111,30
CUST-111836,13,12.6,19.5,149,39
CUST-111837,26,54.1,51.3,7,5
CUST-111838,6,20.9,17.4,5,44
CUST-111839,8,22.6,13.5,105,19
CUST-111840,9,10.7,11.6,103,41
CUST-111841,13,40.4,7.7,81,8
CUST-111842,2,10.3,20.8,143,12
CUST-111843,27,87.7,56.2,955,5
CUST-111844,29,80.4,109.8,46,28
CUST-111845,13,38.4,18.1,89,3
CUST-111846,2,27.6,5.5,86,3
CUST-111847,13,10.7,4.8,1,15
CUST-111848,27,79.0,49.4,91,43
CUST-111849,20,54.6,45.2,11,18
CUST-111850,23,62.9,52.0,1092,9
CUST-111851,11,22.9,9.3,5,35
CUST-111852,15,88.2,26.8,20,14
CUST-111853,2,38.7,20.8,65,19
CUST-111854,1,31.9,14.6,79,41
CUST-111855,18,92.4,68.8,112,22
CUST-111856,29,89.5,40.7,1831,38
CUST-111857,1,37.6,10.4,81,26
CUST-111858,5,16.8,20.2,103,42
CUST-111859,28,70.9,57.0,3876,41
CUST-111860,19,94.6,99.3,128,7
CUST-111861,9,25.6,15.9,131,9
CUST-111862,24,60.9,35.8,2291,37
CUST-111863,10,26.5,6.3,30,8
CUST-111864,4,44.8,16.0,1,28
CUST-111865,16,71.8,86.7,1994,13
CUST-111866,8,42.7,5.8,144,20
CUST-111867,10,21.4,10.3,136,0
CUST-111868,6,44.3,8.6,53,20
CUST-111869,10,38.1,9.5,75,23
CUST-111870,14,35.4,19.6,115,43
CUST-111871,20,62.8,75.1,149,19
CUST-111872,27,56.1,60.0,2220,22
CUST-111873,11,38.0,21.1,93,11
CUST-111874,27,56.5,48.0,112,4
CUST-111875,13,10.7,18.5,137,42
CUST-111876,22,86.9,99.3,5958,25
CUST-111877,24,76.5,75.1,24,37
CUST-111878,7,17.9,17.3,128,0
CUST-111879,18,65.7,94.3,119,5
CUST-111880,2,27.5,11.2,45,25
CUST-111881,11,36.5,18.3,40,3
CUST-111882,13,38.4,17.9,45,6
CUST-111883,24,65.1,35.1,142,3
CUST-111884,29,94.6,109.1,66,43
CUST-111885,7,12.9,8.8,74,25
CUST-111886,9,28.0,20.3,108,7
CUST-111887,4,11.8,13.1,67,43
CUST-111888,29,71.2,64.3,2379,41
CUST-111889,17,89.4,73.5,2646,0
CUST-111890,28,78.6,52.5,47,39
CUST-111891,12,39.6,21.0,21,31
CUST-111892,16,72.2,78.0,90,26
CUST-111893,11,27.8,14.8,2,7
CUST-111894,19,86.4,107.7,102,23
CUST-111895,18,64.5,77.8,83,14
CUST-111896,18,67.3,81.9,5651,37
CUST-111897,6,38.0,15.7,5,21
CUST-111898,28,57.2,75.0,5100,18
CUST-111899,8,10.5,9.2,133,10
CUST-111900,24,84.2,52.5,2100,33
CUST-111901,8,42.9,13.5,27,8
CUST-111902,19,56.5,105.7,99,1
CUST-111903,4,37.6,18.4,34,21
CUST-111904,25,59.2,41.0,104,45
CUST-111905,14,16.9,12.8,84,13
CUST-111906,2,38.7,20.9,132,38
CUST-111907,3,19.3,20.4,29,17
CUST-111908,20,71.0,109.6,4164,10
CUST-111909,9,13.0,8.7,68,40
CUST-111910,4,34.7,16.4,114,25
CUST-111911,18,94.7,92.6,44,11
CUST-111912,27,75.0,101.3,2026,8
CUST-111913,10,44.3,10.7,79,18
CUST-111914,3,43.6,15.7,51,19
CUST-111915,15,72.8,73.0,150,5
CUST-111916,11,28.5,20.5,19,20
CUST-111917,19,84.4,95.1,1997,38
CUST-111918,21,69.8,29.9,113,45
CUST-111919,21,65.5,103.0,113,30
CUST-111920,2,22.3,13.2,60,16
CUST-111921,7,27.6,21.2,72,39
CUST-111922,27,84.6,109.6,140,13
CUST-111923,7,22.2,6.9,45,30
CUST-111924,2,22.6,12.9,7,34
CUST-111925,7,31.3,16.8,104,21
CUST-111926,3,18.8,6.4,77,27
CUST-111927,4,23.1,13.5,74,29
CUST-111928,11,30.2,9.1,28,16
CUST-111929,5,39.1,16.7,22,39
CUST-111930,8,36.0,12.4,103,32
CUST-111931,21,65.1,50.7,1419,27
CUST-111932,3,26.4,4.8,9,27
CUST-111933,13,16.0,15.8,31,26
CUST-111934,25,87.0,64.2,1284,35
CUST-111935,12,24.6,4.2,7,1
CUST-111936,16,65.9,60.8,19,42
CUST-111937,27,56.1,58.3,24,41
CUST-111938,5,31.4,10.3,101,9
CUST-111939,11,11.0,9.5,55,1
CUST-111940,24,84.1,26.9,116,20
CUST-111941,1,41.2,13.2,110,16
CUST-111942,10,19.6,19.0,3,4
CUST-111943,15,90.9,30.8,739,19
CUST-111944,14,35.1,13.1,125,25
CUST-111945,7,37.1,15.1,3,7
CUST-111946,6,35.7,17.0,26,6
CUST-111947,6,40.8,7.1,57,2
CUST-111948,18,81.1,41.8,877,44
CUST-111949,29,53.1,46.2,14,19
CUST-111950,18,68.7,28.1,50,30
CUST-111951,18,52.6,59.4,34,0
CUST-111952,29,52.0,87.9,124,38
CUST-111953,10,38.2,15.8,136,39
CUST-111954,9,36.2,11.7,92,29
CUST-111955,21,92.3,81.7,122,8
CUST-111956,21,79.7,98.7,25,5
CUST-111957,26,73.1,57.8,1907,38
CUST-111958,12,26.5,21.9,1,39
CUST-111959,4,24.9,17.9,21,26
CUST-111960,11,28.4,9.2,77,26
CUST-111961,2,20.5,14.3,23,40
CUST-111962,12,15.5,8.4,41,24
CUST-111963,12,44.7,7.2,61,0
CUST-111964,10,19.8,16.6,128,35
CUST-111965,2,42.7,6.2,17,14
CUST-111966,1,44.6,11.7,48,23
CUST-111967,2,39.9,6.6,61,21
CUST-111968,11,34.9,11.8,38,1
CUST-111969,5,23.6,17.7,101,40
CUST-111970,18,80.7,101.6,66,9
CUST-111971,29,73.1,56.0,4312,30
CUST-111972,13,19.7,14.7,47,41
CUST-111973,5,21.0,6.1,86,43
CUST-111974,9,20.0,8.8,81,22
CUST-111975,25,54.8,45.2,125,30
CUST-111976,19,71.8,107.0,112,27
CUST-111977,21,56.6,77.0,21,13
CUST-111978,20,87.8,77.0,1540,35
CUST-111979,14,16.6,15.3,26,37
CUST-111980,8,38.7,20.3,95,16
CUST-111981,17,72.8,105.8,6982,11
CUST-111982,2,10.4,9.7,75,13
CUST-111983,21,68.9,87.6,23,18
CUST-111984,25,65.9,40.7,1180,12
CUST-111985,10,12.0,20.5,41,15
CUST-111986,1,25.8,12.6,121,22
CUST-111987,29,58.9,40.0,32,42
CUST-111988,1,40.6,17.7,120,6
CUST-111989,4,23.6,4.1,118,7
CUST-111990,19,63.2,82.8,1242,33
CUST-111991,22,65.8,62.0,143,17
CUST-111992,23,65.8,56.8,150,11
CUST-111993,7,10.6,13.9,121,23
CUST-111994,10,38.3,14.0,58,42
CUST-111995,18,80.9,80.9,95,13
CUST-111996,6,36.5,21.7,126,19
CUST-111997,21,71.6,91.9,109,35
CUST-111998,13,11.5,19.8,58,24
CUST-111999,29,72.0,79.4,6352,32
CUST-112000,22,74.3,52.7,1581,12
CUST-112001,14,16.1,4.2,30,38
CUST-112002,28,51.8,53.7,644,3
CUST-112003,24,85.6,81.7,6209,16
CUST-112004,5,28.1,14.4,28,26
CUST-112005,27,58.5,53.2,691,15
CUST-112006,26,91.6,62.3,34,1
CUST-112007,11,44.7,7.9,121,35
CUST-112008,20,85.1,36.4,1856,16
CUST-112009,1,24.3,14.9,139,14
CUST-112010,14,31.3,5.6,91,30
CUST-112011,10,32.6,9.3,108,14
CUST-112012,21,83.3,90.6,31,25
CUST-112013,2,21.2,11.4,133,29
CUST-112014,8,12.4,19.0,42,1
CUST-112015,21,69.2,89.3,52,43
CUST-112016,12,26.2,11.6,78,24
CUST-112017,23,92.5,97.1,4660,26
CUST-112018,4,39.4,4.3,8,34
CUST-112019,5,22.3,5.6,74,44
CUST-112020,1,37.5,15.9,2,14
CUST-112021,18,65.8,50.2,3915,11
CUST-112022,4,22.0,11.3,11,40
CUST-112023,21,52.9,99.1,103,30
CUST-112024,12,31.3,16.1,67,33
CUST-112025,24,52.9,28.5,137,27
CUST-112026,5,23.6,18.0,108,7
CUST-112027,20,81.4,34.9,15,41
CUST-112028,7,36.3,11.9,42,21
CUST-112029,16,68.9,74.6,27,28
CUST-112030,11,40.0,21.6,97,1
CUST-112031,5,29.5,10.9,42,33
CUST-112032,19,83.4,57.0,84,33
CUST-112033,11,24.1,12.9,73,34
CUST-112034,5,19.4,6.1,134,29
CUST-112035,11,25.4,9.0,63,5
CUST-112036,14,15.8,11.2,27,28
CUST-112037,25,64.5,105.2,12,0
CUST-112038,9,10.3,5.9,63,14
CUST-112039,13,12.4,11.4,96,22
CUST-112040,10,19.8,14.5,30,29
CUST-112041,1,29.5,4.4,88,17
CUST-112042,22,89.9,44.0,108,27
CUST-112043,22,89.2,38.4,104,3
CUST-112044,18,52.8,65.2,117,20
CUST-112045,22,82.5,47.4,853,16
CUST-112046,12,33.9,15.0,149,11
CUST-112047,25,70.7,25.4,125,32
CUST-112048,11,18.5,16.8,3,19
CUST-112049,20,81.8,83.6,6186,32
CUST-112050,11,40.3,5.9,1,9
CUST-112051,10,23.5,16.3,140,7
CUST-112052,24,59.9,106.2,60,2
CUST-112053,14,37.7,9.2,78,1
CUST-112054,2,28.1,10.2,8,13
CUST-112055,6,37.1,14.5,11,14
CUST-112056,28,60.2,66.9,98,39
CUST-112057,2,42.0,12.4,40,26
CUST-112058,7,22.1,21.4,51,28
CUST-112059,2,33.3,19.9,93,5
CUST-112060,12,22.7,9.9,27,45
CUST-112061,13,33.1,21.4,18,26
CUST-112062,12,24.9,9.9,20,4
CUST-112063,12,16.7,18.4,1,45
CUST-112064,7,10.8,18.1,81,41
CUST-112065,28,78.5,76.1,4,35
CUST-112066,12,15.4,4.0,54,8
CUST-112067,29,63.4,101.7,81,37
CUST-112068,20,90.9,91.5,6954,40
CUST-112069,15,55.4,80.6,4271,4
CUST-112070,14,34.9,17.9,40,34
CUST-112071,1,29.5,19.9,58,13
CUST-112072,26,87.0,35.0,1400,21
CUST-112073,24,60.0,106.2,82,35
CUST-112074,21,52.1,68.7,3160,24
CUST-112075,8,36.7,11.7,10,19
CUST-112076,13,13.7,17.5,144,7
CUST-112077,3,43.5,9.9,125,19
CUST-112078,23,71.2,84.0,1176,10
CUST-112079,29,88.7,75.7,149,33
CUST-112080,10,27.2,5.0,13,44
CUST-112081,11,18.8,10.6,15,31
CUST-112082,10,33.5,9.2,96,3
CUST-112083,26,52.3,91.2,24,8
CUST-112084,18,79.6,99.3,25,41
CUST-112085,19,69.4,33.1,38,25
CUST-112086,10,28.9,18.2,96,38
CUST-112087,3,28.2,16.8,115,11
CUST-112088,23,63.9,47.7,3291,18
CUST-112089,9,27.8,5.4,125,29
CUST-112090,9,40.2,5.2,143,39
CUST-112091,16,64.5,81.1,1946,24
CUST-112092,14,38.4,15.2,114,42
CUST-112093,29,58.2,46.3,3611,23
CUST-112094,14,21.2,20.8,3,18
CUST-112095,12,40.5,17.2,101,40
CUST-112096,27,61.5,68.8,37,37
CUST-112097,10,28.7,20.9,83,26
CUST-112098,12,25.4,10.3,135,42
CUST-112099,2,41.7,8.9,115,43
CUST-112100,13,29.2,21.7,118,36
CUST-112101,27,91.5,76.2,55,19
CUST-112102,27,70.2,106.7,116,22
CUST-112103,6,29.1,9.5,82,17
CUST-112104,27,94.1,77.2,133,21
CUST-112105,25,93.6,39.3,2475,40
CUST-112106,14,11.7,16.3,109,22
CUST-112107,27,79.1,25.9,259,27
CUST-112108,7,27.2,7.3,139,34
CUST-112109,13,28.2,14.5,96,18
CUST-112110,29,76.2,66.1,4957,22
CUST-112111,13,42.4,6.9,104,44
CUST-112112,12,13.6,13.7,79,44
CUST-112113,1,27.0,14.3,20,20
CUST-112114,22,77.9,60.3,2592,8
CUST-112115,8,15.0,6.9,70,24
CUST-112116,26,76.8,36.1,123,29
CUST-112117,27,90.5,95.8,1724,7
CUST-112118,7,12.2,18.2,28,39
CUST-112119,5,12.2,18.5,119,21
CUST-112120,6,44.7,13.7,149,16
CUST-112121,13,27.3,9.8,114,12
CUST-112122,14,28.5,11.1,70,30
CUST-112123,13,24.5,4.7,18,29
CUST-112124,21,70.4,69.1,16,15
CUST-112125,15,75.8,31.1,1461,45
CUST-112126,15,62.0,50.6,2985,26
CUST-112127,26,64.2,45.4,104,3
CUST-112128,3,12.6,16.7,86,42
CUST-112129,10,12.8,8.9,43,10
CUST-112130,24,73.2,38.3,880,12
CUST-112131,1,38.5,12.8,135,30
CUST-112132,8,40.2,15.3,141,15
CUST-112133,13,23.9,10.9,29,23
CUST-112134,23,72.9,59.0,3540,36
CUST-112135,8,17.5,16.2,134,33
CUST-112136,29,69.3,105.5,4114,22
CUST-112137,7,31.9,4.6,59,23
CUST-112138,18,59.4,83.8,4441,8
CUST-112139,16,55.4,34.2,2530,12
CUST-112140,22,68.1,83.1,3074,39
CUST-112141,24,83.2,105.0,4515,41
CUST-112142,8,29.3,12.0,110,24
CUST-112143,12,37.2,13.9,23,27
CUST-112144,25,58.5,107.2,62,12
CUST-112145,11,14.0,11.1,35,38
CUST-112146,3,17.9,17.2,32,11
CUST-112147,11,21.9,17.0,51,9
CUST-112148,7,14.3,11.1,50,2
CUST-112149,14,25.9,15.4,149,42
CUST-112150,10,34.3,5.5,8,21
CUST-112151,25,92.1,102.0,3,11
CUST-112152,15,90.6,89.1,139,33
CUST-112153,12,14.6,20.3,35,10
CUST-112154,12,40.5,13.0,61,6
CUST-112155,9,31.7,11.2,32,2
CUST-112156,29,57.3,104.8,5764,17
CUST-112157,4,44.9,16.5,115,14
CUST-112158,21,51.7,44.1,2954,14
CUST-112159,16,57.9,30.9,39,11
CUST-112160,2,27.3,8.9,136,13
CUST-112161,11,41.5,10.3,97,27
CUST-112162,2,18.9,18.7,4,5
CUST-112163,3,39.7,14.7,150,15
CUST-112164,28,60.7,32.4,1296,36
CUST-112165,22,62.7,89.4,2682,27
CUST-112166,14,25.9,11.6,90,38
CUST-112167,20,78.3,88.4,45,2
CUST-112168,8,20.2,8.0,27,1
CUST-112169,26,58.1,34.6,72,32
CUST-112170,5,15.9,15.0,54,35
CUST-112171,19,86.9,51.1,1073,17
CUST-112172,21,89.8,68.8,4472,13
CUST-112173,27,80.5,68.5,2466,41
CUST-112174,14,29.8,17.2,71,6
CUST-112175,1,43.4,9.0,142,31
CUST-112176,13,22.2,5.9,104,17
CUST-112177,2,39.8,6.3,24,35
CUST-112178,22,76.2,41.9,1215,12
CUST-112179,14,21.4,20.6,121,6
CUST-112180,6,40.5,13.5,136,38
CUST-112181,6,17.9,4.5,19,31
CUST-112182,11,28.8,4.8,73,30
CUST-112183,21,74.4,81.6,979,44
CUST-112184,8,11.9,12.3,7,23
CUST-112185,12,44.3,12.9,12,41
CUST-112186,26,79.3,71.5,76,28
CUST-112187,11,15.6,6.4,144,4
CUST-112188,9,20.2,6.4,32,10
CUST-112189,29,72.4,33.3,78,2
CUST-112190,13,26.4,6.5,78,20
CUST-112191,1,32.1,8.3,6,30
CUST-112192,11,41.4,5.0,53,25
CUST-112193,22,90.3,76.9,50,40
CUST-112194,13,34.7,14.7,9,14
CUST-112195,8,27.4,7.0,122,23
CUST-112196,19,76.1,90.2,20,10
CUST-112197,1,34.3,17.1,119,25
CUST-112198,28,72.7,60.1,3425,1
CUST-112199,25,84.4,83.2,63,3
CUST-112200,23,74.1,85.8,2,12
CUST-112201,10,18.2,20.9,101,20
CUST-112202,4,25.5,17.4,149,45
CUST-112203,6,10.7,21.6,150,19
CUST-112204,2,18.7,14.7,136,32
CUST-112205,11,39.5,9.4,0,32
CUST-112206,8,33.4,6.6,114,40
CUST-112207,28,94.6,31.0,40,6
CUST-112208,10,30.7,19.5,12,10
CUST-112209,7,16.4,15.7,66,0
CUST-112210,10,37.5,6.7,16,22
CUST-112211,7,42.3,18.9,128,8
CUST-112212,12,10.2,17.4,41,14
CUST-112213,5,29.7,21.4,110,38
CUST-112214,25,52.4,75.0,125,37
CUST-112215,23,63.0,89.5,3132,41
CUST-112216,4,22.0,20.8,22,5
CUST-112217,19,57.3,28.4,539,26
CUST-112218,16,80.2,103.3,4235,22
CUST-112219,13,10.9,18.1,19,24
CUST-112220,26,60.0,72.3,142,7
CUST-112221,22,88.2,108.7,8696,11
CUST-112222,15,89.7,77.1,2621,27
CUST-112223,6,42.1,18.0,147,5
CUST-112224,9,40.2,8.3,11,12
CUST-112225,25,83.0,43.5,149,26
CUST-112226,5,13.7,5.8,142,19
CUST-112227,21,68.4,84.7,1270,23
CUST-112228,9,25.7,7.3,37,20
CUST-112229,21,54.3,59.2,138,36
CUST-112230,3,18.4,20.6,59,19
CUST-112231,10,37.6,18.5,54,0
CUST-112232,2,20.2,13.6,77,36
CUST-112233,26,71.4,54.3,3420,23
CUST-112234,2,34.2,20.4,67,16
CUST-112235,13,37.4,8.3,71,31
CUST-112236,13,17.2,9.1,34,39
CUST-112237,9,43.6,6.5,52,42
CUST-112238,12,35.4,20.7,2,16
CUST-112239,6,10.3,7.4,67,16
CUST-112240,19,62.4,62.3,37,6
CUST-112241,21,62.3,65.7,139,12
CUST-112242,11,42.8,16.5,76,6
CUST-112243,23,54.1,49.4,3161,44
CUST-112244,5,44.3,19.3,114,16
CUST-112245,1,16.4,7.3,45,31
CUST-112246,5,37.2,5.4,127,16
CUST-112247,17,78.8,52.9,6,28
CUST-112248,28,64.5,77.6,85,29
CUST-112249,14,18.2,17.3,34,38
CUST-112250,4,40.4,18.3,0,26
CUST-112251,7,14.6,11.4,90,42
CUST-112252,25,93.2,102.0,1326,27
CUST-112253,29,51.0,75.8,833,8
CUST-112254,15,50.2,51.3,56,3
CUST-112255,8,15.9,18.7,75,38
CUST-112256,4,36.8,17.9,65,8
CUST-112257,18,85.6,85.0,3995,40
CUST-112258,20,57.6,76.1,89,43
CUST-112259,7,26.3,18.6,41,25
CUST-112260,1,41.2,18.8,136,3
CUST-112261,2,37.1,15.5,88,41
CUST-112262,28,52.5,72.3,26,2
CUST-112263,3,24.2,21.7,140,13
CUST-112264,18,73.9,56.8,4260,1
CUST-112265,1,20.3,19.4,91,3
CUST-112266,12,35.4,10.1,77,26
CUST-112267,11,43.7,17.7,80,43
CUST-112268,6,21.2,5.8,6,45
CUST-112269,17,74.3,54.1,143,19
CUST-112270,23,82.2,78.2,60,32
CUST-112271,15,93.6,85.0,4080,24
CUST-112272,16,58.4,35.7,785,22
CUST-112273,7,13.3,15.9,106,44
CUST-112274,7,23.7,14.2,74,38
CUST-112275,6,41.7,12.8,110,32
CUST-112276,6,12.1,10.4,17,1
CUST-112277,8,33.3,14.5,23,45
CUST-112278,25,76.3,57.8,121,25
CUST-112279,15,65.7,86.8,18,38
CUST-112280,3,40.6,11.6,90,36
CUST-112281,28,86.3,104.7,131,31
CUST-112282,2,14.0,21.2,14,34
CUST-112283,21,69.4,96.2,2886,29
CUST-112284,18,69.9,42.6,148,23
CUST-112285,3,14.2,15.3,6,33
CUST-112286,12,35.9,6.4,44,19
CUST-112287,13,16.9,18.4,50,42
CUST-112288,17,65.1,83.4,17,15
CUST-112289,12,23.4,8.3,11,22
CUST-112290,14,24.3,15.4,133,8
CUST-112291,7,42.5,5.8,94,42
CUST-112292,24,77.9,103.9,2805,28
CUST-112293,9,42.6,8.1,51,28
CUST-112294,11,15.3,20.0,129,17
CUST-112295,14,26.3,12.5,21,25
CUST-112296,12,10.1,12.2,126,10
CUST-112297,6,14.9,7.1,104,25
CUST-112298,10,44.1,14.5,22,17
CUST-112299,2,39.7,6.6,61,16
CUST-112300,3,27.4,21.5,29,9
CUST-112301,18,88.4,89.8,130,41
CUST-112302,10,41.3,7.5,11,37
CUST-112303,2,41.2,12.6,137,28
CUST-112304,26,88.6,49.5,2277,44
CUST-112305,29,79.9,64.9,1168,40
CUST-112306,9,43.6,9.6,90,1
CUST-112307,8,42.0,6.7,65,39
CUST-112308,26,70.2,88.9,21,21
CUST-112309,5,15.8,12.3,30,17
CUST-112310,29,55.4,98.7,136,0
CUST-112311,13,27.6,16.7,108,16
CUST-112312,7,40.8,7.2,33,9
CUST-112313,21,87.1,89.5,11,37
CUST-112314,11,12.4,10.5,27,11
CUST-112315,2,43.4,5.0,126,17
CUST-112316,14,32.8,12.9,50,40
CUST-112317,15,60.1,69.1,15,4
CUST-112318,21,84.0,87.7,3420,10
CUST-112319,25,62.0,90.5,146,27
CUST-112320,12,40.8,8.4,83,25
CUST-112321,20,53.3,77.0,2156,5
CUST-112322,13,22.4,5.3,49,35
CUST-112323,8,31.8,21.0,61,10
CUST-112324,8,29.4,9.8,150,30
CUST-112325,7,19.0,5.5,15,7
CUST-112326,18,63.3,101.6,4775,21
CUST-112327,1,22.8,20.0,84,31
CUST-112328,3,42.3,21.7,17,41
CUST-112329,15,77.5,51.9,26,7
CUST-112330,22,66.9,93.2,7176,37
CUST-112331,17,68.8,102.6,108,19
CUST-112332,5,21.0,8.6,86,41
CUST-112333,22,77.1,84.5,3042,11
CUST-112334,14,14.0,12.8,111,8
CUST-112335,15,68.1,108.0,2052,34
CUST-112336,13,24.1,21.5,30,1
CUST-112337,13,34.6,16.8,148,42
CUST-112338,23,54.4,86.3,73,0
CUST-112339,17,57.7,78.8,97,41
CUST-112340,11,42.5,4.2,147,14
CUST-112341,27,80.9,60.4,7,9
CUST-112342,27,80.6,64.7,70,28
CUST-112343,27,78.6,59.9,3953,18
CUST-112344,10,19.7,16.8,20,16
CUST-112345,5,34.0,18.8,33,16
CUST-112346,10,34.1,7.4,88,15
CUST-112347,5,38.8,12.2,2,27
CUST-112348,14,10.2,7.4,105,35
CUST-112349,15,62.6,67.6,67,33
CUST-112350,6,23.0,6.8,74,34
CUST-112351,6,38.3,4.8,13,3
CUST-112352,9,36.2,12.9,24,29
CUST-112353,12,34.1,17.7,4,43
CUST-112354,1,12.9,10.0,68,22
CUST-112355,19,77.1,88.9,119,20
CUST-112356,3,28.3,21.9,36,17
CUST-112357,3,33.5,21.8,129,4
CUST-112358,9,19.2,11.5,105,2
CUST-112359,9,41.2,11.6,102,43
CUST-112360,29,76.9,26.4,1082,1
CUST-112361,6,40.1,20.8,2,11
CUST-112362,13,18.1,6.3,133,38
CUST-112363,8,32.8,18.8,108,18
CUST-112364,27,75.3,89.3,5268,4
CUST-112365,13,12.7,13.7,39,32
CUST-112366,19,80.9,51.6,2425,25
CUST-112367,11,11.0,20.6,112,30
CUST-112368,12,21.5,9.5,38,13
CUST-112369,22,77.9,89.0,76,21
CUST-112370,22,69.5,38.6,52,4
CUST-112371,18,86.1,94.2,24,9
CUST-112372,14,39.8,14.8,82,32
CUST-112373,3,31.7,14.8,20,17
CUST-112374,6,15.5,14.4,123,17
CUST-112375,3,22.1,19.5,46,30
CUST-112376,24,88.7,69.5,143,28
CUST-112377,8,33.3,5.3,78,40
CUST-112378,14,16.1,15.2,17,30
CUST-112379,17,90.3,49.9,3143,32
CUST-112380,4,34.4,17.6,38,30
CUST-112381,27,71.1,88.2,119,15
CUST-112382,5,10.9,17.8,150,14
CUST-112383,13,27.1,13.2,27,17
CUST-112384,17,73.4,32.9,1875,35
CUST-112385,26,83.6,98.6,7789,36
CUST-112386,12,34.2,21.3,76,14
CUST-112387,8,37.9,13.1,112,38
CUST-112388,16,82.4,78.2,150,16
CUST-112389,11,44.0,14.1,14,24
CUST-112390,17,74.9,49.6,1884,42
CUST-112391,8,11.1,5.4,111,11
CUST-112392,14,40.9,10.2,63,45
CUST-112393,26,55.3,55.5,2664,24
CUST-112394,9,33.7,11.4,73,5
CUST-112395,3,32.1,14.8,121,11
CUST-112396,23,60.7,98.5,139,40
CUST-112397,11,28.8,7.4,3,30
CUST-112398,4,19.6,6.0,23,22
CUST-112399,6,11.5,15.3,120,33
CUST-112400,5,12.4,19.5,79,2
CUST-112401,4,40.5,17.5,1,24
CUST-112402,22,66.8,59.2,66,28
CUST-112403,15,75.9,69.2,1522,5
CUST-112404,11,24.3,8.3,95,29
CUST-112405,5,18.7,12.5,56,2
CUST-112406,19,88.1,88.9,1155,23
CUST-112407,10,15.4,18.2,131,4
CUST-112408,12,35.0,17.3,1,31
CUST-112409,25,85.9,78.5,38,22
CUST-112410,14,24.7,5.5,10,2
CUST-112411,7,27.8,10.5,69,8
CUST-112412,12,41.4,6.8,132,8
CUST-112413,21,58.5,88.7,32,15
CUST-112414,17,57.3,69.1,18,36
CUST-112415,8,26.3,11.1,109,31
CUST-112416,26,91.4,68.6,114,22
CUST-112417,10,34.3,16.9,106,16
CUST-112418,13,36.0,21.2,124,38
CUST-112419,17,53.1,89.5,125,37
CUST-112420,6,30.5,4.4,71,0
CUST-112421,19,90.6,69.4,114,19
CUST-112422,25,68.0,102.8,33,13
CUST-112423,26,57.2,35.9,101,40
CUST-112424,5,22.8,9.5,61,32
CUST-112425,18,64.9,72.1,58,33
CUST-112426,14,19.0,21.2,67,38
CUST-112427,28,95.0,34.0,70,36
CUST-112428,16,86.0,40.6,60,16
CUST-112429,10,39.1,10.1,125,41
CUST-112430,1,41.0,17.5,145,10
CUST-112431,29,73.7,80.7,6375,39
CUST-112432,27,67.2,70.3,88,17
CUST-112433,22,60.2,88.7,45,43
CUST-112434,3,33.3,13.5,71,12
CUST-112435,22,83.6,99.5,82,40
CUST-112436,10,34.7,20.6,26,9
CUST-112437,10,16.3,4.3,146,0
CUST-112438,9,13.2,19.0,25,13
CUST-112439,7,21.0,6.3,70,3
CUST-112440,8,22.8,10.0,118,33
CUST-112441,9,44.1,11.5,94,11
CUST-112442,19,71.0,95.4,132,9
CUST-112443,16,79.3,67.9,4345,42
CUST-112444,1,28.6,18.9,122,13
CUST-112445,9,20.6,8.5,80,12
CUST-112446,2,36.5,12.7,54,31
CUST-112447,11,36.3,13.7,132,9
CUST-112448,13,24.7,5.9,36,38
CUST-112449,10,10.3,8.2,8,21
CUST-112450,18,65.4,58.2,141,41
CUST-112451,2,21.6,6.5,55,6
CUST-112452,7,18.5,11.5,69,16
CUST-112453,5,44.8,10.0,128,15
CUST-112454,15,69.9,35.3,138,19
CUST-112455,10,10.3,12.9,20,19
CUST-112456,14,34.5,14.0,39,27
CUST-112457,14,15.3,17.4,92,19
CUST-112458,6,23.1,10.7,132,38
CUST-112459,3,21.6,6.3,82,8
CUST-112460,9,39.3,6.1,45,30
CUST-112461,4,18.5,13.4,66,14
CUST-112462,18,85.4,39.9,2633,20
CUST-112463,11,17.6,4.9,37,30
CUST-112464,7,44.5,5.8,42,8
CUST-112465,29,63.5,79.6,1432,9
CUST-112466,24,73.7,52.8,97,24
CUST-112467,24,58.6,94.9,1423,22
CUST-112468,9,30.1,10.1,68,17
CUST-112469,2,11.5,14.6,149,42
CUST-112470,3,10.7,16.4,129,41
CUST-112471,26,79.5,101.1,87,8
CUST-112472,6,39.6,5.6,130,31
CUST-112473,18,62.1,100.0,3600,38
CUST-112474,1,28.2,21.7,15,45
CUST-112475,11,22.8,5.2,24,21
CUST-112476,23,63.9,103.0,7519,21
CUST-112477,8,36.3,8.0,2,20
CUST-112478,9,31.9,9.1,64,42
CUST-112479,3,43.6,7.1,49,28
CUST-112480,13,19.0,6.1,124,13
CUST-112481,17,51.0,79.7,4861,25
CUST-112482,11,10.1,16.3,29,37
CUST-112483,13,29.5,4.3,66,1
CUST-112484,10,13.4,21.0,115,34
CUST-112485,26,83.5,60.3,30,32
CUST-112486,18,86.4,87.5,136,2
CUST-112487,19,57.0,87.7,6402,6
CUST-112488,15,71.1,47.2,3540,38
CUST-112489,25,64.6,78.1,140,21
CUST-112490,7,38.3,21.7,57,14
CUST-112491,5,35.3,21.4,51,2
CUST-112492,14,20.1,15.4,74,26
CUST-112493,9,17.3,19.6,99,20
CUST-112494,5,32.1,6.2,29,24
CUST-112495,2,40.6,4.4,122,4
CUST-112496,20,60.5,35.5,19,1
CUST-112497,28,94.4,43.1,2068,2
CUST-112498,21,92.2,103.1,97,6
CUST-112499,1,43.4,17.7,31,39
